operation_index	operation_name	channel	ratio_numerator	ratio_denominator	v1_multiplier	v1_right_shift	q31_multiplier	q31_right_shift	multiplier_storage	multiplier_effective_bits
1	/model.5/conv/Conv	0	2997393655481	1645789055025152	8399034111023076	62	3911105	31	little-endian-int64	31
1	/model.5/conv/Conv	1	38239043851369	32915781100503040	5357505062661118	62	2494783	31	little-endian-int64	31
1	/model.5/conv/Conv	2	81366412943003	65831562201006080	5699945989328225	62	2654244	31	little-endian-int64	31
1	/model.5/conv/Conv	3	17299344931611	8228945275125760	9694941998243379	62	4514559	31	little-endian-int64	31
1	/model.5/conv/Conv	4	54778741731201	32915781100503040	7674809738753664	62	3573862	31	little-endian-int64	31
1	/model.5/conv/Conv	5	13140151055517	8228945275125760	7364036201082347	62	3429147	31	little-endian-int64	31
1	/model.5/conv/Conv	6	2333433454637	2057236318781440	5230834367173849	62	2435797	31	little-endian-int64	31
1	/model.5/conv/Conv	7	83488766003053	65831562201006080	5848622788206463	62	2723477	31	little-endian-int64	31
1	/model.5/conv/Conv	8	49366745494663	32915781100503040	6916558634226708	62	3220774	31	little-endian-int64	31
1	/model.5/conv/Conv	9	13298422718857	8228945275125760	7452735201079910	62	3470450	31	little-endian-int64	31
1	/model.5/conv/Conv	10	16123758972593	26332624880402432	2823786620442067	62	1314928	31	little-endian-int64	31
1	/model.5/conv/Conv	11	13044748865847	16457890550251520	3655285334097920	62	1702125	31	little-endian-int64	31
1	/model.5/conv/Conv	12	106769340236233	131663124402012160	3739746233430774	62	1741455	31	little-endian-int64	31
1	/model.5/conv/Conv	13	14449771804455	6583156220100608	10122471406132454	62	4713643	31	little-endian-int64	31
1	/model.5/conv/Conv	14	80156326038667	65831562201006080	5615175999505272	62	2614770	31	little-endian-int64	31
1	/model.5/conv/Conv	15	55793111816081	65831562201006080	3908464345736647	62	1820021	31	little-endian-int64	31
1	/model.5/conv/Conv	16	5391687688575	3291578110050304	7554057627618750	62	3517632	31	little-endian-int64	31
1	/model.5/conv/Conv	17	35908562740709	32915781100503040	5030991554705033	62	2342738	31	little-endian-int64	31
1	/model.5/conv/Conv	18	74671066125697	65831562201006080	5230918120726004	62	2435836	31	little-endian-int64	31
1	/model.5/conv/Conv	19	105415767787979	65831562201006080	7384670911275768	62	3438755	31	little-endian-int64	31
1	/model.5/conv/Conv	20	104236538164769	131663124402012160	3651031280375658	62	1700144	31	little-endian-int64	31
1	/model.5/conv/Conv	21	5464772435069	3291578110050304	7656453467030119	62	3565314	31	little-endian-int64	31
1	/model.5/conv/Conv	22	11160584085991	13166312440201216	3909151466715560	62	1820341	31	little-endian-int64	31
1	/model.5/conv/Conv	23	100005170458229	131663124402012160	3502821678182916	62	1631128	31	little-endian-int64	31
1	/model.5/conv/Conv	24	96329591671833	65831562201006080	6748158728443822	62	3142356	31	little-endian-int64	31
1	/model.5/conv/Conv	25	34071180006461	32915781100503040	4773563901988571	62	2222864	31	little-endian-int64	31
1	/model.5/conv/Conv	26	47825784602249	32915781100503040	6700661348338499	62	3120239	31	little-endian-int64	31
1	/model.5/conv/Conv	27	26689360348839	26332624880402432	4674161824752736	62	2176576	31	little-endian-int64	31
1	/model.5/conv/Conv	28	85451708754703	131663124402012160	2993066223398619	62	1393755	31	little-endian-int64	31
1	/model.5/conv/Conv	29	76220989781369	65831562201006080	5339494630435251	62	2486396	31	little-endian-int64	31
1	/model.5/conv/Conv	30	104074037248349	65831562201006080	7290678914682770	62	3394987	31	little-endian-int64	31
1	/model.5/conv/Conv	31	78588362991973	65831562201006080	5505335779736964	62	2563622	31	little-endian-int64	31
1	/model.5/conv/Conv	32	18967703939881	8228945275125760	10629927911372879	62	4949946	31	little-endian-int64	31
1	/model.5/conv/Conv	33	20747178439649	13166312440201216	7266990903224017	62	3383956	31	little-endian-int64	31
1	/model.5/conv/Conv	34	133981005207273	131663124402012160	4692873052006847	62	2185289	31	little-endian-int64	31
1	/model.5/conv/Conv	35	11602541032851	13166312440201216	4063953100190237	62	1892426	31	little-endian-int64	31
1	/model.5/conv/Conv	36	10384630010317	8228945275125760	5819780229901757	62	2710046	31	little-endian-int64	31
1	/model.5/conv/Conv	37	104400844646927	65831562201006080	7313572691776180	62	3405648	31	little-endian-int64	31
1	/model.5/conv/Conv	38	51306313489867	65831562201006080	3594151508296671	62	1673657	31	little-endian-int64	31
1	/model.5/conv/Conv	39	11673576218237	13166312440201216	4088834172453171	62	1904012	31	little-endian-int64	31
1	/model.5/conv/Conv	40	44666093359823	32915781100503040	6257970838253026	62	2914095	31	little-endian-int64	31
1	/model.5/conv/Conv	41	20842905956479	16457890550251520	5840416649351344	62	2719656	31	little-endian-int64	31
1	/model.5/conv/Conv	42	121253653651901	131663124402012160	4247079672227215	62	1977701	31	little-endian-int64	31
1	/model.5/conv/Conv	43	119567564313411	65831562201006080	8376044045832290	62	3900399	31	little-endian-int64	31
1	/model.5/conv/Conv	44	89181047854289	65831562201006080	6247383135805989	62	2909164	31	little-endian-int64	31
1	/model.5/conv/Conv	45	4782154721599	8228945275125760	2680027066678674	62	1247985	31	little-endian-int64	31
1	/model.5/conv/Conv	46	77280255014329	65831562201006080	5413699138141332	62	2520950	31	little-endian-int64	31
1	/model.5/conv/Conv	47	78385114848763	131663124402012160	2745548837935224	62	1278496	31	little-endian-int64	31
1	/model.5/conv/Conv	48	114721002947311	131663124402012160	4018264397985044	62	1871150	31	little-endian-int64	31
1	/model.5/conv/Conv	49	16012497083873	6583156220100608	11217204400578222	62	5223418	31	little-endian-int64	31
1	/model.5/conv/Conv	50	92767259269833	65831562201006080	6498607328142355	62	3026150	31	little-endian-int64	31
1	/model.5/conv/Conv	51	39778557037921	65831562201006080	2786599758408788	62	1297612	31	little-endian-int64	31
1	/model.5/conv/Conv	52	46601627298243	32915781100503040	6529150026580621	62	3040372	31	little-endian-int64	31
1	/model.5/conv/Conv	53	5102813436853	3291578110050304	7149328557485986	62	3329166	31	little-endian-int64	31
1	/model.5/conv/Conv	54	24355365704851	13166312440201216	8530809215175417	62	3972468	31	little-endian-int64	31
1	/model.5/conv/Conv	55	82881006069099	65831562201006080	5806047496108455	62	2703652	31	little-endian-int64	31
1	/model.5/conv/Conv	56	18561565513337	26332624880402432	3250724625697551	62	1513737	31	little-endian-int64	31
1	/model.5/conv/Conv	57	109085799746297	65831562201006080	7641766968295939	62	3558475	31	little-endian-int64	31
1	/model.5/conv/Conv	58	14925432645091	13166312440201216	5227842599130508	62	2434404	31	little-endian-int64	31
1	/model.5/conv/Conv	59	20120029006959	13166312440201216	7047322998232622	62	3281665	31	little-endian-int64	31
1	/model.5/conv/Conv	60	97403870753227	65831562201006080	6823414998444324	62	3177400	31	little-endian-int64	31
1	/model.5/conv/Conv	61	79997029594773	65831562201006080	5604016835746585	62	2609574	31	little-endian-int64	31
1	/model.5/conv/Conv	62	12629062087157	16457890550251520	3538805223875016	62	1647885	31	little-endian-int64	31
1	/model.5/conv/Conv	63	75794794935411	131663124402012160	2654819241611921	62	1236247	31	little-endian-int64	31
1	/model.5/conv/Conv	64	119818879544511	65831562201006080	8393649384346708	62	3908598	31	little-endian-int64	31
1	/model.5/conv/Conv	65	14662796028823	13166312440201216	5135850432252255	62	2391567	31	little-endian-int64	31
1	/model.5/conv/Conv	66	111827966111579	131663124402012160	3916931715909205	62	1823963	31	little-endian-int64	31
1	/model.5/conv/Conv	67	52128577886767	65831562201006080	3651753441105983	62	1700480	31	little-endian-int64	31
1	/model.5/conv/Conv	68	125359201079311	131663124402012160	4390882242270797	62	2044664	31	little-endian-int64	31
1	/model.5/conv/Conv	69	16264072576701	13166312440201216	5696720053190081	62	2652742	31	little-endian-int64	31
1	/model.5/conv/Conv	70	112234787725159	16457890550251520	31449449718534640	62	14644791	31	little-endian-int64	31
1	/model.5/conv/Conv	71	97060618066711	65831562201006080	6799369182694728	62	3166203	31	little-endian-int64	31
1	/model.5/conv/Conv	72	72597804934091	65831562201006080	5085680345254661	62	2368204	31	little-endian-int64	31
1	/model.5/conv/Conv	73	3612815044053	3291578110050304	5061757026196994	62	2357064	31	little-endian-int64	31
1	/model.5/conv/Conv	74	35854412034927	32915781100503040	5023404736334224	62	2339205	31	little-endian-int64	31
1	/model.5/conv/Conv	75	2899958171061	3291578110050304	4063004463017859	62	1891984	31	little-endian-int64	31
1	/model.5/conv/Conv	76	2384298356103	1645789055025152	6681072133166889	62	3111117	31	little-endian-int64	31
1	/model.5/conv/Conv	77	59711514794701	32915781100503040	8365918982054305	62	3895685	31	little-endian-int64	31
1	/model.5/conv/Conv	78	20888907216903	32915781100503040	2926653359927293	62	1362829	31	little-endian-int64	31
1	/model.5/conv/Conv	79	20812715596031	16457890550251520	5831956970831535	62	2715717	31	little-endian-int64	31
1	/model.5/conv/Conv	80	24154102057317	26332624880402432	4230156896675265	62	1969820	31	little-endian-int64	31
1	/model.5/conv/Conv	81	108463741683661	65831562201006080	7598190052084392	62	3538183	31	little-endian-int64	31
1	/model.5/conv/Conv	82	2426753550483	4114472637562880	2720014544940679	62	1266605	31	little-endian-int64	31
1	/model.5/conv/Conv	83	53440264463171	65831562201006080	3743640773606027	62	1743269	31	little-endian-int64	31
1	/model.5/conv/Conv	84	32958674983767	32915781100503040	4617695692666030	62	2150282	31	little-endian-int64	31
1	/model.5/conv/Conv	85	114923340174473	131663124402012160	4025351543803194	62	1874450	31	little-endian-int64	31
1	/model.5/conv/Conv	86	46294225664759	65831562201006080	3243040664601283	62	1510158	31	little-endian-int64	31
1	/model.5/conv/Conv	87	28764362040751	32915781100503040	4030048864624622	62	1876638	31	little-endian-int64	31
1	/model.5/conv/Conv	88	69340808338109	131663124402012160	2428759288310064	62	1130979	31	little-endian-int64	31
1	/model.5/conv/Conv	89	103245835630779	65831562201006080	7232661062872956	62	3367970	31	little-endian-int64	31
1	/model.5/conv/Conv	90	70585998043009	65831562201006080	4944747616314546	62	2302578	31	little-endian-int64	31
1	/model.5/conv/Conv	91	18477533507909	32915781100503040	2588806344083544	62	1205507	31	little-endian-int64	31
1	/model.5/conv/Conv	92	89239492878583	65831562201006080	6251477374076688	62	2911071	31	little-endian-int64	31
1	/model.5/conv/Conv	93	110529487817871	131663124402012160	3871450688328235	62	1802785	31	little-endian-int64	31
1	/model.5/conv/Conv	94	53768633432117	32915781100503040	7533287886188180	62	3507961	31	little-endian-int64	31
1	/model.5/conv/Conv	95	14012011577959	26332624880402432	2453952014947347	62	1142710	31	little-endian-int64	31
1	/model.5/conv/Conv	96	47533120289113	65831562201006080	3329828716204756	62	1550572	31	little-endian-int64	31
1	/model.5/conv/Conv	97	9900591995311	8228945275125760	5548514439261728	62	2583728	31	little-endian-int64	31
1	/model.5/conv/Conv	98	480256086771	411447263756288	5382926259872650	62	2506620	31	little-endian-int64	31
1	/model.5/conv/Conv	99	47772089354491	65831562201006080	3346569171098952	62	1558368	31	little-endian-int64	31
1	/model.5/conv/Conv	100	113729828688939	65831562201006080	7967094252472509	62	3709967	31	little-endian-int64	31
1	/model.5/conv/Conv	101	24836361910911	16457890550251520	6959427918385345	62	3240736	31	little-endian-int64	31
1	/model.5/conv/Conv	102	79378110939231	65831562201006080	5560659843828455	62	2589384	31	little-endian-int64	31
1	/model.5/conv/Conv	103	19850267725887	13166312440201216	6952835317351354	62	3237666	31	little-endian-int64	31
1	/model.5/conv/Conv	104	73307018142891	65831562201006080	5135362724492762	62	2391340	31	little-endian-int64	31
1	/model.5/conv/Conv	105	36263738667639	65831562201006080	2540376849615451	62	1182955	31	little-endian-int64	31
1	/model.5/conv/Conv	106	83058960025619	65831562201006080	5818513671082418	62	2709457	31	little-endian-int64	31
1	/model.5/conv/Conv	107	37106986666359	16457890550251520	10397794970911631	62	4841851	31	little-endian-int64	31
1	/model.5/conv/Conv	108	61728575719417	8228945275125760	34594082238360877	62	16109125	31	little-endian-int64	31
1	/model.5/conv/Conv	109	78243971660397	65831562201006080	5481210198699600	62	2552387	31	little-endian-int64	31
1	/model.5/conv/Conv	110	71584362031617	65831562201006080	5014685820629171	62	2335145	31	little-endian-int64	31
1	/model.5/conv/Conv	111	123379373848057	131663124402012160	4321536010341819	62	2012372	31	little-endian-int64	31
1	/model.5/conv/Conv	112	113856299622389	65831562201006080	7975953896935267	62	3714093	31	little-endian-int64	31
1	/model.5/conv/Conv	113	79129723652571	65831562201006080	5543259616054010	62	2581281	31	little-endian-int64	31
1	/model.5/conv/Conv	114	93568426200407	65831562201006080	6554731324119744	62	3052285	31	little-endian-int64	31
1	/model.5/conv/Conv	115	101226839009461	131663124402012160	3545612336557897	62	1651054	31	little-endian-int64	31
1	/model.5/conv/Conv	116	118184679888041	131663124402012160	4139584551919274	62	1927644	31	little-endian-int64	31
1	/model.5/conv/Conv	117	93112886844617	65831562201006080	6522819511492152	62	3037425	31	little-endian-int64	31
1	/model.5/conv/Conv	118	44143504076357	32915781100503040	6184753141107042	62	2880000	31	little-endian-int64	31
1	/model.5/conv/Conv	119	7066292978317	6583156220100608	4950136901007358	62	2305087	31	little-endian-int64	31
1	/model.5/conv/Conv	120	9597566012129	6583156220100608	6723364828245377	62	3130811	31	little-endian-int64	31
1	/model.5/conv/Conv	121	38199679265009	32915781100503040	5351989862764045	62	2492214	31	little-endian-int64	31
1	/model.5/conv/Conv	122	41370724425319	32915781100503040	5796271120588425	62	2699099	31	little-endian-int64	31
1	/model.5/conv/Conv	123	109377423012521	131663124402012160	3831097998998665	62	1783994	31	little-endian-int64	31
1	/model.5/conv/Conv	124	11379789526399	8228945275125760	6377490005939876	62	2969750	31	little-endian-int64	31
1	/model.5/conv/Conv	125	96124960888193	32915781100503040	13467647533455750	62	6271362	31	little-endian-int64	31
1	/model.5/conv/Conv	126	74507182568847	65831562201006080	5219437616808026	62	2430490	31	little-endian-int64	31
1	/model.5/conv/Conv	127	5024865049317	3291578110050304	7040118483491042	62	3278311	31	little-endian-int64	31
2	/model.6/cv1/conv/Conv	0	113564269941363	82274694169886720	6365538774292821	62	2964185	31	little-endian-int64	31
2	/model.6/cv1/conv/Conv	1	238132178012889	164549388339773440	6673928399004914	62	3107790	31	little-endian-int64	31
2	/model.6/cv1/conv/Conv	2	10346973796899	2571084192808960	18559094457370495	62	8642252	31	little-endian-int64	31
2	/model.6/cv1/conv/Conv	3	14429451431367	10284336771235840	6470431774047772	62	3013030	31	little-endian-int64	31
2	/model.6/cv1/conv/Conv	4	82359435534399	41137347084943360	9232871933994394	62	4299391	31	little-endian-int64	31
2	/model.6/cv1/conv/Conv	5	44234021197323	20568673542471680	9917674889112070	62	4618277	31	little-endian-int64	31
2	/model.6/cv1/conv/Conv	6	3438124268823	2056867354247168	7708591216350064	62	3589593	31	little-endian-int64	31
2	/model.6/cv1/conv/Conv	7	139321196007831	82274694169886720	7809273777100939	62	3636476	31	little-endian-int64	31
2	/model.6/cv1/conv/Conv	8	62650365350121	20568673542471680	14046788838275350	62	6541046	31	little-endian-int64	31
2	/model.6/cv1/conv/Conv	9	100147697044173	41137347084943360	11227017952388953	62	5227988	31	little-endian-int64	31
2	/model.6/cv1/conv/Conv	10	170806964611779	82274694169886720	9574123592895361	62	4458299	31	little-endian-int64	31
2	/model.6/cv1/conv/Conv	11	13015759350465	8227469416988672	7295632760641063	62	3397294	31	little-endian-int64	31
2	/model.6/cv1/conv/Conv	12	49886586348975	32909877667954688	6990645030463179	62	3255273	31	little-endian-int64	31
2	/model.6/cv1/conv/Conv	13	209564629755039	82274694169886720	11746579950849013	62	5469928	31	little-endian-int64	31
2	/model.6/cv1/conv/Conv	14	71678904480621	41137347084943360	8035535226102616	62	3741838	31	little-endian-int64	31
2	/model.6/cv1/conv/Conv	15	59375141829369	41137347084943360	6656226782228857	62	3099547	31	little-endian-int64	31
2	/model.6/cv1/conv/Conv	16	108704608513119	82274694169886720	6093143563480522	62	2837341	31	little-endian-int64	31
2	/model.6/cv1/conv/Conv	17	11479433954877	5142168385617920	10295179212184682	62	4794066	31	little-endian-int64	31
2	/model.6/cv1/conv/Conv	18	153820106901	95668249034752	7414895155974533	62	3452830	31	little-endian-int64	31
2	/model.6/cv1/conv/Conv	19	49454794418193	41137347084943360	5544110160814360	62	2581677	31	little-endian-int64	31
2	/model.6/cv1/conv/Conv	20	72422981149869	41137347084943360	8118949646704983	62	3780681	31	little-endian-int64	31
2	/model.6/cv1/conv/Conv	21	46564738946019	41137347084943360	5220121635594595	62	2430809	31	little-endian-int64	31
2	/model.6/cv1/conv/Conv	22	134557238583	119585311293440	5189063181252593	62	2416346	31	little-endian-int64	31
2	/model.6/cv1/conv/Conv	23	189862853856291	82274694169886720	10642250054917284	62	4955684	31	little-endian-int64	31
2	/model.6/cv1/conv/Conv	24	171165783914667	82274694169886720	9594236240884712	62	4467664	31	little-endian-int64	31
2	/model.6/cv1/conv/Conv	25	34787951208567	16454938833977344	9749723764819646	62	4540069	31	little-endian-int64	31
2	/model.6/cv1/conv/Conv	26	126592191396477	82274694169886720	7095783764321717	62	3304232	31	little-endian-int64	31
2	/model.6/cv1/conv/Conv	27	32103683906121	16454938833977344	8997426955131665	62	4189753	31	little-endian-int64	31
2	/model.6/cv1/conv/Conv	28	161760115335969	164549388339773440	4533513431807613	62	2111082	31	little-endian-int64	31
2	/model.6/cv1/conv/Conv	29	60434152997949	41137347084943360	6774946810270878	62	3154830	31	little-endian-int64	31
2	/model.6/cv1/conv/Conv	30	66362501687823	41137347084943360	7439541994520394	62	3464307	31	little-endian-int64	31
2	/model.6/cv1/conv/Conv	31	93316256260497	41137347084943360	10461181986283979	62	4871367	31	little-endian-int64	31
2	/model.6/cv1/conv/Conv	32	5769943603497	2056867354247168	12936744894325405	62	6024141	31	little-endian-int64	31
2	/model.6/cv1/conv/Conv	33	220299585110649	164549388339773440	6174149456103248	62	2875062	31	little-endian-int64	31
2	/model.6/cv1/conv/Conv	34	126705595207023	82274694169886720	7102140308977496	62	3307192	31	little-endian-int64	31
2	/model.6/cv1/conv/Conv	35	158095287650133	82274694169886720	8861604834773442	62	4126506	31	little-endian-int64	31
2	/model.6/cv1/conv/Conv	36	184773080049021	164549388339773440	5178478257751559	62	2411417	31	little-endian-int64	31
2	/model.6/cv1/conv/Conv	37	42549726009555	32909877667954688	5962525248680944	62	2776517	31	little-endian-int64	31
2	/model.6/cv1/conv/Conv	38	220195410804243	82274694169886720	12342459702505638	62	5747406	31	little-endian-int64	31
2	/model.6/cv1/conv/Conv	39	40191706792161	20568673542471680	9011350775119978	62	4196237	31	little-endian-int64	31
2	/model.6/cv1/conv/Conv	40	178471948709673	82274694169886720	10003763597666887	62	4658365	31	little-endian-int64	31
2	/model.6/cv1/conv/Conv	41	4348093831839	1913364980695040	10479988780717765	62	4880125	31	little-endian-int64	31
2	/model.6/cv1/conv/Conv	42	69846460865109	41137347084943360	7830109859615960	62	3646179	31	little-endian-int64	31
2	/model.6/cv1/conv/Conv	43	107622404493813	41137347084943360	12064967073564940	62	5618188	31	little-endian-int64	31
2	/model.6/cv1/conv/Conv	44	173145840051231	82274694169886720	9705222945761893	62	4519347	31	little-endian-int64	31
2	/model.6/cv1/conv/Conv	45	73244139064983	41137347084943360	8211005229876953	62	3823547	31	little-endian-int64	31
2	/model.6/cv1/conv/Conv	46	136335094147413	82274694169886720	7641895893315015	62	3558535	31	little-endian-int64	31
2	/model.6/cv1/conv/Conv	47	27319347140697	20568673542471680	6125249203900629	62	2852291	31	little-endian-int64	31
2	/model.6/cv1/conv/Conv	48	10765606241133	10284336771235840	4827496112436395	62	2247978	31	little-endian-int64	31
2	/model.6/cv1/conv/Conv	49	105652322176239	82274694169886720	5922055887421090	62	2757672	31	little-endian-int64	31
2	/model.6/cv1/conv/Conv	50	133943521216581	41137347084943360	15015685449476263	62	6992223	31	little-endian-int64	31
2	/model.6/cv1/conv/Conv	51	164145971928753	164549388339773440	4600379809142273	62	2142219	31	little-endian-int64	31
2	/model.6/cv1/conv/Conv	52	95330163836439	82274694169886720	5343475149128023	62	2488250	31	little-endian-int64	31
2	/model.6/cv1/conv/Conv	53	145715813292339	82274694169886720	8167706797383781	62	3803385	31	little-endian-int64	31
2	/model.6/cv1/conv/Conv	54	6871767762249	2571084192808960	12325708897312051	62	5739605	31	little-endian-int64	31
2	/model.6/cv1/conv/Conv	55	34829960338701	16454938833977344	9761497307100170	62	4545551	31	little-endian-int64	31
2	/model.6/cv1/conv/Conv	56	162637305272991	82274694169886720	9116195379024308	62	4245059	31	little-endian-int64	31
2	/model.6/cv1/conv/Conv	57	84642695768259	20568673542471680	18977671838218904	62	8837167	31	little-endian-int64	31
2	/model.6/cv1/conv/Conv	58	3635963155953	2056867354247168	8152164219633298	62	3796147	31	little-endian-int64	31
2	/model.6/cv1/conv/Conv	59	212092055032293	164549388339773440	5944123978098918	62	2767948	31	little-endian-int64	31
2	/model.6/cv1/conv/Conv	60	76273470731889	41137347084943360	8550607257800698	62	3981687	31	little-endian-int64	31
2	/model.6/cv1/conv/Conv	61	156154531337649	82274694169886720	8752820975510760	62	4075850	31	little-endian-int64	31
2	/model.6/cv1/conv/Conv	62	9458142775623	5142168385617920	8482410828985163	62	3949930	31	little-endian-int64	31
2	/model.6/cv1/conv/Conv	63	30322508697477	16454938833977344	8498232100082329	62	3957298	31	little-endian-int64	31
2	/model.6/cv1/conv/Conv	64	103886569171287	82274694169886720	5823081366432670	62	2711584	31	little-endian-int64	31
2	/model.6/cv1/conv/Conv	65	4581808694739	3826729961390080	5521649896864254	62	2571219	31	little-endian-int64	31
2	/model.6/cv1/conv/Conv	66	180160531150977	164549388339773440	5049206265451600	62	2351220	31	little-endian-int64	31
2	/model.6/cv1/conv/Conv	67	184796153809371	164549388339773440	5179124926445209	62	2411718	31	little-endian-int64	31
2	/model.6/cv1/conv/Conv	68	139268706924609	164549388339773440	3903165821573817	62	1817553	31	little-endian-int64	31
2	/model.6/cv1/conv/Conv	69	10458501934023	8227469416988672	5862231106351868	62	2729814	31	little-endian-int64	31
2	/model.6/cv1/conv/Conv	70	36520537543803	10284336771235840	16376481646076053	62	7625894	31	little-endian-int64	31
2	/model.6/cv1/conv/Conv	71	228818000615553	164549388339773440	6412887856041897	62	2986234	31	little-endian-int64	31
2	/model.6/cv1/conv/Conv	72	159120477151929	82274694169886720	8919069066508035	62	4153265	31	little-endian-int64	31
2	/model.6/cv1/conv/Conv	73	6666158228085	4113734708494336	7473070306066532	62	3479920	31	little-endian-int64	31
2	/model.6/cv1/conv/Conv	74	128988111126033	82274694169886720	7230080580974144	62	3366769	31	little-endian-int64	31
2	/model.6/cv1/conv/Conv	75	172302382463211	164549388339773440	4828972603085962	62	2248666	31	little-endian-int64	31
2	/model.6/cv1/conv/Conv	76	150538258978083	164549388339773440	4219007990076023	62	1964629	31	little-endian-int64	31
2	/model.6/cv1/conv/Conv	77	128486442917133	82274694169886720	7201960922940575	62	3353674	31	little-endian-int64	31
2	/model.6/cv1/conv/Conv	78	64391615510211	41137347084943360	7218596579386132	62	3361421	31	little-endian-int64	31
2	/model.6/cv1/conv/Conv	79	40279774125213	20568673542471680	9031096282173580	62	4205432	31	little-endian-int64	31
2	/model.6/cv1/conv/Conv	80	50540035242087	20568673542471680	11331541307974501	62	5276660	31	little-endian-int64	31
2	/model.6/cv1/conv/Conv	81	142034342726457	164549388339773440	3980675948400352	62	1853647	31	little-endian-int64	31
2	/model.6/cv1/conv/Conv	82	18958696611399	5142168385617920	17002857458914010	62	7917572	31	little-endian-int64	31
2	/model.6/cv1/conv/Conv	83	238487722330437	164549388339773440	6683892937765652	62	3112430	31	little-endian-int64	31
2	/model.6/cv1/conv/Conv	84	191699822906091	164549388339773440	5372608199585383	62	2501816	31	little-endian-int64	31
2	/model.6/cv1/conv/Conv	85	3215871854613	1028433677123584	14420561674382795	62	6715097	31	little-endian-int64	31
2	/model.6/cv1/conv/Conv	86	48603923454267	65819755335909376	3405452255038548	62	1585787	31	little-endian-int64	31
2	/model.6/cv1/conv/Conv	87	5344523007831	4113734708494336	5991456371623641	62	2789989	31	little-endian-int64	31
2	/model.6/cv1/conv/Conv	88	19087939441953	16454938833977344	5349614746867222	62	2491108	31	little-endian-int64	31
2	/model.6/cv1/conv/Conv	89	188621872593183	82274694169886720	10572690198172168	62	4923293	31	little-endian-int64	31
2	/model.6/cv1/conv/Conv	90	161392036756347	82274694169886720	9046395211848520	62	4212556	31	little-endian-int64	31
2	/model.6/cv1/conv/Conv	91	193241358505629	82274694169886720	10831623018399494	62	5043868	31	little-endian-int64	31
2	/model.6/cv1/conv/Conv	92	149196229530939	164549388339773440	4181396070030886	62	1947114	31	little-endian-int64	31
2	/model.6/cv1/conv/Conv	93	92013228911493	82274694169886720	5157553310441861	62	2401673	31	little-endian-int64	31
2	/model.6/cv1/conv/Conv	94	48711342973419	41137347084943360	5460765830754273	62	2542867	31	little-endian-int64	31
2	/model.6/cv1/conv/Conv	95	81579393571599	41137347084943360	9145425638388520	62	4258671	31	little-endian-int64	31
2	/model.6/cv1/conv/Conv	96	72624601156437	20568673542471680	16283104355535384	62	7582411	31	little-endian-int64	31
2	/model.6/cv1/conv/Conv	97	64731291035157	41137347084943360	7256675769713133	62	3379153	31	little-endian-int64	31
2	/model.6/cv1/conv/Conv	98	17862320837349	16454938833977344	5006121025024528	62	2331157	31	little-endian-int64	31
2	/model.6/cv1/conv/Conv	99	228599052959277	164549388339773440	6406751595947569	62	2983376	31	little-endian-int64	31
2	/model.6/cv1/conv/Conv	100	61035321215997	20568673542471680	13684681070990139	62	6372426	31	little-endian-int64	31
2	/model.6/cv1/conv/Conv	101	135425422310337	82274694169886720	7590906692629101	62	3534791	31	little-endian-int64	31
2	/model.6/cv1/conv/Conv	102	127224531520443	82274694169886720	7131227884023495	62	3320737	31	little-endian-int64	31
2	/model.6/cv1/conv/Conv	103	197011194130503	82274694169886720	11042930983970323	62	5142265	31	little-endian-int64	31
2	/model.6/cv1/conv/Conv	104	12457106396649	10284336771235840	5585995935116113	62	2601182	31	little-endian-int64	31
2	/model.6/cv1/conv/Conv	105	31686867590121	20568673542471680	7104487507732642	62	3308285	31	little-endian-int64	31
2	/model.6/cv1/conv/Conv	106	83848809549249	82274694169886720	4699918809319408	62	2188570	31	little-endian-int64	31
2	/model.6/cv1/conv/Conv	107	150716745679113	164549388339773440	4224010285325615	62	1966958	31	little-endian-int64	31
2	/model.6/cv1/conv/Conv	108	122419651665159	82274694169886720	6861903306492013	62	3195323	31	little-endian-int64	31
2	/model.6/cv1/conv/Conv	109	122936890940721	41137347084943360	13781791517318411	62	6417647	31	little-endian-int64	31
2	/model.6/cv1/conv/Conv	110	223811292345543	82274694169886720	12545138187263911	62	5841785	31	little-endian-int64	31
2	/model.6/cv1/conv/Conv	111	129740017987503	164549388339773440	3636113345787896	62	1693197	31	little-endian-int64	31
2	/model.6/cv1/conv/Conv	112	149418333082179	82274694169886720	8375241555428562	62	3900026	31	little-endian-int64	31
2	/model.6/cv1/conv/Conv	113	227382038634339	82274694169886720	12745286737210379	62	5934987	31	little-endian-int64	31
2	/model.6/cv1/conv/Conv	114	244451143136043	164549388339773440	6851024670242380	62	3190257	31	little-endian-int64	31
2	/model.6/cv1/conv/Conv	115	87239848460661	41137347084943360	9779988694093698	62	4554162	31	little-endian-int64	31
2	/model.6/cv1/conv/Conv	116	36603960352191	20568673542471680	8206944984892047	62	3821657	31	little-endian-int64	31
2	/model.6/cv1/conv/Conv	117	145246388802741	82274694169886720	8141394474047563	62	3791132	31	little-endian-int64	31
2	/model.6/cv1/conv/Conv	118	46790504526321	41137347084943360	5245430996647242	62	2442594	31	little-endian-int64	31
2	/model.6/cv1/conv/Conv	119	1532946206169	1285542096404480	5499210493194588	62	2560769	31	little-endian-int64	31
2	/model.6/cv1/conv/Conv	120	22802040770859	16454938833977344	6390534396727645	62	2975824	31	little-endian-int64	31
2	/model.6/cv1/conv/Conv	121	24038645462649	20568673542471680	5389685676770666	62	2509768	31	little-endian-int64	31
2	/model.6/cv1/conv/Conv	122	1749422737143	1913364980695040	4216544390956020	62	1963481	31	little-endian-int64	31
2	/model.6/cv1/conv/Conv	123	168256048757859	82274694169886720	9431138886645145	62	4391716	31	little-endian-int64	31
2	/model.6/cv1/conv/Conv	124	33967597153491	20568673542471680	7615848078334780	62	3546406	31	little-endian-int64	31
2	/model.6/cv1/conv/Conv	125	41326012850967	41137347084943360	4632836319479387	62	2157333	31	little-endian-int64	31
2	/model.6/cv1/conv/Conv	126	217607160117447	82274694169886720	12197382292921648	62	5679849	31	little-endian-int64	31
2	/model.6/cv1/conv/Conv	127	147639867179589	82274694169886720	8275554447260301	62	3853605	31	little-endian-int64	31
3	/model.6/m.0/cv1/conv/Conv	0	149520222184459	100497123715317760	6861294061246118	62	3195039	31	little-endian-int64	31
3	/model.6/m.0/cv1/conv/Conv	1	144500955053889	100497123715317760	6630966235005318	62	3087784	31	little-endian-int64	31
3	/model.6/m.0/cv1/conv/Conv	2	26900897104515	10049712371531776	12344481759644296	62	5748347	31	little-endian-int64	31
3	/model.6/m.0/cv1/conv/Conv	3	62868250628897	25124280928829440	11539778322395201	62	5373628	31	little-endian-int64	31
3	/model.6/m.0/cv1/conv/Conv	4	23737154092085	10049712371531776	10892680068518190	62	5072299	31	little-endian-int64	31
3	/model.6/m.0/cv1/conv/Conv	5	142666588895859	100497123715317760	6546789489931231	62	3048586	31	little-endian-int64	31
3	/model.6/m.0/cv1/conv/Conv	6	107267118885297	50248561857658880	9844705084328959	62	4584298	31	little-endian-int64	31
3	/model.6/m.0/cv1/conv/Conv	7	29495539295831	12562140464414720	10828104220127179	62	5042229	31	little-endian-int64	31
3	/model.6/m.0/cv1/conv/Conv	8	73836826984991	25124280928829440	13553114758440563	62	6311161	31	little-endian-int64	31
3	/model.6/m.0/cv1/conv/Conv	9	77997699249911	25124280928829440	14316863440560074	62	6666809	31	little-endian-int64	31
3	/model.6/m.0/cv1/conv/Conv	10	8699660477613	3140535116103680	12774925643706351	62	5948788	31	little-endian-int64	31
3	/model.6/m.0/cv1/conv/Conv	11	140926090655833	50248561857658880	12933840450004379	62	6022789	31	little-endian-int64	31
3	/model.6/m.0/cv1/conv/Conv	12	35184982397593	12562140464414720	12916755057885218	62	6014833	31	little-endian-int64	31
3	/model.6/m.0/cv1/conv/Conv	13	121914900264647	25124280928829440	22378082882495332	62	10420607	31	little-endian-int64	31
3	/model.6/m.0/cv1/conv/Conv	14	105114378564041	50248561857658880	9647132018079542	62	4492296	31	little-endian-int64	31
3	/model.6/m.0/cv1/conv/Conv	15	21733756121231	12562140464414720	7978676843816156	62	3715361	31	little-endian-int64	31
3	/model.6/m.0/cv1/conv/Conv	16	82403172991573	50248561857658880	7562754966714900	62	3521682	31	little-endian-int64	31
3	/model.6/m.0/cv1/conv/Conv	17	19067486022949	10049712371531776	8749828397844063	62	4074456	31	little-endian-int64	31
3	/model.6/m.0/cv1/conv/Conv	18	13292135806439	5024856185765888	12199186322433938	62	5680689	31	little-endian-int64	31
3	/model.6/m.0/cv1/conv/Conv	19	57876711053357	50248561857658880	5311778273643190	62	2473490	31	little-endian-int64	31
3	/model.6/m.0/cv1/conv/Conv	20	3460988199053	1256214046441472	12705630010051428	62	5916520	31	little-endian-int64	31
3	/model.6/m.0/cv1/conv/Conv	21	95572428389501	50248561857658880	8771395945610241	62	4084500	31	little-endian-int64	31
3	/model.6/m.0/cv1/conv/Conv	22	57434074934453	25124280928829440	10542308498572747	62	4909145	31	little-endian-int64	31
3	/model.6/m.0/cv1/conv/Conv	23	77103461447271	25124280928829440	14152721669368048	62	6590375	31	little-endian-int64	31
3	/model.6/m.0/cv1/conv/Conv	24	29838278927275	10049712371531776	13692409161146666	62	6376025	31	little-endian-int64	31
3	/model.6/m.0/cv1/conv/Conv	25	18496395001021	10049712371531776	8487761944227407	62	3952422	31	little-endian-int64	31
3	/model.6/m.0/cv1/conv/Conv	26	44460400241761	12562140464414720	16321852692973189	62	7600455	31	little-endian-int64	31
3	/model.6/m.0/cv1/conv/Conv	27	101282469103571	50248561857658880	9295449051852805	62	4328531	31	little-endian-int64	31
3	/model.6/m.0/cv1/conv/Conv	28	127554800891777	50248561857658880	11706657267569886	62	5451337	31	little-endian-int64	31
3	/model.6/m.0/cv1/conv/Conv	29	27607688906217	12562140464414720	10135055669099756	62	4719503	31	little-endian-int64	31
3	/model.6/m.0/cv1/conv/Conv	30	124026580617653	50248561857658880	11382846127378425	62	5300551	31	little-endian-int64	31
3	/model.6/m.0/cv1/conv/Conv	31	115633865140339	100497123715317760	5306291955529260	62	2470935	31	little-endian-int64	31
4	/model.6/m.0/cv2/conv/Conv	0	12895969910425	5425062312148992	10962484983220216	62	5104805	31	little-endian-int64	31
4	/model.6/m.0/cv2/conv/Conv	1	96983905858063	65100747745787904	6870263985363292	62	3199216	31	little-endian-int64	31
4	/model.6/m.0/cv2/conv/Conv	2	35492922498299	4068796734111744	40228653613060303	62	18732927	31	little-endian-int64	31
4	/model.6/m.0/cv2/conv/Conv	3	116445596559719	65100747745787904	8248914922742000	62	3841200	31	little-endian-int64	31
4	/model.6/m.0/cv2/conv/Conv	4	118812215840297	65100747745787904	8416564380315064	62	3919268	31	little-endian-int64	31
4	/model.6/m.0/cv2/conv/Conv	5	30379053200881	16275186936446976	8608113408874278	62	4008465	31	little-endian-int64	31
4	/model.6/m.0/cv2/conv/Conv	6	5105319162853	1808354104049664	13019645295251305	62	6062745	31	little-endian-int64	31
4	/model.6/m.0/cv2/conv/Conv	7	111314414447453	65100747745787904	7885425997890551	62	3671938	31	little-endian-int64	31
4	/model.6/m.0/cv2/conv/Conv	8	43510378849315	21700249248595968	9246723551290427	62	4305841	31	little-endian-int64	31
4	/model.6/m.0/cv2/conv/Conv	9	9307116139657	5425062312148992	7911705876081242	62	3684175	31	little-endian-int64	31
4	/model.6/m.0/cv2/conv/Conv	10	29528793039529	8137593468223488	16734372702837989	62	7792550	31	little-endian-int64	31
4	/model.6/m.0/cv2/conv/Conv	11	2379536263531	1205569402699776	9102482272934431	62	4238674	31	little-endian-int64	31
4	/model.6/m.0/cv2/conv/Conv	12	3146922917201	2034398367055872	7133617807276784	62	3321850	31	little-endian-int64	31
4	/model.6/m.0/cv2/conv/Conv	13	101499420314635	16275186936446976	28760557981380334	62	13392678	31	little-endian-int64	31
4	/model.6/m.0/cv2/conv/Conv	14	16828819264607	8137593468223488	9537123083413553	62	4441069	31	little-endian-int64	31
4	/model.6/m.0/cv2/conv/Conv	15	91244553157247	65100747745787904	6463692732010997	62	3009891	31	little-endian-int64	31
4	/model.6/m.0/cv2/conv/Conv	16	86304700835857	32550373872893952	12227514919597278	62	5693880	31	little-endian-int64	31
4	/model.6/m.0/cv2/conv/Conv	17	65492243451635	32550373872893952	9278838535641534	62	4320796	31	little-endian-int64	31
4	/model.6/m.0/cv2/conv/Conv	18	59792443576705	32550373872893952	8471299811395481	62	3944756	31	little-endian-int64	31
4	/model.6/m.0/cv2/conv/Conv	19	27430406455067	21700249248595968	5829445573616975	62	2714547	31	little-endian-int64	31
4	/model.6/m.0/cv2/conv/Conv	20	15172914220345	7233416416198656	9673536312946790	62	4504591	31	little-endian-int64	31
4	/model.6/m.0/cv2/conv/Conv	21	154350980585501	32550373872893952	21868205320046194	62	10183177	31	little-endian-int64	31
4	/model.6/m.0/cv2/conv/Conv	22	115353594627649	65100747745787904	8171558360542624	62	3805178	31	little-endian-int64	31
4	/model.6/m.0/cv2/conv/Conv	23	5689046993833	1017199183527936	25792488732287180	62	12010564	31	little-endian-int64	31
4	/model.6/m.0/cv2/conv/Conv	24	25812237936919	16275186936446976	7314074932769862	62	3405882	31	little-endian-int64	31
4	/model.6/m.0/cv2/conv/Conv	25	90859710151301	32550373872893952	12872861509343591	62	5994393	31	little-endian-int64	31
4	/model.6/m.0/cv2/conv/Conv	26	105958957958021	65100747745787904	7506049651691705	62	3495277	31	little-endian-int64	31
4	/model.6/m.0/cv2/conv/Conv	27	16240338138479	4068796734111744	18407245488538031	62	8571542	31	little-endian-int64	31
4	/model.6/m.0/cv2/conv/Conv	28	3531360154049	1205569402699776	13508574630369048	62	6290420	31	little-endian-int64	31
4	/model.6/m.0/cv2/conv/Conv	29	7581380165863	3616708208099328	9667062671242429	62	4501577	31	little-endian-int64	31
4	/model.6/m.0/cv2/conv/Conv	30	106388532176437	65100747745787904	7536480353112859	62	3509447	31	little-endian-int64	31
4	/model.6/m.0/cv2/conv/Conv	31	24464330960377	8137593468223488	13864272463438866	62	6456055	31	little-endian-int64	31
5	/model.6/m.0/m/m.0/cv1/conv/Conv	0	22248625901227	18071085635338240	5677781571532548	62	2643923	31	little-endian-int64	31
5	/model.6/m.0/m/m.0/cv1/conv/Conv	1	98857989765913	144568685082705920	3153532239381461	62	1468478	31	little-endian-int64	31
5	/model.6/m.0/m/m.0/cv1/conv/Conv	2	8787618933689	4517771408834560	8970294356308677	62	4177119	31	little-endian-int64	31
5	/model.6/m.0/m/m.0/cv1/conv/Conv	3	86023980789731	72284342541352960	5488264477615089	62	2555672	31	little-endian-int64	31
5	/model.6/m.0/m/m.0/cv1/conv/Conv	4	134396441489083	144568685082705920	4287195320252253	62	1996381	31	little-endian-int64	31
5	/model.6/m.0/m/m.0/cv1/conv/Conv	5	99913490027511	72284342541352960	6374404591818155	62	2968313	31	little-endian-int64	31
5	/model.6/m.0/m/m.0/cv1/conv/Conv	6	4333552146223	3804439081123840	5253069221694305	62	2446151	31	little-endian-int64	31
5	/model.6/m.0/m/m.0/cv1/conv/Conv	7	107178111563391	72284342541352960	6837881914684005	62	3184137	31	little-endian-int64	31
5	/model.6/m.0/m/m.0/cv1/conv/Conv	8	38654831083833	18071085635338240	9864595168836321	62	4593560	31	little-endian-int64	31
5	/model.6/m.0/m/m.0/cv1/conv/Conv	9	10962281365871	9035542817669120	5595081637618297	62	2605413	31	little-endian-int64	31
5	/model.6/m.0/m/m.0/cv1/conv/Conv	10	96566559037499	72284342541352960	6160872942935141	62	2868880	31	little-endian-int64	31
5	/model.6/m.0/m/m.0/cv1/conv/Conv	11	9785202258789	7228434254135296	6242884538726371	62	2907070	31	little-endian-int64	31
5	/model.6/m.0/m/m.0/cv1/conv/Conv	12	27685757845367	18071085635338240	7065321084825659	62	3290047	31	little-endian-int64	31
5	/model.6/m.0/m/m.0/cv1/conv/Conv	13	20679833112787	18071085635338240	5277430429700163	62	2457495	31	little-endian-int64	31
5	/model.6/m.0/m/m.0/cv1/conv/Conv	14	25683236938217	18071085635338240	6554283848022740	62	3052076	31	little-endian-int64	31
5	/model.6/m.0/m/m.0/cv1/conv/Conv	15	114219665507877	72284342541352960	7287127695057682	62	3393333	31	little-endian-int64	31
5	/model.6/m.0/m/m.0/cv1/conv/Conv	16	8734962453927	4517771408834560	8916543263231423	62	4152089	31	little-endian-int64	31
5	/model.6/m.0/m/m.0/cv1/conv/Conv	17	133374182468899	72284342541352960	8509171293342335	62	3962392	31	little-endian-int64	31
5	/model.6/m.0/m/m.0/cv1/conv/Conv	18	78061621962703	72284342541352960	4980272046815847	62	2319120	31	little-endian-int64	31
5	/model.6/m.0/m/m.0/cv1/conv/Conv	19	120029511194243	144568685082705920	3828895713179460	62	1782969	31	little-endian-int64	31
5	/model.6/m.0/m/m.0/cv1/conv/Conv	20	58988001828131	18071085635338240	15053558417862548	62	7009859	31	little-endian-int64	31
5	/model.6/m.0/m/m.0/cv1/conv/Conv	21	20947683802973	18071085635338240	5345785110093098	62	2489325	31	little-endian-int64	31
5	/model.6/m.0/m/m.0/cv1/conv/Conv	22	98492111156617	72284342541352960	6283721702061775	62	2926086	31	little-endian-int64	31
5	/model.6/m.0/m/m.0/cv1/conv/Conv	23	123548133801803	144568685082705920	3941138434859635	62	1835236	31	little-endian-int64	31
5	/model.6/m.0/m/m.0/cv1/conv/Conv	24	39694567279357	18071085635338240	10129932679404826	62	4717117	31	little-endian-int64	31
5	/model.6/m.0/m/m.0/cv1/conv/Conv	25	13335975947321	18071085635338240	3403300446879492	62	1584785	31	little-endian-int64	31
5	/model.6/m.0/m/m.0/cv1/conv/Conv	26	67966857398721	36142171270676480	8672467507131675	62	4038432	31	little-endian-int64	31
5	/model.6/m.0/m/m.0/cv1/conv/Conv	27	8343456422177	7228434254135296	5323061672104084	62	2478744	31	little-endian-int64	31
5	/model.6/m.0/m/m.0/cv1/conv/Conv	28	93239060589969	72284342541352960	5948581075466968	62	2770024	31	little-endian-int64	31
5	/model.6/m.0/m/m.0/cv1/conv/Conv	29	17039164448125	14456868508270592	5435428592723858	62	2531069	31	little-endian-int64	31
5	/model.6/m.0/m/m.0/cv1/conv/Conv	30	114111358933171	144568685082705920	3640108909026843	62	1695058	31	little-endian-int64	31
5	/model.6/m.0/m/m.0/cv1/conv/Conv	31	19204984467833	14456868508270592	6126316933971719	62	2852789	31	little-endian-int64	31
6	/model.6/m.0/m/m.0/cv2/conv/Conv	0	40902449542045	17035927650041856	11072438117099963	62	5156006	31	little-endian-int64	31
6	/model.6/m.0/m/m.0/cv2/conv/Conv	1	16696819644505	8517963825020928	9039776557935578	62	4209474	31	little-endian-int64	31
6	/model.6/m.0/m/m.0/cv2/conv/Conv	2	11679776447885	8517963825020928	6323513793853946	62	2944616	31	little-endian-int64	31
6	/model.6/m.0/m/m.0/cv2/conv/Conv	3	112379232922775	25553891475062784	20280971206961070	62	9444063	31	little-endian-int64	31
6	/model.6/m.0/m/m.0/cv2/conv/Conv	4	39144090470485	34071855300083712	5298222040945005	62	2467177	31	little-endian-int64	31
6	/model.6/m.0/m/m.0/cv2/conv/Conv	5	2512469822135	2129490956255232	5441075913671074	62	2533698	31	little-endian-int64	31
6	/model.6/m.0/m/m.0/cv2/conv/Conv	6	21002494545305	17035927650041856	5685449741061948	62	2647494	31	little-endian-int64	31
6	/model.6/m.0/m/m.0/cv2/conv/Conv	7	25657958622205	6388472868765696	18521867662290450	62	8624917	31	little-endian-int64	31
6	/model.6/m.0/m/m.0/cv2/conv/Conv	8	31122581853545	12776945737531392	11233324343685136	62	5230924	31	little-endian-int64	31
6	/model.6/m.0/m/m.0/cv2/conv/Conv	9	7409049191635	4258981912510464	8022623544499479	62	3735825	31	little-endian-int64	31
6	/model.6/m.0/m/m.0/cv2/conv/Conv	10	1749063154475	1439655857750016	5602818237023056	62	2609016	31	little-endian-int64	31
6	/model.6/m.0/m/m.0/cv2/conv/Conv	11	458017418495	359913964437504	5868715120211370	62	2732833	31	little-endian-int64	31
6	/model.6/m.0/m/m.0/cv2/conv/Conv	12	124748963438645	102215565900251136	5628331119985465	62	2620896	31	little-endian-int64	31
6	/model.6/m.0/m/m.0/cv2/conv/Conv	13	2188856197255	1064745478127616	9480498136493763	62	4414701	31	little-endian-int64	31
6	/model.6/m.0/m/m.0/cv2/conv/Conv	14	60952249405775	51107782950125568	5499996676643572	62	2561136	31	little-endian-int64	31
6	/model.6/m.0/m/m.0/cv2/conv/Conv	15	14384458315045	8517963825020928	7787847736484326	62	3626499	31	little-endian-int64	31
6	/model.6/m.0/m/m.0/cv2/conv/Conv	16	124722006060925	102215565900251136	5627114877030394	62	2620330	31	little-endian-int64	31
6	/model.6/m.0/m/m.0/cv2/conv/Conv	17	110180971352725	51107782950125568	9942126536382303	62	4629663	31	little-endian-int64	31
6	/model.6/m.0/m/m.0/cv2/conv/Conv	18	11181690421265	11357285100027904	4540384865217882	62	2114281	31	little-endian-int64	31
6	/model.6/m.0/m/m.0/cv2/conv/Conv	19	35385037385425	25553891475062784	6385903388966864	62	2973668	31	little-endian-int64	31
6	/model.6/m.0/m/m.0/cv2/conv/Conv	20	9851006081735	5678642550013952	8000106823851564	62	3725340	31	little-endian-int64	31
6	/model.6/m.0/m/m.0/cv2/conv/Conv	21	88176245598805	51107782950125568	7956540775448164	62	3705053	31	little-endian-int64	31
6	/model.6/m.0/m/m.0/cv2/conv/Conv	22	27792720243925	17035927650041856	7523587913491628	62	3503444	31	little-endian-int64	31
6	/model.6/m.0/m/m.0/cv2/conv/Conv	23	90386797481435	51107782950125568	8156008852943943	62	3797938	31	little-endian-int64	31
6	/model.6/m.0/m/m.0/cv2/conv/Conv	24	91167998520235	51107782950125568	8226500149968715	62	3830763	31	little-endian-int64	31
6	/model.6/m.0/m/m.0/cv2/conv/Conv	25	70014165819325	51107782950125568	6317694311176230	62	2941906	31	little-endian-int64	31
6	/model.6/m.0/m/m.0/cv2/conv/Conv	26	122783967623135	25553891475062784	22158703590301662	62	10318450	31	little-endian-int64	31
6	/model.6/m.0/m/m.0/cv2/conv/Conv	27	8620286078495	5678642550013952	7000626018086307	62	3259921	31	little-endian-int64	31
6	/model.6/m.0/m/m.0/cv2/conv/Conv	28	1499879412395	1064745478127616	6496362799899177	62	3025105	31	little-endian-int64	31
6	/model.6/m.0/m/m.0/cv2/conv/Conv	29	13822809793975	8517963825020928	7483767244350683	62	3484901	31	little-endian-int64	31
6	/model.6/m.0/m/m.0/cv2/conv/Conv	30	99945627181855	51107782950125568	9018545217023243	62	4199587	31	little-endian-int64	31
6	/model.6/m.0/m/m.0/cv2/conv/Conv	31	1693725474805	1419660637503488	5501969896797478	62	2562054	31	little-endian-int64	31
8	/model.6/m.0/m/m.1/cv1/conv/Conv	0	162346658614791	122179828022509568	6127785803842367	62	2853473	31	little-endian-int64	31
8	/model.6/m.0/m/m.1/cv1/conv/Conv	1	54121735967201	30544957005627392	8171314597266460	62	3805065	31	little-endian-int64	31
8	/model.6/m.0/m/m.1/cv1/conv/Conv	2	11140225393815	7636239251406848	6727817188457179	62	3132884	31	little-endian-int64	31
8	/model.6/m.0/m/m.1/cv1/conv/Conv	3	126969492229083	122179828022509568	4792472223580233	62	2231669	31	little-endian-int64	31
8	/model.6/m.0/m/m.1/cv1/conv/Conv	4	220839495026745	122179828022509568	8335601940311897	62	3881567	31	little-endian-int64	31
8	/model.6/m.0/m/m.1/cv1/conv/Conv	5	219151036446559	122179828022509568	8271870954985064	62	3851890	31	little-endian-int64	31
8	/model.6/m.0/m/m.1/cv1/conv/Conv	6	108278606957395	122179828022509568	4086983472494468	62	1903150	31	little-endian-int64	31
8	/model.6/m.0/m/m.1/cv1/conv/Conv	7	134300833249597	122179828022509568	5069194195020549	62	2360527	31	little-endian-int64	31
8	/model.6/m.0/m/m.1/cv1/conv/Conv	8	179896874154669	122179828022509568	6790219897387918	62	3161943	31	little-endian-int64	31
8	/model.6/m.0/m/m.1/cv1/conv/Conv	9	51496984031521	61089914011254784	3887514413681950	62	1810265	31	little-endian-int64	31
8	/model.6/m.0/m/m.1/cv1/conv/Conv	10	153086080358701	122179828022509568	5778244640154569	62	2690705	31	little-endian-int64	31
8	/model.6/m.0/m/m.1/cv1/conv/Conv	11	211526304754457	122179828022509568	7984074932451386	62	3717875	31	little-endian-int64	31
8	/model.6/m.0/m/m.1/cv1/conv/Conv	12	168866565818517	122179828022509568	6373880150016497	62	2968069	31	little-endian-int64	31
8	/model.6/m.0/m/m.1/cv1/conv/Conv	13	152459665929739	61089914011254784	11509201168833765	62	5359389	31	little-endian-int64	31
8	/model.6/m.0/m/m.1/cv1/conv/Conv	14	8681302968163	3818119625703424	10485644098339018	62	4882759	31	little-endian-int64	31
8	/model.6/m.0/m/m.1/cv1/conv/Conv	15	195475629157459	122179828022509568	7378241077264159	62	3435761	31	little-endian-int64	31
8	/model.6/m.0/m/m.1/cv1/conv/Conv	16	157448894898309	61089914011254784	11885838750494924	62	5534775	31	little-endian-int64	31
8	/model.6/m.0/m/m.1/cv1/conv/Conv	17	147731046085343	61089914011254784	11152237005832295	62	5193165	31	little-endian-int64	31
8	/model.6/m.0/m/m.1/cv1/conv/Conv	18	159383396120683	122179828022509568	6015937257038958	62	2801389	31	little-endian-int64	31
8	/model.6/m.0/m/m.1/cv1/conv/Conv	19	207030163734415	122179828022509568	7814367780177563	62	3638849	31	little-endian-int64	31
8	/model.6/m.0/m/m.1/cv1/conv/Conv	20	33690782763281	30544957005627392	5086643657434937	62	2368653	31	little-endian-int64	31
8	/model.6/m.0/m/m.1/cv1/conv/Conv	21	62434434526485	30544957005627392	9426368114421152	62	4389495	31	little-endian-int64	31
8	/model.6/m.0/m/m.1/cv1/conv/Conv	22	40979176335951	30544957005627392	6187047325696309	62	2881068	31	little-endian-int64	31
8	/model.6/m.0/m/m.1/cv1/conv/Conv	23	207843240806341	61089914011254784	15690114860444077	62	7306279	31	little-endian-int64	31
8	/model.6/m.0/m/m.1/cv1/conv/Conv	24	61892633811239	61089914011254784	4672283446631658	62	2175702	31	little-endian-int64	31
8	/model.6/m.0/m/m.1/cv1/conv/Conv	25	224073504693675	122179828022509568	8457669857789178	62	3938409	31	little-endian-int64	31
8	/model.6/m.0/m/m.1/cv1/conv/Conv	26	69612702153127	61089914011254784	5255072468515526	62	2447084	31	little-endian-int64	31
8	/model.6/m.0/m/m.1/cv1/conv/Conv	27	46634954151345	61089914011254784	3520479108714047	62	1639351	31	little-endian-int64	31
8	/model.6/m.0/m/m.1/cv1/conv/Conv	28	62473064948119	61089914011254784	4716100273057641	62	2196105	31	little-endian-int64	31
8	/model.6/m.0/m/m.1/cv1/conv/Conv	29	5601285803911	3818119625703424	6765469382681580	62	3150417	31	little-endian-int64	31
8	/model.6/m.0/m/m.1/cv1/conv/Conv	30	147996027939291	61089914011254784	11172240522464579	62	5202480	31	little-endian-int64	31
8	/model.6/m.0/m/m.1/cv1/conv/Conv	31	77765392224821	61089914011254784	5870520164337725	62	2733674	31	little-endian-int64	31
9	/model.6/m.0/m/m.1/cv2/conv/Conv	0	75459385727333	44118556899540992	7887723864365140	62	3673008	31	little-endian-int64	31
9	/model.6/m.0/m/m.1/cv2/conv/Conv	1	122609356555955	88237113799081984	6408140871934989	62	2984023	31	little-endian-int64	31
9	/model.6/m.0/m/m.1/cv2/conv/Conv	2	199537519378379	88237113799081984	10428767993979062	62	4856274	31	little-endian-int64	31
9	/model.6/m.0/m/m.1/cv2/conv/Conv	3	152784944375251	44118556899540992	15970517653284390	62	7436852	31	little-endian-int64	31
9	/model.6/m.0/m/m.1/cv2/conv/Conv	4	3806534407087	2757409806221312	6366315759166109	62	2964547	31	little-endian-int64	31
9	/model.6/m.0/m/m.1/cv2/conv/Conv	5	96204152113415	88237113799081984	5028080862054596	62	2341383	31	little-endian-int64	31
9	/model.6/m.0/m/m.1/cv2/conv/Conv	6	97499636233193	44118556899540992	10191577894132129	62	4745823	31	little-endian-int64	31
9	/model.6/m.0/m/m.1/cv2/conv/Conv	7	15362259463081	11029639224885248	6423230690764644	62	2991050	31	little-endian-int64	31
9	/model.6/m.0/m/m.1/cv2/conv/Conv	8	138650520350915	88237113799081984	7246527437490245	62	3374427	31	little-endian-int64	31
9	/model.6/m.0/m/m.1/cv2/conv/Conv	9	187670758515231	176474227598163968	4904277666442428	62	2283732	31	little-endian-int64	31
9	/model.6/m.0/m/m.1/cv2/conv/Conv	10	55236887840513	44118556899540992	5773878414372748	62	2688672	31	little-endian-int64	31
9	/model.6/m.0/m/m.1/cv2/conv/Conv	11	10956249582407	11029639224885248	4581000519000471	62	2133195	31	little-endian-int64	31
9	/model.6/m.0/m/m.1/cv2/conv/Conv	12	146911009820379	88237113799081984	7678259416829875	62	3575468	31	little-endian-int64	31
9	/model.6/m.0/m/m.1/cv2/conv/Conv	13	135241675225695	88237113799081984	7068365179840279	62	3291464	31	little-endian-int64	31
9	/model.6/m.0/m/m.1/cv2/conv/Conv	14	60555435248313	44118556899540992	6329822952058877	62	2947554	31	little-endian-int64	31
9	/model.6/m.0/m/m.1/cv2/conv/Conv	15	144666208308059	88237113799081984	7560935545923543	62	3520835	31	little-endian-int64	31
9	/model.6/m.0/m/m.1/cv2/conv/Conv	16	41847703262467	22059278449770496	8748630127601707	62	4073898	31	little-endian-int64	31
9	/model.6/m.0/m/m.1/cv2/conv/Conv	17	22063936627395	11029639224885248	9225319702792371	62	4295874	31	little-endian-int64	31
9	/model.6/m.0/m/m.1/cv2/conv/Conv	18	12025073589325	11029639224885248	5027894622095176	62	2341296	31	little-endian-int64	31
9	/model.6/m.0/m/m.1/cv2/conv/Conv	19	143893132428673	88237113799081984	7520530969315724	62	3502020	31	little-endian-int64	31
9	/model.6/m.0/m/m.1/cv2/conv/Conv	20	186862915042701	176474227598163968	4883166819277665	62	2273902	31	little-endian-int64	31
9	/model.6/m.0/m/m.1/cv2/conv/Conv	21	120716395260749	88237113799081984	6309205823374770	62	2937953	31	little-endian-int64	31
9	/model.6/m.0/m/m.1/cv2/conv/Conv	22	136461699135273	88237113799081984	7132129359828751	62	3321157	31	little-endian-int64	31
9	/model.6/m.0/m/m.1/cv2/conv/Conv	23	62993135416485	44118556899540992	6584634273478002	62	3066209	31	little-endian-int64	31
9	/model.6/m.0/m/m.1/cv2/conv/Conv	24	136855433743161	88237113799081984	7152707779815410	62	3330739	31	little-endian-int64	31
9	/model.6/m.0/m/m.1/cv2/conv/Conv	25	193892089519283	176474227598163968	5066855656429301	62	2359439	31	little-endian-int64	31
9	/model.6/m.0/m/m.1/cv2/conv/Conv	26	24595319249119	11029639224885248	10283735268875050	62	4788737	31	little-endian-int64	31
9	/model.6/m.0/m/m.1/cv2/conv/Conv	27	74019549020265	44118556899540992	7737218605865329	62	3602923	31	little-endian-int64	31
9	/model.6/m.0/m/m.1/cv2/conv/Conv	28	8343984794639	5514819612442624	6977533395396754	62	3249167	31	little-endian-int64	31
9	/model.6/m.0/m/m.1/cv2/conv/Conv	29	39173002137815	44118556899540992	4094730176015053	62	1906757	31	little-endian-int64	31
9	/model.6/m.0/m/m.1/cv2/conv/Conv	30	152416139584955	88237113799081984	7965983356018689	62	3709450	31	little-endian-int64	31
9	/model.6/m.0/m/m.1/cv2/conv/Conv	31	205465142475397	176474227598163968	5369286709589983	62	2500269	31	little-endian-int64	31
12	/model.6/m.0/cv3/conv/Conv	0	49799484719105	27374970493468672	8389400363327471	62	3906619	31	little-endian-int64	31
12	/model.6/m.0/cv3/conv/Conv	1	57265647151075	13687485246734336	19294353896441104	62	8984634	31	little-endian-int64	31
12	/model.6/m.0/cv3/conv/Conv	2	20730697373815	13687485246734336	6984735728126670	62	3252521	31	little-endian-int64	31
12	/model.6/m.0/cv3/conv/Conv	3	65866679201675	27374970493468672	11096137752078277	62	5167042	31	little-endian-int64	31
12	/model.6/m.0/cv3/conv/Conv	4	5271095736445	3421871311683584	7103902015998260	62	3308012	31	little-endian-int64	31
12	/model.6/m.0/cv3/conv/Conv	5	57996916259205	27374970493468672	9770369173120871	62	4549683	31	little-endian-int64	31
12	/model.6/m.0/cv3/conv/Conv	6	54595874905165	27374970493468672	9197417510423672	62	4282881	31	little-endian-int64	31
12	/model.6/m.0/cv3/conv/Conv	7	44594310399375	27374970493468672	7512517970358195	62	3498289	31	little-endian-int64	31
12	/model.6/m.0/cv3/conv/Conv	8	34624363416005	13687485246734336	11665889663744908	62	5432353	31	little-endian-int64	31
12	/model.6/m.0/cv3/conv/Conv	9	28661554860015	13687485246734336	9656857299324343	62	4496825	31	little-endian-int64	31
12	/model.6/m.0/cv3/conv/Conv	10	19378089792875	13687485246734336	6529005449189701	62	3040305	31	little-endian-int64	31
12	/model.6/m.0/cv3/conv/Conv	11	61472316386745	27374970493468672	10355847582328323	62	4822317	31	little-endian-int64	31
12	/model.6/m.0/cv3/conv/Conv	12	10928165085695	6843742623367168	7363992029842024	62	3429126	31	little-endian-int64	31
12	/model.6/m.0/cv3/conv/Conv	13	31523207127115	13687485246734336	10621025772341310	62	4945801	31	little-endian-int64	31
12	/model.6/m.0/cv3/conv/Conv	14	44058359868435	13687485246734336	14844459631368811	62	6912490	31	little-endian-int64	31
12	/model.6/m.0/cv3/conv/Conv	15	7106553947295	3421871311683584	9577565166182617	62	4459901	31	little-endian-int64	31
12	/model.6/m.0/cv3/conv/Conv	16	9112160505415	3421871311683584	12280538738265197	62	5718571	31	little-endian-int64	31
12	/model.6/m.0/cv3/conv/Conv	17	52158944478795	27374970493468672	8786883443259941	62	4091711	31	little-endian-int64	31
12	/model.6/m.0/cv3/conv/Conv	18	48090995188555	27374970493468672	8101582070243033	62	3772593	31	little-endian-int64	31
12	/model.6/m.0/cv3/conv/Conv	19	63309021074145	27374970493468672	10665265462025528	62	4966401	31	little-endian-int64	31
12	/model.6/m.0/cv3/conv/Conv	20	46467498165935	27374970493468672	7828081920828755	62	3645235	31	little-endian-int64	31
12	/model.6/m.0/cv3/conv/Conv	21	53327150897845	27374970493468672	8983683699561784	62	4183354	31	little-endian-int64	31
12	/model.6/m.0/cv3/conv/Conv	22	39828609325615	27374970493468672	6709670821532700	62	3124434	31	little-endian-int64	31
12	/model.6/m.0/cv3/conv/Conv	23	67791780567445	27374970493468672	11420447254245417	62	5318060	31	little-endian-int64	31
12	/model.6/m.0/cv3/conv/Conv	24	66126324565235	54749940986937344	5569939272085133	62	2593705	31	little-endian-int64	31
12	/model.6/m.0/cv3/conv/Conv	25	62977131649025	27374970493468672	10609354175404964	62	4940366	31	little-endian-int64	31
12	/model.6/m.0/cv3/conv/Conv	26	45869369946125	27374970493468672	7727319088986333	62	3598313	31	little-endian-int64	31
12	/model.6/m.0/cv3/conv/Conv	27	66374321820345	54749940986937344	5590828527002723	62	2603432	31	little-endian-int64	31
12	/model.6/m.0/cv3/conv/Conv	28	68997802506105	13687485246734336	23247236098065295	62	10825338	31	little-endian-int64	31
12	/model.6/m.0/cv3/conv/Conv	29	47748944830455	27374970493468672	8043959036295866	62	3745760	31	little-endian-int64	31
12	/model.6/m.0/cv3/conv/Conv	30	47193789964255	13687485246734336	15900871300422440	62	7404420	31	little-endian-int64	31
12	/model.6/m.0/cv3/conv/Conv	31	38927011346025	13687485246734336	13115568764281140	62	6107413	31	little-endian-int64	31
12	/model.6/m.0/cv3/conv/Conv	32	59781483841255	27374970493468672	10071003848473025	62	4689677	31	little-endian-int64	31
12	/model.6/m.0/cv3/conv/Conv	33	24172648947865	13687485246734336	8144422819218708	62	3792542	31	little-endian-int64	31
12	/model.6/m.0/cv3/conv/Conv	34	38989335173525	27374970493468672	6568283678348586	62	3058595	31	little-endian-int64	31
12	/model.6/m.0/cv3/conv/Conv	35	4888195333065	3421871311683584	6587863779642446	62	3067713	31	little-endian-int64	31
12	/model.6/m.0/cv3/conv/Conv	36	1618343486815	855467827920896	8724222919401107	62	4062533	31	little-endian-int64	31
12	/model.6/m.0/cv3/conv/Conv	37	62558539034365	13687485246734336	21077673115071131	62	9815056	31	little-endian-int64	31
12	/model.6/m.0/cv3/conv/Conv	38	51829995019055	27374970493468672	8731467433784638	62	4065906	31	little-endian-int64	31
12	/model.6/m.0/cv3/conv/Conv	39	67987975976415	27374970493468672	11453499038708252	62	5333451	31	little-endian-int64	31
12	/model.6/m.0/cv3/conv/Conv	40	47361453954815	27374970493468672	7978680929278964	62	3715363	31	little-endian-int64	31
12	/model.6/m.0/cv3/conv/Conv	41	70784940408765	27374970493468672	11924685729842208	62	5552865	31	little-endian-int64	31
12	/model.6/m.0/cv3/conv/Conv	42	70080371687975	27374970493468672	11805991548255282	62	5497593	31	little-endian-int64	31
12	/model.6/m.0/cv3/conv/Conv	43	68769233092395	27374970493468672	11585112423256793	62	5394738	31	little-endian-int64	31
12	/model.6/m.0/cv3/conv/Conv	44	66971401280575	27374970493468672	11282243208035816	62	5253704	31	little-endian-int64	31
12	/model.6/m.0/cv3/conv/Conv	45	46901065691975	13687485246734336	15802244532291304	62	7358494	31	little-endian-int64	31
12	/model.6/m.0/cv3/conv/Conv	46	22802255436015	13687485246734336	7682699976459839	62	3577536	31	little-endian-int64	31
12	/model.6/m.0/cv3/conv/Conv	47	11553320355665	6843742623367168	7785255653640954	62	3625292	31	little-endian-int64	31
12	/model.6/m.0/cv3/conv/Conv	48	24270346920215	13687485246734336	8177339923054323	62	3807871	31	little-endian-int64	31
12	/model.6/m.0/cv3/conv/Conv	49	4641057716955	1710935655841792	12509588487981703	62	5825231	31	little-endian-int64	31
12	/model.6/m.0/cv3/conv/Conv	50	70640778948465	27374970493468672	11900399771578976	62	5541555	31	little-endian-int64	31
12	/model.6/m.0/cv3/conv/Conv	51	41062552338995	13687485246734336	13835090602042244	62	6442466	31	little-endian-int64	31
12	/model.6/m.0/cv3/conv/Conv	52	4711384783545	1710935655841792	12699149298525770	62	5913502	31	little-endian-int64	31
12	/model.6/m.0/cv3/conv/Conv	53	57735156183705	27374970493468672	9726272129047203	62	4529148	31	little-endian-int64	31
12	/model.6/m.0/cv3/conv/Conv	54	61644596638735	27374970493468672	10384870533404854	62	4835832	31	little-endian-int64	31
12	/model.6/m.0/cv3/conv/Conv	55	30383368795065	13687485246734336	10236983239733888	62	4766967	31	little-endian-int64	31
12	/model.6/m.0/cv3/conv/Conv	56	32657199913965	13687485246734336	11003098781797987	62	5123717	31	little-endian-int64	31
12	/model.6/m.0/cv3/conv/Conv	57	57762363758055	27374970493468672	9730855614909047	62	4531283	31	little-endian-int64	31
12	/model.6/m.0/cv3/conv/Conv	58	20429780741865	6843742623367168	13766697462453833	62	6410618	31	little-endian-int64	31
12	/model.6/m.0/cv3/conv/Conv	59	7144979810595	3421871311683584	9629352039616915	62	4484016	31	little-endian-int64	31
12	/model.6/m.0/cv3/conv/Conv	60	51924340399305	27374970493468672	8747361195975394	62	4073307	31	little-endian-int64	31
12	/model.6/m.0/cv3/conv/Conv	61	10495972982055	6843742623367168	7072757482998316	62	3293509	31	little-endian-int64	31
12	/model.6/m.0/cv3/conv/Conv	62	52034021739315	13687485246734336	17531677018245430	62	8163823	31	little-endian-int64	31
12	/model.6/m.0/cv3/conv/Conv	63	17933990833165	6843742623367168	12084898473171992	62	5627469	31	little-endian-int64	31
14	/model.6/cv2/conv/Conv	0	106320965606115	35237999050489856	13914493551375575	62	6479441	31	little-endian-int64	31
14	/model.6/cv2/conv/Conv	1	6134672369085	2202374940655616	12845761305166426	62	5981774	31	little-endian-int64	31
14	/model.6/cv2/conv/Conv	2	77453973289225	70475998100979712	5068298645132659	62	2360110	31	little-endian-int64	31
14	/model.6/cv2/conv/Conv	3	35748951549675	17618999525244928	9357111327397149	62	4357245	31	little-endian-int64	31
14	/model.6/cv2/conv/Conv	4	171846637895725	70475998100979712	11245001967364152	62	5236362	31	little-endian-int64	31
14	/model.6/cv2/conv/Conv	5	106135866177055	70475998100979712	6945134560578868	62	3234080	31	little-endian-int64	31
14	/model.6/cv2/conv/Conv	6	49940389055375	35237999050489856	6535824966437628	62	3043481	31	little-endian-int64	31
14	/model.6/cv2/conv/Conv	7	109891833497485	70475998100979712	7190911029788694	62	3348529	31	little-endian-int64	31
14	/model.6/cv2/conv/Conv	8	13666243142825	8809499762622464	7154143155051716	62	3331408	31	little-endian-int64	31
14	/model.6/cv2/conv/Conv	9	890649197295	409744175005696	10024290035195325	62	4667924	31	little-endian-int64	31
14	/model.6/cv2/conv/Conv	10	121881672734965	35237999050489856	15950962631249829	62	7427746	31	little-endian-int64	31
14	/model.6/cv2/conv/Conv	11	102018404250685	70475998100979712	6675703234894902	62	3108617	31	little-endian-int64	31
14	/model.6/cv2/conv/Conv	12	61979318625055	35237999050489856	8111390113986876	62	3777160	31	little-endian-int64	31
14	/model.6/cv2/conv/Conv	13	77349914160675	35237999050489856	10122978809047465	62	4713879	31	little-endian-int64	31
14	/model.6/cv2/conv/Conv	14	137539694228235	70475998100979712	9000083744004641	62	4190991	31	little-endian-int64	31
14	/model.6/cv2/conv/Conv	15	21228608818235	17618999525244928	5556483405169838	62	2587439	31	little-endian-int64	31
14	/model.6/cv2/conv/Conv	16	89904189087505	35237999050489856	11765988506295034	62	5478965	31	little-endian-int64	31
14	/model.6/cv2/conv/Conv	17	56997825599585	17618999525244928	14918899056767795	62	6947154	31	little-endian-int64	31
14	/model.6/cv2/conv/Conv	18	127142650634935	70475998100979712	8319740054462270	62	3874181	31	little-endian-int64	31
14	/model.6/cv2/conv/Conv	19	85189413324925	35237999050489856	11148953883155493	62	5191636	31	little-endian-int64	31
14	/model.6/cv2/conv/Conv	20	65402502996025	17618999525244928	17118781813051384	62	7971554	31	little-endian-int64	31
14	/model.6/cv2/conv/Conv	21	48854935806625	17618999525244928	12787537911432462	62	5954661	31	little-endian-int64	31
14	/model.6/cv2/conv/Conv	22	73098712018345	35237999050489856	9566613237517680	62	4454801	31	little-endian-int64	31
14	/model.6/cv2/conv/Conv	23	162184856097355	70475998100979712	10612771062754661	62	4941957	31	little-endian-int64	31
14	/model.6/cv2/conv/Conv	24	30507444773065	17618999525244928	7985172842323109	62	3718386	31	little-endian-int64	31
14	/model.6/cv2/conv/Conv	25	133024600611045	70475998100979712	8704632886019610	62	4053411	31	little-endian-int64	31
14	/model.6/cv2/conv/Conv	26	71229051025795	35237999050489856	9321925976865119	62	4340860	31	little-endian-int64	31
14	/model.6/cv2/conv/Conv	27	36648459695575	35237999050489856	4796276568735346	62	2233440	31	little-endian-int64	31
14	/model.6/cv2/conv/Conv	28	14849547036935	8809499762622464	7773591043247503	62	3619860	31	little-endian-int64	31
14	/model.6/cv2/conv/Conv	29	139106789639675	70475998100979712	9102628613083680	62	4238742	31	little-endian-int64	31
14	/model.6/cv2/conv/Conv	30	21808967926265	17618999525244928	5708389532435128	62	2658176	31	little-endian-int64	31
14	/model.6/cv2/conv/Conv	31	34146152203345	17618999525244928	8937586522641706	62	4161888	31	little-endian-int64	31
14	/model.6/cv2/conv/Conv	32	15014494678365	4404749881311232	15719879005106161	62	7320139	31	little-endian-int64	31
14	/model.6/cv2/conv/Conv	33	49738933057645	35237999050489856	6509459910728063	62	3031203	31	little-endian-int64	31
14	/model.6/cv2/conv/Conv	34	156103739630605	140951996201959424	5107422760066472	62	2378329	31	little-endian-int64	31
14	/model.6/cv2/conv/Conv	35	79534124550725	70475998100979712	5204415972270453	62	2423495	31	little-endian-int64	31
14	/model.6/cv2/conv/Conv	36	75821554734055	35237999050489856	9922958547148481	62	4620738	31	little-endian-int64	31
14	/model.6/cv2/conv/Conv	37	73632002160795	35237999050489856	9636406266633152	62	4487301	31	little-endian-int64	31
14	/model.6/cv2/conv/Conv	38	6432576431255	4404749881311232	6734780314394008	62	3136126	31	little-endian-int64	31
14	/model.6/cv2/conv/Conv	39	11937355897025	8809499762622464	6249087776910719	62	2909958	31	little-endian-int64	31
14	/model.6/cv2/conv/Conv	40	30444328631665	8809499762622464	15937305008708358	62	7421386	31	little-endian-int64	31
14	/model.6/cv2/conv/Conv	41	54935536618625	70475998100979712	3594776277959472	62	1673948	31	little-endian-int64	31
14	/model.6/cv2/conv/Conv	42	107930427211815	70475998100979712	7062563930239717	62	3288763	31	little-endian-int64	31
14	/model.6/cv2/conv/Conv	43	149179362638085	70475998100979712	9761740159113858	62	4545664	31	little-endian-int64	31
14	/model.6/cv2/conv/Conv	44	52810440889115	35237999050489856	6911435905493960	62	3218388	31	little-endian-int64	31
14	/model.6/cv2/conv/Conv	45	91768837915885	70475998100979712	6005009906175885	62	2796301	31	little-endian-int64	31
14	/model.6/cv2/conv/Conv	46	62926576400805	70475998100979712	4117680066897287	62	1917444	31	little-endian-int64	31
14	/model.6/cv2/conv/Conv	47	65969372575795	35237999050489856	8633578561493030	62	4020323	31	little-endian-int64	31
14	/model.6/cv2/conv/Conv	48	119844217686765	140951996201959424	3921078934586521	62	1825895	31	little-endian-int64	31
14	/model.6/cv2/conv/Conv	49	45241371701955	35237999050489856	5920852686142574	62	2757112	31	little-endian-int64	31
14	/model.6/cv2/conv/Conv	50	62828622624495	70475998100979712	4111270337729440	62	1914459	31	little-endian-int64	31
14	/model.6/cv2/conv/Conv	51	159146164534175	140951996201959424	5206965219683755	62	2424682	31	little-endian-int64	31
14	/model.6/cv2/conv/Conv	52	164897385718065	70475998100979712	10790268867162834	62	5024610	31	little-endian-int64	31
14	/model.6/cv2/conv/Conv	53	19638886476365	8809499762622464	10280762883359707	62	4787353	31	little-endian-int64	31
14	/model.6/cv2/conv/Conv	54	47643930939345	17618999525244928	12470563374559316	62	5807059	31	little-endian-int64	31
14	/model.6/cv2/conv/Conv	55	15956657785185	8809499762622464	8353152572974513	62	3889740	31	little-endian-int64	31
14	/model.6/cv2/conv/Conv	56	33168677059245	17618999525244928	8681737236253601	62	4042749	31	little-endian-int64	31
14	/model.6/cv2/conv/Conv	57	141042578197365	70475998100979712	9229299384221103	62	4297727	31	little-endian-int64	31
14	/model.6/cv2/conv/Conv	58	125629038934165	35237999050489856	16441389919190226	62	7656119	31	little-endian-int64	31
14	/model.6/cv2/conv/Conv	59	47224848010925	35237999050489856	6180435244983462	62	2877989	31	little-endian-int64	31
14	/model.6/cv2/conv/Conv	60	82511494451035	70475998100979712	5399243935136229	62	2514219	31	little-endian-int64	31
14	/model.6/cv2/conv/Conv	61	146925703866305	35237999050489856	19228538297449735	62	8953986	31	little-endian-int64	31
14	/model.6/cv2/conv/Conv	62	158893369949535	70475998100979712	10397388506185549	62	4841661	31	little-endian-int64	31
14	/model.6/cv2/conv/Conv	63	105836147010165	70475998100979712	6925522058044021	62	3224948	31	little-endian-int64	31
14	/model.6/cv2/conv/Conv	64	141855023195275	70475998100979712	9282462749601674	62	4322484	31	little-endian-int64	31
14	/model.6/cv2/conv/Conv	65	100240694813155	70475998100979712	6559376570799462	62	3054448	31	little-endian-int64	31
14	/model.6/cv2/conv/Conv	66	108335236816755	70475998100979712	7089053158424213	62	3301098	31	little-endian-int64	31
14	/model.6/cv2/conv/Conv	67	74890983546015	35237999050489856	9801172343258570	62	4564027	31	little-endian-int64	31
14	/model.6/cv2/conv/Conv	68	37555207634165	35237999050489856	4914944963743865	62	2288700	31	little-endian-int64	31
14	/model.6/cv2/conv/Conv	69	55326506050075	35237999050489856	7240719713794937	62	3371723	31	little-endian-int64	31
14	/model.6/cv2/conv/Conv	70	103877318998245	70475998100979712	6797343671096851	62	3165260	31	little-endian-int64	31
14	/model.6/cv2/conv/Conv	71	36517442136695	8809499762622464	19116519878354035	62	8901823	31	little-endian-int64	31
14	/model.6/cv2/conv/Conv	72	98674424449315	70475998100979712	6456885689753001	62	3006722	31	little-endian-int64	31
14	/model.6/cv2/conv/Conv	73	148667358723715	35237999050489856	19456473071593279	62	9060126	31	little-endian-int64	31
14	/model.6/cv2/conv/Conv	74	74330054308965	70475998100979712	4863881057980179	62	2264921	31	little-endian-int64	31
14	/model.6/cv2/conv/Conv	75	6717176600875	4404749881311232	7032751063799626	62	3274880	31	little-endian-int64	31
14	/model.6/cv2/conv/Conv	76	157080575362815	70475998100979712	10278766001004721	62	4786423	31	little-endian-int64	31
14	/model.6/cv2/conv/Conv	77	65936906952735	35237999050489856	8629329703329125	62	4018345	31	little-endian-int64	31
14	/model.6/cv2/conv/Conv	78	36760996188215	17618999525244928	9622009008045360	62	4480597	31	little-endian-int64	31
14	/model.6/cv2/conv/Conv	79	48970194956345	17618999525244928	12817706424037162	62	5968710	31	little-endian-int64	31
14	/model.6/cv2/conv/Conv	80	32771354761275	17618999525244928	8577740089098209	62	3994321	31	little-endian-int64	31
14	/model.6/cv2/conv/Conv	81	163931275604655	140951996201959424	5363525115357286	62	2497586	31	little-endian-int64	31
14	/model.6/cv2/conv/Conv	82	172452202207935	70475998100979712	11284627833575739	62	5254814	31	little-endian-int64	31
14	/model.6/cv2/conv/Conv	83	53720654027625	35237999050489856	7030557799976137	62	3273859	31	little-endian-int64	31
14	/model.6/cv2/conv/Conv	84	75033861164145	17618999525244928	19639742196684062	62	9145468	31	little-endian-int64	31
14	/model.6/cv2/conv/Conv	85	66162866864185	35237999050489856	8658901648173836	62	4032115	31	little-endian-int64	31
14	/model.6/cv2/conv/Conv	86	5429462932985	4404749881311232	5684540319043707	62	2647070	31	little-endian-int64	31
14	/model.6/cv2/conv/Conv	87	114661351168325	70475998100979712	7503010447320028	62	3493862	31	little-endian-int64	31
14	/model.6/cv2/conv/Conv	88	129396371285285	35237999050489856	16934430227907408	62	7885709	31	little-endian-int64	31
14	/model.6/cv2/conv/Conv	89	139515394463575	70475998100979712	9129366186218035	62	4251192	31	little-endian-int64	31
14	/model.6/cv2/conv/Conv	90	73904742271165	70475998100979712	4836050227186116	62	2251961	31	little-endian-int64	31
14	/model.6/cv2/conv/Conv	91	120884004550855	70475998100979712	7910197636930537	62	3683473	31	little-endian-int64	31
14	/model.6/cv2/conv/Conv	92	128959879852505	70475998100979712	8438652745318206	62	3929554	31	little-endian-int64	31
14	/model.6/cv2/conv/Conv	93	69991665261505	35237999050489856	9159986173745170	62	4265451	31	little-endian-int64	31
14	/model.6/cv2/conv/Conv	94	34890984550435	17618999525244928	9132542707084855	62	4252672	31	little-endian-int64	31
14	/model.6/cv2/conv/Conv	95	141525519810025	70475998100979712	9260901279090755	62	4312443	31	little-endian-int64	31
14	/model.6/cv2/conv/Conv	96	97418041964035	70475998100979712	6374672713742914	62	2968438	31	little-endian-int64	31
14	/model.6/cv2/conv/Conv	97	8338828284865	4404749881311232	8730588307531988	62	4065497	31	little-endian-int64	31
14	/model.6/cv2/conv/Conv	98	31081286005055	17618999525244928	8135372947758928	62	3788328	31	little-endian-int64	31
14	/model.6/cv2/conv/Conv	99	97256373886815	70475998100979712	6364093758759215	62	2963512	31	little-endian-int64	31
14	/model.6/cv2/conv/Conv	100	147314775688275	70475998100979712	9639728555187933	62	4488848	31	little-endian-int64	31
14	/model.6/cv2/conv/Conv	101	50024543910575	17618999525244928	13093677050167163	62	6097219	31	little-endian-int64	31
14	/model.6/cv2/conv/Conv	102	70667420498285	35237999050489856	9248423969911525	62	4306633	31	little-endian-int64	31
14	/model.6/cv2/conv/Conv	103	171935474896055	70475998100979712	11250815128772010	62	5239069	31	little-endian-int64	31
14	/model.6/cv2/conv/Conv	104	99238158848205	70475998100979712	6493774362712873	62	3023899	31	little-endian-int64	31
14	/model.6/cv2/conv/Conv	105	128179467327665	70475998100979712	8387585465302483	62	3905774	31	little-endian-int64	31
14	/model.6/cv2/conv/Conv	106	78492419450965	35237999050489856	10272501364674428	62	4783506	31	little-endian-int64	31
14	/model.6/cv2/conv/Conv	107	114901543150875	70475998100979712	7518727713304358	62	3501180	31	little-endian-int64	31
14	/model.6/cv2/conv/Conv	108	132766566974145	70475998100979712	8687748128830777	62	4045548	31	little-endian-int64	31
14	/model.6/cv2/conv/Conv	109	79078430135055	70475998100979712	5174597032176697	62	2409610	31	little-endian-int64	31
14	/model.6/cv2/conv/Conv	110	123082880161995	70475998100979712	8054083841956335	62	3750475	31	little-endian-int64	31
14	/model.6/cv2/conv/Conv	111	48191927555265	35237999050489856	6306999389756543	62	2936925	31	little-endian-int64	31
14	/model.6/cv2/conv/Conv	112	30273873797505	17618999525244928	7924036794231552	62	3689917	31	little-endian-int64	31
14	/model.6/cv2/conv/Conv	113	119435138460495	70475998100979712	7815389252919955	62	3639324	31	little-endian-int64	31
14	/model.6/cv2/conv/Conv	114	23591978294625	8809499762622464	12350167362508295	62	5750995	31	little-endian-int64	31
14	/model.6/cv2/conv/Conv	115	40031010472245	17618999525244928	10477919080130418	62	4879161	31	little-endian-int64	31
14	/model.6/cv2/conv/Conv	116	123294773011865	70475998100979712	8067949318423232	62	3756932	31	little-endian-int64	31
14	/model.6/cv2/conv/Conv	117	87448125513255	70475998100979712	5722278628666278	62	2664644	31	little-endian-int64	31
14	/model.6/cv2/conv/Conv	118	78448960068635	35237999050489856	10266813725442314	62	4780858	31	little-endian-int64	31
14	/model.6/cv2/conv/Conv	119	78505290193525	35237999050489856	10274185791290868	62	4784291	31	little-endian-int64	31
14	/model.6/cv2/conv/Conv	120	63588903987895	35237999050489856	8322040619500509	62	3875252	31	little-endian-int64	31
14	/model.6/cv2/conv/Conv	121	150078561391135	70475998100979712	9820580366120027	62	4573064	31	little-endian-int64	31
14	/model.6/cv2/conv/Conv	122	32789959584655	17618999525244928	8582609809636763	62	3996589	31	little-endian-int64	31
14	/model.6/cv2/conv/Conv	123	19060074332585	17618999525244928	4988880224658900	62	2323128	31	little-endian-int64	31
14	/model.6/cv2/conv/Conv	124	11325129325445	4404749881311232	11857186440626949	62	5521433	31	little-endian-int64	31
14	/model.6/cv2/conv/Conv	125	23508153458465	17618999525244928	6153142944814366	62	2865280	31	little-endian-int64	31
14	/model.6/cv2/conv/Conv	126	111338224445045	35237999050489856	14571114899403083	62	6785204	31	little-endian-int64	31
14	/model.6/cv2/conv/Conv	127	27403038168545	17618999525244928	7172609761595090	62	3340007	31	little-endian-int64	31
15	/model.7/conv/Conv	0	42110272459843	58181482417487872	3337820671905989	62	1554294	31	little-endian-int64	31
15	/model.7/conv/Conv	1	141978907675381	174544447252463616	3751263095130664	62	1746818	31	little-endian-int64	31
15	/model.7/conv/Conv	2	71505632368121	58181482417487872	5667808920106762	62	2639279	31	little-endian-int64	31
15	/model.7/conv/Conv	3	142695956520593	349088894504927232	1885104218240471	62	877820	31	little-endian-int64	31
15	/model.7/conv/Conv	4	52467259989193	116362964834975744	2079377486303342	62	968286	31	little-endian-int64	31
15	/model.7/conv/Conv	5	5971889736911	7272685302185984	3786837909104152	62	1763384	31	little-endian-int64	31
15	/model.7/conv/Conv	6	14156235522149	29090741208743936	2244154350093938	62	1045016	31	little-endian-int64	31
15	/model.7/conv/Conv	7	94339414309763	174544447252463616	2492567164452274	62	1160692	31	little-endian-int64	31
15	/model.7/conv/Conv	8	45576329668597	116362964834975744	1806276787481185	62	841113	31	little-endian-int64	31
15	/model.7/conv/Conv	9	988403273221	1363628494159872	3342703364738246	62	1556568	31	little-endian-int64	31
15	/model.7/conv/Conv	10	47158033811623	58181482417487872	3737925473006158	62	1740607	31	little-endian-int64	31
15	/model.7/conv/Conv	11	67132049865937	116362964834975744	2660571051916481	62	1238925	31	little-endian-int64	31
15	/model.7/conv/Conv	12	23978251266319	29090741208743936	3801215146693635	62	1770079	31	little-endian-int64	31
15	/model.7/conv/Conv	13	208371043694933	349088894504927232	2752713833007603	62	1281832	31	little-endian-int64	31
15	/model.7/conv/Conv	14	41942224485455	29090741208743936	6649001098094305	62	3096182	31	little-endian-int64	31
15	/model.7/conv/Conv	15	58635301029781	58181482417487872	4647657411081097	62	2164234	31	little-endian-int64	31
15	/model.7/conv/Conv	16	18334404301339	21818055906557952	3875346013173690	62	1804599	31	little-endian-int64	31
15	/model.7/conv/Conv	17	12188791734581	29090741208743936	1932260165546932	62	899779	31	little-endian-int64	31
15	/model.7/conv/Conv	18	3218395678603	7272685302185984	2040818450967400	62	950330	31	little-endian-int64	31
15	/model.7/conv/Conv	19	72346353925405	58181482417487872	5734447714616950	62	2670310	31	little-endian-int64	31
15	/model.7/conv/Conv	20	119956374169037	87272223626231808	6338799569790199	62	2951734	31	little-endian-int64	31
15	/model.7/conv/Conv	21	161963520807263	174544447252463616	4279281960323637	62	1992696	31	little-endian-int64	31
15	/model.7/conv/Conv	22	80466394717219	116362964834975744	3189036546094599	62	1485011	31	little-endian-int64	31
15	/model.7/conv/Conv	23	46016620178347	58181482417487872	3647452678654683	62	1698478	31	little-endian-int64	31
15	/model.7/conv/Conv	24	142135876886857	87272223626231808	7510820842188471	62	3497499	31	little-endian-int64	31
15	/model.7/conv/Conv	25	6412451194667	10909027953278976	2710801699743115	62	1262315	31	little-endian-int64	31
15	/model.7/conv/Conv	26	133911822166073	174544447252463616	3538120448438941	62	1647566	31	little-endian-int64	31
15	/model.7/conv/Conv	27	244990359128515	349088894504927232	3236478248455224	62	1507103	31	little-endian-int64	31
15	/model.7/conv/Conv	28	59780748777813	116362964834975744	2369224982370808	62	1103256	31	little-endian-int64	31
15	/model.7/conv/Conv	29	4279969966111	7272685302185984	2713973839356219	62	1263793	31	little-endian-int64	31
15	/model.7/conv/Conv	30	57283330690509	29090741208743936	9080990179616642	62	4228666	31	little-endian-int64	31
15	/model.7/conv/Conv	31	82457982982655	87272223626231808	4357289311859976	62	2029021	31	little-endian-int64	31
15	/model.7/conv/Conv	32	341921330905	454542831386624	3469054426238334	62	1615404	31	little-endian-int64	31
15	/model.7/conv/Conv	33	38157773264317	87272223626231808	2016353682140860	62	938938	31	little-endian-int64	31
15	/model.7/conv/Conv	34	72575425411811	116362964834975744	2876302396795477	62	1339383	31	little-endian-int64	31
15	/model.7/conv/Conv	35	12287778072773	14545370604371968	3895904468650191	62	1814172	31	little-endian-int64	31
15	/model.7/conv/Conv	36	191364555571	340907123539968	2588720459066282	62	1205467	31	little-endian-int64	31
15	/model.7/conv/Conv	37	97400825724223	87272223626231808	5146907085803520	62	2396715	31	little-endian-int64	31
15	/model.7/conv/Conv	38	177092715566291	349088894504927232	2339507252158877	62	1089418	31	little-endian-int64	31
15	/model.7/conv/Conv	39	35052889747561	116362964834975744	1389212811684178	62	646903	31	little-endian-int64	31
15	/model.7/conv/Conv	40	90027818690285	174544447252463616	2378649331210066	62	1107645	31	little-endian-int64	31
15	/model.7/conv/Conv	41	236695376240827	349088894504927232	3126896255993114	62	1456075	31	little-endian-int64	31
15	/model.7/conv/Conv	42	94422203978263	174544447252463616	2494754572660909	62	1161711	31	little-endian-int64	31
15	/model.7/conv/Conv	43	196250274962525	174544447252463616	5185181559217048	62	2414538	31	little-endian-int64	31
15	/model.7/conv/Conv	44	68411827614277	116362964834975744	2711291082615974	62	1262543	31	little-endian-int64	31
15	/model.7/conv/Conv	45	26332819543793	58181482417487872	2087239627971051	62	971947	31	little-endian-int64	31
15	/model.7/conv/Conv	46	37458034986155	58181482417487872	2969066600673143	62	1382579	31	little-endian-int64	31
15	/model.7/conv/Conv	47	80566013267425	87272223626231808	4257312825407857	62	1982466	31	little-endian-int64	31
15	/model.7/conv/Conv	48	49657378640303	14545370604371968	15744132275213896	62	7331433	31	little-endian-int64	31
15	/model.7/conv/Conv	49	83628749316581	87272223626231808	4419155579369507	62	2057830	31	little-endian-int64	31
15	/model.7/conv/Conv	50	78917776336259	87272223626231808	4170215798488181	62	1941908	31	little-endian-int64	31
15	/model.7/conv/Conv	51	212450165925263	349088894504927232	2806601628503783	62	1306926	31	little-endian-int64	31
15	/model.7/conv/Conv	52	35364871323803	87272223626231808	1868769648014844	62	870214	31	little-endian-int64	31
15	/model.7/conv/Conv	53	9535217279819	21818055906557952	2015460424170571	62	938522	31	little-endian-int64	31
15	/model.7/conv/Conv	54	71966153662319	174544447252463616	1901437197623765	62	885426	31	little-endian-int64	31
15	/model.7/conv/Conv	55	107760613049635	87272223626231808	5694344567941004	62	2651636	31	little-endian-int64	31
15	/model.7/conv/Conv	56	117101756293823	174544447252463616	3093977154440200	62	1440745	31	little-endian-int64	31
15	/model.7/conv/Conv	57	152473386265109	87272223626231808	8057081100999126	62	3751871	31	little-endian-int64	31
15	/model.7/conv/Conv	58	46562550305103	58181482417487872	3690725180969650	62	1718628	31	little-endian-int64	31
15	/model.7/conv/Conv	59	101744664156415	174544447252463616	2688223272213585	62	1251802	31	little-endian-int64	31
15	/model.7/conv/Conv	60	75371337885725	116362964834975744	2987109735565006	62	1390981	31	little-endian-int64	31
15	/model.7/conv/Conv	61	64475675615113	87272223626231808	3407058505078619	62	1586535	31	little-endian-int64	31
15	/model.7/conv/Conv	62	46963432932647	87272223626231808	2481667110493354	62	1155616	31	little-endian-int64	31
15	/model.7/conv/Conv	63	130952889308549	349088894504927232	1729970841820581	62	805580	31	little-endian-int64	31
15	/model.7/conv/Conv	64	17588905915497	29090741208743936	2788327423762971	62	1298416	31	little-endian-int64	31
15	/model.7/conv/Conv	65	32253906529579	43636111813115904	3408756729269687	62	1587326	31	little-endian-int64	31
15	/model.7/conv/Conv	66	154218201107747	174544447252463616	4074640775062419	62	1897402	31	little-endian-int64	31
15	/model.7/conv/Conv	67	21295775690917	29090741208743936	3375968673353999	62	1572058	31	little-endian-int64	31
15	/model.7/conv/Conv	68	18992958482589	29090741208743936	3010908538019662	62	1402064	31	little-endian-int64	31
15	/model.7/conv/Conv	69	44171614784157	58181482417487872	3501210520037018	62	1630378	31	little-endian-int64	31
15	/model.7/conv/Conv	70	183253049641375	349088894504927232	2420889177995265	62	1127314	31	little-endian-int64	31
15	/model.7/conv/Conv	71	221078520229	340907123539968	2990681773169707	62	1392645	31	little-endian-int64	31
15	/model.7/conv/Conv	72	64067417180739	58181482417487872	5078227638289967	62	2364734	31	little-endian-int64	31
15	/model.7/conv/Conv	73	130044400644431	174544447252463616	3435938259091351	62	1599983	31	little-endian-int64	31
15	/model.7/conv/Conv	74	232476474944735	349088894504927232	3071161890258262	62	1430121	31	little-endian-int64	31
15	/model.7/conv/Conv	75	126814971360917	174544447252463616	3350612635110086	62	1560251	31	little-endian-int64	31
15	/model.7/conv/Conv	76	141121899132403	174544447252463616	3728619840776041	62	1736274	31	little-endian-int64	31
15	/model.7/conv/Conv	77	5072763831667	2727256988319744	8577847315993432	62	3994371	31	little-endian-int64	31
15	/model.7/conv/Conv	78	16211887938337	14545370604371968	5140064077505743	62	2393529	31	little-endian-int64	31
15	/model.7/conv/Conv	79	139260847595191	87272223626231808	7358896990176523	62	3426753	31	little-endian-int64	31
15	/model.7/conv/Conv	80	1676611208461	1818171325546496	4252626999314378	62	1980284	31	little-endian-int64	31
15	/model.7/conv/Conv	81	83264233932509	116362964834975744	3299920245296138	62	1536645	31	little-endian-int64	31
15	/model.7/conv/Conv	82	72982359211489	116362964834975744	2892429958662451	62	1346893	31	little-endian-int64	31
15	/model.7/conv/Conv	83	68947973507483	116362964834975744	2732539565954654	62	1272438	31	little-endian-int64	31
15	/model.7/conv/Conv	84	164489659383203	349088894504927232	2173012875213920	62	1011888	31	little-endian-int64	31
15	/model.7/conv/Conv	85	201881297055221	87272223626231808	10667920631871124	62	4967638	31	little-endian-int64	31
15	/model.7/conv/Conv	86	129764481248899	174544447252463616	3428542433082665	62	1596539	31	little-endian-int64	31
15	/model.7/conv/Conv	87	67178683028303	29090741208743936	10649676851989942	62	4959142	31	little-endian-int64	31
15	/model.7/conv/Conv	88	130880546190947	174544447252463616	3458030286577398	62	1610271	31	little-endian-int64	31
15	/model.7/conv/Conv	89	146593092006893	174544447252463616	3873175706520140	62	1803588	31	little-endian-int64	31
15	/model.7/conv/Conv	90	232872420297503	698177789009854464	1538196289925492	62	716278	31	little-endian-int64	31
15	/model.7/conv/Conv	91	23766731189635	21818055906557952	5023577829316015	62	2339286	31	little-endian-int64	31
15	/model.7/conv/Conv	92	151442158154273	174544447252463616	4001294193852806	62	1863248	31	little-endian-int64	31
15	/model.7/conv/Conv	93	12896297188915	14545370604371968	4088838645178794	62	1904014	31	little-endian-int64	31
15	/model.7/conv/Conv	94	196582818481889	174544447252463616	5193967781425259	62	2418630	31	little-endian-int64	31
15	/model.7/conv/Conv	95	204537219726035	349088894504927232	2702066583344869	62	1258248	31	little-endian-int64	31
15	/model.7/conv/Conv	96	66349220865935	87272223626231808	3506061396022604	62	1632637	31	little-endian-int64	31
15	/model.7/conv/Conv	97	234346798924819	349088894504927232	3095870057961836	62	1441627	31	little-endian-int64	31
15	/model.7/conv/Conv	98	37374372262969	43636111813115904	3949913565874305	62	1839322	31	little-endian-int64	31
15	/model.7/conv/Conv	99	13049864497649	14545370604371968	4137527965639507	62	1926687	31	little-endian-int64	31
15	/model.7/conv/Conv	100	68876864708575	87272223626231808	3639628518347687	62	1694834	31	little-endian-int64	31
15	/model.7/conv/Conv	101	130735558902403	87272223626231808	6908399076476405	62	3216974	31	little-endian-int64	31
15	/model.7/conv/Conv	102	173287702402031	174544447252463616	4578481223048892	62	2132021	31	little-endian-int64	31
15	/model.7/conv/Conv	103	63917944197429	58181482417487872	5066379840010833	62	2359217	31	little-endian-int64	31
15	/model.7/conv/Conv	104	34488173892389	43636111813115904	3644885456838912	62	1697282	31	little-endian-int64	31
15	/model.7/conv/Conv	105	60475730413203	116362964834975744	2396768428823356	62	1116082	31	little-endian-int64	31
15	/model.7/conv/Conv	106	78551063262805	116362964834975744	3113128311017382	62	1449663	31	little-endian-int64	31
15	/model.7/conv/Conv	107	44558046851381	58181482417487872	3531840598327242	62	1644641	31	little-endian-int64	31
15	/model.7/conv/Conv	108	107864115187927	174544447252463616	2849906941941879	62	1327091	31	little-endian-int64	31
15	/model.7/conv/Conv	109	89662279724857	174544447252463616	2368991327403068	62	1103148	31	little-endian-int64	31
15	/model.7/conv/Conv	110	62047078321333	58181482417487872	4918087881046386	62	2290163	31	little-endian-int64	31
15	/model.7/conv/Conv	111	98765861778451	174544447252463616	2609519529445733	62	1215152	31	little-endian-int64	31
15	/model.7/conv/Conv	112	35863204917505	43636111813115904	3790205722324283	62	1764952	31	little-endian-int64	31
15	/model.7/conv/Conv	113	93450253270073	174544447252463616	2469074400291534	62	1149752	31	little-endian-int64	31
15	/model.7/conv/Conv	114	113820365203825	174544447252463616	3007278633525078	62	1400373	31	little-endian-int64	31
15	/model.7/conv/Conv	115	132267137664319	349088894504927232	1747332897338391	62	813665	31	little-endian-int64	31
15	/model.7/conv/Conv	116	140247369285037	174544447252463616	3705513651302355	62	1725514	31	little-endian-int64	31
15	/model.7/conv/Conv	117	79972185554275	87272223626231808	4225933460378531	62	1967854	31	little-endian-int64	31
15	/model.7/conv/Conv	118	34657967976149	43636111813115904	3662830158361387	62	1705638	31	little-endian-int64	31
15	/model.7/conv/Conv	119	51277196136173	58181482417487872	4064425976438678	62	1892646	31	little-endian-int64	31
15	/model.7/conv/Conv	120	132218908919251	174544447252463616	3493391529967607	62	1626737	31	little-endian-int64	31
15	/model.7/conv/Conv	121	134602167580027	174544447252463616	3556360251214289	62	1656059	31	little-endian-int64	31
15	/model.7/conv/Conv	122	78107882640991	87272223626231808	4127418958030947	62	1921979	31	little-endian-int64	31
15	/model.7/conv/Conv	123	182708444149315	174544447252463616	4827389187083546	62	2247928	31	little-endian-int64	31
15	/model.7/conv/Conv	124	197245647620567	349088894504927232	2605740284627087	62	1213392	31	little-endian-int64	31
15	/model.7/conv/Conv	125	178056357202297	349088894504927232	2352237570222549	62	1095346	31	little-endian-int64	31
15	/model.7/conv/Conv	126	71135306654587	116362964834975744	2819227746394607	62	1312805	31	little-endian-int64	31
15	/model.7/conv/Conv	127	67024694244893	116362964834975744	2656316344095394	62	1236944	31	little-endian-int64	31
15	/model.7/conv/Conv	128	74107335332401	29090741208743936	11748059623610394	62	5470617	31	little-endian-int64	31
15	/model.7/conv/Conv	129	37236008147905	58181482417487872	2951467907358216	62	1374384	31	little-endian-int64	31
15	/model.7/conv/Conv	130	22042929870129	29090741208743936	3494413248456331	62	1627213	31	little-endian-int64	31
15	/model.7/conv/Conv	131	250336374024233	349088894504927232	3307102500721545	62	1539990	31	little-endian-int64	31
15	/model.7/conv/Conv	132	131119130962897	174544447252463616	3464333999324100	62	1613206	31	little-endian-int64	31
15	/model.7/conv/Conv	133	48145699504161	29090741208743936	7632423239322905	62	3554124	31	little-endian-int64	31
15	/model.7/conv/Conv	134	240388668510613	349088894504927232	3175686992652591	62	1478794	31	little-endian-int64	31
15	/model.7/conv/Conv	135	13856536922179	14545370604371968	4393287687604773	62	2045784	31	little-endian-int64	31
15	/model.7/conv/Conv	136	11206424580827	21818055906557952	2368703782651278	62	1103014	31	little-endian-int64	31
15	/model.7/conv/Conv	137	1727398906919	2727256988319744	2920964698744094	62	1360180	31	little-endian-int64	31
15	/model.7/conv/Conv	138	86126077087883	174544447252463616	2275560361732351	62	1059640	31	little-endian-int64	31
15	/model.7/conv/Conv	139	31186130543267	43636111813115904	3295908737496793	62	1534777	31	little-endian-int64	31
15	/model.7/conv/Conv	140	82672844751413	29090741208743936	13105929460783625	62	6102924	31	little-endian-int64	31
15	/model.7/conv/Conv	141	33414768208619	14545370604371968	10594327470099810	62	4933368	31	little-endian-int64	31
15	/model.7/conv/Conv	142	116454461507489	87272223626231808	6153749607866683	62	2865563	31	little-endian-int64	31
15	/model.7/conv/Conv	143	57246331235023	58181482417487872	4537562371966417	62	2112967	31	little-endian-int64	31
15	/model.7/conv/Conv	144	27102372091501	43636111813115904	2864316394088616	62	1333801	31	little-endian-int64	31
15	/model.7/conv/Conv	145	11078777964667	21818055906557952	2341723096674224	62	1090450	31	little-endian-int64	31
15	/model.7/conv/Conv	146	53946244732611	29090741208743936	8551969879174697	62	3982321	31	little-endian-int64	31
15	/model.7/conv/Conv	147	69311134151525	58181482417487872	5493864628513777	62	2558280	31	little-endian-int64	31
15	/model.7/conv/Conv	148	128646218617469	349088894504927232	1699498256921379	62	791391	31	little-endian-int64	31
15	/model.7/conv/Conv	149	191781047814223	349088894504927232	2533549450372799	62	1179776	31	little-endian-int64	31
15	/model.7/conv/Conv	150	29501917737971	58181482417487872	2338434427860188	62	1088918	31	little-endian-int64	31
15	/model.7/conv/Conv	151	245576540086829	349088894504927232	3244222071224375	62	1510709	31	little-endian-int64	31
15	/model.7/conv/Conv	152	72137091748771	58181482417487872	5717860797026163	62	2662586	31	little-endian-int64	31
15	/model.7/conv/Conv	153	25497366419959	43636111813115904	2694691239431227	62	1254813	31	little-endian-int64	31
15	/model.7/conv/Conv	154	249701603056843	349088894504927232	3298716773070805	62	1536085	31	little-endian-int64	31
15	/model.7/conv/Conv	155	130739111331815	174544447252463616	3454293397935882	62	1608531	31	little-endian-int64	31
15	/model.7/conv/Conv	156	15789961682327	10909027953278976	6675053527569730	62	3108314	31	little-endian-int64	31
15	/model.7/conv/Conv	157	131282873874523	174544447252463616	3468660295050197	62	1615221	31	little-endian-int64	31
15	/model.7/conv/Conv	158	4480290858547	10909027953278976	1893999612003823	62	881962	31	little-endian-int64	31
15	/model.7/conv/Conv	159	206022887853601	87272223626231808	10886772811697968	62	5069549	31	little-endian-int64	31
15	/model.7/conv/Conv	160	217122363235393	349088894504927232	2868324322492710	62	1335668	31	little-endian-int64	31
15	/model.7/conv/Conv	161	57854368665821	116362964834975744	2292878867941281	62	1067705	31	little-endian-int64	31
15	/model.7/conv/Conv	162	31994518971835	29090741208743936	5072015001266860	62	2361841	31	little-endian-int64	31
15	/model.7/conv/Conv	163	68863287202941	116362964834975744	2729183286341441	62	1270875	31	little-endian-int64	31
15	/model.7/conv/Conv	164	91161374831387	174544447252463616	2408599324402696	62	1121591	31	little-endian-int64	31
15	/model.7/conv/Conv	165	1341418419705	1818171325546496	3402429949309148	62	1584380	31	little-endian-int64	31
15	/model.7/conv/Conv	166	142148521127137	349088894504927232	1877872248992141	62	874452	31	little-endian-int64	31
15	/model.7/conv/Conv	167	38808981744071	58181482417487872	3076147788986908	62	1432443	31	little-endian-int64	31
15	/model.7/conv/Conv	168	166971422696827	349088894504927232	2205798544866107	62	1027155	31	little-endian-int64	31
15	/model.7/conv/Conv	169	31139136116893	29090741208743936	4936413191597163	62	2298697	31	little-endian-int64	31
15	/model.7/conv/Conv	170	190864189867253	174544447252463616	5042874349111425	62	2348271	31	little-endian-int64	31
15	/model.7/conv/Conv	171	55145159553827	87272223626231808	2914010331482968	62	1356942	31	little-endian-int64	31
15	/model.7/conv/Conv	172	22820911911357	29090741208743936	3617744891207337	62	1684644	31	little-endian-int64	31
15	/model.7/conv/Conv	173	188672581762721	349088894504927232	2492484639506221	62	1160654	31	little-endian-int64	31
15	/model.7/conv/Conv	174	19368432208237	43636111813115904	2046954329847913	62	953187	31	little-endian-int64	31
15	/model.7/conv/Conv	175	31669682417975	43636111813115904	3347012956619840	62	1558574	31	little-endian-int64	31
15	/model.7/conv/Conv	176	240417961000595	349088894504927232	3176073965050228	62	1478975	31	little-endian-int64	31
15	/model.7/conv/Conv	177	142954320496981	349088894504927232	1888517370467109	62	879409	31	little-endian-int64	31
15	/model.7/conv/Conv	178	132173209022239	174544447252463616	3492184080636440	62	1626175	31	little-endian-int64	31
15	/model.7/conv/Conv	179	132427388357201	174544447252463616	3498899821547533	62	1629302	31	little-endian-int64	31
15	/model.7/conv/Conv	180	237606965754347	174544447252463616	6277877864916215	62	2923365	31	little-endian-int64	31
15	/model.7/conv/Conv	181	136526620950643	174544447252463616	3607206753879300	62	1679737	31	little-endian-int64	31
15	/model.7/conv/Conv	182	84473655515291	174544447252463616	2231901284730331	62	1039310	31	little-endian-int64	31
15	/model.7/conv/Conv	183	139715046769249	174544447252463616	3691449014231416	62	1718965	31	little-endian-int64	31
15	/model.7/conv/Conv	184	56092273361467	87272223626231808	2964058231296536	62	1380247	31	little-endian-int64	31
15	/model.7/conv/Conv	185	48399728312453	116362964834975744	1918173455538614	62	893219	31	little-endian-int64	31
15	/model.7/conv/Conv	186	117338263797727	174544447252463616	3100225983126395	62	1443655	31	little-endian-int64	31
15	/model.7/conv/Conv	187	35355056984919	29090741208743936	5604753100242317	62	2609917	31	little-endian-int64	31
15	/model.7/conv/Conv	188	12561947349511	29090741208743936	1991415637720088	62	927325	31	little-endian-int64	31
15	/model.7/conv/Conv	189	45795917974793	58181482417487872	3629958980933771	62	1690331	31	little-endian-int64	31
15	/model.7/conv/Conv	190	53486506177097	43636111813115904	5652725746231765	62	2632256	31	little-endian-int64	31
15	/model.7/conv/Conv	191	37957271739877	58181482417487872	3008638008299099	62	1401006	31	little-endian-int64	31
15	/model.7/conv/Conv	192	228478065114859	698177789009854464	1509170178418073	62	702762	31	little-endian-int64	31
15	/model.7/conv/Conv	193	76227955059361	116362964834975744	3021059106384187	62	1406790	31	little-endian-int64	31
15	/model.7/conv/Conv	194	58431969603945	116362964834975744	2315770293699937	62	1078365	31	little-endian-int64	31
15	/model.7/conv/Conv	195	165674153749433	174544447252463616	4377321596234655	62	2038349	31	little-endian-int64	31
15	/model.7/conv/Conv	196	158972887033037	174544447252463616	4200265617037241	62	1955901	31	little-endian-int64	31
15	/model.7/conv/Conv	197	110329832358529	43636111813115904	11660217287057448	62	5429712	31	little-endian-int64	31
15	/model.7/conv/Conv	198	110231929812361	174544447252463616	2912467612130005	62	1356223	31	little-endian-int64	31
15	/model.7/conv/Conv	199	54532967586937	87272223626231808	2881660552630174	62	1341878	31	little-endian-int64	31
15	/model.7/conv/Conv	200	60803336657791	116362964834975744	2409752088528646	62	1122128	31	little-endian-int64	31
15	/model.7/conv/Conv	201	24765355223749	29090741208743936	3925992865125840	62	1828183	31	little-endian-int64	31
15	/model.7/conv/Conv	202	31221323678713	58181482417487872	2474721095154480	62	1152382	31	little-endian-int64	31
15	/model.7/conv/Conv	203	42435349856375	87272223626231808	2242391696788361	62	1044195	31	little-endian-int64	31
15	/model.7/conv/Conv	204	63927969273651	116362964834975744	2533587232878221	62	1179793	31	little-endian-int64	31
15	/model.7/conv/Conv	205	19409044303803	29090741208743936	3076869633695757	62	1432779	31	little-endian-int64	31
15	/model.7/conv/Conv	206	132307719654551	174544447252463616	3495738022409597	62	1627830	31	little-endian-int64	31
15	/model.7/conv/Conv	207	30652814551457	43636111813115904	3239545193619021	62	1508531	31	little-endian-int64	31
15	/model.7/conv/Conv	208	111524833486325	43636111813115904	11786511078233529	62	5488522	31	little-endian-int64	31
15	/model.7/conv/Conv	209	183929185337681	349088894504927232	2429821359987580	62	1131474	31	little-endian-int64	31
15	/model.7/conv/Conv	210	127890363996731	174544447252463616	3379025874608504	62	1573482	31	little-endian-int64	31
15	/model.7/conv/Conv	211	166702913222881	349088894504927232	2202251364172868	62	1025503	31	little-endian-int64	31
15	/model.7/conv/Conv	212	70453360628819	174544447252463616	1861467283993254	62	866813	31	little-endian-int64	31
15	/model.7/conv/Conv	213	210246907056473	349088894504927232	2777495179458520	62	1293372	31	little-endian-int64	31
15	/model.7/conv/Conv	214	236141016620551	174544447252463616	6239145626621208	62	2905329	31	little-endian-int64	31
15	/model.7/conv/Conv	215	248230174752259	349088894504927232	3279278270597125	62	1527033	31	little-endian-int64	31
15	/model.7/conv/Conv	216	247308168793175	698177789009854464	1633548993135139	62	760681	31	little-endian-int64	31
15	/model.7/conv/Conv	217	192808061178299	349088894504927232	2547116949214504	62	1186094	31	little-endian-int64	31
15	/model.7/conv/Conv	218	29515013558261	21818055906557952	6238593206620882	62	2905071	31	little-endian-int64	31
15	/model.7/conv/Conv	219	79770148657801	87272223626231808	4215257317478059	62	1962882	31	little-endian-int64	31
15	/model.7/conv/Conv	220	222703350262981	87272223626231808	11768210823449506	62	5480000	31	little-endian-int64	31
15	/model.7/conv/Conv	221	86146759452341	174544447252463616	2276106816073927	62	1059895	31	little-endian-int64	31
15	/model.7/conv/Conv	222	34149639411559	58181482417487872	2706830559567984	62	1260466	31	little-endian-int64	31
15	/model.7/conv/Conv	223	13602538219221	29090741208743936	2156378033497834	62	1004142	31	little-endian-int64	31
15	/model.7/conv/Conv	224	136798773170003	174544447252463616	3614397361226958	62	1683085	31	little-endian-int64	31
15	/model.7/conv/Conv	225	79967609543507	174544447252463616	2112845826171915	62	983871	31	little-endian-int64	31
15	/model.7/conv/Conv	226	102126339580867	174544447252463616	2698307621765976	62	1256497	31	little-endian-int64	31
15	/model.7/conv/Conv	227	129384160564477	174544447252463616	3418493877482779	62	1591860	31	little-endian-int64	31
15	/model.7/conv/Conv	228	48062789414325	116362964834975744	1904819924990773	62	887001	31	little-endian-int64	31
15	/model.7/conv/Conv	229	66338142103023	116362964834975744	2629106974532892	62	1224273	31	little-endian-int64	31
15	/model.7/conv/Conv	230	29431772309751	29090741208743936	4665748867808842	62	2172659	31	little-endian-int64	31
15	/model.7/conv/Conv	231	68075009137485	116362964834975744	2697942324595134	62	1256327	31	little-endian-int64	31
15	/model.7/conv/Conv	232	104403055464617	174544447252463616	2758461347503437	62	1284509	31	little-endian-int64	31
15	/model.7/conv/Conv	233	148543466070083	349088894504927232	1962353533404873	62	913792	31	little-endian-int64	31
15	/model.7/conv/Conv	234	135338724681671	174544447252463616	3575821025480639	62	1665121	31	little-endian-int64	31
15	/model.7/conv/Conv	235	45783454366517	87272223626231808	2419314045229756	62	1126581	31	little-endian-int64	31
15	/model.7/conv/Conv	236	33388998042715	43636111813115904	3528718967958228	62	1643188	31	little-endian-int64	31
15	/model.7/conv/Conv	237	149507318443427	174544447252463616	3950173270885257	62	1839443	31	little-endian-int64	31
15	/model.7/conv/Conv	238	170927022741755	349088894504927232	2258054533838646	62	1051489	31	little-endian-int64	31
15	/model.7/conv/Conv	239	224995118813731	349088894504927232	2972328424022801	62	1384098	31	little-endian-int64	31
15	/model.7/conv/Conv	240	169131781464667	349088894504927232	2234338256330042	62	1040445	31	little-endian-int64	31
15	/model.7/conv/Conv	241	214146842338835	349088894504927232	2829015801562374	62	1317363	31	little-endian-int64	31
15	/model.7/conv/Conv	242	45758376623295	58181482417487872	3626983310348860	62	1688946	31	little-endian-int64	31
15	/model.7/conv/Conv	243	46609183467469	43636111813115904	4925895337508879	62	2293799	31	little-endian-int64	31
15	/model.7/conv/Conv	244	6118352186821	5454513976639488	5172948379382611	62	2408842	31	little-endian-int64	31
15	/model.7/conv/Conv	245	77085625919687	174544447252463616	2036700157876416	62	948412	31	little-endian-int64	31
15	/model.7/conv/Conv	246	13257922460923	14545370604371968	4203493833842603	62	1957404	31	little-endian-int64	31
15	/model.7/conv/Conv	247	207368415651397	349088894504927232	2739468479738443	62	1275664	31	little-endian-int64	31
15	/model.7/conv/Conv	248	197432029743361	349088894504927232	2608202510848843	62	1214539	31	little-endian-int64	31
15	/model.7/conv/Conv	249	34153854158319	29090741208743936	5414329272916061	62	2521244	31	little-endian-int64	31
15	/model.7/conv/Conv	250	26548915631245	29090741208743936	4208736454752826	62	1959846	31	little-endian-int64	31
15	/model.7/conv/Conv	251	83371439026883	174544447252463616	2202779324972316	62	1025749	31	little-endian-int64	31
15	/model.7/conv/Conv	252	66095342584313	87272223626231808	3492645822623754	62	1626390	31	little-endian-int64	31
15	/model.7/conv/Conv	253	77209539474431	87272223626231808	4079948222797735	62	1899874	31	little-endian-int64	31
15	/model.7/conv/Conv	254	189708686937665	174544447252463616	5012344493888216	62	2334055	31	little-endian-int64	31
15	/model.7/conv/Conv	255	72769935974785	116362964834975744	2884011221033290	62	1342972	31	little-endian-int64	31
16	/model.8/cv1/conv/Conv	0	3102500841541	1372887638343680	10421653858254145	62	4852961	31	little-endian-int64	31
16	/model.8/cv1/conv/Conv	1	1570162323867	549155055337472	13185885416622511	62	6140156	31	little-endian-int64	31
16	/model.8/cv1/conv/Conv	2	4974018254737	2745775276687360	8354147054760979	62	3890203	31	little-endian-int64	31
16	/model.8/cv1/conv/Conv	3	4393275131039	2745775276687360	7378755890525924	62	3436001	31	little-endian-int64	31
16	/model.8/cv1/conv/Conv	4	5032746878081	2745775276687360	8452785123745184	62	3936135	31	little-endian-int64	31
16	/model.8/cv1/conv/Conv	5	418267745667	343221909585920	5620036078054548	62	2617033	31	little-endian-int64	31
16	/model.8/cv1/conv/Conv	6	1718993707245	1098310110674944	7217869678532570	62	3361082	31	little-endian-int64	31
16	/model.8/cv1/conv/Conv	7	1469499097067	1098310110674944	6170268646503645	62	2873255	31	little-endian-int64	31
16	/model.8/cv1/conv/Conv	8	8746270640033	5491550553374720	7344929930442881	62	3420250	31	little-endian-int64	31
16	/model.8/cv1/conv/Conv	9	3240548189483	1372887638343680	10885370630555457	62	5068896	31	little-endian-int64	31
16	/model.8/cv1/conv/Conv	10	445558027985	274577527668736	7483400937805386	62	3484730	31	little-endian-int64	31
16	/model.8/cv1/conv/Conv	11	5280372683479	2745775276687360	8868686772453126	62	4129804	31	little-endian-int64	31
16	/model.8/cv1/conv/Conv	12	3279089135179	1372887638343680	11014834058908302	62	5129182	31	little-endian-int64	31
16	/model.8/cv1/conv/Conv	13	6460258059163	5491550553374720	5425185742588926	62	2526299	31	little-endian-int64	31
16	/model.8/cv1/conv/Conv	14	9086826489261	5491550553374720	7630921406459303	62	3553425	31	little-endian-int64	31
16	/model.8/cv1/conv/Conv	15	8185697996393	5491550553374720	6874173083563124	62	3201036	31	little-endian-int64	31
16	/model.8/cv1/conv/Conv	16	2588359397889	1372887638343680	8694594162353202	62	4048736	31	little-endian-int64	31
16	/model.8/cv1/conv/Conv	17	4795196567411	2745775276687360	8053805842486743	62	3750346	31	little-endian-int64	31
16	/model.8/cv1/conv/Conv	18	1928650673441	686443819171840	12957114765588522	62	6033627	31	little-endian-int64	31
16	/model.8/cv1/conv/Conv	19	2882120604727	1372887638343680	9681371530358044	62	4508240	31	little-endian-int64	31
16	/model.8/cv1/conv/Conv	20	365815096167	171610954792960	9830516742700572	62	4577691	31	little-endian-int64	31
16	/model.8/cv1/conv/Conv	21	9321524293003	5491550553374720	7828015573134589	62	3645204	31	little-endian-int64	31
16	/model.8/cv1/conv/Conv	22	162948885009	85805477396480	8757821965630891	62	4078179	31	little-endian-int64	31
16	/model.8/cv1/conv/Conv	23	2071806852119	1372887638343680	6959435299691607	62	3240740	31	little-endian-int64	31
16	/model.8/cv1/conv/Conv	24	8519985897319	5491550553374720	7154900871433983	62	3331760	31	little-endian-int64	31
16	/model.8/cv1/conv/Conv	25	405979494359	274577527668736	6818656915588505	62	3175185	31	little-endian-int64	31
16	/model.8/cv1/conv/Conv	26	7284790779183	5491550553374720	6117610583204369	62	2848734	31	little-endian-int64	31
16	/model.8/cv1/conv/Conv	27	9339025707093	5491550553374720	7842712884190382	62	3652048	31	little-endian-int64	31
16	/model.8/cv1/conv/Conv	28	5957120780099	1372887638343680	20010647517235896	62	9318184	31	little-endian-int64	31
16	/model.8/cv1/conv/Conv	29	5875881657951	2745775276687360	9868878024351143	62	4595554	31	little-endian-int64	31
16	/model.8/cv1/conv/Conv	30	6767152492231	2745775276687360	11365818170902398	62	5292622	31	little-endian-int64	31
16	/model.8/cv1/conv/Conv	31	1318444638555	549155055337472	11072014445825596	62	5155808	31	little-endian-int64	31
16	/model.8/cv1/conv/Conv	32	7735585473323	5491550553374720	6496178269678480	62	3025019	31	little-endian-int64	31
16	/model.8/cv1/conv/Conv	33	658972094343	343221909585920	8854249420387511	62	4123081	31	little-endian-int64	31
16	/model.8/cv1/conv/Conv	34	6642194803291	5491550553374720	5577972306416093	62	2597446	31	little-endian-int64	31
16	/model.8/cv1/conv/Conv	35	9438459879461	5491550553374720	7926215563079791	62	3690932	31	little-endian-int64	31
16	/model.8/cv1/conv/Conv	36	5277242722099	2745775276687360	8863429823985086	62	4127356	31	little-endian-int64	31
16	/model.8/cv1/conv/Conv	37	593100738619	274577527668736	9961464825730654	62	4638669	31	little-endian-int64	31
16	/model.8/cv1/conv/Conv	38	6469921958237	2745775276687360	10866602554275695	62	5060156	31	little-endian-int64	31
16	/model.8/cv1/conv/Conv	39	591332826367	343221909585920	7945417385748720	62	3699873	31	little-endian-int64	31
16	/model.8/cv1/conv/Conv	40	8092379287029	5491550553374720	6795806038946339	62	3164544	31	little-endian-int64	31
16	/model.8/cv1/conv/Conv	41	8452305355127	5491550553374720	7098064208070368	62	3305294	31	little-endian-int64	31
16	/model.8/cv1/conv/Conv	42	2842281814239	1372887638343680	9547548493458811	62	4445924	31	little-endian-int64	31
16	/model.8/cv1/conv/Conv	43	6233072162733	2745775276687360	10468799828150577	62	4874915	31	little-endian-int64	31
16	/model.8/cv1/conv/Conv	44	9388567377859	5491550553374720	7884316913540652	62	3671421	31	little-endian-int64	31
16	/model.8/cv1/conv/Conv	45	4267313102843	1372887638343680	14334390974905562	62	6674971	31	little-endian-int64	31
16	/model.8/cv1/conv/Conv	46	5696513087263	2745775276687360	9567618290311612	62	4455269	31	little-endian-int64	31
16	/model.8/cv1/conv/Conv	47	4955784223313	2745775276687360	8323521960095884	62	3875942	31	little-endian-int64	31
16	/model.8/cv1/conv/Conv	48	5072677389049	2745775276687360	8519850691966758	62	3967365	31	little-endian-int64	31
16	/model.8/cv1/conv/Conv	49	1417980849957	1372887638343680	4763159254630478	62	2218019	31	little-endian-int64	31
16	/model.8/cv1/conv/Conv	50	9206349739761	2745775276687360	15462588922000352	62	7200329	31	little-endian-int64	31
16	/model.8/cv1/conv/Conv	51	6028659314981	5491550553374720	5062738401939064	62	2357521	31	little-endian-int64	31
16	/model.8/cv1/conv/Conv	52	8912227383533	5491550553374720	7484296833510425	62	3485147	31	little-endian-int64	31
16	/model.8/cv1/conv/Conv	53	2305324901187	1372887638343680	7743849036009152	62	3606011	31	little-endian-int64	31
16	/model.8/cv1/conv/Conv	54	7142377536393	5491550553374720	5998015005556460	62	2793043	31	little-endian-int64	31
16	/model.8/cv1/conv/Conv	55	8249785388781	5491550553374720	6927992297018527	62	3226098	31	little-endian-int64	31
16	/model.8/cv1/conv/Conv	56	8032496132143	5491550553374720	6745517453701981	62	3141126	31	little-endian-int64	31
16	/model.8/cv1/conv/Conv	57	1908262357243	1372887638343680	6410070705426382	62	2984922	31	little-endian-int64	31
16	/model.8/cv1/conv/Conv	58	4444739492367	2745775276687360	7465193217571118	62	3476251	31	little-endian-int64	31
16	/model.8/cv1/conv/Conv	59	583534292555	274577527668736	9800790913579278	62	4563849	31	little-endian-int64	31
16	/model.8/cv1/conv/Conv	60	4872288777357	2745775276687360	8183286601438932	62	3810640	31	little-endian-int64	31
16	/model.8/cv1/conv/Conv	61	444035468017	274577527668736	7457828675660488	62	3472822	31	little-endian-int64	31
16	/model.8/cv1/conv/Conv	62	306497168739	137288763834368	10295589152995107	62	4794257	31	little-endian-int64	31
16	/model.8/cv1/conv/Conv	63	2802250410743	2745775276687360	4706539223758679	62	2191653	31	little-endian-int64	31
16	/model.8/cv1/conv/Conv	64	1597258846671	1372887638343680	5365374474409925	62	2498447	31	little-endian-int64	31
16	/model.8/cv1/conv/Conv	65	711110601199	343221909585920	9554806163340145	62	4449303	31	little-endian-int64	31
16	/model.8/cv1/conv/Conv	66	440387285925	274577527668736	7396555378864506	62	3444289	31	little-endian-int64	31
16	/model.8/cv1/conv/Conv	67	628694017389	549155055337472	5279637111016062	62	2458523	31	little-endian-int64	31
16	/model.8/cv1/conv/Conv	68	85681259645	34322190958592	11512524582792628	62	5360937	31	little-endian-int64	31
16	/model.8/cv1/conv/Conv	69	1574647455339	686443819171840	10578840468692840	62	4926156	31	little-endian-int64	31
16	/model.8/cv1/conv/Conv	70	6086875450143	2745775276687360	10223254119761522	62	4760574	31	little-endian-int64	31
16	/model.8/cv1/conv/Conv	71	8712871773747	1372887638343680	29267529124099383	62	13628755	31	little-endian-int64	31
16	/model.8/cv1/conv/Conv	72	8450286358061	2745775276687360	14192737395535528	62	6609008	31	little-endian-int64	31
16	/model.8/cv1/conv/Conv	73	5169734854479	2745775276687360	8682864235029734	62	4043274	31	little-endian-int64	31
16	/model.8/cv1/conv/Conv	74	4893048561499	2745775276687360	8218153841699298	62	3826876	31	little-endian-int64	31
16	/model.8/cv1/conv/Conv	75	1798421349913	549155055337472	15102755613418389	62	7032769	31	little-endian-int64	31
16	/model.8/cv1/conv/Conv	76	3613974365731	2745775276687360	6069875854335739	62	2826506	31	little-endian-int64	31
16	/model.8/cv1/conv/Conv	77	1156137223653	686443819171840	7767193353327118	62	3616881	31	little-endian-int64	31
16	/model.8/cv1/conv/Conv	78	8501348295783	5491550553374720	7139249414603130	62	3324472	31	little-endian-int64	31
16	/model.8/cv1/conv/Conv	79	282070858409	171610954792960	7580065244086390	62	3529743	31	little-endian-int64	31
16	/model.8/cv1/conv/Conv	80	7441500951793	5491550553374720	6249212414954195	62	2910016	31	little-endian-int64	31
16	/model.8/cv1/conv/Conv	81	8289684944087	5491550553374720	6961499085230296	62	3241701	31	little-endian-int64	31
16	/model.8/cv1/conv/Conv	82	116868515857	68644381917184	7851493239786406	62	3656136	31	little-endian-int64	31
16	/model.8/cv1/conv/Conv	83	1260205573273	686443819171840	8466348243354942	62	3942451	31	little-endian-int64	31
16	/model.8/cv1/conv/Conv	84	4153325183311	1372887638343680	13951492564217304	62	6496670	31	little-endian-int64	31
16	/model.8/cv1/conv/Conv	85	8330453550941	5491550553374720	6995735684236713	62	3257643	31	little-endian-int64	31
16	/model.8/cv1/conv/Conv	86	310834400937	274577527668736	5220640862411822	62	2431050	31	little-endian-int64	31
16	/model.8/cv1/conv/Conv	87	4442628774821	2745775276687360	7461648147193952	62	3474601	31	little-endian-int64	31
16	/model.8/cv1/conv/Conv	88	7737018605823	5491550553374720	6497381783521896	62	3025579	31	little-endian-int64	31
16	/model.8/cv1/conv/Conv	89	8057489962943	5491550553374720	6766506735131152	62	3150900	31	little-endian-int64	31
16	/model.8/cv1/conv/Conv	90	6366572467879	5491550553374720	5346510598428227	62	2489663	31	little-endian-int64	31
16	/model.8/cv1/conv/Conv	91	44759020987	42902738698240	4811220857858980	62	2240399	31	little-endian-int64	31
16	/model.8/cv1/conv/Conv	92	241235754207	171610954792960	6482707098526359	62	3018746	31	little-endian-int64	31
16	/model.8/cv1/conv/Conv	93	4137816396649	2745775276687360	6949698391292836	62	3236205	31	little-endian-int64	31
16	/model.8/cv1/conv/Conv	94	3230706581979	2745775276687360	5426155774746719	62	2526751	31	little-endian-int64	31
16	/model.8/cv1/conv/Conv	95	8727621573437	5491550553374720	7329268845501281	62	3412957	31	little-endian-int64	31
16	/model.8/cv1/conv/Conv	96	7068706500351	5491550553374720	5936147654327367	62	2764234	31	little-endian-int64	31
16	/model.8/cv1/conv/Conv	97	2962472331231	2745775276687360	4975641067902141	62	2316963	31	little-endian-int64	31
16	/model.8/cv1/conv/Conv	98	48531025727	21451369349120	10433359715300744	62	4858412	31	little-endian-int64	31
16	/model.8/cv1/conv/Conv	99	5944704120119	2745775276687360	9984469270739240	62	4649381	31	little-endian-int64	31
16	/model.8/cv1/conv/Conv	100	4960427572613	2745775276687360	8331320729801218	62	3879574	31	little-endian-int64	31
16	/model.8/cv1/conv/Conv	101	1635342336473	549155055337472	13733253140718740	62	6395044	31	little-endian-int64	31
16	/model.8/cv1/conv/Conv	102	9121582818651	5491550553374720	7660109024189821	62	3567016	31	little-endian-int64	31
16	/model.8/cv1/conv/Conv	103	1649152001243	1098310110674944	6924611867335141	62	3224524	31	little-endian-int64	31
16	/model.8/cv1/conv/Conv	104	206300569881	171610954792960	5543896978264694	62	2581578	31	little-endian-int64	31
16	/model.8/cv1/conv/Conv	105	11574551323	8580547739648	6220837891176288	62	2896803	31	little-endian-int64	31
16	/model.8/cv1/conv/Conv	106	4006575854829	1372887638343680	13458544847687110	62	6267123	31	little-endian-int64	31
16	/model.8/cv1/conv/Conv	107	9599868433659	5491550553374720	8061762994613870	62	3754051	31	little-endian-int64	31
16	/model.8/cv1/conv/Conv	108	9150580248403	5491550553374720	7684460441891958	62	3578356	31	little-endian-int64	31
16	/model.8/cv1/conv/Conv	109	4413509815433	2745775276687360	7412741195841835	62	3451827	31	little-endian-int64	31
16	/model.8/cv1/conv/Conv	110	3082680045813	1372887638343680	10355073546814237	62	4821957	31	little-endian-int64	31
16	/model.8/cv1/conv/Conv	111	716379942775	274577527668736	12032009298164602	62	5602841	31	little-endian-int64	31
16	/model.8/cv1/conv/Conv	112	3327210285011	1372887638343680	11176478484623008	62	5204453	31	little-endian-int64	31
16	/model.8/cv1/conv/Conv	113	8344035061017	2745775276687360	14014282288455990	62	6525909	31	little-endian-int64	31
16	/model.8/cv1/conv/Conv	114	2162864651651	686443819171840	14530617648802514	62	6766346	31	little-endian-int64	31
16	/model.8/cv1/conv/Conv	115	7252818166361	5491550553374720	6090760670763301	62	2836231	31	little-endian-int64	31
16	/model.8/cv1/conv/Conv	116	706528016717	274577527668736	11866540586861057	62	5525789	31	little-endian-int64	31
16	/model.8/cv1/conv/Conv	117	3062719376353	1372887638343680	10288023383569859	62	4790734	31	little-endian-int64	31
16	/model.8/cv1/conv/Conv	118	410461186313	171610954792960	11030287176657760	62	5136378	31	little-endian-int64	31
16	/model.8/cv1/conv/Conv	119	4213484646143	2745775276687360	7076787527535390	62	3295386	31	little-endian-int64	31
16	/model.8/cv1/conv/Conv	120	6644886799379	2745775276687360	11160465973639130	62	5196997	31	little-endian-int64	31
16	/model.8/cv1/conv/Conv	121	5095066358217	1372887638343680	17114908482603029	62	7969750	31	little-endian-int64	31
16	/model.8/cv1/conv/Conv	122	381984270285	274577527668736	6415643455926934	62	2987517	31	little-endian-int64	31
16	/model.8/cv1/conv/Conv	123	6235701100991	5491550553374720	5236607639869650	62	2438485	31	little-endian-int64	31
16	/model.8/cv1/conv/Conv	124	4710977676169	2745775276687360	7912355416253478	62	3684478	31	little-endian-int64	31
16	/model.8/cv1/conv/Conv	125	9213503937201	5491550553374720	7737302402106508	62	3602962	31	little-endian-int64	31
16	/model.8/cv1/conv/Conv	126	4286706251833	2745775276687360	7199767386110985	62	3352653	31	little-endian-int64	31
16	/model.8/cv1/conv/Conv	127	1035566066669	1098310110674944	4348230526513554	62	2024803	31	little-endian-int64	31
16	/model.8/cv1/conv/Conv	128	6273117324301	2745775276687360	10536057958587097	62	4906234	31	little-endian-int64	31
16	/model.8/cv1/conv/Conv	129	6102537868609	5491550553374720	5124780021972683	62	2386412	31	little-endian-int64	31
16	/model.8/cv1/conv/Conv	130	330830612083	171610954792960	8890381794400075	62	4139907	31	little-endian-int64	31
16	/model.8/cv1/conv/Conv	131	3547139944967	1372887638343680	11915247273509630	62	5548469	31	little-endian-int64	31
16	/model.8/cv1/conv/Conv	132	3053846566419	1372887638343680	10258218603940436	62	4776855	31	little-endian-int64	31
16	/model.8/cv1/conv/Conv	133	1599683706861	549155055337472	13433799640255408	62	6255600	31	little-endian-int64	31
16	/model.8/cv1/conv/Conv	134	9549204333519	5491550553374720	8019216373221437	62	3734239	31	little-endian-int64	31
16	/model.8/cv1/conv/Conv	135	397067703221	274577527668736	6668978305910576	62	3105485	31	little-endian-int64	31
16	/model.8/cv1/conv/Conv	136	7593230702339	10983101106749440	3188315897697691	62	1484675	31	little-endian-int64	31
16	/model.8/cv1/conv/Conv	137	655452320923	686443819171840	4403478070198323	62	2050529	31	little-endian-int64	31
16	/model.8/cv1/conv/Conv	138	923006693613	549155055337472	7751211652297632	62	3609439	31	little-endian-int64	31
16	/model.8/cv1/conv/Conv	139	9275731696857	5491550553374720	7789559935998694	62	3627297	31	little-endian-int64	31
16	/model.8/cv1/conv/Conv	140	999212654421	549155055337472	8391172917450896	62	3907444	31	little-endian-int64	31
16	/model.8/cv1/conv/Conv	141	519222184991	549155055337472	4360316212529135	62	2030430	31	little-endian-int64	31
16	/model.8/cv1/conv/Conv	142	5047263937053	5491550553374720	4238583675700856	62	1973744	31	little-endian-int64	31
16	/model.8/cv1/conv/Conv	143	764894344165	549155055337472	6423418155355400	62	2991137	31	little-endian-int64	31
16	/model.8/cv1/conv/Conv	144	1232554141565	549155055337472	10350724529189670	62	4819932	31	little-endian-int64	31
16	/model.8/cv1/conv/Conv	145	7776733573663	5491550553374720	6530733559150633	62	3041110	31	little-endian-int64	31
16	/model.8/cv1/conv/Conv	146	2791295545913	1372887638343680	9376279808241077	62	4366171	31	little-endian-int64	31
16	/model.8/cv1/conv/Conv	147	9069366349387	5491550553374720	7616258756602200	62	3546597	31	little-endian-int64	31
16	/model.8/cv1/conv/Conv	148	2938471374627	1372887638343680	9870660187650473	62	4596384	31	little-endian-int64	31
16	/model.8/cv1/conv/Conv	149	8746006943653	5491550553374720	7344708483895693	62	3420146	31	little-endian-int64	31
16	/model.8/cv1/conv/Conv	150	428587446173	274577527668736	7198370347241548	62	3352002	31	little-endian-int64	31
16	/model.8/cv1/conv/Conv	151	2913592194427	2745775276687360	4893544093181842	62	2278734	31	little-endian-int64	31
16	/model.8/cv1/conv/Conv	152	2904468299679	2745775276687360	4878219992116398	62	2271598	31	little-endian-int64	31
16	/model.8/cv1/conv/Conv	153	5588085721831	2745775276687360	9385508352392389	62	4370468	31	little-endian-int64	31
16	/model.8/cv1/conv/Conv	154	1185949819171	549155055337472	9959351455421616	62	4637684	31	little-endian-int64	31
16	/model.8/cv1/conv/Conv	155	5979789496731	2745775276687360	10043397159757174	62	4676821	31	little-endian-int64	31
16	/model.8/cv1/conv/Conv	156	5443517047761	5491550553374720	4571348513727787	62	2128700	31	little-endian-int64	31
16	/model.8/cv1/conv/Conv	157	332400178797	171610954792960	8932560621961961	62	4159548	31	little-endian-int64	31
16	/model.8/cv1/conv/Conv	158	2014875950183	686443819171840	13536395825567839	62	6303376	31	little-endian-int64	31
16	/model.8/cv1/conv/Conv	159	6478000239513	2745775276687360	10880170487940827	62	5066474	31	little-endian-int64	31
16	/model.8/cv1/conv/Conv	160	2166895766747	1372887638343680	7278849799356296	62	3389479	31	little-endian-int64	31
16	/model.8/cv1/conv/Conv	161	289718053429	274577527668736	4865979774923322	62	2265898	31	little-endian-int64	31
16	/model.8/cv1/conv/Conv	162	8019163413869	2745775276687360	13468641847427831	62	6271825	31	little-endian-int64	31
16	/model.8/cv1/conv/Conv	163	6023393412923	2745775276687360	10116632421345634	62	4710924	31	little-endian-int64	31
16	/model.8/cv1/conv/Conv	164	3434786942991	2745775276687360	5768920368595824	62	2686363	31	little-endian-int64	31
16	/model.8/cv1/conv/Conv	165	286175349889	343221909585920	3845182440403878	62	1790553	31	little-endian-int64	31
16	/model.8/cv1/conv/Conv	166	413523503839	343221909585920	5556290282418652	62	2587349	31	little-endian-int64	31
16	/model.8/cv1/conv/Conv	167	987232813227	686443819171840	6632455030601669	62	3088478	31	little-endian-int64	31
16	/model.8/cv1/conv/Conv	168	3804353980043	1372887638343680	12779258526997468	62	5950806	31	little-endian-int64	31
16	/model.8/cv1/conv/Conv	169	7637936410797	5491550553374720	6414174687632430	62	2986833	31	little-endian-int64	31
16	/model.8/cv1/conv/Conv	170	5983420481233	5491550553374720	5024747802552265	62	2339831	31	little-endian-int64	31
16	/model.8/cv1/conv/Conv	171	8425865780261	5491550553374720	7075860821875960	62	3294954	31	little-endian-int64	31
16	/model.8/cv1/conv/Conv	172	810307446825	274577527668736	13609575244113965	62	6337452	31	little-endian-int64	31
16	/model.8/cv1/conv/Conv	173	475387821093	137288763834368	15968818617306482	62	7436061	31	little-endian-int64	31
16	/model.8/cv1/conv/Conv	174	1341875781677	1098310110674944	5634392072584349	62	2623718	31	little-endian-int64	31
16	/model.8/cv1/conv/Conv	175	401769524327	171610954792960	10796716912416229	62	5027613	31	little-endian-int64	31
16	/model.8/cv1/conv/Conv	176	6086945387009	2745775276687360	10223371582712639	62	4760628	31	little-endian-int64	31
16	/model.8/cv1/conv/Conv	177	1406692351881	686443819171840	9450479806526420	62	4400723	31	little-endian-int64	31
16	/model.8/cv1/conv/Conv	178	331242207737	171610954792960	8901442568026604	62	4145057	31	little-endian-int64	31
16	/model.8/cv1/conv/Conv	179	5692420060843	5491550553374720	4780371909619010	62	2226034	31	little-endian-int64	31
16	/model.8/cv1/conv/Conv	180	5180299907269	2745775276687360	8700608843137056	62	4051537	31	little-endian-int64	31
16	/model.8/cv1/conv/Conv	181	3300049557871	1372887638343680	11085242507181347	62	5161968	31	little-endian-int64	31
16	/model.8/cv1/conv/Conv	182	5154140079867	1372887638343680	17313343845105417	62	8062154	31	little-endian-int64	31
16	/model.8/cv1/conv/Conv	183	75327163959	85805477396480	4048520436898805	62	1885239	31	little-endian-int64	31
16	/model.8/cv1/conv/Conv	184	6629188839227	2745775276687360	11134100355168653	62	5184720	31	little-endian-int64	31
16	/model.8/cv1/conv/Conv	185	768274243853	274577527668736	12903603651677034	62	6008709	31	little-endian-int64	31
16	/model.8/cv1/conv/Conv	186	8155526544497	10983101106749440	3424417873660231	62	1594619	31	little-endian-int64	31
16	/model.8/cv1/conv/Conv	187	2858027927643	1372887638343680	9600441482660321	62	4470554	31	little-endian-int64	31
16	/model.8/cv1/conv/Conv	188	1606193567929	686443819171840	10790774442462980	62	5024846	31	little-endian-int64	31
16	/model.8/cv1/conv/Conv	189	5899311654567	5491550553374720	4954115019298807	62	2306940	31	little-endian-int64	31
16	/model.8/cv1/conv/Conv	190	5314222126623	2745775276687360	8925538840793936	62	4156278	31	little-endian-int64	31
16	/model.8/cv1/conv/Conv	191	1512482753513	686443819171840	10161203834428230	62	4731679	31	little-endian-int64	31
16	/model.8/cv1/conv/Conv	192	4853263656793	2745775276687360	8151332827490706	62	3795760	31	little-endian-int64	31
16	/model.8/cv1/conv/Conv	193	2086275757839	1372887638343680	7008038002744109	62	3263372	31	little-endian-int64	31
16	/model.8/cv1/conv/Conv	194	988821870543	686443819171840	6643130679798304	62	3093449	31	little-endian-int64	31
16	/model.8/cv1/conv/Conv	195	933846907843	549155055337472	7842245439413599	62	3651830	31	little-endian-int64	31
16	/model.8/cv1/conv/Conv	196	2844183867693	1372887638343680	9553937707750736	62	4448899	31	little-endian-int64	31
16	/model.8/cv1/conv/Conv	197	5186716901351	2745775276687360	8711386550307613	62	4056555	31	little-endian-int64	31
16	/model.8/cv1/conv/Conv	198	6331522632953	2745775276687360	10634153002125153	62	4951913	31	little-endian-int64	31
16	/model.8/cv1/conv/Conv	199	4167218543019	2745775276687360	6999080971315871	62	3259201	31	little-endian-int64	31
16	/model.8/cv1/conv/Conv	200	156284245631	85805477396480	8399625435875973	62	3911380	31	little-endian-int64	31
16	/model.8/cv1/conv/Conv	201	7940195520107	5491550553374720	6668005385319558	62	3105032	31	little-endian-int64	31
16	/model.8/cv1/conv/Conv	202	6011613063773	5491550553374720	5048423326879940	62	2350855	31	little-endian-int64	31
16	/model.8/cv1/conv/Conv	203	6241714524961	5491550553374720	5241657583956623	62	2440837	31	little-endian-int64	31
16	/model.8/cv1/conv/Conv	204	5178831233083	2745775276687360	8698142121163591	62	4050388	31	little-endian-int64	31
16	/model.8/cv1/conv/Conv	205	178228370471	137288763834368	5986894056237761	62	2787865	31	little-endian-int64	31
16	/model.8/cv1/conv/Conv	206	1224353184147	686443819171840	8225483722411238	62	3830289	31	little-endian-int64	31
16	/model.8/cv1/conv/Conv	207	9165690050977	5491550553374720	7697149329045859	62	3584264	31	little-endian-int64	31
16	/model.8/cv1/conv/Conv	208	5970045342237	2745775276687360	10027031297108869	62	4669200	31	little-endian-int64	31
16	/model.8/cv1/conv/Conv	209	500636176225	274577527668736	8408469818408467	62	3915499	31	little-endian-int64	31
16	/model.8/cv1/conv/Conv	210	5518018154147	2745775276687360	9267825880349973	62	4315668	31	little-endian-int64	31
16	/model.8/cv1/conv/Conv	211	2403590783941	1372887638343680	8073935333626177	62	3759719	31	little-endian-int64	31
16	/model.8/cv1/conv/Conv	212	569032138161	274577527668736	9557218967893425	62	4450427	31	little-endian-int64	31
16	/model.8/cv1/conv/Conv	213	4951410302923	2745775276687360	8316175711595675	62	3872521	31	little-endian-int64	31
16	/model.8/cv1/conv/Conv	214	7107380440743	5491550553374720	5968625197500247	62	2779358	31	little-endian-int64	31
16	/model.8/cv1/conv/Conv	215	1368213317509	1098310110674944	5744980552628135	62	2675215	31	little-endian-int64	31
16	/model.8/cv1/conv/Conv	216	3022573322257	1372887638343680	10153168213198512	62	4727937	31	little-endian-int64	31
16	/model.8/cv1/conv/Conv	217	5682116411421	2745775276687360	9543438252980777	62	4444010	31	little-endian-int64	31
16	/model.8/cv1/conv/Conv	218	3308381216973	1372887638343680	11113229499501674	62	5175001	31	little-endian-int64	31
16	/model.8/cv1/conv/Conv	219	4047972746971	2745775276687360	6798800862794295	62	3165938	31	little-endian-int64	31
16	/model.8/cv1/conv/Conv	220	6417860267283	5491550553374720	5389580989045315	62	2509719	31	little-endian-int64	31
16	/model.8/cv1/conv/Conv	221	6028355490891	2745775276687360	10124966514008519	62	4714805	31	little-endian-int64	31
16	/model.8/cv1/conv/Conv	222	4436030632791	2745775276687360	7450566191723780	62	3469440	31	little-endian-int64	31
16	/model.8/cv1/conv/Conv	223	3139809293287	2745775276687360	5273488599492820	62	2455659	31	little-endian-int64	31
16	/model.8/cv1/conv/Conv	224	1767584924537	1098310110674944	7421898973379155	62	3456091	31	little-endian-int64	31
16	/model.8/cv1/conv/Conv	225	1833216660507	549155055337472	15394959146488985	62	7168836	31	little-endian-int64	31
16	/model.8/cv1/conv/Conv	226	1256216878899	686443819171840	8439551285522985	62	3929972	31	little-endian-int64	31
16	/model.8/cv1/conv/Conv	227	730817892833	343221909585920	9819602316357403	62	4572609	31	little-endian-int64	31
16	/model.8/cv1/conv/Conv	228	4959944893587	2745775276687360	8330510042876294	62	3879196	31	little-endian-int64	31
16	/model.8/cv1/conv/Conv	229	1481770150785	1098310110674944	6221793481167960	62	2897248	31	little-endian-int64	31
16	/model.8/cv1/conv/Conv	230	5868023505827	2745775276687360	9855679810138708	62	4589409	31	little-endian-int64	31
16	/model.8/cv1/conv/Conv	231	7557199458277	2745775276687360	12692747063499520	62	5910521	31	little-endian-int64	31
16	/model.8/cv1/conv/Conv	232	933934042299	1098310110674944	3921488587915198	62	1826085	31	little-endian-int64	31
16	/model.8/cv1/conv/Conv	233	7086426897087	1372887638343680	23804115449193736	62	11084655	31	little-endian-int64	31
16	/model.8/cv1/conv/Conv	234	6434248424047	5491550553374720	5403343410547543	62	2516128	31	little-endian-int64	31
16	/model.8/cv1/conv/Conv	235	8239613587549	10983101106749440	3459725118581750	62	1611060	31	little-endian-int64	31
16	/model.8/cv1/conv/Conv	236	5941622311991	2745775276687360	9979293198401477	62	4646971	31	little-endian-int64	31
16	/model.8/cv1/conv/Conv	237	1160370123805	549155055337472	9744538676538026	62	4537654	31	little-endian-int64	31
16	/model.8/cv1/conv/Conv	238	2999220141543	2745775276687360	5037361109036799	62	2345704	31	little-endian-int64	31
16	/model.8/cv1/conv/Conv	239	5554098697967	2745775276687360	9328425209393643	62	4343886	31	little-endian-int64	31
16	/model.8/cv1/conv/Conv	240	2604310735867	1372887638343680	8748176524284220	62	4073687	31	little-endian-int64	31
16	/model.8/cv1/conv/Conv	241	873493685497	549155055337472	7335412061563612	62	3415817	31	little-endian-int64	31
16	/model.8/cv1/conv/Conv	242	763282356729	686443819171840	5127904825315728	62	2387867	31	little-endian-int64	31
16	/model.8/cv1/conv/Conv	243	9032497009439	5491550553374720	7585296678060949	62	3532179	31	little-endian-int64	31
16	/model.8/cv1/conv/Conv	244	1003158928073	549155055337472	8424312874643192	62	3922876	31	little-endian-int64	31
16	/model.8/cv1/conv/Conv	245	8161849525087	5491550553374720	6854145650397612	62	3191710	31	little-endian-int64	31
16	/model.8/cv1/conv/Conv	246	1651277623367	549155055337472	13867074251995824	62	6457360	31	little-endian-int64	31
16	/model.8/cv1/conv/Conv	247	1742428289885	1098310110674944	7316268970370241	62	3406903	31	little-endian-int64	31
16	/model.8/cv1/conv/Conv	248	4817054704301	2745775276687360	8090517828766297	62	3767441	31	little-endian-int64	31
16	/model.8/cv1/conv/Conv	249	5948109242939	1372887638343680	19980376737046303	62	9304088	31	little-endian-int64	31
16	/model.8/cv1/conv/Conv	250	1852999621537	1098310110674944	7780546098717047	62	3623099	31	little-endian-int64	31
16	/model.8/cv1/conv/Conv	251	1266973398191	1372887638343680	4255908016774057	62	1981812	31	little-endian-int64	31
16	/model.8/cv1/conv/Conv	252	9380764258023	10983101106749440	3938882010683011	62	1834185	31	little-endian-int64	31
16	/model.8/cv1/conv/Conv	253	1012183076799	549155055337472	8500095734335395	62	3958166	31	little-endian-int64	31
16	/model.8/cv1/conv/Conv	254	4546819800583	2745775276687360	7636642911270901	62	3556089	31	little-endian-int64	31
16	/model.8/cv1/conv/Conv	255	8785396303789	5491550553374720	7377786821179206	62	3435550	31	little-endian-int64	31
17	/model.8/m.0/cv1/conv/Conv	0	42966871484755	45064935763345408	4396982201913636	62	2047504	31	little-endian-int64	31
17	/model.8/m.0/cv1/conv/Conv	1	97929255018781	90129871526690816	5010758015242274	62	2333316	31	little-endian-int64	31
17	/model.8/m.0/cv1/conv/Conv	2	113654864289737	90129871526690816	5815392163474068	62	2708003	31	little-endian-int64	31
17	/model.8/m.0/cv1/conv/Conv	3	142050151618275	90129871526690816	7268297258578613	62	3384565	31	little-endian-int64	31
17	/model.8/m.0/cv1/conv/Conv	4	13899598239689	11266233940836352	5689619370621126	62	2649435	31	little-endian-int64	31
17	/model.8/m.0/cv1/conv/Conv	5	120593349828251	45064935763345408	12340828981511964	62	5746646	31	little-endian-int64	31
17	/model.8/m.0/cv1/conv/Conv	6	102895066091147	90129871526690816	5264844269939757	62	2451634	31	little-endian-int64	31
17	/model.8/m.0/cv1/conv/Conv	7	163781824158583	90129871526690816	8380244371268128	62	3902355	31	little-endian-int64	31
17	/model.8/m.0/cv1/conv/Conv	8	84527902321699	90129871526690816	4325049383749938	62	2014008	31	little-endian-int64	31
17	/model.8/m.0/cv1/conv/Conv	9	96769844380505	180259743053381632	2475717155564852	62	1152846	31	little-endian-int64	31
17	/model.8/m.0/cv1/conv/Conv	10	155539942376545	90129871526690816	7958531011025512	62	3705980	31	little-endian-int64	31
17	/model.8/m.0/cv1/conv/Conv	11	48981237021445	45064935763345408	5012457737059629	62	2334108	31	little-endian-int64	31
17	/model.8/m.0/cv1/conv/Conv	12	163354386802517	90129871526690816	8358373632462743	62	3892171	31	little-endian-int64	31
17	/model.8/m.0/cv1/conv/Conv	13	2990697690753	1408279242604544	9793624949183202	62	4560512	31	little-endian-int64	31
17	/model.8/m.0/cv1/conv/Conv	14	157374624001159	180259743053381632	4026203193613157	62	1874847	31	little-endian-int64	31
17	/model.8/m.0/cv1/conv/Conv	15	44826181178187	45064935763345408	4587253249056705	62	2136106	31	little-endian-int64	31
17	/model.8/m.0/cv1/conv/Conv	16	160280955126337	180259743053381632	4100557491405174	62	1909471	31	little-endian-int64	31
17	/model.8/m.0/cv1/conv/Conv	17	114778218798159	180259743053381632	2936435489618543	62	1367384	31	little-endian-int64	31
17	/model.8/m.0/cv1/conv/Conv	18	160876826970843	180259743053381632	4115802014711019	62	1916570	31	little-endian-int64	31
17	/model.8/m.0/cv1/conv/Conv	19	142060365198957	45064935763345408	14537639716189054	62	6769616	31	little-endian-int64	31
17	/model.8/m.0/cv1/conv/Conv	20	105462875749783	90129871526690816	5396231696773131	62	2512816	31	little-endian-int64	31
17	/model.8/m.0/cv1/conv/Conv	21	102704332947027	45064935763345408	10510170008251997	62	4894179	31	little-endian-int64	31
17	/model.8/m.0/cv1/conv/Conv	22	29333752135199	11266233940836352	12007389097396051	62	5591376	31	little-endian-int64	31
17	/model.8/m.0/cv1/conv/Conv	23	53145092869891	45064935763345408	5438562766918436	62	2532528	31	little-endian-int64	31
17	/model.8/m.0/cv1/conv/Conv	24	105628502996749	90129871526690816	5404706366115997	62	2516763	31	little-endian-int64	31
17	/model.8/m.0/cv1/conv/Conv	25	94969486758027	45064935763345408	9718630390580752	62	4525590	31	little-endian-int64	31
17	/model.8/m.0/cv1/conv/Conv	26	103997774433551	180259743053381632	2660633340416687	62	1238954	31	little-endian-int64	31
17	/model.8/m.0/cv1/conv/Conv	27	121488999225055	45064935763345408	12432484583160763	62	5789327	31	little-endian-int64	31
17	/model.8/m.0/cv1/conv/Conv	28	115748508962949	90129871526690816	5922517933248937	62	2757887	31	little-endian-int64	31
17	/model.8/m.0/cv1/conv/Conv	29	27836357587259	22532467881672704	5697225078195815	62	2652977	31	little-endian-int64	31
17	/model.8/m.0/cv1/conv/Conv	30	111966079583715	90129871526690816	5728981912522037	62	2667765	31	little-endian-int64	31
17	/model.8/m.0/cv1/conv/Conv	31	57908782556129	22532467881672704	11852102675156542	62	5519065	31	little-endian-int64	31
17	/model.8/m.0/cv1/conv/Conv	32	32322030820001	45064935763345408	3307650506871871	62	1540245	31	little-endian-int64	31
17	/model.8/m.0/cv1/conv/Conv	33	44074278472463	45064935763345408	4510307856004009	62	2100276	31	little-endian-int64	31
17	/model.8/m.0/cv1/conv/Conv	34	147284980043809	90129871526690816	7536148356666023	62	3509293	31	little-endian-int64	31
17	/model.8/m.0/cv1/conv/Conv	35	80740993301815	90129871526690816	4131284152709041	62	1923779	31	little-endian-int64	31
17	/model.8/m.0/cv1/conv/Conv	36	91264863759505	90129871526690816	4669760303039486	62	2174527	31	little-endian-int64	31
17	/model.8/m.0/cv1/conv/Conv	37	77492576907089	90129871526690816	3965072038835653	62	1846381	31	little-endian-int64	31
17	/model.8/m.0/cv1/conv/Conv	38	47798372975677	22532467881672704	9782820484337615	62	4555481	31	little-endian-int64	31
17	/model.8/m.0/cv1/conv/Conv	39	106086401909235	90129871526690816	5428135735056565	62	2527673	31	little-endian-int64	31
17	/model.8/m.0/cv1/conv/Conv	40	140343050159373	180259743053381632	3590474896060229	62	1671945	31	little-endian-int64	31
17	/model.8/m.0/cv1/conv/Conv	41	43508748727293	45064935763345408	4452434798500916	62	2073327	31	little-endian-int64	31
17	/model.8/m.0/cv1/conv/Conv	42	58701917865347	22532467881672704	12014432475667067	62	5594656	31	little-endian-int64	31
17	/model.8/m.0/cv1/conv/Conv	43	133384575468803	90129871526690816	6824904677481863	62	3178094	31	little-endian-int64	31
17	/model.8/m.0/cv1/conv/Conv	44	157370681917387	90129871526690816	8052204682149996	62	3749600	31	little-endian-int64	31
17	/model.8/m.0/cv1/conv/Conv	45	152532610286845	90129871526690816	7804654486895214	62	3634325	31	little-endian-int64	31
17	/model.8/m.0/cv1/conv/Conv	46	141765664572729	90129871526690816	7253740875571014	62	3377786	31	little-endian-int64	31
17	/model.8/m.0/cv1/conv/Conv	47	102236061177747	45064935763345408	10462249771938927	62	4871865	31	little-endian-int64	31
17	/model.8/m.0/cv1/conv/Conv	48	6502656322297	2816558485209088	10647110436959150	62	4957947	31	little-endian-int64	31
17	/model.8/m.0/cv1/conv/Conv	49	129270274400703	90129871526690816	6614387737981525	62	3080064	31	little-endian-int64	31
17	/model.8/m.0/cv1/conv/Conv	50	11112166732119	11266233940836352	4548620614666812	62	2118117	31	little-endian-int64	31
17	/model.8/m.0/cv1/conv/Conv	51	90562137553361	90129871526690816	4633803826404577	62	2157783	31	little-endian-int64	31
17	/model.8/m.0/cv1/conv/Conv	52	40257863552831	45064935763345408	4119757930052489	62	1918412	31	little-endian-int64	31
17	/model.8/m.0/cv1/conv/Conv	53	32722192141887	45064935763345408	3348600712214404	62	1559314	31	little-endian-int64	31
17	/model.8/m.0/cv1/conv/Conv	54	85441968018953	90129871526690816	4371819493642994	62	2035787	31	little-endian-int64	31
17	/model.8/m.0/cv1/conv/Conv	55	46393856310547	22532467881672704	9495360189209595	62	4421622	31	little-endian-int64	31
17	/model.8/m.0/cv1/conv/Conv	56	44500142976923	45064935763345408	4553888377038727	62	2120570	31	little-endian-int64	31
17	/model.8/m.0/cv1/conv/Conv	57	10751824438233	11266233940836352	4401119193403164	62	2049431	31	little-endian-int64	31
17	/model.8/m.0/cv1/conv/Conv	58	118834583180519	90129871526690816	6080423465343057	62	2831418	31	little-endian-int64	31
17	/model.8/m.0/cv1/conv/Conv	59	144553812822803	180259743053381632	3698201196857771	62	1722109	31	little-endian-int64	31
17	/model.8/m.0/cv1/conv/Conv	60	107651508714289	45064935763345408	11016435487834505	62	5129928	31	little-endian-int64	31
17	/model.8/m.0/cv1/conv/Conv	61	59972781962995	45064935763345408	6137269151283188	62	2857889	31	little-endian-int64	31
17	/model.8/m.0/cv1/conv/Conv	62	51418400449213	45064935763345408	5261863007789030	62	2450246	31	little-endian-int64	31
17	/model.8/m.0/cv1/conv/Conv	63	120606709112145	90129871526690816	6171098046847948	62	2873641	31	little-endian-int64	31
18	/model.8/m.0/cv2/conv/Conv	0	48185115285127	13896380644851712	15990827261849465	62	7446309	31	little-endian-int64	31
18	/model.8/m.0/cv2/conv/Conv	1	120318060978173	55585522579406848	9982259657353667	62	4648352	31	little-endian-int64	31
18	/model.8/m.0/cv2/conv/Conv	2	101539427282887	55585522579406848	8424279117834486	62	3922861	31	little-endian-int64	31
18	/model.8/m.0/cv2/conv/Conv	3	145563125635033	55585522579406848	12076731496599601	62	5623666	31	little-endian-int64	31
18	/model.8/m.0/cv2/conv/Conv	4	61572630869979	27792761289703424	10216820054007048	62	4757578	31	little-endian-int64	31
18	/model.8/m.0/cv2/conv/Conv	5	143278070894225	55585522579406848	11887150567780025	62	5535386	31	little-endian-int64	31
18	/model.8/m.0/cv2/conv/Conv	6	65962519430867	27792761289703424	10945239497029492	62	5096774	31	little-endian-int64	31
18	/model.8/m.0/cv2/conv/Conv	7	6671031082195	3474095161212928	8855457131321693	62	4123644	31	little-endian-int64	31
18	/model.8/m.0/cv2/conv/Conv	8	9497246323037	3970394469957632	11031225842397978	62	5136815	31	little-endian-int64	31
18	/model.8/m.0/cv2/conv/Conv	9	54753224134699	27792761289703424	9085267763565456	62	4230657	31	little-endian-int64	31
18	/model.8/m.0/cv2/conv/Conv	10	617364164869	248149654372352	11473276860310958	62	5342661	31	little-endian-int64	31
18	/model.8/m.0/cv2/conv/Conv	11	40049789222017	13896380644851712	13291018554861311	62	6189113	31	little-endian-int64	31
18	/model.8/m.0/cv2/conv/Conv	12	130182329237043	55585522579406848	10800654554090703	62	5029447	31	little-endian-int64	31
18	/model.8/m.0/cv2/conv/Conv	13	58676712420623	27792761289703424	9736296852868745	62	4533817	31	little-endian-int64	31
18	/model.8/m.0/cv2/conv/Conv	14	30756545734181	13896380644851712	10206940610107230	62	4752977	31	little-endian-int64	31
18	/model.8/m.0/cv2/conv/Conv	15	89259179319145	27792761289703424	14810882049165278	62	6896854	31	little-endian-int64	31
18	/model.8/m.0/cv2/conv/Conv	16	47774441739849	27792761289703424	7927270079905993	62	3691423	31	little-endian-int64	31
18	/model.8/m.0/cv2/conv/Conv	17	30959125039131	13896380644851712	10274169061323178	62	4784283	31	little-endian-int64	31
18	/model.8/m.0/cv2/conv/Conv	18	29129838892811	13896380644851712	9667097798647868	62	4501593	31	little-endian-int64	31
18	/model.8/m.0/cv2/conv/Conv	19	114498669312085	55585522579406848	9499450358513082	62	4423526	31	little-endian-int64	31
18	/model.8/m.0/cv2/conv/Conv	20	122064005898889	55585522579406848	10127113018555910	62	4715804	31	little-endian-int64	31
18	/model.8/m.0/cv2/conv/Conv	21	80468173231473	27792761289703424	13352179927420841	62	6217593	31	little-endian-int64	31
18	/model.8/m.0/cv2/conv/Conv	22	15761735084109	7940788939915264	9153772233910748	62	4262557	31	little-endian-int64	31
18	/model.8/m.0/cv2/conv/Conv	23	136498065087151	55585522579406848	11324643344056928	62	5273448	31	little-endian-int64	31
18	/model.8/m.0/cv2/conv/Conv	24	138748676368739	55585522579406848	11511366650748652	62	5360398	31	little-endian-int64	31
18	/model.8/m.0/cv2/conv/Conv	25	40061854387501	13896380644851712	13295022529449700	62	6190977	31	little-endian-int64	31
18	/model.8/m.0/cv2/conv/Conv	26	151769817076963	55585522579406848	12591673352233891	62	5863455	31	little-endian-int64	31
18	/model.8/m.0/cv2/conv/Conv	27	142567699434705	55585522579406848	11828214176148943	62	5507941	31	little-endian-int64	31
18	/model.8/m.0/cv2/conv/Conv	28	130044933680929	55585522579406848	10789255449868559	62	5024139	31	little-endian-int64	31
18	/model.8/m.0/cv2/conv/Conv	29	98983045685287	55585522579406848	8212187394588106	62	3824098	31	little-endian-int64	31
18	/model.8/m.0/cv2/conv/Conv	30	64496870603	27141368446976	10958891662859954	62	5103132	31	little-endian-int64	31
18	/model.8/m.0/cv2/conv/Conv	31	3622884488795	1737047580606464	9618392685317317	62	4478913	31	little-endian-int64	31
18	/model.8/m.0/cv2/conv/Conv	32	12463027257019	3970394469957632	14476034807968913	62	6740929	31	little-endian-int64	31
18	/model.8/m.0/cv2/conv/Conv	33	34761623208477	13896380644851712	11536075171326385	62	5371904	31	little-endian-int64	31
18	/model.8/m.0/cv2/conv/Conv	34	4098363502143	1737047580606464	10880741478979637	62	5066740	31	little-endian-int64	31
18	/model.8/m.0/cv2/conv/Conv	35	49121838009313	27792761289703424	8150845149414124	62	3795533	31	little-endian-int64	31
18	/model.8/m.0/cv2/conv/Conv	36	12053309368413	3474095161212928	16000159958394185	62	7450655	31	little-endian-int64	31
18	/model.8/m.0/cv2/conv/Conv	37	10675670547183	1737047580606464	28342827881889106	62	13198158	31	little-endian-int64	31
18	/model.8/m.0/cv2/conv/Conv	38	162349772635591	55585522579406848	13469445672456423	62	6272199	31	little-endian-int64	31
18	/model.8/m.0/cv2/conv/Conv	39	61836591206591	27792761289703424	10260619307384003	62	4777973	31	little-endian-int64	31
18	/model.8/m.0/cv2/conv/Conv	40	112201927686559	55585522579406848	9308899820335674	62	4334794	31	little-endian-int64	31
18	/model.8/m.0/cv2/conv/Conv	41	112048664247787	55585522579406848	9296184227769081	62	4328873	31	little-endian-int64	31
18	/model.8/m.0/cv2/conv/Conv	42	34327098065427	13896380644851712	11391872621175225	62	5304754	31	little-endian-int64	31
18	/model.8/m.0/cv2/conv/Conv	43	141775360506047	55585522579406848	11762477304575453	62	5477330	31	little-endian-int64	31
18	/model.8/m.0/cv2/conv/Conv	44	99320691133213	55585522579406848	8240200350464549	62	3837142	31	little-endian-int64	31
18	/model.8/m.0/cv2/conv/Conv	45	10421346415347	3970394469957632	12104585053322670	62	5636637	31	little-endian-int64	31
18	/model.8/m.0/cv2/conv/Conv	46	16101968768855	7940788939915264	9351366067321198	62	4354569	31	little-endian-int64	31
18	/model.8/m.0/cv2/conv/Conv	47	129631253799037	55585522579406848	10754934251849764	62	5008157	31	little-endian-int64	31
18	/model.8/m.0/cv2/conv/Conv	48	123773436770929	55585522579406848	10268936969941691	62	4781846	31	little-endian-int64	31
18	/model.8/m.0/cv2/conv/Conv	49	21613439891419	7940788939915264	12552203478970867	62	5845075	31	little-endian-int64	31
18	/model.8/m.0/cv2/conv/Conv	50	47798810984985	27792761289703424	7931313697807139	62	3693306	31	little-endian-int64	31
18	/model.8/m.0/cv2/conv/Conv	51	132608761436765	55585522579406848	11001964948072059	62	5123189	31	little-endian-int64	31
18	/model.8/m.0/cv2/conv/Conv	52	123855762611319	55585522579406848	10275767182368668	62	4785027	31	little-endian-int64	31
18	/model.8/m.0/cv2/conv/Conv	53	115736463706979	55585522579406848	9602144708403664	62	4471347	31	little-endian-int64	31
18	/model.8/m.0/cv2/conv/Conv	54	8281312574515	3970394469957632	9618896485750262	62	4479148	31	little-endian-int64	31
18	/model.8/m.0/cv2/conv/Conv	55	14156271694177	3970394469957632	16442769286295150	62	7656761	31	little-endian-int64	31
18	/model.8/m.0/cv2/conv/Conv	56	137297312617167	55585522579406848	11390953391860687	62	5304326	31	little-endian-int64	31
18	/model.8/m.0/cv2/conv/Conv	57	3291012799929	1737047580606464	8737306844870235	62	4068626	31	little-endian-int64	31
18	/model.8/m.0/cv2/conv/Conv	58	161976190514895	55585522579406848	13438451209099763	62	6257766	31	little-endian-int64	31
18	/model.8/m.0/cv2/conv/Conv	59	23809479195133	6948190322425856	15802941084650222	62	7358818	31	little-endian-int64	31
18	/model.8/m.0/cv2/conv/Conv	60	93566244301793	27792761289703424	15525558477098860	62	7229652	31	little-endian-int64	31
18	/model.8/m.0/cv2/conv/Conv	61	36626049647007	13896380644851712	12154808175170849	62	5660024	31	little-endian-int64	31
18	/model.8/m.0/cv2/conv/Conv	62	20888972495987	7940788939915264	12131462393469115	62	5649152	31	little-endian-int64	31
18	/model.8/m.0/cv2/conv/Conv	63	3919416790311	1737047580606464	10405656018907745	62	4845511	31	little-endian-int64	31
19	/model.8/m.0/m/m.0/cv1/conv/Conv	0	87155011093581	110610251278974976	3633763972585345	62	1692103	31	little-endian-int64	31
19	/model.8/m.0/m/m.0/cv1/conv/Conv	1	45890238288807	27652562819743744	7653228081546534	62	3563812	31	little-endian-int64	31
19	/model.8/m.0/m/m.0/cv1/conv/Conv	2	140053514294655	55305125639487488	11678534787436135	62	5438242	31	little-endian-int64	31
19	/model.8/m.0/m/m.0/cv1/conv/Conv	3	57584575387359	55305125639487488	4801760743155277	62	2235994	31	little-endian-int64	31
19	/model.8/m.0/m/m.0/cv1/conv/Conv	4	49216052882133	27652562819743744	8207882373805200	62	3822093	31	little-endian-int64	31
19	/model.8/m.0/m/m.0/cv1/conv/Conv	5	67901479504821	55305125639487488	5662048499883287	62	2636597	31	little-endian-int64	31
19	/model.8/m.0/m/m.0/cv1/conv/Conv	6	98109175320387	55305125639487488	8180954421002612	62	3809554	31	little-endian-int64	31
19	/model.8/m.0/m/m.0/cv1/conv/Conv	7	113880298832973	110610251278974976	4748024489861924	62	2210971	31	little-endian-int64	31
19	/model.8/m.0/m/m.0/cv1/conv/Conv	8	116815013526735	110610251278974976	4870381889513435	62	2267948	31	little-endian-int64	31
19	/model.8/m.0/m/m.0/cv1/conv/Conv	9	41129663822163	27652562819743744	6859295350948799	62	3194108	31	little-endian-int64	31
19	/model.8/m.0/m/m.0/cv1/conv/Conv	10	85477353374709	110610251278974976	3563817194991328	62	1659532	31	little-endian-int64	31
19	/model.8/m.0/m/m.0/cv1/conv/Conv	11	99152852739939	55305125639487488	8267982748085189	62	3850079	31	little-endian-int64	31
19	/model.8/m.0/m/m.0/cv1/conv/Conv	12	15981005185425	13826281409871872	5330383202053098	62	2482153	31	little-endian-int64	31
19	/model.8/m.0/m/m.0/cv1/conv/Conv	13	40432058697537	13826281409871872	13485908051787206	62	6279865	31	little-endian-int64	31
19	/model.8/m.0/m/m.0/cv1/conv/Conv	14	129823577480223	55305125639487488	10825498906385222	62	5041016	31	little-endian-int64	31
19	/model.8/m.0/m/m.0/cv1/conv/Conv	15	119081135457945	110610251278974976	4964863573673566	62	2311945	31	little-endian-int64	31
19	/model.8/m.0/m/m.0/cv1/conv/Conv	16	137130697635129	55305125639487488	11434812120372186	62	5324749	31	little-endian-int64	31
19	/model.8/m.0/m/m.0/cv1/conv/Conv	17	100725992682993	55305125639487488	8399160959806525	62	3911164	31	little-endian-int64	31
19	/model.8/m.0/m/m.0/cv1/conv/Conv	18	30906618097941	27652562819743744	5154372832936221	62	2400192	31	little-endian-int64	31
19	/model.8/m.0/m/m.0/cv1/conv/Conv	19	128008848126465	110610251278974976	5337087732048449	62	2485275	31	little-endian-int64	31
19	/model.8/m.0/m/m.0/cv1/conv/Conv	20	4756657884993	3456570352467968	6346236421024181	62	2955197	31	little-endian-int64	31
19	/model.8/m.0/m/m.0/cv1/conv/Conv	21	24381174368223	27652562819743744	4066108507906327	62	1893429	31	little-endian-int64	31
19	/model.8/m.0/m/m.0/cv1/conv/Conv	22	75901459527297	55305125639487488	6329136687293702	62	2947234	31	little-endian-int64	31
19	/model.8/m.0/m/m.0/cv1/conv/Conv	23	67346301875067	55305125639487488	5615754329437498	62	2615039	31	little-endian-int64	31
19	/model.8/m.0/m/m.0/cv1/conv/Conv	24	94631442718077	55305125639487488	7890959404583176	62	3674514	31	little-endian-int64	31
19	/model.8/m.0/m/m.0/cv1/conv/Conv	25	130159635887097	55305125639487488	10853521550551304	62	5054065	31	little-endian-int64	31
19	/model.8/m.0/m/m.0/cv1/conv/Conv	26	113652683506467	110610251278974976	4738534497689498	62	2206552	31	little-endian-int64	31
19	/model.8/m.0/m/m.0/cv1/conv/Conv	27	145738995188067	55305125639487488	12152625614299089	62	5659007	31	little-endian-int64	31
19	/model.8/m.0/m/m.0/cv1/conv/Conv	28	120068410612563	55305125639487488	10012052302099909	62	4662225	31	little-endian-int64	31
19	/model.8/m.0/m/m.0/cv1/conv/Conv	29	138909035054259	110610251278974976	5791550488184576	62	2696901	31	little-endian-int64	31
19	/model.8/m.0/m/m.0/cv1/conv/Conv	30	65502420592851	27652562819743744	10924000035379018	62	5086884	31	little-endian-int64	31
19	/model.8/m.0/m/m.0/cv1/conv/Conv	31	50532809377779	55305125639487488	4213740549085197	62	1962176	31	little-endian-int64	31
19	/model.8/m.0/m/m.0/cv1/conv/Conv	32	36911409432147	13826281409871872	12311613350871223	62	5733042	31	little-endian-int64	31
19	/model.8/m.0/m/m.0/cv1/conv/Conv	33	100878486403311	55305125639487488	8411876836495292	62	3917085	31	little-endian-int64	31
19	/model.8/m.0/m/m.0/cv1/conv/Conv	34	113485971460779	55305125639487488	9463167506117143	62	4406631	31	little-endian-int64	31
19	/model.8/m.0/m/m.0/cv1/conv/Conv	35	118511355695265	55305125639487488	9882215360062481	62	4601765	31	little-endian-int64	31
19	/model.8/m.0/m/m.0/cv1/conv/Conv	36	29117342163465	13826281409871872	9711941755586051	62	4522475	31	little-endian-int64	31
19	/model.8/m.0/m/m.0/cv1/conv/Conv	37	38405624585049	27652562819743744	6405000617207998	62	2982561	31	little-endian-int64	31
19	/model.8/m.0/m/m.0/cv1/conv/Conv	38	3240495918207	864142588116992	17293615572552973	62	8052967	31	little-endian-int64	31
19	/model.8/m.0/m/m.0/cv1/conv/Conv	39	66136086867807	55305125639487488	5514839060486603	62	2568047	31	little-endian-int64	31
19	/model.8/m.0/m/m.0/cv1/conv/Conv	40	13438192897935	6913140704935936	8964482128374583	62	4174412	31	little-endian-int64	31
19	/model.8/m.0/m/m.0/cv1/conv/Conv	41	60450187275243	27652562819743744	10081426639758331	62	4694530	31	little-endian-int64	31
19	/model.8/m.0/m/m.0/cv1/conv/Conv	42	84023769485349	27652562819743744	14012851014101436	62	6525242	31	little-endian-int64	31
19	/model.8/m.0/m/m.0/cv1/conv/Conv	43	102283483745241	110610251278974976	4264517135163895	62	1985821	31	little-endian-int64	31
19	/model.8/m.0/m/m.0/cv1/conv/Conv	44	39709715431347	27652562819743744	6622487060031939	62	3083836	31	little-endian-int64	31
19	/model.8/m.0/m/m.0/cv1/conv/Conv	45	142446362502537	110610251278974976	5939032691210037	62	2765578	31	little-endian-int64	31
19	/model.8/m.0/m/m.0/cv1/conv/Conv	46	22036284659043	27652562819743744	3675045474903881	62	1711326	31	little-endian-int64	31
19	/model.8/m.0/m/m.0/cv1/conv/Conv	47	134428046946363	110610251278974976	5604724131974576	62	2609903	31	little-endian-int64	31
19	/model.8/m.0/m/m.0/cv1/conv/Conv	48	94300077230865	55305125639487488	7863328085303181	62	3661647	31	little-endian-int64	31
19	/model.8/m.0/m/m.0/cv1/conv/Conv	49	82821928461129	55305125639487488	6906208512989493	62	3215954	31	little-endian-int64	31
19	/model.8/m.0/m/m.0/cv1/conv/Conv	50	8789009851521	1728285176233984	23452237168637567	62	10920799	31	little-endian-int64	31
19	/model.8/m.0/m/m.0/cv1/conv/Conv	51	99660385895355	27652562819743744	16620608050713248	62	7739574	31	little-endian-int64	31
19	/model.8/m.0/m/m.0/cv1/conv/Conv	52	19828920175497	6913140704935936	13227671450193589	62	6159615	31	little-endian-int64	31
19	/model.8/m.0/m/m.0/cv1/conv/Conv	53	60616131705819	27652562819743744	10109101601218931	62	4707417	31	little-endian-int64	31
19	/model.8/m.0/m/m.0/cv1/conv/Conv	54	95203019397951	110610251278974976	3969310515010618	62	1848354	31	little-endian-int64	31
19	/model.8/m.0/m/m.0/cv1/conv/Conv	55	129935928419343	110610251278974976	5417433713910816	62	2522689	31	little-endian-int64	31
19	/model.8/m.0/m/m.0/cv1/conv/Conv	56	24418054785195	13826281409871872	8144518291785680	62	3792587	31	little-endian-int64	31
19	/model.8/m.0/m/m.0/cv1/conv/Conv	57	124299871471665	55305125639487488	10364897877547087	62	4826532	31	little-endian-int64	31
19	/model.8/m.0/m/m.0/cv1/conv/Conv	58	143484544495719	55305125639487488	11964635466606306	62	5571468	31	little-endian-int64	31
19	/model.8/m.0/m/m.0/cv1/conv/Conv	59	47217078455697	27652562819743744	7874508484604350	62	3666854	31	little-endian-int64	31
19	/model.8/m.0/m/m.0/cv1/conv/Conv	60	142472496307941	55305125639487488	11880244581971587	62	5532170	31	little-endian-int64	31
19	/model.8/m.0/m/m.0/cv1/conv/Conv	61	31239850285539	13826281409871872	10419893571435715	62	4852141	31	little-endian-int64	31
19	/model.8/m.0/m/m.0/cv1/conv/Conv	62	84554191527741	55305125639487488	7050655402353918	62	3283217	31	little-endian-int64	31
19	/model.8/m.0/m/m.0/cv1/conv/Conv	63	11493858710835	6913140704935936	7667436520811971	62	3570428	31	little-endian-int64	31
20	/model.8/m.0/m/m.0/cv2/conv/Conv	0	4937841674211	5242883758096384	4343368356203087	62	2022539	31	little-endian-int64	31
20	/model.8/m.0/m/m.0/cv2/conv/Conv	1	4236678648429	3276802348810240	5962590845500314	62	2776548	31	little-endian-int64	31
20	/model.8/m.0/m/m.0/cv2/conv/Conv	2	2144047403955	1310720939524096	7543690756367167	62	3512805	31	little-endian-int64	31
20	/model.8/m.0/m/m.0/cv2/conv/Conv	3	11082831491211	13107209395240960	3899421874740327	62	1815810	31	little-endian-int64	31
20	/model.8/m.0/m/m.0/cv2/conv/Conv	4	18880104011061	26214418790481920	3321420642210782	62	1546657	31	little-endian-int64	31
20	/model.8/m.0/m/m.0/cv2/conv/Conv	5	26416889593701	26214418790481920	4647305033283602	62	2164070	31	little-endian-int64	31
20	/model.8/m.0/m/m.0/cv2/conv/Conv	6	10270528998339	6553604697620480	7227237096050417	62	3365445	31	little-endian-int64	31
20	/model.8/m.0/m/m.0/cv2/conv/Conv	7	1230937111023	655360469762048	8661943657555814	62	4033532	31	little-endian-int64	31
20	/model.8/m.0/m/m.0/cv2/conv/Conv	8	6625712004507	6553604697620480	4662426988372639	62	2171112	31	little-endian-int64	31
20	/model.8/m.0/m/m.0/cv2/conv/Conv	9	14810796626247	13107209395240960	5211082058995301	62	2426599	31	little-endian-int64	31
20	/model.8/m.0/m/m.0/cv2/conv/Conv	10	16426533452601	6553604697620480	11559137016929782	62	5382643	31	little-endian-int64	31
20	/model.8/m.0/m/m.0/cv2/conv/Conv	11	15240789109047	13107209395240960	5362372105652955	62	2497049	31	little-endian-int64	31
20	/model.8/m.0/m/m.0/cv2/conv/Conv	12	4603294281333	5242883758096384	4049097568327182	62	1885508	31	little-endian-int64	31
20	/model.8/m.0/m/m.0/cv2/conv/Conv	13	13592551959459	13107209395240960	4782450629723268	62	2227002	31	little-endian-int64	31
20	/model.8/m.0/m/m.0/cv2/conv/Conv	14	15850611835383	13107209395240960	5576934248971128	62	2596962	31	little-endian-int64	31
20	/model.8/m.0/m/m.0/cv2/conv/Conv	15	3570127578333	2621441879048192	6280630354077611	62	2924646	31	little-endian-int64	31
20	/model.8/m.0/m/m.0/cv2/conv/Conv	16	7617910947213	6553604697620480	5360624423630990	62	2496235	31	little-endian-int64	31
20	/model.8/m.0/m/m.0/cv2/conv/Conv	17	25304310178521	6553604697620480	17806312531881212	62	8291710	31	little-endian-int64	31
20	/model.8/m.0/m/m.0/cv2/conv/Conv	18	10224871044513	6553604697620480	7195108190355843	62	3350483	31	little-endian-int64	31
20	/model.8/m.0/m/m.0/cv2/conv/Conv	19	4805474377257	3276802348810240	6763099094320910	62	3149313	31	little-endian-int64	31
20	/model.8/m.0/m/m.0/cv2/conv/Conv	20	9455247222057	13107209395240960	3326766979900915	62	1549147	31	little-endian-int64	31
20	/model.8/m.0/m/m.0/cv2/conv/Conv	21	25017027113331	26214418790481920	4401038797894573	62	2049393	31	little-endian-int64	31
20	/model.8/m.0/m/m.0/cv2/conv/Conv	22	769838121789	655360469762048	5417250301953332	62	2522604	31	little-endian-int64	31
20	/model.8/m.0/m/m.0/cv2/conv/Conv	23	1020146711817	1310720939524096	3589319576552507	62	1671407	31	little-endian-int64	31
20	/model.8/m.0/m/m.0/cv2/conv/Conv	24	16472776809483	13107209395240960	5795838931553981	62	2698898	31	little-endian-int64	31
20	/model.8/m.0/m/m.0/cv2/conv/Conv	25	20377728801783	13107209395240960	7169770785580718	62	3338685	31	little-endian-int64	31
20	/model.8/m.0/m/m.0/cv2/conv/Conv	26	18433326489447	6553604697620480	12971291062971098	62	6040228	31	little-endian-int64	31
20	/model.8/m.0/m/m.0/cv2/conv/Conv	27	5936643824007	3276802348810240	8355077421589655	62	3890636	31	little-endian-int64	31
20	/model.8/m.0/m/m.0/cv2/conv/Conv	28	4878639305631	6553604697620480	3433034751531132	62	1598631	31	little-endian-int64	31
20	/model.8/m.0/m/m.0/cv2/conv/Conv	29	465916368549	327680234881024	6557185249131773	62	3053427	31	little-endian-int64	31
20	/model.8/m.0/m/m.0/cv2/conv/Conv	30	19839119660301	13107209395240960	6980264676975206	62	3250439	31	little-endian-int64	31
20	/model.8/m.0/m/m.0/cv2/conv/Conv	31	3332164720611	2621441879048192	5862001967679807	62	2729707	31	little-endian-int64	31
20	/model.8/m.0/m/m.0/cv2/conv/Conv	32	1594918430175	1310720939524096	5611616327454718	62	2613112	31	little-endian-int64	31
20	/model.8/m.0/m/m.0/cv2/conv/Conv	33	2934683014671	2621441879048192	5162745256892184	62	2404091	31	little-endian-int64	31
20	/model.8/m.0/m/m.0/cv2/conv/Conv	34	13161322464249	13107209395240960	4630725348328471	62	2156350	31	little-endian-int64	31
20	/model.8/m.0/m/m.0/cv2/conv/Conv	35	15030611989233	13107209395240960	5288422658778970	62	2462614	31	little-endian-int64	31
20	/model.8/m.0/m/m.0/cv2/conv/Conv	36	574654986201	327680234881024	8087544145727797	62	3766056	31	little-endian-int64	31
20	/model.8/m.0/m/m.0/cv2/conv/Conv	37	15254560019031	13107209395240960	5367217310388701	62	2499305	31	little-endian-int64	31
20	/model.8/m.0/m/m.0/cv2/conv/Conv	38	3314501577213	1638401174405120	9329485855159157	62	4344380	31	little-endian-int64	31
20	/model.8/m.0/m/m.0/cv2/conv/Conv	39	17937030141471	13107209395240960	6311026902917022	62	2938801	31	little-endian-int64	31
20	/model.8/m.0/m/m.0/cv2/conv/Conv	40	4019595166371	3276802348810240	5657073224212626	62	2634280	31	little-endian-int64	31
20	/model.8/m.0/m/m.0/cv2/conv/Conv	41	3219830055615	2621441879048192	5664380876749927	62	2637683	31	little-endian-int64	31
20	/model.8/m.0/m/m.0/cv2/conv/Conv	42	9689025144837	6553604697620480	6818040430308507	62	3174897	31	little-endian-int64	31
20	/model.8/m.0/m/m.0/cv2/conv/Conv	43	1706528310435	1310720939524096	6004308401558822	62	2795974	31	little-endian-int64	31
20	/model.8/m.0/m/m.0/cv2/conv/Conv	44	8996183205351	1638401174405120	25321986431309800	62	11791469	31	little-endian-int64	31
20	/model.8/m.0/m/m.0/cv2/conv/Conv	45	1528861967481	1638401174405120	4303360782256213	62	2003909	31	little-endian-int64	31
20	/model.8/m.0/m/m.0/cv2/conv/Conv	46	15150560378499	13107209395240960	5330625716121729	62	2482266	31	little-endian-int64	31
20	/model.8/m.0/m/m.0/cv2/conv/Conv	47	20104512832647	6553604697620480	14147283062598498	62	6587842	31	little-endian-int64	31
20	/model.8/m.0/m/m.0/cv2/conv/Conv	48	1936393092549	1638401174405120	5450458099390684	62	2538067	31	little-endian-int64	31
20	/model.8/m.0/m/m.0/cv2/conv/Conv	49	26238669208569	13107209395240960	9231904388071642	62	4298940	31	little-endian-int64	31
20	/model.8/m.0/m/m.0/cv2/conv/Conv	50	409996438533	327680234881024	5770182763309399	62	2686951	31	little-endian-int64	31
20	/model.8/m.0/m/m.0/cv2/conv/Conv	51	358470515979	81920058720256	20180081562246709	62	9397083	31	little-endian-int64	31
20	/model.8/m.0/m/m.0/cv2/conv/Conv	52	13522638108771	13107209395240960	4757851897987943	62	2215547	31	little-endian-int64	31
20	/model.8/m.0/m/m.0/cv2/conv/Conv	53	3550593235881	5242883758096384	3123132600021731	62	1454322	31	little-endian-int64	31
20	/model.8/m.0/m/m.0/cv2/conv/Conv	54	4595353010115	5242883758096384	4042112357299370	62	1882255	31	little-endian-int64	31
20	/model.8/m.0/m/m.0/cv2/conv/Conv	55	22492497341583	13107209395240960	7913838284093927	62	3685168	31	little-endian-int64	31
20	/model.8/m.0/m/m.0/cv2/conv/Conv	56	24892249148853	13107209395240960	8758175283951512	62	4078343	31	little-endian-int64	31
20	/model.8/m.0/m/m.0/cv2/conv/Conv	57	15470385581427	6553604697620480	10886308249786830	62	5069332	31	little-endian-int64	31
20	/model.8/m.0/m/m.0/cv2/conv/Conv	58	1015365920193	655360469762048	7144997346943864	62	3327149	31	little-endian-int64	31
20	/model.8/m.0/m/m.0/cv2/conv/Conv	59	7345761247929	6553604697620480	5169116235234619	62	2407057	31	little-endian-int64	31
20	/model.8/m.0/m/m.0/cv2/conv/Conv	60	10527527909007	6553604697620480	7408083872406796	62	3449658	31	little-endian-int64	31
20	/model.8/m.0/m/m.0/cv2/conv/Conv	61	8170604607459	6553604697620480	5749547732715437	62	2677342	31	little-endian-int64	31
20	/model.8/m.0/m/m.0/cv2/conv/Conv	62	2419845418713	1638401174405120	6811254446449106	62	3171738	31	little-endian-int64	31
20	/model.8/m.0/m/m.0/cv2/conv/Conv	63	16942012204287	13107209395240960	5960936340492497	62	2775777	31	little-endian-int64	31
22	/model.8/m.0/m/m.1/cv1/conv/Conv	0	193969866847419	229617266700845056	3895735437448146	62	1814093	31	little-endian-int64	31
22	/model.8/m.0/m/m.1/cv1/conv/Conv	1	96612229223523	57404316675211264	7761528967239173	62	3614244	31	little-endian-int64	31
22	/model.8/m.0/m/m.1/cv1/conv/Conv	2	16790130999135	28702158337605632	2697734834624793	62	1256231	31	little-endian-int64	31
22	/model.8/m.0/m/m.1/cv1/conv/Conv	3	42404420926179	57404316675211264	3406640587870908	62	1586341	31	little-endian-int64	31
22	/model.8/m.0/m/m.1/cv1/conv/Conv	4	49453910384697	57404316675211264	3972974861246858	62	1850061	31	little-endian-int64	31
22	/model.8/m.0/m/m.1/cv1/conv/Conv	5	185487489704205	229617266700845056	3725373423143043	62	1734762	31	little-endian-int64	31
22	/model.8/m.0/m/m.1/cv1/conv/Conv	6	8619133853889	10437148486402048	3808390686088292	62	1773420	31	little-endian-int64	31
22	/model.8/m.0/m/m.1/cv1/conv/Conv	7	1902494830275	2442736879796224	3591753529197757	62	1672541	31	little-endian-int64	31
22	/model.8/m.0/m/m.1/cv1/conv/Conv	8	140425618242429	114808633350422528	5640680856299457	62	2626647	31	little-endian-int64	31
22	/model.8/m.0/m/m.1/cv1/conv/Conv	9	94511176848387	114808633350422528	3796368444927757	62	1767822	31	little-endian-int64	31
22	/model.8/m.0/m/m.1/cv1/conv/Conv	10	61268780919879	28702158337605632	9844290349555209	62	4584105	31	little-endian-int64	31
22	/model.8/m.0/m/m.1/cv1/conv/Conv	11	214995730815333	229617266700845056	4318023727346287	62	2010736	31	little-endian-int64	31
22	/model.8/m.0/m/m.1/cv1/conv/Conv	12	813691429317	1221368439898112	3072364787981948	62	1430681	31	little-endian-int64	31
22	/model.8/m.0/m/m.1/cv1/conv/Conv	13	179434791678519	114808633350422528	7207619286587490	62	3356309	31	little-endian-int64	31
22	/model.8/m.0/m/m.1/cv1/conv/Conv	14	188332615910205	229617266700845056	3782515592516420	62	1761371	31	little-endian-int64	31
22	/model.8/m.0/m/m.1/cv1/conv/Conv	15	4030326589185	4885473759592448	3804462309217504	62	1771591	31	little-endian-int64	31
22	/model.8/m.0/m/m.1/cv1/conv/Conv	16	94398809028849	114808633350422528	3791854802641790	62	1765720	31	little-endian-int64	31
22	/model.8/m.0/m/m.1/cv1/conv/Conv	17	162250376050269	229617266700845056	3258673885751196	62	1517438	31	little-endian-int64	31
22	/model.8/m.0/m/m.1/cv1/conv/Conv	18	142455337144029	229617266700845056	2861105769599602	62	1332306	31	little-endian-int64	31
22	/model.8/m.0/m/m.1/cv1/conv/Conv	19	37831863145167	57404316675211264	3039295377467063	62	1415282	31	little-endian-int64	31
22	/model.8/m.0/m/m.1/cv1/conv/Conv	20	75526881586065	114808633350422528	3033798536411156	62	1412723	31	little-endian-int64	31
22	/model.8/m.0/m/m.1/cv1/conv/Conv	21	218782153827549	229617266700845056	4394071118364308	62	2046149	31	little-endian-int64	31
22	/model.8/m.0/m/m.1/cv1/conv/Conv	22	17474809154049	28702158337605632	2807744703464606	62	1307458	31	little-endian-int64	31
22	/model.8/m.0/m/m.1/cv1/conv/Conv	23	235927676287251	229617266700845056	4738425736560577	62	2206501	31	little-endian-int64	31
22	/model.8/m.0/m/m.1/cv1/conv/Conv	24	89579605203855	114808633350422528	3598274805640677	62	1675577	31	little-endian-int64	31
22	/model.8/m.0/m/m.1/cv1/conv/Conv	25	173640677494401	229617266700845056	3487439320817598	62	1623965	31	little-endian-int64	31
22	/model.8/m.0/m/m.1/cv1/conv/Conv	26	133846337219049	114808633350422528	5376401268420237	62	2503582	31	little-endian-int64	31
22	/model.8/m.0/m/m.1/cv1/conv/Conv	27	176485627713213	229617266700845056	3544577955623797	62	1650573	31	little-endian-int64	31
22	/model.8/m.0/m/m.1/cv1/conv/Conv	28	16484323928787	20874296972804096	3641824502384811	62	1695857	31	little-endian-int64	31
22	/model.8/m.0/m/m.1/cv1/conv/Conv	29	3047878112175	2442736879796224	5754142819082858	62	2679482	31	little-endian-int64	31
22	/model.8/m.0/m/m.1/cv1/conv/Conv	30	30322225852425	28702158337605632	4871988488336490	62	2268696	31	little-endian-int64	31
22	/model.8/m.0/m/m.1/cv1/conv/Conv	31	6385181820615	10437148486402048	2821312139576341	62	1313776	31	little-endian-int64	31
22	/model.8/m.0/m/m.1/cv1/conv/Conv	32	43002454722201	57404316675211264	3454684781328796	62	1608713	31	little-endian-int64	31
22	/model.8/m.0/m/m.1/cv1/conv/Conv	33	140980945814163	229617266700845056	2831493754879070	62	1318517	31	little-endian-int64	31
22	/model.8/m.0/m/m.1/cv1/conv/Conv	34	131011095626775	114808633350422528	5262513979386448	62	2450549	31	little-endian-int64	31
22	/model.8/m.0/m/m.1/cv1/conv/Conv	35	141932655195669	229617266700845056	2850608105081730	62	1327418	31	little-endian-int64	31
22	/model.8/m.0/m/m.1/cv1/conv/Conv	36	198012615198957	459234533401690112	1988465462780269	62	925951	31	little-endian-int64	31
22	/model.8/m.0/m/m.1/cv1/conv/Conv	37	951137423145	896942448050176	4890332891988933	62	2277239	31	little-endian-int64	31
22	/model.8/m.0/m/m.1/cv1/conv/Conv	38	113605141460031	114808633350422528	4563343602336874	62	2124972	31	little-endian-int64	31
22	/model.8/m.0/m/m.1/cv1/conv/Conv	39	43499471872311	57404316675211264	3494613608546605	62	1627306	31	little-endian-int64	31
22	/model.8/m.0/m/m.1/cv1/conv/Conv	40	684927470097	907578129252352	3480328949845055	62	1620654	31	little-endian-int64	31
22	/model.8/m.0/m/m.1/cv1/conv/Conv	41	24555770988021	28702158337605632	3945470037658786	62	1837253	31	little-endian-int64	31
22	/model.8/m.0/m/m.1/cv1/conv/Conv	42	135930582817731	114808633350422528	5460122204781119	62	2542568	31	little-endian-int64	31
22	/model.8/m.0/m/m.1/cv1/conv/Conv	43	194270159652543	229617266700845056	3901766587242421	62	1816902	31	little-endian-int64	31
22	/model.8/m.0/m/m.1/cv1/conv/Conv	44	2667071168541	4885473759592448	2517605338471285	62	1172351	31	little-endian-int64	31
22	/model.8/m.0/m/m.1/cv1/conv/Conv	45	22606888868109	14351079168802816	7264671324497834	62	3382876	31	little-endian-int64	31
22	/model.8/m.0/m/m.1/cv1/conv/Conv	46	27648951135507	28702158337605632	4442463172141938	62	2068683	31	little-endian-int64	31
22	/model.8/m.0/m/m.1/cv1/conv/Conv	47	34683481683045	57404316675211264	2786364106606489	62	1297502	31	little-endian-int64	31
22	/model.8/m.0/m/m.1/cv1/conv/Conv	48	31313063052063	28702158337605632	5031190106777896	62	2342830	31	little-endian-int64	31
22	/model.8/m.0/m/m.1/cv1/conv/Conv	49	140086842905529	114808633350422528	5627072772665179	62	2620310	31	little-endian-int64	31
22	/model.8/m.0/m/m.1/cv1/conv/Conv	50	212595177577419	229617266700845056	4269810463758398	62	1988285	31	little-endian-int64	31
22	/model.8/m.0/m/m.1/cv1/conv/Conv	51	125340671104623	459234533401690112	1258685439424248	62	586121	31	little-endian-int64	31
22	/model.8/m.0/m/m.1/cv1/conv/Conv	52	99501000252147	114808633350422528	3996801967686497	62	1861156	31	little-endian-int64	31
22	/model.8/m.0/m/m.1/cv1/conv/Conv	53	22993474057749	28702158337605632	3694449789452308	62	1720362	31	little-endian-int64	31
22	/model.8/m.0/m/m.1/cv1/conv/Conv	54	75181213417635	114808633350422528	3019913578347955	62	1406257	31	little-endian-int64	31
22	/model.8/m.0/m/m.1/cv1/conv/Conv	55	125522759181807	114808633350422528	5042055955376782	62	2347890	31	little-endian-int64	31
22	/model.8/m.0/m/m.1/cv1/conv/Conv	56	93459360088107	114808633350422528	3754118585263235	62	1748148	31	little-endian-int64	31
22	/model.8/m.0/m/m.1/cv1/conv/Conv	57	19807196687811	20874296972804096	4375935254175351	62	2037704	31	little-endian-int64	31
22	/model.8/m.0/m/m.1/cv1/conv/Conv	58	126273109889043	229617266700845056	2536098193945192	62	1180963	31	little-endian-int64	31
22	/model.8/m.0/m/m.1/cv1/conv/Conv	59	17244764568135	28702158337605632	2770782556297976	62	1290246	31	little-endian-int64	31
22	/model.8/m.0/m/m.1/cv1/conv/Conv	60	221537585230065	114808633350422528	8898823673332199	62	4143838	31	little-endian-int64	31
22	/model.8/m.0/m/m.1/cv1/conv/Conv	61	165599470900305	114808633350422528	6651875754665092	62	3097521	31	little-endian-int64	31
22	/model.8/m.0/m/m.1/cv1/conv/Conv	62	84922045611039	114808633350422528	3411187808545063	62	1588458	31	little-endian-int64	31
22	/model.8/m.0/m/m.1/cv1/conv/Conv	63	227362379847291	459234533401690112	2283199176010116	62	1063197	31	little-endian-int64	31
23	/model.8/m.0/m/m.1/cv2/conv/Conv	0	40880743760775	37475238925041664	5030765909233470	62	2342633	31	little-endian-int64	31
23	/model.8/m.0/m/m.1/cv2/conv/Conv	1	138309917111575	149900955700166656	4255089021774610	62	1981430	31	little-endian-int64	31
23	/model.8/m.0/m/m.1/cv2/conv/Conv	2	21671292593975	18737619462520832	5333719006130254	62	2483706	31	little-endian-int64	31
23	/model.8/m.0/m/m.1/cv2/conv/Conv	3	97386787830825	74950477850083328	5992187117436381	62	2790330	31	little-endian-int64	31
23	/model.8/m.0/m/m.1/cv2/conv/Conv	4	26067146358975	18737619462520832	6415622573851369	62	2987507	31	little-endian-int64	31
23	/model.8/m.0/m/m.1/cv2/conv/Conv	5	57109782006875	37475238925041664	7027904044143426	62	3272623	31	little-endian-int64	31
23	/model.8/m.0/m/m.1/cv2/conv/Conv	6	13222829554675	4684404865630208	13017563581823188	62	6061775	31	little-endian-int64	31
23	/model.8/m.0/m/m.1/cv2/conv/Conv	7	278080299475	248180390232064	5167285891886210	62	2406205	31	little-endian-int64	31
23	/model.8/m.0/m/m.1/cv2/conv/Conv	8	119830294571625	74950477850083328	7373131031470588	62	3433382	31	little-endian-int64	31
23	/model.8/m.0/m/m.1/cv2/conv/Conv	9	97169625434425	74950477850083328	5978825164104886	62	2784107	31	little-endian-int64	31
23	/model.8/m.0/m/m.1/cv2/conv/Conv	10	92924695408975	37475238925041664	11435271151742690	62	5324963	31	little-endian-int64	31
23	/model.8/m.0/m/m.1/cv2/conv/Conv	11	78848645595075	37475238925041664	9703078803315177	62	4518348	31	little-endian-int64	31
23	/model.8/m.0/m/m.1/cv2/conv/Conv	12	143540140710875	74950477850083328	8831992523430005	62	4112717	31	little-endian-int64	31
23	/model.8/m.0/m/m.1/cv2/conv/Conv	13	49530088893325	37475238925041664	6095150424462800	62	2838276	31	little-endian-int64	31
23	/model.8/m.0/m/m.1/cv2/conv/Conv	14	87229253981225	74950477850083328	5367196347803134	62	2499296	31	little-endian-int64	31
23	/model.8/m.0/m/m.1/cv2/conv/Conv	15	107998141577525	74950477850083328	6645101323108641	62	3094366	31	little-endian-int64	31
23	/model.8/m.0/m/m.1/cv2/conv/Conv	16	20065164186275	18737619462520832	4938420129642522	62	2299631	31	little-endian-int64	31
23	/model.8/m.0/m/m.1/cv2/conv/Conv	17	20591738299775	4684404865630208	20272080303932588	62	9439923	31	little-endian-int64	31
23	/model.8/m.0/m/m.1/cv2/conv/Conv	18	34749430309725	37475238925041664	4276249238282809	62	1991284	31	little-endian-int64	31
23	/model.8/m.0/m/m.1/cv2/conv/Conv	19	105942250454925	37475238925041664	13037205610909044	62	6070922	31	little-endian-int64	31
23	/model.8/m.0/m/m.1/cv2/conv/Conv	20	55845969751575	37475238925041664	6872379877390493	62	3200201	31	little-endian-int64	31
23	/model.8/m.0/m/m.1/cv2/conv/Conv	21	4975076694125	4684404865630208	4897845572494843	62	2280737	31	little-endian-int64	31
23	/model.8/m.0/m/m.1/cv2/conv/Conv	22	8274236289275	4684404865630208	8145790319787077	62	3793179	31	little-endian-int64	31
23	/model.8/m.0/m/m.1/cv2/conv/Conv	23	62348171544925	74950477850083328	3836268950324288	62	1786402	31	little-endian-int64	31
23	/model.8/m.0/m/m.1/cv2/conv/Conv	24	88400645001325	74950477850083328	5439271773396975	62	2532858	31	little-endian-int64	31
23	/model.8/m.0/m/m.1/cv2/conv/Conv	25	11536984393325	9368809731260416	5678944406778346	62	2644465	31	little-endian-int64	31
23	/model.8/m.0/m/m.1/cv2/conv/Conv	26	25139839545975	4684404865630208	24749578626373375	62	11524921	31	little-endian-int64	31
23	/model.8/m.0/m/m.1/cv2/conv/Conv	27	110311216792125	74950477850083328	6787424320009052	62	3160641	31	little-endian-int64	31
23	/model.8/m.0/m/m.1/cv2/conv/Conv	28	31167075958725	37475238925041664	3835406325803876	62	1786000	31	little-endian-int64	31
23	/model.8/m.0/m/m.1/cv2/conv/Conv	29	32134954593725	18737619462520832	7909026069138839	62	3682927	31	little-endian-int64	31
23	/model.8/m.0/m/m.1/cv2/conv/Conv	30	123376976663875	74950477850083328	7591357581664863	62	3535001	31	little-endian-int64	31
23	/model.8/m.0/m/m.1/cv2/conv/Conv	31	74516004791725	74950477850083328	4584952989017993	62	2135035	31	little-endian-int64	31
23	/model.8/m.0/m/m.1/cv2/conv/Conv	32	77167682805525	74950477850083328	4748110139877961	62	2211011	31	little-endian-int64	31
23	/model.8/m.0/m/m.1/cv2/conv/Conv	33	68689581706425	74950477850083328	4226454489066258	62	1968096	31	little-endian-int64	31
23	/model.8/m.0/m/m.1/cv2/conv/Conv	34	73896751571275	37475238925041664	9093700955719047	62	4234584	31	little-endian-int64	31
23	/model.8/m.0/m/m.1/cv2/conv/Conv	35	119178291638925	149900955700166656	3666506718947363	62	1707350	31	little-endian-int64	31
23	/model.8/m.0/m/m.1/cv2/conv/Conv	36	9568202347875	9368809731260416	4709834680700992	62	2193188	31	little-endian-int64	31
23	/model.8/m.0/m/m.1/cv2/conv/Conv	37	120943939511175	74950477850083328	7441653353736335	62	3465290	31	little-endian-int64	31
23	/model.8/m.0/m/m.1/cv2/conv/Conv	38	5717369122225	2342202432815104	11257229893431213	62	5242056	31	little-endian-int64	31
23	/model.8/m.0/m/m.1/cv2/conv/Conv	39	119305198922825	74950477850083328	7340822014485377	62	3418337	31	little-endian-int64	31
23	/model.8/m.0/m/m.1/cv2/conv/Conv	40	20482400677775	18737619462520832	5041109998976083	62	2347450	31	little-endian-int64	31
23	/model.8/m.0/m/m.1/cv2/conv/Conv	41	48403344068875	37475238925041664	5956493713997392	62	2773709	31	little-endian-int64	31
23	/model.8/m.0/m/m.1/cv2/conv/Conv	42	45294081230425	37475238925041664	5573869229911337	62	2595535	31	little-endian-int64	31
23	/model.8/m.0/m/m.1/cv2/conv/Conv	43	25288322099625	18737619462520832	6223939048906239	62	2898247	31	little-endian-int64	31
23	/model.8/m.0/m/m.1/cv2/conv/Conv	44	25496768430875	4684404865630208	25100966688524737	62	11688548	31	little-endian-int64	31
23	/model.8/m.0/m/m.1/cv2/conv/Conv	45	84797815633375	74950477850083328	5217590493976872	62	2429630	31	little-endian-int64	31
23	/model.8/m.0/m/m.1/cv2/conv/Conv	46	62080896071775	37475238925041664	7639647101338133	62	3557488	31	little-endian-int64	31
23	/model.8/m.0/m/m.1/cv2/conv/Conv	47	64008917189275	18737619462520832	15753817022855863	62	7335943	31	little-endian-int64	31
23	/model.8/m.0/m/m.1/cv2/conv/Conv	48	131339523368925	74950477850083328	8081291286746816	62	3763145	31	little-endian-int64	31
23	/model.8/m.0/m/m.1/cv2/conv/Conv	49	113844162915825	74950477850083328	7004805699152673	62	3261867	31	little-endian-int64	31
23	/model.8/m.0/m/m.1/cv2/conv/Conv	50	4131646965675	2417757350002688	7880798519611638	62	3669783	31	little-endian-int64	31
23	/model.8/m.0/m/m.1/cv2/conv/Conv	51	75074537810775	18737619462520832	18477277599449724	62	8604153	31	little-endian-int64	31
23	/model.8/m.0/m/m.1/cv2/conv/Conv	52	137065118599975	74950477850083328	8433585871539492	62	3927194	31	little-endian-int64	31
23	/model.8/m.0/m/m.1/cv2/conv/Conv	53	63875064559575	74950477850083328	3930218333560782	62	1830151	31	little-endian-int64	31
23	/model.8/m.0/m/m.1/cv2/conv/Conv	54	46439856990025	18737619462520832	11429735757364626	62	5322385	31	little-endian-int64	31
23	/model.8/m.0/m/m.1/cv2/conv/Conv	55	84448416603575	37475238925041664	10392184100761010	62	4839238	31	little-endian-int64	31
23	/model.8/m.0/m/m.1/cv2/conv/Conv	56	29346449829375	18737619462520832	7222721789142484	62	3363342	31	little-endian-int64	31
23	/model.8/m.0/m/m.1/cv2/conv/Conv	57	133109486295125	74950477850083328	8190196706885939	62	3813858	31	little-endian-int64	31
23	/model.8/m.0/m/m.1/cv2/conv/Conv	58	29903332469225	18737619462520832	7359781242678620	62	3427165	31	little-endian-int64	31
23	/model.8/m.0/m/m.1/cv2/conv/Conv	59	104617580466625	74950477850083328	6437096159475657	62	2997506	31	little-endian-int64	31
23	/model.8/m.0/m/m.1/cv2/conv/Conv	60	29124250338125	18737619462520832	7168034250570738	62	3337876	31	little-endian-int64	31
23	/model.8/m.0/m/m.1/cv2/conv/Conv	61	18131057295475	18737619462520832	4462399484421965	62	2077967	31	little-endian-int64	31
23	/model.8/m.0/m/m.1/cv2/conv/Conv	62	39286941622725	37475238925041664	4834633336179389	62	2251302	31	little-endian-int64	31
23	/model.8/m.0/m/m.1/cv2/conv/Conv	63	95531813184375	74950477850083328	5878050945300405	62	2737181	31	little-endian-int64	31
26	/model.8/m.0/cv3/conv/Conv	0	87037892784065	48204711475544064	8326809163234895	62	3877473	31	little-endian-int64	31
26	/model.8/m.0/cv3/conv/Conv	1	46340248597015	24102355737772032	8866630252676622	62	4128846	31	little-endian-int64	31
26	/model.8/m.0/cv3/conv/Conv	2	750792082195	286932806402048	12066997119015926	62	5619133	31	little-endian-int64	31
26	/model.8/m.0/cv3/conv/Conv	3	26241252229655	16068237158514688	7531405892238708	62	3507084	31	little-endian-int64	31
26	/model.8/m.0/cv3/conv/Conv	4	5540567882845	3012794467221504	8480950067273725	62	3949250	31	little-endian-int64	31
26	/model.8/m.0/cv3/conv/Conv	5	87807290753615	48204711475544064	8400416529614015	62	3911749	31	little-endian-int64	31
26	/model.8/m.0/cv3/conv/Conv	6	31431786770725	24102355737772032	6014081493186964	62	2800525	31	little-endian-int64	31
26	/model.8/m.0/cv3/conv/Conv	7	47944335481655	24102355737772032	9173552328623080	62	4271768	31	little-endian-int64	31
26	/model.8/m.0/cv3/conv/Conv	8	2877553187585	1506397233610752	8809344246244100	62	4102171	31	little-endian-int64	31
26	/model.8/m.0/cv3/conv/Conv	9	4744800117275	3012794467221504	7262867945070809	62	3382036	31	little-endian-int64	31
26	/model.8/m.0/cv3/conv/Conv	10	12188948109775	6025588934443008	9328814525643107	62	4344068	31	little-endian-int64	31
26	/model.8/m.0/cv3/conv/Conv	11	11658814798945	6025588934443008	8923076861813684	62	4155131	31	little-endian-int64	31
26	/model.8/m.0/cv3/conv/Conv	12	30114038097265	8034118579257344	17285840018605268	62	8049347	31	little-endian-int64	31
26	/model.8/m.0/cv3/conv/Conv	13	8816518961025	4017059289628672	10121587532634447	62	4713231	31	little-endian-int64	31
26	/model.8/m.0/cv3/conv/Conv	14	13093745299415	6886387353649152	8768638623583001	62	4083216	31	little-endian-int64	31
26	/model.8/m.0/cv3/conv/Conv	15	58451216940545	24102355737772032	11183913425621642	62	5207916	31	little-endian-int64	31
26	/model.8/m.0/cv3/conv/Conv	16	30377198142315	16068237158514688	8718448611998338	62	4059844	31	little-endian-int64	31
26	/model.8/m.0/cv3/conv/Conv	17	63497805387475	24102355737772032	12149515362406250	62	5657559	31	little-endian-int64	31
26	/model.8/m.0/cv3/conv/Conv	18	94577957024645	48204711475544064	9048157922971137	62	4213377	31	little-endian-int64	31
26	/model.8/m.0/cv3/conv/Conv	19	1824410953245	1004264822407168	8377880313261181	62	3901255	31	little-endian-int64	31
26	/model.8/m.0/cv3/conv/Conv	20	14848567962755	6025588934443008	11364355254319374	62	5291940	31	little-endian-int64	31
26	/model.8/m.0/cv3/conv/Conv	21	4848605787555	2008529644814336	11132645005794992	62	5184042	31	little-endian-int64	31
26	/model.8/m.0/cv3/conv/Conv	22	84010470458855	48204711475544064	8037179357730737	62	3742603	31	little-endian-int64	31
26	/model.8/m.0/cv3/conv/Conv	23	19290754947145	12051177868886016	7382092094445295	62	3437555	31	little-endian-int64	31
26	/model.8/m.0/cv3/conv/Conv	24	27129517493685	16068237158514688	7786343659111980	62	3625799	31	little-endian-int64	31
26	/model.8/m.0/cv3/conv/Conv	25	3445017809825	1721596838412288	9228258389144761	62	4297243	31	little-endian-int64	31
26	/model.8/m.0/cv3/conv/Conv	26	43079765567815	24102355737772032	8242777374448738	62	3838342	31	little-endian-int64	31
26	/model.8/m.0/cv3/conv/Conv	27	21201166579205	16068237158514688	6084869330912193	62	2833488	31	little-endian-int64	31
26	/model.8/m.0/cv3/conv/Conv	28	30721117181885	16068237158514688	8817155558541973	62	4105808	31	little-endian-int64	31
26	/model.8/m.0/cv3/conv/Conv	29	5720578199375	3443193676824576	7661930456293149	62	3567864	31	little-endian-int64	31
26	/model.8/m.0/cv3/conv/Conv	30	4313057464215	2008529644814336	9902998870715114	62	4611443	31	little-endian-int64	31
26	/model.8/m.0/cv3/conv/Conv	31	48423845000035	24102355737772032	9265300511484326	62	4314492	31	little-endian-int64	31
26	/model.8/m.0/cv3/conv/Conv	32	27852535223635	12051177868886016	10658472446931632	62	4963238	31	little-endian-int64	31
26	/model.8/m.0/cv3/conv/Conv	33	8401882009735	3012794467221504	12860765051956925	62	5988760	31	little-endian-int64	31
26	/model.8/m.0/cv3/conv/Conv	34	22747672635455	8034118579257344	13057452763460246	62	6080350	31	little-endian-int64	31
26	/model.8/m.0/cv3/conv/Conv	35	27403890081195	16068237158514688	7865090332637963	62	3662468	31	little-endian-int64	31
26	/model.8/m.0/cv3/conv/Conv	36	49259298950005	24102355737772032	9425154234582379	62	4388929	31	little-endian-int64	31
26	/model.8/m.0/cv3/conv/Conv	37	80938508759225	48204711475544064	7743288524538726	62	3605750	31	little-endian-int64	31
26	/model.8/m.0/cv3/conv/Conv	38	70473345608635	48204711475544064	6742099115768539	62	3139535	31	little-endian-int64	31
26	/model.8/m.0/cv3/conv/Conv	39	13613227890275	6025588934443008	10418887416695348	62	4851673	31	little-endian-int64	31
26	/model.8/m.0/cv3/conv/Conv	40	72743275819615	48204711475544064	6959260573566980	62	3240658	31	little-endian-int64	31
26	/model.8/m.0/cv3/conv/Conv	41	77586831181595	48204711475544064	7422637614080012	62	3456435	31	little-endian-int64	31
26	/model.8/m.0/cv3/conv/Conv	42	55675216156445	24102355737772032	10652760199668932	62	4960578	31	little-endian-int64	31
26	/model.8/m.0/cv3/conv/Conv	43	2420982761935	1147731225608192	9727723795397339	62	4529824	31	little-endian-int64	31
26	/model.8/m.0/cv3/conv/Conv	44	20759514333715	16068237158514688	5958112334146434	62	2774462	31	little-endian-int64	31
26	/model.8/m.0/cv3/conv/Conv	45	22268473912495	12051177868886016	8521591076927748	62	3968175	31	little-endian-int64	31
26	/model.8/m.0/cv3/conv/Conv	46	57130503756925	24102355737772032	10931211383152490	62	5090242	31	little-endian-int64	31
26	/model.8/m.0/cv3/conv/Conv	47	38214418665425	24102355737772032	7311853753178470	62	3404847	31	little-endian-int64	31
26	/model.8/m.0/cv3/conv/Conv	48	97934045506505	48204711475544064	9369230819263672	62	4362888	31	little-endian-int64	31
26	/model.8/m.0/cv3/conv/Conv	49	97816397486365	48204711475544064	9357975576509018	62	4357647	31	little-endian-int64	31
26	/model.8/m.0/cv3/conv/Conv	50	58254770327765	24102355737772032	11146325809399333	62	5190412	31	little-endian-int64	31
26	/model.8/m.0/cv3/conv/Conv	51	82077430529485	48204711475544064	7852247782736036	62	3656488	31	little-endian-int64	31
26	/model.8/m.0/cv3/conv/Conv	52	60659800917085	48204711475544064	5803249251099317	62	2702349	31	little-endian-int64	31
26	/model.8/m.0/cv3/conv/Conv	53	14011811062755	8034118579257344	8042957361593558	62	3745294	31	little-endian-int64	31
26	/model.8/m.0/cv3/conv/Conv	54	90250692623635	48204711475544064	8634173809689995	62	4020600	31	little-endian-int64	31
26	/model.8/m.0/cv3/conv/Conv	55	4311862097215	2295462451216384	8662722466479995	62	4033894	31	little-endian-int64	31
26	/model.8/m.0/cv3/conv/Conv	56	92157888718465	24102355737772032	17633265873040280	62	8211129	31	little-endian-int64	31
26	/model.8/m.0/cv3/conv/Conv	57	46342723006705	24102355737772032	8867103700197494	62	4129067	31	little-endian-int64	31
26	/model.8/m.0/cv3/conv/Conv	58	2574599375105	2008529644814336	5911410853147330	62	2752715	31	little-endian-int64	31
26	/model.8/m.0/cv3/conv/Conv	59	4482572458485	2295462451216384	9005687164444177	62	4193600	31	little-endian-int64	31
26	/model.8/m.0/cv3/conv/Conv	60	20998862668125	8034118579257344	12053613649603437	62	5612901	31	little-endian-int64	31
26	/model.8/m.0/cv3/conv/Conv	61	57081123146155	24102355737772032	10921763017409862	62	5085842	31	little-endian-int64	31
26	/model.8/m.0/cv3/conv/Conv	62	31717527298405	16068237158514688	9103131584265485	62	4238976	31	little-endian-int64	31
26	/model.8/m.0/cv3/conv/Conv	63	3605543644255	1721596838412288	9658263097401512	62	4497479	31	little-endian-int64	31
26	/model.8/m.0/cv3/conv/Conv	64	32296383768155	12051177868886016	12359022751950586	62	5755118	31	little-endian-int64	31
26	/model.8/m.0/cv3/conv/Conv	65	81383663430025	48204711475544064	7785875929556336	62	3625581	31	little-endian-int64	31
26	/model.8/m.0/cv3/conv/Conv	66	25086288634255	12051177868886016	9599898682727003	62	4470301	31	little-endian-int64	31
26	/model.8/m.0/cv3/conv/Conv	67	13498269445885	6886387353649152	9039540949372649	62	4209364	31	little-endian-int64	31
26	/model.8/m.0/cv3/conv/Conv	68	61269497855435	24102355737772032	11723156428778826	62	5459020	31	little-endian-int64	31
26	/model.8/m.0/cv3/conv/Conv	69	3895981964245	2295462451216384	7827200807851619	62	3644824	31	little-endian-int64	31
26	/model.8/m.0/cv3/conv/Conv	70	20855382767115	8034118579257344	11971254365646450	62	5574550	31	little-endian-int64	31
26	/model.8/m.0/cv3/conv/Conv	71	15819337457125	12051177868886016	6053666966459912	62	2818958	31	little-endian-int64	31
26	/model.8/m.0/cv3/conv/Conv	72	10498388376355	4017059289628672	12052416307684709	62	5612344	31	little-endian-int64	31
26	/model.8/m.0/cv3/conv/Conv	73	5627734044485	3443193676824576	7537578435702257	62	3509958	31	little-endian-int64	31
26	/model.8/m.0/cv3/conv/Conv	74	87859946669965	48204711475544064	8405454056979820	62	3914095	31	little-endian-int64	31
26	/model.8/m.0/cv3/conv/Conv	75	83465813438975	12051177868886016	31940290736806688	62	14873357	31	little-endian-int64	31
26	/model.8/m.0/cv3/conv/Conv	76	10881407870495	6025588934443008	8328088272056382	62	3878068	31	little-endian-int64	31
26	/model.8/m.0/cv3/conv/Conv	77	95438011627475	48204711475544064	9130438299007979	62	4251692	31	little-endian-int64	31
26	/model.8/m.0/cv3/conv/Conv	78	34586228793355	24102355737772032	6617644743600067	62	3081581	31	little-endian-int64	31
26	/model.8/m.0/cv3/conv/Conv	79	3584899656165	2295462451216384	7202222634066879	62	3353796	31	little-endian-int64	31
26	/model.8/m.0/cv3/conv/Conv	80	18247749424965	8034118579257344	10474439736070762	62	4877541	31	little-endian-int64	31
26	/model.8/m.0/cv3/conv/Conv	81	50055234066955	24102355737772032	9577446520463020	62	4459846	31	little-endian-int64	31
26	/model.8/m.0/cv3/conv/Conv	82	17333807677775	8034118579257344	9949825575152710	62	4633249	31	little-endian-int64	31
26	/model.8/m.0/cv3/conv/Conv	83	16011851312475	4017059289628672	18382011691369617	62	8559791	31	little-endian-int64	31
26	/model.8/m.0/cv3/conv/Conv	84	85320305802775	48204711475544064	8162489709293830	62	3800955	31	little-endian-int64	31
26	/model.8/m.0/cv3/conv/Conv	85	80136441409565	48204711475544064	7666555718366020	62	3570018	31	little-endian-int64	31
26	/model.8/m.0/cv3/conv/Conv	86	50068705853045	24102355737772032	9580024179187770	62	4461046	31	little-endian-int64	31
26	/model.8/m.0/cv3/conv/Conv	87	98892287554715	48204711475544064	9460904668576955	62	4405577	31	little-endian-int64	31
26	/model.8/m.0/cv3/conv/Conv	88	27968940062095	12051177868886016	10703017683243285	62	4983981	31	little-endian-int64	31
26	/model.8/m.0/cv3/conv/Conv	89	29105650403405	24102355737772032	5569004228589394	62	2593270	31	little-endian-int64	31
26	/model.8/m.0/cv3/conv/Conv	90	76986996020995	48204711475544064	7365252115052524	62	3429713	31	little-endian-int64	31
26	/model.8/m.0/cv3/conv/Conv	91	599422758985	251066205601792	11010440652943710	62	5127136	31	little-endian-int64	31
26	/model.8/m.0/cv3/conv/Conv	92	13662799759765	6025588934443008	10456827259575697	62	4869340	31	little-endian-int64	31
26	/model.8/m.0/cv3/conv/Conv	93	26405459794445	12051177868886016	10104712673653785	62	4705374	31	little-endian-int64	31
26	/model.8/m.0/cv3/conv/Conv	94	21103672446685	12051177868886016	8075850528363738	62	3760611	31	little-endian-int64	31
26	/model.8/m.0/cv3/conv/Conv	95	69121373577965	48204711475544064	6612757598719757	62	3079305	31	little-endian-int64	31
26	/model.8/m.0/cv3/conv/Conv	96	4537176823045	3012794467221504	6945058863330375	62	3234045	31	little-endian-int64	31
26	/model.8/m.0/cv3/conv/Conv	97	25366315307675	16068237158514688	7280293444102920	62	3390151	31	little-endian-int64	31
26	/model.8/m.0/cv3/conv/Conv	98	47893018376345	12051177868886016	18327466877467364	62	8534392	31	little-endian-int64	31
26	/model.8/m.0/cv3/conv/Conv	99	71102515075415	24102355737772032	13604581984259788	62	6335127	31	little-endian-int64	31
26	/model.8/m.0/cv3/conv/Conv	100	8912662328835	4017059289628672	10231962559022191	62	4764629	31	little-endian-int64	31
26	/model.8/m.0/cv3/conv/Conv	101	54186338743265	24102355737772032	10367882023269182	62	4827921	31	little-endian-int64	31
26	/model.8/m.0/cv3/conv/Conv	102	28972928805395	12051177868886016	11087219202838239	62	5162889	31	little-endian-int64	31
26	/model.8/m.0/cv3/conv/Conv	103	94550607027685	48204711475544064	9045541382082837	62	4212158	31	little-endian-int64	31
26	/model.8/m.0/cv3/conv/Conv	104	5744652890755	4017059289628672	6595007319262699	62	3071040	31	little-endian-int64	31
26	/model.8/m.0/cv3/conv/Conv	105	17891302939235	8034118579257344	10269834929912851	62	4782265	31	little-endian-int64	31
26	/model.8/m.0/cv3/conv/Conv	106	19106273958035	8034118579257344	10967243712832803	62	5107021	31	little-endian-int64	31
26	/model.8/m.0/cv3/conv/Conv	107	9275456213335	4017059289628672	10648459146224484	62	4958575	31	little-endian-int64	31
26	/model.8/m.0/cv3/conv/Conv	108	63524187137165	24102355737772032	12154563182109465	62	5659910	31	little-endian-int64	31
26	/model.8/m.0/cv3/conv/Conv	109	45595809890425	24102355737772032	8724191164476747	62	4062518	31	little-endian-int64	31
26	/model.8/m.0/cv3/conv/Conv	110	53775012958565	24102355737772032	10289179949871978	62	4791273	31	little-endian-int64	31
26	/model.8/m.0/cv3/conv/Conv	111	9521701815335	6886387353649152	6376507285804400	62	2969293	31	little-endian-int64	31
26	/model.8/m.0/cv3/conv/Conv	112	62632013023045	24102355737772032	11983856761008804	62	5580418	31	little-endian-int64	31
26	/model.8/m.0/cv3/conv/Conv	113	42365199082555	24102355737772032	8106053964290701	62	3774676	31	little-endian-int64	31
26	/model.8/m.0/cv3/conv/Conv	114	28655678403595	12051177868886016	10965815365118867	62	5106356	31	little-endian-int64	31
26	/model.8/m.0/cv3/conv/Conv	115	69248249831345	24102355737772032	13249791390611205	62	6169915	31	little-endian-int64	31
26	/model.8/m.0/cv3/conv/Conv	116	25715709128105	16068237158514688	7380571687491189	62	3436847	31	little-endian-int64	31
26	/model.8/m.0/cv3/conv/Conv	117	23294158566845	16068237158514688	6685571311525241	62	3113212	31	little-endian-int64	31
26	/model.8/m.0/cv3/conv/Conv	118	33017620401275	16068237158514688	9476266553958307	62	4412730	31	little-endian-int64	31
26	/model.8/m.0/cv3/conv/Conv	119	76824904255795	24102355737772032	14699489986708765	62	6844983	31	little-endian-int64	31
26	/model.8/m.0/cv3/conv/Conv	120	3435909113285	1721596838412288	9203858687924146	62	4285881	31	little-endian-int64	31
26	/model.8/m.0/cv3/conv/Conv	121	18849377636065	8034118579257344	10819781963976716	62	5038354	31	little-endian-int64	31
26	/model.8/m.0/cv3/conv/Conv	122	4601499521315	2295462451216384	9244616915865341	62	4304860	31	little-endian-int64	31
26	/model.8/m.0/cv3/conv/Conv	123	33407214413915	24102355737772032	6392055005055659	62	2976533	31	little-endian-int64	31
26	/model.8/m.0/cv3/conv/Conv	124	28491566468165	16068237158514688	8177260357070614	62	3807834	31	little-endian-int64	31
26	/model.8/m.0/cv3/conv/Conv	125	18189451376375	8034118579257344	10440975916370835	62	4861958	31	little-endian-int64	31
26	/model.8/m.0/cv3/conv/Conv	126	50761946991025	24102355737772032	9712667249359158	62	4522813	31	little-endian-int64	31
26	/model.8/m.0/cv3/conv/Conv	127	23763973658855	12051177868886016	9093881631916265	62	4234669	31	little-endian-int64	31
28	/model.8/cv2/conv/Conv	0	15929876296705	10339810568830976	7104925888511527	62	3308489	31	little-endian-int64	31
28	/model.8/cv2/conv/Conv	1	41066823710405	20679621137661952	9158160851485952	62	4264601	31	little-endian-int64	31
28	/model.8/cv2/conv/Conv	2	35260933308105	20679621137661952	7863410652022876	62	3661686	31	little-endian-int64	31
28	/model.8/cv2/conv/Conv	3	12937623646985	5169905284415488	11540686879570550	62	5374051	31	little-endian-int64	31
28	/model.8/cv2/conv/Conv	4	74384229496995	41359242275323904	8294076300509290	62	3862230	31	little-endian-int64	31
28	/model.8/cv2/conv/Conv	5	78579311258865	41359242275323904	8761841154096036	62	4080050	31	little-endian-int64	31
28	/model.8/cv2/conv/Conv	6	23424282848805	20679621137661952	5223762900993644	62	2432504	31	little-endian-int64	31
28	/model.8/cv2/conv/Conv	7	97567191318995	82718484550647808	5439524847527148	62	2532976	31	little-endian-int64	31
28	/model.8/cv2/conv/Conv	8	8342223150015	10339810568830976	3720736816929431	62	1732603	31	little-endian-int64	31
28	/model.8/cv2/conv/Conv	9	8462185854575	10339810568830976	3774241697281861	62	1757518	31	little-endian-int64	31
28	/model.8/cv2/conv/Conv	10	71616749835815	41359242275323904	7985493585797406	62	3718535	31	little-endian-int64	31
28	/model.8/cv2/conv/Conv	11	27123056378695	20679621137661952	6048612740338988	62	2816605	31	little-endian-int64	31
28	/model.8/cv2/conv/Conv	12	28895575421535	41359242275323904	3221947836443129	62	1500336	31	little-endian-int64	31
28	/model.8/cv2/conv/Conv	13	28307941834895	20679621137661952	6312849674633873	62	2939650	31	little-endian-int64	31
28	/model.8/cv2/conv/Conv	14	45563407225315	41359242275323904	5080463676150678	62	2365775	31	little-endian-int64	31
28	/model.8/cv2/conv/Conv	15	26365507849315	20679621137661952	5879674637558205	62	2737937	31	little-endian-int64	31
28	/model.8/cv2/conv/Conv	16	28772048152325	20679621137661952	6416348312297877	62	2987845	31	little-endian-int64	31
28	/model.8/cv2/conv/Conv	17	65963048219165	82718484550647808	3677544007940756	62	1712490	31	little-endian-int64	31
28	/model.8/cv2/conv/Conv	18	80463697215365	82718484550647808	4485978067113507	62	2088946	31	little-endian-int64	31
28	/model.8/cv2/conv/Conv	19	97556896372955	82718484550647808	5438950888043109	62	2532709	31	little-endian-int64	31
28	/model.8/cv2/conv/Conv	20	74050139164765	41359242275323904	8256824174278823	62	3844883	31	little-endian-int64	31
28	/model.8/cv2/conv/Conv	21	28500863323715	20679621137661952	6355872384127572	62	2959684	31	little-endian-int64	31
28	/model.8/cv2/conv/Conv	22	31729078069995	20679621137661952	7075784645130617	62	3294919	31	little-endian-int64	31
28	/model.8/cv2/conv/Conv	23	21283816151195	10339810568830976	9492850638785191	62	4420453	31	little-endian-int64	31
28	/model.8/cv2/conv/Conv	24	46489541537735	20679621137661952	10367461148609389	62	4827725	31	little-endian-int64	31
28	/model.8/cv2/conv/Conv	25	88928474931355	41359242275323904	9915805559273596	62	4617407	31	little-endian-int64	31
28	/model.8/cv2/conv/Conv	26	19172337218315	20679621137661952	4275552192262008	62	1990959	31	little-endian-int64	31
28	/model.8/cv2/conv/Conv	27	26991288319345	20679621137661952	6019227631543498	62	2802921	31	little-endian-int64	31
28	/model.8/cv2/conv/Conv	28	75759523121855	82718484550647808	4223712939637613	62	1966820	31	little-endian-int64	31
28	/model.8/cv2/conv/Conv	29	24075915475	14941922787328	7430808227108514	62	3460240	31	little-endian-int64	31
28	/model.8/cv2/conv/Conv	30	71176205894885	41359242275323904	7936371546293749	62	3695661	31	little-endian-int64	31
28	/model.8/cv2/conv/Conv	31	10698521216365	5169905284415488	9543350989444180	62	4443969	31	little-endian-int64	31
28	/model.8/cv2/conv/Conv	32	61341221610705	41359242275323904	6839739765351607	62	3185002	31	little-endian-int64	31
28	/model.8/cv2/conv/Conv	33	77633094551705	41359242275323904	8656335005560630	62	4030920	31	little-endian-int64	31
28	/model.8/cv2/conv/Conv	34	69130266618485	41359242275323904	7708242861229452	62	3589430	31	little-endian-int64	31
28	/model.8/cv2/conv/Conv	35	30360551076335	41359242275323904	3385297244529565	62	1576402	31	little-endian-int64	31
28	/model.8/cv2/conv/Conv	36	34819543538275	20679621137661952	7764977947833014	62	3615850	31	little-endian-int64	31
28	/model.8/cv2/conv/Conv	37	63914680205495	82718484550647808	3563344259473993	62	1659311	31	little-endian-int64	31
28	/model.8/cv2/conv/Conv	38	63753682716015	41359242275323904	7108736790860360	62	3310264	31	little-endian-int64	31
28	/model.8/cv2/conv/Conv	39	27329764878585	10339810568830976	12189420080616433	62	5676141	31	little-endian-int64	31
28	/model.8/cv2/conv/Conv	40	40416622951705	20679621137661952	9013161979015957	62	4197081	31	little-endian-int64	31
28	/model.8/cv2/conv/Conv	41	35283903604375	20679621137661952	7868533173051782	62	3664071	31	little-endian-int64	31
28	/model.8/cv2/conv/Conv	42	52787933941965	41359242275323904	5886021201289574	62	2740892	31	little-endian-int64	31
28	/model.8/cv2/conv/Conv	43	98691044178425	41359242275323904	11004362835079958	62	5124306	31	little-endian-int64	31
28	/model.8/cv2/conv/Conv	44	91663764761255	41359242275323904	10220799006226141	62	4759430	31	little-endian-int64	31
28	/model.8/cv2/conv/Conv	45	27079254524945	10339810568830976	12077689301056948	62	5624112	31	little-endian-int64	31
28	/model.8/cv2/conv/Conv	46	88052341190195	41359242275323904	9818113882586601	62	4571916	31	little-endian-int64	31
28	/model.8/cv2/conv/Conv	47	20839405563865	10339810568830976	9294637907672983	62	4328153	31	little-endian-int64	31
28	/model.8/cv2/conv/Conv	48	89095973220095	82718484550647808	4967241073495649	62	2313052	31	little-endian-int64	31
28	/model.8/cv2/conv/Conv	49	69516254595365	41359242275323904	7751281738595941	62	3609472	31	little-endian-int64	31
28	/model.8/cv2/conv/Conv	50	31670848791865	20679621137661952	7062799148634931	62	3288872	31	little-endian-int64	31
28	/model.8/cv2/conv/Conv	51	13646911595985	10339810568830976	6086694817372666	62	2834338	31	little-endian-int64	31
28	/model.8/cv2/conv/Conv	52	37025525725825	41359242275323904	4128462948572563	62	1922465	31	little-endian-int64	31
28	/model.8/cv2/conv/Conv	53	18087839569275	20679621137661952	4033702372490088	62	1878339	31	little-endian-int64	31
28	/model.8/cv2/conv/Conv	54	23306640132085	20679621137661952	5197527832746703	62	2420288	31	little-endian-int64	31
28	/model.8/cv2/conv/Conv	55	50209182874915	20679621137661952	11196964640672735	62	5213993	31	little-endian-int64	31
28	/model.8/cv2/conv/Conv	56	38166065581125	41359242275323904	4255636741291787	62	1981685	31	little-endian-int64	31
28	/model.8/cv2/conv/Conv	57	88882558505355	82718484550647808	4955342866445077	62	2307511	31	little-endian-int64	31
28	/model.8/cv2/conv/Conv	58	29900988068425	10339810568830976	13336218076179908	62	6210160	31	little-endian-int64	31
28	/model.8/cv2/conv/Conv	59	52192941643895	20679621137661952	11639355365238597	62	5419997	31	little-endian-int64	31
28	/model.8/cv2/conv/Conv	60	65474896194435	41359242275323904	7300657524811865	62	3399634	31	little-endian-int64	31
28	/model.8/cv2/conv/Conv	61	23377363511395	20679621137661952	5213299592653169	62	2427632	31	little-endian-int64	31
28	/model.8/cv2/conv/Conv	62	28665993291535	20679621137661952	6392697409051842	62	2976832	31	little-endian-int64	31
28	/model.8/cv2/conv/Conv	63	79174110224615	41359242275323904	8828163115602592	62	4110934	31	little-endian-int64	31
28	/model.8/cv2/conv/Conv	64	16050769413055	10339810568830976	7158845744265562	62	3333597	31	little-endian-int64	31
28	/model.8/cv2/conv/Conv	65	8654164848335	10339810568830976	3859866751576724	62	1797391	31	little-endian-int64	31
28	/model.8/cv2/conv/Conv	66	76045509956215	82718484550647808	4239657156853836	62	1974244	31	little-endian-int64	31
28	/model.8/cv2/conv/Conv	67	87288751025815	41359242275323904	9732971169829968	62	4532268	31	little-endian-int64	31
28	/model.8/cv2/conv/Conv	68	6128193504645	10339810568830976	2733251650545868	62	1272769	31	little-endian-int64	31
28	/model.8/cv2/conv/Conv	69	24458731593505	20679621137661952	5454451499249662	62	2539927	31	little-endian-int64	31
28	/model.8/cv2/conv/Conv	70	73711855937845	82718484550647808	4109552263530092	62	1913659	31	little-endian-int64	31
28	/model.8/cv2/conv/Conv	71	45143332343765	41359242275323904	5033624001355850	62	2343964	31	little-endian-int64	31
28	/model.8/cv2/conv/Conv	72	60100112699195	41359242275323904	6701352205529914	62	3120560	31	little-endian-int64	31
28	/model.8/cv2/conv/Conv	73	54042467366445	41359242275323904	6025905636667058	62	2806031	31	little-endian-int64	31
28	/model.8/cv2/conv/Conv	74	88604897044025	82718484550647808	4939862801910195	62	2300303	31	little-endian-int64	31
28	/model.8/cv2/conv/Conv	75	62230719448485	20679621137661952	13877843161961461	62	6462374	31	little-endian-int64	31
28	/model.8/cv2/conv/Conv	76	28787405988495	20679621137661952	6419773206683853	62	2989440	31	little-endian-int64	31
28	/model.8/cv2/conv/Conv	77	5026295946805	2584952642207744	8967165728251664	62	4175662	31	little-endian-int64	31
28	/model.8/cv2/conv/Conv	78	15949717026045	10339810568830976	7113775104218486	62	3312610	31	little-endian-int64	31
28	/model.8/cv2/conv/Conv	79	69432807532745	41359242275323904	7741977127805402	62	3605139	31	little-endian-int64	31
28	/model.8/cv2/conv/Conv	80	89984746061675	41359242275323904	10033583123256473	62	4672251	31	little-endian-int64	31
28	/model.8/cv2/conv/Conv	81	58752429346285	41359242275323904	6551081259207706	62	3050585	31	little-endian-int64	31
28	/model.8/cv2/conv/Conv	82	87520967308675	82718484550647808	4879432009051429	62	2272163	31	little-endian-int64	31
28	/model.8/cv2/conv/Conv	83	19905247960165	20679621137661952	4438995912939718	62	2067069	31	little-endian-int64	31
28	/model.8/cv2/conv/Conv	84	72448090895085	82718484550647808	4039095368557541	62	1880850	31	little-endian-int64	31
28	/model.8/cv2/conv/Conv	85	78266004151035	41359242275323904	8726906422965442	62	4063782	31	little-endian-int64	31
28	/model.8/cv2/conv/Conv	86	75185930294955	41359242275323904	8383468469164180	62	3903857	31	little-endian-int64	31
28	/model.8/cv2/conv/Conv	87	57958135592835	41359242275323904	6462514999387829	62	3009343	31	little-endian-int64	31
28	/model.8/cv2/conv/Conv	88	20105479827335	10339810568830976	8967297765879448	62	4175723	31	little-endian-int64	31
28	/model.8/cv2/conv/Conv	89	52335137565255	41359242275323904	5835532976535178	62	2717382	31	little-endian-int64	31
28	/model.8/cv2/conv/Conv	90	9128324446405	5169905284415488	8142695833916881	62	3791738	31	little-endian-int64	31
28	/model.8/cv2/conv/Conv	91	57535196976295	41359242275323904	6415356009105402	62	2987383	31	little-endian-int64	31
28	/model.8/cv2/conv/Conv	92	87987526529915	41359242275323904	9810886843449554	62	4568550	31	little-endian-int64	31
28	/model.8/cv2/conv/Conv	93	100245701863165	20679621137661952	22355424144973791	62	10410056	31	little-endian-int64	31
28	/model.8/cv2/conv/Conv	94	24530010803235	20679621137661952	5470347212847516	62	2547329	31	little-endian-int64	31
28	/model.8/cv2/conv/Conv	95	81067051136275	41359242275323904	9039232000228168	62	4209220	31	little-endian-int64	31
28	/model.8/cv2/conv/Conv	96	36978497638985	20679621137661952	8246438336995465	62	3840047	31	little-endian-int64	31
28	/model.8/cv2/conv/Conv	97	91182077285975	82718484550647808	5083544666409187	62	2367210	31	little-endian-int64	31
28	/model.8/cv2/conv/Conv	98	42653393311215	41359242275323904	4755987942486405	62	2214679	31	little-endian-int64	31
28	/model.8/cv2/conv/Conv	99	77874868701135	41359242275323904	8683293586114914	62	4043474	31	little-endian-int64	31
28	/model.8/cv2/conv/Conv	100	53130712145325	41359242275323904	5924242052564698	62	2758690	31	little-endian-int64	31
28	/model.8/cv2/conv/Conv	101	98703888694435	82718484550647808	5502897519572295	62	2562486	31	little-endian-int64	31
28	/model.8/cv2/conv/Conv	102	3309082030755	2584952642207744	5903569406218820	62	2749064	31	little-endian-int64	31
28	/model.8/cv2/conv/Conv	103	52531575285645	20679621137661952	11714872804394360	62	5455163	31	little-endian-int64	31
28	/model.8/cv2/conv/Conv	104	4080900902005	2584952642207744	7280533238818109	62	3390262	31	little-endian-int64	31
28	/model.8/cv2/conv/Conv	105	17212841655495	5169905284415488	15354289263159217	62	7149898	31	little-endian-int64	31
28	/model.8/cv2/conv/Conv	106	80177154550585	82718484550647808	4470002861474436	62	2081507	31	little-endian-int64	31
28	/model.8/cv2/conv/Conv	107	26068573572335	20679621137661952	5813456419902051	62	2707102	31	little-endian-int64	31
28	/model.8/cv2/conv/Conv	108	100870926502775	41359242275323904	11247426592633848	62	5237491	31	little-endian-int64	31
28	/model.8/cv2/conv/Conv	109	55605522923835	41359242275323904	6200191263373072	62	2887189	31	little-endian-int64	31
28	/model.8/cv2/conv/Conv	110	36307743238015	10339810568830976	16193711745179114	62	7540785	31	little-endian-int64	31
28	/model.8/cv2/conv/Conv	111	35372026892485	20679621137661952	7888185222427803	62	3673222	31	little-endian-int64	31
28	/model.8/cv2/conv/Conv	112	19056386159395	20679621137661952	4249694374380163	62	1978918	31	little-endian-int64	31
28	/model.8/cv2/conv/Conv	113	27804649472855	20679621137661952	6200612301726973	62	2887385	31	little-endian-int64	31
28	/model.8/cv2/conv/Conv	114	57406546400605	41359242275323904	6401011063972638	62	2980703	31	little-endian-int64	31
28	/model.8/cv2/conv/Conv	115	91105155189155	82718484550647808	5079256138151689	62	2365213	31	little-endian-int64	31
28	/model.8/cv2/conv/Conv	116	37602272286195	41359242275323904	4192772009916787	62	1952412	31	little-endian-int64	31
28	/model.8/cv2/conv/Conv	117	84838940532935	41359242275323904	9459809569755104	62	4405067	31	little-endian-int64	31
28	/model.8/cv2/conv/Conv	118	95270113358915	41359242275323904	10622918254318038	62	4946682	31	little-endian-int64	31
28	/model.8/cv2/conv/Conv	119	61563807527375	41359242275323904	6864558797406706	62	3196559	31	little-endian-int64	31
28	/model.8/cv2/conv/Conv	120	35077279687375	20679621137661952	7822454735600808	62	3642614	31	little-endian-int64	31
28	/model.8/cv2/conv/Conv	121	80136216431825	41359242275323904	8935440993531215	62	4160889	31	little-endian-int64	31
28	/model.8/cv2/conv/Conv	122	20321359529155	20679621137661952	4531791418816865	62	2110280	31	little-endian-int64	31
28	/model.8/cv2/conv/Conv	123	60888956897875	82718484550647808	3394655411398720	62	1580760	31	little-endian-int64	31
28	/model.8/cv2/conv/Conv	124	33176037569225	20679621137661952	7398465744915221	62	3445179	31	little-endian-int64	31
28	/model.8/cv2/conv/Conv	125	58720976594475	41359242275323904	6547574178135048	62	3048952	31	little-endian-int64	31
28	/model.8/cv2/conv/Conv	126	13740810687155	5169905284415488	12257149994378435	62	5707680	31	little-endian-int64	31
28	/model.8/cv2/conv/Conv	127	22986675142485	10339810568830976	10252347241668635	62	4774121	31	little-endian-int64	31
28	/model.8/cv2/conv/Conv	128	39653105286945	41359242275323904	4421446360687740	62	2058896	31	little-endian-int64	31
28	/model.8/cv2/conv/Conv	129	42184187853845	41359242275323904	4703670053461295	62	2190317	31	little-endian-int64	31
28	/model.8/cv2/conv/Conv	130	62096413902435	82718484550647808	3461973044404582	62	1612107	31	little-endian-int64	31
28	/model.8/cv2/conv/Conv	131	94518570214725	41359242275323904	10539118822325692	62	4907660	31	little-endian-int64	31
28	/model.8/cv2/conv/Conv	132	87687861433915	82718484550647808	4888736619841967	62	2276495	31	little-endian-int64	31
28	/model.8/cv2/conv/Conv	133	38959924336855	41359242275323904	4344154497493294	62	2022905	31	little-endian-int64	31
28	/model.8/cv2/conv/Conv	134	82585519427365	41359242275323904	9208546006051314	62	4288063	31	little-endian-int64	31
28	/model.8/cv2/conv/Conv	135	77666915624435	82718484550647808	4330053080944427	62	2016338	31	little-endian-int64	31
28	/model.8/cv2/conv/Conv	136	84784541651395	41359242275323904	9453743922813459	62	4402243	31	little-endian-int64	31
28	/model.8/cv2/conv/Conv	137	28209124852835	20679621137661952	6290812864021354	62	2929388	31	little-endian-int64	31
28	/model.8/cv2/conv/Conv	138	77262222745595	20679621137661952	17229963257864958	62	8023327	31	little-endian-int64	31
28	/model.8/cv2/conv/Conv	139	68337990771125	41359242275323904	7619901604305900	62	3548293	31	little-endian-int64	31
28	/model.8/cv2/conv/Conv	140	93791000278215	82718484550647808	5228996239317298	62	2434941	31	little-endian-int64	31
28	/model.8/cv2/conv/Conv	141	52303636480365	10339810568830976	23328082024686361	62	10862985	31	little-endian-int64	31
28	/model.8/cv2/conv/Conv	142	105299656415	119535382298624	4062470407474100	62	1891735	31	little-endian-int64	31
28	/model.8/cv2/conv/Conv	143	2240981379105	2584952642207744	3998023919211162	62	1861725	31	little-endian-int64	31
28	/model.8/cv2/conv/Conv	144	7754504980485	10339810568830976	3458607095388152	62	1610539	31	little-endian-int64	31
28	/model.8/cv2/conv/Conv	145	51606069303265	82718484550647808	2877119782412626	62	1339763	31	little-endian-int64	31
28	/model.8/cv2/conv/Conv	146	38690334499885	41359242275323904	4314094380008830	62	2008907	31	little-endian-int64	31
28	/model.8/cv2/conv/Conv	147	90560574293525	82718484550647808	5048894894036514	62	2351075	31	little-endian-int64	31
28	/model.8/cv2/conv/Conv	148	29365469625295	10339810568830976	13097370091455963	62	6098938	31	little-endian-int64	31
28	/model.8/cv2/conv/Conv	149	61416270800675	82718484550647808	3424053993421535	62	1594449	31	little-endian-int64	31
28	/model.8/cv2/conv/Conv	150	74120379213275	41359242275323904	8264656161322756	62	3848530	31	little-endian-int64	31
28	/model.8/cv2/conv/Conv	151	76668692523195	41359242275323904	8548801136312834	62	3980846	31	little-endian-int64	31
28	/model.8/cv2/conv/Conv	152	24700457409855	20679621137661952	5508357881776372	62	2565029	31	little-endian-int64	31
28	/model.8/cv2/conv/Conv	153	25135527629475	20679621137661952	5605381286388055	62	2610209	31	little-endian-int64	31
28	/model.8/cv2/conv/Conv	154	46679756374075	41359242275323904	5204940128759468	62	2423739	31	little-endian-int64	31
28	/model.8/cv2/conv/Conv	155	3669815973335	2584952642207744	6547136971908357	62	3048748	31	little-endian-int64	31
28	/model.8/cv2/conv/Conv	156	8632958709485	5169905284415488	7700817091989363	62	3585972	31	little-endian-int64	31
28	/model.8/cv2/conv/Conv	157	12964762671405	5169905284415488	11564895574427834	62	5385324	31	little-endian-int64	31
28	/model.8/cv2/conv/Conv	158	38366007449815	20679621137661952	8555861781092420	62	3984134	31	little-endian-int64	31
28	/model.8/cv2/conv/Conv	159	98385204531455	165436969101295616	2742565187349510	62	1277106	31	little-endian-int64	31
28	/model.8/cv2/conv/Conv	160	30212023521495	20679621137661952	6737471907003728	62	3137380	31	little-endian-int64	31
28	/model.8/cv2/conv/Conv	161	32083190380615	41359242275323904	3577376962563503	62	1665846	31	little-endian-int64	31
28	/model.8/cv2/conv/Conv	162	9842953200745	5169905284415488	8780162722273728	62	4088582	31	little-endian-int64	31
28	/model.8/cv2/conv/Conv	163	76382210274765	82718484550647808	4258428730824178	62	1982985	31	little-endian-int64	31
28	/model.8/cv2/conv/Conv	164	22639051547855	10339810568830976	10097302730905234	62	4701923	31	little-endian-int64	31
28	/model.8/cv2/conv/Conv	165	14686942811425	10339810568830976	6550561866294333	62	3050343	31	little-endian-int64	31
28	/model.8/cv2/conv/Conv	166	53288120903615	41359242275323904	5941793625800775	62	2766863	31	little-endian-int64	31
28	/model.8/cv2/conv/Conv	167	67722033999605	41359242275323904	7551220480694764	62	3516311	31	little-endian-int64	31
28	/model.8/cv2/conv/Conv	168	54446423165815	41359242275323904	6070947982936751	62	2827005	31	little-endian-int64	31
28	/model.8/cv2/conv/Conv	169	82322043725015	41359242275323904	9179167633869487	62	4274383	31	little-endian-int64	31
28	/model.8/cv2/conv/Conv	170	92080081745835	82718484550647808	5133609831825583	62	2390523	31	little-endian-int64	31
28	/model.8/cv2/conv/Conv	171	90191176646355	82718484550647808	5028300392409120	62	2341485	31	little-endian-int64	31
28	/model.8/cv2/conv/Conv	172	66745983698815	10339810568830976	29769551169331413	62	13862528	31	little-endian-int64	31
28	/model.8/cv2/conv/Conv	173	13123561005745	10339810568830976	5853273848615169	62	2725643	31	little-endian-int64	31
28	/model.8/cv2/conv/Conv	174	8603294281635	5169905284415488	7674355673523365	62	3573650	31	little-endian-int64	31
28	/model.8/cv2/conv/Conv	175	92517278620975	41359242275323904	10315968494757926	62	4803747	31	little-endian-int64	31
28	/model.8/cv2/conv/Conv	176	50902931738695	41359242275323904	5675837507699240	62	2643018	31	little-endian-int64	31
28	/model.8/cv2/conv/Conv	177	90429555396915	82718484550647808	5041590383842348	62	2347673	31	little-endian-int64	31
28	/model.8/cv2/conv/Conv	178	231122746925	119535382298624	8916736785697497	62	4152179	31	little-endian-int64	31
28	/model.8/cv2/conv/Conv	179	42211000629975	41359242275323904	4706659762604678	62	2191709	31	little-endian-int64	31
28	/model.8/cv2/conv/Conv	180	24651616832515	10339810568830976	10994932249613932	62	5119914	31	little-endian-int64	31
28	/model.8/cv2/conv/Conv	181	20657479850745	10339810568830976	9213496743431829	62	4290369	31	little-endian-int64	31
28	/model.8/cv2/conv/Conv	182	66318163441195	82718484550647808	3697342241833251	62	1721709	31	little-endian-int64	31
28	/model.8/cv2/conv/Conv	183	55608181243235	41359242275323904	6200487674374218	62	2887327	31	little-endian-int64	31
28	/model.8/cv2/conv/Conv	184	91457044178095	82718484550647808	5098874504459397	62	2374348	31	little-endian-int64	31
28	/model.8/cv2/conv/Conv	185	24188779258435	20679621137661952	5394250424916784	62	2511894	31	little-endian-int64	31
28	/model.8/cv2/conv/Conv	186	89198439349695	82718484550647808	4972953721881384	62	2315712	31	little-endian-int64	31
28	/model.8/cv2/conv/Conv	187	65255699635	40389885034496	7450845610786026	62	3469570	31	little-endian-int64	31
28	/model.8/cv2/conv/Conv	188	47953091366675	41359242275323904	5346920998308698	62	2489854	31	little-endian-int64	31
28	/model.8/cv2/conv/Conv	189	45896168397845	20679621137661952	10235135193761144	62	4766106	31	little-endian-int64	31
28	/model.8/cv2/conv/Conv	190	25075280445255	20679621137661952	5591945784099718	62	2603953	31	little-endian-int64	31
28	/model.8/cv2/conv/Conv	191	15137830031475	10339810568830976	6751663257344988	62	3143988	31	little-endian-int64	31
28	/model.8/cv2/conv/Conv	192	57609750752195	41359242275323904	6423668990364832	62	2991254	31	little-endian-int64	31
28	/model.8/cv2/conv/Conv	193	52997047012585	82718484550647808	2954668984248976	62	1375875	31	little-endian-int64	31
28	/model.8/cv2/conv/Conv	194	82929771789665	82718484550647808	4623465615349900	62	2152969	31	little-endian-int64	31
28	/model.8/cv2/conv/Conv	195	55611709558075	41359242275323904	6200881092612104	62	2887510	31	little-endian-int64	31
28	/model.8/cv2/conv/Conv	196	28049299440545	20679621137661952	6255170788456206	62	2912791	31	little-endian-int64	31
28	/model.8/cv2/conv/Conv	197	45719257241775	41359242275323904	5097841444754265	62	2373867	31	little-endian-int64	31
28	/model.8/cv2/conv/Conv	198	30462195543575	20679621137661952	6793261846710451	62	3163359	31	little-endian-int64	31
28	/model.8/cv2/conv/Conv	199	61718582132805	41359242275323904	6881816654287102	62	3204596	31	little-endian-int64	31
28	/model.8/cv2/conv/Conv	200	5229355299155	5169905284415488	4664716932281065	62	2172178	31	little-endian-int64	31
28	/model.8/cv2/conv/Conv	201	71951420165005	41359242275323904	8022810383519033	62	3735912	31	little-endian-int64	31
28	/model.8/cv2/conv/Conv	202	7587622938515	5169905284415488	6768351196709543	62	3151759	31	little-endian-int64	31
28	/model.8/cv2/conv/Conv	203	6783674652335	5169905284415488	6051209031244485	62	2817814	31	little-endian-int64	31
28	/model.8/cv2/conv/Conv	204	26199133304685	10339810568830976	11685144128302087	62	5441319	31	little-endian-int64	31
28	/model.8/cv2/conv/Conv	205	38408890975045	20679621137661952	8565425077847596	62	3988587	31	little-endian-int64	31
28	/model.8/cv2/conv/Conv	206	35255483753335	20679621137661952	7862195366918174	62	3661120	31	little-endian-int64	31
28	/model.8/cv2/conv/Conv	207	83531373636425	82718484550647808	4657005867452373	62	2168587	31	little-endian-int64	31
28	/model.8/cv2/conv/Conv	208	66975154997635	41359242275323904	7467941115277157	62	3477531	31	little-endian-int64	31
28	/model.8/cv2/conv/Conv	209	56925668504415	41359242275323904	6347391661187947	62	2955735	31	little-endian-int64	31
28	/model.8/cv2/conv/Conv	210	56033850678795	41359242275323904	6247951159594187	62	2909429	31	little-endian-int64	31
28	/model.8/cv2/conv/Conv	211	14924765731565	10339810568830976	6656633890377383	62	3099737	31	little-endian-int64	31
28	/model.8/cv2/conv/Conv	212	19310062329775	10339810568830976	8612531522543456	62	4010523	31	little-endian-int64	31
28	/model.8/cv2/conv/Conv	213	68661218243625	41359242275323904	7655942487399864	62	3565076	31	little-endian-int64	31
28	/model.8/cv2/conv/Conv	214	82681992255045	82718484550647808	4609651515373736	62	2146536	31	little-endian-int64	31
28	/model.8/cv2/conv/Conv	215	21026055835555	10339810568830976	9377886284667743	62	4366919	31	little-endian-int64	31
28	/model.8/cv2/conv/Conv	216	37218314298675	41359242275323904	4149959482769355	62	1932475	31	little-endian-int64	31
28	/model.8/cv2/conv/Conv	217	70851057182455	82718484550647808	3950058219442660	62	1839389	31	little-endian-int64	31
28	/model.8/cv2/conv/Conv	218	78301468548485	41359242275323904	8730860815185284	62	4065624	31	little-endian-int64	31
28	/model.8/cv2/conv/Conv	219	43125994167455	20679621137661952	9617368858398688	62	4478436	31	little-endian-int64	31
28	/model.8/cv2/conv/Conv	220	49541618457225	20679621137661952	11048093562669578	62	5144669	31	little-endian-int64	31
28	/model.8/cv2/conv/Conv	221	9261614997775	10339810568830976	4130797185206592	62	1923552	31	little-endian-int64	31
28	/model.8/cv2/conv/Conv	222	18939843020245	10339810568830976	8447409037741070	62	3933631	31	little-endian-int64	31
28	/model.8/cv2/conv/Conv	223	82976908625935	41359242275323904	9252187136679223	62	4308385	31	little-endian-int64	31
28	/model.8/cv2/conv/Conv	224	36744952196425	41359242275323904	4097178114724270	62	1907897	31	little-endian-int64	31
28	/model.8/cv2/conv/Conv	225	99421236184525	41359242275323904	11085781547804004	62	5162219	31	little-endian-int64	31
28	/model.8/cv2/conv/Conv	226	63767820141915	41359242275323904	7110313158457367	62	3310998	31	little-endian-int64	31
28	/model.8/cv2/conv/Conv	227	55700811591055	20679621137661952	12421632500882891	62	5784273	31	little-endian-int64	31
28	/model.8/cv2/conv/Conv	228	33514381212495	20679621137661952	7473918512579825	62	3480315	31	little-endian-int64	31
28	/model.8/cv2/conv/Conv	229	70559777875835	41359242275323904	7867637877096046	62	3663654	31	little-endian-int64	31
28	/model.8/cv2/conv/Conv	230	47077005958595	41359242275323904	5249234710912632	62	2444365	31	little-endian-int64	31
28	/model.8/cv2/conv/Conv	231	54804897536905	82718484550647808	3055459503220686	62	1422809	31	little-endian-int64	31
28	/model.8/cv2/conv/Conv	232	84358896382375	41359242275323904	9406283132238955	62	4380142	31	little-endian-int64	31
28	/model.8/cv2/conv/Conv	233	38497449260875	20679621137661952	8585174134460355	62	3997783	31	little-endian-int64	31
28	/model.8/cv2/conv/Conv	234	49384282198555	20679621137661952	11013006584070214	62	5128331	31	little-endian-int64	31
28	/model.8/cv2/conv/Conv	235	8087386985715	5169905284415488	7214153342434056	62	3359352	31	little-endian-int64	31
28	/model.8/cv2/conv/Conv	236	34844398824665	20679621137661952	7770520833554456	62	3618431	31	little-endian-int64	31
28	/model.8/cv2/conv/Conv	237	13980240682205	10339810568830976	6235363796965949	62	2903568	31	little-endian-int64	31
28	/model.8/cv2/conv/Conv	238	47849356493725	41359242275323904	5335354232650317	62	2484468	31	little-endian-int64	31
28	/model.8/cv2/conv/Conv	239	32946117107665	20679621137661952	7347192031007786	62	3421303	31	little-endian-int64	31
28	/model.8/cv2/conv/Conv	240	41182557270465	20679621137661952	9183970165749428	62	4276619	31	little-endian-int64	31
28	/model.8/cv2/conv/Conv	241	32048523478985	41359242275323904	3573511493644005	62	1664046	31	little-endian-int64	31
28	/model.8/cv2/conv/Conv	242	21533951923465	20679621137661952	4802207175162924	62	2236202	31	little-endian-int64	31
28	/model.8/cv2/conv/Conv	243	5109332178245	2584952642207744	9115306557333814	62	4244645	31	little-endian-int64	31
28	/model.8/cv2/conv/Conv	244	45324400144715	41359242275323904	5053813632502132	62	2353365	31	little-endian-int64	31
28	/model.8/cv2/conv/Conv	245	70275289366955	20679621137661952	15671833021364856	62	7297766	31	little-endian-int64	31
28	/model.8/cv2/conv/Conv	246	89967068237665	82718484550647808	5015805995049424	62	2335667	31	little-endian-int64	31
28	/model.8/cv2/conv/Conv	247	37752878163475	41359242275323904	4209565040454475	62	1960231	31	little-endian-int64	31
28	/model.8/cv2/conv/Conv	248	12725091010955	5169905284415488	11351102403237173	62	5285769	31	little-endian-int64	31
28	/model.8/cv2/conv/Conv	249	33352719143165	20679621137661952	7437866850904001	62	3463527	31	little-endian-int64	31
28	/model.8/cv2/conv/Conv	250	26054097814875	20679621137661952	5810228234635018	62	2705598	31	little-endian-int64	31
28	/model.8/cv2/conv/Conv	251	60376432917555	41359242275323904	6732162781776372	62	3134908	31	little-endian-int64	31
28	/model.8/cv2/conv/Conv	252	95787869395145	41359242275323904	10680649686082272	62	4973565	31	little-endian-int64	31
28	/model.8/cv2/conv/Conv	253	53030360587975	20679621137661952	11826105074542826	62	5506959	31	little-endian-int64	31
28	/model.8/cv2/conv/Conv	254	8576892336685	5169905284415488	7650804472159534	62	3562683	31	little-endian-int64	31
28	/model.8/cv2/conv/Conv	255	13746550240405	10339810568830976	6131134910380938	62	2855032	31	little-endian-int64	31
