selection_group	image_id	model	boundary_index	boundary_label	max_abs_difference	mean_abs_difference	rms_difference	cosine	largest_channel	largest_channel_rms	largest_spatial_y	largest_spatial_x	largest_spatial_rms	top100_jaccard	top100_mean_rank_displacement
large-loss	209356	B2	0	P3_bbox	1.5930686593055725	0.14669846423785202	0.21763395750882059	0.9974292569322498	2	0.23716939907428056	27	79	0.9181291671304146	nan	nan
large-loss	209356	B2	1	P3_confidence	2.837604522705078	0.3447487813625485	0.45173930366116544	0.9997463093222664	33	0.5534248399966032	59	11	1.955113259970136	0.7094017094017094	11.975903614457831
large-loss	209356	B2	2	P4_bbox	2.580087423324585	0.14775837844994386	0.27183213895464653	0.9978166572775984	0	0.333762505629146	17	29	1.302624788160049	nan	nan
large-loss	209356	B2	3	P4_confidence	36.55575752258301	1.0656196259725839	1.7173701506736982	0.996619713011718	0	2.728233147123612	15	22	19.04461594814769	0.6	13.32
large-loss	209356	B2	4	P5_bbox	5.428098201751709	0.1933340971544385	0.4551929820299378	0.9965226441179257	0	0.6371223645646362	12	16	2.7200406119285168	nan	nan
large-loss	209356	B2	5	P5_confidence	28.838577270507812	1.6229187066275625	2.676136739609619	0.9903682402600594	0	4.139769795568413	8	10	18.244259666647178	0.5267175572519084	12.942028985507246
large-loss	209356	A1	0	P3_bbox	1.5608493089675903	0.14651901484045082	0.21758300458369398	0.9974306845838179	2	0.2368528545920744	27	79	0.9147712076663459	nan	nan
large-loss	209356	A1	1	P3_confidence	2.7926025390625	0.3498192550810054	0.4590555816917764	0.9997420841940814	33	0.5645534299880571	43	9	1.8517302315288504	0.6528925619834711	12.582278481012658
large-loss	209356	A1	2	P4_bbox	2.6372873783111572	0.14789242299739272	0.27233338105734806	0.9978082594550787	0	0.33369973743690157	17	29	1.328053547203277	nan	nan
large-loss	209356	A1	3	P4_confidence	36.981300354003906	1.0715245784651488	1.71792471032278	0.9966428052907859	0	2.747333742442917	15	22	19.2531302088483	0.5625	13.541666666666666
large-loss	209356	A1	4	P5_bbox	5.4333930015563965	0.19272729989141227	0.4555345371411257	0.9965159115559459	0	0.6364965802733265	12	16	2.7210263001519146	nan	nan
large-loss	209356	A1	5	P5_confidence	28.313987731933594	1.6528290019026026	2.7022732382670327	0.9902466672516715	0	4.186610675606454	8	10	18.30119999820721	0.5503875968992248	11.507042253521126
large-loss	157153	B2	0	P3_bbox	2.178277611732483	0.10569701237778645	0.17250298599334257	0.9962627734121953	2	0.18527293044782991	61	44	1.140689537255654	nan	nan
large-loss	157153	B2	1	P3_confidence	5.893487930297852	0.29451515500736425	0.39418855771330563	0.9997680991885999	33	0.4562743508334133	20	62	4.357865896350126	0.7543859649122807	11.872093023255815
large-loss	157153	B2	2	P4_bbox	2.6832908391952515	0.10774283962498885	0.2105529587757675	0.9973076727099188	2	0.26177399730004336	28	25	1.3652538239422667	nan	nan
large-loss	157153	B2	3	P4_confidence	15.44609546661377	0.7981165565513074	1.346678460057913	0.9976888406526524	0	2.0595998843159653	21	23	11.51269509821543	0.6949152542372882	11.146341463414634
large-loss	157153	B2	4	P5_bbox	2.278460741043091	0.11534708057530224	0.23569343965100503	0.9979430571894449	2	0.26493670309670736	8	17	1.1431655418405913	nan	nan
large-loss	157153	B2	5	P5_confidence	60.52038860321045	1.14858001405932	2.7545604562893926	0.9894444283044118	0	4.266503353430398	11	18	39.02488013537835	0.6528925619834711	11.30379746835443
large-loss	157153	A1	0	P3_bbox	2.1918309926986694	0.10575557974414551	0.17278260686223967	0.9962506437525386	2	0.18554029815612827	61	44	1.1375182332712512	nan	nan
large-loss	157153	A1	1	P3_confidence	6.0320234298706055	0.295754879443557	0.39591635809793885	0.9997660930477262	33	0.4577124070310918	20	62	4.514441077957041	0.7699115044247787	11.724137931034482
large-loss	157153	A1	2	P4_bbox	2.692231059074402	0.10790386384818702	0.21094852657224136	0.9972974902642396	2	0.2627504030392866	28	25	1.3633848367068495	nan	nan
large-loss	157153	A1	3	P4_confidence	16.152753829956055	0.8064022468179465	1.350747706071879	0.9976813306867717	0	2.040043211255796	21	23	12.12006289553222	0.7391304347826086	10.258823529411766
large-loss	157153	A1	4	P5_bbox	2.2329013347625732	0.117552958317101	0.23749921784705935	0.9979047215119153	2	0.2678447664997325	8	17	1.12016598610727	nan	nan
large-loss	157153	A1	5	P5_confidence	60.52114772796631	1.1414739736914634	2.7337859110852314	0.9895813266838632	0	4.282563704249762	11	18	38.75186125260895	0.6666666666666666	11.3125
large-loss	555263	B2	0	P3_bbox	1.7881383895874023	0.14200587332074066	0.2181786243429449	0.9967994775437466	1	0.26123302429925077	5	48	1.0587507984494666	nan	nan
large-loss	555263	B2	1	P3_confidence	8.294538497924805	0.33279745660186744	0.44024010346087933	0.9997332274689407	9	0.5154617649963389	43	69	5.8656574463266145	0.8018018018018018	10.258426966292134
large-loss	555263	B2	2	P4_bbox	5.108572959899902	0.1409050229145214	0.28028705029265194	0.9971980761521377	1	0.3331611271657219	27	33	2.5607935651603224	nan	nan
large-loss	555263	B2	3	P4_confidence	16.990703582763672	0.9859676384264603	1.5109449936693626	0.9972615579696105	0	2.45317363444813	28	25	8.535627005511719	0.6666666666666666	10.125
large-loss	555263	B2	4	P5_bbox	5.83017897605896	0.19898836322594435	0.48732780992702834	0.9950229395390412	3	0.5493476461075085	14	15	2.92278203393362	nan	nan
large-loss	555263	B2	5	P5_confidence	24.37062644958496	1.5468747360985726	2.298835477256786	0.99277937891101	0	3.620106866461702	17	3	14.700090120050396	0.48148148148148145	10.246153846153845
large-loss	555263	A1	0	P3_bbox	1.8265256881713867	0.1421732313245593	0.21826344809622839	0.9967976438470811	1	0.2611985693689487	5	48	1.059327575267236	nan	nan
large-loss	555263	A1	1	P3_confidence	8.266108512878418	0.33437092093702814	0.4425154923484566	0.9997310748885853	9	0.5313419957625862	43	69	5.875283168419277	0.8181818181818182	10.744444444444444
large-loss	555263	A1	2	P4_bbox	5.109744548797607	0.14073260037461297	0.28018402534910397	0.997199733347995	1	0.3336629747154868	27	33	2.558857004933529	nan	nan
large-loss	555263	A1	3	P4_confidence	16.57782554626465	0.9954233328215778	1.5117376104055749	0.9972672556125138	0	2.456333909987131	25	32	8.141690466296414	0.680672268907563	8.098765432098766
large-loss	555263	A1	4	P5_bbox	5.805543899536133	0.19933296948671342	0.4853779400670026	0.9950594579730064	3	0.5508452066181996	14	15	2.9122986366438157	nan	nan
large-loss	555263	A1	5	P5_confidence	24.774739265441895	1.5512194033982232	2.3066993846213384	0.9927586903952924	0	3.658245982829605	17	3	14.825343046739256	0.5151515151515151	12.691176470588236
large-loss	549409	B2	0	P3_bbox	2.795998275279999	0.15946435159421526	0.24965809629525557	0.9965122088438332	3	0.2690188109713921	58	57	1.840929393296762	nan	nan
large-loss	549409	B2	1	P3_confidence	3.4924373626708984	0.34878200640762225	0.459134319269168	0.999753331521563	0	0.5851590889973634	32	71	2.5187750449810795	0.7391304347826086	9.776470588235295
large-loss	549409	B2	2	P4_bbox	5.1085731983184814	0.13375334253767504	0.2683872299361284	0.9980685974420707	2	0.32930750286862537	19	25	2.663745109357234	nan	nan
large-loss	549409	B2	3	P4_confidence	29.862449645996094	1.005930947376415	1.5926314484236954	0.997451165877256	0	2.5705168330966983	12	19	15.396673408856953	0.639344262295082	8.487179487179487
large-loss	549409	B2	4	P5_bbox	3.886786460876465	0.1779209878621623	0.39274459511663923	0.9976267381984409	3	0.5232853344361909	8	2	2.118624921763754	nan	nan
large-loss	549409	B2	5	P5_confidence	12.591489791870117	1.4123539589494467	2.004832231399679	0.994812025920752	0	3.0718108218591924	16	16	8.267849506059564	0.5384615384615384	10.942857142857143
large-loss	549409	A1	0	P3_bbox	2.7896030247211456	0.15951614464604064	0.24975232962822264	0.9965098350003526	3	0.26905507527372774	58	57	1.833832314968617	nan	nan
large-loss	549409	A1	1	P3_confidence	3.3511247634887695	0.35598153013316913	0.46865713272208964	0.9997508055014075	0	0.6069739478815485	32	71	2.3686813162979106	0.6949152542372882	8.378048780487806
large-loss	549409	A1	2	P4_bbox	5.1097447872161865	0.13393334321619477	0.2684537453439611	0.9980680181099316	2	0.3304012807493717	19	25	2.663201240823635	nan	nan
large-loss	549409	A1	3	P4_confidence	29.755069732666016	1.0129708579406143	1.595852366679993	0.997453466587903	0	2.5697773264065122	12	19	15.450666619971217	0.6	10.293333333333333
large-loss	549409	A1	4	P5_bbox	3.9447922706604004	0.1774226277321577	0.39264054593534076	0.9976298422003217	3	0.5241772800175635	8	2	2.1530103981103075	nan	nan
large-loss	549409	A1	5	P5_confidence	11.679521560668945	1.4037765196040273	1.983722287170161	0.9949500254014839	0	3.0467871937266175	16	16	8.155453053896515	0.5748031496062992	11.383561643835616
large-loss	239596	B2	0	P3_bbox	1.8206499814987183	0.16191288219881245	0.24832352672739927	0.9964251092191821	1	0.26601872482592187	41	55	1.130333817134073	nan	nan
large-loss	239596	B2	1	P3_confidence	3.274160385131836	0.3489365461661946	0.46374251779051945	0.9997491785875806	0	0.5857344797465849	34	30	2.188223350672632	0.8867924528301887	9.617021276595745
large-loss	239596	B2	2	P4_bbox	2.3736801147460938	0.15839318108686712	0.2933119477546604	0.9975506177027331	0	0.35498712750806954	38	23	1.31786652573779	nan	nan
large-loss	239596	B2	3	P4_confidence	15.960966110229492	0.9998892830144614	1.4400436233650704	0.9976435888210277	0	2.3220571100258844	21	1	8.41638923576017	0.7391304347826086	14.235294117647058
large-loss	239596	B2	4	P5_bbox	3.3506778478622437	0.15819387225434184	0.33319874807764294	0.9982822053973376	3	0.43633491698119375	9	16	1.6756739576675763	nan	nan
large-loss	239596	B2	5	P5_confidence	12.185312271118164	1.382398391753435	1.988536659390428	0.9951692408477091	0	3.0573428128094635	18	10	7.559287568591778	0.5503875968992248	12.0
large-loss	239596	A1	0	P3_bbox	1.8265258073806763	0.16182654664051369	0.24841163805935246	0.9964222622098468	1	0.2664071075073194	41	55	1.1348488796892093	nan	nan
large-loss	239596	A1	1	P3_confidence	3.2394208908081055	0.35403325320105067	0.47161680061004463	0.9997463868659567	0	0.6024327226745638	29	38	2.2248837213626196	0.8518518518518519	9.76086956521739
large-loss	239596	A1	2	P4_bbox	2.362569808959961	0.1587609312456334	0.2940944637741051	0.9975376842074135	0	0.35510883274405236	38	23	1.316065607779661	nan	nan
large-loss	239596	A1	3	P4_confidence	15.302606582641602	1.0087865591477603	1.4525799940216442	0.9976210476401697	0	2.3473468066437135	13	24	8.035442857749652	0.680672268907563	12.777777777777779
large-loss	239596	A1	4	P5_bbox	3.349352240562439	0.1575591006875038	0.332762450982333	0.9982868810704942	3	0.4311324716983651	9	16	1.6750895714926362	nan	nan
large-loss	239596	A1	5	P5_confidence	13.803070068359375	1.3712264907881617	1.9820650212669297	0.9952343251097848	0	3.071967734126071	18	10	8.704860459479228	0.5625	9.708333333333334
large-loss	254989	B2	0	P3_bbox	1.918184757232666	0.1527664533571806	0.22258897414229795	0.9976466842972967	1	0.24279275184280247	60	74	1.3461926043135841	nan	nan
large-loss	254989	B2	1	P3_confidence	5.893486976623535	0.3582282546302304	0.47869832415100033	0.999743500148638	33	0.6290727879045459	44	4	4.399553887287443	0.6260162601626016	13.64935064935065
large-loss	254989	B2	2	P4_bbox	2.064069986343384	0.14671828522230498	0.24936832076633894	0.9984864999651584	0	0.294508816909134	0	16	1.0885398853971608	nan	nan
large-loss	254989	B2	3	P4_confidence	13.901485443115234	0.9862975420430302	1.4099894577543586	0.9977796731998985	0	2.2577349904182826	13	34	9.739242507810456	0.4925373134328358	15.287878787878787
large-loss	254989	B2	4	P5_bbox	3.551717758178711	0.1993234485387802	0.40276832757045944	0.9972641376403206	0	0.5272076021772448	0	5	1.795975455768522	nan	nan
large-loss	254989	B2	5	P5_confidence	30.057104110717773	1.392425892278552	2.0866471629754964	0.994356671058518	0	3.164534088051548	9	9	20.057140850335863	0.26582278481012656	18.238095238095237
large-loss	254989	A1	0	P3_bbox	1.9261542558670044	0.15270429540119948	0.22255437624971808	0.9976473072909877	1	0.24294740687719762	60	74	1.3503064742347024	nan	nan
large-loss	254989	A1	1	P3_confidence	5.696910858154297	0.36498614981677385	0.48802301498094364	0.9997393809131653	33	0.6439556716183011	44	4	4.3586457177546665	0.639344262295082	12.666666666666666
large-loss	254989	A1	2	P4_bbox	2.087852716445923	0.14646732893947045	0.2496728691064092	0.9984823738451959	0	0.294294080827472	0	16	1.07456320617269	nan	nan
large-loss	254989	A1	3	P4_confidence	14.452461242675781	1.0103706255331635	1.4263104353292166	0.9977343594282048	0	2.2643586642580855	13	34	10.198638429393181	0.47058823529411764	15.109375
large-loss	254989	A1	4	P5_bbox	3.5726418495178223	0.19877474173903464	0.40240008162288476	0.9972682291109835	0	0.5265366802828644	0	5	1.805216165771521	nan	nan
large-loss	254989	A1	5	P5_confidence	33.62285804748535	1.419116954471916	2.162779255403696	0.9939539697158979	0	3.2843576235833867	9	9	22.53562744800705	0.2578616352201258	18.341463414634145
large-loss	294348	B2	0	P3_bbox	2.405859112739563	0.19692889926140197	0.29637376910165353	0.9956827918176053	2	0.32991597521399263	59	5	1.4444817084928596	nan	nan
large-loss	294348	B2	1	P3_confidence	3.383298873901367	0.36783075362909584	0.4899281726016687	0.9997290636700755	9	0.6156094154901194	4	24	2.242527251846575	0.5748031496062992	14.753424657534246
large-loss	294348	B2	2	P4_bbox	2.99290132522583	0.16791531928116454	0.28532285650018024	0.9981177107006632	0	0.3898814426002272	38	7	1.553204056940323	nan	nan
large-loss	294348	B2	3	P4_confidence	12.871746063232422	0.9533659995794296	1.3333453157825774	0.9979643659142757	0	2.1268782414556897	23	14	7.1256482888258885	0.7857142857142857	9.340909090909092
large-loss	294348	B2	4	P5_bbox	2.948596477508545	0.17561739085242153	0.35520739028485515	0.9981513203294884	2	0.47129157118986276	7	6	1.7154028265424706	nan	nan
large-loss	294348	B2	5	P5_confidence	15.840904235839844	1.4034180568754673	2.0051228104363545	0.9944588151913125	0	3.0025527623505712	7	14	9.581820223441031	0.5625	14.805555555555555
large-loss	294348	A1	0	P3_bbox	2.3910882472991943	0.19694954572871212	0.29638491584123733	0.9956822297361768	2	0.3296673370646172	59	5	1.4370571081725083	nan	nan
large-loss	294348	A1	1	P3_confidence	3.574533462524414	0.3765983669050038	0.5035255639266096	0.9997218905203622	9	0.6395032847823657	4	35	2.362978589598439	0.6	16.64
large-loss	294348	A1	2	P4_bbox	3.0218920707702637	0.1679038698831573	0.28530138356875967	0.998117754629328	0	0.3900238130152665	38	7	1.5673347512475666	nan	nan
large-loss	294348	A1	3	P4_confidence	13.177242279052734	0.9582560790441931	1.3312742472222896	0.9979788733333145	0	2.132708525783717	23	14	6.998221041294467	0.7241379310344828	11.380952380952381
large-loss	294348	A1	4	P5_bbox	3.0516319274902344	0.17565491553395987	0.35634235844831674	0.9981397521556092	2	0.47204437368821506	7	6	1.7699645569568945	nan	nan
large-loss	294348	A1	5	P5_confidence	15.926620483398438	1.3887678926438094	1.9827719239620158	0.9945976085946595	0	2.990664948091061	7	14	9.34664858587974	0.5503875968992248	16.690140845070424
large-loss	95295	B2	0	P3_bbox	3.673811674118042	0.14066095906775444	0.22188613411011407	0.997617028298891	2	0.24483204208722778	21	72	1.8459465601077993	nan	nan
large-loss	95295	B2	1	P3_confidence	5.129517555236816	0.3484111038101837	0.46259940750382783	0.9997081075894799	9	0.5844079727728592	31	3	3.926982846042914	0.680672268907563	14.839506172839506
large-loss	95295	B2	2	P4_bbox	4.64415717124939	0.15135438087338116	0.29094847663003	0.9976714819906646	2	0.3941880490566316	9	9	2.3302345488349716	nan	nan
large-loss	95295	B2	3	P4_confidence	28.317837715148926	1.1774308446198702	1.9693596870670318	0.9954167102543714	0	3.0265850100254017	6	23	18.403624666651833	0.5625	10.430555555555555
large-loss	95295	B2	4	P5_bbox	6.232260704040527	0.1489376260852441	0.38890963748421015	0.9973561464768983	0	0.5810407547454598	17	13	3.117030940552659	nan	nan
large-loss	95295	B2	5	P5_confidence	25.182979583740234	1.5948924786765128	2.619164294035447	0.9915206846599263	0	4.004862987296476	8	8	15.90320854948895	0.5384615384615384	11.557142857142857
large-loss	95295	A1	0	P3_bbox	3.6530516147613525	0.14077869090877357	0.2218815552339526	0.997617953014384	2	0.24487475618468585	21	72	1.8357108196526355	nan	nan
large-loss	95295	A1	1	P3_confidence	5.138391494750977	0.350427521718666	0.46446688979693723	0.9997079303013716	9	0.5953013685006208	31	3	4.008199132908932	0.680672268907563	13.814814814814815
large-loss	95295	A1	2	P4_bbox	4.615253210067749	0.15127488110098056	0.29105063010167487	0.9976699398125106	2	0.39430568180052394	9	9	2.3175799809930417	nan	nan
large-loss	95295	A1	3	P4_confidence	27.629706382751465	1.190239340160042	1.9816412967413566	0.9953655201927517	0	3.024966103115295	6	23	18.457029673087753	0.5503875968992248	12.507042253521126
large-loss	95295	A1	4	P5_bbox	6.252123832702637	0.14904617331922054	0.38935523883288514	0.9973489071232216	0	0.5846786917425647	17	13	3.126504920981156	nan	nan
large-loss	95295	A1	5	P5_confidence	24.774738311767578	1.6098271380197258	2.6228015850142423	0.991584237310831	0	4.001855579550039	8	8	15.711881410003372	0.6	12.92
large-loss	117300	B2	0	P3_bbox	1.6906037330627441	0.13876868157356512	0.2082813470899631	0.9976953133414678	1	0.24984441513607222	17	70	1.072636803975948	nan	nan
large-loss	117300	B2	1	P3_confidence	3.6015758514404297	0.3315826524547301	0.4293159147641237	0.9997598163866216	0	0.5042664591755415	3	52	2.5858031298835775	0.7241379310344828	11.642857142857142
large-loss	117300	B2	2	P4_bbox	2.1672732830047607	0.12515842516673728	0.22048711296967918	0.9987512100041371	3	0.253538716997797	2	19	1.0867038273538419	nan	nan
large-loss	117300	B2	3	P4_confidence	26.773231506347656	0.9171480532735586	1.490078261809931	0.9972604523964309	0	2.3804029894959653	6	28	17.95227709076218	0.639344262295082	15.128205128205128
large-loss	117300	B2	4	P5_bbox	4.757962226867676	0.12661372645758093	0.3068523862935074	0.9981230536837091	3	0.4492782845890051	7	16	2.3799247777065182	nan	nan
large-loss	117300	B2	5	P5_confidence	38.180649280548096	1.4672132522184402	2.593274617979382	0.9914050170276896	0	4.29675093421188	7	5	21.040013141341323	0.6129032258064516	12.342105263157896
large-loss	117300	A1	0	P3_bbox	1.6936874389648438	0.13904297145083547	0.20833797685185115	0.9976940308526985	1	0.24952651715127602	17	70	1.080969884198804	nan	nan
large-loss	117300	A1	1	P3_confidence	3.351125717163086	0.3338285454176366	0.4322677163479843	0.9997564348513253	0	0.509166089853587	3	52	2.434695957175518	0.7094017094017094	10.457831325301205
large-loss	117300	A1	2	P4_bbox	2.142796039581299	0.12493634632905014	0.2207344476669012	0.9987489693168375	3	0.25448461353512014	2	19	1.0752652618268814	nan	nan
large-loss	117300	A1	3	P4_confidence	26.779563903808594	0.926398879384622	1.487488771458934	0.9972875320282518	0	2.384268984451311	6	28	15.992837870339878	0.6	13.96
large-loss	117300	A1	4	P5_bbox	4.837952613830566	0.12699626713991166	0.31012643858547595	0.9980807336671256	3	0.45441967424614793	7	16	2.419262560802512	nan	nan
large-loss	117300	A1	5	P5_confidence	38.931732177734375	1.4586238095583395	2.5874839483125487	0.9914882231839038	0	4.321036765061241	7	5	21.34052346742192	0.6260162601626016	12.857142857142858
large-loss	4731	B2	0	P3_bbox	2.178277611732483	0.14847898480365984	0.2504030290705638	0.9948467653314875	1	0.2987460008828157	72	56	1.5854200919389283	nan	nan
large-loss	4731	B2	1	P3_confidence	6.875736236572266	0.3726309343049652	0.5018071056573827	0.999686206248419	33	0.6423959826834499	39	36	5.255057696966393	0.7857142857142857	9.840909090909092
large-loss	4731	B2	2	P4_bbox	3.3541135787963867	0.13726871492632198	0.28724482807820767	0.9965858357323967	0	0.333358379461655	10	34	1.6804273644068008	nan	nan
large-loss	4731	B2	3	P4_confidence	31.407058715820312	1.05720876190532	1.8502719951237747	0.9961620499537993	0	3.1072670179436543	30	19	16.935813060078324	0.6666666666666666	8.1375
large-loss	4731	B2	4	P5_bbox	3.7527592182159424	0.1833658414054662	0.3986320850404158	0.9961651878945366	3	0.49027640716394466	12	7	1.8772768982131318	nan	nan
large-loss	4731	B2	5	P5_confidence	13.810020446777344	1.423599984884262	2.028312281043585	0.9953313089430047	0	3.0783160547271615	3	17	8.479159716767157	0.6528925619834711	11.746835443037975
large-loss	4731	A1	0	P3_bbox	2.1918307542800903	0.14856737141861232	0.2504762816353042	0.9948436274708201	1	0.2989730776560093	72	56	1.5824275734524236	nan	nan
large-loss	4731	A1	1	P3_confidence	6.813955307006836	0.3763431055676192	0.5074549468521204	0.9996849320944108	33	0.6556184455100684	39	36	5.185482976536713	0.7857142857142857	9.670454545454545
large-loss	4731	A1	2	P4_bbox	3.351552963256836	0.1373072155943373	0.28737533348845534	0.9965831639989169	0	0.3327484956737058	10	34	1.6780267531002502	nan	nan
large-loss	4731	A1	3	P4_confidence	31.030288696289062	1.071092871500179	1.852551006893473	0.9961763044894792	0	3.1031560568281025	30	19	17.239753095170165	0.6129032258064516	10.81578947368421
large-loss	4731	A1	4	P5_bbox	3.7215023040771484	0.18328399561345576	0.39836593342178667	0.996179526411095	3	0.48924667121764814	1	18	1.8655828293309402	nan	nan
large-loss	4731	A1	5	P5_confidence	13.803069114685059	1.4393459683870897	2.035077458377815	0.9953184457593311	0	3.0646703097635286	3	17	8.613362985079855	0.5625	10.76388888888889
large-loss	143445	B2	0	P3_bbox	1.8206498622894287	0.13911665695719422	0.21103881781000036	0.9972903637990007	1	0.2578447883416427	44	17	1.1249437964363005	nan	nan
large-loss	143445	B2	1	P3_confidence	4.147270202636719	0.3403516868776642	0.44951959695188887	0.9997289513527194	0	0.5235350659010957	39	57	3.0336327343109186	0.7857142857142857	9.477272727272727
large-loss	143445	B2	2	P4_bbox	3.457317352294922	0.12294922932167537	0.22946919181370096	0.9984461324274663	3	0.29977630030908864	21	29	1.7296211253940434	nan	nan
large-loss	143445	B2	3	P4_confidence	25.743492126464844	0.9996599644208327	1.6999014764876015	0.9966202427835941	0	2.8807126534150043	30	7	14.536753641630416	0.639344262295082	10.397435897435898
large-loss	143445	B2	4	P5_bbox	2.948596477508545	0.12041498055215925	0.26050845924918864	0.9986327206901308	3	0.3029538921841757	2	11	1.4932148080759307	nan	nan
large-loss	143445	B2	5	P5_confidence	17.871793746948242	1.399838621320203	2.1671651606864084	0.9941827560543014	0	3.4114645775890478	1	8	11.51370587802491	0.6949152542372882	10.536585365853659
large-loss	143445	A1	0	P3_bbox	1.79331636428833	0.13910912949460907	0.21110386192108976	0.9972882462136704	1	0.2581058459457185	44	17	1.1145011647316507	nan	nan
large-loss	143445	A1	1	P3_confidence	4.579870223999023	0.3436100751766935	0.4550103828440833	0.9997221224228029	9	0.5351153413898153	39	57	3.2890425648927004	0.7699115044247787	8.931034482758621
large-loss	143445	A1	2	P4_bbox	3.516383409500122	0.12303908126428724	0.22989641388489096	0.9984400674728696	3	0.3009943141498867	21	29	1.7592644915553959	nan	nan
large-loss	143445	A1	3	P4_confidence	24.65420150756836	1.0130904083587229	1.6922854264565226	0.9966684267790206	0	2.866088463007082	30	7	14.317039602701927	0.6528925619834711	12.215189873417721
large-loss	143445	A1	4	P5_bbox	2.9027719497680664	0.11899503886699676	0.2603589222804989	0.9986334701378129	3	0.3022675487265347	2	11	1.4689331909757846	nan	nan
large-loss	143445	A1	5	P5_confidence	18.0501651763916	1.4096937081655487	2.1621819047456508	0.994239642984372	0	3.4365354115075033	1	8	11.198239932655095	0.680672268907563	9.530864197530864
large-loss	209018	B2	0	P3_bbox	1.5930688381195068	0.13535496308584696	0.20026269869169044	0.9978979338042007	1	0.23173644205248556	45	68	0.8532361860876565	nan	nan
large-loss	209018	B2	1	P3_confidence	2.8376054763793945	0.32560176639491695	0.4239233598845415	0.9997537503482689	0	0.4915690314107526	28	27	1.9018801426833956	0.6949152542372882	12.951219512195122
large-loss	209018	B2	2	P4_bbox	3.4573171138763428	0.12860123443650082	0.23540205368594236	0.9985481430578551	1	0.2575697624554494	20	35	1.7303905806282194	nan	nan
large-loss	209018	B2	3	P4_confidence	33.46653747558594	1.0716894317530095	1.7436791058057743	0.9959342163903333	0	2.8893842859608885	29	24	17.531298145142845	0.6260162601626016	12.142857142857142
large-loss	209018	B2	4	P5_bbox	3.819772243499756	0.16954428672790528	0.37264898282639397	0.9976020517722568	0	0.4201327429014458	8	7	2.357172441973062	nan	nan
large-loss	209018	B2	5	P5_confidence	31.68181610107422	1.3264982631355524	2.1808178841464985	0.9931349766599715	0	3.511553187052547	11	11	18.082181706914266	0.5625	12.916666666666666
large-loss	209018	A1	0	P3_bbox	1.5940587520599365	0.13542754046837216	0.20032084868865602	0.997896521951747	1	0.23188203507564828	45	68	0.8592872868823399	nan	nan
large-loss	209018	A1	1	P3_confidence	2.9043078422546387	0.32702833519876	0.4259982831556537	0.999750195954318	0	0.49577767498888525	28	27	1.9952564369493637	0.6949152542372882	12.548780487804878
large-loss	209018	A1	2	P4_bbox	3.461439847946167	0.12861927347024904	0.23540696762533997	0.9985483220039506	1	0.2577553962135404	20	35	1.732681083563606	nan	nan
large-loss	209018	A1	3	P4_confidence	33.580718994140625	1.0702825700044631	1.7277103700409455	0.9960308896345488	0	2.853768632689686	29	24	17.610263886777886	0.6	11.8
large-loss	209018	A1	4	P5_bbox	3.7959322929382324	0.17011917930096387	0.3726569530101826	0.9976096657610216	0	0.42122082436329106	8	7	2.3545672393121095	nan	nan
large-loss	209018	A1	5	P5_confidence	31.49931049346924	1.2993465658910572	2.139445648619838	0.9934214469465046	0	3.469907671048387	11	11	17.841814195892585	0.5384615384615384	14.3
large-loss	295575	B2	0	P3_bbox	2.1457659006118774	0.176475795431179	0.2835696503770706	0.9932411113539181	1	0.3058708252412395	14	8	1.5227618413731823	nan	nan
large-loss	295575	B2	1	P3_confidence	4.583824157714844	0.4121591667132452	0.5482336009787796	0.9996259408272402	0	0.6853340782106216	57	75	3.0160108640103993	0.8018018018018018	8.404494382022472
large-loss	295575	B2	2	P4_bbox	2.4768840074539185	0.1749379908828996	0.3248086991502866	0.9953532063685883	2	0.414812752886596	35	32	1.408926171178345	nan	nan
large-loss	295575	B2	3	P4_confidence	16.990703582763672	0.9033270621215924	1.3679894081765975	0.9977905366143616	0	2.2727289212934725	29	20	11.377924251637543	0.7241379310344828	9.154761904761905
large-loss	295575	B2	4	P5_bbox	2.4124884605407715	0.2113439978659153	0.38431413005769477	0.997263240964915	0	0.4928003095393309	0	14	1.214129764601154	nan	nan
large-loss	295575	B2	5	P5_confidence	16.247084617614746	1.465677385404706	2.086569322862266	0.9948190797170279	0	3.2568338425570755	10	7	9.761991379229581	0.6	16.173333333333332
large-loss	295575	A1	0	P3_bbox	2.1586215496063232	0.17627270106910145	0.2834617110046687	0.9932453107084518	1	0.30602359142089997	14	8	1.5127673810611233	nan	nan
large-loss	295575	A1	1	P3_confidence	4.468167304992676	0.41514110324822834	0.5523341814475706	0.999621504767056	0	0.6885114143469396	59	38	3.0596796868922036	0.8181818181818182	9.022222222222222
large-loss	295575	A1	2	P4_bbox	2.47245717048645	0.17422237562888768	0.32499057462991177	0.9953450572175969	2	0.4151120709752425	35	32	1.4168605109049484	nan	nan
large-loss	295575	A1	3	P4_confidence	17.00289535522461	0.9114250493943691	1.3716301718095807	0.9977900395424918	0	2.2523825809985207	29	20	11.623807371120588	0.6260162601626016	10.467532467532468
large-loss	295575	A1	4	P5_bbox	2.4561920166015625	0.21110222063958645	0.38462225996884153	0.997264482163179	0	0.4935306965597666	0	14	1.2331603334110695	nan	nan
large-loss	295575	A1	5	P5_confidence	16.63446807861328	1.4405183413028717	2.081434667520623	0.9948876522717067	0	3.262257968270295	10	7	10.315330600039282	0.5503875968992248	13.619718309859154
large-loss	18654	B2	0	P3_bbox	2.6009284257888794	0.14364034260215702	0.227042135107134	0.9958006398854699	2	0.23557282642856112	70	74	1.3730140759950715	nan	nan
large-loss	18654	B2	1	P3_confidence	3.6015758514404297	0.38304770705616104	0.5058031152785882	0.9996626681519388	76	0.6492015857160259	55	25	2.387899298201798	0.7241379310344828	9.202380952380953
large-loss	18654	B2	2	P4_bbox	3.096104860305786	0.1642386917042313	0.3166039078920064	0.9955582437827725	0	0.39229421292891525	12	35	1.550201009125837	nan	nan
large-loss	18654	B2	3	P4_confidence	35.52601623535156	1.0502579983621836	1.716730271175314	0.9968075907835374	0	2.869186789706911	10	37	18.22986307308694	0.6129032258064516	11.407894736842104
large-loss	18654	B2	4	P5_bbox	2.680542469024658	0.1971873799106106	0.3868835852619009	0.9962256715161708	0	0.4795801793254021	1	4	1.5063150659287046	nan	nan
large-loss	18654	B2	5	P5_confidence	21.12120819091797	1.4611332903318106	2.1953170422833894	0.9941191048671553	0	3.363308269528303	10	3	11.860354113548395	0.6949152542372882	10.890243902439025
large-loss	18654	A1	0	P3_bbox	2.5903455018997192	0.14364950090443018	0.22719060897564342	0.9957954464402835	2	0.23545290236436114	70	74	1.3646260004154407	nan	nan
large-loss	18654	A1	1	P3_confidence	3.686237335205078	0.3863465187572874	0.5124611798465024	0.9996591328130165	76	0.6631347085542689	55	25	2.4924989493750243	0.7241379310344828	9.607142857142858
large-loss	18654	A1	2	P4_bbox	3.0768353939056396	0.16405782935849855	0.3167019860471542	0.9955551994132047	0	0.39194199620572495	12	35	1.5408685806879177	nan	nan
large-loss	18654	A1	3	P4_confidence	36.131155014038086	1.062378878256306	1.7305293158562243	0.9967537375252146	0	2.8908050415509217	10	37	18.356720070623943	0.5748031496062992	13.232876712328768
large-loss	18654	A1	4	P5_bbox	2.6050515174865723	0.19719311460852623	0.38761283838654137	0.996208331138323	0	0.48082331675403467	1	4	1.5080121585931279	nan	nan
large-loss	18654	A1	5	P5_confidence	20.17371368408203	1.4839736761283129	2.214227921463628	0.9940619589914105	0	3.4184448797344364	10	3	11.342725191445941	0.6949152542372882	11.426829268292684
large-loss	65420	B2	0	P3_bbox	2.373347282409668	0.1608613356493879	0.2594529480940831	0.9961422658128721	1	0.3191073622771685	72	28	1.449047773993185	nan	nan
large-loss	65420	B2	1	P3_confidence	6.220903396606445	0.3725900077489205	0.49836955132656174	0.9996808414874431	9	0.6060390527213457	30	44	4.437026931461711	0.7699115044247787	12.03448275862069
large-loss	65420	B2	2	P4_bbox	2.8380961418151855	0.1383249375782907	0.2744596484106018	0.9973367416360728	0	0.35805628468246686	7	24	1.4237314141413084	nan	nan
large-loss	65420	B2	3	P4_confidence	35.011146545410156	0.9561373998997733	1.544585333306042	0.9973172933166478	0	2.491871532000806	20	24	17.31381250801042	0.7391304347826086	9.894117647058824
large-loss	65420	B2	4	P5_bbox	3.5517181158065796	0.1450424600066617	0.29845022742915345	0.9974322361326248	1	0.30933486989030645	13	19	1.7768071090116133	nan	nan
large-loss	65420	B2	5	P5_confidence	25.182980060577393	1.493538599256426	2.4309729380133427	0.9927512253480262	0	3.9360950951543474	4	3	15.164950142606216	0.7543859649122807	10.883720930232558
large-loss	65420	A1	0	P3_bbox	2.357878565788269	0.16102484629722313	0.2595456308239481	0.9961396172816047	1	0.31910647922216967	72	28	1.4339839847713791	nan	nan
large-loss	65420	A1	1	P3_confidence	6.367136001586914	0.3781249170169467	0.5077355036227205	0.9996750275572917	9	0.6202583650282939	30	44	4.472440610658174	0.7857142857142857	11.454545454545455
large-loss	65420	A1	2	P4_bbox	2.8570613861083984	0.13838033045234624	0.27431108382427466	0.9973395904101396	0	0.3575603572979228	7	24	1.4338039790296715	nan	nan
large-loss	65420	A1	3	P4_confidence	35.706085205078125	0.9610024302061647	1.5543032320084853	0.997288436812339	0	2.510402725148148	20	24	17.961699724017425	0.6666666666666666	10.3375
large-loss	65420	A1	4	P5_bbox	3.572642207145691	0.1452781505137682	0.2990604093167527	0.9974234647856502	1	0.31202971593235174	13	19	1.7863211035728455	nan	nan
large-loss	65420	A1	5	P5_confidence	26.190438866615295	1.48378566398751	2.4328471653253807	0.9927491081734483	0	3.9570000460956827	12	16	15.333260176936797	0.7699115044247787	10.528735632183908
large-loss	82740	B2	0	P3_bbox	2.6009284257888794	0.15958500050124713	0.24926293224738794	0.9947757411964796	2	0.2717838372902438	36	5	1.398943827543291	nan	nan
large-loss	82740	B2	1	P3_confidence	3.274160385131836	0.3790620177928358	0.49459377999325316	0.9996858998587206	9	0.5863632603665153	17	34	2.0205763061513045	0.7391304347826086	13.270588235294118
large-loss	82740	B2	2	P4_bbox	2.683290958404541	0.17484930303995497	0.32874607137836315	0.9952362760452613	0	0.40484770799958375	38	23	1.3896591548005652	nan	nan
large-loss	82740	B2	3	P4_confidence	39.64497375488281	1.127685571987182	2.085206844066054	0.9948837797138042	0	3.3744600206548627	13	34	27.280569939966455	0.6949152542372882	12.926829268292684
large-loss	82740	B2	4	P5_bbox	3.0156102180480957	0.15739808578975498	0.2928730089043374	0.9982626750381893	2	0.3332871961672743	12	12	1.514491637927688	nan	nan
large-loss	82740	B2	5	P5_confidence	21.121212005615234	1.4881567492689938	2.2421242720332755	0.994072207023584	0	3.424436750881188	11	10	14.387573181598924	0.639344262295082	13.333333333333334
large-loss	82740	A1	0	P3_bbox	2.5903455018997192	0.1596406820655102	0.2493267680873724	0.9947727636794026	2	0.2719840539701456	36	5	1.3906440112647847	nan	nan
large-loss	82740	A1	1	P3_confidence	3.46282958984375	0.38325305572757495	0.5005792458244287	0.9996821862948282	9	0.5936484343260937	17	34	1.9348535436327365	0.7391304347826086	13.458823529411765
large-loss	82740	A1	2	P4_bbox	2.6922311782836914	0.17529549056547694	0.3288479516221101	0.9952323784270733	0	0.40484489945642493	38	23	1.3929557151546943	nan	nan
large-loss	82740	A1	3	P4_confidence	38.25651931762695	1.1360326471738518	2.093260550287208	0.9948634126215987	0	3.3682799976238558	13	34	27.080942541908154	0.6528925619834711	13.354430379746836
large-loss	82740	A1	4	P5_bbox	2.9772019386291504	0.15774518702179194	0.2933561535998434	0.9982522189617689	2	0.33421082506650096	12	12	1.4960254591091475	nan	nan
large-loss	82740	A1	5	P5_confidence	21.943340301513672	1.4722277964167296	2.230162718521855	0.9941786889472954	0	3.385166757549211	11	10	14.78430736332359	0.6129032258064516	13.75
large-loss	212197	B2	0	P3_bbox	2.373347282409668	0.14987850796605925	0.2537368645834344	0.9947332676141011	1	0.3115820811199962	72	55	1.5755554901578714	nan	nan
large-loss	212197	B2	1	P3_confidence	5.675210952758789	0.3826085949131375	0.5201181072084016	0.9996261964224102	33	0.6287176699120075	46	48	3.9443850432947314	0.7857142857142857	11.545454545454545
large-loss	212197	B2	2	P4_bbox	3.766927719116211	0.15348295181989668	0.31681803506832584	0.9958180210094157	0	0.4180995696268521	19	23	1.888229226636387	nan	nan
large-loss	212197	B2	3	P4_confidence	44.2788028717041	0.9883247910579667	1.6242260884151447	0.9968651197170484	0	2.6463569873550243	29	32	23.468125041050797	0.639344262295082	18.525641025641026
large-loss	212197	B2	4	P5_bbox	6.3662872314453125	0.18231874505523593	0.41790554035407285	0.995815406107887	2	0.5427994316801099	15	6	3.185963995416629	nan	nan
large-loss	212197	B2	5	P5_confidence	25.995336532592773	1.456386079089716	2.261444820362984	0.9937689436526858	0	3.435679705900884	9	18	17.357835083190434	0.680672268907563	13.074074074074074
large-loss	212197	A1	0	P3_bbox	2.391088128089905	0.1497751094342675	0.2538334281979696	0.994729534457321	1	0.3116101522905598	72	54	1.5623499937893865	nan	nan
large-loss	212197	A1	1	P3_confidence	5.69691276550293	0.3851073056924797	0.5246021958643176	0.9996242882498375	79	0.6390259980475332	46	48	4.080949278221991	0.7857142857142857	11.284090909090908
large-loss	212197	A1	2	P4_bbox	3.8460443019866943	0.15321507315849886	0.31705253551710166	0.9958122744719788	0	0.41786637590843756	19	23	1.9263551158798395	nan	nan
large-loss	212197	A1	3	P4_confidence	43.782461166381836	0.9808380324710161	1.6127515925161964	0.9969221666060508	0	2.615750135551188	29	32	23.18978558915894	0.7094017094017094	16.987951807228917
large-loss	212197	A1	4	P5_bbox	6.326553821563721	0.18249317027628423	0.4181311187677277	0.9958115977980315	2	0.539951372090601	15	6	3.166777570059997	nan	nan
large-loss	212197	A1	5	P5_confidence	24.0668888092041	1.4237400837773457	2.203904248280816	0.9941112671588596	0	3.3598169298678857	9	18	16.241448543061008	0.680672268907563	13.222222222222221
large-loss	217855	B2	0	P3_bbox	1.690603494644165	0.14025583473558073	0.21174539215486105	0.9979036871734863	1	0.247375794098468	61	58	1.000095355838323	nan	nan
large-loss	217855	B2	1	P3_confidence	4.365546226501465	0.3354391668373719	0.4472843484805014	0.999732950654776	0	0.550986450969829	45	18	3.1096619418609053	0.6129032258064516	13.18421052631579
large-loss	217855	B2	2	P4_bbox	5.005369424819946	0.13942147560650484	0.2766625001494355	0.99759487455727	2	0.3023604860295856	16	19	2.5030836616688314	nan	nan
large-loss	217855	B2	3	P4_confidence	28.317837715148926	1.1629179514423014	2.003121829587644	0.9957953071930055	0	3.259145155049875	31	6	17.55037788710196	0.680672268907563	10.62962962962963
large-loss	217855	B2	4	P5_bbox	3.417691230773926	0.14353465781081468	0.344668149253126	0.9970051545733148	3	0.46783669727589905	4	18	1.781224800277104	nan	nan
large-loss	217855	B2	5	P5_confidence	28.838573455810547	1.6008709090147168	2.7415826277901756	0.9899433290154372	0	4.347802882187899	5	8	18.124501264672194	0.6129032258064516	9.907894736842104
large-loss	217855	A1	0	P3_bbox	1.6936874389648438	0.14026238470250973	0.21175193115048596	0.9979036895155484	1	0.2475236659849528	61	58	1.010029297311704	nan	nan
large-loss	217855	A1	1	P3_confidence	4.133054733276367	0.3386444768710062	0.4512103353566741	0.9997287150253336	0	0.5518220155694726	45	18	3.0430160785097353	0.6129032258064516	12.921052631578947
large-loss	217855	A1	2	P4_bbox	4.999857425689697	0.13920448755612597	0.27577907625963644	0.997610388914559	2	0.3007026836570752	16	19	2.500381505305365	nan	nan
large-loss	217855	A1	3	P4_confidence	27.62970733642578	1.1695369908884168	1.9981219855024959	0.9958274588582999	0	3.2213086954598276	31	6	17.470101992957304	0.6260162601626016	12.272727272727273
large-loss	217855	A1	4	P5_bbox	3.4982118606567383	0.14392910730093716	0.34513800277488704	0.9969967287275278	3	0.4688354547683584	4	18	1.825054335937918	nan	nan
large-loss	217855	A1	5	P5_confidence	30.0836124420166	1.5801195789342746	2.727064977385859	0.9900647013026905	0	4.324695051461911	5	8	18.896197817363344	0.6666666666666666	11.55
large-loss	245971	B2	0	P3_bbox	2.763486623764038	0.14624000218987931	0.22585139497956086	0.9974660022133133	2	0.23646118433086483	33	60	1.6270428443628808	nan	nan
large-loss	245971	B2	1	P3_confidence	4.80210018157959	0.3265690920674242	0.4346639360058515	0.9997706749122489	33	0.5416710312128147	21	67	3.580388426648263	0.7543859649122807	11.093023255813954
large-loss	245971	B2	2	P4_bbox	3.2509102821350098	0.15732082963280847	0.27714480916738593	0.9982534980041762	2	0.30921785465034013	32	29	1.7624094289043806	nan	nan
large-loss	245971	B2	3	P4_confidence	15.446096420288086	1.027555491350591	1.5674812503188988	0.9971256142816444	0	2.4211886717605227	13	35	10.135058358596043	0.5267175572519084	11.942028985507246
large-loss	245971	B2	4	P5_bbox	5.562124729156494	0.1645182721456513	0.37952248562661	0.9976134952964504	2	0.4613847828638983	1	8	2.783080105813335	nan	nan
large-loss	245971	B2	5	P5_confidence	41.023887634277344	1.4117573861703276	2.5733882068170932	0.9918103389741583	0	3.8966549046642243	12	18	27.080127671017955	0.6666666666666666	15.5375
large-loss	245971	A1	0	P3_bbox	2.756393551826477	0.14629459024916286	0.22579857265401496	0.9974675891979531	2	0.23628249186874856	33	60	1.6226871972241401	nan	nan
large-loss	245971	A1	1	P3_confidence	4.803278923034668	0.33043400228302927	0.43868706730870816	0.999770448397277	33	0.5504158189103271	21	67	3.44802365842782	0.7543859649122807	10.046511627906977
large-loss	245971	A1	2	P4_bbox	3.241665840148926	0.15759338311094326	0.27704185887669	0.9982541859537836	2	0.3083879274944771	32	29	1.7629069884496826	nan	nan
large-loss	245971	A1	3	P4_confidence	16.152751922607422	1.035778658475727	1.564171718664696	0.9971555069833973	0	2.4014711904542496	13	35	10.44902469350926	0.5267175572519084	12.333333333333334
large-loss	245971	A1	4	P5_bbox	5.582253694534302	0.16416478402912615	0.3801538050986444	0.9976052933404256	2	0.462275927946701	1	8	2.7923670705313426	nan	nan
large-loss	245971	A1	5	P5_confidence	40.701358795166016	1.401199506573379	2.5447209896710885	0.9919891685069984	0	3.8714752323698556	12	18	26.548963548741295	0.6666666666666666	14.375
large-loss	297620	B2	0	P3_bbox	1.7231152057647705	0.13479744034295435	0.20546346444557656	0.997584000068487	1	0.21734349504502873	49	22	1.0573772653430833	nan	nan
large-loss	297620	B2	1	P3_confidence	5.1295166015625	0.32226600123150273	0.4219678985275653	0.9997831759140376	0	0.49741037763006984	48	1	3.973381697530478	0.8181818181818182	8.88888888888889
large-loss	297620	B2	2	P4_bbox	4.0765380859375	0.11873240126704332	0.21999690388407275	0.9985136476792632	2	0.2592987895605413	22	6	2.0384323339772075	nan	nan
large-loss	297620	B2	3	P4_confidence	28.83271026611328	0.9251406345553697	1.4568533056098494	0.9975692649425923	0	2.3597108003158893	22	38	16.964354892254057	0.6	13.586666666666666
large-loss	297620	B2	4	P5_bbox	3.417691230773926	0.14487493434920906	0.3282595606717342	0.9977130358292954	3	0.4160915698310543	4	18	1.7384820470089477	nan	nan
large-loss	297620	B2	5	P5_confidence	17.05944061279297	1.244425106132403	1.9240402996259791	0.9945668011743807	0	2.941490726289425	12	17	10.944381757379972	0.7391304347826086	10.8
large-loss	297620	A1	0	P3_bbox	1.7268970012664795	0.1349436680371582	0.2056345155725949	0.9975800115548965	1	0.2178989799675151	49	22	1.059067243710606	nan	nan
large-loss	297620	A1	1	P3_confidence	5.138391494750977	0.32457302534161137	0.42430652920616996	0.9997816947854317	0	0.5010409623374025	48	1	3.800445720311213	0.8348623853211009	10.12087912087912
large-loss	297620	A1	2	P4_bbox	4.12076199054718	0.11849765367165674	0.22037087586225212	0.998508889951522	2	0.25942260646098814	22	6	2.0609303567447386	nan	nan
large-loss	297620	A1	3	P4_confidence	27.62970733642578	0.9338210444897413	1.4480765006847967	0.9976014605615993	0	2.3484290339026357	22	38	16.717361542697972	0.5503875968992248	14.830985915492958
large-loss	297620	A1	4	P5_bbox	3.3493523597717285	0.14509207647293806	0.3273706085376862	0.9977234039588598	3	0.41714041522026546	4	18	1.7652634719121305	nan	nan
large-loss	297620	A1	5	P5_confidence	16.63446807861328	1.251002646677196	1.9261355520694121	0.9945754060592917	0	2.924916376443297	12	17	10.818252872976649	0.7391304347826086	10.31764705882353
large-loss	308310	B2	0	P3_bbox	2.730975031852722	0.15671991518873254	0.2535557696837423	0.9944595262190926	1	0.2834526314229091	26	37	1.5841695623424963	nan	nan
large-loss	308310	B2	1	P3_confidence	4.365545272827148	0.37537666528951374	0.49464158589437024	0.9996941442135703	35	0.5826809287790821	9	36	3.2841716069543154	0.7699115044247787	10.35632183908046
large-loss	308310	B2	2	P4_bbox	3.3025118112564087	0.1489597371086711	0.3011340356594683	0.9961412518101779	0	0.4118352164668851	15	1	2.276771802849806	nan	nan
large-loss	308310	B2	3	P4_confidence	50.972110748291016	1.068572099634446	1.8822160618394794	0.9964207790360304	0	3.1342369762344475	19	20	26.775520136829225	0.680672268907563	12.246913580246913
large-loss	308310	B2	4	P5_bbox	3.0156097412109375	0.18411973874550314	0.36599923709198434	0.9969898584531577	2	0.4474252597040115	7	5	1.5174537321767383	nan	nan
large-loss	308310	B2	5	P5_confidence	11.779136657714844	1.3866251737512647	1.9327573272422796	0.9950505762472766	0	2.9399479226474035	12	17	7.413984089757674	0.7391304347826086	9.952941176470588
large-loss	308310	A1	0	P3_bbox	2.723183751106262	0.15676079189302983	0.25355450590586387	0.9944580031114956	1	0.28382304889508486	26	37	1.5833856065585843	nan	nan
large-loss	308310	A1	1	P3_confidence	4.244758605957031	0.3788634307840839	0.4987851503811297	0.9996934042637269	0	0.5897934239022087	9	36	3.308098612353338	0.7391304347826086	9.694117647058823
large-loss	308310	A1	2	P4_bbox	3.29660964012146	0.14868223704455885	0.30136627072286704	0.9961350157543535	0	0.41233021386777524	15	1	2.2867650934749353	nan	nan
large-loss	308310	A1	3	P4_confidence	51.858835220336914	1.0949035694543272	1.8989679067431373	0.9963754287910491	0	3.1560912222885964	19	20	26.577439386214177	0.6260162601626016	10.64935064935065
large-loss	308310	A1	4	P5_bbox	3.0516319274902344	0.18337702635675668	0.3660244682127918	0.9969878462582289	2	0.44741684364281853	7	5	1.537570553272772	nan	nan
large-loss	308310	A1	5	P5_confidence	12.387370109558105	1.3596796964695677	1.902100111398287	0.9952271976609054	0	2.9354433302076837	12	17	7.525793816292111	0.7857142857142857	9.738636363636363
large-loss	334032	B2	0	P3_bbox	1.9506964683532715	0.16826407434942667	0.26482611846656773	0.9947836302838748	2	0.30290913203582664	15	21	1.3003626646361117	nan	nan
large-loss	334032	B2	1	P3_confidence	4.147269248962402	0.40316247295215724	0.5343634328497529	0.9996377560262917	0	0.6427175001756363	72	16	2.7536432036419747	0.7391304347826086	12.741176470588234
large-loss	334032	B2	2	P4_bbox	2.8380961418151855	0.19408707719354423	0.3560847827048327	0.9948634662836976	0	0.4342697950602467	4	6	1.5564151415071772	nan	nan
large-loss	334032	B2	3	P4_confidence	24.198880195617676	0.929476814141497	1.4022480745818664	0.9976691948775018	0	2.332912799001462	25	7	12.689347518710715	0.7391304347826086	10.964705882352941
large-loss	334032	B2	4	P5_bbox	3.2836642265319824	0.20782578663900494	0.43484001372219844	0.9962204157473169	2	0.6153946416034003	0	5	1.6476342641276183	nan	nan
large-loss	334032	B2	5	P5_confidence	15.028552055358887	1.3646408270522952	1.973032964450527	0.9954555164520016	0	3.039076143211114	18	1	9.384251468049616	0.6260162601626016	6.740259740259741
large-loss	334032	A1	0	P3_bbox	1.9593638181686401	0.16806890245105024	0.2645947875352131	0.9947918940496785	2	0.3022987671477195	15	21	1.3026022715061552	nan	nan
large-loss	334032	A1	1	P3_confidence	4.244757652282715	0.4047742157415487	0.5366132632451408	0.9996341279586523	0	0.6415806543088988	72	16	2.8379235003621903	0.7241379310344828	10.988095238095237
large-loss	334032	A1	2	P4_bbox	2.8021178245544434	0.19376165360969025	0.3561592845324415	0.994862939929095	0	0.43420567948602806	4	6	1.5425818140603507	nan	nan
large-loss	334032	A1	3	P4_confidence	24.654202461242676	0.9465699047073722	1.4206708846484504	0.9976133104348542	0	2.3717556404016054	25	7	12.736754859898136	0.680672268907563	13.481481481481481
large-loss	334032	A1	4	P5_bbox	3.2749223709106445	0.20765984423458575	0.43524876750744873	0.9962083086922842	2	0.6152759091201593	17	9	1.6538719718310764	nan	nan
large-loss	334032	A1	5	P5_confidence	15.218767166137695	1.366725006684661	1.9667325026700053	0.9955044291183859	0	3.0369040793731528	18	1	9.568497258041056	0.680672268907563	8.506172839506172
large-loss	375194	B2	0	P3_bbox	1.9506964683532715	0.1653164402244147	0.24066516533418167	0.996925421080992	3	0.2559637410397554	29	14	1.0896239799252907	nan	nan
large-loss	375194	B2	1	P3_confidence	2.6193275451660156	0.35252107108570635	0.4592566942853693	0.9997656022265196	33	0.5854881487775737	44	59	1.9540468779730962	0.7391304347826086	18.388235294117646
large-loss	375194	B2	2	P4_bbox	2.4252820014953613	0.1476455041137524	0.2515717569889317	0.9983173371072646	0	0.292282462849864	28	25	1.2731626682994805	nan	nan
large-loss	375194	B2	3	P4_confidence	13.386615753173828	0.9626175480261445	1.3515631994880204	0.9979394802860146	0	2.1930749912673635	25	5	7.384613449362216	0.5384615384615384	15.271428571428572
large-loss	375194	B2	4	P5_bbox	4.891989707946777	0.18453858142718674	0.40692460846858225	0.9972349959888012	2	0.49856464453627014	16	4	2.452870150772265	nan	nan
large-loss	375194	B2	5	P5_confidence	15.43472671508789	1.4925993142519147	2.1662205027554555	0.9946948145384347	0	3.3483137846299216	15	13	9.971006879502383	0.6260162601626016	10.220779220779221
large-loss	375194	A1	0	P3_bbox	1.9593639373779297	0.16548608176817653	0.24082502610308526	0.9969213828339024	3	0.2560180188668006	29	14	1.0947826962134493	nan	nan
large-loss	375194	A1	1	P3_confidence	2.792604446411133	0.3592661142181605	0.46867588075125166	0.9997624040821799	33	0.6014497187932533	44	59	1.9494695690235424	0.680672268907563	18.444444444444443
large-loss	375194	A1	2	P4_bbox	2.417513370513916	0.1475061054097023	0.2515109217740969	0.9983187375587618	0	0.2926546926140943	28	25	1.2693610383720744	nan	nan
large-loss	375194	A1	3	P4_confidence	13.602317810058594	0.9602220368310809	1.3493753835841764	0.9979549037155017	0	2.189587299090906	23	22	7.66192317902696	0.4925373134328358	13.969696969696969
large-loss	375194	A1	4	P5_bbox	4.912383079528809	0.184353917427361	0.4071900174499377	0.9972322918756323	2	0.4994583346304513	16	4	2.46210499161575	nan	nan
large-loss	375194	A1	5	P5_confidence	14.864845275878906	1.4808547130571679	2.131294529985658	0.9948726098050273	0	3.297394592459378	15	13	9.72520803290471	0.6666666666666666	10.725
large-loss	375759	B2	0	P3_bbox	2.633440136909485	0.15232830791326704	0.2558771855721303	0.9949579250244073	1	0.3085438093209665	72	16	1.687396278047834	nan	nan
large-loss	375759	B2	1	P3_confidence	4.147270202636719	0.3992671617628075	0.543890086625027	0.9996028050639167	36	0.6970377607209346	77	32	2.5158769990322587	0.7391304347826086	11.470588235294118
large-loss	375759	B2	2	P4_bbox	3.5089192390441895	0.16334372412471565	0.319975707263223	0.9958401555130804	0	0.3889818787396023	25	22	1.7546493225749225	nan	nan
large-loss	375759	B2	3	P4_confidence	25.22861957550049	1.0582143615903332	1.6580318515337507	0.9967834886230245	0	2.7524474827446004	17	13	14.72721176415791	0.6	10.693333333333333
large-loss	375759	B2	4	P5_bbox	3.4176909923553467	0.20736506725195794	0.45663664836135565	0.9945629408605986	0	0.4680166446126453	18	3	1.7277934744016592	nan	nan
large-loss	375759	B2	5	P5_confidence	25.995333671569824	1.4946048053074628	2.252393033502855	0.9938756430076304	0	3.533857510050131	13	15	15.934299747752565	0.6260162601626016	11.506493506493506
large-loss	375759	A1	0	P3_bbox	2.6567646265029907	0.15221912551118294	0.2559010437318079	0.9949566171536554	1	0.30855638684903597	72	16	1.698888813531618	nan	nan
large-loss	375759	A1	1	P3_confidence	4.244758605957031	0.4039067635964602	0.5513546841809759	0.9995964253908809	36	0.7093722722837826	58	71	2.5822152525631616	0.7094017094017094	11.27710843373494
large-loss	375759	A1	2	P4_bbox	3.571326732635498	0.16394622314430307	0.320726741442107	0.9958198859909166	0	0.38990284917649853	25	22	1.7858746736539284	nan	nan
large-loss	375759	A1	3	P4_confidence	25.50434398651123	1.0704253743849694	1.665217361268097	0.9967672179512864	0	2.75094861287038	17	13	14.947507532709727	0.6	13.146666666666667
large-loss	375759	A1	4	P5_bbox	3.4237823486328125	0.20686901584267617	0.45598277802492226	0.994577534751927	0	0.4661098314352733	18	3	1.7660480790993436	nan	nan
large-loss	375759	A1	5	P5_confidence	25.836512804031372	1.474550426987931	2.237022154059484	0.9939845220983063	0	3.5059108423095737	13	15	15.914176315480008	0.639344262295082	11.166666666666666
large-loss	389157	B2	0	P3_bbox	2.600928544998169	0.1640451853722334	0.26899034008610095	0.9942434951474503	1	0.3196609299304793	72	66	1.6380494478535765	nan	nan
large-loss	389157	B2	1	P3_confidence	4.692962169647217	0.3816610899409279	0.5106188304285446	0.9996894604003297	33	0.6477953382612024	48	65	3.3391125028753814	0.8018018018018018	7.853932584269663
large-loss	389157	B2	2	P4_bbox	3.3025119304656982	0.15899788868264295	0.3105323070968908	0.9959698580206792	0	0.4057223404649053	39	31	2.2534077657470837	nan	nan
large-loss	389157	B2	3	P4_confidence	32.436798095703125	0.9541141741648317	1.4397301139331105	0.9977652882483493	0	2.4115894118856893	26	21	16.698082229837883	0.6666666666666666	14.65
large-loss	389157	B2	4	P5_bbox	2.9485960006713867	0.17201541104353965	0.33103525055662675	0.9975747710465825	2	0.4314835057757948	17	5	1.5126368853862104	nan	nan
large-loss	389157	B2	5	P5_confidence	23.558269500732422	1.476415700957179	2.1322835249381407	0.9942440852033607	0	3.2989858302792245	12	6	14.056383310344955	0.7094017094017094	11.710843373493976
large-loss	389157	A1	0	P3_bbox	2.623555064201355	0.16426796721993014	0.2690627566301369	0.9942399839106132	1	0.31950233905278297	72	66	1.637066164173433	nan	nan
large-loss	389157	A1	1	P3_confidence	4.691574811935425	0.38490439943713134	0.515532244172713	0.9996868199171106	33	0.6475891546930838	48	65	3.2135096319457475	0.8018018018018018	7.370786516853933
large-loss	389157	A1	2	P4_bbox	3.351552963256836	0.15978253796696662	0.31107127293436876	0.9959550574336798	0	0.40549450146995825	39	31	2.2528506675326962	nan	nan
large-loss	389157	A1	3	P4_confidence	31.030284881591797	0.9693710616212339	1.455975868016185	0.9977199492131342	0	2.4365309179121106	26	21	15.961738346565728	0.639344262295082	15.256410256410257
large-loss	389157	A1	4	P5_bbox	2.9772019386291504	0.17146822955459357	0.3316420433839047	0.9975653591380255	2	0.43396612580735583	17	5	1.5353171023258554	nan	nan
large-loss	389157	A1	5	P5_confidence	24.06688690185547	1.4806556339636445	2.1404837402388868	0.9942166251253969	0	3.3136419246949833	12	6	14.23728377073807	0.7543859649122807	13.418604651162791
large-loss	424632	B2	0	P3_bbox	2.0482311248779297	0.1613972677476704	0.260677976360737	0.9955461781230449	1	0.3067881873006148	41	5	1.4094821617976399	nan	nan
large-loss	424632	B2	1	P3_confidence	4.692962646484375	0.3630923851556145	0.4993561463990523	0.999698084644093	35	0.6782695544797744	37	57	3.0688880982105022	0.8018018018018018	8.438202247191011
large-loss	424632	B2	2	P4_bbox	2.373680591583252	0.14599263510550373	0.2707932091071607	0.9978413231942703	1	0.33841956309570376	8	3	1.25021159069181	nan	nan
large-loss	424632	B2	3	P4_confidence	20.079917907714844	0.9290544794434682	1.3991985884533524	0.9978838799377301	0	2.1864166489116257	38	17	13.104422595656429	0.7241379310344828	8.928571428571429
large-loss	424632	B2	4	P5_bbox	2.5465149879455566	0.15329350220505147	0.31904539861903736	0.9979302299013472	3	0.4005146127937437	1	3	1.2772192369520807	nan	nan
large-loss	424632	B2	5	P5_confidence	19.496500968933105	1.3654658817499876	2.1283374999988434	0.9945312006576263	0	3.2578467702113403	11	7	11.814884723639581	0.6666666666666666	8.4
large-loss	424632	A1	0	P3_bbox	2.025783121585846	0.16140753333209432	0.2607699619969525	0.9955435496973489	1	0.3067474471943202	41	5	1.4000299207406808	nan	nan
large-loss	424632	A1	1	P3_confidence	4.468166351318359	0.3658080084160902	0.5025834462335116	0.9996941594597586	35	0.6798126772430467	37	57	3.0666557485415122	0.8348623853211009	8.32967032967033
large-loss	424632	A1	2	P4_bbox	2.362569808959961	0.14566892920178362	0.27092245984316005	0.9978345380576352	1	0.33849938847940964	8	3	1.2489829920423572	nan	nan
large-loss	424632	A1	3	P4_confidence	18.703189849853516	0.9378359955158084	1.3957760911810546	0.9979001201912047	0	2.1794549754855175	38	17	11.985516161012056	0.7094017094017094	10.506024096385541
large-loss	424632	A1	4	P5_bbox	2.6050515174865723	0.15179078247398137	0.3186668972887729	0.9979362898748098	3	0.39948557851169614	1	3	1.304650595152447	nan	nan
large-loss	424632	A1	5	P5_confidence	19.46586513519287	1.3854940911475568	2.1419279782083094	0.9944794239145802	0	3.2885026117145344	11	7	11.82937849919643	0.639344262295082	9.5
large-loss	430175	B2	0	P3_bbox	2.2433009147644043	0.158189286494744	0.24103031728950797	0.995387724923791	2	0.27209903618061587	44	73	1.1991892321259472	nan	nan
large-loss	430175	B2	1	P3_confidence	3.6015758514404297	0.4030712400209159	0.5252457924408217	0.9996750647572705	0	0.6855146758003108	39	53	2.2723064662687396	0.8518518518518519	6.956521739130435
large-loss	430175	B2	2	P4_bbox	2.5284857749938965	0.18360547490476165	0.31041706619710363	0.9958776159330712	2	0.3806612868608516	19	30	1.2770781601035135	nan	nan
large-loss	430175	B2	3	P4_confidence	32.436798095703125	0.9228921427093446	1.3770068946286247	0.9977215416978389	0	2.2763709895426203	35	2	16.93405183911768	0.6949152542372882	13.963414634146341
large-loss	430175	B2	4	P5_bbox	3.14963698387146	0.19182630041614174	0.3830632161162312	0.9971726700211003	2	0.4326398251623294	2	9	1.5765997495908874	nan	nan
large-loss	430175	B2	5	P5_confidence	16.65325927734375	1.5901579627711326	2.161541094624288	0.9945528095292983	0	3.3287321652467337	9	8	9.666460253549836	0.5037593984962406	11.626865671641792
large-loss	430175	A1	0	P3_bbox	2.258249878883362	0.1583654845444835	0.24122227822135578	0.9953811565529437	2	0.2723335579273848	44	73	1.2041613017508281	nan	nan
large-loss	430175	A1	1	P3_confidence	3.686237335205078	0.4041369351778267	0.5262799244108467	0.9996704560146831	0	0.6784246262379428	44	35	2.2814054455534247	0.8691588785046729	6.89247311827957
large-loss	430175	A1	2	P4_bbox	2.5274007320404053	0.18359710777294821	0.31073294450161437	0.9958635363055347	2	0.3812564538478609	19	30	1.2767714209487502	nan	nan
large-loss	430175	A1	3	P4_confidence	31.880435943603516	0.9358999310471118	1.3853725400913293	0.9977091538695785	0	2.304719861321051	35	2	16.367703601106594	0.680672268907563	12.54320987654321
large-loss	430175	A1	4	P5_bbox	3.1260619163513184	0.1929598980024457	0.3835134103112414	0.9971650616168583	2	0.4343488890257884	2	9	1.5639167862948333	nan	nan
large-loss	430175	A1	5	P5_confidence	16.63446807861328	1.60257167301327	2.1775673390364134	0.994478428483824	0	3.3797041824282026	9	8	9.629747971175947	0.5625	9.152777777777779
large-loss	469014	B2	0	P3_bbox	2.210789442062378	0.1288729619444348	0.2005173699451872	0.9972358461396792	1	0.2166928159303396	61	35	1.2419476929197104	nan	nan
large-loss	469014	B2	1	P3_confidence	4.147268295288086	0.3341484743185429	0.44060040724986316	0.9997356455748927	33	0.5706899436763587	46	16	3.1020636369630923	0.7699115044247787	9.10344827586207
large-loss	469014	B2	2	P4_bbox	3.147706985473633	0.12842385242460297	0.24599107690351932	0.9976664224624855	2	0.2789270311975506	23	29	1.5759669028201126	nan	nan
large-loss	469014	B2	3	P4_confidence	23.684011459350586	0.9798696580016986	1.6353614520726059	0.9970679142356035	0	2.6744129552378952	27	4	16.29107366316483	0.6666666666666666	9.925
large-loss	469014	B2	4	P5_bbox	4.288867712020874	0.13205858087632805	0.33277729170275056	0.9974700677491207	3	0.39922307897898035	10	18	2.144433856010437	nan	nan
large-loss	469014	B2	5	P5_confidence	12.59149169921875	1.148998879076913	1.7641897014926857	0.9959781340385805	0	2.6442878424064062	15	6	8.010035091160406	0.7699115044247787	9.781609195402298
large-loss	469014	A1	0	P3_bbox	2.2250401973724365	0.1288803292233206	0.2005498660588131	0.9972354718894793	1	0.21688274276939343	61	35	1.2473493923877337	nan	nan
large-loss	469014	A1	1	P3_confidence	4.133052825927734	0.3377205157374119	0.44555120321463565	0.9997316549030826	33	0.5738597649546571	46	16	2.9975195037211235	0.7699115044247787	9.0
large-loss	469014	A1	2	P4_bbox	3.1867222785949707	0.1277436151425354	0.24561299558429395	0.9976740683717414	2	0.27805219750930427	23	29	1.5954911435747836	nan	nan
large-loss	469014	A1	3	P4_confidence	22.95391273498535	0.9865100901722909	1.6366491894450346	0.9970838308184398	0	2.6387036781701205	27	4	16.13435474399275	0.6949152542372882	9.24390243902439
large-loss	469014	A1	4	P5_bbox	4.3169426918029785	0.1328576299548149	0.33314202126979314	0.9974656725595937	3	0.3981137884695076	10	18	2.1591128879006574	nan	nan
large-loss	469014	A1	5	P5_confidence	12.387367248535156	1.1133369516683742	1.715319574527952	0.9962172290697922	0	2.5926655002535304	15	6	7.868462506597523	0.7857142857142857	11.102272727272727
large-loss	473793	B2	0	P3_bbox	1.7881383895874023	0.16025047053582966	0.23624447417298686	0.9973302758000924	3	0.24939384008598056	27	40	0.9966543605425001	nan	nan
large-loss	473793	B2	1	P3_confidence	4.692962646484375	0.3455372665291652	0.45196576734429983	0.999752409996901	33	0.5690063269527424	57	44	3.2274427219029422	0.7391304347826086	10.941176470588236
large-loss	473793	B2	2	P4_bbox	3.096104860305786	0.1562807364552282	0.27342308764243856	0.9980436794378578	2	0.3214384139606213	19	23	1.5525610161257215	nan	nan
large-loss	473793	B2	3	P4_confidence	21.624530792236328	1.050692441932857	1.524528406560965	0.9971500209084678	0	2.4260764183485497	20	2	10.989335227938868	0.5151515151515151	18.13235294117647
large-loss	473793	B2	4	P5_bbox	4.355881214141846	0.1897740028053522	0.40807140665832775	0.9970061785605343	3	0.5243890796026704	1	13	2.4131860065386728	nan	nan
large-loss	473793	B2	5	P5_confidence	17.05944061279297	1.5750532662831247	2.2857050299170245	0.9929630397844816	0	3.5300622846113563	12	13	10.017331122040373	0.42857142857142855	15.85
large-loss	473793	A1	0	P3_bbox	1.7933158874511719	0.16027114399912534	0.23614433582515623	0.9973321553716645	3	0.24925841584134395	27	40	0.997531307385029	nan	nan
large-loss	473793	A1	1	P3_confidence	4.468166351318359	0.3522584196971729	0.4611518389625177	0.9997476425281855	33	0.585769915319682	57	44	3.040503374069415	0.7543859649122807	11.0
large-loss	473793	A1	2	P4_bbox	3.0768353939056396	0.15588498451514168	0.2728032167048824	0.9980535248080193	2	0.32082894043813415	19	23	1.5442932734870212	nan	nan
large-loss	473793	A1	3	P4_confidence	23.378986358642578	1.0643514901231974	1.5411884859449294	0.9970992912421566	0	2.4635643202621034	20	2	11.90923706018314	0.5037593984962406	18.52238805970149
large-loss	473793	A1	4	P5_bbox	4.391372919082642	0.18923839714378118	0.4087812483883387	0.9969933021579049	3	0.5233046439969702	1	13	2.4306851572295676	nan	nan
large-loss	473793	A1	5	P5_confidence	16.63446807861328	1.5581872823294252	2.28550665410464	0.9929944559546927	0	3.5312318358548858	12	13	10.551917652008035	0.45985401459854014	16.53968253968254
large-loss	533239	B2	0	P3_bbox	1.6580919027328491	0.15244387715356425	0.22561388479158997	0.9971544343447252	2	0.24295527524619592	6	49	1.1395306019103335	nan	nan
large-loss	533239	B2	1	P3_confidence	3.819852828979492	0.3138584899585694	0.4072791548934456	0.9997916453300967	50	0.4839241230296267	37	69	2.5315994436872136	0.680672268907563	9.469135802469136
large-loss	533239	B2	2	P4_bbox	2.5284855365753174	0.13505145100061783	0.23335532380658647	0.9985394679658331	2	0.26264985563327164	38	5	1.2773386703858947	nan	nan
large-loss	533239	B2	3	P4_confidence	17.50557518005371	0.9494360386449844	1.4605517963304653	0.9974662283069612	0	2.30612681797872	6	23	11.737168011901234	0.6528925619834711	14.126582278481013
large-loss	533239	B2	4	P5_bbox	3.8867859840393066	0.15249772176146506	0.34068748146697225	0.9980037162928812	0	0.39949016741000004	8	14	1.9436818216461587	nan	nan
large-loss	533239	B2	5	P5_confidence	16.65325927734375	1.1373466772064567	1.8375642636155365	0.9951917810545816	0	2.8621799352962407	10	9	10.72242178410265	0.5873015873015873	11.513513513513514
large-loss	533239	A1	0	P3_bbox	1.660477876663208	0.1524604117947456	0.22567175216133192	0.9971525734223289	2	0.24292790524115593	6	49	1.152448122386417	nan	nan
large-loss	533239	A1	1	P3_confidence	3.9096450805664062	0.3189243291676976	0.41373182633405087	0.9997875541188228	50	0.49671861919407867	70	1	2.458221328012366	0.7241379310344828	10.642857142857142
large-loss	533239	A1	2	P4_bbox	2.5823439359664917	0.1344741976610385	0.23321473609886076	0.998540871107345	2	0.2618837077785634	38	5	1.302809623590854	nan	nan
large-loss	533239	A1	3	P4_confidence	16.577823638916016	0.9685408268086613	1.4761009428591556	0.9974163586936294	0	2.308000427397354	6	23	11.843531824519825	0.6129032258064516	15.552631578947368
large-loss	533239	A1	4	P5_bbox	3.8703627586364746	0.15118603575974704	0.3388100447711327	0.998024481537038	0	0.3982529352138509	8	14	1.935896923967419	nan	nan
large-loss	533239	A1	5	P5_confidence	17.696239471435547	1.1603647119700908	1.8749041143939364	0.9950071061323514	0	2.911448610829348	10	9	10.876640823226047	0.6129032258064516	11.868421052631579
large-loss	540520	B2	0	P3_bbox	3.2511608600616455	0.16140615912911016	0.24880416955541632	0.9961172667665195	1	0.2724796487526812	60	4	1.778135312445788	nan	nan
large-loss	540520	B2	1	P3_confidence	4.365547180175781	0.373354191546794	0.49330745665423487	0.999715269353074	76	0.6001153221833985	62	3	3.074438267508416	0.8518518518518519	11.108695652173912
large-loss	540520	B2	2	P4_bbox	2.5284857749938965	0.15090286585676949	0.2738313450252773	0.9977283646698978	0	0.35780520707404545	38	20	1.3061971633128315	nan	nan
large-loss	540520	B2	3	P4_confidence	15.960965156555176	1.023243459730409	1.4796441184377633	0.9974914054696624	0	2.4585371088863273	24	1	10.901388202487505	0.5748031496062992	14.356164383561644
large-loss	540520	B2	4	P5_bbox	4.08782696723938	0.1600786270480603	0.3338593390781344	0.9977341273460182	3	0.4220391058983786	2	4	2.0663117253376417	nan	nan
large-loss	540520	B2	5	P5_confidence	26.401512145996094	1.4478690636605025	2.1562371626711268	0.9943465593343653	0	3.3591362413643657	10	16	15.332916565335477	0.6528925619834711	15.974683544303797
large-loss	540520	A1	0	P3_bbox	3.254536986351013	0.16132451080658938	0.24875712252839507	0.996118488699762	1	0.2723816507685041	60	4	1.778572737650487	nan	nan
large-loss	540520	A1	1	P3_confidence	4.468167304992676	0.37868103943997994	0.5014846015944889	0.9997105056101472	79	0.6191414917787421	62	3	3.2011576389642227	0.8348623853211009	10.835164835164836
large-loss	540520	A1	2	P4_bbox	2.5823440551757812	0.1506395978020737	0.27359827619135524	0.9977328372197642	0	0.35685787572075495	23	29	1.29263246846144	nan	nan
large-loss	540520	A1	3	P4_confidence	15.727679252624512	1.0308239040356129	1.4823758373382983	0.9974898401914257	0	2.444397491339664	24	1	10.075202916601398	0.5384615384615384	16.67142857142857
large-loss	540520	A1	4	P5_bbox	4.0936524868011475	0.16030371587723494	0.3347077031823819	0.9977244740713751	3	0.4211221522787497	2	4	2.07404903768934	nan	nan
large-loss	540520	A1	5	P5_confidence	26.54436492919922	1.45047247377038	2.141711403102097	0.9944392185368028	0	3.364008610484011	10	16	15.236197126584297	0.6129032258064516	15.328947368421053
large-loss	2471	B2	0	P3_bbox	1.5930687189102173	0.15417613517027348	0.22570482027265298	0.9973953284333283	1	0.25803815784727163	0	41	0.9802127606230322	nan	nan
large-loss	2471	B2	1	P3_confidence	4.147268295288086	0.3153862167811021	0.4100096064543954	0.9997984417355205	71	0.4819297775085011	71	66	2.819022172099854	0.6949152542372882	11.512195121951219
large-loss	2471	B2	2	P4_bbox	2.2188754081726074	0.1358496643777471	0.23049492999032395	0.9987591140181287	3	0.2518097892793568	36	26	1.1246341410363234	nan	nan
large-loss	2471	B2	3	P4_confidence	9.782526016235352	0.927952311007306	1.3064306803611174	0.9978863722009483	0	1.9921702931998782	36	28	6.7629969884870125	0.5151515151515151	16.102941176470587
large-loss	2471	B2	4	P5_bbox	2.3454747200012207	0.12376565995626151	0.2650055680693393	0.9988854205553925	2	0.343767128801404	16	6	1.213204628599564	nan	nan
large-loss	2471	B2	5	P5_confidence	56.458614349365234	1.2554807452596723	2.5056582409145247	0.9912061474738317	0	3.920187650827443	11	5	35.29889897809494	0.5625	16.416666666666668
large-loss	2471	A1	0	P3_bbox	1.594058871269226	0.15431028675768174	0.2258320516632061	0.9973926059409477	1	0.25856978283454685	0	41	0.9878099596622653	nan	nan
large-loss	2471	A1	1	P3_confidence	4.021350860595703	0.31691692808363586	0.4129382384578522	0.9997954802229333	71	0.4899667432745002	71	66	2.808865454745538	0.7094017094017094	11.710843373493976
large-loss	2471	A1	2	P4_bbox	2.252683162689209	0.13568466631812043	0.23005946849846368	0.9987640452042795	3	0.2509758631235565	36	26	1.1429698990010047	nan	nan
large-loss	2471	A1	3	P4_confidence	10.201738357543945	0.9376367439702153	1.309860609841841	0.9978951838304563	0	2.0031749893356237	22	31	7.118535779354114	0.5503875968992248	18.591549295774648
large-loss	2471	A1	4	P5_bbox	2.2329020500183105	0.12299565743654967	0.2659768011894679	0.9988762757539604	2	0.34328716969364803	16	6	1.1608466022650104	nan	nan
large-loss	2471	A1	5	P5_confidence	55.92012405395508	1.2700482312170789	2.5291832004973545	0.9911094575310527	0	3.9634841732487067	11	5	35.17503729336001	0.5625	16.319444444444443
small-loss	94439	B2	0	P3_bbox	1.88567316532135	0.1498048485518666	0.23472473847710512	0.9948074505582287	3	0.24751095281313765	5	66	1.0531202334810252	nan	nan
small-loss	94439	B2	1	P3_confidence	5.347795486450195	0.3933576894842408	0.5311920137510963	0.99963780295919	33	0.7137182799836479	12	5	3.6888019762159767	0.7699115044247787	6.149425287356322
small-loss	94439	B2	2	P4_bbox	3.6121222972869873	0.1567645010142587	0.2942056376399291	0.995885912321049	0	0.36007244351161033	10	32	1.811397722478411	nan	nan
small-loss	94439	B2	3	P4_confidence	28.83271026611328	1.0455236153490841	1.6769258832950058	0.9965987541086376	0	2.777733363730702	12	1	18.446158144661307	0.6	12.44
small-loss	94439	B2	4	P5_bbox	4.95900297164917	0.2630281988345087	0.5179696796898005	0.9951104266723878	3	0.6293033060023463	1	10	2.5049537738316237	nan	nan
small-loss	94439	B2	5	P5_confidence	29.65092658996582	1.583773384572938	2.4208707042013615	0.9918022012779761	0	3.6081239931264877	10	18	18.875657880325452	0.47058823529411764	13.828125
small-loss	94439	A1	0	P3_bbox	1.8929449319839478	0.1499113193397352	0.23481538900435137	0.9948027117142049	3	0.24765625908797034	5	66	1.0652972198183355	nan	nan
small-loss	94439	A1	1	P3_confidence	5.361799240112305	0.39664708142237215	0.5363786629328283	0.9996327072174949	33	0.7212802402856637	12	5	3.7910564894546854	0.8018018018018018	6.820224719101123
small-loss	94439	A1	2	P4_bbox	3.6262705326080322	0.15685508078779095	0.29475771522640126	0.9958700259893627	0	0.36167625114600355	10	32	1.8185383124904557	nan	nan
small-loss	94439	A1	3	P4_confidence	26.779563903808594	1.0513236805945634	1.6678347090092185	0.996629786885061	0	2.7642784205010775	12	1	18.119631692343777	0.6260162601626016	16.623376623376622
small-loss	94439	A1	4	P5_bbox	4.986813068389893	0.2617611729353666	0.5183286116486957	0.9951058918360084	3	0.6297041566559096	1	10	2.517177522867766	nan	nan
small-loss	94439	A1	5	P5_confidence	29.021835327148438	1.5628878575433045	2.3868780347040475	0.9920651012468426	0	3.606171035142997	10	18	18.307316409139787	0.48148148148148145	15.36923076923077
small-loss	237759	B2	0	P3_bbox	2.0482312440872192	0.1303537640342256	0.2120617299641221	0.9943698306297541	1	0.23317659721458076	21	61	1.1079018504294216	nan	nan
small-loss	237759	B2	1	P3_confidence	3.4924373626708984	0.3759366454452975	0.5055884635205051	0.9996736357870578	33	0.6278956628293745	50	29	2.5030316086615882	0.8691588785046729	7.451612903225806
small-loss	237759	B2	2	P4_bbox	2.9412999153137207	0.14131622589426115	0.2579740723172133	0.9963648739595066	0	0.3021375008067533	34	15	1.4982291509369505	nan	nan
small-loss	237759	B2	3	P4_confidence	40.674713134765625	1.0000501617118716	1.7525148495548442	0.996350106036063	0	2.887864288654672	24	12	25.56271550555349	0.7699115044247787	8.448275862068966
small-loss	237759	B2	4	P5_bbox	3.2166507244110107	0.20560595583170652	0.3769735756333522	0.9968593739005432	3	0.5042742086401688	10	6	1.716057315303513	nan	nan
small-loss	237759	B2	5	P5_confidence	11.779135704040527	1.3131705758869647	1.8333171432609972	0.9956369477204072	0	2.8284775188635356	18	19	7.36514563299941	0.6666666666666666	14.9
small-loss	237759	A1	0	P3_bbox	2.0589925050735474	0.1305291323918209	0.21247082775682918	0.9943469859742899	1	0.23356696697433407	21	61	1.1035621672589457	nan	nan
small-loss	237759	A1	1	P3_confidence	3.574533462524414	0.37861405798827763	0.5093894909638244	0.9996718089718448	33	0.6317784634798468	67	9	2.590928577796407	0.8691588785046729	6.946236559139785
small-loss	237759	A1	2	P4_bbox	2.966948628425598	0.14135929708485492	0.2581211325205113	0.9963606634130966	0	0.30278176088021697	34	15	1.5091968657799537	nan	nan
small-loss	237759	A1	3	P4_confidence	41.657100677490234	0.9994316422380507	1.7484809913655777	0.9963818563149723	0	2.8777866490119623	24	12	26.252825924256893	0.7391304347826086	9.505882352941176
small-loss	237759	A1	4	P5_bbox	3.2749221324920654	0.2029614268615842	0.3759868660454235	0.9968698717139064	3	0.5044111816742219	10	6	1.7399764678497014	nan	nan
small-loss	237759	A1	5	P5_confidence	11.32559585571289	1.315383795335889	1.8234472679980476	0.9957032059522894	0	2.823479647593044	18	19	7.287866016134815	0.6666666666666666	14.9625
small-loss	441012	B2	0	P3_bbox	2.3733474016189575	0.15482255712151527	0.24465515724866096	0.9945237598984253	2	0.2866508840158311	58	15	1.195216216934609	nan	nan
small-loss	441012	B2	1	P3_confidence	4.147268295288086	0.36898907051980495	0.4901602217090197	0.9996952680946585	76	0.5996530782085789	63	6	3.127422566358187	0.8018018018018018	10.325842696629213
small-loss	441012	B2	2	P4_bbox	2.7864943742752075	0.15470849229604938	0.2727718067702614	0.9965992817446133	0	0.3314006590183427	31	18	1.4108148144451094	nan	nan
small-loss	441012	B2	3	P4_confidence	19.050186157226562	0.9843587438259274	1.4807082385873258	0.9976817760268634	0	2.3816555125984116	31	8	9.528396147108971	0.7543859649122807	10.465116279069768
small-loss	441012	B2	4	P5_bbox	3.484704852104187	0.22403468001633883	0.4214634415306758	0.9961582613133517	1	0.4887626932042448	17	15	2.0510417700297983	nan	nan
small-loss	441012	B2	5	P5_confidence	12.591487884521484	1.4106150043308734	1.957639591771497	0.9948344038217622	0	2.894492795694901	6	7	8.069032754166136	0.7094017094017094	11.542168674698795
small-loss	441012	A1	0	P3_bbox	2.357878565788269	0.15507955684879562	0.2450798924566633	0.9945034479843313	2	0.2865419164845069	53	0	1.1917327745293382	nan	nan
small-loss	441012	A1	1	P3_confidence	4.356462478637695	0.37245113209844566	0.49602848575212977	0.9996898865041828	76	0.6137871153444415	63	6	3.2613739612397743	0.8518518518518519	11.16304347826087
small-loss	441012	A1	2	P4_bbox	2.8021180629730225	0.15496639980236068	0.2733568079620216	0.996585111657518	0	0.3315442477010005	31	18	1.4176592114590276	nan	nan
small-loss	441012	A1	3	P4_confidence	19.128265380859375	0.9873868265282363	1.4732919873866028	0.9977146372544428	0	2.3195921043145704	10	14	9.547584995727641	0.7543859649122807	8.825581395348838
small-loss	441012	A1	4	P5_bbox	3.498212218284607	0.22291799530386924	0.42170551028520725	0.9961507956695779	1	0.49133698984516566	17	15	2.064679264717799	nan	nan
small-loss	441012	A1	5	P5_confidence	12.741294860839844	1.3993745808303357	1.941583013696137	0.9949475051380844	0	2.8964591343335093	6	7	8.153052495861395	0.680672268907563	11.530864197530864
small-loss	365947	B2	0	P3_bbox	2.308323860168457	0.11897978149878327	0.19857858721429145	0.9959230971783553	1	0.21537751077081105	13	59	1.1615791333613597	nan	nan
small-loss	365947	B2	1	P3_confidence	4.474684715270996	0.3521911001688568	0.4703085357410493	0.9996984576828887	33	0.6141792731638941	49	32	3.2635469576151985	0.7699115044247787	14.229885057471265
small-loss	365947	B2	2	P4_bbox	3.5605207681655884	0.11443494065315463	0.22940390824705692	0.9964601680174654	2	0.30254207197343364	24	20	1.7821290302340007	nan	nan
small-loss	365947	B2	3	P4_confidence	16.475833892822266	0.7863751441333443	1.2419283353669326	0.9981409185633829	0	2.02295359491136	28	1	8.583244172799844	0.680672268907563	14.753086419753087
small-loss	365947	B2	4	P5_bbox	3.149637222290039	0.1910305106267333	0.38072973479048694	0.9956500294478204	2	0.49167128226838513	1	12	1.6486560730865063	nan	nan
small-loss	365947	B2	5	P5_confidence	20.71503257751465	1.329658839615062	2.074101191138995	0.9941237032121344	0	3.2129097032776768	14	2	13.22198480210687	0.5503875968992248	15.028169014084508
small-loss	365947	A1	0	P3_bbox	2.324669122695923	0.11899918869850808	0.19846944525343735	0.9959278593816944	1	0.21507155551822627	13	59	1.1700185262265226	nan	nan
small-loss	365947	A1	1	P3_confidence	4.57987117767334	0.35730060169426725	0.4790828578073748	0.9996924506275863	33	0.6265725360236435	49	32	3.291792049706936	0.8018018018018018	13.02247191011236
small-loss	365947	A1	2	P4_bbox	3.571326732635498	0.11353557103313505	0.22891049056302545	0.9964717249704407	2	0.3020955306885782	24	20	1.7867196599683182	nan	nan
small-loss	365947	A1	3	P4_confidence	17.002897262573242	0.8070996402166783	1.2615147970353557	0.998086545722507	0	2.0297209114305677	28	1	8.883022316290427	0.680672268907563	14.975308641975309
small-loss	365947	A1	4	P5_bbox	3.2004921436309814	0.1915643361955881	0.38097716951688276	0.9956425791517352	2	0.48981250358099454	1	12	1.6680468878407921	nan	nan
small-loss	365947	A1	5	P5_confidence	20.88156509399414	1.318347912300378	2.0536429786516814	0.9942731139451908	0	3.152862428586851	14	2	13.27212244117521	0.5037593984962406	13.283582089552239
small-loss	430122	B2	0	P3_bbox	1.7556266784667969	0.13740217796643264	0.22587360593537595	0.9940355467442006	2	0.25522581896395724	37	42	1.0075975292400268	nan	nan
small-loss	430122	B2	1	P3_confidence	4.365545272827148	0.3427073276090523	0.4539307519642427	0.999732269110952	9	0.544580326092517	62	54	3.16932258889459	0.8867924528301887	9.680851063829786
small-loss	430122	B2	2	P4_bbox	2.580087661743164	0.13165702362079174	0.2517213807871955	0.9958258232837778	0	0.3272619988910227	38	10	1.3896592278387878	nan	nan
small-loss	430122	B2	3	P4_confidence	12.871744155883789	0.8517877482855692	1.30745985688806	0.997979575563723	0	2.145029204278288	31	29	7.551887025393923	0.8348623853211009	6.835164835164835
small-loss	430122	B2	4	P5_bbox	2.6135284900665283	0.17909372583497316	0.3311327519654241	0.9972435800202826	1	0.38452584863406947	17	12	1.3880057986555443	nan	nan
small-loss	430122	B2	5	P5_confidence	10.560604095458984	1.1197160437256097	1.5545679159285324	0.9965576470630768	0	2.296427767932218	2	14	6.07536935316813	0.6666666666666666	14.05
small-loss	430122	A1	0	P3_bbox	1.7268972396850586	0.13741751846755507	0.22589728428677674	0.9940337574764854	2	0.2549073574339969	78	18	1.0128913922388068	nan	nan
small-loss	430122	A1	1	P3_confidence	4.244758605957031	0.3453990879632474	0.45833965095618157	0.9997295211195586	9	0.5510052683830532	62	54	3.1580881706356196	0.8867924528301887	10.946808510638299
small-loss	430122	A1	2	P4_bbox	2.5823440551757812	0.13152098130143713	0.25142838697691705	0.9958357030214623	0	0.326757906557846	38	10	1.3926847105324063	nan	nan
small-loss	430122	A1	3	P4_confidence	13.177244186401367	0.8723349697329104	1.319907012547204	0.9979511341061499	0	2.1531030801773623	31	29	7.636086394483636	0.7857142857142857	6.8522727272727275
small-loss	430122	A1	4	P5_bbox	2.6050517559051514	0.17881819166243076	0.33179860882728646	0.9972332515230383	1	0.38526088344791665	17	12	1.3779613611192838	nan	nan
small-loss	430122	A1	5	P5_confidence	10.26382064819336	1.104986535012722	1.5521669902470405	0.9965698514185602	0	2.2958103871304147	2	14	5.89486771299286	0.6	14.6
small-loss	249184	B2	0	P3_bbox	1.9832080006599426	0.12849323586327954	0.21107491354530716	0.9949504433298006	1	0.2274785383814248	19	75	1.212774465442139	nan	nan
small-loss	249184	B2	1	P3_confidence	4.911238670349121	0.37976481148507446	0.5092740733600327	0.9996503559283733	33	0.7194917373061352	58	63	3.516992220499131	0.7543859649122807	10.546511627906977
small-loss	249184	B2	2	P4_bbox	2.6316895484924316	0.12414252346672583	0.2510179512314116	0.9965127780288362	2	0.29421200582959417	0	21	1.6548803917709187	nan	nan
small-loss	249184	B2	3	P4_confidence	14.931224822998047	0.8390929862130433	1.2772167417198128	0.998120353419432	0	1.9662196548688522	21	31	10.22684345004859	0.7391304347826086	8.48235294117647
small-loss	249184	B2	4	P5_bbox	3.0826237201690674	0.20631798651069402	0.445318823926662	0.9942431297782683	0	0.5250844720601774	1	6	1.8998668722161873	nan	nan
small-loss	249184	B2	5	P5_confidence	20.30885601043701	1.249540398152545	1.9082179678143867	0.9951719794814957	0	2.993748457360147	11	6	11.426235282466871	0.6260162601626016	15.519480519480519
small-loss	249184	A1	0	P3_bbox	1.992573618888855	0.12852877413199168	0.2111618170096453	0.994946078701045	1	0.2276161075753789	19	75	1.218161824950019	nan	nan
small-loss	249184	A1	1	P3_confidence	4.914982795715332	0.38311560766864566	0.514261660368639	0.9996477515924355	33	0.7236752086009864	58	63	3.4748568629371444	0.7699115044247787	10.74712643678161
small-loss	249184	A1	2	P4_bbox	2.6372876167297363	0.12379455129033885	0.2506580370435739	0.9965233199552103	2	0.2937807508087646	0	21	1.6615296997611122	nan	nan
small-loss	249184	A1	3	P4_confidence	14.452461242675781	0.8465450305230916	1.2666962346963977	0.9981565181118358	0	1.9223369041289413	21	31	9.491710909693348	0.8018018018018018	8.49438202247191
small-loss	249184	A1	4	P5_bbox	3.0516319274902344	0.2076133169606328	0.44563730392642503	0.9942297773344261	0	0.5261683605291819	1	6	1.8943141957454708	nan	nan
small-loss	249184	A1	5	P5_confidence	21.23548984527588	1.2635780499912799	1.9310302124124297	0.9950655578108332	0	3.0460162905494985	11	6	11.858528847703417	0.5873015873015873	14.405405405405405
small-loss	495956	B2	0	P3_bbox	3.0560911893844604	0.151340259979479	0.24512000143453241	0.9944744724446445	2	0.2609553325076688	11	4	2.0371707641346326	nan	nan
small-loss	495956	B2	1	P3_confidence	3.383297920227051	0.37610738619137557	0.4944739395395129	0.9997000751899676	33	0.6058501446069972	66	17	2.0477318265520794	0.8691588785046729	5.612903225806452
small-loss	495956	B2	2	P4_bbox	4.128140091896057	0.15778847369656432	0.2956508921885818	0.9961163384088452	2	0.3518439100971069	7	21	2.1271253474461993	nan	nan
small-loss	495956	B2	3	P4_confidence	39.64497375488281	1.0680331000695005	1.883173106348364	0.9958567071275387	0	2.9055665806427675	32	2	28.21755501342772	0.7699115044247787	13.724137931034482
small-loss	495956	B2	4	P5_bbox	2.0104074478149414	0.15153439681977032	0.28524088402949227	0.9981325729579074	0	0.346807255904084	1	14	1.1884280906856708	nan	nan
small-loss	495956	B2	5	P5_confidence	14.21619987487793	1.3259270799458027	1.847437570671861	0.995453139464815	0	2.8338677316624308	0	8	9.106885585109453	0.4925373134328358	16.196969696969695
small-loss	495956	A1	0	P3_bbox	3.0552793741226196	0.15132661776602618	0.2450581834140062	0.9944760769419752	2	0.26076112854108296	11	4	2.045153420022535	nan	nan
small-loss	495956	A1	1	P3_confidence	3.2394208908081055	0.3782990178166656	0.4971271307061561	0.999698093283649	33	0.611278968189018	66	17	1.9999022517450948	0.8867924528301887	5.340425531914893
small-loss	495956	A1	2	P4_bbox	4.1207616329193115	0.15798828836821485	0.29601442783346527	0.996103892329113	2	0.3521744837039954	7	21	2.127597512506221	nan	nan
small-loss	495956	A1	3	P4_confidence	40.38188171386719	1.0844859804045408	1.9063733049962004	0.9957664233028812	0	2.931497777015986	32	2	29.153585936824218	0.7391304347826086	15.141176470588235
small-loss	495956	A1	4	P5_bbox	1.9351816177368164	0.15095343980938197	0.28426895973008287	0.9981428261791131	0	0.3443747382126354	1	14	1.1626347832885042	nan	nan
small-loss	495956	A1	5	P5_confidence	15.572693824768066	1.331586909174919	1.838335286110154	0.9955056760919916	0	2.837530472495214	0	8	9.758799602747256	0.4925373134328358	18.984848484848484
small-loss	272807	B2	0	P3_bbox	2.048231303691864	0.18760848153557164	0.300666523061778	0.9930186155985092	1	0.35314540480570694	68	10	1.321627886091139	nan	nan
small-loss	272807	B2	1	P3_confidence	3.9289913177490234	0.39544069722527636	0.5308090472232523	0.9996550863532325	40	0.6423119615336979	50	66	2.416996269036034	0.8348623853211009	10.252747252747254
small-loss	272807	B2	2	P4_bbox	2.270477056503296	0.16000573431956583	0.2838953629636243	0.9967199901578039	0	0.3424671251515307	32	33	1.284354842927207	nan	nan
small-loss	272807	B2	3	P4_confidence	25.74349021911621	0.9654815122103318	1.5312083200046465	0.9971808981792495	0	2.504935519023063	29	3	13.585148923290257	0.7699115044247787	12.551724137931034
small-loss	272807	B2	4	P5_bbox	2.0774197578430176	0.1674920055642724	0.31399533285933984	0.997614460417211	3	0.3878110978740077	17	5	1.084191293035833	nan	nan
small-loss	272807	B2	5	P5_confidence	19.496501922607422	1.3353960702046752	1.9694838804349106	0.9952435779986125	0	3.0256786771937496	8	13	12.015996322490267	0.7543859649122807	13.209302325581396
small-loss	272807	A1	0	P3_bbox	2.0922022461891174	0.18770405792893144	0.3007499823069655	0.9930127116790799	1	0.35344272550344397	68	10	1.3177542565637717	nan	nan
small-loss	272807	A1	1	P3_confidence	3.909646987915039	0.396299535813363	0.5331910339515388	0.9996509122435325	40	0.6361239993189799	50	66	2.4698052183831916	0.8018018018018018	9.820224719101123
small-loss	272807	A1	2	P4_bbox	2.307626485824585	0.16074404816667084	0.28413839789220285	0.9967131638319326	0	0.34202597720109673	32	33	1.292048393255366	nan	nan
small-loss	272807	A1	3	P4_confidence	26.779563903808594	0.9766869498696178	1.5312461076905308	0.9971870009306343	0	2.5129880277527534	29	3	14.015389427661974	0.7857142857142857	11.852272727272727
small-loss	272807	A1	4	P5_bbox	2.009611129760742	0.16714197635650635	0.3125895869138764	0.997635672402061	3	0.3893552514732601	17	5	1.0624220401972142	nan	nan
small-loss	272807	A1	5	P5_confidence	19.81978988647461	1.3467171957716346	1.9967849001553053	0.9951325285194947	0	3.0810777982642694	8	13	12.340004841617615	0.7699115044247787	12.022988505747126
small-loss	192091	B2	0	P3_bbox	2.080742835998535	0.17179336250119376	0.2659924910075745	0.9939857041018637	3	0.28334773517220474	10	30	1.310786414556266	nan	nan
small-loss	192091	B2	1	P3_confidence	5.566072463989258	0.4383104538409971	0.5679347265995842	0.999601478444534	0	0.7459399886001156	56	17	4.349606999853158	0.8348623853211009	6.164835164835165
small-loss	192091	B2	2	P4_bbox	4.128140211105347	0.1900879411183996	0.3401865117498055	0.994453205290229	2	0.40146690980979083	38	39	2.083650396179539	nan	nan
small-loss	192091	B2	3	P4_confidence	13.901483535766602	0.9407275249548256	1.3858027598358527	0.9976273276711938	0	2.311974746103153	14	18	7.314504490020141	0.7699115044247787	8.666666666666666
small-loss	192091	B2	4	P5_bbox	4.556921720504761	0.29494340024888516	0.5444258472837761	0.9950705587699852	0	0.6869134527965606	3	15	2.298574710871678	nan	nan
small-loss	192091	B2	5	P5_confidence	14.21619987487793	1.6171306738108397	2.1872116063384417	0.9941014920414418	0	3.312896554982965	3	10	8.93520397229358	0.5503875968992248	20.408450704225352
small-loss	192091	A1	0	P3_bbox	2.092202067375183	0.17181925031836726	0.2659977464666324	0.9939839502257685	3	0.2833323513437681	10	30	1.312827966450417	nan	nan
small-loss	192091	A1	1	P3_confidence	5.808616638183594	0.43516887208330446	0.5643243654479055	0.9996002719472616	0	0.7375898459032408	56	17	4.557509276219422	0.8518518518518519	6.130434782608695
small-loss	192091	A1	2	P4_bbox	4.175705194473267	0.19029334529535846	0.34062610144881006	0.9944400711078644	2	0.40132966696313144	38	39	2.1097870647322474	nan	nan
small-loss	192091	A1	3	P4_confidence	13.602317810058594	0.9505782009288669	1.3800464739624536	0.9976585680668889	0	2.2808562371871615	14	23	6.6930351305354545	0.8181818181818182	9.033333333333333
small-loss	192091	A1	4	P5_bbox	4.54023289680481	0.2941847728937864	0.5446822794220687	0.995070192488079	0	0.6876023468496819	3	15	2.2898582835955996	nan	nan
small-loss	192091	A1	5	P5_confidence	14.156994819641113	1.6195268967449665	2.2005750215871567	0.99406306539747	0	3.3164759519422584	3	10	8.939230050304193	0.5384615384615384	20.542857142857144
small-loss	301783	B2	0	P3_bbox	2.243300974369049	0.1485501030884916	0.23685007411334785	0.995291528177068	2	0.26652175513263204	66	29	1.4509613702006765	nan	nan
small-loss	301783	B2	1	P3_confidence	4.147270202636719	0.384186415921562	0.5087318444795568	0.9996953858522439	9	0.6307642750203902	35	78	3.0599237232073433	0.7857142857142857	7.193181818181818
small-loss	301783	B2	2	P4_bbox	3.76692795753479	0.147613255729666	0.2859462767456006	0.9964296009722118	0	0.34130861813174673	13	14	1.8838173820684105	nan	nan
small-loss	301783	B2	3	P4_confidence	13.386613845825195	0.9604253221303225	1.403592910841325	0.9977194285245177	0	2.2456677545056665	9	14	9.523873618882618	0.7543859649122807	11.569767441860465
small-loss	301783	B2	4	P5_bbox	3.551718235015869	0.192161364313215	0.3676901259398593	0.9966544996673592	0	0.3968679464961167	3	7	1.8598524565760388	nan	nan
small-loss	301783	B2	5	P5_confidence	15.840906143188477	1.3597413355484604	1.9749213175537639	0.9949552838644723	0	2.9772393441101066	7	5	11.318156208918506	0.5873015873015873	17.89189189189189
small-loss	301783	A1	0	P3_bbox	2.225040555000305	0.14853883071773452	0.23691132715716412	0.9952890433598836	2	0.2668304580938074	66	29	1.4575365018684538	nan	nan
small-loss	301783	A1	1	P3_confidence	4.133052825927734	0.3894611449958029	0.5161629061995139	0.99969337445794	9	0.6431058546097679	35	78	2.9741429736317704	0.8018018018018018	7.449438202247191
small-loss	301783	A1	2	P4_bbox	3.7911007404327393	0.14806412400270347	0.28633694427281803	0.996419853257641	0	0.34100116472782654	13	14	1.8961474887175052	nan	nan
small-loss	301783	A1	3	P4_confidence	13.602317810058594	0.9601423275712877	1.3964540304828104	0.9977480825789699	0	2.250727459769951	9	14	9.692327226861776	0.7241379310344828	12.357142857142858
small-loss	301783	A1	4	P5_bbox	3.4982123374938965	0.19282034374773502	0.36678517162986507	0.9966707015504933	0	0.3959510741271471	3	7	1.8284662245729633	nan	nan
small-loss	301783	A1	5	P5_confidence	16.988391876220703	1.3431558311246337	1.968285349786589	0.9950171184340981	0	2.9855296306103796	7	5	11.34327734211746	0.6	13.88
small-loss	6522	B2	0	P3_bbox	2.5033936500549316	0.13445200363115872	0.2236857943854081	0.9938129772547368	1	0.24670926340425495	24	7	1.3473697582692632	nan	nan
small-loss	6522	B2	1	P3_confidence	4.038130760192871	0.3314801170126302	0.4340039607259959	0.9997577924794501	33	0.5134720921638599	68	18	2.4196437322080993	0.8018018018018018	10.213483146067416
small-loss	6522	B2	2	P4_bbox	2.2188754081726074	0.1442107612109976	0.265311845785749	0.9965890512441045	1	0.32474784734749945	4	1	1.2478130883733238	nan	nan
small-loss	6522	B2	3	P4_confidence	18.020442962646484	0.8605808150544763	1.2464393755609664	0.998094053483731	0	2.0105896693947174	8	8	9.361218902702465	0.7241379310344828	8.702380952380953
small-loss	6522	B2	4	P5_bbox	2.5465149879455566	0.1862976763956249	0.3290580451592655	0.997743296131671	3	0.42090700242249407	3	1	1.2732574939727783	nan	nan
small-loss	6522	B2	5	P5_confidence	8.935896873474121	1.2349688057005406	1.6709218010136988	0.99607985562352	0	2.4409520349866733	5	11	6.358974722318799	0.639344262295082	16.192307692307693
small-loss	6522	A1	0	P3_bbox	2.4575071930885315	0.13465048910307814	0.22389500867141385	0.9938025922452415	1	0.24697445914372362	24	7	1.3507148414824244	nan	nan
small-loss	6522	A1	1	P3_confidence	4.021349906921387	0.3322254152833484	0.4374703907675407	0.9997529111414688	33	0.5204686536414348	68	18	2.3927582425477203	0.8181818181818182	10.61111111111111
small-loss	6522	A1	2	P4_bbox	2.197740077972412	0.14476751222682652	0.26594348601424905	0.9965685213250883	1	0.32652396625015545	4	1	1.2486807305234577	nan	nan
small-loss	6522	A1	3	P4_confidence	18.278114318847656	0.8738891679104418	1.2615495064492723	0.9980528450185175	0	2.0208550440008026	8	8	9.238360049905141	0.7391304347826086	9.764705882352942
small-loss	6522	A1	4	P5_bbox	2.5306215286254883	0.18667986638844014	0.33016145066057373	0.9977246801276968	3	0.42248478911371506	3	1	1.2653107643127441	nan	nan
small-loss	6522	A1	5	P5_confidence	9.555970191955566	1.246136189058423	1.687419274538995	0.9960228855381483	0	2.5023762727591623	5	11	6.260944514856361	0.6129032258064516	18.473684210526315
small-loss	150867	B2	0	P3_bbox	1.8531615734100342	0.1405809504154604	0.21507948808040836	0.9968880498917025	2	0.2380472858074444	16	18	1.0334907282520376	nan	nan
small-loss	150867	B2	1	P3_confidence	4.583823204040527	0.34336664362705777	0.4507084057524505	0.9997386582792483	33	0.5779859071953269	68	75	3.416863732016561	0.7857142857142857	9.579545454545455
small-loss	150867	B2	2	P4_bbox	2.167273759841919	0.13347114766191226	0.23423620671464734	0.9979503521549943	2	0.2649148121499255	34	33	1.0851715660872379	nan	nan
small-loss	150867	B2	3	P4_confidence	24.71375274658203	0.9193724840814248	1.382453361598169	0.9976619936255648	0	2.2290800787647	11	38	13.93921497660494	0.7543859649122807	11.5
small-loss	150867	B2	4	P5_bbox	2.8145694732666016	0.16380625634919851	0.35180919062522914	0.9970298089424122	3	0.42073359340975874	1	19	1.4108701836904178	nan	nan
small-loss	150867	B2	5	P5_confidence	18.27797031402588	1.1593183158263565	1.7599808575224705	0.9955622277075773	0	2.544773278861599	5	4	12.965418727772732	0.6	12.76
small-loss	150867	A1	0	P3_bbox	1.8597352504730225	0.14058410390876816	0.2152774756470704	0.9968822348035731	2	0.23828292153396666	16	18	1.026411745770315	nan	nan
small-loss	150867	A1	1	P3_confidence	4.356463432312012	0.3465988172091311	0.4547171787013646	0.9997373674226872	33	0.5859862349240712	68	75	3.2811612879656793	0.8018018018018018	8.404494382022472
small-loss	150867	A1	2	P4_bbox	2.197739839553833	0.133512679002597	0.23426811370860662	0.9979509629462056	2	0.26463576485341334	34	33	1.1005855554257722	nan	nan
small-loss	150867	A1	3	P4_confidence	25.079269409179688	0.9115844459868968	1.3702565951797918	0.9977094842080123	0	2.195510421225491	11	38	14.367903867182788	0.7857142857142857	11.829545454545455
small-loss	150867	A1	4	P5_bbox	2.8283417224884033	0.16486256182193756	0.3533664114846551	0.9970008760317386	3	0.4223372361104967	1	19	1.4161281922576	nan	nan
small-loss	150867	A1	5	P5_confidence	18.404090881347656	1.1483755058581009	1.7525199701277419	0.9956146651136567	0	2.5581935939174674	5	4	12.989089872275773	0.5748031496062992	12.315068493150685
small-loss	184585	B2	0	P3_bbox	2.2107892632484436	0.1455542098573642	0.22966833141802492	0.9940851954309894	2	0.25110513835819664	60	56	1.5603030407007743	nan	nan
small-loss	184585	B2	1	P3_confidence	5.347795486450195	0.4028909077684657	0.5403447049068282	0.9996433463364515	35	0.6717113515814658	67	2	3.5035252866672533	0.8691588785046729	6.763440860215054
small-loss	184585	B2	2	P4_bbox	3.457317352294922	0.15808679532725364	0.29687337132634445	0.9955361165901263	2	0.3402268680739673	10	11	1.788653950586634	nan	nan
small-loss	184585	B2	3	P4_confidence	41.189584732055664	1.0461672122851013	1.8141068700848744	0.9961376533944913	0	2.9212623322523625	33	34	29.867275211119917	0.639344262295082	10.987179487179487
small-loss	184585	B2	4	P5_bbox	3.2166507244110107	0.1748216090956703	0.3335228947175602	0.9976248295850209	0	0.46724836921740437	6	11	1.8757811559102366	nan	nan
small-loss	184585	B2	5	P5_confidence	11.779134750366211	1.3037650505006313	1.8411030320987323	0.9953934723871659	0	2.836631668461217	1	9	7.004052680935782	0.5748031496062992	15.849315068493151
small-loss	184585	A1	0	P3_bbox	2.225040316581726	0.14546565094540712	0.22976404017417149	0.9940792833547553	2	0.2514154297356761	60	56	1.5500364434150216	nan	nan
small-loss	184585	A1	1	P3_confidence	5.0266876220703125	0.4052934657902224	0.5427952662863079	0.9996424360526969	35	0.6826075179003988	67	2	3.3690659460380608	0.8867924528301887	7.0638297872340425
small-loss	184585	A1	2	P4_bbox	3.5163835287094116	0.15834027040400542	0.29723488968016415	0.9955305296787095	2	0.3404307917110897	10	11	1.819782886862757	nan	nan
small-loss	184585	A1	3	P4_confidence	41.232025146484375	1.05574377284199	1.8218709499405648	0.9961110965409843	0	2.935770738697592	33	34	29.751046687937627	0.7094017094017094	14.19277108433735
small-loss	184585	A1	4	P5_bbox	3.2749218940734863	0.1736546078696847	0.3338635682028622	0.9976179436140509	0	0.4663771529515426	6	11	1.8744701985751746	nan	nan
small-loss	184585	A1	5	P5_confidence	11.679520606994629	1.3074315416067839	1.8385950517575804	0.9954364039632936	0	2.858641588259911	1	10	6.875963644378351	0.5625	18.430555555555557
small-loss	531894	B2	0	P3_bbox	2.0157196521759033	0.15296075965103229	0.2309798397661288	0.9968015628659769	2	0.24974920356907013	45	45	1.1164554079073357	nan	nan
small-loss	531894	B2	1	P3_confidence	4.802101135253906	0.3638305630190298	0.4796094126028581	0.9997189405174072	36	0.5809231276477159	29	15	2.910750828283368	0.8018018018018018	7.247191011235955
small-loss	531894	B2	2	P4_bbox	2.476883888244629	0.1518300827324856	0.27507365765157216	0.9975039455402143	0	0.3432437692287176	25	30	1.2980173452717867	nan	nan
small-loss	531894	B2	3	P4_confidence	22.13939666748047	0.95069106599316	1.4263032715546982	0.9977013658256323	0	2.278371649307601	16	5	11.262445083706634	0.6528925619834711	14.063291139240507
small-loss	531894	B2	4	P5_bbox	3.14963698387146	0.1963078267266974	0.3906917494803736	0.9970403118746206	3	0.4934946479169489	16	6	1.7599834865513637	nan	nan
small-loss	531894	B2	5	P5_confidence	12.185314178466797	1.3646789194196463	1.9751732209844846	0.9950304854543487	0	3.0520094754825666	11	0	7.712954640524214	0.4925373134328358	16.21212121212121
small-loss	531894	A1	0	P3_bbox	1.9593638181686401	0.1526005166095274	0.2306004605190706	0.9968120634427714	2	0.249292986300521	45	45	1.115119358914221	nan	nan
small-loss	531894	A1	1	P3_confidence	4.691575050354004	0.3700955275387969	0.48860616660102413	0.9997131433985634	36	0.5917817408817921	29	15	2.7452021711819894	0.8018018018018018	7.910112359550562
small-loss	531894	A1	2	P4_bbox	2.5274007320404053	0.15145516422577202	0.27520978585132666	0.9975011814629291	0	0.3427643834238458	25	30	1.3283378290225076	nan	nan
small-loss	531894	A1	3	P4_confidence	22.95391082763672	0.9563233218938112	1.447374471662419	0.9976481331399862	0	2.2905399587006974	16	5	11.786182656478639	0.6129032258064516	12.118421052631579
small-loss	531894	A1	4	P5_bbox	3.2004919052124023	0.19523932095617055	0.39054060725618006	0.9970416811463825	3	0.49476390401629383	16	6	1.7431576400712183	nan	nan
small-loss	531894	A1	5	P5_confidence	12.033447265625	1.354636268131435	1.9580324062541405	0.9951354003124576	0	3.0179746186194105	11	0	7.482915771297851	0.5151515151515151	16.264705882352942
small-loss	170232	B2	0	P3_bbox	1.918184757232666	0.13607123374706134	0.21625698806093557	0.9954799012877811	1	0.22996288701484016	29	26	1.1016830025379722	nan	nan
small-loss	170232	B2	1	P3_confidence	4.147269248962402	0.3408050794732408	0.44505838874499104	0.9997534190901796	32	0.5537442948961172	44	32	3.016603215074492	0.8181818181818182	7.777777777777778
small-loss	170232	B2	2	P4_bbox	1.9092646837234497	0.1332615139184054	0.23841738977347685	0.9977041396117993	0	0.2738207056016665	38	34	0.9811119694039824	nan	nan
small-loss	170232	B2	3	P4_confidence	12.356874465942383	0.8895019837031141	1.2594708773233259	0.998190985057817	0	1.9435482431365452	29	24	6.524083363251	0.8018018018018018	6.719101123595506
small-loss	170232	B2	4	P5_bbox	3.2166504859924316	0.168664744226262	0.34385284604575395	0.9979991590493357	0	0.4455393518475894	4	12	1.6349796137110257	nan	nan
small-loss	170232	B2	5	P5_confidence	11.37295913696289	1.206752194866538	1.6967377159674586	0.9958529919588639	0	2.564470497050422	0	12	7.146004862070682	0.639344262295082	14.423076923076923
small-loss	170232	A1	0	P3_bbox	1.9261544346809387	0.1361786489211954	0.21628491869488475	0.9954793964115138	1	0.23001664838855443	29	26	1.1035621834021196	nan	nan
small-loss	170232	A1	1	P3_confidence	4.133054733276367	0.3439569705084432	0.44981878623312715	0.9997519948225464	33	0.5580266554009955	44	32	3.0532242456805747	0.8018018018018018	8.157303370786517
small-loss	170232	A1	2	P4_bbox	1.9230221509933472	0.13289456887054257	0.23852215590003611	0.9977023730240964	0	0.2737197953956341	38	34	0.980552709558471	nan	nan
small-loss	170232	A1	3	P4_confidence	12.752174377441406	0.8803814729359001	1.2531782517295968	0.9982148752630107	0	1.9385702984937088	29	24	6.519702021505696	0.7543859649122807	7.6395348837209305
small-loss	170232	A1	4	P5_bbox	3.2749221324920654	0.16797932259738446	0.34234283844028685	0.9980160011137331	0	0.44362432564540905	4	12	1.6663855605344438	nan	nan
small-loss	170232	A1	5	P5_confidence	10.617746353149414	1.2241264913752674	1.7157040617226371	0.9957812718049394	0	2.5736931293842242	0	12	7.133583246034872	0.6	16.0
small-loss	211919	B2	0	P3_bbox	2.6334402561187744	0.1361702935269568	0.2199305296341293	0.9952230847751191	2	0.26652361304400835	46	46	1.6614354110924368	nan	nan
small-loss	211919	B2	1	P3_confidence	3.274160385131836	0.35618382614757865	0.47193849875331656	0.999705586098847	33	0.6069090189314207	34	7	2.158974022262055	0.7857142857142857	11.647727272727273
small-loss	211919	B2	2	P4_bbox	4.076538324356079	0.14262239602336194	0.27005933531330417	0.9972795551523566	0	0.3554579629645999	32	10	2.049018405048839	nan	nan
small-loss	211919	B2	3	P4_confidence	14.931224822998047	0.8726802079249173	1.2908506219738565	0.9979146744234151	0	1.983710912704742	8	1	8.805629794184805	0.6260162601626016	12.467532467532468
small-loss	211919	B2	4	P5_bbox	3.6857454776763916	0.18043399904854596	0.36090236802397513	0.9979124975881514	0	0.5201326745971627	1	19	1.9019338904015275	nan	nan
small-loss	211919	B2	5	P5_confidence	11.779136657714844	1.1895912000015378	1.7211380383374573	0.9958791139205649	0	2.593338259122868	3	5	7.409532179625447	0.7094017094017094	18.542168674698797
small-loss	211919	A1	0	P3_bbox	2.5903455018997192	0.13620978307852055	0.21993860977809002	0.9952226133245832	2	0.26649151192245757	46	46	1.6483955129018402	nan	nan
small-loss	211919	A1	1	P3_confidence	3.2394208908081055	0.35818288862705233	0.4760433194165337	0.999702194582135	33	0.6152513213308326	34	7	2.3672653123886174	0.7857142857142857	11.954545454545455
small-loss	211919	A1	2	P4_bbox	4.010874629020691	0.1429045847785892	0.2700819798547011	0.9972796317042806	0	0.3547234314076823	32	10	2.0178178381266405	nan	nan
small-loss	211919	A1	3	P4_confidence	15.302608489990234	0.8806969510670751	1.297221990920825	0.9979002610437718	0	2.0024419733234033	8	1	9.2704541564697	0.6	10.84
small-loss	211919	A1	4	P5_bbox	3.7215025424957275	0.1799811578169465	0.3614314609396638	0.9979034805541133	0	0.5187325644558345	1	19	1.92261623093544	nan	nan
small-loss	211919	A1	5	P5_confidence	10.971670150756836	1.1797531509576364	1.6956437620630453	0.9960102956098301	0	2.5721109468165366	3	5	7.053234593314322	0.6949152542372882	18.426829268292682
matched-control	95161	B2	0	P3_bbox	2.145766019821167	0.14441503366222605	0.23594621007616456	0.9966140017107544	1	0.2681388492808603	72	14	1.4211513503284137	nan	nan
matched-control	95161	B2	1	P3_confidence	5.129517555236816	0.3647032486400567	0.4862468990243453	0.9997088582937085	36	0.6016005593706111	14	77	3.8498653003645034	0.8348623853211009	8.43956043956044
matched-control	95161	B2	2	P4_bbox	3.3541135787963867	0.1440253188915085	0.27559648880484805	0.9973790346416538	0	0.31395805449234687	14	15	1.8071665798672085	nan	nan
matched-control	95161	B2	3	P4_confidence	32.43679904937744	0.9394081448037177	1.4789917146006488	0.9975501597796653	0	2.403365472635031	11	35	16.623798060033614	0.7391304347826086	10.564705882352941
matched-control	95161	B2	4	P5_bbox	3.4847047328948975	0.14751357880420982	0.2936386710987754	0.9982613803018108	0	0.3404855458162588	8	5	1.7484630936119676	nan	nan
matched-control	95161	B2	5	P5_confidence	14.62237548828125	1.1776089732050896	1.683342564103599	0.9961158611108963	0	2.544205992011484	10	11	8.461508621330342	0.6129032258064516	12.552631578947368
matched-control	95161	A1	0	P3_bbox	2.1254117488861084	0.14439412287378217	0.23583499928630833	0.9966171376214255	1	0.2679569737450536	72	14	1.4302296677292892	nan	nan
matched-control	95161	A1	1	P3_confidence	5.138391494750977	0.3662951826252975	0.4885238319307693	0.9997064839114967	36	0.6128064103796018	14	77	3.774770288138001	0.8348623853211009	8.637362637362637
matched-control	95161	A1	2	P4_bbox	3.351552963256836	0.14393477283301764	0.2757337442841872	0.9973756984777059	0	0.3146354479461519	14	15	1.8120943317547664	nan	nan
matched-control	95161	A1	3	P4_confidence	32.30550289154053	0.9526836281921714	1.489366111924091	0.9975268908476314	0	2.423448749659768	11	35	16.662554506766256	0.7857142857142857	12.0
matched-control	95161	A1	4	P5_bbox	3.4982120990753174	0.1479297287017107	0.29468097301184254	0.9982407712862795	0	0.34016650956500477	8	5	1.7546399676244215	nan	nan
matched-control	95161	A1	5	P5_confidence	14.15699577331543	1.1810582475960254	1.6866790842359214	0.9961071310097783	0	2.571928318903219	10	11	8.361170163387312	0.5625	11.597222222222221
matched-control	104344	B2	0	P3_bbox	1.9181848764419556	0.14568120801413897	0.21027568605323058	0.997948357637344	1	0.2312773721804699	66	58	1.078533082814039	nan	nan
matched-control	104344	B2	1	P3_confidence	3.274158477783203	0.3060866219671443	0.39567774355821506	0.9998101755109539	0	0.4661267871223651	54	73	2.096875800783471	0.8018018018018018	12.0561797752809
matched-control	104344	B2	2	P4_bbox	2.7348928451538086	0.1272305648069596	0.21007917494867254	0.999144835260307	2	0.23540381542005034	2	15	1.3754553189037348	nan	nan
matched-control	104344	B2	3	P4_confidence	15.960960388183594	0.8505408436246217	1.2338862652294027	0.9980560644641506	0	1.9542175247659177	31	19	8.165192446571877	0.6666666666666666	13.575
matched-control	104344	B2	4	P5_bbox	3.350677728652954	0.15358669510111211	0.3238174820738546	0.99882221339982	2	0.38373671372417767	5	19	1.6796891072485427	nan	nan
matched-control	104344	B2	5	P5_confidence	19.49650001525879	1.1007907321602106	1.8111867022679433	0.9958008751407159	0	2.8827129932385573	11	17	11.850264830856595	0.5151515151515151	14.794117647058824
matched-control	104344	A1	0	P3_bbox	1.8929448127746582	0.1456394804471347	0.2103011415214482	0.9979476462979657	1	0.23129606277540551	66	58	1.0713621715403139	nan	nan
matched-control	104344	A1	1	P3_confidence	3.239421844482422	0.3078204566501081	0.3979719226028894	0.9998075129087656	0	0.46988416319348447	54	73	2.1253165833848184	0.8018018018018018	11.696629213483146
matched-control	104344	A1	2	P4_bbox	2.7471747398376465	0.12762342465808615	0.21063637251452202	0.9991402130350397	2	0.23582938286250388	2	15	1.3787971222976496	nan	nan
matched-control	104344	A1	3	P4_confidence	16.152755737304688	0.8520743179917335	1.2339925317871678	0.9980641746639759	0	1.950273144542221	31	19	8.103736037955821	0.639344262295082	12.153846153846153
matched-control	104344	A1	4	P5_bbox	3.3493521213531494	0.15551228113472462	0.32629002514966954	0.9988049634106603	2	0.38784052537790237	5	19	1.6800429717646488	nan	nan
matched-control	104344	A1	5	P5_confidence	19.81978988647461	1.114288116890937	1.7935274496032922	0.9958958271434755	0	2.8705027487151766	11	17	11.746892898236439	0.5625	15.805555555555555
matched-control	343534	B2	0	P3_bbox	1.4630223512649536	0.1309697059239261	0.1980269263631455	0.9977917062236775	1	0.2071837869680728	9	20	0.9806171387369395	nan	nan
matched-control	343534	B2	1	P3_confidence	2.8376054763793945	0.322942365472205	0.42036361175558506	0.9997711539793305	0	0.5032116358941393	20	26	1.798636935421338	0.6949152542372882	12.609756097560975
matched-control	343534	B2	2	P4_bbox	2.270476818084717	0.12335236771963537	0.21616317511939348	0.9986990506378465	2	0.2442955934813026	23	24	1.136703425022261	nan	nan
matched-control	343534	B2	3	P4_confidence	26.77322769165039	0.8493260316122323	1.3363636780563655	0.9979364927274574	0	2.135391082993557	20	30	16.025503975212175	0.7094017094017094	14.096385542168674
matched-control	343534	B2	4	P5_bbox	3.7527589797973633	0.1313465671427548	0.3271932947029525	0.9980157733920345	0	0.46000789752112625	3	14	1.8766786332451983	nan	nan
matched-control	343534	B2	5	P5_confidence	17.059436798095703	1.0646536574847996	1.6836595214057861	0.9963575841549889	0	2.5678456389669906	9	10	10.36856057891945	0.7241379310344828	12.416666666666666
matched-control	343534	A1	0	P3_bbox	1.461220622062683	0.13083009251087788	0.19786921516798925	0.9977951561800307	1	0.20703186637035925	9	20	0.9581978493963698	nan	nan
matched-control	343534	A1	1	P3_confidence	2.904308319091797	0.32430096305720507	0.42209089602700156	0.9997695807437821	50	0.5086297336559995	29	53	1.8249619844923128	0.680672268907563	13.08641975308642
matched-control	343534	A1	2	P4_bbox	2.307626724243164	0.12286737935850396	0.21615131511231936	0.9986990719283327	2	0.2443711721192663	23	24	1.1554474207451093	nan	nan
matched-control	343534	A1	3	P4_confidence	26.3544921875	0.8545350799784064	1.3301588194513103	0.9979670114793656	0	2.137653727448747	20	30	15.474475959723893	0.7094017094017094	13.337349397590362
matched-control	343534	A1	4	P5_bbox	3.7215023040771484	0.1300665094330907	0.32531763723735524	0.9980356445173031	0	0.45580429290934393	3	14	1.8611232656811647	nan	nan
matched-control	343534	A1	5	P5_confidence	16.63446807861328	1.074018111448735	1.699729584762391	0.9962943990086969	0	2.6036940449989805	9	10	10.632850036450032	0.680672268907563	10.012345679012345
matched-control	412167	B2	0	P3_bbox	2.178277850151062	0.12365332369634416	0.19808435893881693	0.9970003218198866	2	0.21789333825777735	73	37	1.3556794636826814	nan	nan
matched-control	412167	B2	1	P3_confidence	3.819852828979492	0.3234204864874482	0.42001483394090017	0.999777167286236	35	0.487966605991655	11	34	2.8938729000527132	0.6528925619834711	11.60759493670886
matched-control	412167	B2	2	P4_bbox	2.476883888244629	0.11753911134437658	0.2049444674750341	0.9983153307990185	0	0.2429190368112712	36	22	1.2389793424189928	nan	nan
matched-control	412167	B2	3	P4_confidence	14.416353225708008	0.908914193727076	1.3513555418916698	0.9977757521275129	0	2.082320561077153	13	29	10.866528111883127	0.5384615384615384	15.185714285714285
matched-control	412167	B2	4	P5_bbox	1.5413122177124023	0.1254828803986311	0.23683390636742974	0.9985578742416653	2	0.288002400058391	17	15	0.8034645448310267	nan	nan
matched-control	412167	B2	5	P5_confidence	8.123541831970215	1.1132679848521947	1.5335085331378053	0.9970457223380896	0	2.3341051285479097	14	6	5.025569693302939	0.6	16.76
matched-control	412167	A1	0	P3_bbox	2.191831111907959	0.1235330716817407	0.19794660283400645	0.9970043251582179	2	0.21779298265855537	73	37	1.360376491074732	nan	nan
matched-control	412167	A1	1	P3_confidence	4.244758605957031	0.3245614601783454	0.4225793664125539	0.9997755303353929	35	0.4910081867633855	11	34	2.988451743233055	0.6666666666666666	12.025
matched-control	412167	A1	2	P4_bbox	2.527400493621826	0.11753614562330768	0.20497885153769557	0.9983147801425984	0	0.24310167028651447	36	22	1.2645957476975813	nan	nan
matched-control	412167	A1	3	P4_confidence	14.87753677368164	0.9096350917406381	1.3581816867818932	0.9977527015900804	0	2.0666619893445652	13	29	11.304849060800493	0.5625	13.01388888888889
matched-control	412167	A1	4	P5_bbox	1.5630311965942383	0.12420514203608037	0.23784156284529884	0.9985399057897452	2	0.28908191765621305	17	15	0.8119360369584129	nan	nan
matched-control	412167	A1	5	P5_confidence	8.848119735717773	1.0945125747323037	1.512707860645742	0.9971311774510249	0	2.3478051948763623	2	1	5.437384404610332	0.5873015873015873	14.864864864864865
matched-control	371029	B2	0	P3_bbox	2.308324098587036	0.14762936500774232	0.22557389282964924	0.9957095505639907	2	0.23485205894738204	68	20	1.2273939113450543	nan	nan
matched-control	371029	B2	1	P3_confidence	3.4924373626708984	0.3904371637376025	0.5135364315826627	0.9996853622812072	9	0.6167435898286006	67	35	2.2915543385146386	0.7241379310344828	11.321428571428571
matched-control	371029	B2	2	P4_bbox	2.6832908391952515	0.1407921459991485	0.2587944735445686	0.9969556609639523	2	0.3172038865354609	10	0	1.375697314045583	nan	nan
matched-control	371029	B2	3	P4_confidence	13.901485443115234	0.9166372361928224	1.3447555699353855	0.9978665383479268	0	2.1492731026674754	33	11	7.769246717249321	0.6260162601626016	16.01298701298701
matched-control	371029	B2	4	P5_bbox	2.1444334983825684	0.14659214375540613	0.27221033737503675	0.9984296326550165	0	0.33289956138740134	18	14	1.0836735159625228	nan	nan
matched-control	371029	B2	5	P5_confidence	26.807689666748047	1.4139532730430364	2.153741887586618	0.9942659644459402	0	3.2728147050655663	9	2	18.09181634573963	0.7543859649122807	12.569767441860465
matched-control	371029	A1	0	P3_bbox	2.291459798812866	0.14764891965518473	0.2255206064384227	0.9957111116947461	2	0.23466333869426365	68	20	1.2146485372580595	nan	nan
matched-control	371029	A1	1	P3_confidence	3.46282958984375	0.3933858425123617	0.5174942364671729	0.9996847196541991	36	0.6250818502533054	67	35	2.3832548106290257	0.7241379310344828	11.392857142857142
matched-control	371029	A1	2	P4_bbox	2.692231059074402	0.14122194207971916	0.25947896352584	0.9969404159261926	2	0.3175720700074085	34	0	1.3486360842953184	nan	nan
matched-control	371029	A1	3	P4_confidence	15.302606582641602	0.9208297650888562	1.347498369865827	0.9978619770835679	0	2.1431671767087876	33	11	8.376731562752797	0.5625	14.680555555555555
matched-control	371029	A1	4	P5_bbox	2.0840415954589844	0.14546422585844992	0.2726937142218337	0.9984255038771717	0	0.33468704443519426	18	14	1.0565398354854287	nan	nan
matched-control	371029	A1	5	P5_confidence	27.252212524414062	1.4114301475584508	2.1388344654157434	0.99435986365472	0	3.256108546775404	9	2	18.129581965494864	0.7699115044247787	11.701149425287356
matched-control	38204	B2	0	P3_bbox	2.0482312440872192	0.1544834719854407	0.23193733486803103	0.9969626780239795	2	0.25531672246416254	6	58	1.1961002137622354	nan	nan
matched-control	38204	B2	1	P3_confidence	9.495063781738281	0.3423016849183477	0.45720576148924724	0.9997474567294302	0	0.5522398766620736	34	18	6.801898018196856	0.7543859649122807	11.290697674418604
matched-control	38204	B2	2	P4_bbox	2.786494493484497	0.1682781406387221	0.2843054125169563	0.998085975623868	0	0.3578610091019184	32	10	1.4162306701353997	nan	nan
matched-control	38204	B2	3	P4_confidence	26.773231506347656	1.0316020470317453	1.53653078098193	0.9972414766112099	0	2.429761460956637	12	10	13.565500698006797	0.680672268907563	14.11111111111111
matched-control	38204	B2	4	P5_bbox	3.417691230773926	0.15274901228025556	0.3132973122373953	0.9986827011854127	3	0.3523154294122028	8	3	2.213984274911395	nan	nan
matched-control	38204	B2	5	P5_confidence	33.712697982788086	1.4695487691797315	2.326113184609165	0.9929214294624088	0	3.634207078157128	4	6	21.50361587970449	0.5267175572519084	11.855072463768115
matched-control	38204	A1	0	P3_bbox	2.058992624282837	0.15469686905518756	0.23196117216494747	0.996961942030996	2	0.2559220847607676	6	58	1.193351158016536	nan	nan
matched-control	38204	A1	1	P3_confidence	9.494853973388672	0.34436320754745975	0.4600889621502285	0.9997468775390012	0	0.556354073825257	34	18	6.867989362092667	0.7241379310344828	11.476190476190476
matched-control	38204	A1	2	P4_bbox	2.7471745014190674	0.16794680039514787	0.28420397239886547	0.9980875231454986	0	0.35697416444213426	32	10	1.3999812744837976	nan	nan
matched-control	38204	A1	3	P4_confidence	26.779563903808594	1.0427857061158865	1.5402704518607235	0.9972324469113261	0	2.437341910494009	12	10	13.823108049415724	0.680672268907563	15.45679012345679
matched-control	38204	A1	4	P5_bbox	3.4237818717956543	0.1540236857533455	0.31369529690116366	0.9986775428414842	3	0.3562160334119611	8	3	2.2207736869176293	nan	nan
matched-control	38204	A1	5	P5_confidence	32.91501045227051	1.467980695033446	2.321753525491173	0.9929905060533494	0	3.5941237413715355	4	6	21.334616124846193	0.5873015873015873	15.135135135135135
matched-control	72463	B2	0	P3_bbox	2.340835690498352	0.1824117041414138	0.27321638127094167	0.9960078993406498	1	0.30614877761948944	72	42	1.3993216776959339	nan	nan
matched-control	72463	B2	1	P3_confidence	4.802101135253906	0.35853136877249925	0.4729822186705445	0.9997414388485523	9	0.5932470093270038	64	6	3.6642603055508727	0.7241379310344828	10.511904761904763
matched-control	72463	B2	2	P4_bbox	2.4252820014953613	0.16247294323169625	0.299050253398487	0.997467094500449	0	0.39361135428165644	39	28	1.2549944392253558	nan	nan
matched-control	72463	B2	3	P4_confidence	16.990703582763672	0.983791575672105	1.442552501744682	0.9975587863755518	0	2.34943734734236	31	3	9.488143267441544	0.6666666666666666	13.75
matched-control	72463	B2	4	P5_bbox	3.9537997245788574	0.13239365881308912	0.2881144550279071	0.9983211938568901	3	0.3476802444226164	13	10	1.9842689774786446	nan	nan
matched-control	72463	B2	5	P5_confidence	16.65325927734375	1.357481964994222	2.0220968831858546	0.9949606726212863	0	3.039076194673093	11	2	10.73328243440407	0.7241379310344828	8.273809523809524
matched-control	72463	A1	0	P3_bbox	2.3246690034866333	0.18247744201609747	0.2732067298915118	0.9960081242065122	1	0.30610917342213145	72	42	1.3904457722346644	nan	nan
matched-control	72463	A1	1	P3_confidence	4.579870223999023	0.3627645047577098	0.47943698277452335	0.9997381276863854	9	0.6088341283366239	64	6	3.626602580003716	0.7391304347826086	9.376470588235295
matched-control	72463	A1	2	P4_bbox	2.417513847351074	0.16264990037772806	0.29962626865150205	0.9974577566398466	0	0.39444442375792127	39	28	1.273219949665876	nan	nan
matched-control	72463	A1	3	P4_confidence	16.152755737304688	0.9910929220691324	1.4387613935153376	0.9975745558049631	0	2.3127905743620594	31	3	9.23860471102207	0.680672268907563	14.283950617283951
matched-control	72463	A1	4	P5_bbox	3.9447925090789795	0.1312759979814291	0.2878576653763801	0.9983274946291009	3	0.3453586230703141	13	10	1.9780056403812023	nan	nan
matched-control	72463	A1	5	P5_confidence	16.63446807861328	1.3597902991939337	2.0019888160221044	0.995075528014031	0	3.0308657482725163	11	2	10.253288743032902	0.7241379310344828	10.071428571428571
matched-control	139914	B2	0	P3_bbox	1.463022232055664	0.14455981148115826	0.2154210222928808	0.9975435756015489	1	0.25030968112799395	18	61	1.0357893929459796	nan	nan
matched-control	139914	B2	1	P3_confidence	5.45693302154541	0.31271530353836713	0.4157634597128154	0.9997929067887412	0	0.5000133628001928	29	36	3.9106455489832417	0.7094017094017094	11.421686746987952
matched-control	139914	B2	2	P4_bbox	2.9929012060165405	0.1342935517197475	0.2426448445515519	0.9983142094332949	3	0.2716024600802539	26	29	1.925409051425202	nan	nan
matched-control	139914	B2	3	P4_confidence	19.565052032470703	0.9902595964167267	1.5102368884223711	0.9975655630874907	0	2.4424455454900023	6	10	10.17665973193404	0.6528925619834711	13.227848101265822
matched-control	139914	B2	4	P5_bbox	3.9538002014160156	0.1389693633466959	0.32523157182622514	0.9982983788647815	3	0.4223981101676735	6	18	1.9845520955646754	nan	nan
matched-control	139914	B2	5	P5_confidence	19.902677536010742	1.48245758895576	2.196399410116055	0.994186561035001	0	3.349606907684229	16	4	12.092213987651911	0.6	12.786666666666667
matched-control	139914	A1	0	P3_bbox	1.4612205028533936	0.1445938958309125	0.215241546956884	0.9975469984031169	1	0.24992295340531565	18	61	1.0371009938617155	nan	nan
matched-control	139914	A1	1	P3_confidence	5.3618011474609375	0.31853969165403395	0.42211702296788983	0.999790313121818	0	0.513814517167867	29	36	3.935511393541867	0.680672268907563	10.382716049382717
matched-control	139914	A1	2	P4_bbox	2.966948390007019	0.13419089140603319	0.24312979906298482	0.99830862211261	3	0.27168917197487924	26	29	1.9281172809454312	nan	nan
matched-control	139914	A1	3	P4_confidence	19.128257751464844	0.9870613718461245	1.5019574300970446	0.9976155477456302	0	2.3552235055752213	11	21	9.976758694563959	0.6666666666666666	10.175
matched-control	139914	A1	4	P5_bbox	4.019223213195801	0.13950982246547938	0.326491597379295	0.9982852715120678	3	0.42315628654786236	6	18	2.0151173917021405	nan	nan
matched-control	139914	A1	5	P5_confidence	19.465864181518555	1.476165210671723	2.195246282319788	0.9942202265830805	0	3.3365746820832727	16	4	12.181263107928972	0.5503875968992248	13.67605633802817
matched-control	59483	B2	0	P3_bbox	2.0482311248779297	0.1720384692121297	0.2565355087589546	0.9970796082916611	1	0.28083164582428877	72	48	1.2966996739965042	nan	nan
matched-control	59483	B2	1	P3_confidence	4.4746856689453125	0.33696284220134837	0.44529665709648764	0.9997755629300007	0	0.5645585702920586	39	13	3.1745330304191812	0.7094017094017094	11.72289156626506
matched-control	59483	B2	2	P4_bbox	4.076538324356079	0.15258798284921796	0.2804495410507716	0.9981860462057935	0	0.362162403288745	30	21	2.05534379149669	nan	nan
matched-control	59483	B2	3	P4_confidence	19.565052032470703	0.9906135658286512	1.506164053502415	0.9974138935996466	0	2.418347065452979	26	32	13.372622474889202	0.5037593984962406	11.761194029850746
matched-control	59483	B2	4	P5_bbox	2.948596715927124	0.16116758529096842	0.3483899191869401	0.9980570517078509	3	0.3873766131806008	2	15	1.4992178375143301	nan	nan
matched-control	59483	B2	5	P5_confidence	18.6841459274292	1.752971531406045	2.584363656373761	0.9920005846154616	0	3.9332647341353746	11	5	12.715354558197703	0.5267175572519084	12.652173913043478
matched-control	59483	A1	0	P3_bbox	2.0257831811904907	0.1720319975352322	0.25654156929424	0.9970792831717662	1	0.280860770365788	72	48	1.2765177365058313	nan	nan
matched-control	59483	A1	1	P3_confidence	4.02134895324707	0.3441537628178485	0.45413591501258194	0.9997736379859749	0	0.5789536994542495	39	13	2.947090334987356	0.7241379310344828	11.702380952380953
matched-control	59483	A1	2	P4_bbox	4.1207616329193115	0.15266563926299567	0.2807255845602984	0.9981827796184425	0	0.362788294595204	30	21	2.0755261950360353	nan	nan
matched-control	59483	A1	3	P4_confidence	18.70318603515625	0.9959214702025055	1.500832943853019	0.9974432190477001	0	2.418177427614869	26	32	13.381091904935861	0.5267175572519084	14.028985507246377
matched-control	59483	A1	4	P5_bbox	2.9027719497680664	0.16076889868825675	0.3472183745849856	0.9980697536704678	3	0.3862302954630947	2	15	1.4745792901037482	nan	nan
matched-control	59483	A1	5	P5_confidence	18.050168991088867	1.7331699430430307	2.551022383036582	0.9922244536630956	0	3.9022119300187703	11	5	12.654607319037149	0.5503875968992248	12.647887323943662
matched-control	277563	B2	0	P3_bbox	2.3083239793777466	0.15240704774914776	0.2389930509719149	0.9960389240816093	1	0.2701206984908226	58	47	1.4630222856998445	nan	nan
matched-control	277563	B2	1	P3_confidence	3.9289913177490234	0.3886593961883336	0.5167106160226411	0.9996885732478449	9	0.6683740466837971	53	44	2.5090025432431693	0.7241379310344828	10.05952380952381
matched-control	277563	B2	2	P4_bbox	3.2509102821350098	0.1488307329523377	0.28956022335335224	0.9966821020723217	0	0.3446010776208015	13	15	1.6258646274611592	nan	nan
matched-control	277563	B2	3	P4_confidence	23.684009552001953	0.9971942666359246	1.5423734097817774	0.9973941549247983	0	2.4548952466337	19	21	16.31719034155728	0.5503875968992248	14.253521126760564
matched-control	277563	B2	4	P5_bbox	4.48990797996521	0.18499928809236735	0.38607382453860484	0.9954653656053862	3	0.44586679687206937	8	13	2.2454540346825356	nan	nan
matched-control	277563	B2	5	P5_confidence	21.527387619018555	1.4368515106700361	2.153610221903627	0.9943157960066886	0	3.242237400192575	13	11	13.637815692169845	0.5748031496062992	16.246575342465754
matched-control	277563	A1	0	P3_bbox	2.3246690034866333	0.15236830839465257	0.23905737550931933	0.9960373449173036	1	0.27041712876026214	58	47	1.465271796532756	nan	nan
matched-control	277563	A1	1	P3_confidence	3.9096450805664062	0.39640120214107444	0.5288003137378494	0.9996808335453617	9	0.6886105206263801	53	44	2.574865853123328	0.7543859649122807	10.325581395348838
matched-control	277563	A1	2	P4_bbox	3.241665840148926	0.14872516142379028	0.28978785176085725	0.9966765197733314	0	0.34445559737716347	13	15	1.621996561407426	nan	nan
matched-control	277563	A1	3	P4_confidence	24.2291259765625	1.0021813280191272	1.545179957191445	0.9973962181502511	0	2.4532977356407764	19	21	16.625372818056306	0.5503875968992248	11.929577464788732
matched-control	277563	A1	4	P5_bbox	4.540233135223389	0.1848191177472472	0.3861361445319189	0.9954663076389462	3	0.44777268615477206	8	13	2.27072656701903	nan	nan
matched-control	277563	A1	5	P5_confidence	22.297266006469727	1.4480060694925487	2.171422473642215	0.9942625710281906	0	3.291643816495961	13	11	13.94128118043861	0.5748031496062992	14.863013698630137
matched-control	37566	B2	0	P3_bbox	2.0157196521759033	0.15776384456607048	0.2340295026361927	0.9972954340999253	2	0.2502750428777494	69	6	1.1593021160976946	nan	nan
matched-control	37566	B2	1	P3_confidence	4.4746856689453125	0.3529891749112867	0.46459246020077155	0.9997541959722339	33	0.564540404767964	14	22	3.4211748305851564	0.7543859649122807	13.581395348837209
matched-control	37566	B2	2	P4_bbox	2.476883888244629	0.16291639400238636	0.28342087067929334	0.9982425487349409	0	0.31902705297305606	18	34	1.241394770095077	nan	nan
matched-control	37566	B2	3	P4_confidence	23.169143676757812	1.0564445297056808	1.6071232841878178	0.9971594480684746	0	2.534426704985003	14	4	15.985547082239853	0.6949152542372882	10.585365853658537
matched-control	37566	B2	4	P5_bbox	4.087826609611511	0.16979559467174113	0.3561976818974833	0.9983939746663202	2	0.43994790750510776	4	6	2.045286074213681	nan	nan
matched-control	37566	B2	5	P5_confidence	18.277969360351562	1.251469747453928	1.9868001168219973	0.9945611869005259	0	3.010988894484884	8	12	11.61632785914675	0.5873015873015873	15.08108108108108
matched-control	37566	A1	0	P3_bbox	1.9925734996795654	0.15775578111119104	0.2341779827370262	0.9972927221389397	2	0.25054859543977465	69	6	1.147172722541466	nan	nan
matched-control	37566	A1	1	P3_confidence	4.356461524963379	0.35939025528309865	0.4727095432550109	0.9997508732319903	33	0.5715942786829725	14	22	3.4557727489919863	0.7241379310344828	11.69047619047619
matched-control	37566	A1	2	P4_bbox	2.472456932067871	0.16278726010932587	0.2836449395988246	0.9982401592806854	0	0.3196624149724681	18	34	1.2404944807338016	nan	nan
matched-control	37566	A1	3	P4_confidence	22.10376739501953	1.0718433949276804	1.6096430928126289	0.9971560942361284	0	2.517118914554124	14	4	15.664077599205974	0.6528925619834711	10.734177215189874
matched-control	37566	A1	4	P5_bbox	4.093652844429016	0.16788627732545136	0.3553352814558817	0.9984014988242282	2	0.4393422426747648	4	6	2.0485173173476654	nan	nan
matched-control	37566	A1	5	P5_confidence	18.050167083740234	1.2740962513359264	2.0068496291403264	0.9944765255814061	0	3.055408760497599	8	12	11.571434505901399	0.6260162601626016	16.98701298701299
matched-control	46345	B2	0	P3_bbox	2.113254427909851	0.1476293645054102	0.2336447483541729	0.9966944112836834	3	0.2442694788560519	69	18	1.158504047660807	nan	nan
matched-control	46345	B2	1	P3_confidence	3.819852828979492	0.3504143985370174	0.46030542297399585	0.9997342097590591	33	0.5990164799815223	49	4	2.677792202678376	0.7241379310344828	14.333333333333334
matched-control	46345	B2	2	P4_bbox	2.5284857749938965	0.14775032208359334	0.26529852119991787	0.9978894994777703	2	0.31721700549559423	9	4	1.282020529514952	nan	nan
matched-control	46345	B2	3	P4_confidence	13.386613845825195	1.0515653157904745	1.5360650235906161	0.9971166624990622	0	2.3912709787414133	12	5	9.090770295884257	0.6260162601626016	13.363636363636363
matched-control	46345	B2	4	P5_bbox	3.4847049713134766	0.1757849350385368	0.38725703308352183	0.9972616320149615	2	0.5212861988400463	14	6	1.7423524856567383	nan	nan
matched-control	46345	B2	5	P5_confidence	29.2447509765625	1.4833714788518846	2.3972009969768973	0.9921150767677496	0	3.653788278531104	14	7	19.124159833468553	0.5625	13.972222222222221
matched-control	46345	A1	0	P3_bbox	2.0922021865844727	0.14787853228190215	0.23379004367144351	0.9966904096751118	3	0.24440880067040782	72	64	1.1468122016077489	nan	nan
matched-control	46345	A1	1	P3_confidence	3.9096450805664062	0.3536950864614919	0.4649815750513349	0.9997337274536595	33	0.6078213653514942	34	10	2.852641953164506	0.7094017094017094	13.506024096385541
matched-control	46345	A1	2	P4_bbox	2.47245717048645	0.14786666946893093	0.26524286764302335	0.997890498563674	2	0.3164859579523865	9	4	1.254108550098344	nan	nan
matched-control	46345	A1	3	P4_confidence	13.602317810058594	1.055102849535644	1.547379164740103	0.9970789371561865	0	2.410717281727524	12	5	9.511322226841717	0.6666666666666666	13.6875
matched-control	46345	A1	4	P5_bbox	3.4982118606567383	0.17523625385016203	0.3876842966225092	0.9972556488873151	2	0.5195462481946391	14	6	1.7495017894590263	nan	nan
matched-control	46345	A1	5	P5_confidence	28.667912483215332	1.5056958203315736	2.4185582575048286	0.9920002068986602	0	3.653020493107308	14	7	19.306551296425674	0.45985401459854014	14.095238095238095
matched-control	99317	B2	0	P3_bbox	2.2433009147644043	0.1718136826925911	0.27102012656963903	0.9958610240549308	1	0.3139527641130815	72	17	1.5848366546952455	nan	nan
matched-control	99317	B2	1	P3_confidence	4.147269248962402	0.3981674649789929	0.5352127845264462	0.9996464392923397	71	0.6913365811865727	36	63	2.7510736187149143	0.6260162601626016	9.519480519480519
matched-control	99317	B2	2	P4_bbox	4.0765380859375	0.15996542170236352	0.3002325588042387	0.9972245105054773	2	0.3470984783767129	11	22	2.0462549363549836	nan	nan
matched-control	99317	B2	3	P4_confidence	25.74349021911621	1.1202239881176501	1.7161209632854146	0.9966020438094892	0	2.8559614768989907	26	4	16.1703137293189	0.5748031496062992	11.657534246575343
matched-control	99317	B2	4	P5_bbox	5.42809796333313	0.18223498743958771	0.4175897573346923	0.9967878684190465	2	0.5656594910888496	3	9	2.7142558054192216	nan	nan
matched-control	99317	B2	5	P5_confidence	34.52505111694336	1.5501368342451751	2.543647623397767	0.9917081393341902	0	3.8595908572010447	8	4	22.62861286855885	0.639344262295082	14.487179487179487
matched-control	99317	A1	0	P3_bbox	2.258249878883362	0.17185816780489405	0.2708610078815562	0.9958655095269362	1	0.3136976981968246	72	17	1.6020816652412149	nan	nan
matched-control	99317	A1	1	P3_confidence	4.468166351318359	0.4037282973472029	0.5432923799347572	0.9996444603656056	71	0.7025120143519373	36	63	2.807838010454234	0.6260162601626016	11.025974025974026
matched-control	99317	A1	2	P4_bbox	4.120761871337891	0.16023754029884002	0.3005104756523627	0.9972188546258813	2	0.34725144079863973	11	22	2.0684236186016793	nan	nan
matched-control	99317	A1	3	P4_confidence	25.079273223876953	1.1131916388832033	1.7032642898262962	0.9966620894703406	0	2.8212331327190694	26	4	16.30105664821801	0.6	11.866666666666667
matched-control	99317	A1	4	P5_bbox	5.358963489532471	0.18253968827426434	0.4180772920832563	0.9967801491515415	2	0.5633376208411353	3	9	2.679740169558604	nan	nan
matched-control	99317	A1	5	P5_confidence	34.33070755004883	1.5530000752443447	2.5336266562008443	0.9918323681143189	0	3.8570499886959055	8	4	22.3075500022259	0.6666666666666666	13.5875
matched-control	188727	B2	0	P3_bbox	3.0560911893844604	0.160461290141684	0.24747950870929844	0.9951194548946782	2	0.2689092062334284	48	26	1.6817491478296376	nan	nan
matched-control	188727	B2	1	P3_confidence	4.47468376159668	0.37914770661853253	0.5012808685958909	0.999700747411329	76	0.602810496273512	56	16	2.8910674404947625	0.6528925619834711	13.113924050632912
matched-control	188727	B2	2	P4_bbox	3.1477067470550537	0.14623451878840568	0.2626158001577253	0.9973103257857265	2	0.3045924071494426	32	6	1.5908912296229112	nan	nan
matched-control	188727	B2	3	P4_confidence	37.07062530517578	1.0975616981238128	1.7711733538010952	0.996448440222204	0	2.8318132492129986	32	1	20.80959549372971	0.5873015873015873	17.945945945945947
matched-control	188727	B2	4	P5_bbox	3.417691230773926	0.19090485775843263	0.3768060125125838	0.9974514421844782	2	0.5030370446114363	4	7	1.7255176793581781	nan	nan
matched-control	188727	B2	5	P5_confidence	21.933563232421875	1.2361111619621514	1.8353506326792592	0.9957699626500183	0	2.7551265398587694	9	8	14.325518628433173	0.4084507042253521	10.948275862068966
matched-control	188727	A1	0	P3_bbox	3.022069811820984	0.1603982756412006	0.2475566507732743	0.9951162552601278	2	0.26930026432511484	48	26	1.6662794414499338	nan	nan
matched-control	188727	A1	1	P3_confidence	4.468166351318359	0.38214364839717746	0.5060502493161003	0.9996970986206433	76	0.6131515022646405	56	16	2.9502113546242645	0.6528925619834711	12.620253164556962
matched-control	188727	A1	2	P4_bbox	3.131779193878174	0.14689657165319658	0.26292717231040896	0.9973050045676808	2	0.3043418095153782	32	6	1.5781316693615188	nan	nan
matched-control	188727	A1	3	P4_confidence	36.981300354003906	1.1053377703018485	1.7739013018667245	0.9964426199558687	0	2.806624978026733	32	1	21.55011392981139	0.5748031496062992	15.013698630136986
matched-control	188727	A1	4	P5_bbox	3.4237823486328125	0.19063396587967874	0.3773977751948498	0.9974371486745736	2	0.5030089231571	4	7	1.7271941890640368	nan	nan
matched-control	188727	A1	5	P5_confidence	21.943340301513672	1.2188729061298071	1.8078900386636865	0.9959093629511044	0	2.7233246111191316	9	8	14.193500422930503	0.45985401459854014	12.317460317460318
matched-control	190580	B2	0	P3_bbox	1.9506964683532715	0.17623957845033147	0.25298045083514176	0.9970545638386037	2	0.2677613205344059	76	61	1.115745110281175	nan	nan
matched-control	190580	B2	1	P3_confidence	3.6015758514404297	0.3467780728880316	0.4551072955415191	0.9997743377262006	33	0.5733724872227596	68	54	2.5333043188406417	0.7241379310344828	13.05952380952381
matched-control	190580	B2	2	P4_bbox	2.992901563644409	0.15523257338325494	0.25334255101117487	0.9986198042017773	0	0.2969343257899603	34	30	1.504657859059794	nan	nan
matched-control	190580	B2	3	P4_confidence	11.84200668334961	0.9653527869284153	1.3656438507630924	0.9978462472918044	0	2.1154743464740817	34	30	8.394311972673183	0.45985401459854014	20.11111111111111
matched-control	190580	B2	4	P5_bbox	2.4124879837036133	0.13917876953259112	0.2805429825001645	0.9990449027999075	2	0.37394224130294623	18	5	1.2136670901629703	nan	nan
matched-control	190580	B2	5	P5_confidence	45.89801597595215	1.2654828569963574	2.3076939344768426	0.9925659764421877	0	3.5837506630846034	11	12	29.237169891663264	0.5748031496062992	14.219178082191782
matched-control	190580	A1	0	P3_bbox	1.9593639373779297	0.176410211444163	0.2530833350259101	0.9970524228559353	2	0.26785566608853384	76	61	1.1264356618902724	nan	nan
matched-control	190580	A1	1	P3_confidence	3.574533462524414	0.3546764235086739	0.4667073984199115	0.9997705388753365	33	0.5803831605972303	68	54	2.639328556320079	0.6949152542372882	12.365853658536585
matched-control	190580	A1	2	P4_bbox	2.9669482707977295	0.15484620913281105	0.25321644578748065	0.9986213825337712	0	0.29700311530316603	34	30	1.489819758687639	nan	nan
matched-control	190580	A1	3	P4_confidence	12.327102661132812	0.9770323172733187	1.3706181405364843	0.9978438314012432	0	2.1334497382725566	34	30	8.90676370535725	0.48148148148148145	22.46153846153846
matched-control	190580	A1	4	P5_bbox	2.4561915397644043	0.1384864140301943	0.28050477874290336	0.9990451929219615	2	0.37233627023943583	18	5	1.2370846830229543	nan	nan
matched-control	190580	A1	5	P5_confidence	46.01022529602051	1.2568645294038578	2.307452722200853	0.9926080853539526	0	3.5860549848930128	11	12	29.323025512416052	0.6	13.626666666666667
matched-control	195137	B2	0	P3_bbox	2.405858814716339	0.15350304370105733	0.23552795464050696	0.9942585338777958	1	0.2472452402554002	10	50	1.254859538586486	nan	nan
matched-control	195137	B2	1	P3_confidence	4.147268295288086	0.40992182544246314	0.5424606005332946	0.9996490389270787	33	0.6735016573450667	62	12	3.115306586565712	0.680672268907563	9.481481481481481
matched-control	195137	B2	2	P4_bbox	2.6316890716552734	0.1684958352299873	0.30668195057478653	0.9954424833790915	0	0.3588154004357219	37	6	1.5244365028114162	nan	nan
matched-control	195137	B2	3	P4_confidence	31.92192840576172	1.1703956534564495	1.8099042857673777	0.99627437321419	0	2.875502959169655	32	9	17.446699701858364	0.6666666666666666	16.9
matched-control	195137	B2	4	P5_bbox	2.2114474773406982	0.1741514710150659	0.3274333901004757	0.9978494230056717	0	0.40494711050663146	1	14	1.3289144572573475	nan	nan
matched-control	195137	B2	5	P5_confidence	15.028553009033203	1.3887195177674294	1.9068922708446239	0.9956919966279388	0	2.9272239742102966	10	5	9.331029154754475	0.48148148148148145	12.492307692307692
matched-control	195137	A1	0	P3_bbox	2.391088128089905	0.1534541058370087	0.23547430754928042	0.9942622775164002	1	0.24728370937417624	10	50	1.2499990924504034	nan	nan
matched-control	195137	A1	1	P3_confidence	4.356462478637695	0.4128581481855363	0.5462860620709797	0.9996452730104326	33	0.6814068224067804	62	12	3.1227258325181495	0.6666666666666666	9.5375
matched-control	195137	A1	2	P4_bbox	2.6922311782836914	0.16856491051847114	0.30697370881119834	0.9954352174118803	0	0.3601811975588161	37	6	1.5489290790313661	nan	nan
matched-control	195137	A1	3	P4_confidence	31.030288696289062	1.18504217800498	1.8194786962948746	0.9962411468037974	0	2.8862504537123765	32	9	17.652216984992098	0.5503875968992248	16.056338028169016
matched-control	195137	A1	4	P5_bbox	2.1584715843200684	0.17207296319305898	0.3249928528974138	0.9978795060123092	0	0.4019911492330631	1	14	1.3110044514705013	nan	nan
matched-control	195137	A1	5	P5_confidence	14.864845275878906	1.3816672765910625	1.8996021497330315	0.9957452331530823	0	2.9220241811764245	10	5	9.479059332891731	0.4925373134328358	14.924242424242424
