surface	repeat	run	wall_us	process_cpu_us
E1_model5_M12	0	0	4701.94	18486.8
E1_model5_M12	0	1	4750.15	18435.4
E1_model5_M12	0	2	4891.94	18774.5
E1_model5_M12	0	3	4731.61	18492.3
E1_model5_M12	0	4	4841.23	18792.7
E1_model5_M12	0	5	4759.4	18583.7
E1_model5_M12	0	6	4827.02	18761.4
E1_model5_M12	0	7	4804.61	18760.6
E1_model5_M12	0	8	4834.36	18626.3
E1_model5_M12	0	9	4936.7	19067.4
E1_model5_M12	0	10	4777.9	18559.4
E1_model5_M12	0	11	4873.07	18902.5
E1_model5_M12	0	12	4823.11	18944.4
E1_model5_M12	0	13	4777.77	18617.2
E1_model5_M12	0	14	4841.28	18814.2
E1_model5_M12	0	15	4817.73	18557.5
E1_model5_M12	0	16	4802.57	18647.2
E1_model5_M12	0	17	4817.23	18703.4
E1_model5_M12	0	18	4861.98	18790.6
E1_model5_M12	0	19	4831.19	18789.0
E1_model5_M12	0	20	4737.02	18503.6
E1_model5_M12	0	21	4784.07	18480.0
E1_model5_M12	0	22	4755.31	18462.8
E1_model5_M12	0	23	4808.15	18816.3
E1_model5_M12	0	24	4755.81	18574.2
E1_model5_M12	0	25	4761.36	18618.4
E1_model5_M12	0	26	4826.44	18770.3
E1_model5_M12	0	27	4792.27	18600.8
E1_model5_M12	0	28	4836.65	18748.7
E1_model5_M12	0	29	4761.36	18512.6
E1_model5_M12	0	30	4813.57	18684.5
E1_model5_M12	0	31	4736.4	18509.2
E1_model5_M12	0	32	4794.15	18661.0
E1_model5_M12	0	33	4863.94	18633.5
E1_model5_M12	0	34	4795.61	18659.6
E1_model5_M12	0	35	4820.48	18668.2
E1_model5_M12	0	36	4900.24	18976.7
E1_model5_M12	0	37	4742.02	18459.6
E1_model5_M12	0	38	4714.69	18387.0
E1_model5_M12	0	39	4810.52	18795.0
E1_model5_M12	0	40	4835.27	18772.8
E1_model5_M12	0	41	4733.61	18471.5
E1_model5_M12	0	42	4991.2	18702.5
E1_model5_M12	0	43	4867.48	18967.9
E1_model5_M12	0	44	4745.98	18518.7
E1_model5_M12	0	45	4844.65	18835.1
E1_model5_M12	0	46	4847.69	18829.2
E1_model5_M12	0	47	4822.27	18753.5
E1_model5_M12	0	48	4892.65	19025.6
E1_model5_M12	0	49	4798.23	18696.0
E1_model5_M12	0	50	4746.52	18467.8
E1_model5_M12	0	51	4820.69	18659.2
E1_model5_M12	0	52	4797.44	18622.7
E1_model5_M12	0	53	4837.9	18801.2
E1_model5_M12	0	54	4764.02	18591.8
E1_model5_M12	0	55	4761.94	18554.3
E1_model5_M12	0	56	4762.69	18468.9
E1_model5_M12	0	57	4818.11	18777.8
E1_model5_M12	0	58	4764.27	18607.6
E1_model5_M12	0	59	4761.61	18507.3
E1_model5_M12	0	60	4808.61	18753.8
E1_model5_M12	0	61	4795.19	18687.7
E1_model5_M12	0	62	4827.15	18807.3
E1_model5_M12	0	63	4846.53	18963.8
E1_model5_M12	0	64	4774.69	18600.4
E1_model5_M12	0	65	4935.57	18851.3
E1_model5_M12	0	66	4769.23	18575.7
E1_model5_M12	0	67	4767.48	18442.5
E1_model5_M12	0	68	4836.65	18587.0
E1_model5_M12	0	69	4839.57	18904.8
E1_model5_M12	0	70	4817.44	18663.3
E1_model5_M12	0	71	4853.86	18862.2
E1_model5_M12	0	72	5695.64	19731.5
E1_model5_M12	0	73	7202.39	20970.5
E1_model5_M12	0	74	4934.32	19116.4
E1_model5_M12	0	75	4775.27	18359.8
E1_model5_M12	0	76	4813.36	18747.0
E1_model5_M12	0	77	4848.94	18828.7
E1_model5_M12	0	78	4849.73	18867.3
E1_model5_M12	0	79	4783.32	18561.1
E1_model5_M12	0	80	4756.98	18683.5
E1_model5_M12	0	81	4836.61	18721.5
E1_model5_M12	0	82	4804.27	18729.4
E1_model5_M12	0	83	4755.94	18394.9
E1_model5_M12	0	84	4779.69	18505.2
E1_model5_M12	0	85	4791.4	18749.2
E1_model5_M12	0	86	4780.02	18773.3
E1_model5_M12	0	87	4760.31	18504.0
E1_model5_M12	0	88	4819.69	18796.3
E1_model5_M12	0	89	4795.32	18675.7
E1_model5_M12	0	90	4742.94	18461.0
E1_model5_M12	0	91	4732.61	18521.2
E1_model5_M12	0	92	4745.61	18632.7
E1_model5_M12	0	93	4796.11	18716.4
E1_model5_M12	0	94	4764.69	18532.3
E1_model5_M12	0	95	4790.73	18710.1
E1_model5_M12	0	96	4816.69	18764.5
E1_model5_M12	0	97	4797.02	18562.4
E1_model5_M12	0	98	4778.32	18572.7
E1_model5_M12	0	99	4809.9	18714.7
E1_model5_M12	1	0	4864.48	18885.2
E1_model5_M12	1	1	4766.73	18458.8
E1_model5_M12	1	2	4765.73	18516.5
E1_model5_M12	1	3	4770.65	18597.1
E1_model5_M12	1	4	4769.27	18613.5
E1_model5_M12	1	5	4751.44	18588.6
E1_model5_M12	1	6	4820.32	18752.2
E1_model5_M12	1	7	4826.23	18773.8
E1_model5_M12	1	8	4806.32	18744.2
E1_model5_M12	1	9	4828.11	18776.2
E1_model5_M12	1	10	4735.61	18472.8
E1_model5_M12	1	11	4835.03	18794.3
E1_model5_M12	1	12	4801.15	18712.2
E1_model5_M12	1	13	4866.03	18933.7
E1_model5_M12	1	14	4724.9	18415.1
E1_model5_M12	1	15	4835.53	18796.1
E1_model5_M12	1	16	4864.94	18788.1
E1_model5_M12	1	17	4763.98	18562.5
E1_model5_M12	1	18	4832.53	18788.3
E1_model5_M12	1	19	5813.27	18691.3
E1_model5_M12	1	20	4814.15	18554.1
E1_model5_M12	1	21	4797.65	18692.3
E1_model5_M12	1	22	4834.36	18890.6
E1_model5_M12	1	23	4835.44	18688.8
E1_model5_M12	1	24	4768.73	18516.0
E1_model5_M12	1	25	4772.27	18685.0
E1_model5_M12	1	26	4867.19	18936.4
E1_model5_M12	1	27	4715.4	18427.8
E1_model5_M12	1	28	4858.23	18878.8
E1_model5_M12	1	29	4739.4	18684.7
E1_model5_M12	1	30	4875.86	18910.5
E1_model5_M12	1	31	4809.9	18657.1
E1_model5_M12	1	32	4817.48	18795.6
E1_model5_M12	1	33	4765.36	18544.6
E1_model5_M12	1	34	4785.82	18665.0
E1_model5_M12	1	35	4802.94	18725.5
E1_model5_M12	1	36	4874.03	18950.3
E1_model5_M12	1	37	4817.9	18753.2
E1_model5_M12	1	38	4843.57	18794.2
E1_model5_M12	1	39	4900.28	18896.2
E1_model5_M12	1	40	4771.31	18543.8
E1_model5_M12	1	41	4935.4	19062.2
E1_model5_M12	1	42	4814.65	18739.9
E1_model5_M12	1	43	4781.4	18791.4
E1_model5_M12	1	44	4780.65	18640.8
E1_model5_M12	1	45	4801.57	18621.2
E1_model5_M12	1	46	4848.53	18669.9
E1_model5_M12	1	47	4893.28	18933.2
E1_model5_M12	1	48	4736.65	18457.5
E1_model5_M12	1	49	4786.07	18793.4
E1_model5_M12	1	50	4851.78	18785.8
E1_model5_M12	1	51	4843.32	18833.0
E1_model5_M12	1	52	4738.86	18627.2
E1_model5_M12	1	53	4806.27	18689.1
E1_model5_M12	1	54	4887.82	18828.1
E1_model5_M12	1	55	4874.57	18967.8
E1_model5_M12	1	56	4845.94	18816.0
E1_model5_M12	1	57	4763.73	18557.9
E1_model5_M12	1	58	4776.36	18553.4
E1_model5_M12	1	59	4800.77	18697.3
E1_model5_M12	1	60	4790.69	18694.4
E1_model5_M12	1	61	4833.82	18769.5
E1_model5_M12	1	62	4751.94	18430.7
E1_model5_M12	1	63	4805.23	18708.7
E1_model5_M12	1	64	4763.15	18532.1
E1_model5_M12	1	65	4745.02	18611.7
E1_model5_M12	1	66	4926.44	19007.6
E1_model5_M12	1	67	4779.11	18433.9
E1_model5_M12	1	68	4800.82	18711.7
E1_model5_M12	1	69	4809.65	18602.5
E1_model5_M12	1	70	4807.65	18714.1
E1_model5_M12	1	71	4797.15	18704.8
E1_model5_M12	1	72	4744.86	18471.9
E1_model5_M12	1	73	4771.65	18492.6
E1_model5_M12	1	74	4778.4	18818.7
E1_model5_M12	1	75	4747.15	18526.6
E1_model5_M12	1	76	4893.82	18782.3
E1_model5_M12	1	77	4854.36	18885.8
E1_model5_M12	1	78	4813.4	18731.4
E1_model5_M12	1	79	4861.65	18945.2
E1_model5_M12	1	80	4826.48	18768.6
E1_model5_M12	1	81	4786.52	18643.5
E1_model5_M12	1	82	4776.56	18565.2
E1_model5_M12	1	83	4831.15	18769.9
E1_model5_M12	1	84	4754.23	18571.5
E1_model5_M12	1	85	4766.15	18576.8
E1_model5_M12	1	86	4770.56	18532.4
E1_model5_M12	1	87	4851.32	18827.3
E1_model5_M12	1	88	4796.32	18659.3
E1_model5_M12	1	89	4893.9	18935.8
E1_model5_M12	1	90	4884.53	18800.8
E1_model5_M12	1	91	4795.9	18582.7
E1_model5_M12	1	92	4814.73	18652.3
E1_model5_M12	1	93	4807.07	18766.5
E1_model5_M12	1	94	4793.61	18586.0
E1_model5_M12	1	95	4798.4	18662.3
E1_model5_M12	1	96	4830.11	18827.0
E1_model5_M12	1	97	4795.07	18420.4
E1_model5_M12	1	98	4815.44	18761.2
E1_model5_M12	1	99	4877.03	18923.0
E1_model5_M12	2	0	4860.36	18889.2
E1_model5_M12	2	1	4801.48	18729.3
E1_model5_M12	2	2	4776.82	18441.3
E1_model5_M12	2	3	4810.61	18654.6
E1_model5_M12	2	4	4759.02	18492.8
E1_model5_M12	2	5	4864.36	18918.7
E1_model5_M12	2	6	4846.32	18838.5
E1_model5_M12	2	7	4783.65	18768.0
E1_model5_M12	2	8	4790.65	18650.5
E1_model5_M12	2	9	4782.19	18537.7
E1_model5_M12	2	10	4760.36	18598.9
E1_model5_M12	2	11	4794.19	18451.8
E1_model5_M12	2	12	4846.53	18909.9
E1_model5_M12	2	13	4820.9	18837.5
E1_model5_M12	2	14	4872.07	18904.9
E1_model5_M12	2	15	4914.57	18816.3
E1_model5_M12	2	16	4849.86	18889.2
E1_model5_M12	2	17	4788.9	18690.5
E1_model5_M12	2	18	4761.56	18538.0
E1_model5_M12	2	19	4734.69	18511.9
E1_model5_M12	2	20	4862.11	18880.5
E1_model5_M12	2	21	4821.61	18754.3
E1_model5_M12	2	22	4773.86	18678.6
E1_model5_M12	2	23	4753.02	18489.4
E1_model5_M12	2	24	4777.73	18639.6
E1_model5_M12	2	25	4829.11	18846.8
E1_model5_M12	2	26	4738.11	18491.2
E1_model5_M12	2	27	4861.69	18819.1
E1_model5_M12	2	28	4989.45	19358.5
E1_model5_M12	2	29	4846.78	18936.5
E1_model5_M12	2	30	4815.61	18711.8
E1_model5_M12	2	31	4861.44	18837.7
E1_model5_M12	2	32	4783.02	18647.5
E1_model5_M12	2	33	4875.15	18937.1
E1_model5_M12	2	34	4802.27	18649.7
E1_model5_M12	2	35	4850.61	18842.1
E1_model5_M12	2	36	4771.98	18508.7
E1_model5_M12	2	37	4770.98	18570.0
E1_model5_M12	2	38	4812.61	18699.5
E1_model5_M12	2	39	4803.86	18720.4
E1_model5_M12	2	40	4741.52	18581.6
E1_model5_M12	2	41	4827.48	18711.6
E1_model5_M12	2	42	4839.11	18784.4
E1_model5_M12	2	43	4835.94	18798.4
E1_model5_M12	2	44	4811.9	18733.1
E1_model5_M12	2	45	4824.61	18741.2
E1_model5_M12	2	46	4783.11	18527.4
E1_model5_M12	2	47	4800.82	18534.7
E1_model5_M12	2	48	4758.06	18413.7
E1_model5_M12	2	49	4811.65	18697.8
E1_model5_M12	2	50	4816.15	18523.4
E1_model5_M12	2	51	4857.82	18903.4
E1_model5_M12	2	52	4755.11	18478.5
E1_model5_M12	2	53	4769.94	18607.8
E1_model5_M12	2	54	5060.12	18797.9
E1_model5_M12	2	55	4864.15	18774.6
E1_model5_M12	2	56	4881.48	18751.5
E1_model5_M12	2	57	4844.28	18771.8
E1_model5_M12	2	58	4784.73	18756.4
E1_model5_M12	2	59	4775.57	18639.2
E1_model5_M12	2	60	4716.81	18497.3
E1_model5_M12	2	61	4773.56	18678.0
E1_model5_M12	2	62	4817.32	18787.0
E1_model5_M12	2	63	4794.02	18596.6
E1_model5_M12	2	64	4765.81	18506.2
E1_model5_M12	2	65	4800.11	18700.6
E1_model5_M12	2	66	4902.03	18922.0
E1_model5_M12	2	67	4909.69	18994.5
E1_model5_M12	2	68	4793.65	18589.0
E1_model5_M12	2	69	4784.56	18693.0
E1_model5_M12	2	70	4920.69	19047.2
E1_model5_M12	2	71	4793.44	18593.7
E1_model5_M12	2	72	4765.86	18614.4
E1_model5_M12	2	73	4817.02	18770.0
E1_model5_M12	2	74	4763.73	18509.5
E1_model5_M12	2	75	4818.98	18837.8
E1_model5_M12	2	76	4858.48	18893.4
E1_model5_M12	2	77	4786.4	18694.0
E1_model5_M12	2	78	4813.48	18782.7
E1_model5_M12	2	79	4808.77	18722.6
E1_model5_M12	2	80	4847.4	18812.9
E1_model5_M12	2	81	4724.48	18375.8
E1_model5_M12	2	82	4830.65	18819.9
E1_model5_M12	2	83	4817.07	18500.1
E1_model5_M12	2	84	4769.48	18626.3
E1_model5_M12	2	85	4756.61	18491.4
E1_model5_M12	2	86	4867.69	18810.0
E1_model5_M12	2	87	4812.36	18676.8
E1_model5_M12	2	88	4873.19	18860.1
E1_model5_M12	2	89	4809.19	18621.7
E1_model5_M12	2	90	4804.44	18586.2
E1_model5_M12	2	91	4805.44	18680.7
E1_model5_M12	2	92	4789.4	18654.1
E1_model5_M12	2	93	4804.52	18643.5
E1_model5_M12	2	94	4766.02	18548.0
E1_model5_M12	2	95	4829.11	18784.9
E1_model5_M12	2	96	4807.02	18693.0
E1_model5_M12	2	97	4797.82	18675.9
E1_model5_M12	2	98	4860.61	18907.1
E1_model5_M12	2	99	4792.94	18695.1
E1_model5_M12	3	0	4815.69	18656.6
E1_model5_M12	3	1	4863.48	18928.1
E1_model5_M12	3	2	4835.44	18628.5
E1_model5_M12	3	3	4789.44	18636.8
E1_model5_M12	3	4	4858.23	18642.5
E1_model5_M12	3	5	4888.32	18886.0
E1_model5_M12	3	6	4828.57	18799.1
E1_model5_M12	3	7	4778.15	18629.2
E1_model5_M12	3	8	4815.57	18688.0
E1_model5_M12	3	9	4852.82	18812.7
E1_model5_M12	3	10	4707.9	18468.0
E1_model5_M12	3	11	4777.69	18566.1
E1_model5_M12	3	12	4758.48	18573.2
E1_model5_M12	3	13	4782.36	18736.2
E1_model5_M12	3	14	4768.56	18515.4
E1_model5_M12	3	15	4823.82	18701.0
E1_model5_M12	3	16	4771.77	18703.0
E1_model5_M12	3	17	4760.44	18535.3
E1_model5_M12	3	18	4856.98	18629.6
E1_model5_M12	3	19	4782.65	18599.9
E1_model5_M12	3	20	4760.15	18495.2
E1_model5_M12	3	21	4799.82	18634.6
E1_model5_M12	3	22	4778.02	18546.2
E1_model5_M12	3	23	4826.94	18800.3
E1_model5_M12	3	24	4810.65	18736.3
E1_model5_M12	3	25	4811.52	18647.6
E1_model5_M12	3	26	4817.73	18808.7
E1_model5_M12	3	27	4786.36	18703.4
E1_model5_M12	3	28	4774.15	18665.5
E1_model5_M12	3	29	4769.9	18649.0
E1_model5_M12	3	30	4840.44	18831.8
E1_model5_M12	3	31	4786.36	18556.9
E1_model5_M12	3	32	4859.11	18815.7
E1_model5_M12	3	33	4758.69	18653.6
E1_model5_M12	3	34	4826.78	18826.0
E1_model5_M12	3	35	4800.52	18609.0
E1_model5_M12	3	36	4839.61	18864.8
E1_model5_M12	3	37	4759.65	18607.4
E1_model5_M12	3	38	4772.02	18575.6
E1_model5_M12	3	39	4870.61	18971.5
E1_model5_M12	3	40	4824.36	18742.5
E1_model5_M12	3	41	4798.86	18777.2
E1_model5_M12	3	42	4736.98	18422.7
E1_model5_M12	3	43	4778.86	18602.2
E1_model5_M12	3	44	4800.69	18762.5
E1_model5_M12	3	45	4791.73	18695.4
E1_model5_M12	3	46	4739.61	18475.8
E1_model5_M12	3	47	4807.23	18657.6
E1_model5_M12	3	48	4759.27	18557.9
E1_model5_M12	3	49	4825.07	18815.8
E1_model5_M12	3	50	4739.61	18485.2
E1_model5_M12	3	51	4751.94	18443.5
E1_model5_M12	3	52	4725.65	18528.2
E1_model5_M12	3	53	4789.98	18664.0
E1_model5_M12	3	54	4778.98	18640.4
E1_model5_M12	3	55	4805.32	18741.3
E1_model5_M12	3	56	4879.99	18947.7
E1_model5_M12	3	57	4810.23	18746.0
E1_model5_M12	3	58	4786.19	18657.9
E1_model5_M12	3	59	5688.09	19277.8
E1_model5_M12	3	60	4784.52	18734.8
E1_model5_M12	3	61	4827.11	18820.4
E1_model5_M12	3	62	4861.4	18955.4
E1_model5_M12	3	63	4811.23	18589.8
E1_model5_M12	3	64	4804.23	18696.6
E1_model5_M12	3	65	4820.77	18747.6
E1_model5_M12	3	66	4755.94	18552.5
E1_model5_M12	3	67	4756.56	18511.2
E1_model5_M12	3	68	4816.98	18568.5
E1_model5_M12	3	69	4821.73	18753.8
E1_model5_M12	3	70	4788.15	18677.1
E1_model5_M12	3	71	4796.98	18684.0
E1_model5_M12	3	72	4756.73	18707.0
E1_model5_M12	3	73	4833.11	18818.7
E1_model5_M12	3	74	4736.11	18476.5
E1_model5_M12	3	75	4794.19	18678.9
E1_model5_M12	3	76	4775.73	18544.3
E1_model5_M12	3	77	4764.69	18482.4
E1_model5_M12	3	78	4749.69	18526.9
E1_model5_M12	3	79	4772.52	18592.0
E1_model5_M12	3	80	4860.78	18766.0
E1_model5_M12	3	81	4724.6	18377.0
E1_model5_M12	3	82	4814.69	18818.0
E1_model5_M12	3	83	4759.27	18539.9
E1_model5_M12	3	84	4819.65	18831.2
E1_model5_M12	3	85	4967.78	19140.3
E1_model5_M12	3	86	4760.65	18560.4
E1_model5_M12	3	87	4743.9	18508.7
E1_model5_M12	3	88	4809.73	18612.3
E1_model5_M12	3	89	4766.81	18603.5
E1_model5_M12	3	90	4792.77	18578.5
E1_model5_M12	3	91	4879.07	18733.2
E1_model5_M12	3	92	4826.48	18791.2
E1_model5_M12	3	93	4851.57	18765.9
E1_model5_M12	3	94	4829.86	18825.5
E1_model5_M12	3	95	4734.06	18558.8
E1_model5_M12	3	96	4784.23	18475.8
E1_model5_M12	3	97	4772.73	18548.9
E1_model5_M12	3	98	4835.98	18709.1
E1_model5_M12	3	99	4860.61	18885.7
E1_model5_M12	4	0	4762.61	18548.5
E1_model5_M12	4	1	4817.98	18612.6
E1_model5_M12	4	2	4826.11	18744.3
E1_model5_M12	4	3	4774.15	18602.0
E1_model5_M12	4	4	4842.77	18886.4
E1_model5_M12	4	5	4789.44	18676.4
E1_model5_M12	4	6	4838.73	18502.4
E1_model5_M12	4	7	4812.02	18711.7
E1_model5_M12	4	8	4889.36	18854.8
E1_model5_M12	4	9	4791.82	18620.6
E1_model5_M12	4	10	4786.36	18570.3
E1_model5_M12	4	11	4777.69	18628.6
E1_model5_M12	4	12	4728.98	18395.2
E1_model5_M12	4	13	4764.86	18562.1
E1_model5_M12	4	14	4814.15	18849.3
E1_model5_M12	4	15	6448.28	19864.7
E1_model5_M12	4	16	12016.7	21450.2
E1_model5_M12	4	17	4882.86	18969.4
E1_model5_M12	4	18	4760.11	18479.7
E1_model5_M12	4	19	4860.61	18911.3
E1_model5_M12	4	20	4837.11	18766.2
E1_model5_M12	4	21	4760.15	18684.9
E1_model5_M12	4	22	4763.86	18594.4
E1_model5_M12	4	23	4838.44	18855.1
E1_model5_M12	4	24	4812.11	18838.4
E1_model5_M12	4	25	4874.36	18866.1
E1_model5_M12	4	26	4912.99	18954.0
E1_model5_M12	4	27	4838.57	18715.2
E1_model5_M12	4	28	4829.52	18715.4
E1_model5_M12	4	29	4923.15	19223.8
E1_model5_M12	4	30	4924.07	19241.3
E1_model5_M12	4	31	4840.44	18724.0
E1_model5_M12	4	32	4794.9	18786.1
E1_model5_M12	4	33	4884.73	18867.3
E1_model5_M12	4	34	4906.49	19007.6
E1_model5_M12	4	35	4896.11	18991.0
E1_model5_M12	4	36	4912.07	19177.5
E1_model5_M12	4	37	5040.74	19140.5
E1_model5_M12	4	38	5427.25	18920.8
E1_model5_M12	4	39	4888.86	19017.9
E1_model5_M12	4	40	4850.98	18892.4
E1_model5_M12	4	41	4819.36	18750.0
E1_model5_M12	4	42	4713.44	18494.5
E1_model5_M12	4	43	4830.73	18805.9
E1_model5_M12	4	44	4811.48	18769.7
E1_model5_M12	4	45	4788.32	18706.1
E1_model5_M12	4	46	4769.65	18551.5
E1_model5_M12	4	47	4711.15	18521.5
E1_model5_M12	4	48	4814.48	18711.1
E1_model5_M12	4	49	4797.02	18848.5
E1_model5_M12	4	50	4751.9	18596.4
E1_model5_M12	4	51	4743.31	18537.0
E1_model5_M12	4	52	4764.06	18720.1
E1_model5_M12	4	53	4823.02	18733.5
E1_model5_M12	4	54	4791.69	18678.5
E1_model5_M12	4	55	5164.99	19341.8
E1_model5_M12	4	56	7686.53	21523.6
E1_model5_M12	4	57	4855.36	18894.8
E1_model5_M12	4	58	4833.11	18827.8
E1_model5_M12	4	59	4726.73	18487.0
E1_model5_M12	4	60	4811.82	18791.2
E1_model5_M12	4	61	4756.06	18570.1
E1_model5_M12	4	62	4910.49	19095.8
E1_model5_M12	4	63	4816.98	18763.6
E1_model5_M12	4	64	4733.56	18630.0
E1_model5_M12	4	65	4854.57	18876.2
E1_model5_M12	4	66	4754.52	18620.3
E1_model5_M12	4	67	4829.65	18790.1
E1_model5_M12	4	68	4834.53	18834.9
E1_model5_M12	4	69	4810.69	18784.5
E1_model5_M12	4	70	4846.65	18813.1
E1_model5_M12	4	71	4838.73	18811.0
E1_model5_M12	4	72	4886.36	19050.5
E1_model5_M12	4	73	4770.56	18654.7
E1_model5_M12	4	74	4764.23	18541.4
E1_model5_M12	4	75	4824.15	18727.2
E1_model5_M12	4	76	4828.19	18846.8
E1_model5_M12	4	77	4834.57	18878.5
E1_model5_M12	4	78	4801.02	18825.1
E1_model5_M12	4	79	4847.27	18769.4
E1_model5_M12	4	80	4869.53	19005.1
E1_model5_M12	4	81	4822.9	18792.4
E1_model5_M12	4	82	4734.69	18539.8
E1_model5_M12	4	83	4777.02	18745.0
E1_model5_M12	4	84	4842.86	18817.2
E1_model5_M12	4	85	4753.9	18636.4
E1_model5_M12	4	86	4837.11	18760.4
E1_model5_M12	4	87	4914.49	18984.4
E1_model5_M12	4	88	4887.73	18779.4
E1_model5_M12	4	89	4883.11	18947.6
E1_model5_M12	4	90	4907.44	19072.2
E1_model5_M12	4	91	4905.57	19012.9
E1_model5_M12	4	92	4901.69	19051.8
E1_model5_M12	4	93	4857.28	18938.5
E1_model5_M12	4	94	4810.94	18781.4
E1_model5_M12	4	95	4791.23	18733.5
E1_model5_M12	4	96	4843.65	18793.1
E1_model5_M12	4	97	4882.32	19036.0
E1_model5_M12	4	98	4804.82	18842.6
E1_model5_M12	4	99	4724.98	18481.9
E2c_model5_M12	0	0	3638.49	13985.6
E2c_model5_M12	0	1	3707.53	14084.2
E2c_model5_M12	0	2	3639.11	13958.2
E2c_model5_M12	0	3	3686.78	13955.2
E2c_model5_M12	0	4	3684.78	13931.0
E2c_model5_M12	0	5	3661.2	13979.2
E2c_model5_M12	0	6	3645.45	14008.3
E2c_model5_M12	0	7	3656.95	13931.5
E2c_model5_M12	0	8	3647.82	14097.7
E2c_model5_M12	0	9	3638.57	13905.8
E2c_model5_M12	0	10	3654.61	13907.3
E2c_model5_M12	0	11	3587.65	13840.8
E2c_model5_M12	0	12	3642.65	13961.1
E2c_model5_M12	0	13	3632.45	13781.2
E2c_model5_M12	0	14	3590.95	13770.9
E2c_model5_M12	0	15	3579.86	13713.5
E2c_model5_M12	0	16	3558.4	13637.7
E2c_model5_M12	0	17	3632.03	13850.8
E2c_model5_M12	0	18	3604.28	13951.0
E2c_model5_M12	0	19	3696.95	13875.8
E2c_model5_M12	0	20	3653.16	13851.5
E2c_model5_M12	0	21	3618.28	13791.3
E2c_model5_M12	0	22	3616.99	13769.2
E2c_model5_M12	0	23	3651.95	14024.1
E2c_model5_M12	0	24	3621.74	13861.4
E2c_model5_M12	0	25	3635.11	13939.4
E2c_model5_M12	0	26	3672.82	14016.5
E2c_model5_M12	0	27	3618.7	13903.2
E2c_model5_M12	0	28	3704.03	14308.0
E2c_model5_M12	0	29	3658.16	13934.1
E2c_model5_M12	0	30	3674.49	14106.1
E2c_model5_M12	0	31	3629.91	14003.6
E2c_model5_M12	0	32	3720.16	14133.9
E2c_model5_M12	0	33	3656.11	13949.9
E2c_model5_M12	0	34	3669.28	14142.8
E2c_model5_M12	0	35	3694.16	14149.8
E2c_model5_M12	0	36	3666.57	14182.1
E2c_model5_M12	0	37	3652.2	14089.8
E2c_model5_M12	0	38	3691.07	14058.7
E2c_model5_M12	0	39	3646.66	14001.2
E2c_model5_M12	0	40	3687.61	14211.8
E2c_model5_M12	0	41	3659.36	14141.8
E2c_model5_M12	0	42	3614.45	13923.8
E2c_model5_M12	0	43	3639.65	13963.9
E2c_model5_M12	0	44	3672.36	14087.3
E2c_model5_M12	0	45	3666.49	13979.7
E2c_model5_M12	0	46	3625.61	13914.5
E2c_model5_M12	0	47	3652.11	14116.4
E2c_model5_M12	0	48	3679.32	14182.3
E2c_model5_M12	0	49	3596.53	14013.7
E2c_model5_M12	0	50	3637.32	14028.2
E2c_model5_M12	0	51	3655.99	14015.0
E2c_model5_M12	0	52	3650.32	14181.8
E2c_model5_M12	0	53	3656.16	14015.5
E2c_model5_M12	0	54	3655.07	14149.8
E2c_model5_M12	0	55	3641.49	13960.5
E2c_model5_M12	0	56	3656.28	14070.6
E2c_model5_M12	0	57	3611.03	13937.8
E2c_model5_M12	0	58	3687.16	14186.0
E2c_model5_M12	0	59	3633.78	13938.6
E2c_model5_M12	0	60	3666.74	14173.4
E2c_model5_M12	0	61	3643.91	13973.2
E2c_model5_M12	0	62	3629.95	14030.9
E2c_model5_M12	0	63	3695.91	14126.1
E2c_model5_M12	0	64	3642.66	14066.6
E2c_model5_M12	0	65	3644.86	13968.5
E2c_model5_M12	0	66	3636.99	13958.9
E2c_model5_M12	0	67	3750.7	14421.2
E2c_model5_M12	0	68	3689.24	14038.5
E2c_model5_M12	0	69	3725.53	14304.6
E2c_model5_M12	0	70	3655.61	14031.1
E2c_model5_M12	0	71	3612.78	13967.3
E2c_model5_M12	0	72	3668.74	14188.3
E2c_model5_M12	0	73	3612.32	13986.8
E2c_model5_M12	0	74	3601.99	14062.8
E2c_model5_M12	0	75	3614.15	13835.3
E2c_model5_M12	0	76	3598.11	13936.7
E2c_model5_M12	0	77	3648.99	14067.5
E2c_model5_M12	0	78	3688.07	14050.3
E2c_model5_M12	0	79	3625.45	13850.5
E2c_model5_M12	0	80	3698.61	14026.0
E2c_model5_M12	0	81	3589.57	13760.8
E2c_model5_M12	0	82	3589.32	13685.7
E2c_model5_M12	0	83	3585.4	13745.4
E2c_model5_M12	0	84	3579.28	13759.0
E2c_model5_M12	0	85	3588.4	13760.9
E2c_model5_M12	0	86	3576.49	13791.3
E2c_model5_M12	0	87	3647.49	13946.0
E2c_model5_M12	0	88	3655.53	13886.1
E2c_model5_M12	0	89	3659.2	14106.7
E2c_model5_M12	0	90	3637.74	13944.2
E2c_model5_M12	0	91	3661.36	14033.7
E2c_model5_M12	0	92	3659.41	14019.1
E2c_model5_M12	0	93	3649.28	13973.9
E2c_model5_M12	0	94	3658.11	14011.0
E2c_model5_M12	0	95	3716.99	14035.8
E2c_model5_M12	0	96	3646.07	13990.9
E2c_model5_M12	0	97	3644.07	14014.8
E2c_model5_M12	0	98	3633.65	13960.2
E2c_model5_M12	0	99	3677.95	14241.1
E2c_model5_M12	1	0	3638.86	14008.4
E2c_model5_M12	1	1	3706.32	14185.5
E2c_model5_M12	1	2	3623.2	14064.0
E2c_model5_M12	1	3	3654.99	14050.6
E2c_model5_M12	1	4	3666.07	14043.0
E2c_model5_M12	1	5	3728.2	14417.1
E2c_model5_M12	1	6	3677.53	14159.0
E2c_model5_M12	1	7	3665.16	14051.5
E2c_model5_M12	1	8	3709.16	14249.4
E2c_model5_M12	1	9	3630.49	13962.4
E2c_model5_M12	1	10	3679.86	14138.0
E2c_model5_M12	1	11	3672.57	14061.9
E2c_model5_M12	1	12	3619.32	14020.2
E2c_model5_M12	1	13	3635.57	13952.6
E2c_model5_M12	1	14	3662.45	14101.7
E2c_model5_M12	1	15	3623.32	13966.0
E2c_model5_M12	1	16	3605.53	13974.2
E2c_model5_M12	1	17	3671.74	14182.5
E2c_model5_M12	1	18	3718.2	14174.6
E2c_model5_M12	1	19	3617.53	13896.6
E2c_model5_M12	1	20	3668.16	14199.4
E2c_model5_M12	1	21	3610.99	13956.1
E2c_model5_M12	1	22	3715.86	14106.6
E2c_model5_M12	1	23	3620.65	13959.1
E2c_model5_M12	1	24	3666.28	14100.5
E2c_model5_M12	1	25	3659.36	14005.2
E2c_model5_M12	1	26	3652.07	14156.8
E2c_model5_M12	1	27	3666.86	14263.3
E2c_model5_M12	1	28	3656.91	14103.9
E2c_model5_M12	1	29	3659.99	14040.6
E2c_model5_M12	1	30	3626.82	14012.0
E2c_model5_M12	1	31	3647.45	14058.2
E2c_model5_M12	1	32	3733.91	14366.8
E2c_model5_M12	1	33	3669.11	14201.7
E2c_model5_M12	1	34	3662.61	14139.7
E2c_model5_M12	1	35	3650.32	14132.0
E2c_model5_M12	1	36	3621.7	13862.4
E2c_model5_M12	1	37	3664.86	14046.7
E2c_model5_M12	1	38	3641.78	14187.1
E2c_model5_M12	1	39	3600.57	13878.9
E2c_model5_M12	1	40	3654.99	13873.1
E2c_model5_M12	1	41	3675.11	14160.0
E2c_model5_M12	1	42	3657.11	13884.7
E2c_model5_M12	1	43	3649.53	13898.7
E2c_model5_M12	1	44	3578.65	13758.7
E2c_model5_M12	1	45	3584.07	13776.8
E2c_model5_M12	1	46	3587.28	13899.6
E2c_model5_M12	1	47	3587.74	13767.5
E2c_model5_M12	1	48	3586.82	13717.0
E2c_model5_M12	1	49	3603.2	13797.0
E2c_model5_M12	1	50	3537.9	13665.5
E2c_model5_M12	1	51	3599.28	13883.2
E2c_model5_M12	1	52	3650.2	13853.3
E2c_model5_M12	1	53	3662.78	13903.6
E2c_model5_M12	1	54	3614.65	14000.1
E2c_model5_M12	1	55	3686.36	14003.6
E2c_model5_M12	1	56	3619.07	13856.2
E2c_model5_M12	1	57	3584.24	13774.4
E2c_model5_M12	1	58	3637.11	13972.8
E2c_model5_M12	1	59	3639.9	13960.7
E2c_model5_M12	1	60	3621.07	13972.7
E2c_model5_M12	1	61	3632.57	13968.3
E2c_model5_M12	1	62	3691.45	14103.6
E2c_model5_M12	1	63	3652.91	14131.1
E2c_model5_M12	1	64	3671.66	14048.4
E2c_model5_M12	1	65	3661.99	14113.6
E2c_model5_M12	1	66	3654.7	14000.7
E2c_model5_M12	1	67	3651.2	14061.3
E2c_model5_M12	1	68	3668.53	14160.5
E2c_model5_M12	1	69	3640.57	13942.0
E2c_model5_M12	1	70	3626.7	13902.4
E2c_model5_M12	1	71	3656.57	14032.9
E2c_model5_M12	1	72	3616.82	14012.1
E2c_model5_M12	1	73	3691.28	14211.4
E2c_model5_M12	1	74	3679.49	14179.7
E2c_model5_M12	1	75	3674.99	14109.2
E2c_model5_M12	1	76	3636.57	14064.5
E2c_model5_M12	1	77	3633.66	14006.2
E2c_model5_M12	1	78	3708.24	14263.5
E2c_model5_M12	1	79	3642.7	14071.8
E2c_model5_M12	1	80	3663.16	13997.4
E2c_model5_M12	1	81	3650.03	14086.2
E2c_model5_M12	1	82	3683.82	14136.1
E2c_model5_M12	1	83	3708.28	14004.8
E2c_model5_M12	1	84	3632.86	14033.9
E2c_model5_M12	1	85	3759.74	14361.9
E2c_model5_M12	1	86	3650.57	14025.2
E2c_model5_M12	1	87	3675.07	14204.6
E2c_model5_M12	1	88	3625.4	13950.0
E2c_model5_M12	1	89	3669.53	14035.4
E2c_model5_M12	1	90	4744.98	15250.3
E2c_model5_M12	1	91	5466.38	15984.6
E2c_model5_M12	1	92	3618.99	14111.3
E2c_model5_M12	1	93	3598.78	13942.5
E2c_model5_M12	1	94	3640.65	14086.8
E2c_model5_M12	1	95	3686.82	14158.5
E2c_model5_M12	1	96	3635.28	14052.0
E2c_model5_M12	1	97	3711.45	14366.0
E2c_model5_M12	1	98	3675.49	14124.0
E2c_model5_M12	1	99	3626.86	13921.1
E2c_model5_M12	2	0	3656.03	13968.9
E2c_model5_M12	2	1	3788.91	14683.4
E2c_model5_M12	2	2	3668.7	14210.6
E2c_model5_M12	2	3	3669.03	14017.9
E2c_model5_M12	2	4	3664.28	14028.0
E2c_model5_M12	2	5	3672.32	14218.8
E2c_model5_M12	2	6	3637.15	13974.3
E2c_model5_M12	2	7	3670.32	14076.6
E2c_model5_M12	2	8	3639.24	13988.0
E2c_model5_M12	2	9	3671.78	14043.5
E2c_model5_M12	2	10	3669.91	14211.9
E2c_model5_M12	2	11	3730.82	14216.6
E2c_model5_M12	2	12	3647.36	14017.1
E2c_model5_M12	2	13	3609.7	14075.8
E2c_model5_M12	2	14	3708.53	14232.0
E2c_model5_M12	2	15	3654.7	13979.7
E2c_model5_M12	2	16	3635.2	13978.2
E2c_model5_M12	2	17	3601.9	13884.8
E2c_model5_M12	2	18	3683.57	14263.5
E2c_model5_M12	2	19	3663.24	14142.5
E2c_model5_M12	2	20	3644.99	13971.9
E2c_model5_M12	2	21	3589.65	13828.0
E2c_model5_M12	2	22	3655.41	14023.2
E2c_model5_M12	2	23	3658.16	13925.3
E2c_model5_M12	2	24	3625.82	13901.5
E2c_model5_M12	2	25	3579.9	13785.8
E2c_model5_M12	2	26	3710.24	14104.0
E2c_model5_M12	2	27	3585.86	13921.2
E2c_model5_M12	2	28	3633.03	14007.8
E2c_model5_M12	2	29	3659.2	13648.9
E2c_model5_M12	2	30	3651.66	13947.6
E2c_model5_M12	2	31	3620.7	13942.5
E2c_model5_M12	2	32	3588.4	13890.9
E2c_model5_M12	2	33	3594.2	13700.1
E2c_model5_M12	2	34	3562.69	13753.7
E2c_model5_M12	2	35	3619.65	13765.3
E2c_model5_M12	2	36	3684.11	14065.8
E2c_model5_M12	2	37	3560.44	13666.6
E2c_model5_M12	2	38	3674.66	13910.5
E2c_model5_M12	2	39	3669.57	13896.7
E2c_model5_M12	2	40	3649.74	14005.8
E2c_model5_M12	2	41	3626.82	14104.8
E2c_model5_M12	2	42	3671.61	14180.0
E2c_model5_M12	2	43	3648.32	14012.4
E2c_model5_M12	2	44	3633.7	14007.7
E2c_model5_M12	2	45	3665.32	14050.9
E2c_model5_M12	2	46	3663.41	14042.8
E2c_model5_M12	2	47	3681.24	14153.2
E2c_model5_M12	2	48	3655.82	14083.4
E2c_model5_M12	2	49	3649.78	14173.2
E2c_model5_M12	2	50	3679.57	14220.3
E2c_model5_M12	2	51	3699.49	14183.0
E2c_model5_M12	2	52	3618.74	13864.0
E2c_model5_M12	2	53	3628.32	14049.5
E2c_model5_M12	2	54	3685.66	14192.8
E2c_model5_M12	2	55	3681.78	14209.4
E2c_model5_M12	2	56	3673.07	14051.0
E2c_model5_M12	2	57	3635.7	13983.9
E2c_model5_M12	2	58	3652.86	13985.1
E2c_model5_M12	2	59	3672.57	14072.3
E2c_model5_M12	2	60	3683.82	14042.6
E2c_model5_M12	2	61	3653.24	14227.2
E2c_model5_M12	2	62	3655.11	14047.4
E2c_model5_M12	2	63	3695.36	14048.0
E2c_model5_M12	2	64	3615.36	13976.5
E2c_model5_M12	2	65	3638.36	14016.8
E2c_model5_M12	2	66	3689.32	14230.3
E2c_model5_M12	2	67	3667.53	14081.0
E2c_model5_M12	2	68	3643.78	14087.8
E2c_model5_M12	2	69	3599.99	13979.0
E2c_model5_M12	2	70	3653.41	14052.1
E2c_model5_M12	2	71	3699.53	14356.2
E2c_model5_M12	2	72	3707.82	14236.9
E2c_model5_M12	2	73	3661.24	14073.3
E2c_model5_M12	2	74	3660.53	14026.2
E2c_model5_M12	2	75	3709.03	14038.0
E2c_model5_M12	2	76	3697.7	14067.2
E2c_model5_M12	2	77	3636.7	13925.0
E2c_model5_M12	2	78	3632.66	13943.8
E2c_model5_M12	2	79	3656.57	14058.0
E2c_model5_M12	2	80	3630.15	13960.5
E2c_model5_M12	2	81	3649.7	13977.4
E2c_model5_M12	2	82	3650.24	14172.5
E2c_model5_M12	2	83	3660.66	14062.0
E2c_model5_M12	2	84	3650.16	14024.7
E2c_model5_M12	2	85	3651.78	14015.4
E2c_model5_M12	2	86	3691.07	14290.1
E2c_model5_M12	2	87	3681.7	14184.8
E2c_model5_M12	2	88	3721.95	14273.0
E2c_model5_M12	2	89	3624.61	13956.6
E2c_model5_M12	2	90	3589.24	13887.2
E2c_model5_M12	2	91	3610.7	13922.2
E2c_model5_M12	2	92	3636.7	14057.9
E2c_model5_M12	2	93	3615.36	13690.4
E2c_model5_M12	2	94	3663.95	14012.1
E2c_model5_M12	2	95	3582.57	13756.2
E2c_model5_M12	2	96	3590.61	13770.1
E2c_model5_M12	2	97	3582.36	13854.2
E2c_model5_M12	2	98	3582.15	13716.8
E2c_model5_M12	2	99	3573.53	13708.7
E2c_model5_M12	3	0	3657.95	13923.0
E2c_model5_M12	3	1	3599.32	13770.0
E2c_model5_M12	3	2	3680.66	13936.4
E2c_model5_M12	3	3	3648.32	13932.5
E2c_model5_M12	3	4	3612.49	13788.8
E2c_model5_M12	3	5	3643.78	13822.9
E2c_model5_M12	3	6	3658.03	14128.1
E2c_model5_M12	3	7	3656.82	14052.0
E2c_model5_M12	3	8	3679.11	14209.0
E2c_model5_M12	3	9	3693.03	14224.3
E2c_model5_M12	3	10	3640.61	13955.0
E2c_model5_M12	3	11	3667.11	14172.0
E2c_model5_M12	3	12	3657.28	14187.5
E2c_model5_M12	3	13	3691.32	14199.7
E2c_model5_M12	3	14	3643.61	14078.5
E2c_model5_M12	3	15	3628.82	13913.0
E2c_model5_M12	3	16	3643.66	13954.8
E2c_model5_M12	3	17	3657.45	14199.0
E2c_model5_M12	3	18	3720.28	14160.7
E2c_model5_M12	3	19	3651.11	13985.4
E2c_model5_M12	3	20	3669.78	14104.2
E2c_model5_M12	3	21	3697.28	14191.4
E2c_model5_M12	3	22	3680.86	14111.3
E2c_model5_M12	3	23	3643.7	14045.7
E2c_model5_M12	3	24	3717.16	14126.5
E2c_model5_M12	3	25	3658.28	14016.7
E2c_model5_M12	3	26	3645.11	13945.8
E2c_model5_M12	3	27	3672.61	14023.5
E2c_model5_M12	3	28	3652.61	14119.5
E2c_model5_M12	3	29	3647.78	14085.3
E2c_model5_M12	3	30	3619.36	14053.9
E2c_model5_M12	3	31	3663.86	14122.2
E2c_model5_M12	3	32	3690.74	14257.4
E2c_model5_M12	3	33	3645.57	14170.7
E2c_model5_M12	3	34	3642.36	13959.8
E2c_model5_M12	3	35	3615.45	13995.9
E2c_model5_M12	3	36	3650.61	14041.3
E2c_model5_M12	3	37	3667.45	14047.7
E2c_model5_M12	3	38	3713.32	14173.2
E2c_model5_M12	3	39	3693.82	14224.5
E2c_model5_M12	3	40	3700.95	14330.8
E2c_model5_M12	3	41	3657.45	14083.3
E2c_model5_M12	3	42	3681.45	14119.2
E2c_model5_M12	3	43	3679.2	13997.2
E2c_model5_M12	3	44	3604.2	13898.4
E2c_model5_M12	3	45	3671.66	14136.9
E2c_model5_M12	3	46	3616.53	14141.4
E2c_model5_M12	3	47	3652.36	14070.0
E2c_model5_M12	3	48	3668.91	14083.7
E2c_model5_M12	3	49	3640.16	13959.9
E2c_model5_M12	3	50	3671.91	14136.3
E2c_model5_M12	3	51	3651.7	14055.0
E2c_model5_M12	3	52	3628.15	14009.8
E2c_model5_M12	3	53	3666.91	14053.3
E2c_model5_M12	3	54	3656.28	13945.5
E2c_model5_M12	3	55	3627.74	14020.2
E2c_model5_M12	3	56	3692.99	14023.0
E2c_model5_M12	3	57	3609.74	13820.7
E2c_model5_M12	3	58	3653.7	14176.3
E2c_model5_M12	3	59	3646.2	14087.8
E2c_model5_M12	3	60	3595.2	13961.5
E2c_model5_M12	3	61	3541.99	13691.4
E2c_model5_M12	3	62	3672.16	13810.5
E2c_model5_M12	3	63	3632.36	13735.5
E2c_model5_M12	3	64	3644.78	13754.8
E2c_model5_M12	3	65	3685.2	13925.9
E2c_model5_M12	3	66	3650.36	13932.6
E2c_model5_M12	3	67	3667.82	14060.8
E2c_model5_M12	3	68	3629.03	13906.5
E2c_model5_M12	3	69	3592.2	13821.4
E2c_model5_M12	3	70	3671.86	14015.2
E2c_model5_M12	3	71	3671.82	14055.8
E2c_model5_M12	3	72	3638.11	14072.7
E2c_model5_M12	3	73	3657.7	14106.6
E2c_model5_M12	3	74	3651.41	14027.0
E2c_model5_M12	3	75	3653.07	14086.1
E2c_model5_M12	3	76	3661.74	14043.7
E2c_model5_M12	3	77	3637.16	13950.1
E2c_model5_M12	3	78	3656.61	14044.6
E2c_model5_M12	3	79	3655.2	14146.4
E2c_model5_M12	3	80	3671.78	14209.9
E2c_model5_M12	3	81	3647.65	14045.3
E2c_model5_M12	3	82	3643.95	14033.0
E2c_model5_M12	3	83	3620.28	13900.7
E2c_model5_M12	3	84	3638.95	14085.9
E2c_model5_M12	3	85	3819.45	14151.1
E2c_model5_M12	3	86	3785.2	14433.6
E2c_model5_M12	3	87	3820.7	14514.8
E2c_model5_M12	3	88	3820.79	14307.3
E2c_model5_M12	3	89	3745.62	14386.2
E2c_model5_M12	3	90	3651.16	14096.0
E2c_model5_M12	3	91	3656.91	14077.3
E2c_model5_M12	3	92	3697.03	14104.0
E2c_model5_M12	3	93	3651.53	14002.2
E2c_model5_M12	3	94	3634.28	14058.3
E2c_model5_M12	3	95	3662.16	14066.9
E2c_model5_M12	3	96	3639.61	13948.3
E2c_model5_M12	3	97	3641.15	14057.8
E2c_model5_M12	3	98	3642.57	13941.5
E2c_model5_M12	3	99	3704.24	14134.2
E2c_model5_M12	4	0	3643.07	13965.2
E2c_model5_M12	4	1	3678.24	14258.0
E2c_model5_M12	4	2	3637.15	13971.4
E2c_model5_M12	4	3	3625.9	13992.8
E2c_model5_M12	4	4	3641.45	14066.2
E2c_model5_M12	4	5	3680.32	14018.3
E2c_model5_M12	4	6	3657.28	14034.6
E2c_model5_M12	4	7	3632.03	13906.2
E2c_model5_M12	4	8	3669.16	14089.4
E2c_model5_M12	4	9	3570.28	13849.8
E2c_model5_M12	4	10	3619.74	13911.9
E2c_model5_M12	4	11	3555.4	13724.8
E2c_model5_M12	4	12	3630.49	14065.3
E2c_model5_M12	4	13	3590.32	13775.7
E2c_model5_M12	4	14	3640.32	13814.8
E2c_model5_M12	4	15	3707.91	13846.9
E2c_model5_M12	4	16	3630.86	13824.8
E2c_model5_M12	4	17	3636.49	14004.5
E2c_model5_M12	4	18	3643.07	13945.2
E2c_model5_M12	4	19	3679.7	14188.5
E2c_model5_M12	4	20	3608.82	13842.8
E2c_model5_M12	4	21	3665.36	14150.7
E2c_model5_M12	4	22	3656.82	14006.0
E2c_model5_M12	4	23	3730.37	14178.0
E2c_model5_M12	4	24	3657.53	13979.5
E2c_model5_M12	4	25	3637.99	13995.5
E2c_model5_M12	4	26	3649.74	14030.5
E2c_model5_M12	4	27	3653.57	14148.3
E2c_model5_M12	4	28	3714.24	14183.1
E2c_model5_M12	4	29	3687.66	14070.8
E2c_model5_M12	4	30	3640.99	14045.4
E2c_model5_M12	4	31	3661.11	14100.8
E2c_model5_M12	4	32	3669.53	14046.0
E2c_model5_M12	4	33	3735.66	14338.2
E2c_model5_M12	4	34	3662.36	14031.0
E2c_model5_M12	4	35	3747.45	14304.6
E2c_model5_M12	4	36	3704.99	14133.5
E2c_model5_M12	4	37	3661.41	14097.3
E2c_model5_M12	4	38	3615.61	13970.3
E2c_model5_M12	4	39	3675.57	14122.5
E2c_model5_M12	4	40	3685.82	14306.4
E2c_model5_M12	4	41	3655.16	14003.0
E2c_model5_M12	4	42	3657.03	14100.2
E2c_model5_M12	4	43	3690.03	14157.4
E2c_model5_M12	4	44	3639.57	14082.3
E2c_model5_M12	4	45	3711.07	14134.7
E2c_model5_M12	4	46	3658.86	14170.5
E2c_model5_M12	4	47	3633.32	13983.5
E2c_model5_M12	4	48	3653.82	13987.6
E2c_model5_M12	4	49	3690.74	14186.5
E2c_model5_M12	4	50	3665.61	14062.0
E2c_model5_M12	4	51	3697.57	14384.7
E2c_model5_M12	4	52	3614.86	14019.7
E2c_model5_M12	4	53	3658.16	14052.5
E2c_model5_M12	4	54	3683.82	14293.4
E2c_model5_M12	4	55	3672.7	14049.7
E2c_model5_M12	4	56	3659.99	14132.9
E2c_model5_M12	4	57	3655.36	14019.8
E2c_model5_M12	4	58	3647.45	14010.5
E2c_model5_M12	4	59	3691.32	14135.9
E2c_model5_M12	4	60	3617.57	13882.3
E2c_model5_M12	4	61	3625.4	13988.7
E2c_model5_M12	4	62	3644.99	13953.3
E2c_model5_M12	4	63	3640.7	13939.7
E2c_model5_M12	4	64	3622.82	13895.8
E2c_model5_M12	4	65	3651.32	14148.7
E2c_model5_M12	4	66	3611.49	13894.0
E2c_model5_M12	4	67	3670.86	14027.5
E2c_model5_M12	4	68	3696.78	14076.7
E2c_model5_M12	4	69	3563.36	13751.0
E2c_model5_M12	4	70	3579.36	13774.9
E2c_model5_M12	4	71	3581.4	13899.5
E2c_model5_M12	4	72	3593.24	13937.1
E2c_model5_M12	4	73	3541.32	13698.1
E2c_model5_M12	4	74	3580.78	13761.8
E2c_model5_M12	4	75	3570.24	13743.1
E2c_model5_M12	4	76	3586.57	13831.2
E2c_model5_M12	4	77	3670.32	13894.9
E2c_model5_M12	4	78	3684.95	14341.3
E2c_model5_M12	4	79	3732.07	14361.2
E2c_model5_M12	4	80	3647.74	14019.1
E2c_model5_M12	4	81	3631.65	13913.2
E2c_model5_M12	4	82	3626.32	13919.0
E2c_model5_M12	4	83	3680.61	14089.8
E2c_model5_M12	4	84	3675.61	14094.3
E2c_model5_M12	4	85	3655.41	14165.6
E2c_model5_M12	4	86	3713.24	14247.3
E2c_model5_M12	4	87	3644.11	14002.0
E2c_model5_M12	4	88	3660.78	14028.1
E2c_model5_M12	4	89	3683.41	14103.6
E2c_model5_M12	4	90	3663.86	14045.5
E2c_model5_M12	4	91	3686.2	14208.1
E2c_model5_M12	4	92	3669.45	14207.4
E2c_model5_M12	4	93	3671.66	14182.8
E2c_model5_M12	4	94	3692.99	14267.2
E2c_model5_M12	4	95	3678.99	14279.6
E2c_model5_M12	4	96	3658.28	14003.8
E2c_model5_M12	4	97	3638.2	13939.5
E2c_model5_M12	4	98	3659.61	14026.4
E2c_model5_M12	4	99	3653.53	14081.6
E1_slice_M12	0	0	26809.8	101554.0
E1_slice_M12	0	1	26993.7	101824.0
E1_slice_M12	0	2	27041.0	101869.0
E1_slice_M12	0	3	26910.4	101332.0
E1_slice_M12	0	4	26836.5	101379.0
E1_slice_M12	0	5	27097.5	101732.0
E1_slice_M12	0	6	26982.2	101824.0
E1_slice_M12	0	7	26847.6	101537.0
E1_slice_M12	0	8	26900.7	101553.0
E1_slice_M12	0	9	26810.5	101572.0
E1_slice_M12	0	10	26860.0	101478.0
E1_slice_M12	0	11	26868.5	101522.0
E1_slice_M12	0	12	26865.8	101275.0
E1_slice_M12	0	13	27016.4	102205.0
E1_slice_M12	0	14	26839.5	101552.0
E1_slice_M12	0	15	27024.4	101654.0
E1_slice_M12	0	16	26667.5	100888.0
E1_slice_M12	0	17	27032.0	101773.0
E1_slice_M12	0	18	26929.1	101656.0
E1_slice_M12	0	19	26836.2	101066.0
E1_slice_M12	0	20	27025.6	101907.0
E1_slice_M12	0	21	26924.5	101666.0
E1_slice_M12	0	22	26893.4	101659.0
E1_slice_M12	0	23	26909.4	101714.0
E1_slice_M12	0	24	27079.5	101795.0
E1_slice_M12	0	25	26955.8	101421.0
E1_slice_M12	0	26	27182.3	102199.0
E1_slice_M12	0	27	26899.8	101584.0
E1_slice_M12	0	28	26844.9	101385.0
E1_slice_M12	0	29	26853.9	101551.0
E1_slice_M12	0	30	27030.7	101694.0
E1_slice_M12	0	31	27011.8	101980.0
E1_slice_M12	0	32	27023.2	101934.0
E1_slice_M12	0	33	26961.7	101901.0
E1_slice_M12	0	34	26952.6	101655.0
E1_slice_M12	0	35	27018.5	101762.0
E1_slice_M12	0	36	26872.0	101373.0
E1_slice_M12	0	37	26988.4	101274.0
E1_slice_M12	0	38	26831.9	101390.0
E1_slice_M12	0	39	26934.1	101564.0
E1_slice_M12	0	40	26907.5	101548.0
E1_slice_M12	0	41	26826.5	101454.0
E1_slice_M12	0	42	27083.5	102159.0
E1_slice_M12	0	43	26825.2	101509.0
E1_slice_M12	0	44	27025.9	101898.0
E1_slice_M12	0	45	26987.8	101694.0
E1_slice_M12	0	46	26834.8	101650.0
E1_slice_M12	0	47	26884.5	101417.0
E1_slice_M12	0	48	26868.4	101535.0
E1_slice_M12	0	49	26851.0	101343.0
E1_slice_M12	0	50	26942.9	101576.0
E1_slice_M12	0	51	26961.2	101913.0
E1_slice_M12	0	52	26900.7	101491.0
E1_slice_M12	0	53	26886.7	101559.0
E1_slice_M12	0	54	26903.7	101571.0
E1_slice_M12	0	55	29289.6	103810.0
E1_slice_M12	0	56	27567.1	102394.0
E1_slice_M12	0	57	26911.9	101453.0
E1_slice_M12	0	58	26909.7	101514.0
E1_slice_M12	0	59	26948.0	102070.0
E1_slice_M12	0	60	26930.0	101835.0
E1_slice_M12	0	61	27007.1	101760.0
E1_slice_M12	0	62	26881.9	101614.0
E1_slice_M12	0	63	27020.5	101612.0
E1_slice_M12	0	64	27422.3	101276.0
E1_slice_M12	0	65	26989.5	101571.0
E1_slice_M12	0	66	26977.1	101538.0
E1_slice_M12	0	67	27030.9	101562.0
E1_slice_M12	0	68	26907.7	101677.0
E1_slice_M12	0	69	26992.9	101964.0
E1_slice_M12	0	70	26916.9	101313.0
E1_slice_M12	0	71	26817.0	101312.0
E1_slice_M12	0	72	26952.8	101781.0
E1_slice_M12	0	73	26910.5	101247.0
E1_slice_M12	0	74	27001.9	101990.0
E1_slice_M12	0	75	26826.2	101463.0
E1_slice_M12	0	76	26899.0	101474.0
E1_slice_M12	0	77	26854.7	101508.0
E1_slice_M12	0	78	27023.5	101920.0
E1_slice_M12	0	79	26990.1	101537.0
E1_slice_M12	0	80	26821.7	101534.0
E1_slice_M12	0	81	30412.3	103772.0
E1_slice_M12	0	82	26927.5	101726.0
E1_slice_M12	0	83	27187.9	102915.0
E1_slice_M12	0	84	27143.0	102338.0
E1_slice_M12	0	85	27297.5	102263.0
E1_slice_M12	0	86	26826.7	101514.0
E1_slice_M12	0	87	26996.2	101772.0
E1_slice_M12	0	88	27047.8	101986.0
E1_slice_M12	0	89	26903.8	101342.0
E1_slice_M12	0	90	26974.0	101511.0
E1_slice_M12	0	91	26969.3	101723.0
E1_slice_M12	0	92	26884.3	101297.0
E1_slice_M12	0	93	26985.2	102070.0
E1_slice_M12	0	94	27039.8	101929.0
E1_slice_M12	0	95	27180.8	102366.0
E1_slice_M12	0	96	26952.7	101662.0
E1_slice_M12	0	97	27006.0	101626.0
E1_slice_M12	0	98	27031.0	101844.0
E1_slice_M12	0	99	26811.6	101243.0
E1_slice_M12	1	0	27107.3	102112.0
E1_slice_M12	1	1	26963.3	101772.0
E1_slice_M12	1	2	26937.2	101634.0
E1_slice_M12	1	3	27135.0	102030.0
E1_slice_M12	1	4	26828.4	101521.0
E1_slice_M12	1	5	26884.0	101567.0
E1_slice_M12	1	6	26886.2	101420.0
E1_slice_M12	1	7	26975.2	101745.0
E1_slice_M12	1	8	26964.3	101826.0
E1_slice_M12	1	9	26823.9	101175.0
E1_slice_M12	1	10	26890.5	101441.0
E1_slice_M12	1	11	26837.9	101378.0
E1_slice_M12	1	12	26941.3	101923.0
E1_slice_M12	1	13	27042.2	101924.0
E1_slice_M12	1	14	26922.1	101562.0
E1_slice_M12	1	15	26962.5	101290.0
E1_slice_M12	1	16	27052.8	101785.0
E1_slice_M12	1	17	26940.7	101430.0
E1_slice_M12	1	18	26998.7	101539.0
E1_slice_M12	1	19	27028.0	101768.0
E1_slice_M12	1	20	26893.1	101572.0
E1_slice_M12	1	21	26814.6	101399.0
E1_slice_M12	1	22	26911.5	101651.0
E1_slice_M12	1	23	26893.7	101606.0
E1_slice_M12	1	24	27023.5	101568.0
E1_slice_M12	1	25	26955.9	101922.0
E1_slice_M12	1	26	27017.1	101758.0
E1_slice_M12	1	27	27051.1	102102.0
E1_slice_M12	1	28	26906.3	101534.0
E1_slice_M12	1	29	29864.9	104896.0
E1_slice_M12	1	30	26882.5	101250.0
E1_slice_M12	1	31	26841.6	101504.0
E1_slice_M12	1	32	26855.0	101312.0
E1_slice_M12	1	33	26975.8	101775.0
E1_slice_M12	1	34	27069.9	101628.0
E1_slice_M12	1	35	26944.5	101655.0
E1_slice_M12	1	36	26964.4	101721.0
E1_slice_M12	1	37	26923.9	101680.0
E1_slice_M12	1	38	26803.2	101280.0
E1_slice_M12	1	39	26847.0	101734.0
E1_slice_M12	1	40	26958.2	101904.0
E1_slice_M12	1	41	26816.8	100982.0
E1_slice_M12	1	42	26926.0	101712.0
E1_slice_M12	1	43	26815.2	101612.0
E1_slice_M12	1	44	26790.0	101098.0
E1_slice_M12	1	45	26913.6	101472.0
E1_slice_M12	1	46	26803.2	101215.0
E1_slice_M12	1	47	26892.3	101626.0
E1_slice_M12	1	48	26883.3	101754.0
E1_slice_M12	1	49	26915.6	101442.0
E1_slice_M12	1	50	26934.0	101384.0
E1_slice_M12	1	51	27100.0	101687.0
E1_slice_M12	1	52	26942.9	101540.0
E1_slice_M12	1	53	26981.0	101701.0
E1_slice_M12	1	54	26937.0	101836.0
E1_slice_M12	1	55	27011.5	101973.0
E1_slice_M12	1	56	26860.5	101372.0
E1_slice_M12	1	57	26905.2	101609.0
E1_slice_M12	1	58	26872.7	101522.0
E1_slice_M12	1	59	27048.2	101937.0
E1_slice_M12	1	60	26923.5	101399.0
E1_slice_M12	1	61	27002.3	101730.0
E1_slice_M12	1	62	26951.2	101724.0
E1_slice_M12	1	63	26782.4	101368.0
E1_slice_M12	1	64	27096.4	102095.0
E1_slice_M12	1	65	26988.5	101608.0
E1_slice_M12	1	66	26918.5	101598.0
E1_slice_M12	1	67	26935.9	101683.0
E1_slice_M12	1	68	26842.5	101531.0
E1_slice_M12	1	69	26792.2	101118.0
E1_slice_M12	1	70	26785.9	101251.0
E1_slice_M12	1	71	26780.2	101571.0
E1_slice_M12	1	72	26944.8	101965.0
E1_slice_M12	1	73	26949.2	102060.0
E1_slice_M12	1	74	26919.4	101527.0
E1_slice_M12	1	75	26896.8	101471.0
E1_slice_M12	1	76	27010.5	101642.0
E1_slice_M12	1	77	26967.7	101581.0
E1_slice_M12	1	78	26866.8	101716.0
E1_slice_M12	1	79	26947.3	101688.0
E1_slice_M12	1	80	26857.2	101339.0
E1_slice_M12	1	81	26990.4	101658.0
E1_slice_M12	1	82	26875.7	101600.0
E1_slice_M12	1	83	26871.7	101804.0
E1_slice_M12	1	84	27288.8	101695.0
E1_slice_M12	1	85	26878.8	101547.0
E1_slice_M12	1	86	27066.7	101799.0
E1_slice_M12	1	87	26888.3	101532.0
E1_slice_M12	1	88	27049.5	102158.0
E1_slice_M12	1	89	26925.6	101394.0
E1_slice_M12	1	90	26840.5	101454.0
E1_slice_M12	1	91	26933.0	101787.0
E1_slice_M12	1	92	26881.4	101390.0
E1_slice_M12	1	93	27004.6	101777.0
E1_slice_M12	1	94	27059.3	101780.0
E1_slice_M12	1	95	26876.9	101484.0
E1_slice_M12	1	96	26870.3	102032.0
E1_slice_M12	1	97	26999.2	102006.0
E1_slice_M12	1	98	26989.3	101775.0
E1_slice_M12	1	99	26917.6	101799.0
E1_slice_M12	2	0	26902.2	101612.0
E1_slice_M12	2	1	27054.7	101766.0
E1_slice_M12	2	2	33916.1	103939.0
E1_slice_M12	2	3	27025.5	101582.0
E1_slice_M12	2	4	27076.5	101957.0
E1_slice_M12	2	5	26880.0	101287.0
E1_slice_M12	2	6	26907.1	101400.0
E1_slice_M12	2	7	26877.1	101398.0
E1_slice_M12	2	8	26854.5	101431.0
E1_slice_M12	2	9	27007.2	101808.0
E1_slice_M12	2	10	26991.0	102185.0
E1_slice_M12	2	11	26959.5	101586.0
E1_slice_M12	2	12	26993.5	101407.0
E1_slice_M12	2	13	26980.0	101680.0
E1_slice_M12	2	14	27034.5	101725.0
E1_slice_M12	2	15	26968.5	101559.0
E1_slice_M12	2	16	26992.8	101681.0
E1_slice_M12	2	17	26887.8	101604.0
E1_slice_M12	2	18	27089.9	101789.0
E1_slice_M12	2	19	26921.0	101675.0
E1_slice_M12	2	20	26869.4	101599.0
E1_slice_M12	2	21	27077.1	102110.0
E1_slice_M12	2	22	27054.7	101893.0
E1_slice_M12	2	23	27069.8	102247.0
E1_slice_M12	2	24	26856.0	101269.0
E1_slice_M12	2	25	26973.7	101455.0
E1_slice_M12	2	26	26920.4	101363.0
E1_slice_M12	2	27	26917.0	101608.0
E1_slice_M12	2	28	26977.5	101705.0
E1_slice_M12	2	29	26911.4	101678.0
E1_slice_M12	2	30	26948.7	101557.0
E1_slice_M12	2	31	27030.8	102040.0
E1_slice_M12	2	32	27036.6	101949.0
E1_slice_M12	2	33	26855.5	101287.0
E1_slice_M12	2	34	27029.9	102154.0
E1_slice_M12	2	35	27026.1	101889.0
E1_slice_M12	2	36	26928.2	101477.0
E1_slice_M12	2	37	26931.8	101541.0
E1_slice_M12	2	38	26758.4	101109.0
E1_slice_M12	2	39	26796.9	101145.0
E1_slice_M12	2	40	26929.4	101643.0
E1_slice_M12	2	41	26962.7	102082.0
E1_slice_M12	2	42	26891.3	101248.0
E1_slice_M12	2	43	27007.3	101905.0
E1_slice_M12	2	44	26927.6	101540.0
E1_slice_M12	2	45	26883.6	101472.0
E1_slice_M12	2	46	27040.3	101719.0
E1_slice_M12	2	47	27042.8	101825.0
E1_slice_M12	2	48	26963.1	101886.0
E1_slice_M12	2	49	26936.5	101494.0
E1_slice_M12	2	50	26786.0	101245.0
E1_slice_M12	2	51	26996.6	101626.0
E1_slice_M12	2	52	26996.8	101950.0
E1_slice_M12	2	53	26876.7	101694.0
E1_slice_M12	2	54	26933.2	101733.0
E1_slice_M12	2	55	26781.6	101185.0
E1_slice_M12	2	56	26838.2	100993.0
E1_slice_M12	2	57	26881.5	101550.0
E1_slice_M12	2	58	26791.8	101377.0
E1_slice_M12	2	59	26952.3	101766.0
E1_slice_M12	2	60	26977.8	101463.0
E1_slice_M12	2	61	26842.7	101345.0
E1_slice_M12	2	62	27019.6	101806.0
E1_slice_M12	2	63	26879.2	101409.0
E1_slice_M12	2	64	26855.2	101521.0
E1_slice_M12	2	65	27579.3	102933.0
E1_slice_M12	2	66	26851.9	101347.0
E1_slice_M12	2	67	26905.1	101225.0
E1_slice_M12	2	68	27093.0	102083.0
E1_slice_M12	2	69	26967.9	101909.0
E1_slice_M12	2	70	27015.4	101777.0
E1_slice_M12	2	71	27168.1	102203.0
E1_slice_M12	2	72	26941.5	101532.0
E1_slice_M12	2	73	26812.8	101435.0
E1_slice_M12	2	74	26917.7	101414.0
E1_slice_M12	2	75	27136.6	101954.0
E1_slice_M12	2	76	29540.9	104907.0
E1_slice_M12	2	77	26911.7	101840.0
E1_slice_M12	2	78	26916.2	101591.0
E1_slice_M12	2	79	26859.7	101418.0
E1_slice_M12	2	80	27084.6	102087.0
E1_slice_M12	2	81	27005.5	102021.0
E1_slice_M12	2	82	27050.5	101826.0
E1_slice_M12	2	83	26868.0	101882.0
E1_slice_M12	2	84	27080.0	102114.0
E1_slice_M12	2	85	26867.4	101149.0
E1_slice_M12	2	86	27043.3	102095.0
E1_slice_M12	2	87	26799.2	101148.0
E1_slice_M12	2	88	26919.3	101796.0
E1_slice_M12	2	89	27032.0	101779.0
E1_slice_M12	2	90	26889.1	101585.0
E1_slice_M12	2	91	26882.7	101787.0
E1_slice_M12	2	92	26953.7	101789.0
E1_slice_M12	2	93	26955.5	101838.0
E1_slice_M12	2	94	26903.5	101587.0
E1_slice_M12	2	95	27055.4	102273.0
E1_slice_M12	2	96	27347.7	102063.0
E1_slice_M12	2	97	26858.7	101341.0
E1_slice_M12	2	98	26893.3	101265.0
E1_slice_M12	2	99	26919.6	101346.0
E1_slice_M12	3	0	26873.6	101226.0
E1_slice_M12	3	1	26976.0	101512.0
E1_slice_M12	3	2	26966.1	101881.0
E1_slice_M12	3	3	26959.3	101594.0
E1_slice_M12	3	4	26824.9	101065.0
E1_slice_M12	3	5	26890.1	101350.0
E1_slice_M12	3	6	26868.7	101329.0
E1_slice_M12	3	7	26876.6	101572.0
E1_slice_M12	3	8	27000.5	101905.0
E1_slice_M12	3	9	26783.8	101374.0
E1_slice_M12	3	10	26780.2	101159.0
E1_slice_M12	3	11	26880.0	101448.0
E1_slice_M12	3	12	26996.8	101691.0
E1_slice_M12	3	13	26776.9	101491.0
E1_slice_M12	3	14	27247.6	101856.0
E1_slice_M12	3	15	26921.7	101366.0
E1_slice_M12	3	16	26875.2	101329.0
E1_slice_M12	3	17	26980.5	101290.0
E1_slice_M12	3	18	26838.1	101377.0
E1_slice_M12	3	19	26894.4	101739.0
E1_slice_M12	3	20	26893.3	101358.0
E1_slice_M12	3	21	26860.5	101291.0
E1_slice_M12	3	22	26782.3	101316.0
E1_slice_M12	3	23	26931.5	101721.0
E1_slice_M12	3	24	26913.7	101691.0
E1_slice_M12	3	25	27099.4	102127.0
E1_slice_M12	3	26	26944.1	101845.0
E1_slice_M12	3	27	26945.3	101826.0
E1_slice_M12	3	28	27026.0	101612.0
E1_slice_M12	3	29	26770.9	101140.0
E1_slice_M12	3	30	26894.0	101474.0
E1_slice_M12	3	31	26965.7	101707.0
E1_slice_M12	3	32	26823.7	101223.0
E1_slice_M12	3	33	27256.2	101684.0
E1_slice_M12	3	34	26887.2	101639.0
E1_slice_M12	3	35	26885.2	101675.0
E1_slice_M12	3	36	27431.3	102038.0
E1_slice_M12	3	37	27144.3	101757.0
E1_slice_M12	3	38	26785.0	101389.0
E1_slice_M12	3	39	26936.5	101864.0
E1_slice_M12	3	40	26917.6	101549.0
E1_slice_M12	3	41	26866.3	101166.0
E1_slice_M12	3	42	26866.1	101525.0
E1_slice_M12	3	43	26912.7	101374.0
E1_slice_M12	3	44	27204.3	101906.0
E1_slice_M12	3	45	27031.9	102003.0
E1_slice_M12	3	46	27038.9	101700.0
E1_slice_M12	3	47	27002.2	101511.0
E1_slice_M12	3	48	26861.0	101413.0
E1_slice_M12	3	49	28991.1	104201.0
E1_slice_M12	3	50	27070.6	101771.0
E1_slice_M12	3	51	26876.3	101607.0
E1_slice_M12	3	52	26964.7	101662.0
E1_slice_M12	3	53	26857.9	101214.0
E1_slice_M12	3	54	26925.4	101635.0
E1_slice_M12	3	55	26989.0	102030.0
E1_slice_M12	3	56	26849.5	101269.0
E1_slice_M12	3	57	26941.4	101313.0
E1_slice_M12	3	58	26940.1	101743.0
E1_slice_M12	3	59	26932.7	101420.0
E1_slice_M12	3	60	26878.6	101397.0
E1_slice_M12	3	61	26880.4	101695.0
E1_slice_M12	3	62	26967.7	101388.0
E1_slice_M12	3	63	26886.1	101640.0
E1_slice_M12	3	64	27066.9	101938.0
E1_slice_M12	3	65	27014.7	101536.0
E1_slice_M12	3	66	26875.1	101875.0
E1_slice_M12	3	67	26991.5	101972.0
E1_slice_M12	3	68	26803.7	101440.0
E1_slice_M12	3	69	26977.4	101792.0
E1_slice_M12	3	70	26954.1	101689.0
E1_slice_M12	3	71	26929.9	101580.0
E1_slice_M12	3	72	26895.5	101532.0
E1_slice_M12	3	73	26987.8	101854.0
E1_slice_M12	3	74	26804.3	100969.0
E1_slice_M12	3	75	26818.7	101363.0
E1_slice_M12	3	76	27008.1	101725.0
E1_slice_M12	3	77	27057.9	101990.0
E1_slice_M12	3	78	26999.7	101755.0
E1_slice_M12	3	79	26897.6	101696.0
E1_slice_M12	3	80	26991.2	101899.0
E1_slice_M12	3	81	26871.8	101316.0
E1_slice_M12	3	82	26921.6	101566.0
E1_slice_M12	3	83	26975.0	101856.0
E1_slice_M12	3	84	26946.8	101449.0
E1_slice_M12	3	85	27000.2	101977.0
E1_slice_M12	3	86	26960.1	101786.0
E1_slice_M12	3	87	27095.0	102220.0
E1_slice_M12	3	88	26866.4	101268.0
E1_slice_M12	3	89	26964.2	101766.0
E1_slice_M12	3	90	26900.9	101611.0
E1_slice_M12	3	91	26933.4	101771.0
E1_slice_M12	3	92	26958.1	101695.0
E1_slice_M12	3	93	26839.4	101328.0
E1_slice_M12	3	94	26984.1	102125.0
E1_slice_M12	3	95	26865.8	101726.0
E1_slice_M12	3	96	26786.2	101173.0
E1_slice_M12	3	97	26932.9	101803.0
E1_slice_M12	3	98	26947.6	102081.0
E1_slice_M12	3	99	26792.2	101440.0
E1_slice_M12	4	0	26964.7	101556.0
E1_slice_M12	4	1	26927.5	101774.0
E1_slice_M12	4	2	26831.7	101191.0
E1_slice_M12	4	3	27057.4	102066.0
E1_slice_M12	4	4	26893.5	101779.0
E1_slice_M12	4	5	27082.9	101819.0
E1_slice_M12	4	6	26919.4	101770.0
E1_slice_M12	4	7	26938.4	101543.0
E1_slice_M12	4	8	26911.2	101611.0
E1_slice_M12	4	9	26976.6	101842.0
E1_slice_M12	4	10	26982.1	101511.0
E1_slice_M12	4	11	26899.7	101575.0
E1_slice_M12	4	12	26856.2	101569.0
E1_slice_M12	4	13	26935.7	101589.0
E1_slice_M12	4	14	26990.4	101707.0
E1_slice_M12	4	15	26868.2	101466.0
E1_slice_M12	4	16	26991.3	101568.0
E1_slice_M12	4	17	26945.3	101646.0
E1_slice_M12	4	18	27011.2	101706.0
E1_slice_M12	4	19	26939.6	101730.0
E1_slice_M12	4	20	26920.3	101678.0
E1_slice_M12	4	21	26910.3	101804.0
E1_slice_M12	4	22	26885.0	101785.0
E1_slice_M12	4	23	29464.4	104219.0
E1_slice_M12	4	24	26974.2	101558.0
E1_slice_M12	4	25	26996.8	101838.0
E1_slice_M12	4	26	26923.4	101517.0
E1_slice_M12	4	27	26990.7	101813.0
E1_slice_M12	4	28	27035.2	101851.0
E1_slice_M12	4	29	26823.1	101147.0
E1_slice_M12	4	30	26932.0	101427.0
E1_slice_M12	4	31	27029.7	101765.0
E1_slice_M12	4	32	26863.9	101530.0
E1_slice_M12	4	33	27013.4	102051.0
E1_slice_M12	4	34	27099.9	101884.0
E1_slice_M12	4	35	26954.1	101465.0
E1_slice_M12	4	36	26837.6	101096.0
E1_slice_M12	4	37	27035.2	101861.0
E1_slice_M12	4	38	27030.2	101640.0
E1_slice_M12	4	39	26845.4	101315.0
E1_slice_M12	4	40	27028.1	101683.0
E1_slice_M12	4	41	27084.5	101646.0
E1_slice_M12	4	42	26886.7	101556.0
E1_slice_M12	4	43	26977.5	101953.0
E1_slice_M12	4	44	26987.8	101700.0
E1_slice_M12	4	45	26948.7	101618.0
E1_slice_M12	4	46	26982.4	101552.0
E1_slice_M12	4	47	26973.0	101817.0
E1_slice_M12	4	48	26843.4	101572.0
E1_slice_M12	4	49	26933.4	101521.0
E1_slice_M12	4	50	27025.2	101890.0
E1_slice_M12	4	51	26840.6	101081.0
E1_slice_M12	4	52	26973.6	101628.0
E1_slice_M12	4	53	26928.0	101795.0
E1_slice_M12	4	54	26891.5	100994.0
E1_slice_M12	4	55	26860.0	101627.0
E1_slice_M12	4	56	26913.4	101625.0
E1_slice_M12	4	57	26832.0	101476.0
E1_slice_M12	4	58	27451.0	102035.0
E1_slice_M12	4	59	27061.7	101853.0
E1_slice_M12	4	60	26972.9	101559.0
E1_slice_M12	4	61	27004.6	101708.0
E1_slice_M12	4	62	26890.7	101619.0
E1_slice_M12	4	63	27036.7	101756.0
E1_slice_M12	4	64	27037.6	101597.0
E1_slice_M12	4	65	26927.4	101886.0
E1_slice_M12	4	66	27108.3	102442.0
E1_slice_M12	4	67	26892.6	101876.0
E1_slice_M12	4	68	26852.0	101306.0
E1_slice_M12	4	69	26976.2	101579.0
E1_slice_M12	4	70	26890.6	101526.0
E1_slice_M12	4	71	27045.0	101955.0
E1_slice_M12	4	72	26887.6	101850.0
E1_slice_M12	4	73	27047.1	102004.0
E1_slice_M12	4	74	26979.4	101912.0
E1_slice_M12	4	75	27082.2	102117.0
E1_slice_M12	4	76	26851.3	101421.0
E1_slice_M12	4	77	27021.7	101533.0
E1_slice_M12	4	78	26992.1	101944.0
E1_slice_M12	4	79	26823.1	101461.0
E1_slice_M12	4	80	26887.5	101381.0
E1_slice_M12	4	81	26896.7	101541.0
E1_slice_M12	4	82	27028.3	101523.0
E1_slice_M12	4	83	26930.7	101705.0
E1_slice_M12	4	84	26910.6	101641.0
E1_slice_M12	4	85	27857.8	102846.0
E1_slice_M12	4	86	27257.6	101951.0
E1_slice_M12	4	87	26888.4	101630.0
E1_slice_M12	4	88	26917.3	101446.0
E1_slice_M12	4	89	26880.7	101431.0
E1_slice_M12	4	90	27087.7	101779.0
E1_slice_M12	4	91	26972.2	101570.0
E1_slice_M12	4	92	26984.9	101744.0
E1_slice_M12	4	93	26980.6	102074.0
E1_slice_M12	4	94	26869.1	101487.0
E1_slice_M12	4	95	26722.2	101242.0
E1_slice_M12	4	96	27953.3	103227.0
E1_slice_M12	4	97	28852.6	103556.0
E1_slice_M12	4	98	27045.3	101869.0
E1_slice_M12	4	99	27016.7	101861.0
E2c_slice_M12	0	0	17697.5	66126.7
E2c_slice_M12	0	1	17974.7	66598.0
E2c_slice_M12	0	2	17815.1	66299.6
E2c_slice_M12	0	3	17705.3	65798.7
E2c_slice_M12	0	4	17751.4	66068.6
E2c_slice_M12	0	5	17668.6	65837.4
E2c_slice_M12	0	6	17784.5	65887.2
E2c_slice_M12	0	7	17593.6	65799.6
E2c_slice_M12	0	8	17704.4	65820.5
E2c_slice_M12	0	9	17570.7	65413.7
E2c_slice_M12	0	10	17656.0	65893.6
E2c_slice_M12	0	11	17833.9	66395.7
E2c_slice_M12	0	12	17675.4	65852.9
E2c_slice_M12	0	13	17660.4	66058.7
E2c_slice_M12	0	14	17573.5	65832.1
E2c_slice_M12	0	15	17715.0	66062.8
E2c_slice_M12	0	16	17688.4	65833.4
E2c_slice_M12	0	17	17724.3	65870.9
E2c_slice_M12	0	18	17700.0	66089.9
E2c_slice_M12	0	19	17765.3	66166.7
E2c_slice_M12	0	20	17729.5	66035.6
E2c_slice_M12	0	21	17689.6	66079.5
E2c_slice_M12	0	22	17697.7	65779.7
E2c_slice_M12	0	23	17683.2	66012.9
E2c_slice_M12	0	24	17795.8	66067.8
E2c_slice_M12	0	25	17864.5	66309.0
E2c_slice_M12	0	26	17807.6	66023.1
E2c_slice_M12	0	27	17775.4	65829.0
E2c_slice_M12	0	28	17648.7	65780.2
E2c_slice_M12	0	29	17722.4	66346.7
E2c_slice_M12	0	30	17684.1	65982.2
E2c_slice_M12	0	31	17730.6	66304.2
E2c_slice_M12	0	32	17654.4	65996.5
E2c_slice_M12	0	33	17731.7	66193.0
E2c_slice_M12	0	34	17791.7	66238.5
E2c_slice_M12	0	35	17886.7	66224.4
E2c_slice_M12	0	36	17848.3	66448.3
E2c_slice_M12	0	37	17812.2	66134.6
E2c_slice_M12	0	38	17649.3	65784.5
E2c_slice_M12	0	39	17601.5	65551.8
E2c_slice_M12	0	40	19344.2	68266.9
E2c_slice_M12	0	41	19041.3	67388.4
E2c_slice_M12	0	42	18782.8	65839.6
E2c_slice_M12	0	43	17695.8	65873.9
E2c_slice_M12	0	44	17748.7	66007.3
E2c_slice_M12	0	45	17748.9	65970.9
E2c_slice_M12	0	46	17825.9	66569.4
E2c_slice_M12	0	47	17785.5	66172.9
E2c_slice_M12	0	48	17763.9	65919.8
E2c_slice_M12	0	49	17716.1	65947.3
E2c_slice_M12	0	50	17785.6	66019.2
E2c_slice_M12	0	51	17705.3	66059.2
E2c_slice_M12	0	52	17667.2	65677.0
E2c_slice_M12	0	53	17660.8	65813.0
E2c_slice_M12	0	54	17605.9	65641.7
E2c_slice_M12	0	55	17851.0	66098.5
E2c_slice_M12	0	56	17726.0	66098.9
E2c_slice_M12	0	57	17641.9	65866.2
E2c_slice_M12	0	58	17775.5	66083.4
E2c_slice_M12	0	59	17771.3	66002.0
E2c_slice_M12	0	60	17820.2	65895.2
E2c_slice_M12	0	61	17844.8	66344.6
E2c_slice_M12	0	62	17711.1	65942.2
E2c_slice_M12	0	63	18217.1	66096.0
E2c_slice_M12	0	64	17642.5	65745.5
E2c_slice_M12	0	65	17748.4	66134.4
E2c_slice_M12	0	66	17729.7	66259.7
E2c_slice_M12	0	67	17819.6	66134.3
E2c_slice_M12	0	68	17613.5	66006.6
E2c_slice_M12	0	69	17692.6	66053.1
E2c_slice_M12	0	70	17639.3	65874.0
E2c_slice_M12	0	71	17746.0	65970.7
E2c_slice_M12	0	72	17732.4	65853.0
E2c_slice_M12	0	73	17693.0	65782.7
E2c_slice_M12	0	74	17856.9	66280.4
E2c_slice_M12	0	75	17719.5	66150.6
E2c_slice_M12	0	76	17725.5	66027.3
E2c_slice_M12	0	77	17767.9	66271.8
E2c_slice_M12	0	78	17605.3	65955.1
E2c_slice_M12	0	79	17751.2	66155.8
E2c_slice_M12	0	80	17721.7	66050.8
E2c_slice_M12	0	81	17813.9	66138.0
E2c_slice_M12	0	82	17709.3	66177.2
E2c_slice_M12	0	83	17695.8	66214.0
E2c_slice_M12	0	84	17755.2	65872.9
E2c_slice_M12	0	85	17766.7	65942.5
E2c_slice_M12	0	86	17573.2	66112.5
E2c_slice_M12	0	87	17714.5	66002.2
E2c_slice_M12	0	88	17803.1	66198.4
E2c_slice_M12	0	89	17755.2	66209.3
E2c_slice_M12	0	90	17703.7	66016.4
E2c_slice_M12	0	91	17692.6	65889.8
E2c_slice_M12	0	92	17690.1	65865.4
E2c_slice_M12	0	93	17745.5	66181.2
E2c_slice_M12	0	94	17776.7	66063.4
E2c_slice_M12	0	95	17792.7	66110.3
E2c_slice_M12	0	96	17866.5	65995.4
E2c_slice_M12	0	97	17586.5	65794.5
E2c_slice_M12	0	98	17796.5	66286.1
E2c_slice_M12	0	99	17698.7	66034.8
E2c_slice_M12	1	0	17763.7	66104.9
E2c_slice_M12	1	1	17854.8	66044.6
E2c_slice_M12	1	2	17674.7	65953.1
E2c_slice_M12	1	3	17773.1	66109.2
E2c_slice_M12	1	4	17770.2	66442.9
E2c_slice_M12	1	5	17689.4	65787.5
E2c_slice_M12	1	6	17628.1	65935.1
E2c_slice_M12	1	7	26221.1	68760.7
E2c_slice_M12	1	8	17728.7	66073.9
E2c_slice_M12	1	9	17772.5	65921.3
E2c_slice_M12	1	10	18968.7	66625.8
E2c_slice_M12	1	11	17785.0	65925.4
E2c_slice_M12	1	12	17825.0	65983.7
E2c_slice_M12	1	13	17759.2	66181.8
E2c_slice_M12	1	14	17752.0	66205.5
E2c_slice_M12	1	15	17756.3	66217.2
E2c_slice_M12	1	16	17763.0	66410.7
E2c_slice_M12	1	17	17769.0	66178.0
E2c_slice_M12	1	18	17695.5	66167.4
E2c_slice_M12	1	19	17734.5	65835.6
E2c_slice_M12	1	20	17757.5	66123.0
E2c_slice_M12	1	21	17776.6	66171.5
E2c_slice_M12	1	22	17668.7	66035.9
E2c_slice_M12	1	23	17676.1	66303.0
E2c_slice_M12	1	24	17691.0	66068.3
E2c_slice_M12	1	25	17731.8	66177.8
E2c_slice_M12	1	26	17876.8	66595.8
E2c_slice_M12	1	27	17761.0	66310.7
E2c_slice_M12	1	28	17732.4	66160.0
E2c_slice_M12	1	29	17706.5	66304.8
E2c_slice_M12	1	30	17690.0	66147.2
E2c_slice_M12	1	31	17633.9	65734.2
E2c_slice_M12	1	32	18140.1	66390.3
E2c_slice_M12	1	33	17723.6	66090.8
E2c_slice_M12	1	34	17748.8	66212.3
E2c_slice_M12	1	35	17862.9	66562.2
E2c_slice_M12	1	36	17716.1	65982.1
E2c_slice_M12	1	37	17746.2	66115.0
E2c_slice_M12	1	38	17874.8	66417.6
E2c_slice_M12	1	39	17791.5	65961.4
E2c_slice_M12	1	40	17647.7	65848.4
E2c_slice_M12	1	41	17718.8	66170.7
E2c_slice_M12	1	42	17763.7	66085.2
E2c_slice_M12	1	43	17827.0	66158.0
E2c_slice_M12	1	44	17795.5	66332.6
E2c_slice_M12	1	45	17686.3	65999.9
E2c_slice_M12	1	46	17773.2	66097.7
E2c_slice_M12	1	47	17756.2	66156.3
E2c_slice_M12	1	48	17741.5	65917.0
E2c_slice_M12	1	49	17705.0	65837.0
E2c_slice_M12	1	50	17658.2	65879.4
E2c_slice_M12	1	51	20922.9	69129.6
E2c_slice_M12	1	52	17736.0	66030.4
E2c_slice_M12	1	53	17722.5	66192.8
E2c_slice_M12	1	54	17761.7	66175.7
E2c_slice_M12	1	55	17794.2	66058.0
E2c_slice_M12	1	56	17782.8	66120.7
E2c_slice_M12	1	57	17755.5	66380.3
E2c_slice_M12	1	58	17720.1	66007.7
E2c_slice_M12	1	59	17863.8	66211.0
E2c_slice_M12	1	60	17650.3	65907.6
E2c_slice_M12	1	61	17797.9	66165.9
E2c_slice_M12	1	62	17738.5	66003.2
E2c_slice_M12	1	63	17809.0	66139.2
E2c_slice_M12	1	64	17791.4	66416.2
E2c_slice_M12	1	65	17755.9	65958.3
E2c_slice_M12	1	66	17677.9	65875.2
E2c_slice_M12	1	67	17710.7	66165.5
E2c_slice_M12	1	68	17726.1	66175.0
E2c_slice_M12	1	69	17807.3	66101.6
E2c_slice_M12	1	70	17560.0	65764.6
E2c_slice_M12	1	71	17775.5	66111.5
E2c_slice_M12	1	72	17703.2	66120.6
E2c_slice_M12	1	73	17602.3	65836.4
E2c_slice_M12	1	74	17662.4	66187.5
E2c_slice_M12	1	75	17653.0	65915.9
E2c_slice_M12	1	76	17739.7	66299.4
E2c_slice_M12	1	77	17698.8	65836.0
E2c_slice_M12	1	78	18872.7	66089.0
E2c_slice_M12	1	79	17768.9	66273.6
E2c_slice_M12	1	80	17744.2	66245.9
E2c_slice_M12	1	81	17630.7	65947.7
E2c_slice_M12	1	82	17789.0	66011.0
E2c_slice_M12	1	83	17768.6	66339.6
E2c_slice_M12	1	84	17800.4	66006.5
E2c_slice_M12	1	85	17700.5	65770.2
E2c_slice_M12	1	86	17843.5	66363.2
E2c_slice_M12	1	87	17642.2	65894.4
E2c_slice_M12	1	88	17878.2	66431.7
E2c_slice_M12	1	89	17667.4	65797.8
E2c_slice_M12	1	90	17755.9	66219.0
E2c_slice_M12	1	91	18165.3	66184.2
E2c_slice_M12	1	92	17671.8	65811.4
E2c_slice_M12	1	93	17752.4	66107.8
E2c_slice_M12	1	94	17713.7	65988.6
E2c_slice_M12	1	95	17623.0	65859.8
E2c_slice_M12	1	96	17858.4	66092.5
E2c_slice_M12	1	97	17717.3	66131.3
E2c_slice_M12	1	98	17568.7	65804.7
E2c_slice_M12	1	99	17939.8	66118.5
E2c_slice_M12	2	0	17657.9	65524.2
E2c_slice_M12	2	1	18156.4	66454.9
E2c_slice_M12	2	2	17707.2	66021.8
E2c_slice_M12	2	3	17638.0	65817.3
E2c_slice_M12	2	4	17699.9	65915.0
E2c_slice_M12	2	5	17777.8	66150.6
E2c_slice_M12	2	6	17912.1	66059.7
E2c_slice_M12	2	7	17797.9	66006.4
E2c_slice_M12	2	8	17625.1	65776.0
E2c_slice_M12	2	9	17639.0	66065.6
E2c_slice_M12	2	10	17677.3	65912.2
E2c_slice_M12	2	11	17659.2	65859.6
E2c_slice_M12	2	12	17630.3	65579.7
E2c_slice_M12	2	13	17754.0	66178.3
E2c_slice_M12	2	14	17733.2	66496.9
E2c_slice_M12	2	15	17737.6	66148.6
E2c_slice_M12	2	16	17732.4	66118.3
E2c_slice_M12	2	17	17742.8	66055.8
E2c_slice_M12	2	18	17693.8	66053.7
E2c_slice_M12	2	19	17804.8	66240.8
E2c_slice_M12	2	20	17587.3	65602.4
E2c_slice_M12	2	21	17701.6	65915.3
E2c_slice_M12	2	22	17715.4	65956.1
E2c_slice_M12	2	23	17980.7	66616.7
E2c_slice_M12	2	24	17681.3	65875.6
E2c_slice_M12	2	25	17866.1	65983.1
E2c_slice_M12	2	26	17706.3	66013.7
E2c_slice_M12	2	27	17698.7	66017.9
E2c_slice_M12	2	28	17652.8	65839.0
E2c_slice_M12	2	29	17774.5	66395.4
E2c_slice_M12	2	30	17654.5	65740.1
E2c_slice_M12	2	31	17772.6	65955.2
E2c_slice_M12	2	32	17609.6	65713.1
E2c_slice_M12	2	33	17751.9	65726.1
E2c_slice_M12	2	34	17871.2	66264.6
E2c_slice_M12	2	35	17666.0	65983.6
E2c_slice_M12	2	36	17726.4	66093.1
E2c_slice_M12	2	37	17880.8	66045.8
E2c_slice_M12	2	38	17814.5	66194.6
E2c_slice_M12	2	39	17649.9	66043.7
E2c_slice_M12	2	40	17654.2	65967.3
E2c_slice_M12	2	41	17748.4	66165.5
E2c_slice_M12	2	42	17684.7	66191.0
E2c_slice_M12	2	43	17828.3	66071.5
E2c_slice_M12	2	44	17607.5	65551.8
E2c_slice_M12	2	45	17756.9	66099.0
E2c_slice_M12	2	46	17639.3	65934.9
E2c_slice_M12	2	47	18785.7	65872.5
E2c_slice_M12	2	48	17600.3	65871.5
E2c_slice_M12	2	49	17806.0	66484.0
E2c_slice_M12	2	50	17709.5	66149.5
E2c_slice_M12	2	51	17690.7	66029.3
E2c_slice_M12	2	52	17640.5	65907.6
E2c_slice_M12	2	53	17715.6	66012.9
E2c_slice_M12	2	54	17781.7	66075.0
E2c_slice_M12	2	55	17804.7	66331.2
E2c_slice_M12	2	56	17837.6	66360.9
E2c_slice_M12	2	57	17605.1	65838.7
E2c_slice_M12	2	58	17809.0	66423.9
E2c_slice_M12	2	59	17727.2	66085.7
E2c_slice_M12	2	60	17715.6	65958.1
E2c_slice_M12	2	61	18821.6	67464.1
E2c_slice_M12	2	62	19408.8	67651.6
E2c_slice_M12	2	63	17588.8	65772.1
E2c_slice_M12	2	64	17680.7	65752.6
E2c_slice_M12	2	65	17727.3	66147.8
E2c_slice_M12	2	66	17835.5	66155.4
E2c_slice_M12	2	67	17661.7	66130.5
E2c_slice_M12	2	68	17661.4	66225.3
E2c_slice_M12	2	69	17658.8	65881.0
E2c_slice_M12	2	70	17698.1	66116.7
E2c_slice_M12	2	71	18029.6	66295.0
E2c_slice_M12	2	72	17805.0	66272.6
E2c_slice_M12	2	73	17757.7	66009.8
E2c_slice_M12	2	74	17786.6	66143.6
E2c_slice_M12	2	75	17656.4	65819.1
E2c_slice_M12	2	76	17708.0	66122.5
E2c_slice_M12	2	77	17671.2	65741.2
E2c_slice_M12	2	78	17738.2	65951.3
E2c_slice_M12	2	79	17729.7	66236.9
E2c_slice_M12	2	80	17892.3	66542.0
E2c_slice_M12	2	81	17764.4	66086.7
E2c_slice_M12	2	82	17674.9	65942.1
E2c_slice_M12	2	83	17659.2	65858.2
E2c_slice_M12	2	84	17690.3	65960.0
E2c_slice_M12	2	85	17809.7	66218.5
E2c_slice_M12	2	86	17785.1	66077.9
E2c_slice_M12	2	87	17744.6	66312.7
E2c_slice_M12	2	88	17782.9	66085.6
E2c_slice_M12	2	89	17667.0	66115.7
E2c_slice_M12	2	90	17908.0	66392.9
E2c_slice_M12	2	91	17659.0	65928.1
E2c_slice_M12	2	92	17708.5	66120.4
E2c_slice_M12	2	93	17737.5	66018.2
E2c_slice_M12	2	94	17834.9	65980.7
E2c_slice_M12	2	95	17822.9	66273.0
E2c_slice_M12	2	96	17810.3	66217.7
E2c_slice_M12	2	97	17532.6	65759.4
E2c_slice_M12	2	98	17693.8	66195.5
E2c_slice_M12	2	99	17717.4	66024.4
E2c_slice_M12	3	0	17627.6	66043.3
E2c_slice_M12	3	1	17680.6	66146.7
E2c_slice_M12	3	2	17688.4	66065.5
E2c_slice_M12	3	3	17851.1	66193.8
E2c_slice_M12	3	4	17855.3	66299.1
E2c_slice_M12	3	5	17777.9	65839.0
E2c_slice_M12	3	6	17657.0	66115.9
E2c_slice_M12	3	7	17864.2	66291.2
E2c_slice_M12	3	8	17640.4	65806.6
E2c_slice_M12	3	9	17614.9	65983.1
E2c_slice_M12	3	10	17796.7	66119.3
E2c_slice_M12	3	11	17743.7	66326.4
E2c_slice_M12	3	12	17747.0	66274.5
E2c_slice_M12	3	13	17755.2	66268.1
E2c_slice_M12	3	14	17824.0	66362.9
E2c_slice_M12	3	15	17682.6	65867.9
E2c_slice_M12	3	16	19084.8	66488.9
E2c_slice_M12	3	17	17908.8	66368.1
E2c_slice_M12	3	18	17722.0	66144.1
E2c_slice_M12	3	19	17757.9	66015.1
E2c_slice_M12	3	20	17601.8	65936.4
E2c_slice_M12	3	21	17679.6	65835.1
E2c_slice_M12	3	22	17715.4	66053.4
E2c_slice_M12	3	23	17686.5	66050.1
E2c_slice_M12	3	24	17677.9	65814.6
E2c_slice_M12	3	25	17697.6	66087.8
E2c_slice_M12	3	26	17667.3	65882.0
E2c_slice_M12	3	27	17646.1	65925.9
E2c_slice_M12	3	28	17854.2	66671.6
E2c_slice_M12	3	29	17668.2	65502.3
E2c_slice_M12	3	30	17803.5	66042.0
E2c_slice_M12	3	31	17838.1	66415.5
E2c_slice_M12	3	32	17697.0	65954.4
E2c_slice_M12	3	33	17669.4	65791.4
E2c_slice_M12	3	34	17632.0	66167.6
E2c_slice_M12	3	35	17696.9	66094.9
E2c_slice_M12	3	36	17746.8	65885.0
E2c_slice_M12	3	37	17553.2	65819.2
E2c_slice_M12	3	38	17795.9	66064.2
E2c_slice_M12	3	39	17649.0	65923.7
E2c_slice_M12	3	40	18078.6	66336.7
E2c_slice_M12	3	41	17677.1	66026.1
E2c_slice_M12	3	42	17805.0	66397.4
E2c_slice_M12	3	43	17677.9	65889.6
E2c_slice_M12	3	44	17785.3	65997.4
E2c_slice_M12	3	45	17784.2	66010.8
E2c_slice_M12	3	46	17750.7	66031.1
E2c_slice_M12	3	47	17863.9	66350.6
E2c_slice_M12	3	48	17741.0	66125.5
E2c_slice_M12	3	49	26204.6	67238.5
E2c_slice_M12	3	50	22782.8	67371.2
E2c_slice_M12	3	51	17986.5	66865.4
E2c_slice_M12	3	52	18070.2	67162.0
E2c_slice_M12	3	53	17916.0	66509.7
E2c_slice_M12	3	54	17742.6	65937.8
E2c_slice_M12	3	55	17643.4	65907.7
E2c_slice_M12	3	56	17736.6	66048.2
E2c_slice_M12	3	57	17827.9	66298.0
E2c_slice_M12	3	58	17661.3	65941.5
E2c_slice_M12	3	59	17723.7	66016.9
E2c_slice_M12	3	60	17696.9	65729.8
E2c_slice_M12	3	61	17730.6	65988.3
E2c_slice_M12	3	62	17732.9	66168.3
E2c_slice_M12	3	63	17692.9	65931.6
E2c_slice_M12	3	64	17793.6	65956.4
E2c_slice_M12	3	65	17701.8	65977.6
E2c_slice_M12	3	66	17858.7	66537.3
E2c_slice_M12	3	67	17666.1	65766.9
E2c_slice_M12	3	68	17723.3	66090.9
E2c_slice_M12	3	69	17818.7	66161.1
E2c_slice_M12	3	70	17788.7	66250.4
E2c_slice_M12	3	71	18683.9	67390.5
E2c_slice_M12	3	72	19515.0	67783.9
E2c_slice_M12	3	73	17784.9	66283.7
E2c_slice_M12	3	74	17695.2	65964.1
E2c_slice_M12	3	75	17660.7	65941.0
E2c_slice_M12	3	76	17595.6	66002.4
E2c_slice_M12	3	77	17809.3	66389.7
E2c_slice_M12	3	78	17842.9	66392.3
E2c_slice_M12	3	79	17851.2	66193.4
E2c_slice_M12	3	80	17635.6	65885.9
E2c_slice_M12	3	81	17715.0	66133.0
E2c_slice_M12	3	82	17790.7	66193.9
E2c_slice_M12	3	83	17740.9	66036.5
E2c_slice_M12	3	84	18975.2	66185.7
E2c_slice_M12	3	85	17828.2	65998.7
E2c_slice_M12	3	86	17603.1	66007.0
E2c_slice_M12	3	87	17840.5	66342.1
E2c_slice_M12	3	88	17731.0	66030.6
E2c_slice_M12	3	89	17703.7	65707.3
E2c_slice_M12	3	90	17835.1	66303.0
E2c_slice_M12	3	91	17672.7	65888.4
E2c_slice_M12	3	92	17721.5	66097.9
E2c_slice_M12	3	93	17806.7	66149.6
E2c_slice_M12	3	94	17695.1	65924.7
E2c_slice_M12	3	95	17669.7	65976.3
E2c_slice_M12	3	96	17790.9	65843.9
E2c_slice_M12	3	97	17796.8	66087.2
E2c_slice_M12	3	98	17754.2	66180.4
E2c_slice_M12	3	99	17724.2	65735.2
E2c_slice_M12	4	0	17760.4	66008.2
E2c_slice_M12	4	1	18442.3	66200.3
E2c_slice_M12	4	2	17640.2	65870.5
E2c_slice_M12	4	3	18203.8	67195.6
E2c_slice_M12	4	4	17682.1	66059.2
E2c_slice_M12	4	5	17804.0	66081.2
E2c_slice_M12	4	6	17732.2	65972.3
E2c_slice_M12	4	7	17689.9	65816.7
E2c_slice_M12	4	8	17557.9	65960.8
E2c_slice_M12	4	9	18130.8	66254.4
E2c_slice_M12	4	10	17668.8	65760.0
E2c_slice_M12	4	11	17761.8	66231.0
E2c_slice_M12	4	12	17785.4	66116.4
E2c_slice_M12	4	13	17686.2	66044.7
E2c_slice_M12	4	14	17712.3	65986.4
E2c_slice_M12	4	15	17758.2	65933.5
E2c_slice_M12	4	16	17784.7	66270.7
E2c_slice_M12	4	17	17712.5	66018.7
E2c_slice_M12	4	18	17740.1	66081.4
E2c_slice_M12	4	19	17712.8	66085.0
E2c_slice_M12	4	20	17812.7	66194.1
E2c_slice_M12	4	21	17733.5	66244.8
E2c_slice_M12	4	22	17708.6	65886.8
E2c_slice_M12	4	23	17733.7	66063.0
E2c_slice_M12	4	24	17759.3	66533.0
E2c_slice_M12	4	25	17596.3	65871.5
E2c_slice_M12	4	26	17698.3	65900.2
E2c_slice_M12	4	27	17848.2	66147.0
E2c_slice_M12	4	28	17704.5	66093.8
E2c_slice_M12	4	29	17665.9	65978.5
E2c_slice_M12	4	30	17773.2	65674.5
E2c_slice_M12	4	31	17617.1	65823.0
E2c_slice_M12	4	32	17795.9	66401.9
E2c_slice_M12	4	33	17700.9	66107.1
E2c_slice_M12	4	34	17716.4	65947.8
E2c_slice_M12	4	35	17703.3	65974.1
E2c_slice_M12	4	36	17697.2	66253.2
E2c_slice_M12	4	37	17725.3	66109.5
E2c_slice_M12	4	38	17602.7	66108.9
E2c_slice_M12	4	39	17789.6	66466.7
E2c_slice_M12	4	40	17891.3	66159.4
E2c_slice_M12	4	41	17732.2	66017.8
E2c_slice_M12	4	42	17867.5	66356.9
E2c_slice_M12	4	43	17700.5	65884.1
E2c_slice_M12	4	44	17691.6	66172.7
E2c_slice_M12	4	45	17544.8	65612.8
E2c_slice_M12	4	46	17789.4	66216.2
E2c_slice_M12	4	47	17804.7	66165.1
E2c_slice_M12	4	48	17658.9	65367.5
E2c_slice_M12	4	49	17566.2	65669.3
E2c_slice_M12	4	50	17787.3	66289.6
E2c_slice_M12	4	51	17698.5	65963.2
E2c_slice_M12	4	52	17703.7	65949.5
E2c_slice_M12	4	53	18522.5	66295.8
E2c_slice_M12	4	54	17652.9	65980.5
E2c_slice_M12	4	55	17946.2	66563.2
E2c_slice_M12	4	56	17721.5	66021.9
E2c_slice_M12	4	57	17713.7	65922.5
E2c_slice_M12	4	58	17872.4	66516.7
E2c_slice_M12	4	59	17801.2	66310.8
E2c_slice_M12	4	60	17767.5	66021.2
E2c_slice_M12	4	61	17611.9	65673.6
E2c_slice_M12	4	62	17748.4	66126.8
E2c_slice_M12	4	63	17787.7	66003.7
E2c_slice_M12	4	64	17712.6	65671.3
E2c_slice_M12	4	65	17706.0	66238.1
E2c_slice_M12	4	66	17681.0	66005.4
E2c_slice_M12	4	67	17702.2	66124.0
E2c_slice_M12	4	68	17749.0	65921.9
E2c_slice_M12	4	69	17704.2	65885.7
E2c_slice_M12	4	70	17692.3	65735.5
E2c_slice_M12	4	71	17739.7	66059.5
E2c_slice_M12	4	72	17754.9	66156.5
E2c_slice_M12	4	73	17768.6	66336.3
E2c_slice_M12	4	74	17776.9	66315.0
E2c_slice_M12	4	75	17543.7	65756.0
E2c_slice_M12	4	76	17778.6	66175.1
E2c_slice_M12	4	77	17801.3	66212.4
E2c_slice_M12	4	78	17636.4	65938.7
E2c_slice_M12	4	79	18066.0	66424.9
E2c_slice_M12	4	80	17776.1	65877.4
E2c_slice_M12	4	81	17717.9	65811.9
E2c_slice_M12	4	82	20255.4	69267.4
E2c_slice_M12	4	83	17611.0	65893.5
E2c_slice_M12	4	84	17662.0	66116.8
E2c_slice_M12	4	85	17638.6	65918.2
E2c_slice_M12	4	86	17804.5	66114.3
E2c_slice_M12	4	87	17729.9	66229.7
E2c_slice_M12	4	88	17783.8	66057.4
E2c_slice_M12	4	89	17673.7	66244.1
E2c_slice_M12	4	90	17651.5	65831.5
E2c_slice_M12	4	91	17623.6	66000.2
E2c_slice_M12	4	92	17627.3	65781.4
E2c_slice_M12	4	93	17814.7	66303.7
E2c_slice_M12	4	94	17640.6	65830.6
E2c_slice_M12	4	95	17803.7	66160.3
E2c_slice_M12	4	96	17738.6	66216.4
E2c_slice_M12	4	97	17568.3	65594.2
E2c_slice_M12	4	98	17775.5	65934.8
E2c_slice_M12	4	99	17636.7	65706.3
E1_model5_M8	0	0	5347.92	21065.2
E1_model5_M8	0	1	5322.0	20884.2
E1_model5_M8	0	2	5335.13	20771.8
E1_model5_M8	0	3	5446.88	21490.4
E1_model5_M8	0	4	5296.0	20875.2
E1_model5_M8	0	5	5398.59	21205.8
E1_model5_M8	0	6	5455.55	21338.7
E1_model5_M8	0	7	5328.96	21020.4
E1_model5_M8	0	8	5255.83	20774.2
E1_model5_M8	0	9	5323.29	20725.9
E1_model5_M8	0	10	5378.59	21071.2
E1_model5_M8	0	11	5341.04	20867.3
E1_model5_M8	0	12	5407.05	21152.3
E1_model5_M8	0	13	5357.63	20951.2
E1_model5_M8	0	14	5364.92	20955.2
E1_model5_M8	0	15	5433.05	21277.5
E1_model5_M8	0	16	5224.87	20604.6
E1_model5_M8	0	17	5310.63	20737.9
E1_model5_M8	0	18	5447.38	21298.6
E1_model5_M8	0	19	5310.59	20932.8
E1_model5_M8	0	20	5441.59	21294.9
E1_model5_M8	0	21	5292.67	20801.7
E1_model5_M8	0	22	5385.55	21025.5
E1_model5_M8	0	23	5431.8	21057.9
E1_model5_M8	0	24	5314.88	20791.8
E1_model5_M8	0	25	5288.92	20655.6
E1_model5_M8	0	26	5372.92	21011.7
E1_model5_M8	0	27	5411.84	21136.9
E1_model5_M8	0	28	5435.59	21227.9
E1_model5_M8	0	29	5409.8	21198.5
E1_model5_M8	0	30	5440.46	21262.9
E1_model5_M8	0	31	5463.88	21390.6
E1_model5_M8	0	32	5447.59	21264.0
E1_model5_M8	0	33	5421.17	21192.5
E1_model5_M8	0	34	5458.71	21264.9
E1_model5_M8	0	35	5218.96	20308.4
E1_model5_M8	0	36	5390.46	21276.0
E1_model5_M8	0	37	5388.05	21032.0
E1_model5_M8	0	38	5226.87	20401.6
E1_model5_M8	0	39	5283.71	20741.7
E1_model5_M8	0	40	5371.21	20971.3
E1_model5_M8	0	41	5525.59	20990.5
E1_model5_M8	0	42	5232.71	20463.3
E1_model5_M8	0	43	5391.13	21042.7
E1_model5_M8	0	44	5241.83	20341.1
E1_model5_M8	0	45	5421.67	21174.4
E1_model5_M8	0	46	5301.29	20751.3
E1_model5_M8	0	47	5214.25	20531.9
E1_model5_M8	0	48	5286.79	20636.5
E1_model5_M8	0	49	5414.63	21152.1
E1_model5_M8	0	50	5394.13	21228.5
E1_model5_M8	0	51	5189.83	20266.8
E1_model5_M8	0	52	5318.79	20860.2
E1_model5_M8	0	53	5358.09	20869.2
E1_model5_M8	0	54	5274.67	20699.5
E1_model5_M8	0	55	5400.5	20876.3
E1_model5_M8	0	56	5361.59	21000.2
E1_model5_M8	0	57	5237.21	20658.6
E1_model5_M8	0	58	5247.16	20496.0
E1_model5_M8	0	59	5293.62	20786.6
E1_model5_M8	0	60	5380.09	21079.3
E1_model5_M8	0	61	5269.58	20675.5
E1_model5_M8	0	62	5354.29	21007.0
E1_model5_M8	0	63	5624.55	21102.5
E1_model5_M8	0	64	5469.22	21316.8
E1_model5_M8	0	65	5136.16	20192.3
E1_model5_M8	0	66	5407.5	20922.1
E1_model5_M8	0	67	5399.8	21144.5
E1_model5_M8	0	68	5576.84	21262.8
E1_model5_M8	0	69	5293.83	20736.9
E1_model5_M8	0	70	5344.09	20833.5
E1_model5_M8	0	71	5466.67	21607.5
E1_model5_M8	0	72	5283.12	20727.8
E1_model5_M8	0	73	5418.88	21243.0
E1_model5_M8	0	74	5414.38	21124.2
E1_model5_M8	0	75	5524.88	21491.7
E1_model5_M8	0	76	5242.41	20705.6
E1_model5_M8	0	77	5203.5	20533.5
E1_model5_M8	0	78	5286.75	20629.2
E1_model5_M8	0	79	5503.97	21513.2
E1_model5_M8	0	80	5476.05	20846.3
E1_model5_M8	0	81	5209.33	20497.1
E1_model5_M8	0	82	5666.93	22249.4
E1_model5_M8	0	83	5295.46	20683.0
E1_model5_M8	0	84	5403.84	20874.3
E1_model5_M8	0	85	5518.17	21561.3
E1_model5_M8	0	86	5417.46	21284.5
E1_model5_M8	0	87	5516.47	21564.8
E1_model5_M8	0	88	5400.46	21268.0
E1_model5_M8	0	89	5571.05	21754.4
E1_model5_M8	0	90	5451.17	21268.6
E1_model5_M8	0	91	5554.43	21667.3
E1_model5_M8	0	92	5348.63	21093.8
E1_model5_M8	0	93	5447.88	21529.5
E1_model5_M8	0	94	5814.14	21656.2
E1_model5_M8	0	95	5506.26	21226.0
E1_model5_M8	0	96	5428.34	21206.2
E1_model5_M8	0	97	5438.13	21223.8
E1_model5_M8	0	98	5441.01	21223.0
E1_model5_M8	0	99	5382.25	20955.7
E1_model5_M8	1	0	5257.75	20672.1
E1_model5_M8	1	1	5510.22	21491.3
E1_model5_M8	1	2	5403.75	21133.2
E1_model5_M8	1	3	5504.34	21477.4
E1_model5_M8	1	4	5297.17	20655.4
E1_model5_M8	1	5	5382.25	21024.2
E1_model5_M8	1	6	5485.38	21427.8
E1_model5_M8	1	7	5466.59	21335.4
E1_model5_M8	1	8	5294.92	20687.2
E1_model5_M8	1	9	5370.0	20990.2
E1_model5_M8	1	10	5387.17	20667.0
E1_model5_M8	1	11	5470.34	21355.3
E1_model5_M8	1	12	5504.63	21548.5
E1_model5_M8	1	13	5418.17	20987.5
E1_model5_M8	1	14	5296.42	20873.5
E1_model5_M8	1	15	5291.25	20705.9
E1_model5_M8	1	16	5517.84	21567.3
E1_model5_M8	1	17	5405.59	21055.3
E1_model5_M8	1	18	5442.09	21267.4
E1_model5_M8	1	19	5467.05	21308.3
E1_model5_M8	1	20	5370.21	20952.1
E1_model5_M8	1	21	5353.34	20839.0
E1_model5_M8	1	22	5193.2	20375.6
E1_model5_M8	1	23	5317.54	20896.1
E1_model5_M8	1	24	5353.29	20902.9
E1_model5_M8	1	25	5423.75	21150.4
E1_model5_M8	1	26	5233.08	20649.8
E1_model5_M8	1	27	5326.08	20774.5
E1_model5_M8	1	28	5384.54	20896.6
E1_model5_M8	1	29	5300.71	20820.4
E1_model5_M8	1	30	5407.0	21115.4
E1_model5_M8	1	31	5302.54	20856.6
E1_model5_M8	1	32	5504.88	21125.9
E1_model5_M8	1	33	5158.25	20370.4
E1_model5_M8	1	34	5326.63	20972.0
E1_model5_M8	1	35	5353.67	19740.7
E1_model5_M8	1	36	5312.38	20847.4
E1_model5_M8	1	37	5298.38	20864.9
E1_model5_M8	1	38	5380.42	21138.0
E1_model5_M8	1	39	5297.13	20798.7
E1_model5_M8	1	40	5239.71	20547.2
E1_model5_M8	1	41	5365.13	20877.8
E1_model5_M8	1	42	5356.42	21163.1
E1_model5_M8	1	43	5418.17	21091.8
E1_model5_M8	1	44	5380.71	21239.8
E1_model5_M8	1	45	5338.5	20925.8
E1_model5_M8	1	46	5465.3	21332.5
E1_model5_M8	1	47	5444.63	21244.4
E1_model5_M8	1	48	5499.01	21445.1
E1_model5_M8	1	49	5343.0	20956.8
E1_model5_M8	1	50	5344.84	20868.7
E1_model5_M8	1	51	6499.95	20552.6
E1_model5_M8	1	52	5493.67	21258.5
E1_model5_M8	1	53	5338.92	20692.9
E1_model5_M8	1	54	5494.21	21462.5
E1_model5_M8	1	55	5504.67	21497.4
E1_model5_M8	1	56	5257.54	20786.8
E1_model5_M8	1	57	5392.3	21046.1
E1_model5_M8	1	58	5368.67	20921.7
E1_model5_M8	1	59	5474.17	20883.3
E1_model5_M8	1	60	5438.26	21249.8
E1_model5_M8	1	61	5423.55	21219.0
E1_model5_M8	1	62	5397.75	21054.8
E1_model5_M8	1	63	5449.17	21318.1
E1_model5_M8	1	64	5214.62	20219.6
E1_model5_M8	1	65	5376.84	21290.2
E1_model5_M8	1	66	5359.38	21067.7
E1_model5_M8	1	67	5334.34	20818.4
E1_model5_M8	1	68	5206.16	20405.9
E1_model5_M8	1	69	5247.46	20353.8
E1_model5_M8	1	70	5411.88	21273.5
E1_model5_M8	1	71	5343.75	20716.5
E1_model5_M8	1	72	5479.21	21430.5
E1_model5_M8	1	73	5346.71	20882.9
E1_model5_M8	1	74	5374.67	20995.9
E1_model5_M8	1	75	5502.34	21565.8
E1_model5_M8	1	76	5306.25	20770.5
E1_model5_M8	1	77	5239.62	20482.7
E1_model5_M8	1	78	5198.46	20514.9
E1_model5_M8	1	79	5362.54	21026.3
E1_model5_M8	1	80	5434.17	21246.6
E1_model5_M8	1	81	5393.3	21235.9
E1_model5_M8	1	82	5390.79	21044.4
E1_model5_M8	1	83	5361.04	20921.9
E1_model5_M8	1	84	5492.3	21463.1
E1_model5_M8	1	85	5425.55	21160.1
E1_model5_M8	1	86	5216.71	20582.4
E1_model5_M8	1	87	5144.62	20237.5
E1_model5_M8	1	88	5361.54	20918.5
E1_model5_M8	1	89	5424.05	21212.7
E1_model5_M8	1	90	5405.92	21324.8
E1_model5_M8	1	91	5463.09	21321.8
E1_model5_M8	1	92	5416.3	21169.0
E1_model5_M8	1	93	5207.33	20490.2
E1_model5_M8	1	94	5467.88	21370.7
E1_model5_M8	1	95	5393.84	20677.8
E1_model5_M8	1	96	5246.04	20587.4
E1_model5_M8	1	97	5262.75	20680.4
E1_model5_M8	1	98	5340.58	20667.4
E1_model5_M8	1	99	5434.71	21240.2
E1_model5_M8	2	0	5393.84	20703.5
E1_model5_M8	2	1	5416.84	21163.6
E1_model5_M8	2	2	5254.5	20415.2
E1_model5_M8	2	3	5384.46	21032.6
E1_model5_M8	2	4	5393.5	21035.1
E1_model5_M8	2	5	5246.21	20563.0
E1_model5_M8	2	6	5432.34	21426.4
E1_model5_M8	2	7	5393.42	20878.6
E1_model5_M8	2	8	5333.25	20900.2
E1_model5_M8	2	9	5479.63	21419.3
E1_model5_M8	2	10	5279.5	20725.7
E1_model5_M8	2	11	5420.96	21198.4
E1_model5_M8	2	12	5231.71	20510.0
E1_model5_M8	2	13	5283.54	20761.0
E1_model5_M8	2	14	5147.62	20337.8
E1_model5_M8	2	15	5484.96	21422.4
E1_model5_M8	2	16	5392.13	20964.1
E1_model5_M8	2	17	5478.05	21245.0
E1_model5_M8	2	18	5398.8	21043.5
E1_model5_M8	2	19	5313.92	20612.8
E1_model5_M8	2	20	5392.46	21205.9
E1_model5_M8	2	21	5469.76	21378.4
E1_model5_M8	2	22	5328.13	20668.3
E1_model5_M8	2	23	5364.5	20933.5
E1_model5_M8	2	24	5278.67	20884.4
E1_model5_M8	2	25	5419.0	21180.1
E1_model5_M8	2	26	5308.92	20627.2
E1_model5_M8	2	27	5456.17	21310.6
E1_model5_M8	2	28	5319.25	20655.8
E1_model5_M8	2	29	5331.0	20812.8
E1_model5_M8	2	30	5392.5	21193.8
E1_model5_M8	2	31	5388.5	21064.6
E1_model5_M8	2	32	5378.46	21019.9
E1_model5_M8	2	33	5426.92	21406.4
E1_model5_M8	2	34	5163.83	20247.4
E1_model5_M8	2	35	5478.84	21683.2
E1_model5_M8	2	36	5341.09	20857.0
E1_model5_M8	2	37	5310.67	20749.4
E1_model5_M8	2	38	5182.83	20414.3
E1_model5_M8	2	39	5439.13	21192.4
E1_model5_M8	2	40	5452.71	21313.1
E1_model5_M8	2	41	5289.79	20774.3
E1_model5_M8	2	42	5394.88	21076.0
E1_model5_M8	2	43	5285.38	20803.7
E1_model5_M8	2	44	5382.79	20967.5
E1_model5_M8	2	45	5223.04	20441.8
E1_model5_M8	2	46	5437.84	21283.4
E1_model5_M8	2	47	5369.75	21088.7
E1_model5_M8	2	48	5407.0	21151.8
E1_model5_M8	2	49	5303.83	20977.9
E1_model5_M8	2	50	5450.51	21294.5
E1_model5_M8	2	51	5420.75	21330.7
E1_model5_M8	2	52	5337.75	21017.7
E1_model5_M8	2	53	5278.29	20619.8
E1_model5_M8	2	54	5458.84	21419.0
E1_model5_M8	2	55	5228.62	20417.3
E1_model5_M8	2	56	5606.76	21157.7
E1_model5_M8	2	57	5308.29	20717.1
E1_model5_M8	2	58	5456.67	21287.7
E1_model5_M8	2	59	5352.96	20827.6
E1_model5_M8	2	60	5265.79	20627.8
E1_model5_M8	2	61	5430.84	21202.7
E1_model5_M8	2	62	5386.84	21015.6
E1_model5_M8	2	63	5263.87	20444.0
E1_model5_M8	2	64	5291.58	20649.9
E1_model5_M8	2	65	5462.38	21255.5
E1_model5_M8	2	66	5440.13	21239.0
E1_model5_M8	2	67	5986.15	21972.2
E1_model5_M8	2	68	8160.97	22989.8
E1_model5_M8	2	69	5459.96	21274.5
E1_model5_M8	2	70	5370.88	20588.1
E1_model5_M8	2	71	5287.38	20897.8
E1_model5_M8	2	72	5335.84	20673.8
E1_model5_M8	2	73	5371.54	20973.1
E1_model5_M8	2	74	5259.21	20637.4
E1_model5_M8	2	75	5497.96	21528.9
E1_model5_M8	2	76	5478.26	21365.7
E1_model5_M8	2	77	5362.38	20992.5
E1_model5_M8	2	78	5438.63	21018.7
E1_model5_M8	2	79	5423.67	20941.3
E1_model5_M8	2	80	5476.71	21350.0
E1_model5_M8	2	81	5239.08	20740.0
E1_model5_M8	2	82	5421.55	21173.8
E1_model5_M8	2	83	5488.97	21490.6
E1_model5_M8	2	84	5256.71	20486.9
E1_model5_M8	2	85	5377.92	21192.6
E1_model5_M8	2	86	5194.08	20479.9
E1_model5_M8	2	87	5112.87	20161.8
E1_model5_M8	2	88	5382.34	20979.8
E1_model5_M8	2	89	5446.51	21284.2
E1_model5_M8	2	90	5420.17	21342.9
E1_model5_M8	2	91	5182.5	20430.9
E1_model5_M8	2	92	5508.05	21538.2
E1_model5_M8	2	93	5415.8	21184.8
E1_model5_M8	2	94	5305.88	20921.4
E1_model5_M8	2	95	5291.96	20889.4
E1_model5_M8	2	96	5499.13	21410.4
E1_model5_M8	2	97	5300.83	20895.3
E1_model5_M8	2	98	5237.54	20568.9
E1_model5_M8	2	99	5256.83	20596.6
E1_model5_M8	3	0	5379.13	21023.4
E1_model5_M8	3	1	5427.67	21377.3
E1_model5_M8	3	2	5317.42	20630.2
E1_model5_M8	3	3	5452.76	21313.1
E1_model5_M8	3	4	5518.05	21507.8
E1_model5_M8	3	5	5474.3	21408.4
E1_model5_M8	3	6	5297.0	20756.4
E1_model5_M8	3	7	5468.59	21349.1
E1_model5_M8	3	8	5380.54	21054.3
E1_model5_M8	3	9	5341.42	20774.8
E1_model5_M8	3	10	5412.3	21281.3
E1_model5_M8	3	11	5246.46	20606.5
E1_model5_M8	3	12	5303.88	20622.5
E1_model5_M8	3	13	5335.75	21007.9
E1_model5_M8	3	14	5516.8	21457.8
E1_model5_M8	3	15	5452.34	21333.1
E1_model5_M8	3	16	5243.25	20666.7
E1_model5_M8	3	17	5422.25	21214.1
E1_model5_M8	3	18	5424.96	21358.8
E1_model5_M8	3	19	5232.62	20543.8
E1_model5_M8	3	20	5265.25	20766.5
E1_model5_M8	3	21	5226.08	20567.4
E1_model5_M8	3	22	5282.0	20821.5
E1_model5_M8	3	23	5368.92	21160.3
E1_model5_M8	3	24	5402.55	21114.7
E1_model5_M8	3	25	5252.75	20777.5
E1_model5_M8	3	26	5268.87	20800.9
E1_model5_M8	3	27	5405.63	21267.6
E1_model5_M8	3	28	5316.88	20962.7
E1_model5_M8	3	29	5403.96	21168.0
E1_model5_M8	3	30	5355.42	21094.4
E1_model5_M8	3	31	5303.33	20876.5
E1_model5_M8	3	32	5335.96	20860.7
E1_model5_M8	3	33	5290.29	20906.5
E1_model5_M8	3	34	5470.67	21416.3
E1_model5_M8	3	35	5365.92	21250.2
E1_model5_M8	3	36	5434.71	21203.5
E1_model5_M8	3	37	5241.12	20577.1
E1_model5_M8	3	38	5261.04	20664.4
E1_model5_M8	3	39	5478.21	20944.5
E1_model5_M8	3	40	5299.08	20830.2
E1_model5_M8	3	41	5306.96	20688.9
E1_model5_M8	3	42	5396.17	21245.2
E1_model5_M8	3	43	5264.5	20575.1
E1_model5_M8	3	44	5316.29	20858.5
E1_model5_M8	3	45	5315.33	20907.7
E1_model5_M8	3	46	5438.21	21254.1
E1_model5_M8	3	47	5396.0	21092.5
E1_model5_M8	3	48	5207.16	20422.3
E1_model5_M8	3	49	5274.12	20876.1
E1_model5_M8	3	50	5485.38	21427.6
E1_model5_M8	3	51	5348.75	21051.6
E1_model5_M8	3	52	5271.12	20777.6
E1_model5_M8	3	53	5428.96	21476.8
E1_model5_M8	3	54	5219.75	20571.6
E1_model5_M8	3	55	5489.17	21063.4
E1_model5_M8	3	56	5450.21	21335.2
E1_model5_M8	3	57	5165.2	20395.8
E1_model5_M8	3	58	5408.67	21112.1
E1_model5_M8	3	59	5384.13	21171.0
E1_model5_M8	3	60	5383.29	21229.4
E1_model5_M8	3	61	5389.0	21247.9
E1_model5_M8	3	62	5367.79	20971.4
E1_model5_M8	3	63	5440.3	21278.0
E1_model5_M8	3	64	5246.58	20592.3
E1_model5_M8	3	65	5452.51	21160.2
E1_model5_M8	3	66	5343.25	20983.8
E1_model5_M8	3	67	6238.03	20653.6
E1_model5_M8	3	68	5484.76	21352.2
E1_model5_M8	3	69	5312.08	20553.2
E1_model5_M8	3	70	5299.29	20920.9
E1_model5_M8	3	71	5516.26	20973.8
E1_model5_M8	3	72	5384.0	21007.5
E1_model5_M8	3	73	5175.58	20422.7
E1_model5_M8	3	74	5360.46	21002.8
E1_model5_M8	3	75	5279.25	20891.3
E1_model5_M8	3	76	5338.96	21065.3
E1_model5_M8	3	77	5445.13	21296.7
E1_model5_M8	3	78	5356.92	21113.5
E1_model5_M8	3	79	5292.08	20828.7
E1_model5_M8	3	80	5451.46	21291.2
E1_model5_M8	3	81	5503.59	21508.8
E1_model5_M8	3	82	5184.45	20428.0
E1_model5_M8	3	83	5271.75	20876.4
E1_model5_M8	3	84	5468.59	21355.8
E1_model5_M8	3	85	5264.42	20647.6
E1_model5_M8	3	86	5431.17	21209.3
E1_model5_M8	3	87	5471.46	21413.0
E1_model5_M8	3	88	5367.21	20951.2
E1_model5_M8	3	89	5404.3	21093.4
E1_model5_M8	3	90	5265.08	20698.3
E1_model5_M8	3	91	5364.0	21056.2
E1_model5_M8	3	92	5423.34	21197.0
E1_model5_M8	3	93	5361.38	21026.3
E1_model5_M8	3	94	5283.12	20589.4
E1_model5_M8	3	95	5375.84	21010.1
E1_model5_M8	3	96	5224.08	20606.8
E1_model5_M8	3	97	5426.09	21312.1
E1_model5_M8	3	98	5304.38	20913.3
E1_model5_M8	3	99	5245.08	20693.0
E1_model5_M8	4	0	5390.42	21036.2
E1_model5_M8	4	1	5255.54	20695.0
E1_model5_M8	4	2	5390.21	21024.5
E1_model5_M8	4	3	5341.42	20996.7
E1_model5_M8	4	4	5488.59	21426.9
E1_model5_M8	4	5	5274.12	20483.3
E1_model5_M8	4	6	5315.42	20956.8
E1_model5_M8	4	7	5423.67	21198.6
E1_model5_M8	4	8	5373.88	20735.8
E1_model5_M8	4	9	5250.87	20748.5
E1_model5_M8	4	10	5505.38	21744.8
E1_model5_M8	4	11	5428.75	21352.8
E1_model5_M8	4	12	5345.84	20749.1
E1_model5_M8	4	13	5265.41	20686.5
E1_model5_M8	4	14	5401.09	21139.3
E1_model5_M8	4	15	5371.79	20905.1
E1_model5_M8	4	16	5856.44	21695.9
E1_model5_M8	4	17	8864.2	22803.8
E1_model5_M8	4	18	5829.43	21389.0
E1_model5_M8	4	19	5422.71	21156.6
E1_model5_M8	4	20	5411.71	21162.8
E1_model5_M8	4	21	5384.13	21051.2
E1_model5_M8	4	22	5454.42	21295.7
E1_model5_M8	4	23	5437.42	21222.2
E1_model5_M8	4	24	5219.83	20478.0
E1_model5_M8	4	25	5200.83	20373.6
E1_model5_M8	4	26	5406.13	21102.5
E1_model5_M8	4	27	5508.47	21592.3
E1_model5_M8	4	28	5402.59	21041.7
E1_model5_M8	4	29	5530.42	21594.8
E1_model5_M8	4	30	5240.21	20627.0
E1_model5_M8	4	31	5283.71	20540.1
E1_model5_M8	4	32	5503.8	20824.0
E1_model5_M8	4	33	5355.38	21151.1
E1_model5_M8	4	34	5420.8	21211.0
E1_model5_M8	4	35	5310.12	20897.2
E1_model5_M8	4	36	5353.08	21079.3
E1_model5_M8	4	37	5446.8	21272.1
E1_model5_M8	4	38	5350.29	21018.0
E1_model5_M8	4	39	5516.38	21579.4
E1_model5_M8	4	40	5387.54	21052.0
E1_model5_M8	4	41	5389.13	21086.7
E1_model5_M8	4	42	5443.17	21134.6
E1_model5_M8	4	43	5368.46	20871.8
E1_model5_M8	4	44	5339.46	20810.0
E1_model5_M8	4	45	5388.17	21272.8
E1_model5_M8	4	46	5393.34	21252.9
E1_model5_M8	4	47	5362.34	21023.0
E1_model5_M8	4	48	5288.92	20748.5
E1_model5_M8	4	49	5505.8	21467.5
E1_model5_M8	4	50	5485.51	21422.4
E1_model5_M8	4	51	5371.34	20955.0
E1_model5_M8	4	52	5339.13	20938.2
E1_model5_M8	4	53	5359.29	20898.1
E1_model5_M8	4	54	5309.38	20945.5
E1_model5_M8	4	55	5193.0	20512.6
E1_model5_M8	4	56	5315.33	20958.8
E1_model5_M8	4	57	5313.75	20740.4
E1_model5_M8	4	58	5355.21	20884.6
E1_model5_M8	4	59	5426.09	21119.0
E1_model5_M8	4	60	5419.38	21074.1
E1_model5_M8	4	61	5445.17	21336.0
E1_model5_M8	4	62	5281.5	20805.9
E1_model5_M8	4	63	5384.17	21035.2
E1_model5_M8	4	64	5427.88	21220.8
E1_model5_M8	4	65	5408.67	21145.4
E1_model5_M8	4	66	5343.21	20860.5
E1_model5_M8	4	67	5388.38	21059.6
E1_model5_M8	4	68	5412.17	21155.7
E1_model5_M8	4	69	5426.09	21217.6
E1_model5_M8	4	70	5329.33	20995.3
E1_model5_M8	4	71	5435.46	21212.0
E1_model5_M8	4	72	5251.04	20612.2
E1_model5_M8	4	73	5255.58	20475.0
E1_model5_M8	4	74	5344.0	20949.0
E1_model5_M8	4	75	5210.45	20501.2
E1_model5_M8	4	76	5338.5	20853.2
E1_model5_M8	4	77	5374.63	21183.2
E1_model5_M8	4	78	5286.04	20645.3
E1_model5_M8	4	79	5542.47	21660.6
E1_model5_M8	4	80	5237.87	20627.8
E1_model5_M8	4	81	5331.79	21011.5
E1_model5_M8	4	82	5423.88	21190.2
E1_model5_M8	4	83	5349.59	20976.7
E1_model5_M8	4	84	5190.16	20559.3
E1_model5_M8	4	85	5478.88	21298.7
E1_model5_M8	4	86	5189.54	20446.2
E1_model5_M8	4	87	5468.09	21342.9
E1_model5_M8	4	88	5392.59	21103.7
E1_model5_M8	4	89	5479.51	21358.5
E1_model5_M8	4	90	5365.25	20976.4
E1_model5_M8	4	91	5463.96	21311.9
E1_model5_M8	4	92	5279.17	20709.9
E1_model5_M8	4	93	5221.79	20507.9
E1_model5_M8	4	94	5301.79	20858.4
E1_model5_M8	4	95	5321.54	20907.3
E1_model5_M8	4	96	5262.12	20706.1
E1_model5_M8	4	97	5472.51	21371.4
E1_model5_M8	4	98	5553.72	21704.9
E1_model5_M8	4	99	5347.96	20980.0
E2c_model5_M8	0	0	4217.76	16404.6
E2c_model5_M8	0	1	4154.17	16129.1
E2c_model5_M8	0	2	4145.05	16055.5
E2c_model5_M8	0	3	4009.58	15759.4
E2c_model5_M8	0	4	4014.58	15747.7
E2c_model5_M8	0	5	4115.67	16157.7
E2c_model5_M8	0	6	4013.33	15662.9
E2c_model5_M8	0	7	4130.51	16193.6
E2c_model5_M8	0	8	4094.8	16035.2
E2c_model5_M8	0	9	4133.46	16028.1
E2c_model5_M8	0	10	4248.93	16292.6
E2c_model5_M8	0	11	4188.09	16297.0
E2c_model5_M8	0	12	4129.38	16189.2
E2c_model5_M8	0	13	4118.5	16084.1
E2c_model5_M8	0	14	4163.8	16348.0
E2c_model5_M8	0	15	4118.13	15813.5
E2c_model5_M8	0	16	4101.21	15951.5
E2c_model5_M8	0	17	4056.04	15937.0
E2c_model5_M8	0	18	4201.38	16340.4
E2c_model5_M8	0	19	4088.42	16039.7
E2c_model5_M8	0	20	4204.67	16398.1
E2c_model5_M8	0	21	4074.75	16002.7
E2c_model5_M8	0	22	4014.88	15743.5
E2c_model5_M8	0	23	3968.54	15374.6
E2c_model5_M8	0	24	4062.13	15767.5
E2c_model5_M8	0	25	4253.47	16157.0
E2c_model5_M8	0	26	4220.26	16481.0
E2c_model5_M8	0	27	4070.92	16096.1
E2c_model5_M8	0	28	4115.88	16185.5
E2c_model5_M8	0	29	4085.09	16038.9
E2c_model5_M8	0	30	4041.38	15911.3
E2c_model5_M8	0	31	4091.05	16049.8
E2c_model5_M8	0	32	4237.51	16528.2
E2c_model5_M8	0	33	4023.08	15880.4
E2c_model5_M8	0	34	4122.09	16059.0
E2c_model5_M8	0	35	4082.46	15957.9
E2c_model5_M8	0	36	4167.3	16276.8
E2c_model5_M8	0	37	4084.63	15968.0
E2c_model5_M8	0	38	4054.88	15724.8
E2c_model5_M8	0	39	4072.63	15988.9
E2c_model5_M8	0	40	4219.05	16523.9
E2c_model5_M8	0	41	4035.54	15689.8
E2c_model5_M8	0	42	4142.76	16229.3
E2c_model5_M8	0	43	4057.75	15961.2
E2c_model5_M8	0	44	3978.08	15690.0
E2c_model5_M8	0	45	4111.34	16161.3
E2c_model5_M8	0	46	4100.5	15961.2
E2c_model5_M8	0	47	4037.75	15773.2
E2c_model5_M8	0	48	4149.84	16164.8
E2c_model5_M8	0	49	4046.38	15916.8
E2c_model5_M8	0	50	4111.21	16169.8
E2c_model5_M8	0	51	4018.21	15826.5
E2c_model5_M8	0	52	4001.88	15749.1
E2c_model5_M8	0	53	4211.67	16355.2
E2c_model5_M8	0	54	4054.96	15987.2
E2c_model5_M8	0	55	4037.71	15850.0
E2c_model5_M8	0	56	4057.71	15917.4
E2c_model5_M8	0	57	4081.34	15884.4
E2c_model5_M8	0	58	4088.5	16021.7
E2c_model5_M8	0	59	4110.75	16017.5
E2c_model5_M8	0	60	4081.13	16067.5
E2c_model5_M8	0	61	4214.17	16507.5
E2c_model5_M8	0	62	4017.58	15854.8
E2c_model5_M8	0	63	4189.96	16121.7
E2c_model5_M8	0	64	4115.67	16107.3
E2c_model5_M8	0	65	4032.25	15738.4
E2c_model5_M8	0	66	4087.3	16005.0
E2c_model5_M8	0	67	4068.04	15772.8
E2c_model5_M8	0	68	4085.5	16094.1
E2c_model5_M8	0	69	3980.25	15672.2
E2c_model5_M8	0	70	4000.29	15601.4
E2c_model5_M8	0	71	4085.88	16088.5
E2c_model5_M8	0	72	4011.21	15843.2
E2c_model5_M8	0	73	4069.34	15942.6
E2c_model5_M8	0	74	4030.75	15836.0
E2c_model5_M8	0	75	4108.84	16087.0
E2c_model5_M8	0	76	4158.09	16070.5
E2c_model5_M8	0	77	4055.38	15972.8
E2c_model5_M8	0	78	4101.46	16150.9
E2c_model5_M8	0	79	4049.84	15511.9
E2c_model5_M8	0	80	4107.42	16026.0
E2c_model5_M8	0	81	4091.59	16067.0
E2c_model5_M8	0	82	4129.59	16074.5
E2c_model5_M8	0	83	4180.84	16307.9
E2c_model5_M8	0	84	4127.55	16216.9
E2c_model5_M8	0	85	4046.29	15836.7
E2c_model5_M8	0	86	4006.21	15705.0
E2c_model5_M8	0	87	4191.17	16235.5
E2c_model5_M8	0	88	4051.09	15822.7
E2c_model5_M8	0	89	4151.55	15881.5
E2c_model5_M8	0	90	4133.67	16271.7
E2c_model5_M8	0	91	4092.75	15944.4
E2c_model5_M8	0	92	4090.71	16084.2
E2c_model5_M8	0	93	4227.72	16616.8
E2c_model5_M8	0	94	4080.09	15978.2
E2c_model5_M8	0	95	4125.0	16263.0
E2c_model5_M8	0	96	4144.51	15984.2
E2c_model5_M8	0	97	4094.96	15880.3
E2c_model5_M8	0	98	4108.3	16064.5
E2c_model5_M8	0	99	4138.34	16238.6
E2c_model5_M8	1	0	4113.92	15991.5
E2c_model5_M8	1	1	4075.92	16022.8
E2c_model5_M8	1	2	4149.42	15743.3
E2c_model5_M8	1	3	4173.63	16338.5
E2c_model5_M8	1	4	4041.88	15898.1
E2c_model5_M8	1	5	4165.59	16284.4
E2c_model5_M8	1	6	4148.55	16124.4
E2c_model5_M8	1	7	4253.01	16607.1
E2c_model5_M8	1	8	3989.08	15747.4
E2c_model5_M8	1	9	4015.04	15800.8
E2c_model5_M8	1	10	4022.75	15856.3
E2c_model5_M8	1	11	4066.04	15824.4
E2c_model5_M8	1	12	4180.46	16339.7
E2c_model5_M8	1	13	4060.21	15963.7
E2c_model5_M8	1	14	4091.25	16104.1
E2c_model5_M8	1	15	4047.21	15809.7
E2c_model5_M8	1	16	4065.92	15945.5
E2c_model5_M8	1	17	4123.8	16068.4
E2c_model5_M8	1	18	4095.71	16095.7
E2c_model5_M8	1	19	4163.76	16288.5
E2c_model5_M8	1	20	4080.25	15801.6
E2c_model5_M8	1	21	4124.26	16135.0
E2c_model5_M8	1	22	4132.05	16006.1
E2c_model5_M8	1	23	4076.34	15902.5
E2c_model5_M8	1	24	4079.42	16013.0
E2c_model5_M8	1	25	4164.84	16233.1
E2c_model5_M8	1	26	3968.5	15590.0
E2c_model5_M8	1	27	4093.96	15941.2
E2c_model5_M8	1	28	4118.63	15968.5
E2c_model5_M8	1	29	4139.0	16313.7
E2c_model5_M8	1	30	4072.25	16019.5
E2c_model5_M8	1	31	4045.5	15784.8
E2c_model5_M8	1	32	4183.26	16220.0
E2c_model5_M8	1	33	4012.58	15793.9
E2c_model5_M8	1	34	4203.63	16573.8
E2c_model5_M8	1	35	4079.5	16089.8
E2c_model5_M8	1	36	4195.01	16264.9
E2c_model5_M8	1	37	4052.34	15751.9
E2c_model5_M8	1	38	4075.92	15895.3
E2c_model5_M8	1	39	4113.8	15956.4
E2c_model5_M8	1	40	4122.42	16074.8
E2c_model5_M8	1	41	4058.79	15753.9
E2c_model5_M8	1	42	4066.46	15796.8
E2c_model5_M8	1	43	4138.05	16236.4
E2c_model5_M8	1	44	4097.38	16099.3
E2c_model5_M8	1	45	4198.34	16360.8
E2c_model5_M8	1	46	4061.38	15845.6
E2c_model5_M8	1	47	4052.34	15981.8
E2c_model5_M8	1	48	4033.63	15792.4
E2c_model5_M8	1	49	4052.71	15846.3
E2c_model5_M8	1	50	4116.0	16066.5
E2c_model5_M8	1	51	4113.46	15953.5
E2c_model5_M8	1	52	4062.96	15820.8
E2c_model5_M8	1	53	4078.92	15937.3
E2c_model5_M8	1	54	4097.0	16073.7
E2c_model5_M8	1	55	4217.51	16439.1
E2c_model5_M8	1	56	4126.8	15999.7
E2c_model5_M8	1	57	4071.46	15887.6
E2c_model5_M8	1	58	4060.54	16011.0
E2c_model5_M8	1	59	4088.71	15906.2
E2c_model5_M8	1	60	4146.76	16164.3
E2c_model5_M8	1	61	4108.21	16120.1
E2c_model5_M8	1	62	4111.21	15975.2
E2c_model5_M8	1	63	4098.75	16111.0
E2c_model5_M8	1	64	4300.97	16246.9
E2c_model5_M8	1	65	4089.75	16022.7
E2c_model5_M8	1	66	4103.84	16072.5
E2c_model5_M8	1	67	4143.59	16207.8
E2c_model5_M8	1	68	4169.59	16331.4
E2c_model5_M8	1	69	4092.96	16100.0
E2c_model5_M8	1	70	4068.63	15900.9
E2c_model5_M8	1	71	4002.88	15758.8
E2c_model5_M8	1	72	4142.26	16260.0
E2c_model5_M8	1	73	4120.88	16251.2
E2c_model5_M8	1	74	4068.34	15955.6
E2c_model5_M8	1	75	4059.09	15752.9
E2c_model5_M8	1	76	4048.59	15767.5
E2c_model5_M8	1	77	4139.3	16205.8
E2c_model5_M8	1	78	4121.67	16091.5
E2c_model5_M8	1	79	4150.84	16107.2
E2c_model5_M8	1	80	4103.34	15944.4
E2c_model5_M8	1	81	4070.79	16004.5
E2c_model5_M8	1	82	4179.88	16489.2
E2c_model5_M8	1	83	4140.8	16085.0
E2c_model5_M8	1	84	4061.25	15839.4
E2c_model5_M8	1	85	4052.0	15901.0
E2c_model5_M8	1	86	4002.62	15651.8
E2c_model5_M8	1	87	3933.87	15523.6
E2c_model5_M8	1	88	4083.63	16051.8
E2c_model5_M8	1	89	4074.0	15852.6
E2c_model5_M8	1	90	4156.55	16179.9
E2c_model5_M8	1	91	4148.63	16218.7
E2c_model5_M8	1	92	4174.67	16325.9
E2c_model5_M8	1	93	4181.26	16324.2
E2c_model5_M8	1	94	4156.51	16304.5
E2c_model5_M8	1	95	4063.88	15832.8
E2c_model5_M8	1	96	4000.58	15547.6
E2c_model5_M8	1	97	4096.38	16080.5
E2c_model5_M8	1	98	4053.63	15930.5
E2c_model5_M8	1	99	4096.09	16095.3
E2c_model5_M8	2	0	4214.13	16585.1
E2c_model5_M8	2	1	4223.67	16087.2
E2c_model5_M8	2	2	4133.25	16223.8
E2c_model5_M8	2	3	4067.34	15923.7
E2c_model5_M8	2	4	3977.29	15615.5
E2c_model5_M8	2	5	4163.46	16287.7
E2c_model5_M8	2	6	5140.54	16111.5
E2c_model5_M8	2	7	4049.38	15770.3
E2c_model5_M8	2	8	4213.67	16523.4
E2c_model5_M8	2	9	4132.67	16248.9
E2c_model5_M8	2	10	4059.13	15860.1
E2c_model5_M8	2	11	4082.34	15907.5
E2c_model5_M8	2	12	4159.01	16318.6
E2c_model5_M8	2	13	4145.38	16169.9
E2c_model5_M8	2	14	4150.55	16348.1
E2c_model5_M8	2	15	4076.96	15909.2
E2c_model5_M8	2	16	4032.46	15705.0
E2c_model5_M8	2	17	4184.88	16299.0
E2c_model5_M8	2	18	4081.3	16120.0
E2c_model5_M8	2	19	4173.88	16243.9
E2c_model5_M8	2	20	4133.59	16260.4
E2c_model5_M8	2	21	4015.92	15805.5
E2c_model5_M8	2	22	4055.38	15800.3
E2c_model5_M8	2	23	4125.05	16174.2
E2c_model5_M8	2	24	3976.79	15642.1
E2c_model5_M8	2	25	3993.58	15739.8
E2c_model5_M8	2	26	4074.75	16025.8
E2c_model5_M8	2	27	4068.67	15985.1
E2c_model5_M8	2	28	4101.42	15890.5
E2c_model5_M8	2	29	4274.09	16672.6
E2c_model5_M8	2	30	4091.92	15816.1
E2c_model5_M8	2	31	4093.8	16121.5
E2c_model5_M8	2	32	4067.63	15910.7
E2c_model5_M8	2	33	3972.08	15354.1
E2c_model5_M8	2	34	4249.63	16607.9
E2c_model5_M8	2	35	4159.76	16319.5
E2c_model5_M8	2	36	4101.67	16143.3
E2c_model5_M8	2	37	4003.21	15722.1
E2c_model5_M8	2	38	4020.71	15884.4
E2c_model5_M8	2	39	4095.59	16083.1
E2c_model5_M8	2	40	4026.04	15671.2
E2c_model5_M8	2	41	4030.63	15867.8
E2c_model5_M8	2	42	4186.55	16442.0
E2c_model5_M8	2	43	4035.29	15882.8
E2c_model5_M8	2	44	4128.75	16232.1
E2c_model5_M8	2	45	4120.5	16085.7
E2c_model5_M8	2	46	4132.71	16090.5
E2c_model5_M8	2	47	4082.5	15980.4
E2c_model5_M8	2	48	4020.13	15736.9
E2c_model5_M8	2	49	4177.46	16269.3
E2c_model5_M8	2	50	4154.96	16297.8
E2c_model5_M8	2	51	4116.75	16180.8
E2c_model5_M8	2	52	4116.09	16212.2
E2c_model5_M8	2	53	4091.92	16066.3
E2c_model5_M8	2	54	4128.8	16109.2
E2c_model5_M8	2	55	4236.42	16418.5
E2c_model5_M8	2	56	4040.67	15915.9
E2c_model5_M8	2	57	4146.59	16101.8
E2c_model5_M8	2	58	4149.51	16132.7
E2c_model5_M8	2	59	4061.09	15879.5
E2c_model5_M8	2	60	4087.67	16025.2
E2c_model5_M8	2	61	4098.5	16096.2
E2c_model5_M8	2	62	4048.5	15894.9
E2c_model5_M8	2	63	4086.34	15970.5
E2c_model5_M8	2	64	4108.17	15985.1
E2c_model5_M8	2	65	4155.26	16366.0
E2c_model5_M8	2	66	4162.63	16207.1
E2c_model5_M8	2	67	4117.05	16059.1
E2c_model5_M8	2	68	4109.96	16149.2
E2c_model5_M8	2	69	4036.42	15803.4
E2c_model5_M8	2	70	4030.96	15770.6
E2c_model5_M8	2	71	4201.22	15984.7
E2c_model5_M8	2	72	4089.3	15968.2
E2c_model5_M8	2	73	4095.46	15872.2
E2c_model5_M8	2	74	4095.88	16004.3
E2c_model5_M8	2	75	4099.0	15950.6
E2c_model5_M8	2	76	4047.88	15769.8
E2c_model5_M8	2	77	4047.25	15797.9
E2c_model5_M8	2	78	4125.0	16159.8
E2c_model5_M8	2	79	4174.26	16367.0
E2c_model5_M8	2	80	4060.42	15854.5
E2c_model5_M8	2	81	4027.67	15795.9
E2c_model5_M8	2	82	4063.84	15963.4
E2c_model5_M8	2	83	4085.05	15887.9
E2c_model5_M8	2	84	4183.67	16366.7
E2c_model5_M8	2	85	4134.55	16269.9
E2c_model5_M8	2	86	4054.67	15787.9
E2c_model5_M8	2	87	4053.13	15809.1
E2c_model5_M8	2	88	4075.0	15978.0
E2c_model5_M8	2	89	4059.13	15937.5
E2c_model5_M8	2	90	4042.79	15847.9
E2c_model5_M8	2	91	4139.21	16247.0
E2c_model5_M8	2	92	4147.96	16261.0
E2c_model5_M8	2	93	4075.17	15864.0
E2c_model5_M8	2	94	4110.71	16136.0
E2c_model5_M8	2	95	4080.96	16075.3
E2c_model5_M8	2	96	4104.46	15967.9
E2c_model5_M8	2	97	4098.67	15926.5
E2c_model5_M8	2	98	4113.92	15971.1
E2c_model5_M8	2	99	4088.09	16126.7
E2c_model5_M8	3	0	4221.47	16554.2
E2c_model5_M8	3	1	4110.25	16126.3
E2c_model5_M8	3	2	4048.21	15832.8
E2c_model5_M8	3	3	4156.84	16210.1
E2c_model5_M8	3	4	4174.46	16158.8
E2c_model5_M8	3	5	4229.38	16552.9
E2c_model5_M8	3	6	4099.67	16041.9
E2c_model5_M8	3	7	4064.67	15992.5
E2c_model5_M8	3	8	4103.25	16015.4
E2c_model5_M8	3	9	4133.01	16254.2
E2c_model5_M8	3	10	4114.21	16180.9
E2c_model5_M8	3	11	4010.04	15746.4
E2c_model5_M8	3	12	4127.0	16191.6
E2c_model5_M8	3	13	4073.92	15965.0
E2c_model5_M8	3	14	4194.05	16354.9
E2c_model5_M8	3	15	3991.88	15587.9
E2c_model5_M8	3	16	4170.67	16357.9
E2c_model5_M8	3	17	4054.67	15883.6
E2c_model5_M8	3	18	4038.13	15796.3
E2c_model5_M8	3	19	4064.04	15849.2
E2c_model5_M8	3	20	4081.96	16114.8
E2c_model5_M8	3	21	4179.46	16256.4
E2c_model5_M8	3	22	4156.34	16312.8
E2c_model5_M8	3	23	4093.25	16181.7
E2c_model5_M8	3	24	4103.17	16168.3
E2c_model5_M8	3	25	4075.09	16079.5
E2c_model5_M8	3	26	3955.21	15561.2
E2c_model5_M8	3	27	4121.5	16226.2
E2c_model5_M8	3	28	4080.5	16085.4
E2c_model5_M8	3	29	4083.75	16098.8
E2c_model5_M8	3	30	4133.8	16014.5
E2c_model5_M8	3	31	4083.71	16060.7
E2c_model5_M8	3	32	4086.67	16098.0
E2c_model5_M8	3	33	4048.79	15934.5
E2c_model5_M8	3	34	4112.92	16169.1
E2c_model5_M8	3	35	4093.46	16069.9
E2c_model5_M8	3	36	3991.25	15533.5
E2c_model5_M8	3	37	4182.01	16117.8
E2c_model5_M8	3	38	4468.72	16627.9
E2c_model5_M8	3	39	4264.63	16743.8
E2c_model5_M8	3	40	4625.9	16378.2
E2c_model5_M8	3	41	4223.26	16463.9
E2c_model5_M8	3	42	4151.71	16272.6
E2c_model5_M8	3	43	4066.75	15843.3
E2c_model5_M8	3	44	4231.92	16691.3
E2c_model5_M8	3	45	3993.0	15570.2
E2c_model5_M8	3	46	4103.71	16094.4
E2c_model5_M8	3	47	4031.92	15857.4
E2c_model5_M8	3	48	3991.21	15636.0
E2c_model5_M8	3	49	4102.0	16096.6
E2c_model5_M8	3	50	4130.63	16035.5
E2c_model5_M8	3	51	4006.58	15719.0
E2c_model5_M8	3	52	4166.84	16271.2
E2c_model5_M8	3	53	4043.96	15949.7
E2c_model5_M8	3	54	4131.55	16173.1
E2c_model5_M8	3	55	3965.79	15592.0
E2c_model5_M8	3	56	4158.01	16151.4
E2c_model5_M8	3	57	4170.59	16240.0
E2c_model5_M8	3	58	4117.71	16224.6
E2c_model5_M8	3	59	4078.17	15935.3
E2c_model5_M8	3	60	4141.67	16378.5
E2c_model5_M8	3	61	4159.63	16180.9
E2c_model5_M8	3	62	4080.04	15989.0
E2c_model5_M8	3	63	4033.33	15856.4
E2c_model5_M8	3	64	4055.79	15876.8
E2c_model5_M8	3	65	3991.38	15630.5
E2c_model5_M8	3	66	6500.41	18030.0
E2c_model5_M8	3	67	4805.61	16594.2
E2c_model5_M8	3	68	4222.38	16466.4
E2c_model5_M8	3	69	4082.63	16072.7
E2c_model5_M8	3	70	4042.71	15719.4
E2c_model5_M8	3	71	4148.92	16229.8
E2c_model5_M8	3	72	4209.63	16096.8
E2c_model5_M8	3	73	4055.42	15880.5
E2c_model5_M8	3	74	4070.42	15895.5
E2c_model5_M8	3	75	4092.67	16063.4
E2c_model5_M8	3	76	4131.92	16274.2
E2c_model5_M8	3	77	4115.5	16079.0
E2c_model5_M8	3	78	4056.34	15930.0
E2c_model5_M8	3	79	4098.38	16152.3
E2c_model5_M8	3	80	4226.01	16646.1
E2c_model5_M8	3	81	4175.55	16268.1
E2c_model5_M8	3	82	4111.09	16193.6
E2c_model5_M8	3	83	4152.34	16242.5
E2c_model5_M8	3	84	4190.17	16406.2
E2c_model5_M8	3	85	4103.05	16110.7
E2c_model5_M8	3	86	4189.59	16355.9
E2c_model5_M8	3	87	4126.34	16243.6
E2c_model5_M8	3	88	4170.26	16432.6
E2c_model5_M8	3	89	4011.75	15711.0
E2c_model5_M8	3	90	4092.34	15954.4
E2c_model5_M8	3	91	4161.01	16359.0
E2c_model5_M8	3	92	4147.96	16176.6
E2c_model5_M8	3	93	4095.09	15897.0
E2c_model5_M8	3	94	4079.09	15967.0
E2c_model5_M8	3	95	4195.59	16391.1
E2c_model5_M8	3	96	4202.42	16362.7
E2c_model5_M8	3	97	4185.71	16303.2
E2c_model5_M8	3	98	4173.59	16291.7
E2c_model5_M8	3	99	4059.21	15832.2
E2c_model5_M8	4	0	4090.67	16047.5
E2c_model5_M8	4	1	4141.05	16091.5
E2c_model5_M8	4	2	4077.84	16061.3
E2c_model5_M8	4	3	4063.46	15902.6
E2c_model5_M8	4	4	4031.09	15857.2
E2c_model5_M8	4	5	4116.17	16174.7
E2c_model5_M8	4	6	4202.01	16554.6
E2c_model5_M8	4	7	4081.46	15939.0
E2c_model5_M8	4	8	4237.84	16527.7
E2c_model5_M8	4	9	4155.88	15834.5
E2c_model5_M8	4	10	4072.59	15860.7
E2c_model5_M8	4	11	4065.59	16003.3
E2c_model5_M8	4	12	4128.5	16292.3
E2c_model5_M8	4	13	4150.34	16297.4
E2c_model5_M8	4	14	4089.0	15881.6
E2c_model5_M8	4	15	4173.84	16338.4
E2c_model5_M8	4	16	3967.12	15612.2
E2c_model5_M8	4	17	4169.59	16372.2
E2c_model5_M8	4	18	4101.5	16189.5
E2c_model5_M8	4	19	4145.09	16241.7
E2c_model5_M8	4	20	3996.62	15701.4
E2c_model5_M8	4	21	4109.3	16027.7
E2c_model5_M8	4	22	4000.29	15710.8
E2c_model5_M8	4	23	4032.0	15868.0
E2c_model5_M8	4	24	4078.21	16050.6
E2c_model5_M8	4	25	3997.12	15588.8
E2c_model5_M8	4	26	4105.55	16039.5
E2c_model5_M8	4	27	4025.59	15739.5
E2c_model5_M8	4	28	4108.46	16093.3
E2c_model5_M8	4	29	4146.88	16110.0
E2c_model5_M8	4	30	4152.42	16112.5
E2c_model5_M8	4	31	4113.38	16158.7
E2c_model5_M8	4	32	4211.42	16514.4
E2c_model5_M8	4	33	4127.38	16230.2
E2c_model5_M8	4	34	4185.55	16313.1
E2c_model5_M8	4	35	4141.21	16334.7
E2c_model5_M8	4	36	4161.96	16177.3
E2c_model5_M8	4	37	4103.3	16046.9
E2c_model5_M8	4	38	4172.38	16319.2
E2c_model5_M8	4	39	4110.5	15924.1
E2c_model5_M8	4	40	4170.92	16298.0
E2c_model5_M8	4	41	4055.92	15958.5
E2c_model5_M8	4	42	4121.71	15987.5
E2c_model5_M8	4	43	4145.63	16297.2
E2c_model5_M8	4	44	4203.92	16511.9
E2c_model5_M8	4	45	4208.42	16411.1
E2c_model5_M8	4	46	4030.38	15854.0
E2c_model5_M8	4	47	4073.96	15842.4
E2c_model5_M8	4	48	3979.83	15613.5
E2c_model5_M8	4	49	4136.17	16192.6
E2c_model5_M8	4	50	4134.42	16296.4
E2c_model5_M8	4	51	4127.5	16270.1
E2c_model5_M8	4	52	4161.21	16368.7
E2c_model5_M8	4	53	4218.67	16508.8
E2c_model5_M8	4	54	4368.55	16389.7
E2c_model5_M8	4	55	4090.8	16098.8
E2c_model5_M8	4	56	4081.88	15998.6
E2c_model5_M8	4	57	4020.59	15739.5
E2c_model5_M8	4	58	4119.59	16125.6
E2c_model5_M8	4	59	4030.42	15883.6
E2c_model5_M8	4	60	4100.42	16151.6
E2c_model5_M8	4	61	4100.25	16150.9
E2c_model5_M8	4	62	4127.3	16055.0
E2c_model5_M8	4	63	4095.67	16151.0
E2c_model5_M8	4	64	4149.17	16095.8
E2c_model5_M8	4	65	7355.27	17735.6
E2c_model5_M8	4	66	6198.11	17778.6
E2c_model5_M8	4	67	4489.85	16455.8
E2c_model5_M8	4	68	4084.67	15864.6
E2c_model5_M8	4	69	3969.41	15517.7
E2c_model5_M8	4	70	4035.42	15837.2
E2c_model5_M8	4	71	4074.13	15998.3
E2c_model5_M8	4	72	4118.42	16034.9
E2c_model5_M8	4	73	4074.63	15992.5
E2c_model5_M8	4	74	4152.05	16331.8
E2c_model5_M8	4	75	4112.38	16111.5
E2c_model5_M8	4	76	4026.38	15845.3
E2c_model5_M8	4	77	3996.71	15664.1
E2c_model5_M8	4	78	4280.22	16371.2
E2c_model5_M8	4	79	4104.17	16118.7
E2c_model5_M8	4	80	4054.59	16011.5
E2c_model5_M8	4	81	4106.34	16190.2
E2c_model5_M8	4	82	4104.96	16033.6
E2c_model5_M8	4	83	4117.38	16223.9
E2c_model5_M8	4	84	4057.04	15970.6
E2c_model5_M8	4	85	4035.5	15643.0
E2c_model5_M8	4	86	4295.97	16712.4
E2c_model5_M8	4	87	4154.84	16200.3
E2c_model5_M8	4	88	4033.46	15859.7
E2c_model5_M8	4	89	4351.47	16282.5
E2c_model5_M8	4	90	4076.96	15816.8
E2c_model5_M8	4	91	4112.09	16070.2
E2c_model5_M8	4	92	4014.33	15622.9
E2c_model5_M8	4	93	4150.17	16278.5
E2c_model5_M8	4	94	4159.13	16182.5
E2c_model5_M8	4	95	3947.83	15561.6
E2c_model5_M8	4	96	3986.79	15681.2
E2c_model5_M8	4	97	4078.96	15951.1
E2c_model5_M8	4	98	4106.38	16165.0
E2c_model5_M8	4	99	4187.05	16350.2
