surface	repeat	run	wall_us	input_us	core_us	dense_us	depthwise_us	attention_us	lut_us	concat_us	transform_us	head_us	process_cpu_us	voluntary_cs	involuntary_cs	affinity_ok	cpu4_7_ime_count	hash
compatibility_500	0	0	174690	2373.89	21811.2	87318.9	16666.9	20500.8	12405.2	6914.53	3576.46	2955.53	596096	1271	3	1	0	0xd43f5e018b415631
compatibility_500	0	1	166162	2334.31	27000	79495.9	17161.7	17336.4	10323.1	6095.83	3379.28	2873.88	588792	1256	1	1	0	0xd43f5e018b415631
compatibility_500	0	2	171039	2385.93	21610	86152.3	16570	19623.9	11224.8	7176.13	3418.35	2715.06	594366	1270	0	1	0	0xd43f5e018b415631
compatibility_500	0	3	166568	2388.01	26629.7	80702.1	16261.2	17413.4	10508.9	6187.37	3380.19	2939.95	589697	1248	0	1	0	0xd43f5e018b415631
compatibility_500	0	4	166997	2321.07	21765.5	85112	16325.7	17403.4	10303.8	7197.63	3444.1	2962.74	589974	1251	1	1	0	0xd43f5e018b415631
compatibility_500	0	5	164254	2317.77	27040.5	77912.1	16609.9	17418.6	10349.2	6002.1	3437.43	3001.49	588515	1253	5	1	0	0xd43f5e018b415631
compatibility_500	0	6	165339	3471.51	21721.7	82826	16921	17395.4	10627.4	6119.75	3330.07	2767.01	587251	1232	3	1	0	0xd43f5e018b415631
compatibility_500	0	7	161203	2392.26	21567.7	76849.5	17626.4	20109.9	10336.4	5946.44	3332.16	2877.79	581863	1215	1	1	0	0xd43f5e018b415631
compatibility_500	0	8	167319	3733.86	21710.6	82070.8	16715.8	19435.3	10842	6226.11	3515.43	2897.71	589915	1249	3	1	0	0xd43f5e018b415631
compatibility_500	0	9	207766	2396.22	41314.7	101762	16384.4	17446.2	10044.9	11435.3	3938.46	2882.12	584162	1240	14	1	0	0xd43f5e018b415631
compatibility_500	0	10	166289	2388.6	21864.9	83262.9	16816.6	18324	10410.3	6169.79	3944.88	2942.16	590172	1270	1	1	0	0xd43f5e018b415631
compatibility_500	0	11	161218	2380.27	21750.3	80379.1	16409.7	17392.7	9850.82	6563.37	3457.06	2875.46	583247	1242	4	1	0	0xd43f5e018b415631
compatibility_500	0	12	161817	2395.1	27359.8	75849.6	16305.9	17432.9	9815.49	6179.49	3350.99	2973.28	585241	1228	0	1	0	0xd43f5e018b415631
compatibility_500	0	13	166603	3500.55	21835.4	84547.2	16352.3	17369.2	10464.4	6092.75	3417.31	2865.92	590621	1238	0	1	0	0xd43f5e018b415631
compatibility_500	0	14	159703	2323.27	21698.2	75527.7	16630.3	20310	10711.3	6097.84	3384.53	2862.96	581575	1224	0	1	0	0xd43f5e018b415631
compatibility_500	0	15	165527	2343.4	21753.4	82149.1	16646.7	18822.5	10937.4	6342.27	3404.23	2970.37	588023	1247	0	1	0	0xd43f5e018b415631
compatibility_500	0	16	160477	2362.77	21485.2	78528.8	17939.6	17416.5	10383.7	6088.01	3404.78	2712.35	581970	1219	4	1	0	0xd43f5e018b415631
compatibility_500	0	17	160598	2407.89	22112.3	76377.9	17928.7	18659.7	10086.3	6080.63	3925.42	2863.05	583391	1227	2	1	0	0xd43f5e018b415631
compatibility_500	0	18	165096	2438.89	21711.4	80282.1	18340.9	18991.4	9981.06	6383.68	3859.55	2949.58	587577	1229	1	1	0	0xd43f5e018b415631
compatibility_500	0	19	162424	3898.51	21543.4	79905.7	16324.3	17378.5	10292.8	6603.41	3440.19	2870.84	585522	1241	0	1	0	0xd43f5e018b415631
compatibility_500	0	20	160372	2432.51	26812.4	75124.4	16367.5	17308.9	9795.83	6113.67	3389.28	2862.5	582568	1235	0	1	0	0xd43f5e018b415631
compatibility_500	0	21	166209	2384.81	21888.9	84648.5	16530.9	17440.3	10458.1	6419.34	3342.82	2932.83	588616	1241	0	1	0	0xd43f5e018b415631
compatibility_500	0	22	161905	2405.35	21734	76873.1	16313.2	19810.9	12077.3	6220.37	3309.62	2964.45	582406	1228	2	1	0	0xd43f5e018b415631
compatibility_500	0	23	164110	2326.15	23036.2	81344.1	16380	17501.2	10630.8	6399.18	3350.2	2972.07	585320	1236	0	1	0	0xd43f5e018b415631
compatibility_500	0	24	162423	3604.88	21651.3	79323.1	17282.3	17450.6	10734.3	5926.82	3428.9	2863.88	584639	1232	0	1	0	0xd43f5e018b415631
compatibility_500	0	25	159960	2758.02	21805	75259.3	18322.3	19325.9	9883.2	6025.56	3546.8	2869.34	581524	1233	0	1	0	0xd43f5e018b415631
compatibility_500	0	26	165432	2395.35	24511.4	81003.9	16342.9	17368.8	9907.74	7472.31	3312.95	2946.12	585942	1226	0	1	0	0xd43f5e018b415631
compatibility_500	0	27	155588	2328.82	21693.8	75582.5	16197.7	17455.1	10031.2	5854.24	3347.7	2930.75	577169	1217	0	1	0	0xd43f5e018b415631
compatibility_500	0	28	155465	2323.86	21726.8	75312.1	16226.6	17432.1	9952.32	6056.35	3333.74	2931.41	577009	1220	0	1	0	0xd43f5e018b415631
compatibility_500	0	29	155325	2338.94	21829.9	75275.1	16249.5	17444.2	9881.57	5885.66	3378.65	2875.5	576707	1206	2	1	0	0xd43f5e018b415631
compatibility_500	0	30	157402	2321.94	21707.7	75641.4	17727.8	17418.8	10125.5	5987.39	3362.9	2945.04	578038	1221	3	1	0	0xd43f5e018b415631
compatibility_500	0	31	156041	2386.43	21759.8	75594.6	16258.7	17428.1	9996.77	6187.87	3340.03	2934.16	579008	1202	1	1	0	0xd43f5e018b415631
compatibility_500	0	32	155340	2374.85	21818.7	75088	16308.5	17412.5	10004.1	5878.99	3360.24	2933.37	576394	1211	0	1	0	0xd43f5e018b415631
compatibility_500	0	33	155723	2324.07	21665.8	75582.8	16458.7	17443.1	9900.74	5938.4	3313.7	2934.79	577158	1214	0	1	0	0xd43f5e018b415631
compatibility_500	0	34	155788	2331.82	21692.6	75630.4	16300.4	17444.9	9930.07	5934.36	3426.31	2945.04	577407	1213	1	1	0	0xd43f5e018b415631
compatibility_500	0	35	155483	2337.86	21624.4	74981.7	16157.9	17430.2	10173.1	6268.7	3371.94	2977.12	578201	1207	2	1	0	0xd43f5e018b415631
compatibility_500	0	36	155897	2348.06	21785.7	75364.2	16411.4	17365.6	10099.3	5926.99	3449.23	2940.41	578098	1199	1	1	0	0xd43f5e018b415631
compatibility_500	0	37	158057	2338.44	24477	75066.6	16305.6	17697.8	9909.44	5806.88	3425.15	2875.21	579999	1227	3	1	0	0xd43f5e018b415631
compatibility_500	0	38	155732	2438.05	21702.4	74860.7	17362.4	17319.1	9688.01	5967.82	3352.12	2883	575801	1215	0	1	0	0xd43f5e018b415631
compatibility_500	0	39	156150	2398.43	21698.5	75675.8	16508.9	17292.2	9896.49	6204.75	3437.32	2872.92	578827	1220	1	1	0	0xd43f5e018b415631
compatibility_500	0	40	155826	2384.68	21535.9	75843.8	16367.3	17341.7	9698.72	6233.5	3403.65	2861.92	578936	1202	0	1	0	0xd43f5e018b415631
compatibility_500	0	41	155476	2371.77	21691.3	75510	16447.7	17323.4	9753.13	5916.28	3438.9	2862.76	577712	1218	0	1	0	0xd43f5e018b415631
compatibility_500	0	42	156243	2454.34	21736.7	75964.9	16235	17306.7	10060.3	6074.06	3385.32	2858.92	578876	1207	1	1	0	0xd43f5e018b415631
compatibility_500	0	43	155243	2383.14	21693.1	75185.4	16358	17311.4	9736.8	6143.59	3403.82	2861.26	576547	1210	3	1	0	0xd43f5e018b415631
compatibility_500	0	44	154959	2398.18	21650.9	75184.7	16244.2	17456.8	9732.35	5944.95	3372.49	2813.09	576312	1208	0	1	0	0xd43f5e018b415631
compatibility_500	0	45	155702	2394.43	21789.3	75032	16496.4	17458.6	9902.87	6261.45	3341.45	2870.92	577212	1216	1	1	0	0xd43f5e018b415631
compatibility_500	0	46	156830	2388.6	21563.8	76907.3	16331.2	17365.9	9890.33	5984.32	3361.99	2876.46	577474	1207	1	1	0	0xd43f5e018b415631
compatibility_500	0	47	155953	2410.14	21779.5	75077.3	16540.7	17272.2	10279.2	6158.72	3412.86	2862.42	578827	1220	0	1	0	0xd43f5e018b415631
compatibility_500	0	48	155830	2427.26	21774.4	75786	16271.4	17348.9	9749.09	6028.14	3413.11	2874.21	577173	1223	1	1	0	0xd43f5e018b415631
compatibility_500	0	49	156003	2392.6	21805.5	75358.6	16446.1	17282.3	10128.8	6165.3	3396.74	2870.34	579847	1209	0	1	0	0xd43f5e018b415631
compatibility_500	0	50	160007	2386.06	21753.5	79205.4	16339.4	17357	10206.7	6255.08	3465.52	2878.67	581751	1238	2	1	0	0xd43f5e018b415631
compatibility_500	0	51	155664	2344.23	21622.1	75446.9	16390	17353.6	10135.1	5960.99	3371.24	2875.38	578563	1199	0	1	0	0xd43f5e018b415631
compatibility_500	0	52	155580	2366.36	21621.5	76073	16403.3	17298.4	9665.65	5786.88	3337.66	2872.47	577044	1222	0	1	0	0xd43f5e018b415631
compatibility_500	0	53	155585	2386.27	21614.3	75473.6	16266.7	17357.8	10033	5983.03	3434.15	2869.97	578526	1226	0	1	0	0xd43f5e018b415631
compatibility_500	0	54	156870	2399.35	21519.7	76689	16363.5	17308.9	10158.2	5971.45	3368.4	2923.92	579363	1211	3	1	0	0xd43f5e018b415631
compatibility_500	0	55	155627	2336.57	21721.4	75277.4	16365.1	17365.3	9936.49	6080.81	3426.49	2954.83	577125	1212	1	1	0	0xd43f5e018b415631
compatibility_500	0	56	155198	2337.28	21558.4	75419.7	16385.7	17325.7	9723.81	6033.85	3383.36	2876.96	576888	1201	3	1	0	0xd43f5e018b415631
compatibility_500	0	57	156088	2387.27	21699.6	76128.5	16296.1	17343.7	9564.87	6164.14	3463.48	2877.21	577999	1222	0	1	0	0xd43f5e018b415631
compatibility_500	0	58	155451	2361.77	21823.8	75368.6	16308.9	17388.1	9737.43	6015.65	3437.61	2856.3	576595	1206	2	1	0	0xd43f5e018b415631
compatibility_500	0	59	155720	2396.68	21609.3	75747	16396.2	17271.6	9623.37	6176.42	3482.31	2859.38	577847	1207	1	1	0	0xd43f5e018b415631
compatibility_500	0	60	155404	2404.68	21728.7	75430.5	16253.7	17322.6	9786.01	6022.02	3428.95	2869.01	576803	1204	0	1	0	0xd43f5e018b415631
compatibility_500	0	61	155338	2411.97	21673.4	75274.5	16339.7	17412.1	10092.1	5904.79	3414.53	2652.91	577667	1228	2	1	0	0xd43f5e018b415631
compatibility_500	0	62	155578	2416.85	21685.7	74787	17245.5	17449.3	9713.1	5952.99	3333.41	2834.47	575268	1213	2	1	0	0xd43f5e018b415631
compatibility_500	0	63	158402	2401.39	21626.9	77933.3	16390.8	17405	9907.45	6205.42	3429.53	2943.33	580740	1215	0	1	0	0xd43f5e018b415631
compatibility_500	0	64	155170	2339.86	21637.2	75147.4	16355.6	17467.8	9792.47	5965.23	3355.58	2947.54	576171	1224	0	1	0	0xd43f5e018b415631
compatibility_500	0	65	155926	2316.95	21602.2	75490.4	16347.8	17442.9	10246.5	6049.06	3342.71	2930.75	579185	1215	0	1	0	0xd43f5e018b415631
compatibility_500	0	66	155430	2318.78	21590.9	75662.3	16130.3	17376.4	9961.82	5941.12	3413.45	2871.38	577952	1206	2	1	0	0xd43f5e018b415631
compatibility_500	0	67	155213	2326.28	21663.7	75254.2	16374.6	17332.7	9835.93	5952.24	3431.86	2878.88	576394	1209	2	1	0	0xd43f5e018b415631
compatibility_500	0	68	155677	2383.69	21684.1	75460.4	16395.8	17320.2	9875.72	6161.05	3372.37	2866.88	577993	1217	1	1	0	0xd43f5e018b415631
compatibility_500	0	69	155902	2437.97	21671.5	75565.6	16483.7	17290.4	10089.5	5909.62	3418.49	2874.34	578750	1206	1	1	0	0xd43f5e018b415631
compatibility_500	0	70	160546	2396.02	25988.3	76236.6	16258.5	17389	9779.43	6057.06	3335.58	2941.58	583032	1235	23	1	0	0xd43f5e018b415631
compatibility_500	0	71	155442	2327.86	21820.6	75346.1	16398.3	17443.3	9828.38	5895.25	3345.25	2878.13	577576	1206	1	1	0	0xd43f5e018b415631
compatibility_500	0	72	155493	2322.07	21639.6	75722.3	16353.2	17279.7	9736.48	5948.04	3462.52	2865.01	577237	1230	0	1	0	0xd43f5e018b415631
compatibility_500	0	73	156019	2384.61	21770.5	75714.3	16372.7	17414.7	9828.72	6034.73	3473.9	2863.47	577692	1224	1	1	0	0xd43f5e018b415631
compatibility_500	0	74	155688	2357.98	21724	75578.8	16271.2	17302	10200.9	5856.63	3372.95	2864.38	578649	1215	0	1	0	0xd43f5e018b415631
compatibility_500	0	75	156155	2370.73	21859.9	75547.3	16354.1	17361.5	10160	6126.56	3346.83	2871.88	579579	1226	0	1	0	0xd43f5e018b415631
compatibility_500	0	76	159037	3898.93	21808.9	76999.5	16388.4	17272.5	10135.6	6113.52	3386.91	2865.68	583549	1232	0	1	0	0xd43f5e018b415631
compatibility_500	0	77	155049	2387.73	21580.5	75376.8	16429	17284.2	9928.62	5939.03	3354.07	2609.2	576609	1204	0	1	0	0xd43f5e018b415631
compatibility_500	0	78	156531	2396.65	21671.3	76383.7	16306.7	17390.6	10166.1	5839.84	3344.08	2871.22	576797	1224	0	1	0	0xd43f5e018b415631
compatibility_500	0	79	155595	2407.31	21805.7	75333.8	16367.1	17349.2	9953.25	5939.49	3410.32	2857.59	577287	1222	0	1	0	0xd43f5e018b415631
compatibility_500	0	80	155138	2394.06	21632.9	75367.9	16231	17460	10005.2	5855.34	3388.99	2641.08	577716	1221	1	1	0	0xd43f5e018b415631
compatibility_500	0	81	156456	2461.72	21792	75832.3	16333.6	17345.2	10010.9	6191.34	3416.15	2866.93	579092	1213	2	1	0	0xd43f5e018b415631
compatibility_500	0	82	156254	2375.86	21739.7	75854.7	16380.2	17370.6	10157.9	5963.28	3385.74	2868.97	576899	1221	1	1	0	0xd43f5e018b415631
compatibility_500	0	83	155931	2377.23	21559.6	75945.2	16528.1	17350.3	9874.97	5901.04	3365.46	2874.84	577434	1202	2	1	0	0xd43f5e018b415631
compatibility_500	0	84	155456	2380.19	21643.6	75186.9	16487.4	17294.8	9804.1	6155.09	3476.11	2870.93	577724	1213	0	1	0	0xd43f5e018b415631
compatibility_500	0	85	155725	2446.22	21740	75334.6	16485.6	17420	9873.93	5889.8	3451.03	2883.18	577514	1213	1	1	0	0xd43f5e018b415631
compatibility_500	0	86	156732	2390.15	21697.6	76044.9	16219.9	17443.4	10250.5	6120.48	3454.53	2953.79	580211	1222	1	1	0	0xd43f5e018b415631
compatibility_500	0	87	155462	2339.49	21727.1	75439.5	16431.6	17361	9936.09	5840.05	3340.79	2882.68	578206	1209	0	1	0	0xd43f5e018b415631
compatibility_500	0	88	157814	2335.53	21632.8	75710.2	16625	19252.9	9728.2	6043.95	3383.66	2943.88	579817	1225	1	1	0	0xd43f5e018b415631
compatibility_500	0	89	156082	2378.57	21558.7	75333.4	16364	17959.9	9873.88	6282.54	3314.38	2849.05	576724	1214	2	1	0	0xd43f5e018b415631
compatibility_500	0	90	155654	2424.6	21706.5	75546.1	16230.2	17421.4	10004	5914.95	3322	2923.88	577755	1220	1	1	0	0xd43f5e018b415631
compatibility_500	0	91	155609	2390.02	21608.7	75645.1	16245.3	17441.2	9845.18	6044.57	3307.75	2924.63	578007	1208	0	1	0	0xd43f5e018b415631
compatibility_500	0	92	155257	2391.77	21699.9	75308.9	16300.5	17415	9686.74	5993.53	3368.16	2929.3	576207	1220	2	1	0	0xd43f5e018b415631
compatibility_500	0	93	155480	3219.76	21665.5	75037.6	16263.2	17378	9489.1	5982.45	3338.62	2942.21	575889	1217	2	1	0	0xd43f5e018b415631
compatibility_500	0	94	156889	2329.99	21880.2	76839.2	16110.5	17447.3	9829.56	5976.87	3385.12	2924.3	577484	1208	3	1	0	0xd43f5e018b415631
compatibility_500	0	95	155645	2402.35	21963.9	75393.5	16332.5	17450.9	9684.29	5960.54	3336.37	2911.88	576395	1208	0	1	0	0xd43f5e018b415631
compatibility_500	0	96	156233	3164.85	21895.8	75219.4	16360.1	17341.2	10020.8	5980.53	3366.04	2717.36	578398	1212	0	1	0	0xd43f5e018b415631
compatibility_500	0	97	155593	2396.94	21650.6	75438.6	16321.5	17449.1	9843.98	6122.23	3340.16	2877.89	577489	1214	1	1	0	0xd43f5e018b415631
compatibility_500	0	98	155343	2400.98	21775.4	75326.5	16177.9	17445.6	9843.47	5985.04	3306.01	2922.26	577082	1215	0	1	0	0xd43f5e018b415631
compatibility_500	0	99	155962	2407.9	21887.4	75376.8	16498.6	17444.3	9915.89	6038.9	3310.96	2925.42	579241	1216	2	1	0	0xd43f5e018b415631
compatibility_500	1	0	155321	2373.98	21817.5	74822	16366.5	17496.7	9882.23	6061.28	3399.7	2943.29	576947	1203	0	1	0	0xd43f5e018b415631
compatibility_500	1	1	158770	2335.57	21681.2	77548.2	16618.8	17428.8	10499.4	5882.67	3684.59	2930.21	581424	1244	1	1	0	0xd43f5e018b415631
compatibility_500	1	2	156766	2324.16	21645.5	76741.4	16093.5	17436.5	10070	6019.57	3337.67	2938.88	577554	1221	0	1	0	0xd43f5e018b415631
compatibility_500	1	3	155742	2335.11	21839.3	75720.7	16332.9	17385.6	9944.26	5796.81	3296.76	2930.46	577602	1212	2	1	0	0xd43f5e018b415631
compatibility_500	1	4	155871	2320.03	21793.6	75768.4	16298.1	17399	9789.53	5970.46	3448.41	2919.8	577881	1212	0	1	0	0xd43f5e018b415631
compatibility_500	1	5	155264	2328.61	21682.4	75388.5	16310.9	17314.7	9843.69	5934.46	3372.25	2928.88	576140	1194	1	1	0	0xd43f5e018b415631
compatibility_500	1	6	154942	2338.95	21755.1	75100.4	16189.8	17381.1	9789.36	6000.54	3347	2870.26	576612	1199	3	1	0	0xd43f5e018b415631
compatibility_500	1	7	155920	2331.78	21613.2	75773.1	16173.6	17408.4	10035.3	6075.11	3418.45	2924.63	578062	1217	4	1	0	0xd43f5e018b415631
compatibility_500	1	8	155281	2324.45	21818.1	75052.3	16256.9	17381.3	9878.9	6158.73	3386.62	2863.76	577596	1219	0	1	0	0xd43f5e018b415631
compatibility_500	1	9	155511	2380.98	21747.5	75278.8	16369.7	17281.7	10056	5900.84	3473.28	2865.05	578089	1233	0	1	0	0xd43f5e018b415631
compatibility_500	1	10	157782	2393.02	21801.6	76071.2	17487.2	17438.3	10142.6	6021.7	3330	2933.42	580096	1219	1	1	0	0xd43f5e018b415631
compatibility_500	1	11	155770	2338.16	21658	75773.6	16144.5	17514.1	9673.55	6188.68	3386.83	2930.3	577873	1215	1	1	0	0xd43f5e018b415631
compatibility_500	1	12	155869	2326.36	21730.6	75840.3	16353.6	17493.4	9654.84	6010.78	3364.67	2929.26	577100	1217	1	1	0	0xd43f5e018b415631
compatibility_500	1	13	155627	2336.07	21787.2	75441.6	16369.8	17386.7	9658.88	6105.86	3441.28	2944.75	577692	1221	0	1	0	0xd43f5e018b415631
compatibility_500	1	14	158125	2337.78	21783.9	77116.9	17129.7	17370.4	9996.75	5868.01	3496.4	2863.89	580021	1223	0	1	0	0xd43f5e018b415631
compatibility_500	1	15	156029	2388.9	21797.8	75863	16245.3	17419.8	9990.18	5897.34	3398.33	2874.22	579032	1224	0	1	0	0xd43f5e018b415631
compatibility_500	1	16	155299	2384.28	21595.9	75426.7	16322.6	17328.5	9923.94	5934.29	3346.63	2877.39	577167	1211	0	1	0	0xd43f5e018b415631
compatibility_500	1	17	155162	2406.73	21774.3	75240.6	16233.6	17439.1	9948.81	5922.97	3383.33	2637.75	577312	1213	0	1	0	0xd43f5e018b415631
compatibility_500	1	18	157245	2392.9	21711.3	77202.8	16328.1	17323.5	9917.52	5902.76	3422.62	2883.09	578195	1211	2	1	0	0xd43f5e018b415631
compatibility_500	1	19	160004	2331.28	21906.6	75419.2	19877.3	18186.8	9778.58	5963.92	3428.78	2939.09	578521	1203	6	1	0	0xd43f5e018b415631
compatibility_500	1	20	156035	2310.95	21656.8	76007.4	16320.2	17394	9955.64	5893.22	3384	2951.13	578257	1217	2	1	0	0xd43f5e018b415631
compatibility_500	1	21	156071	2335.32	21713.1	75579.8	16249.9	17438.8	10024.6	6254.09	3351.71	2957.17	578804	1220	0	1	0	0xd43f5e018b415631
compatibility_500	1	22	156199	2327.86	21891.7	75849.9	16315.1	17364.4	9962.18	6003.66	3387.21	2929.09	578559	1226	1	1	0	0xd43f5e018b415631
compatibility_500	1	23	155880	2326.7	21831.6	75717.6	16102.7	17517.5	9782.29	6086.11	3402.79	2948.59	577356	1207	1	1	0	0xd43f5e018b415631
compatibility_500	1	24	155379	2329.82	21734	75243.3	16124.1	17362	10137.3	5985.84	3344.09	2966.25	577981	1210	0	1	0	0xd43f5e018b415631
compatibility_500	1	25	156137	2341.82	21556.7	75613.5	16435.7	17402.9	10091.2	6059.58	3511.65	2961.5	578256	1220	1	1	0	0xd43f5e018b415631
compatibility_500	1	26	156610	2341.32	21864.3	74955.9	16164.2	17337.4	10014.3	7517.42	3305.59	2950.55	577549	1224	0	1	0	0xd43f5e018b415631
compatibility_500	1	27	158985	2386.19	21720.1	77869.2	16239.4	17395.2	9980.1	6916.07	3376.91	2932.38	581004	1232	0	1	0	0xd43f5e018b415631
compatibility_500	1	28	155634	2330.62	21990.3	75531.8	16326.2	17372.9	9603.39	5979.46	3395.46	2949.21	576811	1216	0	1	0	0xd43f5e018b415631
compatibility_500	1	29	156060	2381.19	21844.2	75534.4	16322.6	17461	10100.5	5976.09	3347.76	2936.42	578256	1221	0	1	0	0xd43f5e018b415631
compatibility_500	1	30	156811	2911.55	21970.4	75567.8	16240.3	17482.9	10230.7	5978.92	3347.5	2922.97	579608	1209	1	1	0	0xd43f5e018b415631
compatibility_500	1	31	156050	2389.32	21673.3	75677.2	16241.4	17504.1	10207.4	6094.03	3366.84	2738.11	578753	1218	3	1	0	0xd43f5e018b415631
compatibility_500	1	32	155171	2388.19	21748.7	75334.4	16297	17408.6	9556.57	6039.29	3300.05	2938.88	576373	1220	1	1	0	0xd43f5e018b415631
compatibility_500	1	33	156099	2380.15	22122.4	75366.1	16327	17559.4	9756	6150.11	3326.47	2947.84	578480	1215	4	1	0	0xd43f5e018b415631
compatibility_500	1	34	156136	2419.69	21887.4	76409.4	16185.7	17370.2	9646.93	6072.99	3312.47	2666.2	576943	1201	0	1	0	0xd43f5e018b415631
compatibility_500	1	35	156411	2426.56	21685.8	75465.2	16483.4	17349.9	10069.2	6490.45	3410.21	2861.64	579038	1231	1	1	0	0xd43f5e018b415631
compatibility_500	1	36	155629	2655.83	21600.4	75432.1	16531.4	17340.8	9586.14	6040.71	3386.58	2901.68	576660	1211	2	1	0	0xd43f5e018b415631
compatibility_500	1	37	155078	2395.44	21547.2	75299.4	16184.1	17465.2	9830.58	5965.38	3322.88	2908.55	576139	1207	0	1	0	0xd43f5e018b415631
compatibility_500	1	38	155797	2513.6	21879	75296.1	16227.2	17491.1	9950.44	6085.07	3303.51	2887.1	577161	1218	1	1	0	0xd43f5e018b415631
compatibility_500	1	39	155769	2392.9	21616.5	75592.5	16268.9	17392.4	9807.37	6270.43	3329.09	2927.84	578146	1230	1	1	0	0xd43f5e018b415631
compatibility_500	1	40	158234	2423.73	21799.7	75289.9	16261.7	19846.2	10267.3	5929.68	3340.04	2916.8	581044	1221	0	1	0	0xd43f5e018b415631
compatibility_500	1	41	155907	2336.82	21863.8	75801.8	16336.1	17391.9	9813.45	5918.64	3356.59	2927.68	577483	1207	1	1	0	0xd43f5e018b415631
compatibility_500	1	42	156138	2324.41	21714.8	76031.4	16271.5	17396.7	9832.12	6136.15	3341.17	2928.43	577815	1215	0	1	0	0xd43f5e018b415631
compatibility_500	1	43	156136	2322.78	21910.5	75529.3	16320.7	17598.1	9949.19	5995.59	3418.08	2925.05	577877	1211	1	1	0	0xd43f5e018b415631
compatibility_500	1	44	155955	2338.62	21855.9	75698.2	16248.4	17542.1	9753.1	6076.95	3345.42	2928.38	577751	1231	3	1	0	0xd43f5e018b415631
compatibility_500	1	45	156276	2339.49	21840.7	75826	16444.1	17378.6	10014.3	6012.13	3332.47	2922.84	578737	1232	3	1	0	0xd43f5e018b415631
compatibility_500	1	46	155668	2385.49	21792.2	75194.4	16349.6	17380.1	10173.8	6009.08	3300.8	2917.34	577882	1207	1	1	0	0xd43f5e018b415631
compatibility_500	1	47	155142	2376.36	21676.1	75288.5	16190.8	17443.8	9716.89	6029.96	3324.97	2930.47	576060	1228	0	1	0	0xd43f5e018b415631
compatibility_500	1	48	155651	2375.7	21803.2	75387.7	16394.3	17360.3	9812.21	6028.75	3397.33	2932.51	577156	1216	1	1	0	0xd43f5e018b415631
compatibility_500	1	49	154503	2327.58	21627.2	75021.1	16223	17381.6	9681.14	5831.9	3365.71	2872.43	575001	1204	0	1	0	0xd43f5e018b415631
compatibility_500	1	50	156767	2364.45	21667	76441	16367.7	17356.3	10122.8	5953.34	3377.5	2949.92	578462	1213	1	1	0	0xd43f5e018b415631
compatibility_500	1	51	155486	2327.24	21764.6	75107.9	16202.7	17406.7	10187.7	6059.58	3331.3	2926.72	578238	1226	0	1	0	0xd43f5e018b415631
compatibility_500	1	52	158889	2324.62	21678.5	77386.9	16524.2	17296.1	9862.49	7328.19	3443.2	2880.35	578949	1225	29	1	0	0xd43f5e018b415631
compatibility_500	1	53	158395	2393.11	24060.1	75528.7	16179.1	17433	10032.6	6323.76	3341.59	2941.3	582153	1232	0	1	0	0xd43f5e018b415631
compatibility_500	1	54	155661	2386.82	21689.4	75500.2	16508.7	17355	9782.59	5957.01	3374.25	2948.63	576926	1217	0	1	0	0xd43f5e018b415631
compatibility_500	1	55	154848	2423.82	21672.4	74858.3	16121.6	17421.8	9754.34	6143.74	3358.34	2932.22	576280	1207	1	1	0	0xd43f5e018b415631
compatibility_500	1	56	155676	2335.74	21759	75463.2	16461	17402.6	9691.31	6113.54	3335.71	2951.47	576458	1210	0	1	0	0xd43f5e018b415631
compatibility_500	1	57	154934	2336.49	21708.8	74979.9	16262	17355.8	9671.81	6169.86	3428.87	2861.1	576517	1218	3	1	0	0xd43f5e018b415631
compatibility_500	1	58	156784	2336.37	21689	76518.1	16190.8	17378.5	9918.12	6243.1	3382.5	2965.51	578750	1207	3	1	0	0xd43f5e018b415631
compatibility_500	1	59	156113	2329.78	21884.7	75663.9	16282.1	17495.1	9794.97	6184.45	3367.84	2943.8	577980	1231	1	1	0	0xd43f5e018b415631
compatibility_500	1	60	155391	2332.45	21642.2	75421.4	16370.3	17390.2	9608.57	6144.66	3365.59	2955.34	576756	1207	0	1	0	0xd43f5e018b415631
compatibility_500	1	61	155469	2330.62	21646.3	75389.8	16344	17397	9938.49	5943.93	3367.59	2951.97	577186	1206	0	1	0	0xd43f5e018b415631
compatibility_500	1	62	155646	2338.45	21701.3	75585.5	16197.6	17390.8	9969.65	6037.46	3344.34	2918.01	576915	1228	0	1	0	0xd43f5e018b415631
compatibility_500	1	63	155744	2312.95	21692.1	75706.3	16194.9	17360.3	10009.8	6061.33	3311.43	2930.22	577887	1238	2	1	0	0xd43f5e018b415631
compatibility_500	1	64	155315	2334.7	21531.6	75484.9	16212.1	17369.7	9705.39	6132.7	3501.91	2872.64	576780	1220	1	1	0	0xd43f5e018b415631
compatibility_500	1	65	155535	2322.58	21764.3	75433.1	16367.9	17344.7	9867.46	5997.84	3411.63	2863.85	577274	1213	0	1	0	0xd43f5e018b415631
compatibility_500	1	66	158618	2363.86	24763.8	75872.9	16291.4	17359.3	9880.16	5906.23	3399.09	2620.63	579984	1219	0	1	0	0xd43f5e018b415631
compatibility_500	1	67	156369	2406.24	21943.1	75755.2	16430.2	17351.8	9936.16	6072.95	3437.04	2869.85	579135	1220	0	1	0	0xd43f5e018b415631
compatibility_500	1	68	155687	2393.2	21727.4	75527.2	16477.2	17314.6	9772.47	6025.05	3410.37	2876.77	576996	1220	1	1	0	0xd43f5e018b415631
compatibility_500	1	69	156063	2644.21	21657.9	75309.3	16431.8	17310.9	9998.36	6236.73	3438.83	2870.31	578930	1215	0	1	0	0xd43f5e018b415631
compatibility_500	1	70	156039	2395.28	21555.1	75908.5	16570.5	17343.7	9859.55	5983.05	3395.59	2864.35	577308	1230	1	1	0	0xd43f5e018b415631
compatibility_500	1	71	156554	2396.03	21772.7	75795.6	16178.9	17557.2	10279.1	6032.09	3417.75	2958.72	578467	1213	4	1	0	0xd43f5e018b415631
compatibility_500	1	72	155390	2332.24	21648.4	75271.6	16334.3	17369.9	10042.1	5989.34	3381.05	2856.39	576906	1216	0	1	0	0xd43f5e018b415631
compatibility_500	1	73	155793	2320.2	21665.5	75457.9	16218.9	17391.7	10047.9	6258.11	3413.25	2859.77	578486	1217	0	1	0	0xd43f5e018b415631
compatibility_500	1	74	156629	2326.54	21592.6	76546.7	16285.1	17457.8	9901.58	6036.3	3341.22	2976.3	578631	1223	0	1	0	0xd43f5e018b415631
compatibility_500	1	75	155732	2323.75	21728.1	75665.1	16183.9	17417.6	9946.33	6031.13	3313.56	2953.64	578318	1219	0	1	0	0xd43f5e018b415631
compatibility_500	1	76	156093	2343.58	21884.6	75469.1	16474.7	17455.3	10031.9	5939.1	3379.96	2949.97	578065	1223	1	1	0	0xd43f5e018b415631
compatibility_500	1	77	154857	2337.24	21675.6	75195.8	16146.5	17415.2	9644.27	5934.35	3396.88	2942.97	575697	1205	0	1	0	0xd43f5e018b415631
compatibility_500	1	78	155528	2332.29	21711.3	75400.9	16171.6	17384.7	10098.7	6011.01	3383.8	2877.48	578353	1213	0	1	0	0xd43f5e018b415631
compatibility_500	1	79	158153	2324.79	21744.2	78208.9	16458.4	17367.3	9738.93	5988.55	3343.26	2820.48	578991	1220	1	1	0	0xd43f5e018b415631
compatibility_500	1	80	155880	2417.11	21813.7	75521.2	16313.3	17370.4	9965.2	6240.23	3319.51	2757.66	578727	1216	0	1	0	0xd43f5e018b415631
compatibility_500	1	81	155405	2392.28	21726.9	75105.2	16262	17461.9	10072.5	5908.07	3384.84	2927.26	577294	1220	0	1	0	0xd43f5e018b415631
compatibility_500	1	82	156861	2400.65	21666.3	76224	16321.4	17386.1	10208.3	6190.2	3425.12	2876.52	580030	1217	1	1	0	0xd43f5e018b415631
compatibility_500	1	83	156248	2399.91	21694.2	75958.8	16411	17359.7	9710.69	6146.74	3527.16	2875.1	579378	1223	1	1	0	0xd43f5e018b415631
compatibility_500	1	84	155470	2406.7	21766.1	75293.4	16334.8	17367.6	9845.22	6035.84	3382.38	2870.19	577020	1218	4	1	0	0xd43f5e018b415631
compatibility_500	1	85	155561	2539.89	21881.9	75207.6	16398.5	17274.8	9889.71	5921.52	3386.47	2898.6	576938	1230	0	1	0	0xd43f5e018b415631
compatibility_500	1	86	155949	2405.53	21671.6	75681.7	16347.1	17377.7	9932.83	6126.96	3374.3	2869.35	578624	1209	0	1	0	0xd43f5e018b415631
compatibility_500	1	87	155991	2400.95	21753.9	75346.7	16418.7	17359.5	10193	6089.04	3397.42	2867.94	579262	1211	1	1	0	0xd43f5e018b415631
compatibility_500	1	88	156184	2383.62	21784.8	75748.6	16224.7	17310.7	10165.5	6140.08	3400.71	2865.19	579044	1213	5	1	0	0xd43f5e018b415631
compatibility_500	1	89	156256	2364.24	21588.6	75783.7	16316.2	17387.6	10010.5	6052.51	3631.35	2952.18	579769	1212	2	1	0	0xd43f5e018b415631
compatibility_500	1	90	156562	2335.58	21666.7	76790.9	16186.7	17456.2	9719.02	5965.31	3320.14	2956.3	578136	1208	1	1	0	0xd43f5e018b415631
compatibility_500	1	91	156196	2336.79	21677.8	75886.4	16310.8	17411.6	9959.87	6070.88	3467.7	2917.22	579498	1220	0	1	0	0xd43f5e018b415631
compatibility_500	1	92	158498	2368.74	21722	77875.7	16309.1	17347.1	10319.1	6142.71	3370.09	2881.14	579684	1228	2	1	0	0xd43f5e018b415631
compatibility_500	1	93	155801	2318.71	21697.1	75537.5	16157.7	17389	9874.63	6292.94	3449.83	2868.69	578767	1206	0	1	0	0xd43f5e018b415631
compatibility_500	1	94	155821	2337.41	21731.3	75389.6	16328.2	17314.2	10136.9	6064.38	3428.21	2933.47	578677	1217	0	1	0	0xd43f5e018b415631
compatibility_500	1	95	155632	2317.58	21680.6	75530.3	16195.3	17403.1	9999.29	6061.72	3411.88	2870.23	577693	1221	4	1	0	0xd43f5e018b415631
compatibility_500	1	96	155412	2312.66	21613.4	75704.9	16328	17272.5	9743.86	5964.39	3435.17	2871.98	576622	1220	1	1	0	0xd43f5e018b415631
compatibility_500	1	97	155798	2373.99	21684.9	75670.2	16383.4	17263.3	9935.21	6024.05	3423.3	2876.94	578632	1214	1	1	0	0xd43f5e018b415631
compatibility_500	1	98	157144	2401.11	21724.6	76656.3	16285.7	17442.2	10174.2	5956.35	3381.17	2961.8	578516	1222	1	1	0	0xd43f5e018b415631
compatibility_500	1	99	156146	2453.03	21672.6	75687	16335.6	17469.5	9852.93	6138.58	3417.88	2953.39	577644	1229	0	1	0	0xd43f5e018b415631
compatibility_500	2	0	155560	2339.7	21643.7	75530	16401	17431.9	9819.52	5941.11	3347.47	2947.26	577098	1221	0	1	0	0xd43f5e018b415631
compatibility_500	2	1	155632	2318.33	21786.8	75550	16147.7	17417.7	9784.48	6137.04	3380.09	2944.89	577777	1219	1	1	0	0xd43f5e018b415631
compatibility_500	2	2	155463	2334.7	21729.6	75368.7	16278.3	17456.9	9882.97	5963.39	3325.85	2967.84	577090	1218	0	1	0	0xd43f5e018b415631
compatibility_500	2	3	155890	2335.87	21712.3	75669.2	16366.1	17407.1	9914.88	6016.84	3336.31	2961.18	577869	1205	1	1	0	0xd43f5e018b415631
compatibility_500	2	4	156453	2343.33	21621.2	76053.9	16491.1	17387.3	9934.79	6138.04	3338.05	2977.72	578950	1225	1	1	0	0xd43f5e018b415631
compatibility_500	2	5	156512	3252.11	21849.7	75553.4	16254.5	17470.8	9521.76	6153.58	3350.85	2949.72	578688	1215	0	1	0	0xd43f5e018b415631
compatibility_500	2	6	156723	2386.95	21701.4	76650.9	16468.7	17362.2	9831.97	5855.37	3382.84	2926.1	577180	1226	0	1	0	0xd43f5e018b415631
compatibility_500	2	7	155798	2385.82	21711.2	75645.3	16271.3	17451.4	9705.24	6204.37	3341.47	2921.73	577535	1211	0	1	0	0xd43f5e018b415631
compatibility_500	2	8	154953	2399.86	21682.2	75211.3	16232.7	17385.3	9702.45	5925.52	3329.64	2930.81	575775	1209	2	1	0	0xd43f5e018b415631
compatibility_500	2	9	155688	2384.2	21731.4	75575.2	16350.1	17453.3	9582.97	6186.5	3318.68	2940.14	577423	1204	0	1	0	0xd43f5e018b415631
compatibility_500	2	10	155506	2384.03	21872.7	75082.2	16304.9	17403	9894.55	6057.05	3418.71	2933.6	577256	1213	2	1	0	0xd43f5e018b415631
compatibility_500	2	11	156455	3331.35	21729.3	75408	16200.8	17334.6	9912.59	6094.8	3438.04	2844.36	578193	1222	6	1	0	0xd43f5e018b415631
compatibility_500	2	12	155726	2390.53	21809.8	75411.7	16419.9	17465.9	9728.74	6175.71	3335.06	2828.24	577395	1226	8	1	0	0xd43f5e018b415631
compatibility_500	2	13	155774	2382.45	21884.8	75467.9	16284.2	17551.5	9812.02	6074.1	3321.27	2837.57	577623	1226	7	1	0	0xd43f5e018b415631
compatibility_500	2	14	156132	2412.07	21961.8	76360.2	16233.8	17375.6	9612.13	6035.64	3370.97	2611.51	577015	1218	7	1	0	0xd43f5e018b415631
compatibility_500	2	15	155505	2409.07	21820.3	75297	16238.1	17486.4	9718.82	6232.99	3311.68	2829.07	577326	1225	3	1	0	0xd43f5e018b415631
compatibility_500	2	16	155368	2393.24	21776.1	75320.4	16191.5	17428.7	9571.63	6204.79	3364.72	2955.6	576399	1216	3	1	0	0xd43f5e018b415631
compatibility_500	2	17	157300	2367.41	21798.5	75253.9	17128.3	18759.4	9675	5908.28	3367.38	2874.02	578296	1215	1	1	0	0xd43f5e018b415631
compatibility_500	2	18	156355	2383.87	21630.9	75714	16241.1	17414.4	10337.6	6159	3447.96	2865.52	579790	1222	1	1	0	0xd43f5e018b415631
compatibility_500	2	19	155992	2322.29	21630.4	75770.7	16173.9	17352.5	10139.9	6122.84	3369.93	2946.31	579274	1223	0	1	0	0xd43f5e018b415631
compatibility_500	2	20	155988	2327.37	21860.4	75703.7	16235.3	17346.6	10104.5	5978.15	3338.93	2929.14	578217	1211	2	1	0	0xd43f5e018b415631
compatibility_500	2	21	155838	2327.71	21776.9	75630.3	16265	17360.7	9794.11	6250.33	3348.35	2931.56	577911	1221	1	1	0	0xd43f5e018b415631
compatibility_500	2	22	156471	2331.04	21641.3	76418.5	16334.7	17439.6	9998.21	5808.29	3367.76	2969.01	577678	1220	2	1	0	0xd43f5e018b415631
compatibility_500	2	23	156198	2321.42	21875.6	75366.7	16497.7	17472.1	10015.6	6178	3353.39	2960.89	578572	1228	2	1	0	0xd43f5e018b415631
compatibility_500	2	24	155284	2334.08	21647.8	75436.2	16262.7	17431.8	9606.67	6150.25	3325.93	2924.85	577103	1207	1	1	0	0xd43f5e018b415631
compatibility_500	2	25	155565	2330.83	21805.7	75543	16178.1	17404.5	9793.53	6008.93	3374.64	2963.06	577799	1212	1	1	0	0xd43f5e018b415631
compatibility_500	2	26	155902	2316.88	21700.2	75569.8	16258.3	17430.4	10099.1	6099.72	3332.35	2937.43	577729	1215	0	1	0	0xd43f5e018b415631
compatibility_500	2	27	155710	2336.58	21537.1	75734.9	16172.6	17426	9836.23	6182.33	3385.55	2933.98	576853	1212	2	1	0	0xd43f5e018b415631
compatibility_500	2	28	155654	2333.46	21540.9	75488.9	16217.1	17354.5	10039.8	6244.37	3336.22	2939.22	578827	1208	0	1	0	0xd43f5e018b415631
compatibility_500	2	29	155701	2339.12	21583.3	75619.4	16301.2	17631.1	9712.21	6005.65	3397.63	2948.77	576330	1208	3	1	0	0xd43f5e018b415631
compatibility_500	2	30	159880	2328.04	21650	78604.7	16699.9	17497.4	10322	6305.07	3373.06	2934.77	581473	1240	0	1	0	0xd43f5e018b415631
compatibility_500	2	31	155334	2325.83	21761	75487.9	16220.5	17418.7	9645.22	6028.31	3407.05	2875.11	577588	1208	1	1	0	0xd43f5e018b415631
compatibility_500	2	32	155765	2324.17	21825.8	75625	16190.6	17447.4	9933.97	6040.1	3353.18	2874.53	577577	1216	1	1	0	0xd43f5e018b415631
compatibility_500	2	33	155683	2380.58	21904.4	75482.2	16160.4	17417.8	9881.23	5997.44	3443.92	2861.99	577470	1231	0	1	0	0xd43f5e018b415631
compatibility_500	2	34	156174	2331.46	21852	75939.1	16394.5	17411.2	9777.11	5999.02	3372.35	2940.39	578797	1222	3	1	0	0xd43f5e018b415631
compatibility_500	2	35	155375	2334.58	21600.4	75485.1	16362.9	17429.6	9817.65	5893.99	3421.92	2868.82	577428	1210	4	1	0	0xd43f5e018b415631
compatibility_500	2	36	155741	2320.58	21776.2	75714.7	16225.8	17350.1	9990.01	5992.27	3345.6	2874.73	577918	1223	1	1	0	0xd43f5e018b415631
compatibility_500	2	37	155836	2314.92	22005.3	75632.6	16368.5	17355.5	9677.59	6091.47	3366.31	2871.61	577014	1223	1	1	0	0xd43f5e018b415631
compatibility_500	2	38	156564	2324.83	21829.4	76576.8	16212.9	17366.8	9637.88	6136.59	3386.89	2938.64	577542	1208	1	1	0	0xd43f5e018b415631
compatibility_500	2	39	155369	2327.71	21793.8	75529	16161.9	17383.3	9773.17	5999.36	3313.48	2926.56	576857	1230	0	1	0	0xd43f5e018b415631
compatibility_500	2	40	155623	2336.08	21747.4	75652.7	16221.2	17371.4	9667.96	6200	3342.97	2922.56	576988	1226	1	1	0	0xd43f5e018b415631
compatibility_500	2	41	155667	2334.75	21725.6	75254.1	16465.9	17342.7	10071.9	6022.19	3354.64	2934.18	579039	1225	1	1	0	0xd43f5e018b415631
compatibility_500	2	42	155575	2321.21	21721	75537	16276.6	17338.5	9947.81	5991.19	3405.26	2873.44	577624	1218	4	1	0	0xd43f5e018b415631
compatibility_500	2	43	158390	2317	21638.6	77387.4	17073.7	17393.8	10381.3	6005.15	3425.26	2613.26	581370	1229	1	1	0	0xd43f5e018b415631
compatibility_500	2	44	156367	2442.07	21645.4	75949.5	16340.5	17385.3	10163	5975.2	3425.96	2871.28	579708	1231	1	1	0	0xd43f5e018b415631
compatibility_500	2	45	156299	2400.53	21700.3	75954.7	16437.6	17321.9	9895.74	6116.43	3438.59	2870.36	578563	1225	0	1	0	0xd43f5e018b415631
compatibility_500	2	46	156986	2387.66	21658.1	77061.2	16304.3	17361.9	9776.74	5950.28	3399.26	2930.02	577554	1216	2	1	0	0xd43f5e018b415631
compatibility_500	2	47	155941	2338.33	21761.2	75753.9	16289	17548	9929.98	5869.96	3343.81	2949.02	577570	1206	3	1	0	0xd43f5e018b415631
compatibility_500	2	48	155630	2331.42	21803.8	75063.4	16185.6	17413.7	10144.7	6151.22	3424.09	2946.93	578456	1212	3	1	0	0xd43f5e018b415631
compatibility_500	2	49	156654	3344.68	21797.2	75235.9	16305.5	17485.3	10069.8	5993.61	3341.72	2925.06	579205	1218	0	1	0	0xd43f5e018b415631
compatibility_500	2	50	155609	2342.88	21664	75754.9	16261.7	17431.3	9715.38	6031.48	3319.02	2929.44	577195	1213	2	1	0	0xd43f5e018b415631
compatibility_500	2	51	156024	2328.25	21678.1	75889.7	16331.3	17490.1	9688.09	6164.72	3342.98	2945.6	577254	1219	0	1	0	0xd43f5e018b415631
compatibility_500	2	52	155751	2350.12	21743.3	75449.8	16236.1	17453	10056.1	6055.52	3328.56	2925.69	578834	1210	0	1	0	0xd43f5e018b415631
compatibility_500	2	53	155216	2343	21831.9	75158	16083.6	17356.9	9989.64	5929.53	3436.05	2926.44	576991	1200	2	1	0	0xd43f5e018b415631
compatibility_500	2	54	157388	2315.84	21762.7	76723.9	16257.1	17532.8	10760.2	5909.62	3341.06	2622.84	577406	1215	1	1	0	0xd43f5e018b415631
compatibility_500	2	55	155382	2406.24	21819.7	75160.8	16394.8	17379.7	9658.76	6083.77	3399.6	2917.52	576437	1206	0	1	0	0xd43f5e018b415631
compatibility_500	2	56	159033	2416.28	21744.7	78059.4	16248.1	17418.1	10206.8	6414.27	3353.68	2949.85	581390	1223	1	1	0	0xd43f5e018b415631
compatibility_500	2	57	156020	2335.17	21859.3	75386.7	16239.6	17432.1	10142.7	6190.67	3325.89	2942.98	579671	1221	0	1	0	0xd43f5e018b415631
compatibility_500	2	58	155594	2338.84	21784.7	75493	16339.2	17398.7	9851.03	5944.66	3341.94	2942.98	577994	1214	0	1	0	0xd43f5e018b415631
compatibility_500	2	59	155868	2323.34	21798.4	75261.5	16212.9	17456.5	10160.3	6123.89	3351.06	2940.73	579400	1214	2	1	0	0xd43f5e018b415631
compatibility_500	2	60	155511	2334.54	21831.9	75534.1	16212.1	17415.9	9701.22	6042.98	3341.19	2936.14	577569	1220	2	1	0	0xd43f5e018b415631
compatibility_500	2	61	156879	3430.64	21701.4	75449.8	16270.9	17489.1	9960.15	6119.27	3333.77	2912.48	578107	1229	2	1	0	0xd43f5e018b415631
compatibility_500	2	62	156711	2436.12	21761.3	74960.3	16345.1	17286.3	11450.1	6032.52	3412.39	2869.7	577264	1236	0	1	0	0xd43f5e018b415631
compatibility_500	2	63	156470	2400.79	21710.6	76166.3	16357.6	17370	9932.94	6063.02	3423.85	2884.07	578673	1212	1	1	0	0xd43f5e018b415631
compatibility_500	2	64	155937	2368.83	21736.4	75644.6	16245.1	17337.7	9951.07	6174.34	3456.05	2871.65	579348	1218	1	1	0	0xd43f5e018b415631
compatibility_500	2	65	155978	2320.96	21679.6	75651.8	16339.1	17424.9	10020.3	6078.94	3369.35	2932.9	577435	1219	1	1	0	0xd43f5e018b415631
compatibility_500	2	66	155458	2330.63	21711.2	75603.5	16338.3	17362	9825.04	5834.55	3419.59	2876.57	578035	1219	0	1	0	0xd43f5e018b415631
compatibility_500	2	67	155858	2330.42	21665.9	75736.1	16127	17414.1	10130.5	6078.06	3344.39	2866.61	578973	1212	2	1	0	0xd43f5e018b415631
compatibility_500	2	68	154724	2335.21	21615.5	74932.7	16402.5	17263.2	9691.22	6040.44	3373.02	2877.78	575828	1220	0	1	0	0xd43f5e018b415631
compatibility_500	2	69	158945	2397.83	21829.3	75675.7	16528.5	19767.1	10114	6201.43	3348.85	2920.9	580971	1244	2	1	0	0xd43f5e018b415631
compatibility_500	2	70	155944	2396.2	21836.8	75489	16492.7	17468.2	9769.63	6067.4	3375.18	2887.57	577509	1230	0	1	0	0xd43f5e018b415631
compatibility_500	2	71	155891	2398.54	21820.2	75281.9	16508.1	17437.1	9630.11	6194.3	3656.2	2797.62	578003	1212	1	1	0	0xd43f5e018b415631
compatibility_500	2	72	155515	2423.16	21713.1	75448.5	16135.2	17454.1	9828.71	6067.98	3347.23	2940.56	576519	1210	0	1	0	0xd43f5e018b415631
compatibility_500	2	73	156049	2375.21	21764.8	75711.7	16626.1	17482.6	9785.58	5969.95	3328.48	2843.82	578432	1227	2	1	0	0xd43f5e018b415631
compatibility_500	2	74	155483	2399.58	21536.8	75110.5	16271.4	17449.2	10385.1	5904.83	3338.65	2924.32	578344	1216	0	1	0	0xd43f5e018b415631
compatibility_500	2	75	155533	2389.29	21678.1	75392.3	16386	17487	9873.37	5893.09	3365.85	2917.27	577179	1211	0	1	0	0xd43f5e018b415631
compatibility_500	2	76	156211	2357.42	21619.2	76076	16359.5	17430.9	10020.1	5913.45	3354.27	2925.98	578062	1224	0	1	0	0xd43f5e018b415631
compatibility_500	2	77	156028	2393.37	21774.6	75920	16203	17466.1	9809.34	6115.31	3359.1	2830.45	578718	1220	1	1	0	0xd43f5e018b415631
compatibility_500	2	78	156852	2405.99	21597.4	76844.3	16401.1	17382	9872.04	5946.79	3360.1	2879.78	577217	1228	1	1	0	0xd43f5e018b415631
compatibility_500	2	79	155833	2413.16	21679.7	75682.3	16503.3	17372.5	9709.85	6039.32	3405.56	2863.78	577404	1227	0	1	0	0xd43f5e018b415631
compatibility_500	2	80	156041	2376	21916.4	76067.4	16202	17260.1	9787.47	6005.86	3393.47	2870.91	577255	1232	1	1	0	0xd43f5e018b415631
compatibility_500	2	81	156585	2370.25	21961.8	76363.5	16281.6	17382.3	9815.3	5945.79	3357.35	2931.4	579444	1221	0	1	0	0xd43f5e018b415631
compatibility_500	2	82	159025	2339.67	24095.3	75903.6	16460.4	17355.6	10361.5	5918.04	3496.96	2873.7	580425	1227	1	1	0	0xd43f5e018b415631
compatibility_500	2	83	156071	2377	21747	75551.9	16308.9	17419.2	10087.9	6159.18	3381.02	2880.57	578918	1213	1	1	0	0xd43f5e018b415631
compatibility_500	2	84	155918	2314.38	21749	75712.6	16156.8	17494.7	9828.05	6111.73	3437.93	2953.52	578255	1211	1	1	0	0xd43f5e018b415631
compatibility_500	2	85	156020	2321.46	21792.5	75744.4	16353.5	17399.3	9862.5	6132.69	3327.28	2924.98	577635	1217	3	1	0	0xd43f5e018b415631
compatibility_500	2	86	157353	2329.13	21614.3	77379.9	16392.6	17341.8	10065.1	5815.97	3310.19	2940.81	577834	1211	3	1	0	0xd43f5e018b415631
compatibility_500	2	87	155294	2373.21	21573.9	75287.6	16336.4	17399.5	10016.9	5855.3	3345.9	2935.27	576841	1219	2	1	0	0xd43f5e018b415631
compatibility_500	2	88	156287	2330.63	21664.1	75467.3	16696	17435.9	10130.5	6006.07	3459.97	2938.02	578568	1222	1	1	0	0xd43f5e018b415631
compatibility_500	2	89	155069	2381.87	21659.8	75182.5	16333.1	17378.1	9818.34	5863.59	3360.23	2926.98	576464	1211	1	1	0	0xd43f5e018b415631
compatibility_500	2	90	155412	2322.21	21929.4	75219.3	16218.3	17403.3	9995.66	5892.67	3322.9	2947.9	577536	1212	0	1	0	0xd43f5e018b415631
compatibility_500	2	91	156268	2323.13	21831.9	76117.2	16469.9	17491.2	9733.56	5865.84	3339.73	2940.4	577321	1217	1	1	0	0xd43f5e018b415631
compatibility_500	2	92	155320	2336.46	21724.9	75489.2	16175.5	17421.4	9509.7	6093.9	3481.76	2934.02	576947	1226	1	1	0	0xd43f5e018b415631
compatibility_500	2	93	155375	2331.09	21745.4	75630.9	16151.7	17339.2	9867.71	5841.76	3351.94	2951.9	576348	1218	1	1	0	0xd43f5e018b415631
compatibility_500	2	94	155459	2327.8	21658.7	75366.9	16742.6	17393.5	9664.57	5870.3	3396.81	2879.57	576780	1218	2	1	0	0xd43f5e018b415631
compatibility_500	2	95	159200	2319.63	24430.8	76282.8	16197.6	17321.3	10073.8	6091.61	3448.43	2868.49	582084	1227	1	1	0	0xd43f5e018b415631
compatibility_500	2	96	156057	2432.7	21633.7	75704.3	16497.5	17295.6	10035.2	6040.07	3402.39	2859.91	578432	1232	1	1	0	0xd43f5e018b415631
compatibility_500	2	97	155461	2377.58	21581.9	75466.8	16297.8	17319.5	9972.12	5983.46	3442.43	2859.7	577870	1229	2	1	0	0xd43f5e018b415631
compatibility_500	2	98	155705	2389.12	21765.8	75338.2	16258.4	17367.6	10087.4	6010.62	3452.22	2874.49	577414	1208	2	1	0	0xd43f5e018b415631
compatibility_500	2	99	155559	2397.91	21838.9	75381.1	16190.8	17423.6	10036.4	5861.43	3397.85	2863.57	577303	1214	4	1	0	0xd43f5e018b415631
compatibility_500	3	0	155400	2387	21581.6	75397	16237.8	17293.7	10164.1	6078.19	3467.51	2631.43	577566	1206	1	1	0	0xd43f5e018b415631
compatibility_500	3	1	155705	2393	21769.8	75613.3	16419.5	17339.5	9686.07	6225.14	3369.23	2732.67	577420	1221	0	1	0	0xd43f5e018b415631
compatibility_500	3	2	155495	2393	21625.5	75295.7	16195.4	17432.7	10033.4	6066.36	3352.19	2940.98	578327	1212	0	1	0	0xd43f5e018b415631
compatibility_500	3	3	155748	2380.33	21827.7	75580.5	16217.1	17486.2	9834.22	6011.62	3310.86	2934.98	576699	1222	0	1	0	0xd43f5e018b415631
compatibility_500	3	4	155467	2394.16	21656.3	75231.4	16210	17394.3	9931.42	6217.72	3343.94	2924.9	576832	1215	1	1	0	0xd43f5e018b415631
compatibility_500	3	5	155727	2372.5	21865	75170	16436.1	17403.9	9861.1	6161.02	3370.6	2923.78	577689	1230	0	1	0	0xd43f5e018b415631
compatibility_500	3	6	155593	2370.54	21692.4	75672.7	16180.6	17472.1	9948.79	5846.81	3311.9	2928.57	577931	1214	1	1	0	0xd43f5e018b415631
compatibility_500	3	7	156112	2397.75	21900.3	75394.6	16212.1	17901.5	9731.39	6124.98	3389.06	2906.03	577799	1226	1	1	0	0xd43f5e018b415631
compatibility_500	3	8	158601	2385.17	21666.1	78649.8	16386.4	17450.2	9716.23	5905.34	3309.07	2974.15	580175	1212	0	1	0	0xd43f5e018b415631
compatibility_500	3	9	155739	2321.92	21715.9	75333.4	16404.4	17412.3	10027.9	6062.11	3363.1	2943.9	578928	1215	0	1	0	0xd43f5e018b415631
compatibility_500	3	10	155275	2327.92	21810.5	75265.2	16354.7	17440.6	9587.7	5985.66	3463.8	2867.99	577147	1221	1	1	0	0xd43f5e018b415631
compatibility_500	3	11	155992	2320.26	21818.5	75728.7	16139.5	17396.6	9989.25	6091.45	3404.52	2938.32	577275	1218	1	1	0	0xd43f5e018b415631
compatibility_500	3	12	155197	2333.38	21684	75456.7	16281.6	17295.9	9719.31	5939.58	3446.72	2874.7	576822	1216	3	1	0	0xd43f5e018b415631
compatibility_500	3	13	155472	2386.67	21799.4	75244.8	16377.9	17359.1	9900.97	5957.5	3401.48	2880.49	577546	1212	1	1	0	0xd43f5e018b415631
compatibility_500	3	14	156189	2444.24	21760.8	75635.7	16304.2	17359.3	10129.9	6137.15	3384.98	2879.49	579066	1230	1	1	0	0xd43f5e018b415631
compatibility_500	3	15	155967	2374.46	21727.1	75517.4	16188.2	17361.1	10260	6075.36	3442.64	2859.66	578941	1221	1	1	0	0xd43f5e018b415631
compatibility_500	3	16	156338	2328.51	21854.6	75534.9	16370.1	17403.5	10292.5	6108.61	3341.57	2943.82	580372	1224	0	1	0	0xd43f5e018b415631
compatibility_500	3	17	155790	2339.59	21666.6	75419.8	16335.7	17338.4	10085.3	6138.11	3372.77	2936.11	578341	1226	1	1	0	0xd43f5e018b415631
compatibility_500	3	18	157287	2328.34	21732.3	75747.2	17745.4	17383	9700.2	6170.77	3360.44	2957.32	578434	1243	1	1	0	0xd43f5e018b415631
compatibility_500	3	19	156949	2615.85	21925.2	76243.3	16490	17324.3	9842.72	6088.28	3379.06	2884.82	580172	1223	3	1	0	0xd43f5e018b415631
compatibility_500	3	20	155193	2465.2	21713.2	75523.1	16292	17306.9	9796.02	5927.84	3386.36	2626.6	576158	1225	1	1	0	0xd43f5e018b415631
compatibility_500	3	21	158596	2395.92	21655.6	77984.3	16357.5	17400.1	10423.1	5906.43	3359.07	2951.98	581444	1220	0	1	0	0xd43f5e018b415631
compatibility_500	3	22	155846	2393.13	21700.6	75608.3	16306.1	17435.1	9943.67	6025	3347.11	2922.15	577819	1213	0	1	0	0xd43f5e018b415631
compatibility_500	3	23	155631	2323.22	21880.5	75430.3	16245.7	17478	9867.47	6026.58	3301.28	2916.45	577426	1226	1	1	0	0xd43f5e018b415631
compatibility_500	3	24	155586	2344.09	21749.9	75571.7	16227.9	17332.2	9928.17	5981.79	3342.11	2942.94	577241	1225	1	1	0	0xd43f5e018b415631
compatibility_500	3	25	156441	2339.21	21876.8	75537.7	16407.7	17747.1	9940.26	6003.87	3471.68	2944.9	579201	1233	6	1	0	0xd43f5e018b415631
compatibility_500	3	26	156731	2327.47	21704.7	76772.5	16545.4	17452.8	9751.31	5969.13	3339.78	2704.34	577125	1204	0	1	0	0xd43f5e018b415631
compatibility_500	3	27	155270	2395.88	21827.8	75218	16169.4	17491.7	9633.62	6024.71	3398.39	2945.28	577037	1214	0	1	0	0xd43f5e018b415631
compatibility_500	3	28	155712	2395.25	21869.4	75525.9	16287.8	17516.1	9769.15	5930.63	3327.11	2926.03	577832	1217	1	1	0	0xd43f5e018b415631
compatibility_500	3	29	155654	2385.67	21776.9	75163.5	16392.4	17534.7	10016.4	5945.88	3366.11	2917.28	578094	1222	2	1	0	0xd43f5e018b415631
compatibility_500	3	30	156466	2360.25	21726.9	75514.3	16407.1	17407.4	10696	6072.29	3334.65	2787.88	579443	1225	1	1	0	0xd43f5e018b415631
compatibility_500	3	31	155214	2395.13	21609.8	74988	16469.3	17447.2	9849.85	5985.5	3365.78	2945.19	576411	1212	2	1	0	0xd43f5e018b415631
compatibility_500	3	32	156478	2379.96	21696.6	76371.8	16386.8	17430.4	9966.63	6101.41	3329.82	2658.06	579032	1223	2	1	0	0xd43f5e018b415631
compatibility_500	3	33	157128	2404.38	21589.8	76357.2	16743.3	17446.7	10014.6	6162.98	3304.95	2947.78	579817	1240	0	1	0	0xd43f5e018b415631
compatibility_500	3	34	156767	2793.58	21604.3	76704.6	16149.1	17380.4	9865.6	5848.94	3316.24	2939.86	578224	1217	0	1	0	0xd43f5e018b415631
compatibility_500	3	35	155445	2341.13	21632.8	75323.4	16192.9	17442.4	9926.6	6126.49	3373.36	2920.74	577281	1206	0	1	0	0xd43f5e018b415631
compatibility_500	3	36	155200	2323.01	21560.6	75458.8	16467.6	17319.5	9630.04	5958.84	3460.85	2864.04	576101	1207	2	1	0	0xd43f5e018b415631
compatibility_500	3	37	155302	2376.92	21759.1	75044.7	16308.6	17251.8	9906.64	6109.2	3508.3	2873.7	576970	1222	2	1	0	0xd43f5e018b415631
compatibility_500	3	38	155973	2392.84	21592.9	75597.4	16284.7	17352.2	10091.1	6179.32	3447.52	2869.87	579067	1223	3	1	0	0xd43f5e018b415631
compatibility_500	3	39	155616	2398.5	21851.8	75082.5	16424.2	17311.3	10001.7	6131.07	3401.56	2852.54	578228	1211	0	1	0	0xd43f5e018b415631
compatibility_500	3	40	156055	2452.54	21855.9	75572.4	16437.5	17241.6	9924.72	6098.83	3435.52	2867.54	579015	1217	2	1	0	0xd43f5e018b415631
compatibility_500	3	41	155836	2391.71	21692.2	75785.9	16449.6	17275.9	9759.53	6057.08	3405.14	2858.7	577921	1210	1	1	0	0xd43f5e018b415631
compatibility_500	3	42	156160	2388.84	21673.8	75237.5	16895.6	17371.7	10077.8	6049.75	3427.85	2876.41	578530	1219	0	1	0	0xd43f5e018b415631
compatibility_500	3	43	155696	2321.68	21636.9	75436.4	16303.4	17390.9	10034.5	6130.82	3412.48	2873.12	577794	1216	0	1	0	0xd43f5e018b415631
compatibility_500	3	44	155462	2338.55	21680.1	75401.6	16478.9	17407.4	9726.99	6016.67	3376.9	2871.91	577927	1222	1	1	0	0xd43f5e018b415631
compatibility_500	3	45	156026	2413.88	21621.4	76073.9	16198.1	17420.5	9754.95	6040.75	3474.05	2866.12	578209	1213	1	1	0	0xd43f5e018b415631
compatibility_500	3	46	159071	2327.22	21705	76008.1	18187.4	17882.6	10385.3	6175.4	3350.2	2880.16	581551	1221	0	1	0	0xd43f5e018b415631
compatibility_500	3	47	154983	2403.25	21490.1	75190.8	16240.7	17420.9	9801.69	6096.62	3412.48	2759.96	576253	1214	0	1	0	0xd43f5e018b415631
compatibility_500	3	48	155510	2424	21802.1	75115	16184.2	17493.5	9904.89	6174.28	3323.32	2931.03	578208	1210	1	1	0	0xd43f5e018b415631
compatibility_500	3	49	155680	2396.25	21974.4	75292.3	16196.5	17398.2	9815.11	6206.61	3314.62	2928.41	577836	1210	2	1	0	0xd43f5e018b415631
compatibility_500	3	50	155786	2376.46	21647.1	75213.9	16622.7	17449.3	9954.01	6042.38	3373.74	2942.82	577343	1214	2	1	0	0xd43f5e018b415631
compatibility_500	3	51	155777	2406.34	21831.1	75335.3	16260	17414.3	9826.65	6258.64	3330.49	2920.99	578656	1210	2	1	0	0xd43f5e018b415631
compatibility_500	3	52	156103	2475.33	21974.1	75648.7	16419.5	17440.3	9603.88	6146.7	3356.57	2874.95	578900	1224	1	1	0	0xd43f5e018b415631
compatibility_500	3	53	155613	2405.71	21751.6	75427.3	16405.1	17418.3	9772.78	5967.09	3382.28	2921.99	577083	1231	0	1	0	0xd43f5e018b415631
compatibility_500	3	54	155988	2389	21602.4	76029.3	16314.7	17417.4	9714.66	6091.62	3358.19	2909.2	577543	1224	1	1	0	0xd43f5e018b415631
compatibility_500	3	55	155777	2401.59	21688.3	75304.9	16451.4	17479.8	9977.22	6060	3347.95	2912.62	578393	1221	2	1	0	0xd43f5e018b415631
compatibility_500	3	56	155668	2400.21	21816.6	75257.4	16175.5	17450.7	10134.1	5981.34	3376.19	2914.62	578588	1214	0	1	0	0xd43f5e018b415631
compatibility_500	3	57	155519	2435.87	21841	74915.1	16356.7	17436.2	10031.1	6049.08	3367.73	2924.28	577596	1231	1	1	0	0xd43f5e018b415631
compatibility_500	3	58	157532	2407	21873.7	75712.5	18066.7	17308.6	9837.61	5962.34	3326.99	2874.54	577451	1218	0	1	0	0xd43f5e018b415631
compatibility_500	3	59	158628	2382.96	21646.2	77883.4	16648.3	17427.6	10031.5	6276.35	3421.27	2750.59	580513	1236	1	1	0	0xd43f5e018b415631
compatibility_500	3	60	155600	2397.96	21693.4	75295	16305.8	17427.2	10025.5	6033.84	3354.28	2907.91	576222	1217	1	1	0	0xd43f5e018b415631
compatibility_500	3	61	155641	2420.63	21666.6	75742.1	16324.7	17353.3	9722.79	5914.52	3389.28	2936.7	575344	1220	1	1	0	0xd43f5e018b415631
compatibility_500	3	62	155720	2459.66	21637.1	75742.4	16434.2	17558	9626.5	5829.81	3334.74	2937.11	576711	1217	3	1	0	0xd43f5e018b415631
compatibility_500	3	63	156314	2396.55	21699.3	75334.3	16470.6	17977.6	10099	6050.46	3345.57	2779.55	577775	1220	4	1	0	0xd43f5e018b415631
compatibility_500	3	64	155129	2415.79	21904.5	74922.7	16211.8	17391.8	9862.61	5942.64	3363.23	2944.24	577397	1207	2	1	0	0xd43f5e018b415631
compatibility_500	3	65	155485	2386.84	21758.3	75401.5	16215.8	17443.8	9843.95	6002.88	3305.49	2918.74	576853	1217	0	1	0	0xd43f5e018b415631
compatibility_500	3	66	156301	2341.47	21942.5	75195.3	16742.2	17425.5	9942.56	6165.74	3400.4	2918.49	578107	1224	0	1	0	0xd43f5e018b415631
compatibility_500	3	67	156120	2396.34	21780.9	75448.2	16428.1	17432.2	10285.9	5948.72	3364.9	2862.62	577577	1212	2	1	0	0xd43f5e018b415631
compatibility_500	3	68	155617	2393.84	21713.7	75373.8	16504.7	17434.2	9872.07	5945.56	3298.08	2922.24	577733	1207	5	1	0	0xd43f5e018b415631
compatibility_500	3	69	156095	2396.3	21816.3	75842.3	16396.7	17450.9	9963.52	5958.76	3316.49	2798.96	578013	1233	4	1	0	0xd43f5e018b415631
compatibility_500	3	70	155521	2394.25	21805.2	75432.5	16169.4	17453.3	9751.54	6082.79	3349.2	2924.87	577406	1216	2	1	0	0xd43f5e018b415631
compatibility_500	3	71	155304	2408.17	21599.4	75301.5	16217	17429.2	9869.95	6074.34	3301.74	2936.2	577237	1216	1	1	0	0xd43f5e018b415631
compatibility_500	3	72	158412	2389.96	21866	77105.2	16854.4	17367.3	10290.2	6059.13	3373.74	2947.32	578979	1231	2	1	0	0xd43f5e018b415631
compatibility_500	3	73	155740	2330.14	21753.3	75709.8	16166.3	17359.7	9955.4	5964.18	3395.94	2947.24	578628	1208	4	1	0	0xd43f5e018b415631
compatibility_500	3	74	155291	2315.3	21629.7	75520.6	16369.7	17337.2	9654.88	6025.05	3410.61	2867.12	575452	1222	5	1	0	0xd43f5e018b415631
compatibility_500	3	75	156436	2410.09	21816.4	75719.3	16292.7	17423.3	10085.3	5997.51	3578.09	2950.49	578584	1221	6	1	0	0xd43f5e018b415631
compatibility_500	3	76	156743	2337.18	22069.2	75948.8	16226	17386.1	10248.9	6089.75	3337.58	2938.07	580035	1217	6	1	0	0xd43f5e018b415631
compatibility_500	3	77	155988	2327.68	21703.7	75679	16329.7	17473.3	10075.3	5946.56	3353.58	2938.7	578662	1206	4	1	0	0xd43f5e018b415631
compatibility_500	3	78	156564	3385.24	21722.1	75400.9	16306.4	17355.6	9851.24	6102.62	3355.2	2924.03	577623	1219	3	1	0	0xd43f5e018b415631
compatibility_500	3	79	155542	2403.21	21760.4	75511.1	16261	17443.1	9797.5	5941.94	3344.33	2917.7	577059	1210	2	1	0	0xd43f5e018b415631
compatibility_500	3	80	155655	2385.59	21695.5	75267.9	16321.4	17416.6	10117.8	6040.84	3304.66	2942.28	577457	1220	1	1	0	0xd43f5e018b415631
compatibility_500	3	81	156084	2373.34	21901.4	75710.3	16308.2	17385.4	9952.11	6049.43	3327.16	2920.95	579495	1220	5	1	0	0xd43f5e018b415631
compatibility_500	3	82	157594	2385.76	21919.5	76939.4	16256.6	17340.9	9899.61	6396.3	3418.49	2877.66	579546	1222	4	1	0	0xd43f5e018b415631
compatibility_500	3	83	156394	2377.09	21977.7	75543.8	16323.4	17436.2	10232.2	6027.59	3394.49	2917.53	580037	1221	3	1	0	0xd43f5e018b415631
compatibility_500	3	84	156043	2320.93	21624.2	75857	16349.6	17447.4	9915.07	6083.38	3361.28	2929.99	577637	1222	5	1	0	0xd43f5e018b415631
compatibility_500	3	85	158522	2335.39	21732.9	77838.5	16448.9	17431.4	9727.5	6549.87	3423.15	2874.16	579745	1229	1	1	0	0xd43f5e018b415631
compatibility_500	3	86	156954	2399.67	22533.5	75874.2	16223.8	17399.6	9892.33	6186.24	3353.03	2931.99	579513	1231	3	1	0	0xd43f5e018b415631
compatibility_500	3	87	155424	2330.14	21601	75411	16173.2	17390.8	9941.02	6102.92	3392.45	2926.16	577788	1230	2	1	0	0xd43f5e018b415631
compatibility_500	3	88	155574	2331.68	21781.8	75608.4	16344	17423.3	9803.37	5829.82	3414.9	2866.33	576614	1211	1	1	0	0xd43f5e018b415631
compatibility_500	3	89	156838	2327.3	21747.2	76061.5	16352.5	17396.4	10462.5	6088.71	3298.95	2942.74	579026	1219	1	1	0	0xd43f5e018b415631
compatibility_500	3	90	157251	2340.89	21617.2	75786.1	17515	17388.4	10124.3	6202.49	3367.12	2745.34	578681	1209	1	1	0	0xd43f5e018b415631
compatibility_500	3	91	155811	2399.63	22114.4	75498.3	16352.2	17391.3	9825.46	5986.27	3374.45	2709.31	576323	1211	3	1	0	0xd43f5e018b415631
compatibility_500	3	92	155542	2395.63	21754.7	75582.4	16306.9	17371.4	9543.2	6165.75	3335.7	2920.29	576682	1231	1	1	0	0xd43f5e018b415631
compatibility_500	3	93	155631	2395.92	21816.7	75317.6	16236.6	17413.6	9896.99	6122.55	3358.82	2919.29	577636	1202	1	1	0	0xd43f5e018b415631
compatibility_500	3	94	155566	2394.72	21864.6	75456.6	16319.5	17406.3	9856.33	5876.53	3325.2	2905.7	577608	1218	1	1	0	0xd43f5e018b415631
compatibility_500	3	95	155217	2376.67	21680.4	75411.3	16158.7	17383.3	9602.98	6165.83	3333.91	2944.95	577107	1219	2	1	0	0xd43f5e018b415631
compatibility_500	3	96	156138	2320.01	21682.2	75797.9	16476.3	17405.5	9877.37	6130.04	3370.32	2914.87	577528	1214	4	1	0	0xd43f5e018b415631
compatibility_500	3	97	156243	2403.51	21717.2	75693.4	16378.2	17408.3	10259.3	5921.4	3361.49	2933.91	578345	1216	1	1	0	0xd43f5e018b415631
compatibility_500	3	98	158379	2393.09	21629	75648.1	18241.1	18431.7	9697.89	5935.11	3294.41	2947.45	578495	1219	0	1	0	0xd43f5e018b415631
compatibility_500	3	99	155990	2328.89	21607.1	75698.2	16453.2	17373.6	10082.6	6011.01	3338.7	2937.03	578803	1209	0	1	0	0xd43f5e018b415631
compatibility_500	4	0	155865	2331.1	21743.1	75697.1	16184.5	17458.2	9941.45	6086.67	3334.49	2930.83	578617	1215	1	1	0	0xd43f5e018b415631
compatibility_500	4	1	155394	2331.39	21663	75595.6	16369.8	17366.9	9840.71	5765.21	3372.07	2929.24	576355	1210	2	1	0	0xd43f5e018b415631
compatibility_500	4	2	155281	2337.47	21807.2	75288.4	16375	17341.7	9715.72	5986.31	3409.49	2859.5	577297	1210	2	1	0	0xd43f5e018b415631
compatibility_500	4	3	155847	2330.1	21646	75513.6	16090.8	17380.5	10267.5	6104.13	3437.61	2863.96	578951	1205	0	1	0	0xd43f5e018b415631
compatibility_500	4	4	155596	2325.01	21783	75549	16358.3	17379.9	9815.79	5984.64	3374.36	2870.04	577012	1215	0	1	0	0xd43f5e018b415631
compatibility_500	4	5	155869	2353.09	21532.4	76039.8	16433.8	17298.2	9784.72	6014.51	3384.91	2870.96	577470	1228	0	1	0	0xd43f5e018b415631
compatibility_500	4	6	156199	2331.85	21576.1	76164.4	16240.9	17330.4	9918.91	6135.96	3398.32	2941.37	577594	1217	1	1	0	0xd43f5e018b415631
compatibility_500	4	7	155848	2324.76	22228	75051.7	16293.6	17441.3	10009	6068.97	3342.08	2922.83	577457	1214	0	1	0	0xd43f5e018b415631
compatibility_500	4	8	155734	2328.76	21632.1	75673	16199.3	17428.4	9864.96	6121.55	3374.24	2949.45	577006	1212	2	1	0	0xd43f5e018b415631
compatibility_500	4	9	155490	2325.93	21756.6	75504.4	16157.3	17386.1	9989.86	5941.61	3406.16	2859.5	577211	1221	0	1	0	0xd43f5e018b415631
compatibility_500	4	10	155567	2382.72	21687.7	75491.3	16279	17366.6	9878.78	6026.23	3434.2	2858.75	578428	1226	1	1	0	0xd43f5e018b415631
compatibility_500	4	11	157644	2369.47	24050.1	75059.6	16383.6	17481.2	9979.36	5886.94	3339	2932.41	579556	1230	0	1	0	0xd43f5e018b415631
compatibility_500	4	12	156215	2364.68	21826.4	75285.4	16349.1	17448.1	10181.3	6301.7	3367.87	2928.33	578633	1222	0	1	0	0xd43f5e018b415631
compatibility_500	4	13	155388	2387.88	21876.4	75061.5	16309	17499.5	9893.58	5926.99	3339.37	2928.7	577257	1217	1	1	0	0xd43f5e018b415631
compatibility_500	4	14	156421	2369.26	21880.8	75973.7	16436.4	17442.9	9980.57	5920.19	3316.13	2937.37	577926	1218	1	1	0	0xd43f5e018b415631
compatibility_500	4	15	156110	2393.47	22109.2	75327	16371.5	17391.8	10199.7	5996.18	3373.37	2718.43	576919	1216	2	1	0	0xd43f5e018b415631
compatibility_500	4	16	155803	2432	21836.3	75643.8	16183.2	17351.1	10182.6	5925.36	3351.95	2734.1	577511	1218	1	1	0	0xd43f5e018b415631
compatibility_500	4	17	155786	2390.84	21693.5	75481.9	16249.5	17407.2	10075	6143.13	3374.83	2769.3	578177	1202	1	1	0	0xd43f5e018b415631
compatibility_500	4	18	155583	2444.84	21655.6	75269.8	16442	17360.4	9728.73	6289.49	3317.91	2915	577965	1211	0	1	0	0xd43f5e018b415631
compatibility_500	4	19	155906	2394.13	21593	75774.7	16336.9	17430	9915.04	6133.17	3329.49	2840.34	578832	1211	0	1	0	0xd43f5e018b415631
compatibility_500	4	20	155323	2395.18	21792.1	75290.6	16247.4	17406.3	9767.93	5995.85	3339.45	2921.7	577411	1219	0	1	0	0xd43f5e018b415631
compatibility_500	4	21	156063	2372.64	21690.8	75771.8	16230.4	17703.8	9641.49	6192.54	3363.96	2931.5	577431	1218	5	1	0	0xd43f5e018b415631
compatibility_500	4	22	156758	2389.8	22006.4	76402.6	16368.9	17408.8	9771.64	6054.22	3321.29	2872.46	578854	1232	0	1	0	0xd43f5e018b415631
compatibility_500	4	23	155340	2418.34	21706.6	75625.5	16471.9	17379.7	9592.25	5969.73	3362.28	2642.48	576745	1211	2	1	0	0xd43f5e018b415631
compatibility_500	4	24	158277	2393.34	25038.4	74913.4	16338.1	17367.6	9807.76	5958.99	3357.12	2942.83	580030	1222	0	1	0	0xd43f5e018b415631
compatibility_500	4	25	155797	2331.31	21709	75616.1	16297	17351.1	10047.6	5931.32	3399.12	2945.33	577567	1224	2	1	0	0xd43f5e018b415631
compatibility_500	4	26	156903	3309.5	21927.8	75765.3	16258	17524.4	9724.48	6000.39	3335.16	2900.08	578830	1215	1	1	0	0xd43f5e018b415631
compatibility_500	4	27	155799	2615.15	21717.9	75508.7	16208.9	17485.3	9776.39	6044.35	3354.58	2925.12	577481	1223	3	1	0	0xd43f5e018b415631
compatibility_500	4	28	155572	2424.96	21938	75188.1	16183.4	17411.8	10061.9	5933.94	3342.17	2924.62	578194	1221	2	1	0	0xd43f5e018b415631
compatibility_500	4	29	155863	2396.13	22134.6	75285.5	16471	17473.2	9688.03	6017.18	3311.92	2925.04	577268	1212	1	1	0	0xd43f5e018b415631
compatibility_500	4	30	157052	2366.05	21757	76884.4	16493.9	17465.8	9718.49	5962.57	3368.12	2874.09	577247	1226	0	1	0	0xd43f5e018b415631
compatibility_500	4	31	156439	2397.84	21714.2	75754.4	16534.9	17377.6	10234.8	5975.19	3416.53	2878.13	578430	1226	3	1	0	0xd43f5e018b415631
compatibility_500	4	32	155634	2320.02	21788.8	75466.4	16256.1	17388	9966.54	6029.11	3380.74	2877.21	577687	1217	4	1	0	0xd43f5e018b415631
compatibility_500	4	33	155636	2408.05	21845.9	75495.2	16402.6	17384.3	9577.37	6088.22	3397.49	2873.46	577415	1219	4	1	0	0xd43f5e018b415631
compatibility_500	4	34	155691	2417.59	21712.2	75722	16220.2	17382.1	9873.55	5938.15	3410.99	2853.88	578112	1224	4	1	0	0xd43f5e018b415631
compatibility_500	4	35	156605	2419.3	21839.2	76253.7	16192.6	17361.4	9897.09	6208.54	3350.54	2914.75	579383	1220	3	1	0	0xd43f5e018b415631
compatibility_500	4	36	155881	2335.35	21694.1	75486.4	16269.5	17362	10273.3	6033.73	3349.92	2915.33	579744	1217	4	1	0	0xd43f5e018b415631
compatibility_500	4	37	158930	2342.56	21974.4	77667.9	16471.8	17247.7	10088.3	6626.21	3478.11	2866.88	580804	1216	4	1	0	0xd43f5e018b415631
compatibility_500	4	38	156282	2394.68	21681.9	76014	16215.9	17364.2	10217.7	5870.29	3485.61	2877.17	578140	1212	3	1	0	0xd43f5e018b415631
compatibility_500	4	39	154999	2322.6	21685.3	74963.5	16378.6	17260.6	9908.92	6028.44	3418.37	2870.8	577073	1214	1	1	0	0xd43f5e018b415631
compatibility_500	4	40	156124	2408.47	21807.4	75836.3	16290.4	17301.9	9952.54	5991.65	3502.69	2872.8	577457	1219	2	1	0	0xd43f5e018b415631
compatibility_500	4	41	156574	2386.47	21653.1	76193.3	16367.5	17341.3	10084.3	6025.14	3434.78	2927.33	579163	1205	2	1	0	0xd43f5e018b415631
compatibility_500	4	42	155387	2320.85	21723.8	75465.8	16151.6	17441.4	9756.69	6138.18	3360.21	2866.38	575602	1201	1	1	0	0xd43f5e018b415631
compatibility_500	4	43	155251	2327.47	21639	75533.1	16267.1	17333.1	9706.86	6033.85	3385.99	2873.67	575783	1198	2	1	0	0xd43f5e018b415631
compatibility_500	4	44	155744	2406.22	21662.6	75688	16486.3	17257.6	9844.02	5985.57	3392.78	2854.22	577701	1219	0	1	0	0xd43f5e018b415631
compatibility_500	4	45	155673	2410.22	21665.7	75423.4	16569.8	17292.5	9854.1	6028.86	3412.03	2857.84	577311	1207	2	1	0	0xd43f5e018b415631
compatibility_500	4	46	156753	2404.18	21718	75125.7	16220	17333.5	11409.4	6065.27	3386.37	2929.71	577168	1213	1	1	0	0xd43f5e018b415631
compatibility_500	4	47	157562	4007.14	21724.1	75888.9	16314.6	17418.1	9667.28	6076.52	3362.5	2938.46	579135	1224	1	1	0	0xd43f5e018b415631
compatibility_500	4	48	155581	2389.59	21813.2	75511	16409.4	17417.3	9556.34	6027.39	3383.24	2916.5	578111	1225	0	1	0	0xd43f5e018b415631
compatibility_500	4	49	155496	2374.22	21694	75714.3	16274.6	17441.1	9621.04	5979.23	3332.29	2909.88	577090	1214	1	1	0	0xd43f5e018b415631
compatibility_500	4	50	158146	2313.52	21644.3	78132.5	16285.2	17301.5	10004.5	5979.15	3453.03	2867.96	579011	1229	3	1	0	0xd43f5e018b415631
compatibility_500	4	51	154960	2418.18	21642.4	75245.8	16334	17328.1	9568.92	5982.4	3412.91	2861.09	575247	1211	1	1	0	0xd43f5e018b415631
compatibility_500	4	52	155762	2399.68	21558.7	75898	16381.8	17315.2	9824.1	6013.56	3334.5	2873.26	578329	1208	2	1	0	0xd43f5e018b415631
compatibility_500	4	53	155269	2394.22	21774.4	75273.9	16389.5	17298.3	9967.47	5936.36	3318.88	2758.56	576655	1217	3	1	0	0xd43f5e018b415631
compatibility_500	4	54	157666	2399.59	21702.9	76865.4	16322.1	17349.1	10416.2	6122.43	3389.21	2942.16	579905	1223	1	1	0	0xd43f5e018b415631
compatibility_500	4	55	155883	2327.52	21805.8	75734.1	16346	17414.3	9731.03	6068.6	3350.29	2938.25	577634	1213	0	1	0	0xd43f5e018b415631
compatibility_500	4	56	155107	2330.93	21759.8	75147.3	16393.1	17339.2	9661.49	6024.07	3416.83	2870.55	577117	1211	0	1	0	0xd43f5e018b415631
compatibility_500	4	57	155741	2404.05	21748.2	75523.5	16344.2	17319.6	9935.68	6032.57	3388.58	2881.8	578648	1221	1	1	0	0xd43f5e018b415631
compatibility_500	4	58	155226	2383.93	21621	75304.1	16540.6	17335.3	9769.07	5853.66	3393.45	2866.88	575659	1217	3	1	0	0xd43f5e018b415631
compatibility_500	4	59	156013	2398.68	21643.2	75926.8	16358.4	17311.5	9805.77	6069.1	3467.78	2874.88	577794	1225	0	1	0	0xd43f5e018b415631
compatibility_500	4	60	155519	2392.47	21700.6	75158.1	16514.4	17320.5	9983.3	6001.11	3387.99	2902.67	578224	1216	1	1	0	0xd43f5e018b415631
compatibility_500	4	61	157079	2382.76	21684.1	76365.2	16374	17338.1	10298.1	6157.38	3369.62	2949.96	581442	1221	1	1	0	0xd43f5e018b415631
compatibility_500	4	62	159174	2327.68	21723.6	76771.4	17428.5	17368.2	10844	6182.14	3416.49	2946.67	580944	1230	1	1	0	0xd43f5e018b415631
compatibility_500	4	63	155667	2381.43	21687.3	75305.6	16305.8	17264.9	10232.8	6055.9	3398	2869.96	579425	1227	0	1	0	0xd43f5e018b415631
compatibility_500	4	64	156032	2389.05	21733.5	75450.2	16504.9	17390.4	10184	5943.45	3396.54	2875.67	578814	1226	1	1	0	0xd43f5e018b415631
compatibility_500	4	65	155858	2378.85	21710.7	75314.4	16427	17317.8	10202.6	6042.19	3433.78	2868.34	579163	1216	1	1	0	0xd43f5e018b415631
compatibility_500	4	66	155419	2369.18	21637	75118.2	16351.6	17413.3	10102.9	5977.45	3408.41	2878.96	577453	1206	1	1	0	0xd43f5e018b415631
compatibility_500	4	67	155886	2385.22	21682.4	75707.6	16288.6	17369.1	10068.9	5916.7	3427.41	2875.17	579442	1214	1	1	0	0xd43f5e018b415631
compatibility_500	4	68	155895	2500.88	21663.5	75376.2	16549.7	17344	9987.59	6026.69	3418.54	2864.92	578619	1221	1	1	0	0xd43f5e018b415631
compatibility_500	4	69	155836	2389.6	21568.7	75786.8	16470.6	17326.8	9793.95	6011.41	3454.03	2874.42	578108	1215	1	1	0	0xd43f5e018b415631
compatibility_500	4	70	156513	2376.85	21430.3	76589.8	16386.3	17367.9	9880.81	6039.73	3350.04	2929.71	576282	1215	2	1	0	0xd43f5e018b415631
compatibility_500	4	71	155374	2335.1	21633.1	75332.3	16250.3	17341.7	9863.52	6182.97	3395.5	2873.3	577297	1221	1	1	0	0xd43f5e018b415631
compatibility_500	4	72	156003	2378.6	21798.8	75555.6	16225.9	17458.7	10065.8	6061.73	3409.45	2885.34	578082	1218	0	1	0	0xd43f5e018b415631
compatibility_500	4	73	155938	2325.6	21682.9	75722.1	16170.6	17395.9	9942.52	6190.47	3411.7	2933.04	578984	1213	0	1	0	0xd43f5e018b415631
compatibility_500	4	74	155221	2453.76	21615.9	75369	16254.5	17323.2	9657.95	6083.64	3434.99	2868.8	576834	1216	0	1	0	0xd43f5e018b415631
compatibility_500	4	75	158392	2423.72	21649.5	75732.8	16786.1	18820.6	9834.24	6309.92	3760.42	2914.92	581606	1220	4	1	0	0xd43f5e018b415631
compatibility_500	4	76	155724	2400.39	21585.6	75468.4	16393.7	17472.2	9840.52	6149.77	3330.5	2918.42	577769	1221	0	1	0	0xd43f5e018b415631
compatibility_500	4	77	155758	2939.88	21756.7	75178.6	16355.7	17447.9	9568.67	6039.23	3388.46	2922.42	576783	1217	3	1	0	0xd43f5e018b415631
compatibility_500	4	78	155723	2385.93	21755.4	75711.8	16168.8	17394.8	9912.93	5945.24	3342	2934.54	576251	1225	2	1	0	0xd43f5e018b415631
compatibility_500	4	79	155494	2400.14	21691.1	75365.2	16392.8	17444.6	9887.56	5919.67	3306	2929.63	576732	1222	1	1	0	0xd43f5e018b415631
compatibility_500	4	80	155134	2388.01	21692.4	75489.7	16210.7	17342.9	9660.12	5944.99	3290.59	2944.21	576596	1210	0	1	0	0xd43f5e018b415631
compatibility_500	4	81	155671	2345.85	21712.1	75641	16197.9	17346.8	9929.77	6009.15	3385.75	2940.96	577856	1213	0	1	0	0xd43f5e018b415631
compatibility_500	4	82	155260	2331.06	21790.7	75280.5	16294.4	17452.3	9551.34	6108.1	3359.59	2926.67	577200	1214	0	1	0	0xd43f5e018b415631
compatibility_500	4	83	155994	2334.56	21898.5	75685.4	16154	17467.2	9844.07	6121.52	3368.5	2955.04	578678	1223	2	1	0	0xd43f5e018b415631
compatibility_500	4	84	157201	4265.29	21591.5	75454.3	16414.3	17413.3	9709.16	5971.41	3311.04	2913.3	578720	1208	2	1	0	0xd43f5e018b415631
compatibility_500	4	85	155784	2387.26	21655.5	75588.2	16377.5	17338	9854.61	6124.64	3357.5	2949.46	578444	1203	4	1	0	0xd43f5e018b415631
compatibility_500	4	86	156848	2477.09	21861.6	75461.7	17116.6	17420.2	9994.64	6077.44	3396.46	2876.84	578471	1240	4	1	0	0xd43f5e018b415631
compatibility_500	4	87	155209	2407.89	21793.3	75165	16295	17407.3	9871.98	6027.11	3352.71	2738.31	576746	1218	5	1	0	0xd43f5e018b415631
compatibility_500	4	88	158761	2393.68	21739.6	78151.9	16398.1	17476.6	9990.93	6153.77	3345.04	2958.29	580764	1235	5	1	0	0xd43f5e018b415631
compatibility_500	4	89	155212	2327.52	21659.9	75258.4	16189.8	17376.5	9684.58	6205.97	3402.42	2947.83	576461	1213	4	1	0	0xd43f5e018b415631
compatibility_500	4	90	155867	2317.31	21866.5	75611.5	16177.5	17349	9869.78	6234.18	3338.71	2943.08	576552	1228	5	1	0	0xd43f5e018b415631
compatibility_500	4	91	155652	2326.65	21795.1	75476.4	16262.6	17438.4	10015.8	5869.13	3344.04	2952.71	578043	1213	5	1	0	0xd43f5e018b415631
compatibility_500	4	92	156112	2335.89	21762	75622	16329.2	17433.1	10103.3	6111.61	3331.17	2925.25	578299	1218	7	1	0	0xd43f5e018b415631
compatibility_500	4	93	157131	3606.6	21802.9	76024.3	16260.9	17366.4	9642.34	6148.06	3340.13	2778.73	578440	1209	1	1	0	0xd43f5e018b415631
compatibility_500	4	94	155473	2442.3	21887.9	75236.8	16269.9	17362.6	9820.99	5979.83	3356.79	2951.88	577188	1221	2	1	0	0xd43f5e018b415631
compatibility_500	4	95	156007	2374.6	21725.2	75246	16429.2	17466.6	10096.8	6240.97	3363.38	2899.05	579318	1223	0	1	0	0xd43f5e018b415631
compatibility_500	4	96	155740	2398.35	21722.1	75654.5	16290.4	17430.7	9752.79	6076.82	3319.92	2925.96	577414	1215	2	1	0	0xd43f5e018b415631
compatibility_500	4	97	155626	2405.39	21757.6	75279.8	16198.4	17475.2	9742.75	6303.46	3368	2937.55	577336	1212	2	1	0	0xd43f5e018b415631
compatibility_500	4	98	155910	2383.81	22006.4	75320.6	16465.2	17506.9	9767.45	6024.07	3352.17	2922.42	577809	1219	3	1	0	0xd43f5e018b415631
compatibility_500	4	99	155431	2411.6	21652.3	75419.5	16308.3	17467.3	9764.62	5900.55	3405.04	2943.09	576663	1202	1	1	0	0xd43f5e018b415631
selected_o2_500	0	0	142526	2237.7	19525.7	70818.6	15919.3	17053.1	7442.79	3929.46	2529.59	2985.05	708718	1	6	1	0	0xd43f5e018b415631
selected_o2_500	0	1	142270	2213.16	19432.3	70853.5	15705.8	17085.7	7417.16	3942.04	2494.89	3043.88	709859	0	2	1	0	0xd43f5e018b415631
selected_o2_500	0	2	142628	2172	19485.1	71100.3	15718.3	17006.1	7699.76	3887.79	2525.47	2949.38	700267	0	0	1	0	0xd43f5e018b415631
selected_o2_500	0	3	142102	2233.04	19432.7	71024.3	15661.3	17018	7350.3	3820.76	2522.68	2958.38	704214	0	2	1	0	0xd43f5e018b415631
selected_o2_500	0	4	143947	3375.8	19443.8	71323.1	15638.7	17019.6	7587.73	3965.2	2526.63	2987.01	712755	0	1	1	0	0xd43f5e018b415631
selected_o2_500	0	5	142304	2221.91	19384.9	71319.7	15629.1	17063.1	7416.37	3709.44	2506.51	2972.51	710391	0	0	1	0	0xd43f5e018b415631
selected_o2_500	0	6	141885	2196.71	19432.2	70905.4	15785.9	17012.4	7479.87	3728.43	2522.22	2739.99	699899	0	1	1	0	0xd43f5e018b415631
selected_o2_500	0	7	142179	2222.04	19424.9	71074.4	15634.5	17049.2	7445.83	3768.64	2493.47	2984.92	707597	0	3	1	0	0xd43f5e018b415631
selected_o2_500	0	8	142525	2171.08	19573.1	71198.4	15680.9	17139.2	7460.66	3782.35	2487.76	2949.01	698197	0	3	1	0	0xd43f5e018b415631
selected_o2_500	0	9	142691	2218	19442.1	71513	15649.8	16989.8	7518.36	4062.94	2534.72	2680.74	703524	0	1	1	0	0xd43f5e018b415631
selected_o2_500	0	10	142265	2233.91	19443.2	70920.8	15739.7	17177.4	7437.79	3765.6	2490.51	2978.97	707325	1	1	1	0	0xd43f5e018b415631
selected_o2_500	0	11	142481	2184.96	19616.2	71053.8	15694.6	16996.2	7482.12	3933.46	2491.18	2947.97	697646	0	0	1	0	0xd43f5e018b415631
selected_o2_500	0	12	142267	2197.79	19336.1	71150.4	15796.5	16968	7475.83	3803.01	2544.88	2915.93	702610	0	0	1	0	0xd43f5e018b415631
selected_o2_500	0	13	142766	2221.25	19517.2	71382.6	15701.8	17214.3	7381.13	3802.81	2491.97	2972.97	709088	0	1	1	0	0xd43f5e018b415631
selected_o2_500	0	14	141933	2180.33	19344.6	70803.4	15671	17017.4	7583.32	3805.81	2488.76	2956.68	695857	0	1	1	0	0xd43f5e018b415631
selected_o2_500	0	15	142629	2349.03	19478.7	71327.3	15722	16988	7505.2	3791.22	2547.93	2837.81	703814	0	2	1	0	0xd43f5e018b415631
selected_o2_500	0	16	142082	2235.29	19483.6	70874.3	15735	17112.4	7311.09	3784.01	2488.14	2977.09	708006	0	0	1	0	0xd43f5e018b415631
selected_o2_500	0	17	142227	2170.96	19362.1	70863.5	15842.1	17001.5	7662.73	3790.76	2493.84	2959.3	698763	0	2	1	0	0xd43f5e018b415631
selected_o2_500	0	18	142354	2224.41	19443.1	70993.9	15706.5	16996.5	7489.87	3926.17	2524.63	2969.97	705112	0	0	1	0	0xd43f5e018b415631
selected_o2_500	0	19	142523	2228.95	19412.1	71385.1	15670.9	17133.1	7403.75	3766.6	2480.76	2959.3	710919	0	1	1	0	0xd43f5e018b415631
selected_o2_500	0	20	142515	2186.12	19429.3	71041.3	15677.5	17023.6	7568.99	4053.69	2509.47	2945.18	700009	0	0	1	0	0xd43f5e018b415631
selected_o2_500	0	21	142158	2215.08	19422.8	70865.5	15696.2	16977.4	7520.65	3904.13	2495.64	2977.34	704483	0	2	1	0	0xd43f5e018b415631
selected_o2_500	0	22	144547	2219.33	19424	72665.8	15997.3	17209.4	7663.02	3871.38	2593.58	2815.4	713497	0	0	1	0	0xd43f5e018b415631
selected_o2_500	0	23	142322	2223.12	19392.6	71227.9	15697	17030.8	7465.04	3746.35	2482.18	2979.88	707976	1	1	1	0	0xd43f5e018b415631
selected_o2_500	0	24	142443	2176.09	19451.1	71112.5	15696.8	17064.5	7543.03	3865.96	2496.64	2953.43	697915	0	2	1	0	0xd43f5e018b415631
selected_o2_500	0	25	142169	2209.91	19480.6	70941	15659.6	16953.1	7509.7	3787.1	2567.92	2981.84	702960	0	0	1	0	0xd43f5e018b415631
selected_o2_500	0	26	142259	2219.33	19344.6	70913.1	15738.9	17054.3	7538.2	3903.21	2489.31	2976.01	709457	0	0	1	0	0xd43f5e018b415631
selected_o2_500	0	27	142440	2179.59	19504.1	71107.5	15765.5	16998.6	7523.16	3836.18	2504.85	2940.97	699222	0	1	1	0	0xd43f5e018b415631
selected_o2_500	0	28	142661	2234.75	19430.7	71319.8	15825.6	16928.4	7540.12	3766.1	2530.01	3000.88	704746	0	2	1	0	0xd43f5e018b415631
selected_o2_500	0	29	142064	2225.04	19451.2	71070.7	15612.9	17066.8	7300.93	3787.39	2490.64	2979.72	708716	0	0	1	0	0xd43f5e018b415631
selected_o2_500	0	30	141846	2178.63	19421.2	71013.6	15631	16974.9	7513.33	3848.97	2517.01	2667.75	699284	0	1	1	0	0xd43f5e018b415631
selected_o2_500	0	31	142217	2239.33	19457.2	71189.7	15652	17088.7	7358.68	3701.19	2492.93	2958.64	707257	0	2	1	0	0xd43f5e018b415631
selected_o2_500	0	32	142639	2179.34	19355.9	71209.3	15842.3	17057.5	7595.44	3869.34	2489.81	2961.47	697977	0	0	1	0	0xd43f5e018b415631
selected_o2_500	0	33	142191	2166.25	19341.1	71295.4	15693.1	16908.4	7440.12	3857.8	2565.39	2846.44	701810	0	0	1	0	0xd43f5e018b415631
selected_o2_500	0	34	142034	2224.29	19383.7	71080.1	15639.9	17037.6	7417.88	3735.35	2489.6	2948.22	707946	0	0	1	0	0xd43f5e018b415631
selected_o2_500	0	35	142305	2174.88	19441.5	71006.2	15622.4	17103.4	7468.75	3954.17	2486.64	2964.47	699121	0	2	1	0	0xd43f5e018b415631
selected_o2_500	0	36	142481	2231.83	19438.3	71269.5	15620.1	16973.2	7566.28	3782.18	2545.17	2974.39	705159	1	0	1	0	0xd43f5e018b415631
selected_o2_500	0	37	142741	2234.29	19643.2	71043.7	15877.6	17039.4	7493.54	3834.89	2504.89	2989.22	710558	0	1	1	0	0xd43f5e018b415631
selected_o2_500	0	38	142272	2180.21	19377.3	71122.9	15677.6	17019.9	7570.11	3805.76	2479.1	2956.76	698228	0	0	1	0	0xd43f5e018b415631
selected_o2_500	0	39	142240	2241.12	19394.3	71010.1	15622	16985.1	7580.32	3812.3	2530.22	2985.63	704243	0	0	1	0	0xd43f5e018b415631
selected_o2_500	0	40	142148	2227.87	19422.6	70904.7	15705.7	17019.5	7590.7	3716.02	2501.64	2978.3	710227	0	1	1	0	0xd43f5e018b415631
selected_o2_500	0	41	141770	2170.05	19273.2	70932.1	15708.4	16968.1	7362.22	3851.55	2536.26	2887.52	699981	0	1	1	0	0xd43f5e018b415631
selected_o2_500	0	42	143484	2225.08	19552.7	71852.5	15817.2	17036.2	7761.93	3660.69	2512.97	2985.59	709745	0	0	1	0	0xd43f5e018b415631
selected_o2_500	0	43	141990	2221.58	19361	70749.4	15771.7	17092.9	7437.59	3790.73	2489.06	2969.76	709285	0	2	1	0	0xd43f5e018b415631
selected_o2_500	0	44	142029	2186.5	19502	71052.4	15705.7	16942.3	7370.89	3906.29	2528.84	2753.99	700484	0	2	1	0	0xd43f5e018b415631
selected_o2_500	0	45	142448	2226.62	19528.4	71233.1	15677.1	17098.5	7420.34	3711.69	2509.26	2964.72	707784	0	2	1	0	0xd43f5e018b415631
selected_o2_500	0	46	142574	2178.34	19280.6	71223.5	15859	17031.9	7665.27	3789.39	2510.89	2955.18	697335	0	0	1	0	0xd43f5e018b415631
selected_o2_500	0	47	141975	2181.67	19409.7	70906.8	15710.3	16950.9	7308.4	3888.8	2539.47	2996.63	701389	0	0	1	0	0xd43f5e018b415631
selected_o2_500	0	48	142188	2227.62	19435.4	70901.2	15710.9	17007.3	7344.06	4002.2	2499.47	2982.22	708712	0	0	1	0	0xd43f5e018b415631
selected_o2_500	0	49	142292	2165	19373.5	71179.7	15826.9	16971.5	7416.09	3834.47	2486.43	2954.72	699128	0	1	1	0	0xd43f5e018b415631
selected_o2_500	0	50	142604	2310.95	19469	71393.2	15617.6	16994.1	7495.25	3734.23	2529.8	2982.3	705380	0	1	1	0	0xd43f5e018b415631
selected_o2_500	0	51	143286	2219.42	19508.5	71629.8	15713.7	16971.2	7837.05	3856.76	2493.22	2979.01	710729	0	1	1	0	0xd43f5e018b415631
selected_o2_500	0	52	142567	2177.5	19570.4	71369.4	15715.9	17028	7380.76	3772.1	2496.93	2974.05	711952	0	0	1	0	0xd43f5e018b415631
selected_o2_500	0	53	142037	2172.5	19291.6	71224.2	15685.1	16991	7416.55	3978.79	2531.22	2667.25	700306	0	0	1	0	0xd43f5e018b415631
selected_o2_500	0	54	142271	2244.37	19429.2	70866.6	15778.5	17092.8	7428.72	3762.44	2495.64	3091.75	707042	2	0	1	0	0xd43f5e018b415631
selected_o2_500	0	55	143291	2168.84	19432.3	71876.3	15644.4	17097.1	7593.74	3875.38	2548.34	2975.64	714008	0	1	1	0	0xd43f5e018b415631
selected_o2_500	0	56	142576	2188.63	19273.6	71409.4	15736.3	16981.7	7590.37	3826.76	2483.73	3004.97	699182	0	2	1	0	0xd43f5e018b415631
selected_o2_500	0	57	142339	2216.29	19542.9	70802.1	15692.9	16948.9	7679.48	3833.64	2556.51	2985.72	703886	0	0	1	0	0xd43f5e018b415631
selected_o2_500	0	58	142778	2214.83	19555.3	71181.8	15682.4	17133.3	7569.87	3894.47	2488.76	2978.43	710037	0	1	1	0	0xd43f5e018b415631
selected_o2_500	0	59	142959	2172.8	19493	71551.4	15641.9	17143.1	7508.67	3893.14	2495.89	2978.34	714109	0	2	1	0	0xd43f5e018b415631
selected_o2_500	0	60	142124	2169.13	19446.2	71009	15669.3	17013.6	7582.95	3953.55	2526.05	2673.79	700583	0	1	1	0	0xd43f5e018b415631
selected_o2_500	0	61	142253	2246.91	19406	71060.1	15642.6	17048.8	7466.09	3823.64	2495.18	2979.59	707407	0	0	1	0	0xd43f5e018b415631
selected_o2_500	0	62	142037	2179.3	19362.9	70805.1	15751.6	17029.2	7567	3841.47	2478.35	2941.89	697289	0	0	1	0	0xd43f5e018b415631
selected_o2_500	0	63	142857	2222.46	19469.7	71447.1	15743.5	16959.9	7761.31	3780.22	2521.89	2842.32	704818	0	2	1	0	0xd43f5e018b415631
selected_o2_500	0	64	142402	2306.03	19437.3	71087.6	15698.4	17096.9	7437.67	3756.9	2518.01	2983.89	708180	0	0	1	0	0xd43f5e018b415631
selected_o2_500	0	65	142530	2172.96	19421.8	71231.5	15829.4	17062.8	7569.29	3753.23	2472.85	2938.81	697782	0	1	1	0	0xd43f5e018b415631
selected_o2_500	0	66	142363	2177.92	19506	71256.5	15699.9	16974.3	7571.25	3798.73	2514.72	2783.57	702440	0	0	1	0	0xd43f5e018b415631
selected_o2_500	0	67	142125	2222.17	19362.4	71022.6	15658.7	17005.1	7491.63	3765.19	2529.1	2990.8	707431	0	0	1	0	0xd43f5e018b415631
selected_o2_500	0	68	142409	2190.13	19518.2	71189.4	15691.5	17075.5	7459.22	3756.6	2485.43	2966.35	698388	0	0	1	0	0xd43f5e018b415631
selected_o2_500	0	69	142505	2223.71	19421.1	71289.8	15635	17069.4	7522.09	3787.69	2564.84	2910.35	703774	0	1	1	0	0xd43f5e018b415631
selected_o2_500	0	70	142596	2219.08	19466.1	71382.5	15726.5	17079.6	7428.76	3732.36	2496.14	2986.05	708946	0	0	1	0	0xd43f5e018b415631
selected_o2_500	0	71	142156	2185.8	19349.4	71140.1	15664.9	16969.1	7446.89	3865.85	2500.23	2953.76	697065	0	2	1	0	0xd43f5e018b415631
selected_o2_500	0	72	142496	2216.54	19540.5	70892.4	15848.1	16968.7	7535.46	3875.22	2549.93	2972.6	703948	0	1	1	0	0xd43f5e018b415631
selected_o2_500	0	73	142482	2225.21	19612.8	70927.8	15723.5	17019.9	7577.54	3832.35	2499.14	2985.72	709017	0	2	1	0	0xd43f5e018b415631
selected_o2_500	0	74	141469	2165.51	19389.9	70821.1	15649.1	17018.2	7436.59	3734.86	2522.18	2650.96	697202	0	0	1	0	0xd43f5e018b415631
selected_o2_500	0	75	142484	2219.17	19540.5	71261.8	15779.3	17097.4	7257.65	3721.49	2534.6	2991.47	707454	0	0	1	0	0xd43f5e018b415631
selected_o2_500	0	76	142364	2178.38	19329.5	71299.4	15693.2	17018.9	7503.8	3830.98	2480.89	2951.43	696428	0	0	1	0	0xd43f5e018b415631
selected_o2_500	0	77	142262	2170.92	19320.3	71279.9	15781.2	16967.9	7446.22	3904.31	2534.39	2778.91	701703	0	1	1	0	0xd43f5e018b415631
selected_o2_500	0	78	142383	2229.46	19453.6	70923.5	15705.4	17058.6	7396.77	4038.83	2493.39	2983.6	707824	0	1	1	0	0xd43f5e018b415631
selected_o2_500	0	79	142777	2170.17	19497.6	71303	15659.3	17008.9	7522.88	4061	2493.43	2980.18	713725	0	1	1	0	0xd43f5e018b415631
selected_o2_500	0	80	142216	2175.51	19533	71002.5	15712.1	16970.3	7456.14	4076.32	2513.6	2697.16	701208	0	1	1	0	0xd43f5e018b415631
selected_o2_500	0	81	142482	2218	19424.1	70900.7	15804	17069.8	7605.12	3890.22	2533.18	2956.85	707308	0	0	1	0	0xd43f5e018b415631
selected_o2_500	0	82	142629	2178.59	19535.2	71298.5	15700.1	17052	7553.34	3755.57	2489.85	2985.97	712533	1	0	1	0	0xd43f5e018b415631
selected_o2_500	0	83	143220	2167.42	19479	71647.1	15818.3	17039.4	7514.01	4024.42	2503.23	2947.81	701708	0	1	1	0	0xd43f5e018b415631
selected_o2_500	0	84	142729	2217.17	19330.9	71478.4	15859.2	17014.1	7476.97	3771.98	2516.39	2983.8	703421	0	2	1	0	0xd43f5e018b415631
selected_o2_500	0	85	142235	2229.04	19391.6	71005.5	15760.2	17042.8	7466.05	3774.44	2524.18	2962.22	707019	0	0	1	0	0xd43f5e018b415631
selected_o2_500	0	86	142992	2179.55	19456.3	71536.2	15777.9	17027.2	7547.54	3909.01	2487.52	2992.8	713948	0	1	1	0	0xd43f5e018b415631
selected_o2_500	0	87	142610	2169.3	19398.1	71262.5	15830	16962.3	7528.05	3906.63	2524.18	2951.89	700626	0	1	1	0	0xd43f5e018b415631
selected_o2_500	0	88	142387	2231.75	19430.7	71114.1	15787.5	16995.4	7445.18	3799.65	2518.01	2988.89	705090	0	1	1	0	0xd43f5e018b415631
selected_o2_500	0	89	142893	2255.04	19500.1	71300.9	15777.9	17053	7473.85	4008.08	2486.52	2956.6	711222	0	0	1	0	0xd43f5e018b415631
selected_o2_500	0	90	142448	2174.09	19396.2	71134.4	15726.8	17046.7	7568.75	3873.26	2495.89	2953.97	698297	0	0	1	0	0xd43f5e018b415631
selected_o2_500	0	91	142495	2210.42	19266.2	71227.3	15775.3	16960.8	7651.7	3861.64	2561.05	2897.69	703499	0	2	1	0	0xd43f5e018b415631
selected_o2_500	0	92	141957	2225	19491.9	70844.5	15679.3	17074.2	7401.97	3703.65	2495.81	2960.56	708096	0	0	1	0	0xd43f5e018b415631
selected_o2_500	0	93	142378	2182.42	19343.9	71342.7	15685.2	16980.5	7470.6	3824.56	2517.73	2952.1	699714	0	1	1	0	0xd43f5e018b415631
selected_o2_500	0	94	142794	2215.21	19553.9	71398.3	15679.2	16940.9	7584.55	3802.94	2566.93	2970.39	705399	0	0	1	0	0xd43f5e018b415631
selected_o2_500	0	95	142532	2215.38	19522	71084	15763.3	17109.7	7347.77	3927.8	2494.39	2987.14	708995	0	0	1	0	0xd43f5e018b415631
selected_o2_500	0	96	142266	2175.63	19418.2	71187.3	15680.2	16984.3	7374.48	3915.05	2503.06	2946.93	697709	0	1	1	0	0xd43f5e018b415631
selected_o2_500	0	97	142218	2205.17	19582.1	71115.5	15654.1	16942.1	7401.77	3756.86	2500.73	2976.39	703601	0	1	1	0	0xd43f5e018b415631
selected_o2_500	0	98	142037	2223.5	19419.8	70905.2	15637.4	17052.9	7437.56	3775.44	2505.18	3000.39	709720	0	0	1	0	0xd43f5e018b415631
selected_o2_500	0	99	142534	2183.96	19471.4	71438.4	15627.6	17029.3	7439.06	3787.61	2493.14	2979.97	701075	0	2	1	0	0xd43f5e018b415631
selected_o2_500	1	0	142372	2228.25	19456	71289.4	15627.6	16981.2	7456.27	3792.73	2488.27	2973.51	705934	0	1	1	0	0xd43f5e018b415631
selected_o2_500	1	1	142798	2172.17	19619.2	71109.8	15664.8	17154.7	7540.38	3971.26	2534.02	2955.31	711931	0	1	1	0	0xd43f5e018b415631
selected_o2_500	1	2	142399	2182.71	19388.3	71293.1	15685.6	16992.2	7465.06	3855.47	2494.56	2961.47	699381	0	1	1	0	0xd43f5e018b415631
selected_o2_500	1	3	142734	2222	19320.1	71576.9	15619.2	16977.5	7420.57	4000.38	2527.6	2988.93	705269	0	0	1	0	0xd43f5e018b415631
selected_o2_500	1	4	142574	2234.5	19540.9	71343.7	15693.5	17032.3	7417.69	3757.36	2496.6	2980.81	709202	0	0	1	0	0xd43f5e018b415631
selected_o2_500	1	5	142589	2173.13	19320.2	71418.8	15679.6	17093.7	7428.06	3941.13	2495.31	2956.1	698031	0	1	1	0	0xd43f5e018b415631
selected_o2_500	1	6	142173	2160.97	19308.2	71203.2	15701.1	16953	7376.69	3917.51	2547.85	2926.6	702231	0	1	1	0	0xd43f5e018b415631
selected_o2_500	1	7	142883	2218.75	19533.6	71614.6	15753.5	17030.9	7379.15	3814.44	2491.77	2965.31	708985	0	0	1	0	0xd43f5e018b415631
selected_o2_500	1	8	142703	2176.67	19417.5	71155.2	15728.3	17065.2	7618.88	3987.3	2490.31	2981.35	712254	0	1	1	0	0xd43f5e018b415631
selected_o2_500	1	9	142407	2182.17	19380.1	71243.7	15735.8	16963.7	7456.81	3876.56	2535.81	2953.14	700358	0	0	1	0	0xd43f5e018b415631
selected_o2_500	1	10	143019	2681.83	19377.2	71421.8	15630.1	16964.9	7475.64	3889.64	2554.39	2941.48	706440	0	0	1	0	0xd43f5e018b415631
selected_o2_500	1	11	142276	2235	19500.4	71134.5	15652.1	17114.1	7339.16	3767.4	2489.19	2964.06	708574	0	1	1	0	0xd43f5e018b415631
selected_o2_500	1	12	142728	2180.34	19609.8	71078.6	15851.5	17029.3	7577.88	3865.31	2486.6	2946.94	699005	0	1	1	0	0xd43f5e018b415631
selected_o2_500	1	13	142415	2280.04	19406.7	71287.3	15632.3	16990.4	7357.44	3983.59	2556.1	2838.36	702817	0	2	1	0	0xd43f5e018b415631
selected_o2_500	1	14	142436	2229.79	19475.9	71114.3	15694.7	17058.5	7567.09	3748.99	2495.77	2969.43	708259	0	1	1	0	0xd43f5e018b415631
selected_o2_500	1	15	141998	2175.38	19431.2	70852.5	15724.5	17065.6	7362.87	3857.94	2495.56	2956.48	697164	0	2	1	0	0xd43f5e018b415631
selected_o2_500	1	16	142714	2228.63	19488.3	71539.4	15691.7	16932.6	7385.19	3852.35	2564.05	2947.18	704922	0	1	1	0	0xd43f5e018b415631
selected_o2_500	1	17	142585	2225.63	19512.6	71172.4	15648.7	17075.3	7474.81	3930.97	2488.35	2978.52	709068	0	0	1	0	0xd43f5e018b415631
selected_o2_500	1	18	142538	2173.18	19376.1	71420.6	15692.6	16983.9	7342.82	4019.51	2499.1	2947.48	697770	0	0	1	0	0xd43f5e018b415631
selected_o2_500	1	19	142510	2172.8	19451.5	71576.4	15653.6	16991.7	7571.26	3796.69	2562.64	2653.67	702555	0	2	1	0	0xd43f5e018b415631
selected_o2_500	1	20	142493	2211.75	19401.4	71219.5	15675.1	17026.3	7629.92	3801.65	2471.65	2975.6	707551	0	0	1	0	0xd43f5e018b415631
selected_o2_500	1	21	142574	2194.21	19401.4	71172.9	15733.2	17124.1	7630.54	3782.4	2490.15	2965.6	712292	0	1	1	0	0xd43f5e018b415631
selected_o2_500	1	22	141949	2170.97	19327.7	70934.2	15693.9	16943.6	7448.31	3931.43	2594.34	2824.32	700513	0	0	1	0	0xd43f5e018b415631
selected_o2_500	1	23	142286	2226.59	19477.5	71106.3	15654.3	17035.7	7425.35	3812.52	2488.23	2982.22	708095	0	0	1	0	0xd43f5e018b415631
selected_o2_500	1	24	142036	2176.34	19363.2	70962.5	15761.9	16988	7472.06	3785.69	2500.73	2947.81	697787	0	0	1	0	0xd43f5e018b415631
selected_o2_500	1	25	142500	2231.09	19447.3	71438.7	15629.5	17072.3	7316.08	3781.98	2530.81	2974.14	705171	0	1	1	0	0xd43f5e018b415631
selected_o2_500	1	26	142626	2231.75	19562.2	71260.6	15705.3	17126.8	7318.28	3867.56	2488.23	2986.81	710468	0	0	1	0	0xd43f5e018b415631
selected_o2_500	1	27	142668	2229.21	19466.5	71229.6	15645.4	17023.1	7685.38	3845.98	2514.35	2943.44	698953	0	2	1	0	0xd43f5e018b415631
selected_o2_500	1	28	142446	2202.63	19377.9	71320.3	15800.6	16946	7466.93	3827.65	2557.35	2870.69	703134	0	1	1	0	0xd43f5e018b415631
selected_o2_500	1	29	142120	2214.17	19408.3	70825.1	15727.5	17111.3	7579.22	3708.57	2499.61	2966.43	708129	0	1	1	0	0xd43f5e018b415631
selected_o2_500	1	30	142545	2186.42	19450.4	71128.1	15735	16999.7	7495.73	4034.42	2493.68	2944.56	699197	0	1	1	0	0xd43f5e018b415631
selected_o2_500	1	31	142176	2216.38	19435.9	70945.8	15586.9	16974.1	7479.48	3917.35	2552.47	2985.6	703682	0	0	1	0	0xd43f5e018b415631
selected_o2_500	1	32	141990	2215.34	19525.8	70802.6	15731.6	17032.2	7324.7	3800.65	2491.31	2983.68	709782	0	1	1	0	0xd43f5e018b415631
selected_o2_500	1	33	141880	2170.43	19304.4	71045.4	15646	16974.3	7310.41	3828.86	2551.77	2967.56	700804	0	1	1	0	0xd43f5e018b415631
selected_o2_500	1	34	142622	2212.13	19398.3	71142.3	15675.2	17082.3	7574.59	3979.8	2483.4	2993.06	708711	0	2	1	0	0xd43f5e018b415631
selected_o2_500	1	35	142342	2173.43	19478.7	71202.4	15691.4	16947.1	7384.78	3944.14	2496.77	2942.52	697237	0	0	1	0	0xd43f5e018b415631
selected_o2_500	1	36	142241	2202.55	19311.1	71023.9	15851.1	16975.5	7402.57	3838.85	2560.8	2996.39	702750	0	1	1	0	0xd43f5e018b415631
selected_o2_500	1	37	142749	2225.55	19549.7	71274.9	15635.4	17125.1	7612.59	3767.82	2498.44	2979.39	709453	0	0	1	0	0xd43f5e018b415631
selected_o2_500	1	38	141881	2175.55	19373.8	71125.5	15662	16996.7	7280.75	3743.24	2498.11	2947.4	696692	0	0	1	0	0xd43f5e018b415631
selected_o2_500	1	39	142173	2222.51	19375	70934.5	15689	16981.7	7516.9	3858.98	2526.1	2987.73	704469	0	0	1	0	0xd43f5e018b415631
selected_o2_500	1	40	142289	2211.09	19527.1	71097.1	15623.4	17054.9	7411.74	3775.7	2518.48	2987.6	710904	0	1	1	0	0xd43f5e018b415631
selected_o2_500	1	41	142586	2173.38	19331.8	71435.9	15646.5	16951.9	7487.02	3981.14	2514.39	2986.6	701217	0	1	1	0	0xd43f5e018b415631
selected_o2_500	1	42	142256	2216.01	19420.9	71184	15683.1	17038.8	7223.63	3942.76	2498.65	2968.39	705541	0	1	1	0	0xd43f5e018b415631
selected_o2_500	1	43	142443	2175.55	19529.4	71170.2	15629.4	17098.8	7492.39	3791.15	2495.9	2980.68	711768	0	1	1	0	0xd43f5e018b415631
selected_o2_500	1	44	142104	2179.47	19394.3	71126.7	15712.4	16986.7	7450.32	3909.18	2545.64	2720.25	700735	0	1	1	0	0xd43f5e018b415631
selected_o2_500	1	45	142141	2218.92	19449.9	70856.8	15644.2	17066.6	7635.26	3715.74	2487.23	2990.02	707533	0	0	1	0	0xd43f5e018b415631
selected_o2_500	1	46	142606	2183.97	19425	71275.1	15702.5	17073	7557.35	3875.31	2486.81	2946.86	698436	0	1	1	0	0xd43f5e018b415631
selected_o2_500	1	47	142130	2166.34	19348.7	70978.4	15773.7	16951.2	7502.73	3811.57	2546.89	2968.64	702239	0	0	1	0	0xd43f5e018b415631
selected_o2_500	1	48	142159	2356.83	19295.2	70885.6	15697.1	17051.9	7465.07	3844.61	2490.56	2987.6	708556	0	2	1	0	0xd43f5e018b415631
selected_o2_500	1	49	141604	2168.68	19460.3	70616	15793	17033.1	7342.83	3761.99	2555.35	2794.2	698628	0	0	1	0	0xd43f5e018b415631
selected_o2_500	1	50	142330	2225.3	19464.7	71099.7	15721.4	17073.1	7496.36	3703.79	2504.15	2963.94	707915	0	1	1	0	0xd43f5e018b415631
selected_o2_500	1	51	143121	2176.3	19458.1	71488	15849.9	16988.9	7627.51	3964.84	2494.73	2990.81	714501	0	1	1	0	0xd43f5e018b415631
selected_o2_500	1	52	142547	2177.26	19326.5	71137.8	15719.1	17005.6	7582.97	4011.26	2552.1	2954.9	700579	0	0	1	0	0xd43f5e018b415631
selected_o2_500	1	53	142224	2216.96	19340.7	71083.3	15704.3	17008.6	7403.83	3916.72	2487.27	2983.27	705112	0	0	1	0	0xd43f5e018b415631
selected_o2_500	1	54	142662	2178.55	19560.9	71144.4	15692.9	17140.7	7593.31	3794.74	2523.27	2952.19	711634	0	1	1	0	0xd43f5e018b415631
selected_o2_500	1	55	142895	2179.22	19506.4	71204.7	15683.9	16977.3	7800.71	4009.76	2505.48	2947.65	700352	0	1	1	0	0xd43f5e018b415631
selected_o2_500	1	56	142111	2214.84	19488.7	70995.7	15614.3	16972.6	7463.15	3747.74	2546.18	2987.81	703025	1	1	1	0	0xd43f5e018b415631
selected_o2_500	1	57	142862	2219.38	19419.2	71578.6	15642.4	17081.6	7480.11	3904.27	2491.07	2965.81	710387	0	1	1	0	0xd43f5e018b415631
selected_o2_500	1	58	142960	2178.38	19581.3	71559.4	15808.3	17058	7449.2	3777.86	2493.07	2975.64	714176	0	1	1	0	0xd43f5e018b415631
selected_o2_500	1	59	142088	2183.38	19420.3	71266.2	15638.2	17060.2	7312.62	3939.68	2519.19	2667.97	700600	0	0	1	0	0xd43f5e018b415631
selected_o2_500	1	60	142551	2225.21	19561.8	71192.1	15727.6	17091.8	7446.99	3746.28	2497.56	2978.19	707696	0	2	1	0	0xd43f5e018b415631
selected_o2_500	1	61	142267	2172.93	19413	71186.1	15680.1	17020.1	7444.07	3827.94	2487.11	2950.4	695741	0	6	1	0	0xd43f5e018b415631
selected_o2_500	1	62	142065	2178.34	19473	70970.2	15647.8	16977.3	7365.54	3881.48	2552.39	2939.19	701517	0	2	1	0	0xd43f5e018b415631
selected_o2_500	1	63	142861	2240.59	19498.3	71427.9	15835.1	17095.3	7356.75	3852.98	2492.31	2984.56	709310	0	0	1	0	0xd43f5e018b415631
selected_o2_500	1	64	142299	2184.13	19472.8	71072.7	15686.2	17015.7	7485.2	3871.14	2492.61	2938.82	696338	0	1	1	0	0xd43f5e018b415631
selected_o2_500	1	65	142824	2164.64	19513.8	71231.9	15710.5	16964	7760.12	3882.31	2545.56	2973.48	702597	0	0	1	0	0xd43f5e018b415631
selected_o2_500	1	66	142755	2229.21	19547.7	71290.4	15808.3	17014.8	7419.28	3863.23	2533.48	2970.61	706296	0	0	1	0	0xd43f5e018b415631
selected_o2_500	1	67	142428	2232.34	19451.4	71124.1	15665.1	17091.4	7488.61	3809.4	2507.81	2976.44	709953	0	1	1	0	0xd43f5e018b415631
selected_o2_500	1	68	142850	2181.84	19410.3	71646.9	15657	17089.1	7519.73	3842.32	2480.94	2943.36	699816	0	1	1	0	0xd43f5e018b415631
selected_o2_500	1	69	142519	2206.8	19401.9	71354.7	15707.8	16991.9	7629.81	3778.7	2539.98	2826.49	703010	0	1	1	0	0xd43f5e018b415631
selected_o2_500	1	70	142537	2222.47	19506.3	71232.5	15722.3	17151.4	7395.12	3769.82	2482.44	2976.94	708147	0	1	1	0	0xd43f5e018b415631
selected_o2_500	1	71	142491	2171.59	19457.5	71182.7	15694.9	17030.2	7475.65	3966.81	2485.36	2945.86	697006	0	1	1	0	0xd43f5e018b415631
selected_o2_500	1	72	142124	2166.01	19266.8	71077.7	15749.3	16982.6	7443.28	3887.6	2551.1	2883.86	701630	0	1	1	0	0xd43f5e018b415631
selected_o2_500	1	73	142077	2222.05	19472.9	70946.6	15647.5	17091	7393.58	3751.66	2494.65	2957.32	708230	0	0	1	0	0xd43f5e018b415631
selected_o2_500	1	74	142184	2184.18	19311.1	71079.2	15620.5	17047.8	7576.98	3839.82	2488.61	2956.61	698750	0	0	1	0	0xd43f5e018b415631
selected_o2_500	1	75	142880	2234.26	19448.3	71515	15775.8	17009.2	7618.56	3756.24	2518.61	2924.07	705810	0	0	1	0	0xd43f5e018b415631
selected_o2_500	1	76	142146	2245.55	19398.9	71071.9	15672.5	17069.1	7325.13	3772.87	2529.27	2980.06	708399	0	2	1	0	0xd43f5e018b415631
selected_o2_500	1	77	142571	2174.72	19507.4	71197.9	15870.9	17005.2	7421.2	3861.65	2499.86	2951.82	699516	0	0	1	0	0xd43f5e018b415631
selected_o2_500	1	78	142660	2366.03	19466	71157.8	15767.8	16973.8	7505.78	3920.77	2543.44	2880.82	704329	0	1	1	0	0xd43f5e018b415631
selected_o2_500	1	79	142291	2219.76	19412.8	70963.8	15746.7	17044.5	7499.61	3881.69	2470.99	2971.65	708457	0	0	1	0	0xd43f5e018b415631
selected_o2_500	1	80	141465	2168.34	19359.5	70931.5	15605.6	17006.2	7322.88	3751.91	2489.11	2750.38	697584	0	0	1	0	0xd43f5e018b415631
selected_o2_500	1	81	141886	2216.55	19491.2	70865.6	15694.8	17042.7	7370.24	3667.83	2498.23	2957.61	707146	0	0	1	0	0xd43f5e018b415631
selected_o2_500	1	82	141639	2176.3	19313.5	70967.5	15695.8	16916.5	7268.84	3975.68	2523.94	2719.8	698469	0	1	1	0	0xd43f5e018b415631
selected_o2_500	1	83	142326	2240.13	19364.4	70848.5	15782.2	17021.6	7608.1	3931.48	2486.86	2963.27	707621	0	1	1	0	0xd43f5e018b415631
selected_o2_500	1	84	142703	2175.43	19564.5	71282.8	15656.4	17006.6	7440.99	4036.51	2505.77	2954.19	713737	0	1	1	0	0xd43f5e018b415631
selected_o2_500	1	85	142111	2172.3	19409.8	70974.9	15802.8	16933.3	7502.53	3849.19	2559.56	2828.91	701271	0	1	1	0	0xd43f5e018b415631
selected_o2_500	1	86	142778	2229.17	19470.6	71263.1	15841.2	16993	7514.32	3928.27	2490.52	2964.77	708608	0	1	1	0	0xd43f5e018b415631
selected_o2_500	1	87	142362	2174.72	19440.8	71071	15877.3	17037.4	7329.41	3909.89	2499.23	2944.23	696114	0	1	1	0	0xd43f5e018b415631
selected_o2_500	1	88	142272	2181.84	19448.8	71233.1	15718.8	17044.7	7503.16	3892.57	2526.69	2640.93	701254	0	0	1	0	0xd43f5e018b415631
selected_o2_500	1	89	142432	2224.09	19381.4	71300	15665.6	17075.5	7474.24	3750.95	2509.9	2974.94	707380	0	0	1	0	0xd43f5e018b415631
selected_o2_500	1	90	142487	2167.05	19503	71019.2	15826.7	16998.2	7536.49	3934.06	2469.7	2953.65	696719	0	2	1	0	0xd43f5e018b415631
selected_o2_500	1	91	141965	2173.01	19375.2	70836.9	15808.7	16930.9	7422.45	3839.9	2550.35	2947.73	701285	0	0	1	0	0xd43f5e018b415631
selected_o2_500	1	92	143102	2228.38	19458.2	71484.6	15838.4	17043.3	7525.11	3964.14	2498.73	2981.81	709612	0	1	1	0	0xd43f5e018b415631
selected_o2_500	1	93	141879	2185.59	19378.7	70942.4	15659.1	17017.5	7393.2	3785.7	2498.65	2939.57	695132	0	0	1	0	0xd43f5e018b415631
selected_o2_500	1	94	144169	2249.59	19429.5	72323.3	15764	17075.2	7689.39	4014.51	2509.44	3022.18	720701	0	2	1	0	0xd43f5e018b415631
selected_o2_500	1	95	142676	2167.93	19388.7	71422.9	15673.5	17010.3	7424.12	4003.47	2525.36	2975.57	701825	0	0	1	0	0xd43f5e018b415631
selected_o2_500	1	96	142247	2240.84	19389.9	71043.7	15698.8	17093.4	7382.42	3860.36	2492.19	2966.03	705620	0	1	1	0	0xd43f5e018b415631
selected_o2_500	1	97	142232	2170.84	19475	70911.8	15677.9	17070.8	7618.19	3787.16	2491.32	2953.4	695699	0	1	1	0	0xd43f5e018b415631
selected_o2_500	1	98	142064	2191.22	19516.9	70786	15850	16929.2	7423.16	3814.07	2584.48	2888.82	701497	0	1	1	0	0xd43f5e018b415631
selected_o2_500	1	99	142601	2217.18	19426.5	71133.3	15645.3	17069.2	7566.23	4001.84	2485.69	2974.44	708810	0	1	1	0	0xd43f5e018b415631
selected_o2_500	2	0	142662	2191.18	19356.7	71138.3	15823.1	17110	7666.85	3875.23	2491.82	2928.9	713574	0	1	1	0	0xd43f5e018b415631
selected_o2_500	2	1	142096	2168.43	19389.2	71107.2	15800.4	16965	7352.92	3922.65	2539.94	2772.62	701016	0	0	1	0	0xd43f5e018b415631
selected_o2_500	2	2	142484	2229.18	19519.7	71091.6	15728	17089.5	7418.83	3837.57	2495.15	2992.98	708063	0	0	1	0	0xd43f5e018b415631
selected_o2_500	2	3	142748	2184.89	19281.8	71445.4	15691.5	17098.1	7611.56	3881.69	2502.78	2967.11	713349	0	2	1	0	0xd43f5e018b415631
selected_o2_500	2	4	142013	2175.05	19350.8	71050.9	15680.1	16969.8	7464.2	3832.28	2554.77	2856.2	700791	0	2	1	0	0xd43f5e018b415631
selected_o2_500	2	5	142181	2228.72	19417.3	71068.1	15624	17047.3	7488.58	3763.99	2495.4	2970.77	708006	1	0	1	0	0xd43f5e018b415631
selected_o2_500	2	6	141936	2166.97	19541.5	70806.2	15723.8	16979.8	7312.63	3831.36	2495.11	2969.94	698129	0	1	1	0	0xd43f5e018b415631
selected_o2_500	2	7	142182	2238.84	19401.5	70876.4	15808.7	17019.1	7488.29	3794.53	2492.32	2981.82	705743	0	0	1	0	0xd43f5e018b415631
selected_o2_500	2	8	142370	2192.01	19393.9	71076	15835.8	17005.5	7560.03	3780.66	2497.61	2949.9	696257	0	0	1	0	0xd43f5e018b415631
selected_o2_500	2	9	142847	2178.51	19485	71376.6	15803.8	16984.5	7476.36	3992.98	2527.44	2941.69	702268	0	0	1	0	0xd43f5e018b415631
selected_o2_500	2	10	142726	2221.05	19502.7	71261.6	15734.3	17018.3	7441.54	3944.86	2524.27	2995.48	705783	0	1	1	0	0xd43f5e018b415631
selected_o2_500	2	11	142506	2226.8	19501.5	70986.3	15632.4	17056.5	7629.44	3938.15	2485.9	2969.48	709745	0	1	1	0	0xd43f5e018b415631
selected_o2_500	2	12	142552	2179.47	19508.1	71136	15675.5	17093.3	7657.15	3764.75	2516.32	2940.49	698836	0	1	1	0	0xd43f5e018b415631
selected_o2_500	2	13	142725	2210.14	19490.5	71162.9	15801.9	17051.3	7754.05	3930.06	2521.15	2721.88	703929	0	1	1	0	0xd43f5e018b415631
selected_o2_500	2	14	142329	2222.51	19505.7	70957.6	15722.4	17051.3	7570.41	3732.54	2525.69	2958.98	707282	0	1	1	0	0xd43f5e018b415631
selected_o2_500	2	15	143223	2176.05	19474.2	71580.9	15778.7	17044.8	7617.48	3969.77	2522.48	2973.78	714065	0	0	1	0	0xd43f5e018b415631
selected_o2_500	2	16	142508	2193.8	19465.9	71212.9	15649.7	17043.6	7458.29	3879.82	2505.78	3016.35	699621	0	0	1	0	0xd43f5e018b415631
selected_o2_500	2	17	142686	2231.63	19362.1	71503.3	15707.4	16965.7	7423.67	3922.02	2554.98	2935.32	704825	0	0	1	0	0xd43f5e018b415631
selected_o2_500	2	18	142476	2219.26	19466.8	70964.2	15717.4	17029.1	7456.12	4012.52	2501.57	3025.73	708863	0	3	1	0	0xd43f5e018b415631
selected_o2_500	2	19	142518	2199.59	19467.6	71111.4	15816.2	17023	7526.45	3800.87	2500.32	2962.98	698197	0	0	1	0	0xd43f5e018b415631
selected_o2_500	2	20	142541	2196.05	19401	71681.2	15683.6	16985.5	7413.08	3797.91	2519.19	2781.83	703142	0	1	1	0	0xd43f5e018b415631
selected_o2_500	2	21	142650	2222.63	19350.9	71462.8	15769.2	17069.9	7492.12	3733.16	2486.57	2982.61	708270	0	0	1	0	0xd43f5e018b415631
selected_o2_500	2	22	142768	2178.93	19505.8	71149.2	15845.7	17161.7	7440.34	3921.19	2499.53	2986.11	712855	0	0	1	0	0xd43f5e018b415631
selected_o2_500	2	23	142634	2175.76	19407.3	71135.4	15829.1	16995.9	7546.82	3919.15	2536.15	3006.06	700759	0	1	1	0	0xd43f5e018b415631
selected_o2_500	2	24	142353	2206.93	19294.9	71279.8	15684.1	17036.1	7395.38	3871.69	2520.44	2981.23	705025	0	1	1	0	0xd43f5e018b415631
selected_o2_500	2	25	142814	2219.22	19424.5	71401.2	15638.4	17080	7596.44	3869.49	2521.23	2982.73	711021	0	1	1	0	0xd43f5e018b415631
selected_o2_500	2	26	142574	2193.35	19586.9	70952.5	15785.2	16972.7	7852.01	3712.29	2489.57	2945.74	698761	0	1	1	0	0xd43f5e018b415631
selected_o2_500	2	27	142736	2216.68	19421.2	71627.8	15685	16949.7	7612.45	3868.57	2550.4	2724.17	703677	0	1	1	0	0xd43f5e018b415631
selected_o2_500	2	28	142562	2240.59	19480.8	71215.1	15715.8	17138.7	7384.05	3817.95	2519.94	2966.36	707277	0	1	1	0	0xd43f5e018b415631
selected_o2_500	2	29	142603	2173.1	19330	71608.2	15698.3	17084.6	7359.59	3805.62	2484.4	2979.78	712195	0	0	1	0	0xd43f5e018b415631
selected_o2_500	2	30	141943	2183.35	19294.3	71110.8	15749.8	16959.4	7468.08	3788.95	2557.15	2751.46	700223	0	0	1	0	0xd43f5e018b415631
selected_o2_500	2	31	143146	2226.3	19395.7	71693.7	15782.2	16998	7516.29	3923.73	2535.94	2996.11	708702	0	0	1	0	0xd43f5e018b415631
selected_o2_500	2	32	143259	2224.22	19518.7	71886.8	15662.3	17124.2	7407.75	3842.74	2503.9	3007.4	711150	0	3	1	0	0xd43f5e018b415631
selected_o2_500	2	33	142778	2193.72	19542.7	71448.3	15648	17068.1	7497.79	3823.74	2499.23	2975.23	712919	0	0	1	0	0xd43f5e018b415631
selected_o2_500	2	34	142696	2196.26	19485.6	71335.8	15693	17026.1	7563.53	3831.28	2529.61	2955.61	700686	0	1	1	0	0xd43f5e018b415631
selected_o2_500	2	35	142442	2218.8	19616.6	70932.1	15681.7	16972.2	7589.07	3849.83	2523.24	2976.57	704860	0	0	1	0	0xd43f5e018b415631
selected_o2_500	2	36	142262	2223.43	19257.4	71224	15632.8	17108	7642.23	3819.08	2502.94	2769.67	709939	0	0	1	0	0xd43f5e018b415631
selected_o2_500	2	37	142596	2176.47	19389.5	71183.7	15696.3	17037.7	7651.73	3907.7	2518.23	2953.32	700278	0	0	1	0	0xd43f5e018b415631
selected_o2_500	2	38	142819	2225.8	19396.9	71433.9	15698.3	16970.5	7665.57	3890.69	2554.06	2902.28	705205	0	1	1	0	0xd43f5e018b415631
selected_o2_500	2	39	142630	2235.8	19500.1	71258.3	15695.9	17058.6	7420.63	3888.15	2499.44	2991.44	708682	0	2	1	0	0xd43f5e018b415631
selected_o2_500	2	40	142499	2178.01	19490.9	71301.4	15677.7	17027.1	7382.92	3836.99	2503.9	3018.27	697153	0	1	1	0	0xd43f5e018b415631
selected_o2_500	2	41	142167	2183.89	19373.8	71143.1	15691.9	16961.7	7597.82	3773.95	2537.07	2821.87	701564	0	1	1	0	0xd43f5e018b415631
selected_o2_500	2	42	143107	2225.43	19518.9	71423.4	15834.6	17057	7593.57	3876.49	2520.73	2977.19	708824	0	1	1	0	0xd43f5e018b415631
selected_o2_500	2	43	142892	2226.59	19404.9	71346.4	15654.5	17126.3	7599.99	3954.86	2535.61	2965.86	711337	0	0	1	0	0xd43f5e018b415631
selected_o2_500	2	44	142065	2181.76	19318.2	71160	15640.3	17000.7	7442.09	3807.41	2496.57	2939.53	698074	0	0	1	0	0xd43f5e018b415631
selected_o2_500	2	45	142174	2226.59	19310.9	71275.9	15649.6	17035.5	7349.09	3769.42	2492.49	2984.23	704974	0	0	1	0	0xd43f5e018b415631
selected_o2_500	2	46	142564	2175.64	19452.1	71175.5	15649.2	17085.1	7456.96	3996.35	2518.28	2972.94	711659	0	2	1	0	0xd43f5e018b415631
selected_o2_500	2	47	142411	2177.14	19453.9	71269	15607.1	16978.1	7563.62	3764.58	2522.69	2997.36	700435	0	0	1	0	0xd43f5e018b415631
selected_o2_500	2	48	142604	2217.22	19416.9	71332.9	15875	17051.6	7349.89	3767.84	2529.36	2982.44	706050	0	1	1	0	0xd43f5e018b415631
selected_o2_500	2	49	141904	2221.97	19370.4	70696.5	15700.8	17025.1	7548.29	3815.58	2500.65	2942.45	694067	0	0	1	0	0xd43f5e018b415631
selected_o2_500	2	50	142124	2163.89	19379.3	71117.4	15647.9	16941.5	7405.34	3959.78	2553.32	2875.83	701661	0	0	1	0	0xd43f5e018b415631
selected_o2_500	2	51	142469	2216.22	19527.9	71199	15640.7	17052.9	7583.16	3693.34	2507.23	2971.7	708558	0	0	1	0	0xd43f5e018b415631
selected_o2_500	2	52	142048	2172.85	19448.4	70848.3	15868	17022.2	7398.14	3758.92	2491.15	2957.07	697324	0	2	1	0	0xd43f5e018b415631
selected_o2_500	2	53	142285	2242.09	19433.5	71121.3	15624.6	16999.7	7576.91	3707.17	2525.07	2974.45	704347	0	1	1	0	0xd43f5e018b415631
selected_o2_500	2	54	142860	2257.55	19497.4	71414.9	15684.4	17061.9	7484.75	3893.2	2492.53	2990.49	710585	0	1	1	0	0xd43f5e018b415631
selected_o2_500	2	55	142600	2189.72	19486.2	71156.1	15706.3	16997.7	7618.87	3926.32	2487.82	2951.7	697969	0	1	1	0	0xd43f5e018b415631
selected_o2_500	2	56	142941	2176.01	19452.5	71539.6	15661	17019.2	7482.38	4033.93	2524.15	2976.07	702872	0	1	1	0	0xd43f5e018b415631
selected_o2_500	2	57	142190	2234.68	19364.9	70991.3	15690.3	17021.2	7450.89	3906.53	2489.49	2960.11	705486	0	0	1	0	0xd43f5e018b415631
selected_o2_500	2	58	142538	2178.14	19330.2	71181.1	15770.5	17113.8	7487.8	3924.15	2493.03	2975.2	712138	0	0	1	0	0xd43f5e018b415631
selected_o2_500	2	59	142562	2183.89	19331.5	71043.4	15916.8	16969.8	7547.96	3964.9	2522.11	3002.36	701031	0	1	1	0	0xd43f5e018b415631
selected_o2_500	2	60	142275	2233.05	19430	71358.8	15633.7	17022.5	7273.52	3786.21	2489.2	2968.36	705543	0	2	1	0	0xd43f5e018b415631
selected_o2_500	2	61	142483	2171.52	19384.7	71115.3	15651.6	17013.8	7595.46	3999.27	2497.91	2976.95	711860	0	0	1	0	0xd43f5e018b415631
selected_o2_500	2	62	142834	2179.18	19482.2	71349.9	15819.3	17026	7700.32	3758.84	2491.03	2945.95	701332	0	1	1	0	0xd43f5e018b415631
selected_o2_500	2	63	142232	2211.51	19546.4	71119.1	15616.5	16903.8	7504.25	3743.71	2522.86	2986.03	704410	0	0	1	0	0xd43f5e018b415631
selected_o2_500	2	64	142189	2219.01	19484.2	70856.7	15655.1	17092.3	7599.2	3699.55	2523.15	2978.61	710570	0	0	1	0	0xd43f5e018b415631
selected_o2_500	2	65	142542	2182.01	19385.6	71105.2	15671.2	16967.3	7770.35	3892.32	2518.11	2971.32	701208	0	0	1	0	0xd43f5e018b415631
selected_o2_500	2	66	142576	2208.55	19661.4	70936.2	15659.3	17070	7689.2	3762.17	2529.65	2977.36	706063	0	1	1	0	0xd43f5e018b415631
selected_o2_500	2	67	142393	2221.05	19481	71060.3	15726.5	17041.6	7576.87	3698.67	2534.15	2972.03	710693	0	1	1	0	0xd43f5e018b415631
selected_o2_500	2	68	142400	2170.06	19375.2	70968.1	15722.2	17025.9	7582.04	4003.23	2515.57	2955.24	699898	0	1	1	0	0xd43f5e018b415631
selected_o2_500	2	69	142532	2228.59	19501.6	71131.2	15705.4	16943.9	7521.63	3914.24	2518.36	2987.28	705561	1	1	1	0	0xd43f5e018b415631
selected_o2_500	2	70	142813	2224.64	19490.7	71582.8	15775.4	17068.3	7283.48	3827.5	2492.91	2986.7	710766	0	1	1	0	0xd43f5e018b415631
selected_o2_500	2	71	141860	2178.14	19476.3	70532.4	15624.4	17008.9	7351.56	4131.68	2484.49	2992.15	697750	0	0	1	0	0xd43f5e018b415631
selected_o2_500	2	72	142604	2227.51	19492.5	71478.2	15638.7	17029.2	7346.02	3800	2529.86	2978.78	706120	0	0	1	0	0xd43f5e018b415631
selected_o2_500	2	73	142361	2242.84	19472.1	71021.6	15785.9	17035.2	7536.09	3743.25	2478.99	2967.03	710527	0	0	1	0	0xd43f5e018b415631
selected_o2_500	2	74	141960	2176.77	19277.6	71194.4	15636.2	16981	7534.96	3881.99	2521.98	2671.81	699679	0	2	1	0	0xd43f5e018b415631
selected_o2_500	2	75	142725	2215.05	19535.8	71575.8	15677.7	17044.8	7359.23	3763.05	2495.66	2977.82	707694	0	1	1	0	0xd43f5e018b415631
selected_o2_500	2	76	142196	2171.93	19350.7	70857.3	15691.7	17142.7	7495.04	3976.27	2482.87	2948.16	695375	0	1	1	0	0xd43f5e018b415631
selected_o2_500	2	77	142210	2180.22	19397.2	71180.5	15650.3	17007.6	7525.76	3885.49	2529.53	2769.88	701528	0	0	1	0	0xd43f5e018b415631
selected_o2_500	2	78	142447	2216.89	19468.8	71112.1	15719.4	17080.4	7443.09	3855.99	2498.36	2971.7	708065	0	0	1	0	0xd43f5e018b415631
selected_o2_500	2	79	142466	2180.14	19557.7	71128.8	15730	17058.2	7479.01	3800.08	2509.99	2943.24	697393	0	0	1	0	0xd43f5e018b415631
selected_o2_500	2	80	141842	2178.47	19480.9	70714.2	15678.5	16951.6	7380.77	3791.13	2552.19	3034.23	701787	0	1	1	0	0xd43f5e018b415631
selected_o2_500	2	81	142114	2220.55	19444.2	70976.5	15671.8	17110.6	7429.06	3708.09	2484.91	2982.11	709265	0	2	1	0	0xd43f5e018b415631
selected_o2_500	2	82	141889	2175.52	19425	70966.2	15655.7	16962.9	7510.93	3867.16	2519.86	2727.93	699769	0	1	1	0	0xd43f5e018b415631
selected_o2_500	2	83	142831	2233.8	19366.5	71328.2	15723.8	16935.7	7581.5	4080.85	2512.4	2987.86	708123	0	1	1	0	0xd43f5e018b415631
selected_o2_500	2	84	143014	2171.31	19511.8	71578.1	15715.6	17020.5	7518.88	3927.82	2525.45	2964.41	712130	0	1	1	0	0xd43f5e018b415631
selected_o2_500	2	85	142281	2196.64	19361.7	71013.7	15842.9	16973.8	7467.51	3917.45	2490.78	2933.45	698406	0	0	1	0	0xd43f5e018b415631
selected_o2_500	2	86	142565	2224.51	19436.1	71413.5	15637	16943.8	7471.26	3827.12	2553.86	2977.24	704614	0	0	1	0	0xd43f5e018b415631
selected_o2_500	2	87	142775	2226.1	19525.7	71188	15749.4	17085.4	7430.55	4027.4	2498.9	2960.91	709668	0	1	1	0	0xd43f5e018b415631
selected_o2_500	2	88	142314	2179.39	19362.1	71124.1	15684.4	17037.2	7371.43	4017.48	2504.74	2953.99	697150	0	1	1	0	0xd43f5e018b415631
selected_o2_500	2	89	142350	2205.01	19639.6	70982.2	15659	16977.3	7440.27	3872.45	2545.03	2949.32	703043	0	0	1	0	0xd43f5e018b415631
selected_o2_500	2	90	142284	2237.18	19339	71238.5	15681.9	17015.4	7320.99	3877.24	2502.07	2993.74	708568	0	1	1	0	0xd43f5e018b415631
selected_o2_500	2	91	141976	2170.52	19411.2	70836.8	15768.3	16992.6	7441.64	3807.12	2493.74	2976.41	698342	0	0	1	0	0xd43f5e018b415631
selected_o2_500	2	92	142390	2223.14	19463.8	71241.5	15670.8	17096	7420.51	3734.84	2484.2	2972.07	705883	0	0	1	0	0xd43f5e018b415631
selected_o2_500	2	93	142119	2172.52	19419.2	71004.2	15682.5	17058.5	7397.64	3870.58	2488.11	2944.66	695216	0	0	1	0	0xd43f5e018b415631
selected_o2_500	2	94	142138	2175.1	19377.1	71098.2	15695.5	16943.3	7479.72	3767.84	2553.44	2966.99	701328	0	0	1	0	0xd43f5e018b415631
selected_o2_500	2	95	142557	2232.43	19469.4	71317.8	15724.7	17068.7	7381.06	3815.25	2489.36	2981.74	708090	0	3	1	0	0xd43f5e018b415631
selected_o2_500	2	96	142121	2180.39	19424.2	70777.9	15802.8	16972.2	7545.55	3896.03	2500.49	2941.53	696681	0	1	1	0	0xd43f5e018b415631
selected_o2_500	2	97	141968	2212.72	19429	70850.1	15672.3	16989	7396.1	3830.33	2531.61	2974.03	703127	0	0	1	0	0xd43f5e018b415631
selected_o2_500	2	98	142449	2240.51	19566.2	71176.1	15653.2	17049.7	7418.69	3791.13	2495.87	2978.99	710681	0	2	1	0	0xd43f5e018b415631
selected_o2_500	2	99	141913	2177.73	19347.8	71036.6	15704	16977.9	7475.06	3928.95	2524.2	2662.27	699568	0	0	1	0	0xd43f5e018b415631
selected_o2_500	3	0	142306	2219.56	19395.2	71126.7	15780	17033.8	7470.47	3715.88	2492.66	2990.91	707339	0	0	1	0	0xd43f5e018b415631
selected_o2_500	3	1	142739	2189.6	19455.2	71445.4	15841.7	17069.1	7395.44	3777.21	2490.62	2991.16	713566	0	1	1	0	0xd43f5e018b415631
selected_o2_500	3	2	142042	2171.81	19327.4	71135.6	15686.8	16967.2	7480.8	3788.09	2555.44	2848.88	701016	0	1	1	0	0xd43f5e018b415631
selected_o2_500	3	3	142374	2213.6	19408.6	71128	15684	17036.9	7493.47	3834.25	2519.65	2978.2	708365	0	0	1	0	0xd43f5e018b415631
selected_o2_500	3	4	142464	2181.1	19332.3	71017.3	15831	17037.1	7584.18	3954.74	2497.4	2948.83	697958	0	1	1	0	0xd43f5e018b415631
selected_o2_500	3	5	142530	2234.35	19426.9	71161.4	15722.9	16991.3	7398.73	3965.78	2557.19	2988.32	703307	0	0	1	0	0xd43f5e018b415631
selected_o2_500	3	6	142427	2242.85	19449.1	71056	15744.9	17047.6	7510.43	3828.17	2484.32	2986.32	708103	0	0	1	0	0xd43f5e018b415631
selected_o2_500	3	7	142389	2174.64	19386.7	71161.5	15694.9	16995.8	7618.42	3836.33	2488.7	2951.74	697501	0	0	1	0	0xd43f5e018b415631
selected_o2_500	3	8	142343	2200.43	19407.6	71274.8	15740.3	16894.9	7454.02	3873.58	2574.06	2843.88	702585	0	0	1	0	0xd43f5e018b415631
selected_o2_500	3	9	142453	2221.47	19492	71281.7	15654.4	17056.7	7388.07	3805.25	2480.86	2992.11	708302	0	2	1	0	0xd43f5e018b415631
selected_o2_500	3	10	142470	2181.68	19371.3	71125.3	15834.9	17002.8	7517.1	3920.95	2492.03	2943.49	697688	0	1	1	0	0xd43f5e018b415631
selected_o2_500	3	11	142306	2215.01	19441.7	71249.2	15699.5	16966.4	7312.24	3845.87	2593.11	2901.33	702667	0	1	1	0	0xd43f5e018b415631
selected_o2_500	3	12	142394	2215.85	19544.3	70994.4	15614.3	17111.1	7481.85	3861.21	2492.58	2997.95	708487	0	2	1	0	0xd43f5e018b415631
selected_o2_500	3	13	142179	2171.81	19415.9	71073.5	15719.7	17014.3	7372.69	3863.5	2515.2	2950.74	697932	0	0	1	0	0xd43f5e018b415631
selected_o2_500	3	14	142073	2218.64	19394.9	71007.9	15646.8	17020.6	7396.69	3800.25	2526.11	2979.16	704126	1	0	1	0	0xd43f5e018b415631
selected_o2_500	3	15	142292	2230.47	19429.8	71018.3	15703	17046.4	7478.81	3735.18	2530.24	3043.53	711142	0	1	1	0	0xd43f5e018b415631
selected_o2_500	3	16	142001	2168.39	19434.7	70934.7	15700.1	16948.3	7405.56	3942.2	2564.49	2826.38	700718	0	1	1	0	0xd43f5e018b415631
selected_o2_500	3	17	142128	2221.35	19360.5	70711.6	15661.8	17077.5	7613.92	3933.24	2493.53	2974.24	707981	0	0	1	0	0xd43f5e018b415631
selected_o2_500	3	18	142700	2180.23	19439.2	71361.5	15708.6	17007.5	7619.09	3830.66	2526.53	2946.33	699065	0	1	1	0	0xd43f5e018b415631
selected_o2_500	3	19	142534	2221.06	19624.5	71426.1	15633.1	16983	7510.06	3755.88	2529.91	2772.01	703264	0	0	1	0	0xd43f5e018b415631
selected_o2_500	3	20	142402	2208.93	19467.8	71003.9	15703.7	17127.2	7428.72	3931.2	2485.24	2964.49	708042	0	0	1	0	0xd43f5e018b415631
selected_o2_500	3	21	142111	2174.85	19342.5	70877	15692.2	16969.5	7670.96	3863.7	2492.99	2948.16	696866	0	0	1	0	0xd43f5e018b415631
selected_o2_500	3	22	142581	2209.06	19355.7	71438	15714.6	16943	7549.14	3859.04	2556.95	2874.58	704010	0	0	1	0	0xd43f5e018b415631
selected_o2_500	3	23	142353	2237.31	19411.9	71043.3	15760.3	17029.9	7496.1	3858.25	2471.28	2966.2	708313	1	2	1	0	0xd43f5e018b415631
selected_o2_500	3	24	142532	2185.77	19288.5	71421.6	15672.8	17051.1	7566.13	3828.59	2484.91	2953.33	698245	0	2	1	0	0xd43f5e018b415631
selected_o2_500	3	25	142459	2203.77	19378.6	71303.3	15651.1	16928.9	7634.17	3887.62	2562.57	2827.3	703133	0	0	1	0	0xd43f5e018b415631
selected_o2_500	3	26	142056	2226.39	19480.5	70774.4	15665.8	17091.6	7529.68	3758.22	2480.66	2968.24	707850	0	2	1	0	0xd43f5e018b415631
selected_o2_500	3	27	141717	2175.27	19470.3	70948.2	15751.4	17017.4	7248.75	3846.2	2521.07	2657.94	698538	0	0	1	0	0xd43f5e018b415631
selected_o2_500	3	28	142245	2224.52	19387.1	71125.5	15691.9	17073.3	7467.48	3750.22	2482.91	2963.53	707203	0	0	1	0	0xd43f5e018b415631
selected_o2_500	3	29	142434	2177.39	19465.7	71067.1	15697.5	17011	7638.55	3871.17	2480.99	2946.62	697453	0	1	1	0	0xd43f5e018b415631
selected_o2_500	3	30	142609	2216.1	19494.7	71555.9	15716.1	16960.9	7529.6	3889.45	2518.32	2647.6	702954	0	1	1	0	0xd43f5e018b415631
selected_o2_500	3	31	142480	2222.72	19392	71392.2	15676.2	17047.7	7365.03	3796.54	2546.11	2959.99	707454	0	1	1	0	0xd43f5e018b415631
selected_o2_500	3	32	142860	2185.39	19459.9	71382.6	15607.3	17060.7	7666.41	3945.95	2491.62	2980.66	713036	0	1	1	0	0xd43f5e018b415631
selected_o2_500	3	33	142377	2197.73	19432	70886.2	15809.7	16991.7	7530.43	3936.03	2517.78	2994.57	700191	0	0	1	0	0xd43f5e018b415631
selected_o2_500	3	34	142177	2230.27	19391.4	71120.8	15696.3	17075.1	7347.24	3770.05	2488.03	2957.66	705287	0	0	1	0	0xd43f5e018b415631
selected_o2_500	3	35	142069	2191.64	19455.7	71020.9	15706.2	17046.7	7403.07	3731.01	2493.41	2940.54	695610	0	0	1	0	0xd43f5e018b415631
selected_o2_500	3	36	142420	2197.02	19391	71278.3	15643.9	16975.9	7620.13	3889.41	2543.4	2803.09	702696	0	0	1	0	0xd43f5e018b415631
selected_o2_500	3	37	142606	2221.56	19452.6	71239	15735.6	17065.5	7407.48	3946.49	2491.2	2966.33	708240	0	2	1	0	0xd43f5e018b415631
selected_o2_500	3	38	142333	2172.56	19391.1	71310.9	15754.6	16978.7	7394.23	3796.88	2494.87	2958.62	696681	0	0	1	0	0xd43f5e018b415631
selected_o2_500	3	39	142219	2188.85	19300.5	71036.4	15686.2	16912.1	7607.18	3958.91	2556.15	2891.83	702210	0	1	1	0	0xd43f5e018b415631
selected_o2_500	3	40	142071	2236.18	19479.2	71101.3	15658.9	17019	7275.08	3739.76	2491.95	2991.24	708148	0	2	1	0	0xd43f5e018b415631
selected_o2_500	3	41	142358	2183.23	19396.7	71361.9	15655.8	17016.7	7439.81	3804.67	2491.53	2928.33	699328	0	0	1	0	0xd43f5e018b415631
selected_o2_500	3	42	142479	2232.6	19466.4	71225.9	15622.6	17016.7	7510.19	3814.54	2526.99	2981.62	705052	1	0	1	0	0xd43f5e018b415631
selected_o2_500	3	43	142417	2219.23	19403.7	71052.7	15671.6	17036.4	7563.97	3894.12	2522.99	2975.49	710200	0	0	1	0	0xd43f5e018b415631
selected_o2_500	3	44	142871	2176.44	19484.5	71519.5	15722.4	17031.4	7681.34	3726.76	2496.33	2951.83	699993	0	2	1	0	0xd43f5e018b415631
selected_o2_500	3	45	142318	2204.73	19439.7	70955.8	15660.6	16984.5	7701.96	3788.8	2536.7	2963.66	703106	0	0	1	0	0xd43f5e018b415631
selected_o2_500	3	46	142073	2216.56	19453.7	70911.1	15649.3	17030.2	7421.78	3855.67	2500.41	2954.2	708553	0	1	1	0	0xd43f5e018b415631
selected_o2_500	3	47	142919	2176.94	19617.8	71365	15685	16984.4	7623.72	3951.41	2494.33	2939.58	700261	0	1	1	0	0xd43f5e018b415631
selected_o2_500	3	48	142320	2195.23	19541.1	70934.8	15656	16936.1	7622.75	3922.83	2545.28	2885.29	702724	0	0	1	0	0xd43f5e018b415631
selected_o2_500	3	49	142612	2217.68	19527.4	71332.2	15717.1	17045	7451.98	3771.97	2484.75	2985.24	708785	0	0	1	0	0xd43f5e018b415631
selected_o2_500	3	50	142369	2182.19	19351	71312	15696.3	17004.4	7544.39	3767.63	2490.37	2944.04	697184	0	0	1	0	0xd43f5e018b415631
selected_o2_500	3	51	142315	2197.64	19502	71063.8	15700.8	16961.1	7406.7	3956.49	2552.7	2896.25	702572	1	2	1	0	0xd43f5e018b415631
selected_o2_500	3	52	142414	2215.81	19403.4	71135	15698.1	17138.2	7374.78	3907.58	2493.04	2967.12	708516	0	0	1	0	0xd43f5e018b415631
selected_o2_500	3	53	142530	2175.9	19379.1	71150.5	15700.6	17021.6	7742.42	3818.92	2490.12	2972.04	698057	0	1	1	0	0xd43f5e018b415631
selected_o2_500	3	54	142286	2191.06	19502.3	71312.7	15612.5	16955.7	7399.91	3688.31	2571.49	2972.12	702672	0	2	1	0	0xd43f5e018b415631
selected_o2_500	3	55	142453	2216.39	19555.1	71111.1	15715.5	17030.7	7576.51	3699.64	2487.04	2983.08	708853	0	0	1	0	0xd43f5e018b415631
selected_o2_500	3	56	142482	2176.52	19428.5	71240.8	15799.2	17008.3	7572.06	3735.26	2483.5	2953.75	698134	0	0	1	0	0xd43f5e018b415631
selected_o2_500	3	57	142449	2201.23	19424.2	71158	15662.9	17052.2	7656.22	3795.88	2524.99	2893.04	703305	0	1	1	0	0xd43f5e018b415631
selected_o2_500	3	58	142247	2239.43	19449.5	71018.6	15664.5	17050.1	7410.49	3842.17	2503.95	2987.24	708220	0	2	1	0	0xd43f5e018b415631
selected_o2_500	3	59	142621	2179.52	19502.7	71231	15683.6	16997.9	7650.43	3852.38	2487.87	2954.5	698814	0	0	1	0	0xd43f5e018b415631
selected_o2_500	3	60	142381	2202.93	19363	71214.4	15706.2	16958.5	7538.06	3828.55	2571.74	2915.71	703161	0	1	1	0	0xd43f5e018b415631
selected_o2_500	3	61	142736	2216.02	19472.9	71352.9	15786.7	17041.5	7495.94	3806.84	2486.95	2997.7	708744	0	0	1	0	0xd43f5e018b415631
selected_o2_500	3	62	142154	2174.4	19305.9	70857.5	15800.6	16979.1	7689.01	3827.34	2492.33	2947.95	696386	0	0	1	0	0xd43f5e018b415631
selected_o2_500	3	63	142491	2200.77	19332.2	71418.8	15667.4	16969.3	7540.73	3861.55	2611.03	2809.22	703127	0	0	1	0	0xd43f5e018b415631
selected_o2_500	3	64	142223	2237.27	19393	71046.1	15664.7	17064.5	7543.94	3708.47	2501.12	2984.79	707998	0	0	1	0	0xd43f5e018b415631
selected_o2_500	3	65	142027	2184.15	19406.1	71000.2	15633.6	16997.1	7510.11	3783.67	2495.54	2938.71	697842	0	2	1	0	0xd43f5e018b415631
selected_o2_500	3	66	142431	2221.64	19407.6	70994	15776.1	17058.1	7517.52	3873.13	2518.29	2984.49	705377	0	0	1	0	0xd43f5e018b415631
selected_o2_500	3	67	142694	2223.77	19417	71206.2	15643.1	17089.4	7569.06	3966.08	2528.95	2967.7	710805	0	2	1	0	0xd43f5e018b415631
selected_o2_500	3	68	142941	2175.94	19686.7	71134.4	15835.5	17003.2	7787.83	3790.34	2492	2955.08	699274	0	2	1	0	0xd43f5e018b415631
selected_o2_500	3	69	142322	2173.19	19441.3	71184.2	15781.3	16988	7562.94	3874.08	2509.16	2728.06	701968	0	0	1	0	0xd43f5e018b415631
selected_o2_500	3	70	142439	2214.77	19559.2	71061.9	15743.3	17052.1	7594.39	3670.27	2497.75	2969.33	707938	0	0	1	0	0xd43f5e018b415631
selected_o2_500	3	71	142525	2171.94	19451.4	71404.1	15681.5	17008.3	7513.53	3768.26	2499.49	2947.21	697302	0	0	1	0	0xd43f5e018b415631
selected_o2_500	3	72	142384	2179.73	19467.6	71445.8	15775.7	16984.8	7447.66	3788.55	2520.12	2692.02	701774	0	2	1	0	0xd43f5e018b415631
selected_o2_500	3	73	142361	2225.52	19361.6	71228.7	15687	17069.2	7533.44	3724.39	2485.45	2964.29	707467	0	0	1	0	0xd43f5e018b415631
selected_o2_500	3	74	141873	2181.44	19269.9	70935.1	15658.1	17016.6	7370.91	3903.92	2498.58	2958.25	696598	0	1	1	0	0xd43f5e018b415631
selected_o2_500	3	75	142665	2219.77	19430.5	71217.9	15681.3	16984.9	7527.57	4013.28	2556.28	2953.87	704688	0	0	1	0	0xd43f5e018b415631
selected_o2_500	3	76	142888	2237.98	19485.1	71561.8	15697.9	17073.6	7249.71	4027.99	2492.41	2979.45	709304	0	1	1	0	0xd43f5e018b415631
selected_o2_500	3	77	142580	2232.31	19523.5	71351.9	15680.7	17072.9	7396.33	3776.51	2490.33	2975.79	712568	0	0	1	0	0xd43f5e018b415631
selected_o2_500	3	78	142062	2180.56	19317	71244.1	15710.8	16925.3	7464.78	3853.42	2519.86	2765.93	700873	0	0	1	0	0xd43f5e018b415631
selected_o2_500	3	79	142630	2206.35	19445.2	70992.6	15748.3	17193.4	7640.1	3845.92	2487.46	2989.41	708080	0	2	1	0	0xd43f5e018b415631
selected_o2_500	3	80	142667	2175.52	19426.8	71389	15653.2	17056.6	7492.24	3916.83	2495.66	2980.5	712793	0	0	1	0	0xd43f5e018b415631
selected_o2_500	3	81	142595	2179.77	19450.8	70979.4	15803.1	17016.5	7412.62	4063.9	2560.33	3048.41	701067	0	1	1	0	0xd43f5e018b415631
selected_o2_500	3	82	142544	2238.77	19456.3	71239.8	15739.2	16991	7497.36	3785.51	2534.62	2981.24	705756	0	1	1	0	0xd43f5e018b415631
selected_o2_500	3	83	141956	2221.81	19360.4	70981.5	15669.6	17043.8	7371.16	3779.84	2502.08	2945.87	694058	0	2	1	0	0xd43f5e018b415631
selected_o2_500	3	84	142081	2174.07	19446.5	71083.9	15663.7	16946.1	7453.61	3822.34	2561.66	2851.22	701361	0	0	1	0	0xd43f5e018b415631
selected_o2_500	3	85	142392	2226.85	19338.6	70932.2	15824.1	17035.5	7551.65	3858.13	2496.5	3047.45	708290	0	1	1	0	0xd43f5e018b415631
selected_o2_500	3	86	142342	2162.69	19357.1	71122.7	15680	17079.5	7557.44	3875.63	2478.83	2947	697783	0	1	1	0	0xd43f5e018b415631
selected_o2_500	3	87	142039	2208.27	19467.4	70852	15630.4	16949.2	7448.78	3874.75	2550.12	2978.2	703227	0	0	1	0	0xd43f5e018b415631
selected_o2_500	3	88	142221	2214.44	19436.3	71226.1	15673.7	17076.8	7229.85	3815.13	2495.04	2972.95	709949	0	1	1	0	0xd43f5e018b415631
selected_o2_500	3	89	142562	2182.61	19459	71162.8	15877.2	16941.1	7416.58	3980.54	2516.99	2947.29	700575	0	0	1	0	0xd43f5e018b415631
selected_o2_500	3	90	142498	2223.27	19334.1	71321.8	15653.5	16944.5	7668.68	3765.81	2525.62	2978.25	705354	0	0	1	0	0xd43f5e018b415631
selected_o2_500	3	91	142797	2223.93	19448.9	71251.4	15690.9	17052.8	7623.14	3944.16	2503.79	2979.2	710728	0	0	1	0	0xd43f5e018b415631
selected_o2_500	3	92	142010	2184.31	19399.3	71114.4	15617.5	17010	7347.21	3823.92	2488.12	2946.96	697800	0	0	1	0	0xd43f5e018b415631
selected_o2_500	3	93	142483	2230.94	19566.7	71076.9	15619.8	16996.1	7481.15	3911.37	2538.08	2981.91	705258	0	2	1	0	0xd43f5e018b415631
selected_o2_500	3	94	142524	2212.9	19529.3	70809.9	15819.9	17033.4	7751.13	3804.3	2503.37	2980.45	710554	0	0	1	0	0xd43f5e018b415631
selected_o2_500	3	95	142137	2175.02	19347.4	71174	15670.6	16963.5	7390.75	3847.8	2507.54	2979.62	699032	0	1	1	0	0xd43f5e018b415631
selected_o2_500	3	96	142458	2218.23	19519.3	71235.4	15646.9	17026.9	7420.45	3788.89	2543.04	2982.16	705900	0	2	1	0	0xd43f5e018b415631
selected_o2_500	3	97	142465	2225.31	19408.4	70997.1	15773.5	17028.8	7630.31	3799.09	2548.04	2977.25	711174	0	0	1	0	0xd43f5e018b415631
selected_o2_500	3	98	141883	2175.07	19504.5	70986.5	15645.1	16933.5	7455.95	3841.63	2520.08	2743.31	699817	0	0	1	0	0xd43f5e018b415631
selected_o2_500	3	99	141823	2219.52	19362.7	70677.3	15739.5	17046.8	7438.79	3806.89	2500.16	2952.38	707279	0	0	1	0	0xd43f5e018b415631
selected_o2_500	4	0	142667	2177.02	19440.6	71480.3	15791.2	17041.8	7444.58	3775.47	2488.21	2948.5	699911	0	2	1	0	0xd43f5e018b415631
selected_o2_500	4	1	142353	2218.69	19366.3	71398.3	15622.6	16968.8	7408.2	3786.43	2518.79	2982.75	703731	0	0	1	0	0xd43f5e018b415631
selected_o2_500	4	2	142452	2218.73	19451	71092.6	15688.7	17107.8	7426	3889.92	2492.63	3006.08	709440	0	0	1	0	0xd43f5e018b415631
selected_o2_500	4	3	142420	2175.52	19485.6	71296	15680	17053.5	7446.24	3758.85	2486.45	2955.71	698626	0	2	1	0	0xd43f5e018b415631
selected_o2_500	4	4	142651	2218.52	19527.8	71159	15860.1	16978.1	7572.78	3780.76	2573.41	2897.51	704374	0	0	1	0	0xd43f5e018b415631
selected_o2_500	4	5	142520	2225.6	19400.3	71281.3	15666.8	17080.8	7441.29	3873.46	2500.62	2969.54	708749	0	0	1	0	0xd43f5e018b415631
selected_o2_500	4	6	142186	2176.9	19354.3	70976.3	15674.8	17021.9	7633.64	3820.51	2501.24	2946.13	697415	0	0	1	0	0xd43f5e018b415631
selected_o2_500	4	7	142199	2220.48	19421.1	71037.8	15739.5	16982.6	7460.37	3765.51	2515.33	2974.46	703665	0	2	1	0	0xd43f5e018b415631
selected_o2_500	4	8	142379	2226.44	19444.1	71082.3	15607.4	17108.1	7333.33	4022.78	2495.42	2977.29	710242	0	0	1	0	0xd43f5e018b415631
selected_o2_500	4	9	142468	2170.32	19462.2	71114.7	15632.8	16997.5	7384.67	4160.82	2520.91	2946.21	699814	0	1	1	0	0xd43f5e018b415631
selected_o2_500	4	10	142379	2244.02	19376.5	71264.3	15661.1	17002	7321.01	3915	2529.66	2984.16	704893	0	1	1	0	0xd43f5e018b415631
selected_o2_500	4	11	142265	2229.85	19461.3	70938	15684	17077.3	7517.65	3797.3	2507.58	2974.12	710347	0	1	1	0	0xd43f5e018b415631
selected_o2_500	4	12	141841	2171.86	19449.4	70663	15814	17005.4	7427.17	3824.34	2591.74	2817.47	700047	0	0	1	0	0xd43f5e018b415631
selected_o2_500	4	13	142417	2222.06	19484.8	71166.3	15699.4	17042.6	7444.04	3825.51	2483.25	2971.75	708253	0	0	1	0	0xd43f5e018b415631
selected_o2_500	4	14	142084	2175.65	19344.5	70719.9	15678.7	17128.8	7580.74	3918.46	2487	2967.71	697246	0	2	1	0	0xd43f5e018b415631
selected_o2_500	4	15	142362	2208.02	19456.9	71014.5	15704.3	16989.6	7494.66	3905.76	2515.62	2990.87	703966	0	0	1	0	0xd43f5e018b415631
selected_o2_500	4	16	141939	2236.64	19258.2	70820.4	15832.2	17060.3	7305.55	3867.92	2487.7	2989.12	709121	0	1	1	0	0xd43f5e018b415631
selected_o2_500	4	17	142748	2182.48	19588.8	71275.2	15669.2	17102.3	7435.91	3944.08	2520.58	2947.59	701349	0	0	1	0	0xd43f5e018b415631
selected_o2_500	4	18	142306	2219.02	19452.8	71026.2	15661.6	17042.4	7487.61	3829.68	2529.2	2977.96	705040	0	0	1	0	0xd43f5e018b415631
selected_o2_500	4	19	142486	2211.61	19413.9	71177.1	15779.6	17057.7	7443.87	3864.01	2490.5	2968.33	710949	0	1	1	0	0xd43f5e018b415631
selected_o2_500	4	20	141766	2185.86	19565.3	70484.3	15717.6	16989.7	7483.83	3965.75	2503.71	2791.35	699451	0	0	1	0	0xd43f5e018b415631
selected_o2_500	4	21	142196	2223.35	19375.9	71047.1	15668	17035.5	7581.69	3735.06	2492.33	2959.42	707784	0	2	1	0	0xd43f5e018b415631
selected_o2_500	4	22	142022	2176.15	19312	70882.7	15691.2	17009.1	7547.74	3840.89	2529.58	2952.34	698059	0	0	1	0	0xd43f5e018b415631
selected_o2_500	4	23	142377	2240.44	19373	71286.5	15631.7	17022.9	7385.63	3822.47	2555.37	2982	705198	0	1	1	0	0xd43f5e018b415631
selected_o2_500	4	24	142443	2235.23	19369.5	71387	15621.5	17036.5	7518.57	3728.89	2496.45	2968.67	710934	0	1	1	0	0xd43f5e018b415631
selected_o2_500	4	25	141754	2180.36	19394.2	70858.8	15660.2	16932.7	7428.12	3840.51	2539.62	2841.93	699617	0	1	1	0	0xd43f5e018b415631
selected_o2_500	4	26	142217	2224.15	19433	71088.9	15650.4	17020.6	7464.33	3815.18	2486.46	2955.67	708106	0	0	1	0	0xd43f5e018b415631
selected_o2_500	4	27	142204	2187.15	19292	71168.3	15675.8	16978.8	7577.62	3800.68	2493.5	2952.42	698396	0	0	1	0	0xd43f5e018b415631
selected_o2_500	4	28	142388	2235.06	19525.9	71140.6	15598.9	16972.8	7465.83	3752.15	2633.95	2981.29	704362	0	2	1	0	0xd43f5e018b415631
selected_o2_500	4	29	142296	2222.69	19378.7	71310.3	15631.4	17012.4	7429.42	3757.02	2492.87	2982.67	709952	0	1	1	0	0xd43f5e018b415631
selected_o2_500	4	30	142724	2182.28	19523.9	71326.3	15744.8	16992.6	7612.69	3826.72	2488.71	2944.34	700268	0	0	1	0	0xd43f5e018b415631
selected_o2_500	4	31	142450	2247.14	19439.2	71123.9	15610.5	16979.8	7542.54	3899.05	2550.33	2979.08	704138	0	1	1	0	0xd43f5e018b415631
selected_o2_500	4	32	142390	2231.15	19457.2	71014	15662.5	17029.2	7505.62	3958.67	2494.08	2958.5	709370	0	0	1	0	0xd43f5e018b415631
selected_o2_500	4	33	142498	2172.36	19298.8	71459.9	15673.9	16986.5	7589.99	3797.35	2488.04	2950.04	699061	0	0	1	0	0xd43f5e018b415631
selected_o2_500	4	34	142430	2221.69	19401.8	71214	15625.6	17027.7	7618.07	3753.77	2520.91	2966.75	704066	0	0	1	0	0xd43f5e018b415631
selected_o2_500	4	35	142774	2243.14	19463.9	71697.1	15637.3	17080.8	7419.33	3704.31	2488.58	2961.63	709568	2	2	1	0	0xd43f5e018b415631
selected_o2_500	4	36	142445	2194.07	19313.8	71438	15702.1	16985.4	7512.37	3768.06	2515.21	2939.88	697345	0	0	1	0	0xd43f5e018b415631
selected_o2_500	4	37	142100	2174.23	19469.7	70944.9	15621.5	16944	7462.17	3845.93	2560.2	2996.16	702155	0	1	1	0	0xd43f5e018b415631
selected_o2_500	4	38	142609	2220.77	19353.8	71372.3	15749.6	17104.2	7370.51	3846.51	2489.83	3020.83	709244	0	2	1	0	0xd43f5e018b415631
selected_o2_500	4	39	142872	2167.74	19429.4	71539.2	15800.2	17067.9	7521.41	3802.18	2484.71	2976.29	714230	0	1	1	0	0xd43f5e018b415631
selected_o2_500	4	40	141955	2171.82	19378	70754.2	15839.3	16981.1	7511.99	3830.51	2534.91	2875.13	701004	0	0	1	0	0xd43f5e018b415631
selected_o2_500	4	41	142286	2240.81	19360.4	71104.3	15688.3	17080.1	7441.25	3831.3	2492.16	2969.92	708172	0	0	1	0	0xd43f5e018b415631
selected_o2_500	4	42	141495	2163.49	19339.6	70843.3	15603.4	17011.8	7498.42	3777.35	2532.58	2640.11	697317	0	2	1	0	0xd43f5e018b415631
selected_o2_500	4	43	142437	2223.65	19459.2	71258.6	15805.7	17062.9	7294.18	3762.89	2519.91	2969.38	707392	0	0	1	0	0xd43f5e018b415631
selected_o2_500	4	44	142322	2187.73	19326.3	71250.8	15700.6	16982.3	7548.95	3781.35	2496.87	2966.75	696684	0	0	1	0	0xd43f5e018b415631
selected_o2_500	4	45	142222	2187.73	19373	71118.5	15656.2	16947.9	7476.87	3954.75	2548.45	2878.22	702233	0	1	1	0	0xd43f5e018b415631
selected_o2_500	4	46	142423	2220.4	19363.4	71238.8	15729.2	17015.6	7528.08	3780.14	2495.58	2973.75	708551	0	0	1	0	0xd43f5e018b415631
selected_o2_500	4	47	142439	2177.53	19356.9	70952.3	15813	17003.8	7578.28	4032.08	2490.04	2955.42	697935	0	1	1	0	0xd43f5e018b415631
selected_o2_500	4	48	142463	2203.32	19525.1	71417.2	15675.1	16966.1	7286.35	3865.09	2551.58	2890.76	703347	0	0	1	0	0xd43f5e018b415631
selected_o2_500	4	49	142610	2220.02	19439.2	71097.1	15740.8	17117.3	7594.78	3867.68	2482.67	2973.67	708547	0	2	1	0	0xd43f5e018b415631
selected_o2_500	4	50	143125	2176.61	19535	71484.8	15833.6	17086.8	7644.07	3824.35	2489.75	2968.04	713817	0	0	1	0	0xd43f5e018b415631
selected_o2_500	4	51	142447	2167.24	19469.4	71320.7	15765.1	16968.1	7436.46	3794.3	2498.25	2950.25	699660	0	1	1	0	0xd43f5e018b415631
selected_o2_500	4	52	142380	2226.48	19447.6	71018.7	15761.3	17019.3	7468.62	3851.22	2521.29	2984.96	704923	0	1	1	0	0xd43f5e018b415631
selected_o2_500	4	53	142291	2232.48	19439.5	71061	15822	17116.7	7276.39	3769.64	2503.54	2988.12	710297	0	1	1	0	0xd43f5e018b415631
selected_o2_500	4	54	142537	2182.61	19311.7	71409.5	15714	16997	7461.29	3898.93	2526.75	2957.5	700603	0	0	1	0	0xd43f5e018b415631
selected_o2_500	4	55	142361	2228.9	19409.9	71197.9	15665.6	17043.1	7362.97	3845.81	2529.29	2991.92	704895	0	1	1	0	0xd43f5e018b415631
selected_o2_500	4	56	142537	2223.77	19447.6	71087.2	15702.6	17081.3	7560.16	3864.47	2501.37	2986.33	710634	0	2	1	0	0xd43f5e018b415631
selected_o2_500	4	57	142398	2176.61	19447.7	71130.8	15626	16996.6	7573.91	3940.8	2487.42	2940.3	699582	0	0	1	0	0xd43f5e018b415631
selected_o2_500	4	58	142270	2214.73	19500	71012.6	15699.3	17051.7	7412.88	3777.35	2527.37	2995.46	704943	0	0	1	0	0xd43f5e018b415631
selected_o2_500	4	59	142511	2237.02	19475	71377.8	15656.2	17059	7363.43	3791.48	2499.33	2972.17	711149	0	1	1	0	0xd43f5e018b415631
selected_o2_500	4	60	141886	2179.4	19233.3	71120.1	15687.5	17020	7578.83	3753.89	2524.25	2708.52	699640	0	0	1	0	0xd43f5e018b415631
selected_o2_500	4	61	142436	2238.15	19467.8	71003	15712.4	17086.4	7460.59	3921.21	2486.29	2981.67	707724	0	0	1	0	0xd43f5e018b415631
selected_o2_500	4	62	142576	2176.61	19335.1	71430.6	15831.7	17041.8	7389.01	3844.56	2496.38	2948.09	713154	0	0	1	0	0xd43f5e018b415631
selected_o2_500	4	63	142139	2181.99	19451.5	70946.2	15640.7	16958.8	7499.33	4026	2551.49	2801.52	701321	0	2	1	0	0xd43f5e018b415631
selected_o2_500	4	64	142194	2225.44	19459.7	71021.1	15641.6	17049	7411.97	3829.35	2499.79	2976.09	707934	0	1	1	0	0xd43f5e018b415631
selected_o2_500	4	65	142560	2174.03	19400.9	71052.1	15678.2	17073.4	7538.17	4115.49	2490.92	2957.09	698612	0	1	1	0	0xd43f5e018b415631
selected_o2_500	4	66	142208	2217.4	19485	71035.7	15682.2	16971.2	7442.88	3770.14	2543.87	2979.21	703085	0	1	1	0	0xd43f5e018b415631
selected_o2_500	4	67	142237	2221.44	19309.4	71147.7	15716.4	17049.3	7450.55	3830.06	2474.84	2956.13	709311	0	1	1	0	0xd43f5e018b415631
selected_o2_500	4	68	142513	2177.49	19514.9	71249.4	15788.2	17049	7455.47	3762.81	2491.25	2943.84	699509	0	0	1	0	0xd43f5e018b415631
selected_o2_500	4	69	142341	2223.23	19423.3	71119.8	15642.8	16971.9	7550.79	3772.06	2568.45	2986.09	704384	0	0	1	0	0xd43f5e018b415631
selected_o2_500	4	70	142387	2233.11	19383.3	71185.4	15717.9	17092.2	7446.38	3773.56	2496.21	2978.25	709967	0	2	1	0	0xd43f5e018b415631
selected_o2_500	4	71	142240	2179.03	19429.1	71007.8	15700.4	17044.5	7412.67	3915.88	2527.83	2941.51	699464	1	0	1	0	0xd43f5e018b415631
selected_o2_500	4	72	142286	2232.31	19473.9	71020.2	15826.6	17019	7287.23	3806.18	2489.96	3050.41	705586	0	0	1	0	0xd43f5e018b415631
selected_o2_500	4	73	142639	2174.57	19450.3	71423.5	15677.9	17109.2	7470.63	3780.31	2499.21	2974.3	711888	0	1	1	0	0xd43f5e018b415631
selected_o2_500	4	74	142520	2176.32	19503.2	71176.4	15620.9	17009.4	7606.74	3859.31	2548.21	2939.46	700280	0	1	1	0	0xd43f5e018b415631
selected_o2_500	4	75	142341	2237.19	19479	70870.5	15604	17040.1	7516.63	4013.04	2519.67	2982.46	705185	0	0	1	0	0xd43f5e018b415631
selected_o2_500	4	76	142474	2219.23	19375.2	71393.1	15700.6	17047.6	7347.31	3802.6	2521.21	2989.13	710963	0	0	1	0	0xd43f5e018b415631
selected_o2_500	4	77	141767	2178.15	19407.6	70970.1	15702.3	16929.7	7375.14	3814.43	2523.92	2786.02	699380	0	2	1	0	0xd43f5e018b415631
selected_o2_500	4	78	142303	2222.44	19452.4	71129.1	15709.7	17117.3	7398.43	3734.27	2478.29	2981.55	708074	0	0	1	0	0xd43f5e018b415631
selected_o2_500	4	79	142206	2179.49	19294.9	71108.1	15724.7	16971.8	7613.17	3772.19	2506.83	2952.59	697718	0	1	1	0	0xd43f5e018b415631
selected_o2_500	4	80	142564	2227.57	19310.4	71330.4	15735	16963.1	7398.05	3984.38	2519.62	3011.88	704323	0	1	1	0	0xd43f5e018b415631
selected_o2_500	4	81	142624	2224.77	19454.8	71551.5	15739.9	17019.7	7302.28	3769.73	2501.5	2980.21	708827	0	1	1	0	0xd43f5e018b415631
selected_o2_500	4	82	142105	2176.11	19350	70896.6	15657.6	17038.3	7338.73	4124.24	2490.17	2954.09	696950	0	0	1	0	0xd43f5e018b415631
selected_o2_500	4	83	141979	2233.44	19367.6	70896.4	15755.7	16991.5	7393.6	3738.86	2547.96	2973.84	703484	0	0	1	0	0xd43f5e018b415631
selected_o2_500	4	84	142717	2232.65	19491.6	71231.9	15707.6	17157.5	7460.47	3801.44	2573.41	2978.42	711258	0	2	1	0	0xd43f5e018b415631
selected_o2_500	4	85	141714	2164.03	19339.5	70894.2	15731.8	16934.8	7404.43	3972.46	2505.38	2686.53	698654	0	0	1	0	0xd43f5e018b415631
selected_o2_500	4	86	142012	2221.53	19321.3	70961.1	15660	17051.1	7430.34	3753.94	2530.46	3002.71	707173	0	0	1	0	0xd43f5e018b415631
selected_o2_500	4	87	142649	2175.4	19427.4	71305.2	15640.6	16975	7709.74	3885.64	2493.76	2954.71	698808	0	1	1	0	0xd43f5e018b415631
selected_o2_500	4	88	142476	2205.49	19335.6	71165.5	15724.7	16926.2	7684.61	3957.22	2582.7	2814.1	703199	0	0	1	0	0xd43f5e018b415631
selected_o2_500	4	89	142493	2231.82	19454.6	71260.2	15701.8	17031.8	7457.67	3813.06	2487.92	2975.84	708355	0	0	1	0	0xd43f5e018b415631
selected_o2_500	4	90	142504	2184.82	19413.7	71265.7	15847.7	16983.1	7453.97	3810.15	2506.88	2957.34	697528	0	0	1	0	0xd43f5e018b415631
selected_o2_500	4	91	142262	2175.7	19326.2	71440.6	15638.4	16951.9	7417.23	3822.31	2556.24	2853.47	702014	0	3	1	0	0xd43f5e018b415631
selected_o2_500	4	92	142422	2223.19	19459.6	71068.8	15689.8	17069.6	7532.46	3835.02	2497.38	2967.01	708393	0	0	1	0	0xd43f5e018b415631
selected_o2_500	4	93	142162	2173.86	19311.7	71038.6	15699.6	17092.8	7515.05	3785.02	2502.75	2964.96	697395	0	1	1	0	0xd43f5e018b415631
selected_o2_500	4	94	142605	2225.82	19299.4	71325.4	15680	17011.1	7711.57	3755.31	2573.7	2943.01	704337	0	1	1	0	0xd43f5e018b415631
selected_o2_500	4	95	143701	3208.03	19502.7	71238.3	15677	17070.1	7610.04	3844.64	2553.54	2916.18	709663	0	1	1	0	0xd43f5e018b415631
selected_o2_500	4	96	142457	2225.32	19336.8	71329.7	15732.5	17035.7	7491.09	3753.53	2496.59	2974.42	708813	0	0	1	0	0xd43f5e018b415631
selected_o2_500	4	97	142153	2175.15	19271.2	71015.5	15803.7	17014.1	7618.16	3737.44	2486.09	2950.51	697703	1	0	1	0	0xd43f5e018b415631
selected_o2_500	4	98	142381	2242.65	19491.9	70913.3	15780.5	16998.3	7451.8	3882.97	2551.58	2987.51	704229	1	2	1	0	0xd43f5e018b415631
selected_o2_500	4	99	142897	2218.11	19457.4	71248.8	15793.9	17065.1	7634.29	3914.51	2485.71	3000.46	710450	0	0	1	0	0xd43f5e018b415631
