block	cycle	position	arm	repeat	run	wall_us	input_us	core_us	dense_us	depthwise_us	attention_us	lut_us	concat_us	transform_us	head_us	process_cpu_us	voluntary_cs	involuntary_cs	affinity_ok	cpu4_7_ime_count	hash
0	0	0	A	0	0	151313	2249.93	19498.9	69795.3	15727.1	21382	7400.75	3964.16	2511.12	8683.87	749270	0	5	1	0	0xd43f5e018b415631
0	0	0	A	0	1	150729	2251.89	19580.2	69843.3	15848.2	20624.3	7372	3855.78	2549.78	8682.37	746702	1	4	1	0	0xd43f5e018b415631
0	0	0	A	0	2	153261	2248.72	19481.5	69838.9	17389.8	20824.2	7747.28	4249.81	2660.75	8716.5	751230	0	16	1	0	0xd43f5e018b415631
0	0	0	A	0	3	151443	2265.97	19480.1	69610.7	15929.4	21277.1	7775.74	3811.49	2508.57	8680.37	745246	0	6	1	0	0xd43f5e018b415631
0	0	0	A	0	4	149304	2246.39	19402.8	69449.8	15690.4	19885.8	7453.63	4043.17	2544.82	8491.24	744650	0	5	1	0	0xd43f5e018b415631
0	0	0	A	0	5	150731	2181.93	19431.1	69828.3	15777.1	20971.8	7418.34	3826.95	2503.16	8690.62	740021	0	4	1	0	0xd43f5e018b415631
0	0	0	A	0	6	151236	2330.39	19644	69287.2	15708.7	21284.7	7687.39	3899.28	2552.12	8734.04	744628	0	6	1	0	0xd43f5e018b415631
0	0	0	A	0	7	151690	2263.64	19529.9	69853.5	15898.6	21086.4	7729.06	4017.5	2493.99	8720.67	747089	0	7	1	0	0xd43f5e018b415631
0	0	0	A	0	8	149967	2248.76	19617.4	69887.3	15801.5	19829.8	7429.76	3813.82	2540.33	8697.96	745669	0	8	1	0	0xd43f5e018b415631
0	0	0	A	0	9	150687	2181.72	19542.7	69711.5	15689.1	20653.4	7493.97	4085.17	2540.37	8685.79	737643	0	6	1	0	0xd43f5e018b415631
0	0	0	A	0	10	152502	2192.76	19618.3	69636.7	16417	21397	7758.23	3888.33	2762.84	8732.5	759647	0	4	1	0	0xd43f5e018b415631
0	0	0	A	0	11	151482	2184.55	19576	71192	15708.1	20114.5	7607.68	3978	2505.86	8513.99	754161	0	5	1	0	0xd43f5e018b415631
0	0	0	A	0	12	151155	2182.64	19536	70111.6	15658.5	20843.5	7511.46	3902.87	2606.41	8702.25	740587	0	6	1	0	0xd43f5e018b415631
0	0	0	A	0	13	150884	2224.39	19559.3	69413.2	15774.1	21142.1	7533.55	3899.53	2555.16	8684.62	742949	0	4	1	0	0xd43f5e018b415631
0	0	0	A	0	14	151297	2248.01	19436.8	69761.7	15651	21347.4	7500.46	3995.16	2520.37	8733.83	746484	0	3	1	0	0xd43f5e018b415631
0	0	0	A	0	15	150318	2242.14	19460.5	69666.2	15923.4	20273.9	7413.83	3997.54	2547.83	8691.87	747109	0	7	1	0	0xd43f5e018b415631
0	0	0	A	0	16	150634	2201.72	19456.9	69985.8	15719.5	20572.4	7363.25	4022.75	2513.82	8698	737288	0	4	1	0	0xd43f5e018b415631
0	0	0	A	0	17	151505	2188.68	19405.2	70017.5	15903.2	20849.7	7876.28	3886.87	2548.16	8727.46	742271	0	7	1	0	0xd43f5e018b415631
0	0	0	A	0	18	151529	2229.85	19627.7	69624	15868.3	21031.7	7753.2	4026.63	2544.24	8724.25	743565	0	5	1	0	0xd43f5e018b415631
0	0	0	A	0	19	152196	2253.89	20963.7	69792.5	15660.6	20693.7	7648.68	3926.83	2487.9	8665.5	743032	0	11	1	0	0xd43f5e018b415631
0	0	0	A	0	20	150920	2187.43	19518.1	69073.8	15833.6	21105.7	7641.85	4209.39	2536.12	8710.5	742206	0	4	1	0	0xd43f5e018b415631
0	0	0	A	0	21	151321	2256.72	19593	69533.9	15832	21255.1	7523.13	4013.58	2514.36	8700	745983	0	4	1	0	0xd43f5e018b415631
0	0	0	A	0	22	149418	2254.51	19452.8	69173.7	15721.4	20145.7	7602.22	3802.28	2547.24	8622.28	745946	0	4	1	0	0xd43f5e018b415631
0	0	0	A	0	23	153919	2181.55	19453.2	72240.8	15661.3	21134.5	7876.7	3877.03	2566.79	8821.46	759978	0	3	1	0	0xd43f5e018b415631
0	0	0	A	0	24	151978	2261.06	20158.7	69798.4	15694.6	21172.5	7500.59	4010.75	2563.57	8714.46	748821	0	8	1	0	0xd43f5e018b415631
0	0	0	A	0	25	149578	2255.35	19515.8	69531.2	15679.1	20085	7491.46	3919.53	2495.61	8503.94	746013	0	4	1	0	0xd43f5e018b415631
0	0	0	A	0	26	151125	2193.09	19626.1	69979.2	15658.8	20721.5	7633.52	3963.87	2554.91	8693.87	740057	0	6	1	0	0xd43f5e018b415631
0	0	0	A	0	27	152034	2178.97	19643	71126.3	15705.6	20761.8	7305.87	3989.46	2548.66	8672.58	758063	0	3	1	0	0xd43f5e018b415631
0	0	0	A	0	28	150579	2187.05	19487	69417.4	15753.6	21033.6	7442.79	3940.24	2541.41	8678.33	740999	0	1	1	0	0xd43f5e018b415631
0	0	0	A	0	29	151621	2254.97	19502.3	70109.6	15707	21220.9	7527.46	3916.74	2571.78	8704.87	746496	0	3	1	0	0xd43f5e018b415631
0	0	0	A	0	30	151570	2254.1	19575.5	69902.5	15734.3	21116.3	7573.72	4121.42	2504.95	8685.29	747238	0	2	1	0	0xd43f5e018b415631
0	0	0	A	0	31	149849	2239.55	19473.2	69721.5	15698.8	20033.2	7471.3	3839.57	2550.91	8723.75	746551	0	1	1	0	0xd43f5e018b415631
0	0	0	A	0	32	150988	2183.43	19612.8	70082.1	15653.9	20654.6	7554.92	3948.33	2517.82	8679.12	739251	0	3	1	0	0xd43f5e018b415631
0	0	0	A	0	33	152107	3803.65	19569.8	69860.3	15907	20244.3	7612.18	3910.16	2508.16	8540.78	758911	0	5	1	0	0xd43f5e018b415631
0	0	0	A	0	34	150696	2183.64	19398	69639	15783.6	21021.6	7425.42	3921.16	2542.03	8679.79	740628	0	2	1	0	0xd43f5e018b415631
0	0	0	A	0	35	152288	2253.51	19436.7	69726.6	15692.6	22371.9	7564.3	3948.87	2508.2	8682.12	745012	0	2	1	0	0xd43f5e018b415631
0	0	0	A	0	36	150606	2214.8	19480	69312.6	15678.4	21252.2	7528.59	3794.15	2539.53	8705.16	742761	0	1	1	0	0xd43f5e018b415631
0	0	0	A	0	37	153005	2704.63	19512.3	71920.2	15626.7	20600.4	7473.34	3866.78	2513.45	8683.91	749970	0	0	1	0	0xd43f5e018b415631
0	0	0	A	0	38	151045	2187.89	19370.5	69184.9	15775.9	21375.9	7863.69	3937.33	2544.83	8703.08	742818	0	3	1	0	0xd43f5e018b415631
0	0	0	A	0	39	151424	2257.14	19430.2	69796.8	15681.9	21291.3	7576.51	4046.29	2503.74	8744.54	746126	0	1	1	0	0xd43f5e018b415631
0	0	0	A	0	40	149945	2262.51	19595.4	69621.8	15793.8	19851.1	7545.76	3879.37	2610	8689.2	746094	0	0	1	0	0xd43f5e018b415631
0	0	0	A	0	41	150664	2205.55	19442.3	70041.4	15705	20635.8	7540.59	3810.57	2491.7	8692.29	737569	0	3	1	0	0xd43f5e018b415631
0	0	0	A	0	42	151131	2196.26	19542.1	69786.1	15730.7	21165	7399.67	3979.62	2540.28	8690.95	742217	0	2	1	0	0xd43f5e018b415631
0	0	0	A	0	43	151417	2255.18	19820.2	69651.5	15746.6	21051.1	7690.26	3856.57	2549.03	8693.58	745009	0	2	1	0	0xd43f5e018b415631
0	0	0	A	0	44	152340	2252.6	19471.7	71502	15743.4	20756.5	7518.55	3796.15	2501.32	8696.91	746154	0	1	1	0	0xd43f5e018b415631
0	0	0	A	0	45	151286	2231.68	19723.8	69599.3	15863.1	21049.1	7602.09	3856.57	2545.57	8714.2	744178	0	3	1	0	0xd43f5e018b415631
0	0	0	A	0	46	151177	2253.1	19856	69368.1	15673.1	21416.5	7391.87	3872.7	2553.95	8693.58	745866	0	1	1	0	0xd43f5e018b415631
0	0	0	A	0	47	150074	2266.22	19503.9	69987.6	15750	19843.8	7455.46	3883.99	2591.04	8691.62	747234	0	4	1	0	0xd43f5e018b415631
0	0	0	A	0	48	150572	2190.64	19478.8	69726.5	15687.6	20808	7536.26	3855.74	2499.99	8689.16	738815	0	0	1	0	0xd43f5e018b415631
0	0	0	A	0	49	151031	2251.14	19540.2	69223.4	15886.1	21194.7	7427.75	4214.18	2511.19	8680.74	744020	0	0	1	0	0xd43f5e018b415631
0	0	0	A	0	50	153113	2255.18	22324.1	69620	15637.2	20432.8	7743.77	3804.82	2507.82	8690.41	765047	0	1	1	0	0xd43f5e018b415631
0	0	0	A	0	51	150836	2204.3	19477.9	69564	15810.6	20960.2	7641.76	3839.36	2534.36	8701.99	741111	1	1	1	0	0xd43f5e018b415631
0	0	0	A	0	52	152096	2275.97	21019.8	69566.3	15760	20866.2	7528.09	3769.19	2523.2	8681.53	744757	0	3	1	0	0xd43f5e018b415631
0	0	0	A	0	53	151474	2253.39	19859	69678.3	15779.4	20985.5	7631.93	3953.03	2539.95	8689.24	744006	0	3	1	0	0xd43f5e018b415631
0	0	0	A	0	54	151059	2244.14	19468.6	69734.3	15693.6	21158.6	7431.5	3980.12	2512.45	8704.79	744796	0	2	1	0	0xd43f5e018b415631
0	0	0	A	0	55	149542	2249.1	19420.9	69484.4	15694.2	20058.4	7525.84	3965.87	2556.95	8481.77	745940	0	3	1	0	0xd43f5e018b415631
0	0	0	A	0	56	151266	2192.89	19538	69786.2	16035.9	20842.7	7606.55	3910.74	2530.41	8721.25	740607	0	2	1	0	0xd43f5e018b415631
0	0	0	A	0	57	150912	2181.09	19468.3	69350	15900.9	21033.6	7760.4	3859.99	2554.74	8700.62	742346	0	1	1	0	0xd43f5e018b415631
0	0	0	A	0	58	151536	2251.1	19565.2	70033	15732.8	21146.3	7538.17	3897.99	2546.32	8727.41	746359	0	1	1	0	0xd43f5e018b415631
0	0	0	A	0	59	151419	2349.48	19552.3	69942.6	15698.5	21234.1	7474.75	3870.61	2507.28	8687.87	747067	0	4	1	0	0xd43f5e018b415631
0	0	0	A	0	60	152399	2247.85	19546.2	71237.8	15958.1	20523.1	7506.22	4075.71	2498.95	8673.53	747357	0	5	1	0	0xd43f5e018b415631
0	0	0	A	0	61	151203	2241.85	19584.3	69598.7	15688.8	21284	7563.22	3930.58	2496.49	8715.16	745894	0	1	1	0	0xd43f5e018b415631
0	0	0	A	0	62	149908	2253.26	19605.2	69534.3	15843	19999.1	7327.95	4052.29	2554.78	8635.82	746885	0	1	1	0	0xd43f5e018b415631
0	0	0	A	0	63	154051	2186.09	19457.1	72178.4	16223.6	20923.4	7751.31	4028.79	2519.36	8684.12	758525	0	1	1	0	0xd43f5e018b415631
0	0	0	A	0	64	151201	2265.93	19395.8	70018.3	15782.4	20663.2	7617.8	4094.46	2554.04	8711.24	746357	2	2	1	0	0xd43f5e018b415631
0	0	0	A	0	65	150072	2246.05	19516.4	69586.4	15836.3	20030.2	7511.5	4015	2504.99	8724.91	747577	0	3	1	0	0xd43f5e018b415631
0	0	0	A	0	66	150793	2200.93	19439.6	70054.8	15776.3	20737.7	7465.92	3813.32	2519.82	8680.87	739141	1	0	1	0	0xd43f5e018b415631
0	0	0	A	0	67	151043	2183.93	19488.8	69599.8	15799.6	21046.2	7610.17	3923.78	2569.24	8717.45	742755	0	1	1	0	0xd43f5e018b415631
0	0	0	A	0	68	153446	2263.39	19551.9	70159.3	15900.6	22135.7	8129.42	4020.41	2522.07	8662.16	761677	0	4	1	0	0xd43f5e018b415631
0	0	0	A	0	69	150651	2191.68	19349.2	69697.5	15947.2	20731	7551.01	3861.99	2498.07	8721.41	738213	0	5	1	0	0xd43f5e018b415631
0	0	0	A	0	70	151025	2233.8	19428	69611.3	15766.8	21100.5	7530.55	4005.24	2551.32	8693.12	743368	0	2	1	0	0xd43f5e018b415631
0	0	0	A	0	71	151375	2245.22	19612.3	69379.2	15881.4	21256.3	7792.65	3893.7	2491.99	8719.91	746767	0	2	1	0	0xd43f5e018b415631
0	0	0	A	0	72	149596	2263.97	19463	69358.4	15826.6	20022.3	7355.87	4119.5	2558.53	8532.07	746585	0	2	1	0	0xd43f5e018b415631
0	0	0	A	0	73	151317	2183.47	19488.9	70323.4	15729	20721.2	7584.63	3998	2501.82	8687.49	740978	0	1	1	0	0xd43f5e018b415631
0	0	0	A	0	74	150532	2186.59	19459.9	69234.3	15733	21200.3	7559.05	3838.03	2538.86	8682.12	741841	0	1	1	0	0xd43f5e018b415631
0	0	0	A	0	75	149402	2267.97	19433.7	69472.9	15885.5	19923	7361.71	3850.03	2560.78	8548.11	745723	0	1	1	0	0xd43f5e018b415631
0	0	0	A	0	76	150814	2181.63	19468.9	69596.2	15861.6	21024.6	7351.71	3915.16	2549.95	8764.29	740652	0	1	1	0	0xd43f5e018b415631
0	0	0	A	0	77	152672	2489.07	19591.8	71405.3	15778.5	20285.7	7726.56	4139.92	2561.03	8593.82	760529	0	1	1	0	0xd43f5e018b415631
0	0	0	A	0	78	150706	2183.22	19327.3	69672.5	15837.9	20934.2	7443.54	3979.33	2538.9	8687.99	740659	0	2	1	0	0xd43f5e018b415631
0	0	0	A	0	79	151217	2248.55	19582.7	69527.8	15728	21184.2	7577.3	4069.46	2508.36	8685.07	745517	0	0	1	0	0xd43f5e018b415631
0	0	0	A	0	80	149507	2254.3	19389.5	69489.1	15672.1	20048.1	7590.67	3936.57	2510.2	8514.1	745895	0	2	1	0	0xd43f5e018b415631
0	0	0	A	0	81	151245	2202.68	19488.2	70557.6	15653.4	20515.7	7651.72	3880.53	2499.9	8695.53	740010	0	4	1	0	0xd43f5e018b415631
0	0	0	A	0	82	150740	2187.59	19782.3	69051.7	15767	21016.9	7611.09	3992.62	2557.2	8677.28	741550	0	4	1	0	0xd43f5e018b415631
0	0	0	A	0	83	151298	2262.22	19868.3	69466.8	15668.6	21333.4	7541.59	3826.82	2519.32	8710.87	746091	1	4	1	0	0xd43f5e018b415631
0	0	0	A	0	84	150131	2243.43	19497.4	69737.1	15690.8	19901.9	7671.59	4051	2550.94	8685.61	747154	0	1	1	0	0xd43f5e018b415631
0	0	0	A	0	85	151776	2201.3	21177.8	69455.8	15806.9	20074.8	7555.05	4157.51	2551.99	8690.7	753377	0	6	1	0	0xd43f5e018b415631
0	0	0	A	0	86	150507	2193.01	19389.4	69890.6	15676	20697.8	7539.3	3829.02	2497.61	8693.45	738169	0	0	1	0	0xd43f5e018b415631
0	0	0	A	0	87	151231	2234.26	19513.6	70031.1	15727.1	21097.2	7481.29	3815.23	2549.94	8679.91	743763	0	2	1	0	0xd43f5e018b415631
0	0	0	A	0	88	150936	2250.35	19558.1	69613.4	15712.2	21271.3	7414.2	3786.32	2546.08	8687.86	745793	0	0	1	0	0xd43f5e018b415631
0	0	0	A	0	89	149805	2330.89	19485.2	69486.5	15710.9	20188.7	7529.38	3843.4	2502.24	8630.32	747866	0	1	1	0	0xd43f5e018b415631
0	0	0	A	0	90	154191	2190.47	22436.5	69454	15805.6	21160.8	7652.26	4195.55	2511.91	8683.61	760218	0	0	1	0	0xd43f5e018b415631
0	0	0	A	0	91	151665	2244.22	19608.2	70021.5	15662.1	21222.4	7639.05	3973.24	2503.61	8689.07	747751	0	4	1	0	0xd43f5e018b415631
0	0	0	A	0	92	149444	2256.26	19529.1	69201.4	15761.6	20080.9	7604.76	3817.07	2540.91	8552.23	746087	0	1	1	0	0xd43f5e018b415631
0	0	0	A	0	93	151840	2181.55	19453.7	71336.3	15774.2	20551.9	7531	3848.2	2542.99	8519.73	756241	0	1	1	0	0xd43f5e018b415631
0	0	0	A	0	94	150998	2177.55	19591.5	69853.9	15735.9	20777.1	7605.92	3954.07	2513.74	8692.2	740181	3	2	1	0	0xd43f5e018b415631
0	0	0	A	0	95	151073	2222.8	19494.9	69793.8	15720.8	21069.8	7599.63	3842.9	2543.32	8686.49	743261	0	3	1	0	0xd43f5e018b415631
0	0	0	A	0	96	149612	2240.89	19500	69472.7	15720	19868.1	7513.59	3965.74	2562.16	8673.61	744741	0	2	1	0	0xd43f5e018b415631
0	0	0	A	0	97	150985	2210.26	19663.1	69840.9	15861.1	20540	7610.18	3917.07	2522.03	8715.99	754696	0	2	1	0	0xd43f5e018b415631
0	0	0	A	0	98	150795	2180.59	19690.7	69222.7	15740.6	21087	7438.99	4096.29	2546.07	8689.49	741374	0	5	1	0	0xd43f5e018b415631
0	0	0	A	0	99	151118	2246.68	19540.8	69600.8	15669	21262.6	7443.33	3972.24	2570.32	8714.87	746010	0	0	1	0	0xd43f5e018b415631
1	0	1	B	0	0	155858	2273.72	19474	72527.5	15688.7	21380.3	9190.56	3965.49	2522.78	8740.11	769609	1	1	1	0	0xd43f5e018b415631
1	0	1	B	0	1	152674	2250.43	19611.9	69718.6	15672.6	21111.4	9017.97	3915.37	2493.9	8787.03	761983	0	4	1	0	0xd43f5e018b415631
1	0	1	B	0	2	153104	2185.63	19533.5	70453.6	15882	20629	8997.08	4066.04	2532.95	8728.99	758937	0	2	1	0	0xd43f5e018b415631
1	0	1	B	0	3	152693	2255.43	19473.9	69669.8	15883.9	20984.9	9023.84	3972.49	2592.16	8739.49	753282	0	1	1	0	0xd43f5e018b415631
1	0	1	B	0	4	152162	2260.72	19488.9	69789.8	15683.4	20718.9	9017.5	3809.4	2558.82	8740.82	749084	0	1	1	0	0xd43f5e018b415631
1	0	1	B	0	5	152873	2282.93	19527.1	69723.8	15844.8	21234.7	8951.42	3854.98	2532.15	8823.41	764011	0	5	1	0	0xd43f5e018b415631
1	0	1	B	0	6	152776	2184.34	19546.4	69843.3	15722	20890.1	9100.3	4111.09	2547.2	8735.82	759778	0	1	1	0	0xd43f5e018b415631
1	0	1	B	0	7	152006	2196.3	19510.4	69810.1	15736.2	20464.2	9079.68	3889.03	2511.28	8712.24	755019	0	0	1	0	0xd43f5e018b415631
1	0	1	B	0	8	151977	2200.72	19552.7	69883.7	15794.3	20366.6	9020.26	3789.81	2524.4	8750.16	753960	0	3	1	0	0xd43f5e018b415631
1	0	1	B	0	9	151751	2182.8	19582.8	69674.1	15702.8	20374.9	8964.26	3939.78	2491.36	8742.95	753135	0	0	1	0	0xd43f5e018b415631
1	0	1	B	0	10	152927	2189.47	19531.6	69816.7	15689.2	20948.6	9049.59	4053.62	2632.25	8919.58	754277	0	2	1	0	0xd43f5e018b415631
1	0	1	B	0	11	152216	2255.8	19619.1	69683.1	15653.5	20715.9	8940.8	3924.49	2564.82	8766.24	749028	0	0	1	0	0xd43f5e018b415631
1	0	1	B	0	12	152932	2271.76	19606.1	69740.4	15724	21091.1	9109.05	4069.79	2496.94	8726.99	763881	1	0	1	0	0xd43f5e018b415631
1	0	1	B	0	13	154320	2195.13	19515.5	70458.7	15595.9	21311.3	9979.57	3889.19	2535.9	8744.7	760672	0	0	1	0	0xd43f5e018b415631
1	0	1	B	0	14	152617	2262.8	19540.6	70159.5	15735.3	20596.5	9106.64	3860.36	2510.15	8753.49	748162	0	2	1	0	0xd43f5e018b415631
1	0	1	B	0	15	153052	2222.14	19671.3	69996.4	15903.7	20783.1	9138.06	3962.45	2533.15	8746.16	761251	1	2	1	0	0xd43f5e018b415631
1	0	1	B	0	16	152095	2187.38	19548	70083	15683.1	20539.9	8954.59	3782.36	2497.03	8723.74	755253	0	2	1	0	0xd43f5e018b415631
1	0	1	B	0	17	153593	2215.43	19687	70380.4	15877.2	20906.2	9019.26	4089.87	2576.57	8746.03	755604	0	1	1	0	0xd43f5e018b415631
1	0	1	B	0	18	152925	2255.14	19600.7	70098.3	15675.1	21145.1	8999.17	3762.85	2548.07	8748.82	763644	0	1	1	0	0xd43f5e018b415631
1	0	1	B	0	19	153194	2189.09	19996.3	70426.4	15840.5	20347.2	9037.09	3921.03	2501.19	8839.37	758642	0	5	1	0	0xd43f5e018b415631
1	0	1	B	0	20	153293	2271.85	19565.1	69836.9	15839.3	21325	9088.39	3992.99	2546.91	8728.99	753828	0	0	1	0	0xd43f5e018b415631
1	0	1	B	0	21	152986	2258.93	19587.7	69887.1	15717	21292.8	9006.09	4004.53	2491.53	8645.02	763279	0	3	1	0	0xd43f5e018b415631
1	0	1	B	0	22	152214	2210.84	19591.3	69570.6	15626.3	20986.6	8862.41	3984.03	2534.49	8752.95	757634	0	1	1	0	0xd43f5e018b415631
1	0	1	B	0	23	152029	2190.72	19515.3	69710.4	15688.3	20671.7	9037.09	3883.9	2501.32	8734.24	755706	1	3	1	0	0xd43f5e018b415631
1	0	1	B	0	24	151983	2175.3	19570.3	69553	15842	20559.4	8996.92	3968.99	2502.9	8717.15	754668	1	1	1	0	0xd43f5e018b415631
1	0	1	B	0	25	152941	2195.26	19528.7	70269.3	15675.9	20935.6	8949.25	4017.91	2534.98	8741.28	754874	0	1	1	0	0xd43f5e018b415631
1	0	1	B	0	26	152847	2256.26	19639.8	69982.2	15822.8	20725	9077.09	3949.2	2564.2	8739.66	750141	0	1	1	0	0xd43f5e018b415631
1	0	1	B	0	27	155121	2239.26	19503.4	72013.1	15667.2	20804.9	9508.79	4029.24	2526.86	8732.53	763603	0	2	1	0	0xd43f5e018b415631
1	0	1	B	0	28	153017	2259.05	19516.6	70211.5	15721	21130.2	8928.5	3893.32	2493.19	8769.91	764124	0	3	1	0	0xd43f5e018b415631
1	0	1	B	0	29	152766	2196.26	19538.1	70008.6	15721.4	20749.3	9110.89	4045.95	2542.82	8755.28	758923	0	1	1	0	0xd43f5e018b415631
1	0	1	B	0	30	152034	2208.59	19700.6	69900.3	15699.3	20301.4	8962.21	3895.07	2508.15	8764.74	754328	0	1	1	0	0xd43f5e018b415631
1	0	1	B	0	31	152920	2195.88	19504.7	70102.5	15803.3	20948.4	8899.87	3986.32	2548.36	8835.37	754118	0	1	1	0	0xd43f5e018b415631
1	0	1	B	0	32	152956	2257.76	19464.9	69978.2	15703.5	21224.2	9085.84	3809.27	2582.74	8752.91	749429	0	3	1	0	0xd43f5e018b415631
1	0	1	B	0	33	152311	2212.88	19574.1	69658.2	15784.9	21008	9007.25	3836.19	2529.66	8603.06	760273	0	0	1	0	0xd43f5e018b415631
1	0	1	B	0	34	152623	2198.59	19507.3	69872.7	15788	20746.6	9254.65	3858.11	2547.66	8755.41	758139	0	4	1	0	0xd43f5e018b415631
1	0	1	B	0	35	152107	2203.09	19503.8	70106.6	15732.6	20301.1	8947.96	3961.2	2494.82	8760.86	754521	0	0	1	0	0xd43f5e018b415631
1	0	1	B	0	36	151896	2186.84	19556.4	69669.1	15749.8	20321.6	9077.3	3984.07	2529.7	8727.78	752938	0	1	1	0	0xd43f5e018b415631
1	0	1	B	0	37	151753	2261.22	19560.6	69635	15875.1	20264	8863.83	3871.23	2601.33	8725.57	752361	0	1	1	0	0xd43f5e018b415631
1	0	1	B	0	38	152852	2256.26	19924.5	69918.9	15711.5	20915.1	8957.92	3745.68	2585.07	8742.28	753124	0	1	1	0	0xd43f5e018b415631
1	0	1	B	0	39	152494	2255.68	19686	69773.2	15687.2	20673.6	9060.79	3989.11	2493.03	8782.74	748860	0	1	1	0	0xd43f5e018b415631
1	0	1	B	0	40	156500	2243.93	21142.4	71699.8	15748.9	21153.8	8992.55	4080.16	2538.28	8809.49	782031	0	0	1	0	0xd43f5e018b415631
1	0	1	B	0	41	152577	2206.13	19603.8	69938.3	15678.5	20889.6	9041.38	3855.61	2543.9	8720.69	758647	0	3	1	0	0xd43f5e018b415631
1	0	1	B	0	42	152278	2200.17	19528.8	70089.9	15798	20427.1	9012.87	3876.07	2503.44	8746.28	755211	0	3	1	0	0xd43f5e018b415631
1	0	1	B	0	43	152832	2203.93	19570	69765.4	15735.1	20982.6	8964.25	4139.88	2646.99	8727.86	753727	0	1	1	0	0xd43f5e018b415631
1	0	1	B	0	44	152240	2295.85	19544	69713.1	15702.3	20733.8	8853.04	4040.04	2528.07	8734.4	748870	1	1	1	0	0xd43f5e018b415631
1	0	1	B	0	45	152944	2263.22	19611.6	69833	15732.7	21399.9	9017.09	3816.15	2504.19	8673.69	763633	0	2	1	0	0xd43f5e018b415631
1	0	1	B	0	46	152534	2197.01	19531.2	70325.9	15657.7	20751.6	8932	3803.52	2500.07	8736.86	758605	0	1	1	0	0xd43f5e018b415631
1	0	1	B	0	47	152184	2189.09	19607.8	70131.8	15676.5	20430.2	8888.28	3871.86	2537.2	8754.65	755265	0	3	1	0	0xd43f5e018b415631
1	0	1	B	0	48	153694	2188.17	19532.2	70681.1	16062.1	20825.5	8979.5	4000.12	2573.36	8758.82	754283	0	2	1	0	0xd43f5e018b415631
1	0	1	B	0	49	153595	2452.69	19648.1	70051.2	15723.4	21364	9065.55	3920.36	2549.24	8728.99	763424	0	1	1	0	0xd43f5e018b415631
1	0	1	B	0	50	152181	2175.22	19663.6	69950.5	15784.6	20303.6	9018.55	3901.45	2503.19	8786.74	754704	0	1	1	0	0xd43f5e018b415631
1	0	1	B	0	51	151783	2197.59	19591.1	69622	15760.6	20255.2	8962.33	3951.49	2556.11	8787.66	752772	0	1	1	0	0xd43f5e018b415631
1	0	1	B	0	52	152812	2187.3	19369.9	70217.6	15865.4	20950.6	8869.7	3987.61	2544.57	8724.86	753835	0	0	1	0	0xd43f5e018b415631
1	0	1	B	0	53	154875	2267.55	19608.8	69939.4	16900.5	21654.6	9093.8	3971.99	2575.2	8767.49	767547	0	2	1	0	0xd43f5e018b415631
1	0	1	B	0	54	153127	2369.35	19508.5	70129.8	15795.2	20862.5	9012.92	4053.74	2552.4	8746.44	752897	0	5	1	0	0xd43f5e018b415631
1	0	1	B	0	55	152887	2257.39	19701.9	69771	15715.5	21062.5	9076.01	3930.49	2546.36	8731.07	763460	0	0	1	0	0xd43f5e018b415631
1	0	1	B	0	56	152372	2188.47	19550.9	69829.7	15750.5	20796.1	9027.67	3867.77	2539.23	8728.19	758537	0	1	1	0	0xd43f5e018b415631
1	0	1	B	0	57	152011	2187.3	19588.9	69392.5	15730.9	20679.6	8876.66	4226.3	2498.94	8709.73	755781	0	1	1	0	0xd43f5e018b415631
1	0	1	B	0	58	152061	2195.55	19506.2	69840.6	15961.3	20548.1	8767.9	3883.32	2507.32	8754.65	754742	0	1	1	0	0xd43f5e018b415631
1	0	1	B	0	59	151815	2186.97	19705.9	69685.7	15722.1	20422.2	8813.4	3913.98	2499.48	8770.32	753493	0	2	1	0	0xd43f5e018b415631
1	0	1	B	0	60	152954	2184.59	19555.5	70050.7	15712.7	21005.6	9121.17	3954.41	2541.94	8731.9	754336	0	4	1	0	0xd43f5e018b415631
1	0	1	B	0	61	152314	2262.59	19596.6	69678	15671	20768.5	9110.67	3809.9	2580.65	8740.57	749158	0	1	1	0	0xd43f5e018b415631
1	0	1	B	0	62	152769	2257.22	19584.3	69866.9	15812.9	21102.1	8992.58	3761.64	2543.36	8754.69	763447	0	1	1	0	0xd43f5e018b415631
1	0	1	B	0	63	152858	2195.42	19723.1	69914.7	15730.2	20908	8965.95	4073.99	2550.36	8699.19	759272	0	5	1	0	0xd43f5e018b415631
1	0	1	B	0	64	152048	2185.59	19390.9	69956.5	15764.8	20478.4	8919.12	3969.32	2544.28	8738.24	754542	0	0	1	0	0xd43f5e018b415631
1	0	1	B	0	65	152827	2198.63	19469	69886.3	15796.5	20921.3	8993.38	4173.16	2539.82	8757.11	754161	0	0	1	0	0xd43f5e018b415631
1	0	1	B	0	66	156956	2813.34	19648.8	72803.8	15902	21243.7	9310.1	3856.61	2550.57	8733.86	769999	1	0	1	0	0xd43f5e018b415631
1	0	1	B	0	67	152327	2192.01	19637.9	69677	15685.2	21053	8988.58	3818.44	2539.61	8639.6	760136	0	3	1	0	0xd43f5e018b415631
1	0	1	B	0	68	152147	2194.55	19603.8	69590	15653.3	20870.8	8954.79	3932.24	2535.11	8714.07	757595	0	2	1	0	0xd43f5e018b415631
1	0	1	B	0	69	152231	2190.88	19577	69626	15641	20846.3	9026.5	3976.03	2515.69	8734.94	756181	0	2	1	0	0xd43f5e018b415631
1	0	1	B	0	70	151962	2193.67	19534.6	69864.8	15740.7	20394.3	9026.79	3856.69	2496.9	8754.65	754255	0	1	1	0	0xd43f5e018b415631
1	0	1	B	0	71	152952	2193.09	19504.1	70197.4	15734.3	21031.4	8864.66	3993.45	2533.03	8806.66	754304	0	3	1	0	0xd43f5e018b415631
1	0	1	B	0	72	152016	2266.01	19563.1	69665.6	15743.2	20742.5	8794.07	3862.82	2524.61	8763.65	748869	0	1	1	0	0xd43f5e018b415631
1	0	1	B	0	73	152614	2250.51	19470.9	69832.9	16039.5	20731.9	9002.16	3940.45	2524.94	8726.27	748467	0	2	1	0	0xd43f5e018b415631
1	0	1	B	0	74	152553	2247.68	19538.7	69979.8	15691.7	20937.9	8914.07	4015.24	2554.57	8581.1	761084	0	1	1	0	0xd43f5e018b415631
1	0	1	B	0	75	152896	2207.92	19523.9	70494.8	15965.9	20424.6	8869.48	4002.87	2520.19	8791.03	758338	0	1	1	0	0xd43f5e018b415631
1	0	1	B	0	76	151657	2191.01	19552.5	69428.1	15671.3	20416	8996.08	4023.41	2548.36	8733.69	752670	0	1	1	0	0xd43f5e018b415631
1	0	1	B	0	77	152784	2187.88	19560.2	69877.1	15683.3	20933.8	9148.55	3892.31	2603.2	8803.07	754165	0	1	1	0	0xd43f5e018b415631
1	0	1	B	0	78	153423	2266.09	20136.3	69954.3	15745.6	21120.8	9007.54	3854.19	2498.19	8745.65	766692	0	3	1	0	0xd43f5e018b415631
1	0	1	B	0	79	155897	2191.72	19491.3	72247.7	16320.7	21028.9	9135.46	4046.53	2562.82	8774.65	778745	0	0	1	0	0xd43f5e018b415631
1	0	1	B	0	80	152702	2191.22	19593.5	70130.8	15708.7	20743.2	9097.59	3938.45	2500.4	8706.73	759002	0	2	1	0	0xd43f5e018b415631
1	0	1	B	0	81	152171	2179.46	19539.2	70118	15746.5	20354.7	8932.62	3905.15	2556.53	8742.36	754352	0	1	1	0	0xd43f5e018b415631
1	0	1	B	0	82	151854	2269.26	19526.3	69863.3	15698.4	20295.6	8913.79	3855.48	2588.24	8747.82	752427	0	3	1	0	0xd43f5e018b415631
1	0	1	B	0	83	152828	2274.39	19480.1	70005.4	15875.8	20904.1	9024.42	3906.44	2534.32	8725.52	753203	0	1	1	0	0xd43f5e018b415631
1	0	1	B	0	84	153405	2281.97	19455.8	70358.9	16023	21040	9173.97	3875.19	2507.48	8599.64	765430	0	3	1	0	0xd43f5e018b415631
1	0	1	B	0	85	152481	2201.76	19590.3	69818.7	15745.7	20792.2	9182.76	3801.81	2541.53	8713.98	758237	0	0	1	0	0xd43f5e018b415631
1	0	1	B	0	86	152281	2199.59	19637.7	70001.2	15727.4	20289.8	9069.84	4033.12	2490.9	8737.32	755146	0	1	1	0	0xd43f5e018b415631
1	0	1	B	0	87	152709	2255.59	19616.9	69893.9	15697.4	20917.6	8883.41	3979.2	2587.9	8752.9	753467	0	2	1	0	0xd43f5e018b415631
1	0	1	B	0	88	152357	2272.97	19610.8	69695.3	15661.1	20749.2	8988.99	3957.28	2582.49	8747.82	749499	0	1	1	0	0xd43f5e018b415631
1	0	1	B	0	89	152771	2264.76	19493.9	69946.2	15794.9	21152.2	8893.7	3880.73	2495.9	8749.94	763581	0	1	1	0	0xd43f5e018b415631
1	0	1	B	0	90	152568	2189.38	19562.3	69819.4	15642	20901.2	8964.87	4123	2550.78	8721.73	759411	0	0	1	0	0xd43f5e018b415631
1	0	1	B	0	91	152367	2199.84	19544.4	70043.4	15743.6	20469.5	8914.2	3982.82	2517.78	8853.41	756102	0	0	1	0	0xd43f5e018b415631
1	0	1	B	0	92	153659	2188.01	19619.6	70781.6	15972.7	20860.4	8898.36	3869.56	2538.61	8833.57	754973	0	0	1	0	0xd43f5e018b415631
1	0	1	B	0	93	152646	2260.8	19529.9	69875.1	15746.9	21088.9	8981.71	3812.15	2549.95	8707.73	762355	0	4	1	0	0xd43f5e018b415631
1	0	1	B	0	94	151877	2194.67	19578.3	69422.9	15746.6	20893.5	9016.62	3813.23	2537.07	8582.26	757870	0	0	1	0	0xd43f5e018b415631
1	0	1	B	0	95	152217	2200.72	19502.8	69852.6	15727.6	20806.4	8971.54	3780.48	2542.07	8739.27	757697	0	2	1	0	0xd43f5e018b415631
1	0	1	B	0	96	152068	2189.84	19593.6	69650.1	15746.7	20627.6	8986.54	3899.36	2540.65	8736.02	755739	0	1	1	0	0xd43f5e018b415631
1	0	1	B	0	97	152270	2198.05	19593.3	70097.7	15720.1	20329.8	8930.2	3990.99	2545.74	8770.07	755061	0	0	1	0	0xd43f5e018b415631
1	0	1	B	0	98	152898	2241.68	19604	70356.4	15700.4	20821	8951.5	3845.85	2546.9	8739.73	753407	0	3	1	0	0xd43f5e018b415631
1	0	1	B	0	99	153266	2264.64	19468.7	70205.4	15804.4	21141.7	9003.71	4031.99	2500.69	8752.61	765417	0	1	1	0	0xd43f5e018b415631
2	1	0	B	0	0	152737	2223.55	19485.2	70411.1	15792.7	20550.1	8927.04	3986.49	2550.65	8718.77	757627	0	7	1	0	0xd43f5e018b415631
2	1	0	B	0	1	152670	2273.18	19454.2	70138.7	15716.3	20737	9203.26	3746.06	2535.11	8773.52	752576	0	0	1	0	0xd43f5e018b415631
2	1	0	B	0	2	151926	2259.89	19437.7	69658.7	15677.7	20625.1	8859.28	4045.2	2553.99	8723.27	748306	0	0	1	0	0xd43f5e018b415631
2	1	0	B	0	3	154527	2262.76	22606.1	69889.6	15739.1	20002.8	8831.19	3838.61	2541.07	8727.1	766067	1	2	1	0	0xd43f5e018b415631
2	1	0	B	0	4	153021	2269.09	19548.4	70126.1	15904.9	20793.7	8987.04	3946.73	2609.24	8741.44	753424	0	4	1	0	0xd43f5e018b415631
2	1	0	B	0	5	152712	2286.93	19606.1	69503.6	15854.7	21038.9	9130.75	3913.78	2543.57	8741.35	748194	0	4	1	0	0xd43f5e018b415631
2	1	0	B	0	6	152625	2208.34	19523.7	69790	15806	20833.9	9037.2	4078.62	2537.86	8720.27	760373	0	1	1	0	0xd43f5e018b415631
2	1	0	B	0	7	152341	2212.05	19476.2	70090.1	15650.8	20589.2	8868.73	4048.24	2512.44	8805.48	756666	0	1	1	0	0xd43f5e018b415631
2	1	0	B	0	8	153486	2202.67	19830.5	70369.9	15745.4	20721.6	9078.71	4131.99	2588.45	8727.31	755118	0	6	1	0	0xd43f5e018b415631
2	1	0	B	0	9	153017	2268.76	19469.1	69758.8	15856.4	21034.5	9358.6	3855.77	2502.32	8819.86	764210	0	2	1	0	0xd43f5e018b415631
2	1	0	B	0	10	152315	2221.84	19595.8	69828.8	15664.4	20757.2	9004.83	3889.36	2535.74	8726.02	758440	1	2	1	0	0xd43f5e018b415631
2	1	0	B	0	11	152318	2198.09	19518.1	70173.8	15728.4	20341.3	8963.08	4051.74	2515.94	8737.1	756446	0	1	1	0	0xd43f5e018b415631
2	1	0	B	0	12	152920	2207.76	19539.3	70073.5	15722.9	20916.8	9101.29	3969.95	2539.03	8760.94	754808	0	2	1	0	0xd43f5e018b415631
2	1	0	B	0	13	152284	2270.55	19567.7	69801.5	15682	20572.4	9229.18	3801.56	2545.57	8722.52	749733	0	0	1	0	0xd43f5e018b415631
2	1	0	B	0	14	152636	2277.93	19578	69688.1	15722	21113.8	9034.12	3891.69	2512.11	8727.81	747532	0	1	1	0	0xd43f5e018b415631
2	1	0	B	0	15	152155	2208.72	19488.3	69778	15795.8	20854.9	8860.69	3956.9	2544.24	8581.59	759551	0	0	1	0	0xd43f5e018b415631
2	1	0	B	0	16	155685	2201.71	19712.8	69672.1	16285.3	23386.3	9018.7	4022.57	2545.98	8751.69	777286	0	6	1	0	0xd43f5e018b415631
2	1	0	B	0	17	152223	2195.71	19572.5	69740.7	15675.5	20679.8	9036.29	3990.65	2511.03	8733.23	758368	0	1	1	0	0xd43f5e018b415631
2	1	0	B	0	18	152260	2209.47	19538.4	70011.7	15852.1	20357.3	8978.33	3991.4	2511.86	8723.6	756397	0	4	1	0	0xd43f5e018b415631
2	1	0	B	0	19	152015	2221.97	19505.3	69712.3	15762.3	20255.5	9168.71	4049.07	2503.98	8745.31	754304	2	2	1	0	0xd43f5e018b415631
2	1	0	B	0	20	153399	2204.46	19599.3	70334.1	15896.4	20839.4	9160.83	3878.23	2648.24	8745.15	754668	0	3	1	0	0xd43f5e018b415631
2	1	0	B	0	21	152578	2259.34	19559.7	69409.9	16028	21110.5	9000.62	3871.15	2509.32	8740.02	747365	0	3	1	0	0xd43f5e018b415631
2	1	0	B	0	22	152265	2234.26	19461.2	69948.1	15683	20851.6	9173.38	3740.39	2539.15	8547.13	759695	2	0	1	0	0xd43f5e018b415631
2	1	0	B	0	23	152270	2215.92	19622.9	70181.1	15701.5	20551.6	8787.23	3873.9	2532.61	8712.31	757636	0	3	1	0	0xd43f5e018b415631
2	1	0	B	0	24	152146	2208.42	19553.7	69957.2	15771	20384.5	8957.11	3956.15	2508.07	8753.94	755764	0	0	1	0	0xd43f5e018b415631
2	1	0	B	0	25	151836	2192.21	19456.8	69896.7	15699.8	20377.1	8925.24	3986.82	2497.44	8714.89	753687	0	5	1	0	0xd43f5e018b415631
2	1	0	B	0	26	152889	2209.8	19550.6	70095.3	15762.6	20777.7	9021.91	4065.83	2581.57	8735.52	754744	0	0	1	0	0xd43f5e018b415631
2	1	0	B	0	27	152096	2277.8	19516.9	69775.3	15664.8	20689.1	8936.45	3823.98	2574.32	8750.31	749095	1	0	1	0	0xd43f5e018b415631
2	1	0	B	0	28	152762	2286.89	19399.2	69734.6	15727.3	21114.1	9181.09	3986.57	2502.9	8739.81	748467	1	0	1	0	0xd43f5e018b415631
2	1	0	B	0	29	156055	2200.13	19446.3	72579	16192	20902.6	9345.85	4069.7	2529.4	8701.89	779540	1	0	1	0	0xd43f5e018b415631
2	1	0	B	0	30	152869	2210.21	19546.9	70111.8	15919.1	20476.9	9294.22	3977.49	2510.56	8732.73	759164	0	3	1	0	0xd43f5e018b415631
2	1	0	B	0	31	151804	2216.13	19685.6	69637	15737.3	20334.3	8931.61	3926.98	2488.65	8758.48	753804	0	2	1	0	0xd43f5e018b415631
2	1	0	B	0	32	152068	2205.3	19606.7	69834.3	15850.6	20159.3	8874.82	4137.83	2558.53	8749.85	754038	0	1	1	0	0xd43f5e018b415631
2	1	0	B	0	33	152405	2277.68	19689.9	70403.1	15702.5	20034.7	9144.58	3768.72	2548.44	8743.39	752498	0	5	1	0	0xd43f5e018b415631
2	1	0	B	0	34	153030	2281.89	19450.6	70871.8	15777.8	20661	8827.03	3842.1	2501.61	8729.6	750729	0	4	1	0	0xd43f5e018b415631
2	1	0	B	0	35	152547	2259.05	19481.1	69852.3	15664.2	20955.1	9091.62	3803.14	2535.73	8816.57	761841	0	0	1	0	0xd43f5e018b415631
2	1	0	B	0	36	152538	2200.76	19629.6	70096.7	15679.8	20645.7	9088.08	3869.77	2503.85	8732.14	758519	0	3	1	0	0xd43f5e018b415631
2	1	0	B	0	37	152033	2202.8	19408.7	69786.5	15906.7	20495.6	8868.24	4034.03	2505.73	8733.93	755004	0	5	1	0	0xd43f5e018b415631
2	1	0	B	0	38	152181	2219.72	19507.8	70406.8	15702.5	20104.9	8937.15	3898.65	2560.57	8751.69	753913	0	2	1	0	0xd43f5e018b415631
2	1	0	B	0	39	152708	2284.72	19508.7	70005.9	15812.2	20807.1	9010.87	3849.85	2602.19	8736.52	753086	0	2	1	0	0xd43f5e018b415631
2	1	0	B	0	40	152875	2269.68	19630.9	69680	15747.6	21157.3	8960.45	4074.12	2512.03	8750.93	749437	0	5	1	0	0xd43f5e018b415631
2	1	0	B	0	41	152320	2197.3	19440.6	70041	15685.3	20840.3	8928.44	3890.02	2597.53	8607.68	760065	0	4	1	0	0xd43f5e018b415631
2	1	0	B	0	42	154813	2195.84	19479.6	69665.7	17041.4	22290.2	9007.12	3792.81	2538.86	8709.27	760347	0	2	1	0	0xd43f5e018b415631
2	1	0	B	0	43	152605	2380.77	19398.6	69969.7	15842.7	20956.6	8906.11	3792.52	2532.94	8733.81	761945	0	3	1	0	0xd43f5e018b415631
2	1	0	B	0	44	153135	2202.3	19786.2	69950.9	15861.3	20770.4	9362.22	3850.65	2525.32	8737.27	758549	0	6	1	0	0xd43f5e018b415631
2	1	0	B	0	45	153457	2257.88	19592.3	70144.9	15933.8	21058.7	9246.92	3835.73	2551.73	8749.02	753740	0	9	1	0	0xd43f5e018b415631
2	1	0	B	0	46	152625	2274.59	19387.7	69824.9	15663	21000.5	9198.92	3871.69	2511.11	8805.02	762637	0	1	1	0	0xd43f5e018b415631
2	1	0	B	0	47	152533	2203.01	19587.2	70054.9	15763.3	20728.2	8989.66	3833.77	2562.03	8722.14	758758	0	3	1	0	0xd43f5e018b415631
2	1	0	B	0	48	152279	2202.21	19585.2	70274.7	15680	20226.1	9081.62	3895.4	2490.02	8754.85	755905	0	0	1	0	0xd43f5e018b415631
2	1	0	B	0	49	151949	2204.26	19620.4	69738.5	15729.4	20242.4	8873.36	4146.08	2549.07	8759.27	753145	0	8	1	0	0xd43f5e018b415631
2	1	0	B	0	50	151997	2259.47	19598.2	69804	15723.2	20123.5	9024.91	3830.52	2586.53	8954.11	752896	0	1	1	0	0xd43f5e018b415631
2	1	0	B	0	51	152411	2262.09	19519.1	69879.1	15708.8	20706.2	9143.29	3761.51	2590.49	8750.43	752321	0	1	1	0	0xd43f5e018b415631
2	1	0	B	0	52	152489	2276.84	19596.8	69690.1	15757.3	20638.1	9067.83	4094.53	2541.28	8733.23	749755	2	1	1	0	0xd43f5e018b415631
2	1	0	B	0	53	152264	2264.05	19504.8	69424.6	15773.1	21167.5	8894.45	3894.56	2499.32	8734.1	746803	0	0	1	0	0xd43f5e018b415631
2	1	0	B	0	54	152227	2240.88	19430	69801.9	15737.5	20898.2	8975.74	3795.47	2536.44	8722.93	760354	1	0	1	0	0xd43f5e018b415631
2	1	0	B	0	55	152525	2195.63	19568.2	70277.4	15619.1	20698.3	8952.82	3844.35	2540.15	8738.97	758879	0	1	1	0	0xd43f5e018b415631
2	1	0	B	0	56	155261	3499.29	19589.4	71440.3	15802.5	20858.4	8959.28	3910.44	2522.27	8585.47	774497	0	3	1	0	0xd43f5e018b415631
2	1	0	B	0	57	152324	2207.21	19420.1	69963.6	15617.3	20631.4	9189.63	3989.11	2502.23	8713.47	757690	0	4	1	0	0xd43f5e018b415631
2	1	0	B	0	58	152068	2196.17	19440.9	70080.7	15709.7	20434.9	8941.11	3933.69	2505.65	8737.27	755397	0	1	1	0	0xd43f5e018b415631
2	1	0	B	0	59	151951	2210.71	19635	69718	15706.7	20257.2	9178.38	3909.19	2513.31	8731.35	754135	0	1	1	0	0xd43f5e018b415631
2	1	0	B	0	60	152070	2204.05	19681	69984.5	15710	20146.6	9005.03	4004.82	2508.18	8735.52	753190	0	6	1	0	0xd43f5e018b415631
2	1	0	B	0	61	152679	2372.85	19410.7	70089.4	15723.5	20793.4	8916.07	3995.9	2557.15	8731.27	753041	0	1	1	0	0xd43f5e018b415631
2	1	0	B	0	62	152281	2277.26	19575.8	69868.4	15793.1	20625.9	8984.53	3811.56	2548.78	8706.01	748879	0	3	1	0	0xd43f5e018b415631
2	1	0	B	0	63	152570	2264.09	19557.1	69771.8	15795.8	21046.5	8896.52	3912.23	2505.4	8733.93	747297	0	1	1	0	0xd43f5e018b415631
2	1	0	B	0	64	152542	2199.63	19494.1	69822.2	15704.1	20816.1	9122.25	4003.57	2543.73	8745.85	759874	0	0	1	0	0xd43f5e018b415631
2	1	0	B	0	65	152385	2208.05	19519.9	69979.4	15867.9	20534.8	9056.99	3885.06	2500.98	8739.52	756675	0	2	1	0	0xd43f5e018b415631
2	1	0	B	0	66	152143	2199.21	19657.7	69984.3	15751.5	20089.4	8982.36	4094.07	2540.28	8753.39	753897	0	3	1	0	0xd43f5e018b415631
2	1	0	B	0	67	152700	2267.88	19571.9	70349.7	15784.2	20752.1	8806.02	3810.68	2532.81	8734.39	752703	0	1	1	0	0xd43f5e018b415631
2	1	0	B	0	68	152446	2293.09	19508.8	70163.4	15828.7	20537.7	8877.81	3902.27	2504.27	8741.64	748837	0	1	1	0	0xd43f5e018b415631
2	1	0	B	0	69	155555	2378.81	19518.3	72759.8	15800.1	20664.7	9164.29	3824.64	2621.57	8730.14	765012	0	4	1	0	0xd43f5e018b415631
2	1	0	B	0	70	152614	2263.97	19594.3	69797.8	15806.4	21080.1	8919.11	3819.22	2507.27	8734.68	762866	0	8	1	0	0xd43f5e018b415631
2	1	0	B	0	71	152032	2203.21	19526.5	69632.2	15690.8	20850.5	8911.49	3959.57	2528.65	8636.05	759114	0	1	1	0	0xd43f5e018b415631
2	1	0	B	0	72	152421	2210.59	19528	69716.1	15749.5	20673.6	9079.29	4040.24	2560.94	8728.43	758408	0	2	1	0	0xd43f5e018b415631
2	1	0	B	0	73	152036	2210.3	19519.5	69908.6	15719	20506.4	8942.53	3928.69	2504.65	8707.43	755594	0	0	1	0	0xd43f5e018b415631
2	1	0	B	0	74	153364	2240.92	19590.4	70704.2	15687.1	20783.8	9088.99	3917.36	2531.52	8731.68	755431	0	6	1	0	0xd43f5e018b415631
2	1	0	B	0	75	153219	2283.38	19510	70076	15855.8	21085.1	9021.45	4030.24	2497.11	8770.98	765218	0	3	1	0	0xd43f5e018b415631
2	1	0	B	0	76	152002	2199.46	19393.4	69821.1	15798.3	20740.2	9042.32	3834.1	2541.02	8543.3	758379	0	0	1	0	0xd43f5e018b415631
2	1	0	B	0	77	152510	2211.67	19474.8	70436.6	15680.6	20552.1	8881.06	3991.03	2495.19	8694.76	758031	0	1	1	0	0xd43f5e018b415631
2	1	0	B	0	78	152133	2210.51	19557.5	69916.9	15721.8	20202.1	9117.66	4004.95	2579.07	8733.01	754494	1	2	1	0	0xd43f5e018b415631
2	1	0	B	0	79	152867	2201.63	19592.7	70224	15698.1	20821.3	8958.19	3851.85	2690.86	8742.18	753878	0	3	1	0	0xd43f5e018b415631
2	1	0	B	0	80	152338	2260.26	19578.3	69720.7	15631	20641.3	9011.9	4135.2	2502.6	8765.89	749104	0	0	1	0	0xd43f5e018b415631
2	1	0	B	0	81	152550	2266.18	19535.7	69722.6	15834.8	21020.5	8881.65	3912.94	2521.31	8764.85	762584	0	0	1	0	0xd43f5e018b415631
2	1	0	B	0	82	154632	2213.42	20869.1	70225.5	15694.5	21103.1	8981.7	3801.89	2922.21	8728.35	761356	0	7	1	0	0xd43f5e018b415631
2	1	0	B	0	83	152820	2287.51	19489.8	69826	15827.1	21164.4	8845.98	4036.2	2498.73	8753.52	748300	0	3	1	0	0xd43f5e018b415631
2	1	0	B	0	84	152191	2198.96	19536.6	69666.1	15862.1	20826.4	8971.7	3958.53	2529.65	8552.67	759305	0	3	1	0	0xd43f5e018b415631
2	1	0	B	0	85	152149	2235.09	19535.2	69800.5	15597.8	20786.7	8963.57	3953.61	2492.81	8690.64	757768	0	1	1	0	0xd43f5e018b415631
2	1	0	B	0	86	152038	2204.09	19468.3	69683.4	15746	20523.7	8923.07	4158.04	2494.65	8748.68	756035	0	1	1	0	0xd43f5e018b415631
2	1	0	B	0	87	152100	2221.71	19472.9	70121.3	15698.1	20277.2	9127.08	3867.44	2509.4	8715.97	754823	0	3	1	0	0xd43f5e018b415631
2	1	0	B	0	88	151616	2205.34	19326.9	69785.3	15686.1	20474.2	8796.89	4019.86	2503.65	8726.89	753250	0	3	1	0	0xd43f5e018b415631
2	1	0	B	0	89	151660	2197	19461.4	69571.8	15708.5	20501.1	8942.65	3936.61	2503.36	8746.85	754094	0	0	1	0	0xd43f5e018b415631
2	1	0	B	0	90	152333	2198.5	19519.4	69950.2	15714.4	20227.6	9324.29	4005.4	2538.48	8765.97	755032	0	3	1	0	0xd43f5e018b415631
2	1	0	B	0	91	152632	2260.59	19572.9	70082.9	15704.9	20725.6	8949.94	3906.31	2584.07	8752.93	753188	0	1	1	0	0xd43f5e018b415631
2	1	0	B	0	92	152487	2277.8	19542.1	70224.5	15674.5	20601.3	8966.49	3882.52	2502.73	8726.72	749657	0	1	1	0	0xd43f5e018b415631
2	1	0	B	0	93	152676	2258.68	19460.8	69775.3	15727.8	21074.2	9135.29	3906.1	2505.15	8743.14	763047	0	0	1	0	0xd43f5e018b415631
2	1	0	B	0	94	152302	2206.59	19510.1	69677.3	15809.6	20743.2	9236.71	3797.06	2497.31	8730.72	758647	0	0	1	0	0xd43f5e018b415631
2	1	0	B	0	95	155806	2215.42	19515.2	73101.5	15611.3	20615.7	9010.32	4321.59	2532.57	8790.02	775905	0	4	1	0	0xd43f5e018b415631
2	1	0	B	0	96	151848	2209.09	19390	69817.4	15741.8	20581	8821.68	3955.82	2527.48	8714.26	755992	0	0	1	0	0xd43f5e018b415631
2	1	0	B	0	97	152043	2207.84	19474.9	70113.5	15709.5	20498.7	8869.43	3859.1	2504.4	8716.05	755906	0	1	1	0	0xd43f5e018b415631
2	1	0	B	0	98	151916	2212.67	19478.9	69851.8	15836.9	20370.9	8815.1	4025.65	2501.32	8731.22	754709	0	1	1	0	0xd43f5e018b415631
2	1	0	B	0	99	153364	2214.13	19496.1	70497.3	15807.3	20917.5	9050.24	3988.03	2546.65	8753.85	755334	0	1	1	0	0xd43f5e018b415631
3	1	1	A	0	0	149850	2306.51	19646.4	69301.9	15755.5	20166.6	7626.15	3777.93	2560.02	8601	752761	0	2	1	0	0xd43f5e018b415631
3	1	1	A	0	1	150996	2216.3	19562.4	69963.7	15780	20720	7648.27	3795.68	2526.02	8674.34	740372	0	1	1	0	0xd43f5e018b415631
3	1	1	A	0	2	151254	2249.34	19589.7	69682.1	15783.3	21090.9	7650.2	3872.65	2547.56	8680.13	743854	0	0	1	0	0xd43f5e018b415631
3	1	1	A	0	3	151318	2279.13	19623.9	69620.2	15837.1	21234.5	7508.4	3899.02	2536.32	8673.8	745931	0	1	1	0	0xd43f5e018b415631
3	1	1	A	0	4	149475	2255.38	19444.9	69406.4	15666.2	20113.7	7530.73	3870.39	2547.23	8537.12	746006	0	0	1	0	0xd43f5e018b415631
3	1	1	A	0	5	150732	2205.67	19456.6	69195.1	15938.9	20926.3	7562.98	4061.07	2553.86	8730.09	740202	0	3	1	0	0xd43f5e018b415631
3	1	1	A	0	6	154005	2271.8	19593.6	72648.1	15906.2	20572.4	7486.98	4045.61	2667.61	8708.72	763839	0	1	1	0	0xd43f5e018b415631
3	1	1	A	0	7	150377	2259.22	19444.1	69767.5	15804.3	20398.1	7480.31	3827.81	2588.82	8701.51	751193	1	1	1	0	0xd43f5e018b415631
3	1	1	A	0	8	150732	2206.3	19512.7	69345.8	15778.3	21045.4	7374.09	4125.08	2549.86	8692.47	741247	0	1	1	0	0xd43f5e018b415631
3	1	1	A	0	9	149476	2270.8	19570.1	69117.2	15708.4	19855.5	7599.48	3984.61	2582.61	8683.84	744151	0	1	1	0	0xd43f5e018b415631
3	1	1	A	0	10	150406	2204.25	19377.3	69698.2	15664.6	20790.4	7511.23	3876.93	2514.19	8665.76	738043	1	2	1	0	0xd43f5e018b415631
3	1	1	A	0	11	151217	2259.17	19541.4	69646.5	15758.4	21114.9	7587.94	3883.18	2618.49	8700.67	744550	0	0	1	0	0xd43f5e018b415631
3	1	1	A	0	12	151266	2290.76	19589.7	69757.3	15703.7	21246.7	7459.6	3848.1	2554.36	8710.67	746641	0	3	1	0	0xd43f5e018b415631
3	1	1	A	0	13	150286	2286.43	19549.3	69567.4	16165.6	19840.1	7619.99	3847.64	2595.69	8712.26	747503	0	1	1	0	0xd43f5e018b415631
3	1	1	A	0	14	150944	2214.59	19458.2	70164.8	15691.5	20521.7	7536.78	3842.97	2516.31	8894.31	753775	0	2	1	0	0xd43f5e018b415631
3	1	1	A	0	15	151108	2209.38	19614.8	69752.7	15729.2	20809.7	7660.66	3967.02	2547.94	8706.55	741629	0	0	1	0	0xd43f5e018b415631
3	1	1	A	0	16	151272	2273.76	19540.5	69680.5	15758	21058.1	7799.83	3809.64	2572.19	8678.3	744492	0	0	1	0	0xd43f5e018b415631
3	1	1	A	0	17	151519	2277.63	19516.1	69958.9	15726.3	21212.6	7499.69	4024.44	2510.02	8688.22	746719	0	1	1	0	0xd43f5e018b415631
3	1	1	A	0	18	150978	2289.01	19548.4	70007.3	15745.8	20652.5	7361.39	3996.57	2546.69	8727.22	747162	0	0	1	0	0xd43f5e018b415631
3	1	1	A	0	19	153371	2392.56	19561.1	69755.4	16979	21840.1	7593.69	3938.6	2512.61	8695.59	752618	0	3	1	0	0xd43f5e018b415631
3	1	1	A	0	20	151165	2282.59	19568.5	69517.2	15760.8	21116	7539.06	4059.7	2536.81	8678.3	744036	0	2	1	0	0xd43f5e018b415631
3	1	1	A	0	21	149490	2266.51	19474.3	69142.8	15824.2	19881.8	7622.45	3900.81	2567.48	8704.42	744914	0	1	1	0	0xd43f5e018b415631
3	1	1	A	0	22	151023	2200.84	19637.7	70232	15641.6	20658.9	7474.35	3885.44	2520.73	8665.46	739207	1	2	1	0	0xd43f5e018b415631
3	1	1	A	0	23	151052	2212.13	19476.7	69609.6	15886.2	21025.6	7484.98	3998.77	2559.32	8694.72	742270	0	2	1	0	0xd43f5e018b415631
3	1	1	A	0	24	151484	2414.1	19400	69594.4	16012.8	21154.9	7612.57	3982.78	2516.02	8692.59	745211	0	4	1	0	0xd43f5e018b415631
3	1	1	A	0	25	150662	2295.05	19474.5	69621.7	15680.2	20636.5	7752.87	3873.52	2535.69	8689.67	745857	0	5	1	0	0xd43f5e018b415631
3	1	1	A	0	26	150078	2303.22	19559.8	69454.7	15635.4	20424.7	7550.23	3835.26	2506.06	8703.3	749833	0	1	1	0	0xd43f5e018b415631
3	1	1	A	0	27	150664	2198.05	19550.8	69163.2	15972.8	21090.9	7355.26	3958.02	2545.9	8724.22	740824	0	0	1	0	0xd43f5e018b415631
3	1	1	A	0	28	152082	2283.09	19483.2	70536.6	15771.5	20945.8	7765.78	3956.81	2534.44	8695.76	746027	0	6	1	0	0xd43f5e018b415631
3	1	1	A	0	29	151712	2267.34	19490.6	69541.8	15959.1	21035.4	7697.74	4121.53	2783.2	8711.17	744688	0	3	1	0	0xd43f5e018b415631
3	1	1	A	0	30	151424	2301.51	19469.5	69898	15730.8	21114.1	7513.44	3958.43	2535.4	8796.22	745125	0	0	1	0	0xd43f5e018b415631
3	1	1	A	0	31	151061	2283.34	19462.3	69485.7	15790.6	21303.4	7500.69	3894.77	2543.61	8692.67	746196	0	0	1	0	0xd43f5e018b415631
3	1	1	A	0	32	155296	2279.63	19612.6	73099.5	15763.1	21205.3	8063.68	3919.65	2563.61	8686.21	769113	0	3	1	0	0xd43f5e018b415631
3	1	1	A	0	33	150283	2270.51	19665.4	70083.1	15664.7	20140.6	7418.85	3942.86	2509.77	8488.12	750152	0	1	1	0	0xd43f5e018b415631
3	1	1	A	0	34	150831	2205.84	19567.9	69869.4	15710.3	20858.5	7503.06	3828.26	2508.52	8675.88	740532	0	3	1	0	0xd43f5e018b415631
3	1	1	A	0	35	151328	2283.13	19498.4	69428	15866.1	21431.8	7588.9	3888.48	2550.98	8687.67	744616	0	3	1	0	0xd43f5e018b415631
3	1	1	A	0	36	149224	2274.88	19512.8	69159.5	15704.5	19973	7525.94	3973.4	2519.06	8480.62	744755	0	0	1	0	0xd43f5e018b415631
3	1	1	A	0	37	150668	2208.21	19484.1	69470.6	15768.3	20986.5	7299.84	4073.49	2543.69	8732.88	740136	0	2	1	0	0xd43f5e018b415631
3	1	1	A	0	38	151277	2260.55	19485.3	69849.4	15717.8	21203.7	7609.36	3854.18	2508.23	8683.46	745156	1	3	1	0	0xd43f5e018b415631
3	1	1	A	0	39	155459	2280.26	19489	70767.7	17082.8	22290.8	8300.94	3856.68	2554.31	8728.63	763788	0	11	1	0	0xd43f5e018b415631
3	1	1	A	0	40	163514	2296.97	25709.5	74826.9	16174.9	21167.6	7899.63	4077.57	2562.23	8688.09	807684	0	8	1	0	0xd43f5e018b415631
3	1	1	A	0	41	163789	2277.47	19580.1	80232	15738.8	21195.4	8039.14	5147.51	2747.58	8723.76	808670	0	16	1	0	0xd43f5e018b415631
3	1	1	A	0	42	164604	3379.99	19473.8	72255.7	19947.7	25760.9	7619.9	4437.76	2931.3	8690.84	808883	0	21	1	0	0xd43f5e018b415631
3	1	1	A	0	43	164945	2428.97	22240	79580.2	16492.6	20707	7942.01	4359.63	2537.1	8549.41	822249	0	21	1	0	0xd43f5e018b415631
3	1	1	A	0	44	162554	2206.17	19733.1	75718.8	17353.3	23964.7	8364.36	3795.34	2505.98	8800.3	798581	0	26	1	0	0xd43f5e018b415631
3	1	1	A	0	45	162275	3972.61	19680.8	77962.3	15908.1	21090.5	7770.12	4430.72	2594.86	8752.8	801680	0	42	1	0	0xd43f5e018b415631
3	1	1	A	0	46	158249	3435.16	19570	74546.6	16725.2	20849	7919.38	3873.69	2500.6	8718.13	790289	0	10	1	0	0xd43f5e018b415631
3	1	1	A	0	47	155317	2206.38	19628	69613.3	16251.8	24173.2	8212.19	3867.68	2570.19	8687.46	761838	0	7	1	0	0xd43f5e018b415631
3	1	1	A	0	48	156521	2279.92	19707	75495.4	15788.6	20141.1	7706.32	4162.87	2559.9	8571.92	780595	0	6	1	0	0xd43f5e018b415631
3	1	1	A	0	49	161774	3474.54	19592.3	77327.7	16477	21101	7795.41	4106.03	3102.35	8692.38	798853	0	11	1	0	0xd43f5e018b415631
3	1	1	A	0	50	156379	2282.47	19580.1	73424.6	15724.7	21087.4	8501.87	4454.76	2523.9	8695.88	769473	0	9	1	0	0xd43f5e018b415631
3	1	1	A	0	51	157078	2291.72	24971	71250.9	15736.4	20361.1	7437.22	3801.1	2517.85	8600	783596	0	8	1	0	0xd43f5e018b415631
3	1	1	A	0	52	161607	3608.54	19447.1	76235.9	16390.9	22465.6	7750.2	4008.9	2878.25	8713.55	798653	0	14	1	0	0xd43f5e018b415631
3	1	1	A	0	53	156266	2283.63	19485.2	72981.6	15796	21353.5	8402.78	4544.68	2546.4	8763.55	770457	0	7	1	0	0xd43f5e018b415631
3	1	1	A	0	54	157054	2267.17	24998.4	70719.3	15802.2	20550.4	7433.51	3954.73	2545.98	8672.59	769073	0	6	1	0	0xd43f5e018b415631
3	1	1	A	0	55	161805	3656.25	19553.4	76632.5	16269.3	22401.5	7607.24	3927.35	2935.71	8714.05	800044	0	12	1	0	0xd43f5e018b415631
3	1	1	A	0	56	156365	2266.51	19539	73295.7	15656.4	21275.2	8293.27	4708.48	2533.23	8685.05	770634	0	7	1	0	0xd43f5e018b415631
3	1	1	A	0	57	157040	2267.42	25071	70767.3	15685.9	20557.1	7489.27	3906.52	2506.65	8679	769177	0	9	1	0	0xd43f5e018b415631
3	1	1	A	0	58	161675	3760.14	19520.8	77344	16305.2	21200.1	7784.95	3980.36	2972.26	8702.75	800217	0	11	1	0	0xd43f5e018b415631
3	1	1	A	0	59	156919	2277.59	19674.6	74761.9	15736.3	20663.7	7639.28	4738.15	2573.36	8745.67	772370	0	5	1	0	0xd43f5e018b415631
3	1	1	A	0	60	156524	2272.17	25477.1	69731.5	15665.7	20565.8	7716.62	3803.97	2510.56	8674.71	767288	0	9	1	0	0xd43f5e018b415631
3	1	1	A	0	61	160444	2240.59	19590.8	75584.6	17464.1	21711.4	8225.89	4088.86	2962.88	8469.7	799902	0	13	1	0	0xd43f5e018b415631
3	1	1	A	0	62	157690	2206.59	19471.8	75059.8	15706.2	21513.8	7611.44	4574.22	2744.33	8696.67	778674	0	8	1	0	0xd43f5e018b415631
3	1	1	A	0	63	156825	2286.22	25357.8	69452.9	15798.1	21098.8	7542.36	3919.18	2552.4	8709.09	770248	0	8	1	0	0xd43f5e018b415631
3	1	1	A	0	64	160503	3119.64	19485	75620.1	17029.1	22056.9	7581.36	3783.22	2998.34	8721.38	801362	0	12	1	0	0xd43f5e018b415631
3	1	1	A	0	65	157470	2219.55	19518.3	74988.5	15806.6	21142.9	7603.73	4590.81	2704.36	8787.84	779896	0	5	1	0	0xd43f5e018b415631
3	1	1	A	0	66	156649	2281.59	25247.4	69360.5	15834.2	21220.1	7307.38	4047.15	2514.44	8731.92	772369	0	7	1	0	0xd43f5e018b415631
3	1	1	A	0	67	160344	2274.38	19471.3	78347.7	15781.2	20934.2	8069.3	4085.24	2567.61	8701.84	785376	0	8	1	0	0xd43f5e018b415631
3	1	1	A	0	68	151104	2312.38	19587.1	69527.3	15760.2	21172.6	7404.68	3980.23	2543.44	8713.55	745042	0	1	1	0	0xd43f5e018b415631
3	1	1	A	0	69	149545	2277.63	19533.8	69398.4	15728.5	19969.9	7639.53	3907.93	2513.27	8470.53	746269	0	0	1	0	0xd43f5e018b415631
3	1	1	A	0	70	150753	2235.09	19505.3	69300.8	15756.7	20961.2	7739.37	3901.73	2533.98	8714.8	740268	0	3	1	0	0xd43f5e018b415631
3	1	1	A	0	71	153148	2272.84	19522.8	72064.2	15841	20151.2	7649.02	4364.34	2505.9	8670.5	762726	0	2	1	0	0xd43f5e018b415631
3	1	1	A	0	72	150750	2207.63	19578.5	69559.1	15826.1	20785.4	7492.31	3986.11	2495.94	8711.71	738918	0	1	1	0	0xd43f5e018b415631
3	1	1	A	0	73	151336	2243.59	19598.8	69478.3	15888.6	20983.9	7601.44	4179.66	2552.9	8706.38	743572	0	2	1	0	0xd43f5e018b415631
3	1	1	A	0	74	151241	2271.84	19454.6	69706.6	15692.2	21259.7	7542.9	3977.89	2524.44	8703.25	745289	0	1	1	0	0xd43f5e018b415631
3	1	1	A	0	75	151714	2278.84	19542.3	69871	15947.2	21261.1	7526.6	3966.19	2522.52	8698.17	747637	0	3	1	0	0xd43f5e018b415631
3	1	1	A	0	76	149907	2287.55	19449.6	69367.5	15965.9	20087.8	7416.97	3965.15	2580.23	8679.75	746255	0	3	1	0	0xd43f5e018b415631
3	1	1	A	0	77	150456	2210.54	19529.9	69665.1	15646.7	20867.8	7306.38	3855.85	2513.94	8751.13	738394	0	0	1	0	0xd43f5e018b415631
3	1	1	A	0	78	151192	2254.13	19449.5	69603.6	15835.8	21141.7	7716.74	3845.97	2514.48	8725.05	744253	1	1	1	0	0xd43f5e018b415631
3	1	1	A	0	79	150915	2277.01	19492.2	69538.9	15869	20568.7	7611.56	4180.61	2552.69	8719.17	746319	0	2	1	0	0xd43f5e018b415631
3	1	1	A	0	80	150037	2279.55	19481.2	69976	15674.7	20197.4	7432.76	3879.31	2513.69	8497.12	749037	0	0	1	0	0xd43f5e018b415631
3	1	1	A	0	81	150893	2198.67	19684.2	69954.7	15670.5	20775.7	7454.1	3848.1	2507.72	8692.54	740276	0	2	1	0	0xd43f5e018b415631
3	1	1	A	0	82	151184	2261.96	19584.9	69540.9	15857	21155.5	7542.73	3842.26	2550.27	8740.59	744216	0	0	1	0	0xd43f5e018b415631
3	1	1	A	0	83	151013	2274.55	19557.5	69414	15764.3	21354.5	7517.1	3787.01	2522.1	8715.05	746295	0	2	1	0	0xd43f5e018b415631
3	1	1	A	0	84	153108	2267.59	19605	69716.4	15730.1	22721.7	7613.52	4148.7	2513.98	8684.75	751557	0	1	1	0	0xd43f5e018b415631
3	1	1	A	0	85	151219	2274.55	19647.7	69492.2	15869.4	21187.8	7525.18	3877.72	2550.77	8694.58	744358	0	1	1	0	0xd43f5e018b415631
3	1	1	A	0	86	151449	2275.34	19615.7	69653.9	15837.7	21217.3	7598.44	3939.35	2507.48	8699.96	746832	0	2	1	0	0xd43f5e018b415631
3	1	1	A	0	87	149869	2275.47	19416.6	69663.5	15658.3	19934.5	7600.19	3949.6	2599.28	8665.58	746522	0	0	1	0	0xd43f5e018b415631
3	1	1	A	0	88	150326	2203.54	19435.5	69404.2	15731.3	20912.3	7458.09	3863.22	2517.81	8695.29	738669	0	0	1	0	0xd43f5e018b415631
3	1	1	A	0	89	151529	2261.01	19476.8	70051.1	15768.5	21053.5	7540.64	4030.4	2546.57	8697.13	745349	0	3	1	0	0xd43f5e018b415631
3	1	1	A	0	90	149712	2274.97	19426.2	69424.2	15927.8	19887.4	7559.56	3864.6	2558.61	8684.54	744703	0	2	1	0	0xd43f5e018b415631
3	1	1	A	0	91	150537	2205.09	19511.8	69674.2	15825.2	20673.4	7436.22	3883.27	2503.19	8722.38	737930	0	0	1	0	0xd43f5e018b415631
3	1	1	A	0	92	151309	2241.17	19560.7	69608.1	15776	21104.9	7636.11	4016.06	2553.06	8706.13	743520	0	2	1	0	0xd43f5e018b415631
3	1	1	A	0	93	151021	2281.59	19444.2	69545.5	15849.7	21274.4	7521.97	3804.8	2514.52	8680.92	745221	0	0	1	0	0xd43f5e018b415631
3	1	1	A	0	94	149815	2264.59	19479.8	69510.9	15847.8	19985.7	7406.39	4012.23	2517.27	8687.83	746503	2	1	1	0	0xd43f5e018b415631
3	1	1	A	0	95	150694	2208.5	19662.7	69375.4	15725.5	20777.5	7767.28	3860.06	2535.32	8678.42	739224	0	2	1	0	0xd43f5e018b415631
3	1	1	A	0	96	151097	2263.8	19529.3	69566.2	15756.7	21149.3	7544.02	3957.56	2547.69	8676	744002	0	2	1	0	0xd43f5e018b415631
3	1	1	A	0	97	152561	2299.13	19495	69726.1	16534.6	21647.8	7484.85	3859.47	2708.57	8700.58	748226	0	1	1	0	0xd43f5e018b415631
3	1	1	A	0	98	151289	2266.34	19398.2	69829.3	15800.5	21055.1	7640.94	3949.77	2550.15	8694.08	743758	0	2	1	0	0xd43f5e018b415631
3	1	1	A	0	99	151250	2290.55	19671.2	69534.7	15690.7	21195	7668.53	3879.27	2496.97	8714.96	745705	0	1	1	0	0xd43f5e018b415631
4	2	0	A	0	0	151037	2179.67	19587.5	70238.2	15630.3	20762.4	7651.44	3746.88	2499.69	8647.25	741340	0	5	1	0	0xd43f5e018b415631
4	2	0	A	0	1	151508	2204.92	19677	70010.1	15857.2	21036.5	7450.1	3885.51	2551.15	8745.09	743761	0	4	1	0	0xd43f5e018b415631
4	2	0	A	0	2	150753	2239.09	19566.9	69382.9	15715.5	21302.9	7478.43	3743.38	2546.85	8686.29	744248	0	0	1	0	0xd43f5e018b415631
4	2	0	A	0	3	150184	2242.88	19614.6	69921.8	15737.4	19965.4	7501.31	3888.56	2548.36	8668.12	747730	0	1	1	0	0xd43f5e018b415631
4	2	0	A	0	4	150750	2168.46	19564.4	69996.2	15688.3	20691	7529.14	3857.31	2505.02	8653.25	738661	0	0	1	0	0xd43f5e018b415631
4	2	0	A	0	5	151422	2166.46	19729.8	70205.5	15757.5	20867.5	7589.39	3770.59	2584.94	8657.5	742972	0	8	1	0	0xd43f5e018b415631
4	2	0	A	0	6	151009	2249.3	19608.4	69655.5	15740.7	21147.2	7531.77	3776.13	2532.69	8675.62	744282	0	0	1	0	0xd43f5e018b415631
4	2	0	A	0	7	150055	2246.67	19445.5	69841.3	15691.8	19847.7	7707.99	3945.19	2540.65	8695.58	746116	0	5	1	0	0xd43f5e018b415631
4	2	0	A	0	8	153811	2155.33	21998.2	70002.1	15715.2	21118.4	7641.4	3805.47	2598.94	8683.08	756484	0	4	1	0	0xd43f5e018b415631
4	2	0	A	0	9	152239	2231.21	19504.6	70609.9	15679.6	20957.1	7763.03	4221.66	2519.35	8662.04	746623	0	9	1	0	0xd43f5e018b415631
4	2	0	A	0	10	151273	2221.09	19455.2	69885.5	15763.9	21104.2	7490.85	4032.15	2542.44	8682.33	744284	0	1	1	0	0xd43f5e018b415631
4	2	0	A	0	11	151909	2228.59	19461.1	70587.7	15714.6	21068.3	7514.35	3913.85	2639.36	8686.79	746759	0	2	1	0	0xd43f5e018b415631
4	2	0	A	0	12	151927	2229.38	19602.1	70081.2	16038.8	21148.9	7492.22	3995.27	2578.52	8668.41	746259	0	3	1	0	0xd43f5e018b415631
4	2	0	A	0	13	151944	2222.42	19621.1	70640.2	15962.8	20946.9	7435.8	3784.3	2571.27	8662.5	745416	0	10	1	0	0xd43f5e018b415631
4	2	0	A	0	14	151135	2242.84	19479.2	69863.8	15809.4	21108	7437.51	3870.76	2540.89	8689.62	743872	0	1	1	0	0xd43f5e018b415631
4	2	0	A	0	15	151673	2245.42	19498.1	70060.6	15681.3	21135.1	7726.98	3984.81	2498.43	8751.88	747007	0	1	1	0	0xd43f5e018b415631
4	2	0	A	0	16	150632	2242.63	19499.5	69846.4	15732.7	20513.6	7567.68	3911.6	2543.64	8679.12	746348	0	2	1	0	0xd43f5e018b415631
4	2	0	A	0	17	150192	2233.13	19623	69781.9	15603	20324.9	7447.01	3821.05	2550.85	8715.62	750592	0	0	1	0	0xd43f5e018b415631
4	2	0	A	0	18	150841	2171.67	19591.4	69571.4	15847.4	20967	7481.55	3905.56	2542.11	8676	741418	0	2	1	0	0xd43f5e018b415631
4	2	0	A	0	19	151306	2239.84	19548.7	69867.5	15702.9	21220.7	7558.98	3836.93	2500.56	8713.12	745778	0	0	1	0	0xd43f5e018b415631
4	2	0	A	0	20	149920	2240.3	19612.7	69781.6	15675.6	19869.5	7469.51	3899.06	2573.36	8702.08	746119	0	3	1	0	0xd43f5e018b415631
4	2	0	A	0	21	154289	2169.08	19637.7	72523.5	16273.8	20830.9	7615.23	3960.02	2513.27	8666.58	757781	0	8	1	0	0xd43f5e018b415631
4	2	0	A	0	22	151288	2225.71	19501.7	69779.4	15805.3	21139.5	7450.89	4067.65	2533.94	8689.5	744755	0	2	1	0	0xd43f5e018b415631
4	2	0	A	0	23	149269	2228.04	19509.4	69373.4	15698.6	19961.1	7338.79	4062.44	2526.4	8482.24	744815	0	2	1	0	0xd43f5e018b415631
4	2	0	A	0	24	150804	2173.46	19800.1	69592.6	15634.9	21028	7519.39	3742.55	2539.48	8680.58	740288	0	1	1	0	0xd43f5e018b415631
4	2	0	A	0	25	150996	2231.79	19464.7	69566.4	15821.6	21226.1	7477.35	3927.97	2503.48	8685.66	744583	0	0	1	0	0xd43f5e018b415631
4	2	0	A	0	26	151711	2231.8	19590	69729.1	15822.5	21323.8	7939.75	3782.38	2511.23	8687.54	747910	0	9	1	0	0xd43f5e018b415631
4	2	0	A	0	27	151682	2254.55	19739.1	70062.7	15660.4	21196.5	7570.31	3939.35	2498.77	8670.16	748189	0	0	1	0	0xd43f5e018b415631
4	2	0	A	0	28	150994	2238.38	19491.8	69840.7	15733.9	20640.1	7720.03	3981.43	2595.03	8663.16	747839	0	0	1	0	0xd43f5e018b415631
4	2	0	A	0	29	150290	2235.67	19578.1	69688.1	15738.2	20272.6	7472.09	4092.53	2522.68	8595.28	750244	0	1	1	0	0xd43f5e018b415631
4	2	0	A	0	30	150843	2172.54	19604.1	70065.8	15756.1	20788.4	7416.72	3797.63	2496.98	8651.87	740502	0	5	1	0	0xd43f5e018b415631
4	2	0	A	0	31	151324	2238.34	19422.9	69949.7	15743.1	21060.8	7700.28	3873.81	2587.11	8659.83	745036	0	0	1	0	0xd43f5e018b415631
4	2	0	A	0	32	150965	2233.88	19511.6	69672.1	15717.5	21285.3	7442.01	3825.8	2531.27	8655.95	746359	0	0	1	0	0xd43f5e018b415631
4	2	0	A	0	33	150001	2240.96	19668.6	69717.2	15687.7	20215	7456.51	3899.97	2501.98	8519.57	748579	0	2	1	0	0xd43f5e018b415631
4	2	0	A	0	34	151006	2169.29	19606.1	69905.8	15778.8	20765.7	7498.97	3940.81	2509.06	8742.08	740344	0	8	1	0	0xd43f5e018b415631
4	2	0	A	0	35	151951	2363.97	19848.1	70731.1	15645.4	20726.3	7489.89	3875.76	2505.98	8674.25	744115	0	8	1	0	0xd43f5e018b415631
4	2	0	A	0	36	151333	2173.79	19487	70005.3	15800.2	20935.8	7701.65	3935.68	2542.27	8663.04	743243	0	2	1	0	0xd43f5e018b415631
4	2	0	A	0	37	151638	2241.84	19510	69610.2	15795.9	21343.5	7582.39	4243.66	2503.31	8713.25	745051	0	2	1	0	0xd43f5e018b415631
4	2	0	A	0	38	151696	2237.13	19863	69868.2	15797.7	21052.8	7597.73	3991.23	2540.06	8656.04	745703	0	5	1	0	0xd43f5e018b415631
4	2	0	A	0	39	151639	2257.46	19502.7	69940.1	15844.6	21086.7	7659.44	3993.39	2552.36	8713.04	745942	0	3	1	0	0xd43f5e018b415631
4	2	0	A	0	40	151259	2397.64	19480.2	69804.4	15689	21211.7	7484.56	3935.48	2498.35	8666.66	746264	0	2	1	0	0xd43f5e018b415631
4	2	0	A	0	41	150988	2228.29	19618	69863.7	15807.5	20558.6	7620.26	3946.93	2585.23	8668.04	747673	0	2	1	0	0xd43f5e018b415631
4	2	0	A	0	42	150393	2219.17	19574.2	69846.4	15688.8	20310.7	7465.34	3906.89	2510.15	8779.08	750307	0	2	1	0	0xd43f5e018b415631
4	2	0	A	0	43	150595	2169.66	19533.6	69534.4	15791.4	20933.7	7543.56	3777.59	2537.02	8681	740152	0	0	1	0	0xd43f5e018b415631
4	2	0	A	0	44	151233	2245.55	19517.7	69828.9	15730.1	21257.3	7423.21	3957.52	2509.52	8674.25	745343	2	1	1	0	0xd43f5e018b415631
4	2	0	A	0	45	150687	2230.5	19452.7	69760.7	15773.5	20643.9	7501.93	3964.23	2591.77	8675.37	746839	0	3	1	0	0xd43f5e018b415631
4	2	0	A	0	46	151939	2233.79	19515.9	70151.1	16002.1	20852	7707.61	4151.28	2547.15	8680.04	752004	0	8	1	0	0xd43f5e018b415631
4	2	0	A	0	47	150300	2227.25	19492.7	69927.4	15715.5	20265.3	7605.14	3855.39	2501.52	8617.16	750071	0	5	1	0	0xd43f5e018b415631
4	2	0	A	0	48	154715	2165.91	22756.7	70095	15869.2	21121.4	7402.58	4053.31	2493.56	8663.87	760349	0	3	1	0	0xd43f5e018b415631
4	2	0	A	0	49	151250	2227.5	19413.8	70017.7	15753.6	21178.4	7511.05	3822.18	2543.56	8687.91	745431	0	1	1	0	0xd43f5e018b415631
4	2	0	A	0	50	151016	2255.46	19533.5	70060.7	15675.1	20564.6	7671.14	3934.02	2532.14	8698.41	746990	0	3	1	0	0xd43f5e018b415631
4	2	0	A	0	51	149975	2236.84	19374.1	69763.3	15623.9	20388.3	7478.47	3831.26	2497.27	8685.12	749267	0	0	1	0	0xd43f5e018b415631
4	2	0	A	0	52	151149	2160.91	19487	69918.4	15737.5	21277.6	7362.55	3924.97	2546.1	8641.78	741402	0	3	1	0	0xd43f5e018b415631
4	2	0	A	0	53	151165	2225.38	19546.2	69565	15730.6	21076.7	7731.28	3976.77	2533.94	8691	744082	0	2	1	0	0xd43f5e018b415631
4	2	0	A	0	54	151607	2230.59	19567.7	70209.9	15835.9	21121.4	7507.55	3816.13	2539.4	8683.91	746554	0	3	1	0	0xd43f5e018b415631
4	2	0	A	0	55	151313	2230.54	19557.2	69943.4	15789.4	21251	7396.01	3811.01	2546.69	8701.2	747024	0	0	1	0	0xd43f5e018b415631
4	2	0	A	0	56	150214	2231.04	19543.4	69842.9	15726.9	19957.5	7548.01	4072.27	2540.35	8657.7	747725	0	1	1	0	0xd43f5e018b415631
4	2	0	A	0	57	150779	2168.5	19529.3	70251.2	15688	20541.2	7477.76	3807.26	2514.89	8704.29	738585	0	0	1	0	0xd43f5e018b415631
4	2	0	A	0	58	151001	2167	19491.9	69677.3	15772.7	20992.2	7605.05	4011.14	2538.19	8654.53	742567	0	0	1	0	0xd43f5e018b415631
4	2	0	A	0	59	151164	2234.71	19561.6	69783.8	15668.4	21266.7	7492.22	3881.68	2493.85	8689.12	745756	0	2	1	0	0xd43f5e018b415631
4	2	0	A	0	60	150156	2240.13	19561.8	70114.2	15679.8	19871.3	7418.26	3966.02	2538.98	8673.2	747227	0	1	1	0	0xd43f5e018b415631
4	2	0	A	0	61	154157	2168.66	19471.9	73220	15832.3	20789.3	7545.14	3780.51	2559.48	8697.66	757545	0	2	1	0	0xd43f5e018b415631
4	2	0	A	0	62	151343	2323.42	19568.9	69828.4	15724	21105.5	7621.31	3887.35	2541.69	8654.12	745302	0	1	1	0	0xd43f5e018b415631
4	2	0	A	0	63	151857	2260.75	19505.9	70029.8	15750.4	21179.7	7824.61	4001.44	2509.31	8702.79	747016	2	6	1	0	0xd43f5e018b415631
4	2	0	A	0	64	151513	2232.17	19632.6	70143.3	15665.7	21325.9	7420.76	3856.05	2498.14	8646.49	746874	0	1	1	0	0xd43f5e018b415631
4	2	0	A	0	65	149945	2223.13	19558.7	69659.2	15679.7	19927.1	7644.52	3865.3	2550.27	8743	746322	0	2	1	0	0xd43f5e018b415631
4	2	0	A	0	66	150584	2163.71	19544.1	69887.2	15699.2	20726.1	7443.47	3838.3	2509.94	8680.87	737900	0	7	1	0	0xd43f5e018b415631
4	2	0	A	0	67	151316	2219.29	19574.5	69626.4	15793.8	20970.9	7477.3	4281.45	2607.19	8670.12	743312	0	4	1	0	0xd43f5e018b415631
4	2	0	A	0	68	151220	2224.96	19410.7	69913.3	15823.2	21148.7	7468.43	3888.81	2558.77	8691.41	745304	0	0	1	0	0xd43f5e018b415631
4	2	0	A	0	69	150731	2235.09	19482.7	69965.8	15747.7	20566.6	7429.14	3936.3	2620.02	8656.91	746951	0	1	1	0	0xd43f5e018b415631
4	2	0	A	0	70	150352	2231.59	19482.5	69982.8	15711.8	20343.9	7524.89	3879.18	2505.43	8599.07	750801	0	1	1	0	0xd43f5e018b415631
4	2	0	A	0	71	150879	2166.71	19445.5	69813.4	15747.7	20960.4	7402.04	3964.6	2595.15	8688.7	740860	0	4	1	0	0xd43f5e018b415631
4	2	0	A	0	72	151126	2234.79	19473.6	69626.9	15842.6	21220.5	7523.55	3897.43	2509.23	8707.29	744897	0	0	1	0	0xd43f5e018b415631
4	2	0	A	0	73	150930	2344.51	19522.7	69974.2	15738.3	20567	7557.88	3924.14	2543.64	8664.08	747006	0	3	1	0	0xd43f5e018b415631
4	2	0	A	0	74	152571	2240.25	19571.9	71044.1	15762.9	20705.8	8060.79	3876.72	2512.48	8697.74	751464	0	7	1	0	0xd43f5e018b415631
4	2	0	A	0	75	151349	2255.05	19459.9	70264.3	15770.5	20484.3	7469.55	4244.53	2566.27	8741.54	747666	0	3	1	0	0xd43f5e018b415631
4	2	0	A	0	76	149918	2234.13	19562	69557.5	15804.2	20101.9	7477.63	3936.35	2508.98	8643.78	748013	0	1	1	0	0xd43f5e018b415631
4	2	0	A	0	77	151080	2162.29	19521.5	70257.7	15709.1	20707	7609.89	3823.59	2496.14	8698.99	740345	0	1	1	0	0xd43f5e018b415631
4	2	0	A	0	78	151213	2205.79	19647.7	69511.9	15741.3	21014.5	7536.34	4233.87	2557.19	8676.45	743541	0	0	1	0	0xd43f5e018b415631
4	2	0	A	0	79	152583	2230.04	19487.8	69959.5	16463.8	21026.8	7801.98	3957.14	2836.45	8727.7	746183	0	10	1	0	0xd43f5e018b415631
4	2	0	A	0	80	150882	2158.41	19444.7	69709.1	15804.5	21039.8	7476.26	3916.81	2560.85	8679.03	741923	0	1	1	0	0xd43f5e018b415631
4	2	0	A	0	81	151461	2233.71	19516.3	70109.7	15768.1	21089.2	7433.25	4008.39	2559.81	8649.28	745688	0	0	1	0	0xd43f5e018b415631
4	2	0	A	0	82	151491	2230	19521.5	69969	15786.6	21275.5	7468.92	3948.93	2505.81	8689.41	746984	0	1	1	0	0xd43f5e018b415631
4	2	0	A	0	83	151634	2235.42	19441.4	70385.6	15737.6	21244.5	7402.17	3892.64	2519.39	8683.87	748013	0	1	1	0	0xd43f5e018b415631
4	2	0	A	0	84	150127	2230.54	19493.4	69906.7	15702.9	19972.7	7607.43	3873.93	2541.85	8669.7	747347	0	0	1	0	0xd43f5e018b415631
4	2	0	A	0	85	150961	2158.5	19617.8	69884.2	15663.8	20677.5	7651.81	4023.77	2499.02	8690.53	754642	0	4	1	0	0xd43f5e018b415631
4	2	0	A	0	86	151337	2174.04	19667.2	70047.8	15780.2	20932.1	7501.59	3883.05	2541.69	8717.58	741799	0	4	1	0	0xd43f5e018b415631
4	2	0	A	0	87	151247	2224.21	19692.6	69585.7	15750.4	21032.6	7617.64	4014.27	2540.98	8693.53	743846	0	6	1	0	0xd43f5e018b415631
4	2	0	A	0	88	153446	2236.92	19716.2	73081.9	15745.2	19932	7529.43	3875.68	2578.56	8657.74	763999	0	6	1	0	0xd43f5e018b415631
4	2	0	A	0	89	150595	2179.04	19600.8	69577.2	15940.4	20753.4	7435.09	3831.97	2508.68	8675.99	738544	0	2	1	0	0xd43f5e018b415631
4	2	0	A	0	90	151607	2239.29	19608.9	69859.3	15745.6	21007.7	7706.52	4125.23	2539.27	8683.2	744096	1	4	1	0	0xd43f5e018b415631
4	2	0	A	0	91	150999	2229.84	19399.2	69632.4	15798.9	21206	7580.72	3849.97	2507.64	8680.58	744509	0	1	1	0	0xd43f5e018b415631
4	2	0	A	0	92	151447	2237.75	19561	69857.1	15801.2	20569.4	7975.58	4026.77	2617.19	8708.95	747777	0	5	1	0	0xd43f5e018b415631
4	2	0	A	0	93	152367	2258.04	19471.7	70934.9	15727.3	21132.3	7572.47	3992.77	2507.43	8677.53	749354	2	3	1	0	0xd43f5e018b415631
4	2	0	A	0	94	151867	2233.13	19612.2	70777.4	15738.1	21032.9	7331.62	3837.43	2543.27	8667.57	746195	0	3	1	0	0xd43f5e018b415631
4	2	0	A	0	95	151393	2254.25	19636.4	69854.1	15683.7	21204	7568.35	3764.42	2531.23	8803.96	746113	0	2	1	0	0xd43f5e018b415631
4	2	0	A	0	96	151652	2264.88	19482.2	70199	15723.6	21210.8	7493.34	3997.73	2506.64	8681.08	747786	0	3	1	0	0xd43f5e018b415631
4	2	0	A	0	97	150012	2238.25	19613.2	69871.1	15731.1	19798.6	7453.05	3849.72	2664.03	8669.45	746679	0	1	1	0	0xd43f5e018b415631
4	2	0	A	0	98	150813	2167.79	19377.7	70009.3	15653.7	20862.5	7585.39	3903.18	2515.68	8648.16	738595	0	1	1	0	0xd43f5e018b415631
4	2	0	A	0	99	151290	2163.5	19696	69776.7	15805.5	20958	7618.47	3951.18	2550.1	8676.53	742533	0	4	1	0	0xd43f5e018b415631
5	2	1	B	0	0	152878	2250.46	19571.7	70082.4	15797.4	20942.9	9063.1	3832.51	2498.18	8744.16	766900	0	1	1	0	0xd43f5e018b415631
5	2	1	B	0	1	151876	2184.41	19501.1	69605.4	15663.4	20838.5	8988.51	3853.38	2559.27	8582.69	757638	0	2	1	0	0xd43f5e018b415631
5	2	1	B	0	2	151770	2188.87	19568.1	69576.3	15621.5	20716.9	9176.52	3812.67	2480.81	8528.52	756978	0	3	1	0	0xd43f5e018b415631
5	2	1	B	0	3	151741	2164.2	19448.4	69779.9	15664.1	20707.7	8901.46	3873.68	2525.06	8577.82	757196	0	2	1	0	0xd43f5e018b415631
5	2	1	B	0	4	152426	2192.16	19569.9	69924.9	15754.1	20606.9	9004.05	3991.52	2532.52	8750.2	757995	0	4	1	0	0xd43f5e018b415631
5	2	1	B	0	5	151701	2168.46	19517.4	69446.8	15658.1	20603.7	8887.54	4092.4	2490.97	8739.79	754864	0	0	1	0	0xd43f5e018b415631
5	2	1	B	0	6	152249	2166.71	19671.9	70008.8	15890	20261.1	8937.92	3959.26	2487.64	8767.04	755601	0	1	1	0	0xd43f5e018b415631
5	2	1	B	0	7	153018	2172.96	19582.6	70044.7	15699.1	21241.9	8991.09	3925.31	2525.68	8737.2	754585	0	1	1	0	0xd43f5e018b415631
5	2	1	B	0	8	152746	2250.84	19527.1	69925.5	15713.6	21143.5	8831.62	4016.56	2526.06	8717.66	749214	1	1	1	0	0xd43f5e018b415631
5	2	1	B	0	9	152927	2231.33	19580.9	70150.7	15814.5	20773.5	9200.81	3830.96	2521.77	8725.66	761369	0	6	1	0	0xd43f5e018b415631
5	2	1	B	0	10	152222	2167.83	19416.9	70014	15773.2	20467.4	9035.18	3951.35	2507.85	8761	756034	0	4	1	0	0xd43f5e018b415631
5	2	1	B	0	11	154659	2181	19473.1	69599	16633.6	22246.6	9280.27	3891.01	2535.81	8719.08	772962	0	0	1	0	0xd43f5e018b415631
5	2	1	B	0	12	152606	2174.12	19581.4	69906.2	15835.1	20765.8	8929.79	4052.31	2544.14	8720.58	759168	0	5	1	0	0xd43f5e018b415631
5	2	1	B	0	13	152036	2168.91	19619.9	69913.1	15834.5	20406.7	8767.08	3982.81	2485.27	8764.33	755383	0	1	1	0	0xd43f5e018b415631
5	2	1	B	0	14	151735	2202.96	19478.4	69730	15749.2	20394.1	8870.67	3929.18	2504.47	8783.7	753725	0	0	1	0	0xd43f5e018b415631
5	2	1	B	0	15	151803	2166.41	19498.4	69804	15910	20346.8	8913.29	3847.47	2500.39	8722.03	753971	0	0	1	0	0xd43f5e018b415631
5	2	1	B	0	16	153077	2168.12	19573.8	70479.3	15695.1	20754.7	8980.13	4048.14	2537.85	8742.33	754627	0	5	1	0	0xd43f5e018b415631
5	2	1	B	0	17	153284	3056.05	19470.9	69831.9	15746	20987.8	9006.09	3777.46	2547.02	8767.12	765904	0	5	1	0	0xd43f5e018b415631
5	2	1	B	0	18	152012	2183.96	19570.7	69644.4	15751.3	20866.1	8821.96	3841.17	2525.1	8716.87	758908	0	0	1	0	0xd43f5e018b415631
5	2	1	B	0	19	152614	2175.21	19548.1	70259.4	15675.7	20625.8	9012.22	3982.77	2518.02	8719.33	758465	0	1	1	0	0xd43f5e018b415631
5	2	1	B	0	20	152268	2172.71	19510	70153	15853.1	20191.6	9005.63	4006.76	2543.85	8731.45	754864	0	1	1	0	0xd43f5e018b415631
5	2	1	B	0	21	152844	2266.84	19493.6	70185.4	15749.8	20819.6	8902.38	4016.01	2609.11	8708.91	753241	0	4	1	0	0xd43f5e018b415631
5	2	1	B	0	22	152973	2237.29	19701.4	69934.8	15688.1	21068.4	9134.47	3895.51	2505.89	8713.91	749181	0	2	1	0	0xd43f5e018b415631
5	2	1	B	0	23	152177	2168.87	19569.6	69470.3	15702.8	20807	9340.11	3857.47	2529.02	8635.53	759431	0	2	1	0	0xd43f5e018b415631
5	2	1	B	0	24	152450	2171.79	19539.2	70103.5	15674.4	20631.4	9113.47	3866.47	2499.52	8753.03	758085	0	1	1	0	0xd43f5e018b415631
5	2	1	B	0	25	155009	3391.61	19520.6	71243.5	15700.4	20924.1	9041.68	3812.43	2545.98	8734.41	773958	0	1	1	0	0xd43f5e018b415631
5	2	1	B	0	26	151911	2175	19501	69447.8	15908.5	20701.4	9209.6	3756.59	2537.27	8577.07	757888	0	2	1	0	0xd43f5e018b415631
5	2	1	B	0	27	152270	2162	19649.7	69820.1	15686.7	20479.6	9162.68	3999.72	2509.39	8704.36	757421	0	1	1	0	0xd43f5e018b415631
5	2	1	B	0	28	152139	2169.91	19525.3	69908.6	15827.3	20416	9013.05	3891.17	2491.1	8772.49	755312	0	1	1	0	0xd43f5e018b415631
5	2	1	B	0	29	153400	2179.66	19748.7	70338.9	15756.6	20771.9	9016.8	3908.3	2774.7	8809.16	754305	0	12	1	0	0xd43f5e018b415631
5	2	1	B	0	30	153080	2246.67	19607.6	70130.7	15775	20868.8	9279.69	3860.38	2510.6	8670.61	764178	0	2	1	0	0xd43f5e018b415631
5	2	1	B	0	31	152266	2174.29	19485.8	69974.9	15692.8	20736.2	8963.21	3898.13	2542.27	8706.66	758231	0	1	1	0	0xd43f5e018b415631
5	2	1	B	0	32	152373	2179.08	19588.8	69901.7	15844.6	20424.1	9059.76	3997.73	2536.23	8744.45	756417	0	1	1	0	0xd43f5e018b415631
5	2	1	B	0	33	151894	2172.66	19566.5	69770.5	15902	20231.7	8999.3	3877.47	2549.52	8727.86	753603	0	1	1	0	0xd43f5e018b415631
5	2	1	B	0	34	151712	2168.33	19503.4	69811	15776.2	20126.2	9057.01	3880.01	2552.27	8740.03	752907	0	0	1	0	0xd43f5e018b415631
5	2	1	B	0	35	153200	2800.24	19622.5	69988.2	15729.3	20696.1	9134.09	3846.46	2542.97	8741.58	754520	0	2	1	0	0xd43f5e018b415631
5	2	1	B	0	36	152845	2239.08	19625.3	70012.3	15783.9	21081.5	8845.08	3895.01	2542.6	8723.07	748319	0	5	1	0	0xd43f5e018b415631
5	2	1	B	0	37	152086	2180.71	19659.9	69298.9	15712.7	20926	8957.63	4055.64	2541.43	8658.65	759129	0	4	1	0	0xd43f5e018b415631
5	2	1	B	0	38	155750	2185.5	19591	73303.8	15664.5	20916.3	8954.38	3820.8	2542.52	8674.15	777693	0	2	1	0	0xd43f5e018b415631
5	2	1	B	0	39	151887	2169.87	19493.4	69664.5	15682.5	20725.6	9015.43	3869.85	2556.06	8617.28	757981	0	1	1	0	0xd43f5e018b415631
5	2	1	B	0	40	151808	2168.95	19611.8	69399.1	15715.4	20791.1	9073.39	3846.92	2542.98	8563.94	757488	0	0	1	0	0xd43f5e018b415631
5	2	1	B	0	41	152561	2167.5	19635.2	70134.5	15761.6	20581.1	9113.39	3808.96	2523.52	8737.57	757569	0	2	1	0	0xd43f5e018b415631
5	2	1	B	0	42	151901	2190.5	19494.6	69693.4	15773.4	20325.8	9073.59	3983.27	2542.89	8728.36	753549	0	5	1	0	0xd43f5e018b415631
5	2	1	B	0	43	152808	2165.45	19587.2	70246.7	15755.1	20777.9	8903.29	3984.43	2530.14	8762.12	754401	0	0	1	0	0xd43f5e018b415631
5	2	1	B	0	44	152648	2237.33	19596.3	70104.4	15728.8	20596.4	9021.43	4035.93	2504.72	8729.28	750108	0	0	1	0	0xd43f5e018b415631
5	2	1	B	0	45	152697	2240.38	19523.4	69958.9	15773.9	20903.8	9130.26	3842.17	2539.52	8691.32	762422	0	5	1	0	0xd43f5e018b415631
5	2	1	B	0	46	152317	2188	19528.5	70085.7	15665.9	20654.3	8927.37	3909.42	2552.14	8708.95	758592	0	0	1	0	0xd43f5e018b415631
5	2	1	B	0	47	152069	2168.83	19584.3	69971.8	15694	20581.9	8900.67	3872.51	2492.27	8707.57	756162	0	0	1	0	0xd43f5e018b415631
5	2	1	B	0	48	153217	2176.87	19590.3	70371.6	15898.9	20785.5	8925.01	4096.02	2537.68	8735.49	756090	0	3	1	0	0xd43f5e018b415631
5	2	1	B	0	49	152416	2244.25	19466.7	69996.9	15747.7	20626.4	9136.14	3823.92	2551.52	8727.91	749154	0	7	1	0	0xd43f5e018b415631
5	2	1	B	0	50	152835	2241.29	19581.4	70278.6	15737.6	20953.5	8894.87	3806.72	2542.97	8700.99	763358	0	1	1	0	0xd43f5e018b415631
5	2	1	B	0	51	154836	2184.29	20793	70122.3	15836.8	20972.6	9115.68	4072.23	2861.83	8785.24	761126	0	1	1	0	0xd43f5e018b415631
5	2	1	B	0	52	152718	2334.26	19540	69896	15710	20936.6	9036.05	3937.01	2549.27	8687.19	762688	0	2	1	0	0xd43f5e018b415631
5	2	1	B	0	53	152388	2178.12	19600.5	70108.4	15752.9	20702.4	8860.99	3832.21	2528.18	8727.03	758493	0	4	1	0	0xd43f5e018b415631
5	2	1	B	0	54	152077	2176.37	19473.9	70070.1	15731.3	20432.4	8913.33	3933.39	2507.73	8739.57	755437	0	1	1	0	0xd43f5e018b415631
5	2	1	B	0	55	153689	2189.16	19812.9	70771.1	15785.3	20723.3	9264.86	3784.34	2517.89	8741.41	755376	0	8	1	0	0xd43f5e018b415631
5	2	1	B	0	56	152551	2240.38	19558	69854.8	15746.3	21064.3	8882.2	3850.55	2520.98	8741.2	747163	0	1	1	0	0xd43f5e018b415631
5	2	1	B	0	57	152013	2186.62	19596.1	69379.7	15786.8	21003.2	8794.24	3900.97	2525.27	8745.24	759277	0	1	1	0	0xd43f5e018b415631
5	2	1	B	0	58	152446	2174.46	19596.5	70016.4	15741.6	20672	9091.51	3797.8	2533.47	8728.24	758771	0	1	1	0	0xd43f5e018b415631
5	2	1	B	0	59	152433	2178.37	19950	69825.9	15857.8	20242.4	9074.35	3932.05	2557.35	8724.74	756102	0	1	1	0	0xd43f5e018b415631
5	2	1	B	0	60	151802	2176.25	19601.6	69804	15878.5	20183	8914.42	3856.59	2541.19	8748.82	752870	0	1	1	0	0xd43f5e018b415631
5	2	1	B	0	61	152859	2185.25	19578.3	70064.9	15737.7	20781.3	9048.63	3981.39	2603.85	8780.87	753749	0	3	1	0	0xd43f5e018b415631
5	2	1	B	0	62	152386	2384.09	19571.5	69718.7	15703.9	20627.8	8839.04	4133.69	2535.97	8775.91	749093	0	1	1	0	0xd43f5e018b415631
5	2	1	B	0	63	152736	2235.92	19535.5	69922.3	15674.2	20998.9	8999.13	4009.76	2530.31	8736.82	762877	0	2	1	0	0xd43f5e018b415631
5	2	1	B	0	64	155516	2165.41	19536.1	72217.9	15715.6	20929.5	9002.46	4567.55	2547.31	8743.28	761825	0	2	1	0	0xd43f5e018b415631
5	2	1	B	0	65	152184	2168.95	19524.5	69751.7	15779	20930.4	8911.95	3897.97	2549.81	8572.23	759381	0	2	1	0	0xd43f5e018b415631
5	2	1	B	0	66	152430	2182.37	19715.4	69984.7	15699	20517.2	9081.17	3906.3	2514.68	8733.74	758111	0	1	1	0	0xd43f5e018b415631
5	2	1	B	0	67	152014	2174.29	19373.6	69744.2	15797.4	20691.5	8861.25	4032.69	2486.18	8759.49	754802	0	0	1	0	0xd43f5e018b415631
5	2	1	B	0	68	153259	2177.87	19619.8	69896.5	15839.6	21154.6	9153.14	4024.31	2541.56	8755.07	754618	0	6	1	0	0xd43f5e018b415631
5	2	1	B	0	69	153113	2244.04	19648.3	70105.8	15778.5	21052.7	8860.91	3966.85	2491.39	8869.45	764968	0	0	1	0	0xd43f5e018b415631
5	2	1	B	0	70	152792	2169.75	19538.7	70428.6	15673.8	20624.4	9198.1	3808.04	2509.1	8745.07	759328	0	0	1	0	0xd43f5e018b415631
5	2	1	B	0	71	151933	2166.7	19481.1	69678.7	15723.2	20427.6	9012.17	4067.6	2501.64	8779.07	754320	0	1	1	0	0xd43f5e018b415631
5	2	1	B	0	72	151732	2185.16	19593.1	69693.7	15700.8	20297.3	8983.17	3965.51	2481.93	8738.28	753603	0	0	1	0	0xd43f5e018b415631
5	2	1	B	0	73	151949	2170.83	19606.8	69821.2	15760.2	20171.9	9111.31	3966.68	2508.93	8738.82	754007	0	0	1	0	0xd43f5e018b415631
5	2	1	B	0	74	152124	2173.08	19584	70157.8	15769.1	20091	8925.21	3921.3	2552.48	8853.33	753484	0	1	1	0	0xd43f5e018b415631
5	2	1	B	0	75	152712	2340.26	19561.5	70356.9	15787.8	20736.7	8697.32	3825.59	2549.06	8726.61	752627	0	1	1	0	0xd43f5e018b415631
5	2	1	B	0	76	152461	2253.59	19377	69978.8	15919.6	20565.8	9100.35	3932.64	2502.39	8735.61	748578	0	2	1	0	0xd43f5e018b415631
5	2	1	B	0	77	155792	2228.62	19431.8	72500	15995.1	21160.8	8916.92	4123.94	2607.81	8731.11	765186	0	2	1	0	0xd43f5e018b415631
5	2	1	B	0	78	152397	2220.29	19586.1	69728.7	15702.8	20938.3	8890.17	3899.93	2553.22	8784.16	761818	0	2	1	0	0xd43f5e018b415631
5	2	1	B	0	79	152671	2175.45	19572.2	70256.3	15779.3	20636.8	8904.75	3983.22	2524.14	8745.32	759460	0	2	1	0	0xd43f5e018b415631
5	2	1	B	0	80	152224	2165.08	19324.5	70111.1	15838.9	20387.8	8943.04	4073.81	2518.48	8765.24	755579	0	1	1	0	0xd43f5e018b415631
5	2	1	B	0	81	152817	2173.33	19467.5	69951.6	15689.2	20898.1	9208.93	4046.77	2532.06	8750.99	753585	0	6	1	0	0xd43f5e018b415631
5	2	1	B	0	82	152409	2244	19431.4	70026.2	15662.4	20706.5	8989.38	3890.64	2582.81	8782.82	749322	0	1	1	0	0xd43f5e018b415631
5	2	1	B	0	83	152849	2229	19547.6	69839.5	15719.5	21263.4	8899.91	4012.76	2533.18	8711.4	763327	0	0	1	0	0xd43f5e018b415631
5	2	1	B	0	84	152600	2156.49	19486.5	70164	15789.3	20598.5	8957.88	4046.31	2539.31	8727.86	758614	0	2	1	0	0xd43f5e018b415631
5	2	1	B	0	85	153226	2178.75	19563.9	70153.1	15864.1	21008.7	9096.55	3989.97	2535.68	8735.69	756067	0	0	1	0	0xd43f5e018b415631
5	2	1	B	0	86	152429	2235.21	19511	70050.4	15786.5	20600.1	8921.58	3994.18	2506.47	8731.49	749466	0	1	1	0	0xd43f5e018b415631
5	2	1	B	0	87	152530	2249.42	19442.8	69809.1	15805.1	21053.8	8945.37	3875.09	2502.47	8752.61	746820	1	1	1	0	0xd43f5e018b415631
5	2	1	B	0	88	152789	2179.58	19489.1	70386.4	15759.4	20661.9	9068.63	3886.47	2529.27	8731.49	759877	0	1	1	0	0xd43f5e018b415631
5	2	1	B	0	89	151973	2202.5	19560.7	69834.7	15747.9	20453.7	8888.91	3942.14	2508.23	8740.15	755090	0	1	1	0	0xd43f5e018b415631
5	2	1	B	0	90	154114	2166.7	19540.8	70943.4	15926.5	20875.2	9102.42	4001.55	2655.52	8805.53	756227	0	4	1	0	0xd43f5e018b415631
5	2	1	B	0	91	152514	2218.17	19471.8	69873.1	15762.7	20910.3	8951.54	4051.56	2529.43	8649.48	761378	0	2	1	0	0xd43f5e018b415631
5	2	1	B	0	92	152337	2168.33	19509.6	70022.5	15763.6	20627.8	9007.92	3876.22	2541.02	8729.11	758367	0	0	1	0	0xd43f5e018b415631
5	2	1	B	0	93	151757	2175.95	19451.8	69878.2	15634.6	20535.1	8796.4	3949.51	2517.47	8718.99	755491	0	1	1	0	0xd43f5e018b415631
5	2	1	B	0	94	151953	2170.2	19437	69763.1	15719.1	20630.2	8980.84	3929.76	2492.59	8731.49	755345	0	2	1	0	0xd43f5e018b415631
5	2	1	B	0	95	152068	2170.33	19565.3	70095.7	15750.7	20228.5	8964.5	3948.39	2508.55	8738.28	754620	0	3	1	0	0xd43f5e018b415631
5	2	1	B	0	96	151756	2175.45	19497.7	69593.3	15845.2	20212.3	9104.34	3981.14	2523.51	8724.19	753446	0	0	1	0	0xd43f5e018b415631
5	2	1	B	0	97	152045	2167.45	19568.8	70000.6	15712.8	20189.7	9074.29	3936.88	2549.85	8750.36	753771	0	1	1	0	0xd43f5e018b415631
5	2	1	B	0	98	152814	2228.29	19594.9	69858.2	15893.3	20762.1	9050.26	3928.51	2626.81	8776.16	753384	0	3	1	0	0xd43f5e018b415631
5	2	1	B	0	99	152403	2232.04	19635.4	69735.3	15820.8	20586	9058.38	3959.68	2558.85	8723.69	748955	0	0	1	0	0xd43f5e018b415631
6	3	0	B	0	0	151782	2175.54	19489.4	69864.8	15689.8	20288.5	8939.33	3947.76	2570.77	8729.69	755028	0	1	1	0	0xd43f5e018b415631
6	3	0	B	0	1	154613	2159.41	22156.9	69499.9	15810.3	20792.7	9106.47	3814.5	2608.06	8573.64	771741	0	1	1	0	0xd43f5e018b415631
6	3	0	B	0	2	151825	2154.54	19669.5	69497.5	15751.8	20718.7	9115.01	3773.33	2518.89	8540.52	757596	0	1	1	0	0xd43f5e018b415631
6	3	0	B	0	3	152424	2163.08	19590.2	70187.8	15848.2	20556.8	8918.54	3819.38	2508.22	8742.36	758076	0	0	1	0	0xd43f5e018b415631
6	3	0	B	0	4	152009	2168.83	19412	70219.1	15687.2	20359.8	8898.16	3987.51	2497.85	8689.98	754998	0	2	1	0	0xd43f5e018b415631
6	3	0	B	0	5	153016	2161.83	19582	70403.5	15927.5	20726.7	9033.87	3834.75	2537.14	8719.03	754916	0	4	1	0	0xd43f5e018b415631
6	3	0	B	0	6	152493	2232.71	19541.6	70003.4	15746.5	20571.7	9123.13	3851.92	2569.39	8761.86	749644	0	1	1	0	0xd43f5e018b415631
6	3	0	B	0	7	152513	2234.37	19508	69809	15735.5	21049.7	8929.95	3942.01	2500.85	8714.48	746727	0	2	1	0	0xd43f5e018b415631
6	3	0	B	0	8	152543	2188.91	19569.5	70125.6	15611.2	20702.3	9027.5	3983.89	2528.98	8713.77	759750	0	1	1	0	0xd43f5e018b415631
6	3	0	B	0	9	152128	2169.62	19503.1	70057.7	15672.5	20494.5	9000.75	3915.22	2502.47	8720.36	756263	0	0	1	0	0xd43f5e018b415631
6	3	0	B	0	10	151806	2162.79	19476.6	69706.7	15804.2	20433.2	8981.12	3906.68	2494.55	8746.36	754526	0	2	1	0	0xd43f5e018b415631
6	3	0	B	0	11	153218	2168.29	19626.8	70497.4	15792	20821.7	9058.96	3910.72	2534.64	8717.11	755775	0	2	1	0	0xd43f5e018b415631
6	3	0	B	0	12	152196	2241	19515.6	69868.8	15701.9	20738.2	8956.62	3801.88	2552.44	8729.15	749053	0	1	1	0	0xd43f5e018b415631
6	3	0	B	0	13	152992	2247.58	19593.9	70033.7	15879.5	20977.7	9055	3892.18	2557.35	8666.86	764023	1	1	1	0	0xd43f5e018b415631
6	3	0	B	0	14	154499	2194.5	19620.3	69819.8	15890.5	22087.8	9691.16	3806.5	2560.72	8736.19	760323	0	1	1	0	0xd43f5e018b415631
6	3	0	B	0	15	152687	2290	19625.9	69356.3	15729.5	21057.5	9209.26	4091.72	2505.85	8733.36	747585	0	2	1	0	0xd43f5e018b415631
6	3	0	B	0	16	152116	2164.87	19527.8	69411.7	15721.7	20782.2	9278.55	3983.39	2535.3	8621.77	759153	0	2	1	0	0xd43f5e018b415631
6	3	0	B	0	17	152699	2166.58	19524.9	70313.2	15865.6	20615.5	8983.04	3910.55	2496.81	8736.65	758353	0	2	1	0	0xd43f5e018b415631
6	3	0	B	0	18	152993	2166.49	19465.5	70283.9	15783.9	20866.2	9064.43	3987.93	2552.68	8733.78	754881	0	3	1	0	0xd43f5e018b415631
6	3	0	B	0	19	153085	2258.63	19463.6	70355.1	15745.4	21141.2	8993.5	3776.21	2538.93	8723.19	750332	0	1	1	0	0xd43f5e018b415631
6	3	0	B	0	20	152179	2165.08	19475.4	69834	15769.7	20916	8846.2	3813	2532.06	8739.23	760101	0	1	1	0	0xd43f5e018b415631
6	3	0	B	0	21	152316	2168.7	19527.2	70049.2	15605.5	20718.5	9147.55	3762.34	2548.43	8698.86	758547	0	1	1	0	0xd43f5e018b415631
6	3	0	B	0	22	152106	2167.16	19478.1	69671	15839.7	20581.1	8994.79	4043.06	2514.52	8729.73	756187	0	1	1	0	0xd43f5e018b415631
6	3	0	B	0	23	151942	2161.24	19479.7	69894.2	15706.5	20401.7	8982.83	3993.43	2510.18	8723.44	754827	0	0	1	0	0xd43f5e018b415631
6	3	0	B	0	24	152165	2171.45	19600.4	70200.8	15792.2	20143.4	9069.17	3818.88	2539.85	8736.19	754052	0	4	1	0	0xd43f5e018b415631
6	3	0	B	0	25	152846	2238.12	19529.7	69578.3	15700.7	21258.5	9072.21	4074.06	2592.89	8711.65	753329	0	1	1	0	0xd43f5e018b415631
6	3	0	B	0	26	152303	2243.54	19485.8	69908.7	15720.8	20609.1	8995.54	4019.01	2509.73	8725.02	748664	0	0	1	0	0xd43f5e018b415631
6	3	0	B	0	27	155689	2235.83	19595.2	71593.6	16505.2	21231.4	9309.3	3903.67	2512.89	8711.07	765429	0	1	1	0	0xd43f5e018b415631
6	3	0	B	0	28	152474	2230.79	19558	69696.6	15758	21046	8911.16	3885.63	2550.31	8746.94	746623	0	1	1	0	0xd43f5e018b415631
6	3	0	B	0	29	152359	2169.87	19433.7	69938.6	15706.5	20723.3	9048.25	3941.84	2536.39	8770.4	759558	0	0	1	0	0xd43f5e018b415631
6	3	0	B	0	30	152495	2187.08	19599.5	70065.2	15902	20394.4	8981.29	4025.97	2504.22	8743.65	757233	1	2	1	0	0xd43f5e018b415631
6	3	0	B	0	31	152053	2181.5	19506.2	69809.1	15711.8	20342.4	8976.05	4166.02	2509.93	8761.07	753808	0	3	1	0	0xd43f5e018b415631
6	3	0	B	0	32	152967	2170.79	19527.2	70162.1	15841.5	20939.8	8921.66	3977.64	2595.68	8740.11	753765	0	1	1	0	0xd43f5e018b415631
6	3	0	B	0	33	151941	2236.5	19488.9	69433.6	15886.4	20610.1	9013.96	3902.63	2542.52	8734.19	748018	0	1	1	0	0xd43f5e018b415631
6	3	0	B	0	34	152779	2229.5	19616.4	70042.2	15740.2	21035	8870.16	3857.88	2551.43	8747.53	748149	0	1	1	0	0xd43f5e018b415631
6	3	0	B	0	35	152487	2168.45	19571.7	69755.2	15824.5	20814.5	8984.21	3996.1	2526.35	8756.4	759796	0	0	1	0	0xd43f5e018b415631
6	3	0	B	0	36	152367	2167.66	19533.6	69805.1	15649.2	20570.4	9327.56	3848.5	2531.14	8846.49	756666	0	1	1	0	0xd43f5e018b415631
6	3	0	B	0	37	151863	2188.37	19532	69724.2	15750.1	20291.2	9023.42	3983.93	2494.31	8786.9	753795	0	2	1	0	0xd43f5e018b415631
6	3	0	B	0	38	151861	2175.33	19542.7	69699.2	15800.7	20225.3	9029.87	3982.47	2496.35	8820.82	753511	0	1	1	0	0xd43f5e018b415631
6	3	0	B	0	39	151975	2157.37	19471.1	70144.1	15720.7	20052.6	9045.71	4024.22	2545.27	8725.52	753390	0	0	1	0	0xd43f5e018b415631
6	3	0	B	0	40	153717	2235.71	19528.5	69501.5	15717.5	22474.5	8924.58	3934.88	2596.1	8712.44	754283	0	1	1	0	0xd43f5e018b415631
6	3	0	B	0	41	152442	2210.12	19435.9	69924.5	15782.1	20985.9	8923.82	3896.09	2539.89	8651.69	760827	0	1	1	0	0xd43f5e018b415631
6	3	0	B	0	42	152434	2175.08	19528.8	70192.2	15783.9	20647.1	8975.46	3793.54	2554.6	8693.19	758058	1	1	1	0	0xd43f5e018b415631
6	3	0	B	0	43	151977	2187.66	19503.6	69887.6	15636.6	20430.6	9079.25	3845.38	2492.3	8824.57	754972	0	1	1	0	0xd43f5e018b415631
6	3	0	B	0	44	151695	2152.66	19558.5	69491.3	15878.7	20471	8806.86	4017.56	2501.6	8730.4	753599	0	6	1	0	0xd43f5e018b415631
6	3	0	B	0	45	151794	2174.62	19367.4	69964	15684	20418.2	8858.99	4023.35	2493.1	8720.94	754315	0	1	1	0	0xd43f5e018b415631
6	3	0	B	0	46	151746	2168.41	19414.3	69683.1	15813	20463.6	8898.95	3968.18	2510.72	8733.69	754281	0	1	1	0	0xd43f5e018b415631
6	3	0	B	0	47	151748	2169.16	19510.6	69750.4	15763	20487.4	8779.61	3967.51	2492.26	8738.57	754204	0	1	1	0	0xd43f5e018b415631
6	3	0	B	0	48	152047	2167.87	19536.7	69984.5	15716.4	20283.9	9027.33	3866.8	2528.81	8846.07	754760	0	1	1	0	0xd43f5e018b415631
6	3	0	B	0	49	151504	2157.66	19438.3	69572.2	15822.8	20526.9	8821.45	3886.71	2490.84	8698.44	753121	0	2	1	0	0xd43f5e018b415631
6	3	0	B	0	50	152315	2168.54	19670.5	69984.7	15962.6	20149.9	9110.55	3891.05	2541.85	8741.9	755030	0	3	1	0	0xd43f5e018b415631
6	3	0	B	0	51	152888	2225.91	19580.1	70093.6	15836.4	20776.1	9081.46	3879.34	2593.93	8733.19	753546	0	2	1	0	0xd43f5e018b415631
6	3	0	B	0	52	152830	2240.25	19602.4	69811.5	15728.6	21067.9	9006.33	4038.64	2517.85	8727.11	749045	0	0	1	0	0xd43f5e018b415631
6	3	0	B	0	53	152086	2163.7	19515.1	69565	15729.8	20938.9	9004.46	3758.54	2535.43	8785.03	759892	0	2	1	0	0xd43f5e018b415631
6	3	0	B	0	54	155807	2162.95	19502.2	72957.6	15819.4	20869.3	9464.99	3786.5	2526.77	8624.02	778014	0	1	1	0	0xd43f5e018b415631
6	3	0	B	0	55	152259	2248.37	19582.6	69744.5	15742	20709.6	8925.12	3885.42	2493.47	8803.74	758431	0	0	1	0	0xd43f5e018b415631
6	3	0	B	0	56	151808	2188.16	19468.8	69670.3	15802.9	20694.5	8782.81	3910.8	2492.68	8706.02	756065	0	0	1	0	0xd43f5e018b415631
6	3	0	B	0	57	152087	2152.7	19499.3	69880.5	15940	20456.6	8814.32	4046.68	2508.56	8695.73	756064	0	3	1	0	0xd43f5e018b415631
6	3	0	B	0	58	152347	2162.16	19533.9	70268	15847.1	20141.6	8923.7	4095.1	2548.47	8739.9	754985	0	2	1	0	0xd43f5e018b415631
6	3	0	B	0	59	151523	2237.54	19503.2	69606.1	15770.5	20230	8959.87	3898.17	2498.81	8728.4	752010	0	1	1	0	0xd43f5e018b415631
6	3	0	B	0	60	151925	2163.54	19493.7	69779	15865.1	20192.9	9084.54	3969.59	2548.02	8739.52	753324	0	2	1	0	0xd43f5e018b415631
6	3	0	B	0	61	151750	2169.95	19423.7	69755.6	15718.2	20155.4	9109.16	4031.01	2576.3	8721.56	752636	1	0	1	0	0xd43f5e018b415631
6	3	0	B	0	62	151920	2162.37	19521.9	70065.4	15837.1	20149.2	8877.03	3966.84	2543.47	8708.4	752991	0	0	1	0	0xd43f5e018b415631
6	3	0	B	0	63	151786	2228.46	19542.8	69823.4	15704.4	20160.8	8854.33	4041.31	2586.98	8753.36	752110	0	3	1	0	0xd43f5e018b415631
6	3	0	B	0	64	152652	2256.54	19612.7	69993.7	15717.5	20770.7	8980.24	3861.63	2604.98	8766.48	753057	0	0	1	0	0xd43f5e018b415631
6	3	0	B	0	65	152057	2333.88	19549	69744.8	15672.4	20579.4	8940.62	3838.96	2532.47	8777.44	748784	0	2	1	0	0xd43f5e018b415631
6	3	0	B	0	66	152977	2224.2	19427.5	70060.5	15748.2	21079.3	9042.58	4018.89	2513.68	8777.52	764771	0	0	1	0	0xd43f5e018b415631
6	3	0	B	0	67	154824	2162.2	22293.2	69446.5	15807.5	20683.3	9168.72	3889.97	2552.02	8731.4	761322	0	2	1	0	0xd43f5e018b415631
6	3	0	B	0	68	152794	2227.58	19647.1	69982.1	15694.9	20908.7	8979.58	4025.51	2483.72	8754.27	763190	0	1	1	0	0xd43f5e018b415631
6	3	0	B	0	69	152443	2201.75	19580.7	69866.9	15848.2	20680.4	9062.08	3869.08	2532.43	8713.27	758724	0	1	1	0	0xd43f5e018b415631
6	3	0	B	0	70	152401	2162.2	19522.5	70236.7	15872.9	20170.7	8944.28	4148.1	2496.05	8753.98	755919	0	4	1	0	0xd43f5e018b415631
6	3	0	B	0	71	151919	2161.66	19736.6	69876.8	15728.4	20095.6	8998.2	3945.05	2569.64	8720.19	752852	0	3	1	0	0xd43f5e018b415631
6	3	0	B	0	72	152872	2229.91	19601	70144	15907.9	20794.6	8951.37	3824.71	2593.77	8737.36	753443	0	2	1	0	0xd43f5e018b415631
6	3	0	B	0	73	153137	2222.25	19412	70262.9	15769	21016.3	9013.83	4065.97	2506.27	8779.69	765032	0	5	1	0	0xd43f5e018b415631
6	3	0	B	0	74	151999	2164.49	19493.5	69797.3	15672.7	20796.9	8874.61	3879.84	2545.06	8686.39	758793	0	0	1	0	0xd43f5e018b415631
6	3	0	B	0	75	151913	2164.95	19515.4	69553.8	15718.9	20786	9159.76	3849.46	2552.56	8524.59	757846	0	1	1	0	0xd43f5e018b415631
6	3	0	B	0	76	152225	2197.45	19549.6	69929.6	15799.8	20716.9	8956.66	3775.33	2500.22	8706.44	757411	0	2	1	0	0xd43f5e018b415631
6	3	0	B	0	77	152132	2170.37	19572.2	70164.5	15696.3	20405.3	8825.78	3931.59	2507.47	8769.02	755632	0	2	1	0	0xd43f5e018b415631
6	3	0	B	0	78	151773	2162.16	19461.4	69735.1	15759	20426.4	8944.15	3982.47	2502.51	8709.19	753707	0	3	1	0	0xd43f5e018b415631
6	3	0	B	0	79	151972	2168.79	19565	69726.2	15777.6	20228.7	9246.3	3937.26	2502.51	8731.9	754012	0	1	1	0	0xd43f5e018b415631
6	3	0	B	0	80	154258	2158.66	19410.5	70236.8	15734.3	21219.7	10166.2	4027.89	2507.31	8707.27	755473	0	2	1	0	0xd43f5e018b415631
6	3	0	B	0	81	152137	2164.2	19600.8	69914.3	15626	20820.9	8900.24	3850.75	2532.64	8637.77	758910	0	1	1	0	0xd43f5e018b415631
6	3	0	B	0	82	152257	2180.04	19544.2	69846.2	15646.8	20653.2	9101.5	3981.59	2485.76	8728.27	757644	0	0	1	0	0xd43f5e018b415631
6	3	0	B	0	83	152048	2158.41	19396.5	69943	15716.9	20671.5	8987.62	3873.71	2500.1	8709.85	755422	0	3	1	0	0xd43f5e018b415631
6	3	0	B	0	84	152148	2171.33	19450.9	70139.6	15743.7	20349.1	8887.15	4050.01	2516.72	8749.31	754312	0	3	1	0	0xd43f5e018b415631
6	3	0	B	0	85	151563	2163.03	19494.6	69649.1	15672.2	20287.8	8917.28	3987.05	2543.68	8760.56	752453	0	0	1	0	0xd43f5e018b415631
6	3	0	B	0	86	151595	2166.45	19512.6	69607	15669.4	20406.1	8929.16	3866.26	2503.01	8846.65	753307	0	2	1	0	0xd43f5e018b415631
6	3	0	B	0	87	152121	2166.12	19587.6	70208.6	15721	20145.2	9035.08	3902.5	2541.26	8723.65	754590	0	0	1	0	0xd43f5e018b415631
6	3	0	B	0	88	152941	2166.99	19671.4	70423.9	15794.8	20764	8781.23	3988.76	2530.56	8729.4	754109	0	0	1	0	0xd43f5e018b415631
6	3	0	B	0	89	152703	2248.37	19558.7	69777.5	15737.1	21122.5	8990.66	3950.17	2523.18	8704.06	749121	0	2	1	0	0xd43f5e018b415631
6	3	0	B	0	90	152210	2205.41	19581.5	69619	15682.7	20972.6	8917.2	3827.88	2550.43	8764.77	761003	0	0	1	0	0xd43f5e018b415631
6	3	0	B	0	91	152168	2163.66	19597	69615.5	15711.6	20833.9	9071.75	3956.72	2626.18	8501.51	759033	0	2	1	0	0xd43f5e018b415631
6	3	0	B	0	92	151735	2171.24	19480.2	69498.8	15594.2	20782.9	9034.25	4048.14	2499.76	8536.01	757121	0	1	1	0	0xd43f5e018b415631
6	3	0	B	0	93	155699	2161.16	19445.8	73260.1	15590.4	20737.4	9281.84	3939.09	2547.51	8646.43	777297	0	1	1	0	0xd43f5e018b415631
6	3	0	B	0	94	152356	2166.58	19476	70248.6	15699.6	20604.8	8954.61	3861.96	2507.93	8746.27	757825	0	2	1	0	0xd43f5e018b415631
6	3	0	B	0	95	152070	2153.03	19595.1	69929.1	15741.4	20360.4	9047.25	3926.09	2494.51	8731.98	755325	0	1	1	0	0xd43f5e018b415631
6	3	0	B	0	96	152165	2167.99	19633	69824.1	15718	20247.1	9124.21	4056.68	2536.18	8766.44	754168	0	2	1	0	0xd43f5e018b415631
6	3	0	B	0	97	152952	2232.29	19484.5	70287.1	15703.1	20872.6	8934.03	3950.09	2677.77	8718.52	753130	0	4	1	0	0xd43f5e018b415631
6	3	0	B	0	98	152151	2236.12	19448.2	70008	15778.8	20608.9	8883.32	3880.21	2508.14	8710.02	747960	0	1	1	0	0xd43f5e018b415631
6	3	0	B	0	99	152652	2241.71	19524.2	69434.6	15881	21070.3	9089.29	3843.09	2534.64	8939.99	762766	1	2	1	0	0xd43f5e018b415631
7	3	1	A	0	0	150227	2280.62	19557.5	69831	15839.5	20117.5	7511.03	3970.22	2505.51	8518.55	751756	0	2	1	0	0xd43f5e018b415631
7	3	1	A	0	1	151036	2200.12	19593.8	70051.4	15656.9	20801.4	7484.74	3945.34	2507.26	8699.1	740126	0	2	1	0	0xd43f5e018b415631
7	3	1	A	0	2	151079	2230.5	19558.4	69569	15807.2	21100.8	7568.42	3894.75	2574.47	8679.77	743348	0	0	1	0	0xd43f5e018b415631
7	3	1	A	0	3	151322	2259.33	19612.9	69909.3	15652.5	21289.6	7427.53	3898.97	2508.47	8668.02	746314	0	1	1	0	0xd43f5e018b415631
7	3	1	A	0	4	153443	2280.96	19785	72871.6	15828.9	20190.9	7532.54	3790.96	2529.18	8541.8	766209	0	2	1	0	0xd43f5e018b415631
7	3	1	A	0	5	151242	2199.95	19609.7	70000.7	15688.1	20765	7693.17	3937.63	2544.01	8707.43	741448	0	1	1	0	0xd43f5e018b415631
7	3	1	A	0	6	150864	2219.12	19449.3	69664.8	15790.7	21101.4	7428.95	3855.84	2570.81	8685.27	743091	0	2	1	0	0xd43f5e018b415631
7	3	1	A	0	7	150723	2272.96	19666.9	69717.4	15729.1	20539.8	7499.53	3953.76	2540.18	8708.39	746626	0	2	1	0	0xd43f5e018b415631
7	3	1	A	0	8	150599	2287.21	19596.1	70024.2	15806.9	20074.6	7504	4009.89	2537.8	8665.64	750471	0	2	1	0	0xd43f5e018b415631
7	3	1	A	0	9	150936	2201.04	19525.5	70068	15664.8	20733	7442.36	4035.39	2509.6	8663.68	739672	0	2	1	0	0xd43f5e018b415631
7	3	1	A	0	10	151178	2233.45	19577.1	69600.3	15754.7	20996.9	7751.35	3956.88	2536.47	8673.93	743332	0	2	1	0	0xd43f5e018b415631
7	3	1	A	0	11	151444	2282.58	19611.2	70113.7	15692	21078.1	7545.45	3833.75	2551.56	8641.35	745955	0	1	1	0	0xd43f5e018b415631
7	3	1	A	0	12	149718	2274.08	19518.9	69625.5	15737	19841.4	7507.87	3909.84	2543.47	8667.14	745598	0	0	1	0	0xd43f5e018b415631
7	3	1	A	0	13	151417	2209.87	19705.6	69991.6	15608.2	21067.5	7441.9	4072.1	2517.59	8707.06	755277	0	3	1	0	0xd43f5e018b415631
7	3	1	A	0	14	150647	2190.91	19720.5	69808.4	15661.2	20755.5	7384.65	3857.25	2507.22	8666.64	739652	0	2	1	0	0xd43f5e018b415631
7	3	1	A	0	15	151417	2264.58	19640.6	69703	15725.2	21161.4	7532.16	4026.55	2533.43	8734.98	745095	0	0	1	0	0xd43f5e018b415631
7	3	1	A	0	16	151928	2268.16	19525.4	70227.6	15927.7	21042	7445.74	4190.77	2518.72	8690.64	746908	1	1	1	0	0xd43f5e018b415631
7	3	1	A	0	17	152393	2265.62	19498.6	70076.7	15729.4	21395.8	8284.41	3892.92	2495.93	8659.14	746799	0	1	1	0	0xd43f5e018b415631
7	3	1	A	0	18	151221	2197.2	19652.9	69707.1	15774.2	20951.7	7602.21	4002.59	2553.51	8685.31	743059	0	0	1	0	0xd43f5e018b415631
7	3	1	A	0	19	151474	2257.5	19535.1	70106	15785.4	21071.5	7468.33	3955.8	2503.34	8693.39	745448	0	2	1	0	0xd43f5e018b415631
7	3	1	A	0	20	151711	2277.83	19578.1	69856.7	15926	21097.4	7586.24	4095.68	2513.72	8684.93	746871	0	1	1	0	0xd43f5e018b415631
7	3	1	A	0	21	151997	2280	19740	69938.4	16080.6	21032.2	7841.42	3819.54	2504.26	8668.01	747274	0	3	1	0	0xd43f5e018b415631
7	3	1	A	0	22	151048	2262.66	19487.1	69674.7	15678.8	21251.8	7521.33	3887.88	2511.55	8678.35	745519	0	2	1	0	0xd43f5e018b415631
7	3	1	A	0	23	151000	2274	19484.2	69995.6	15719.6	20579.2	7611.33	3923.76	2586.93	8729.77	748436	0	1	1	0	0xd43f5e018b415631
7	3	1	A	0	24	150364	2262.71	19576.5	69742.1	15724.2	20234.9	7499.32	4096.1	2551.76	8582.26	750824	1	1	1	0	0xd43f5e018b415631
7	3	1	A	0	25	150596	2208.2	19446.4	69580.7	15744.8	20957.6	7422.95	3924.51	2547.31	8667.76	740749	0	1	1	0	0xd43f5e018b415631
7	3	1	A	0	26	151532	2259.96	19625.2	69850.5	15785.9	21166.9	7548.16	3945.38	2507.8	8716.73	746254	0	2	1	0	0xd43f5e018b415631
7	3	1	A	0	27	151504	2258.79	19549.3	70057.8	15719	21284	7454.24	3906.05	2508.51	8671.22	746834	0	1	1	0	0xd43f5e018b415631
7	3	1	A	0	28	151605	2251.08	19585.7	70351.3	15734.7	21271.9	7303.27	3856.08	2500.05	8660.31	748051	0	1	1	0	0xd43f5e018b415631
7	3	1	A	0	29	150141	2265.04	19570.2	69649.7	15839.9	19839.7	7650.58	3995.59	2591.18	8647.35	747275	0	2	1	0	0xd43f5e018b415631
7	3	1	A	0	30	153491	2198.74	19453.2	70680.6	15808.9	22298	7418.95	3997.13	2860.2	8673.6	757150	0	2	1	0	0xd43f5e018b415631
7	3	1	A	0	31	151035	2270.46	19757.2	69722.1	15815.7	20603.1	7588.96	3915.63	2581.85	8687.31	747944	0	0	1	0	0xd43f5e018b415631
7	3	1	A	0	32	150269	2275.96	19509	70053.6	15687.5	20212.7	7577.91	3843.92	2506.8	8505.8	750086	0	1	1	0	0xd43f5e018b415631
7	3	1	A	0	33	151083	2226.58	19626.9	70034	15756.8	20730	7497.74	3877.13	2559.85	8678.64	740836	0	3	1	0	0xd43f5e018b415631
7	3	1	A	0	34	151691	2227.33	19598.4	70147.2	15793.4	20947	7659.92	3987.8	2538.22	8693.64	744013	0	5	1	0	0xd43f5e018b415631
7	3	1	A	0	35	151550	2234.33	19507.4	70048.6	15733.1	20944	7759.13	4009.3	2550.89	8664.97	744337	0	1	1	0	0xd43f5e018b415631
7	3	1	A	0	36	151923	2282.75	19758.7	69975.7	15751.2	21327.1	7446.57	4093.97	2538.22	8656.18	745703	0	2	1	0	0xd43f5e018b415631
7	3	1	A	0	37	151426	2263.5	19669.7	69802.9	15804	21064.9	7555	3919.59	2550.64	8706.89	744670	0	0	1	0	0xd43f5e018b415631
7	3	1	A	0	38	151077	2261.29	19538.9	69607.7	15642.9	21195.2	7589.75	3883.34	2573.64	8659.64	745577	0	2	1	0	0xd43f5e018b415631
7	3	1	A	0	39	150924	2262.75	19626.5	69978.5	15763.3	20576.4	7521.28	3909.05	2532.05	8660.8	748223	0	2	1	0	0xd43f5e018b415631
7	3	1	A	0	40	151089	2264.54	19603.7	70319.9	15949.2	20042.9	7574.37	3959.67	2591.56	8688.47	751770	0	3	1	0	0xd43f5e018b415631
7	3	1	A	0	41	150719	2192.49	19548	70138.7	15691.9	20487.8	7558.99	3834.67	2519.14	8649.55	737862	0	1	1	0	0xd43f5e018b415631
7	3	1	A	0	42	151289	2203.62	19602.7	69796.9	15737.7	20859.9	7582.62	4136.14	2537.97	8708.14	742631	0	0	1	0	0xd43f5e018b415631
7	3	1	A	0	43	151360	2254.29	19727.8	69536.2	15753.9	21057.9	7739.96	3966.42	2537.39	8688.22	744605	0	1	1	0	0xd43f5e018b415631
7	3	1	A	0	44	153570	2283.25	19568.6	73140.1	15745.4	19839.2	7728.13	3889.21	2623.36	8657.14	764350	0	2	1	0	0xd43f5e018b415631
7	3	1	A	0	45	150845	2199.87	19496.9	70119.6	15809	20525.4	7612.29	3822	2496.59	8667.26	738540	0	0	1	0	0xd43f5e018b415631
7	3	1	A	0	46	151099	2197.7	19686.4	69723.3	15717.7	20887.4	7516.78	4003.89	2554.89	8713.26	742217	0	2	1	0	0xd43f5e018b415631
7	3	1	A	0	47	151529	2270.41	19595.4	69961.2	15699.4	21100.7	7587.7	4021.47	2534.14	8663.51	745372	0	2	1	0	0xd43f5e018b415631
7	3	1	A	0	48	151707	2673.73	19648.5	69727.4	15738.6	21081.7	7721	3813.75	2541.1	8671.89	746285	0	1	1	0	0xd43f5e018b415631
7	3	1	A	0	49	151590	2272	19593.6	69775.9	15865.8	21223.3	7612.33	3860.58	2495.39	8795.81	746692	0	2	1	0	0xd43f5e018b415631
7	3	1	A	0	50	150727	2259.96	19652.5	69823.3	15740.7	20632.7	7425.94	3877.71	2544.76	8675.51	746600	0	0	1	0	0xd43f5e018b415631
7	3	1	A	0	51	150641	2246.79	19684.1	69884.2	15675.3	20047.3	7738.59	4094.43	2506.51	8670.18	750684	0	1	1	0	0xd43f5e018b415631
7	3	1	A	0	52	150732	2203.16	19500.7	70046.5	15676.8	20769.4	7410.15	3862.67	2505.34	8660.47	739269	0	2	1	0	0xd43f5e018b415631
7	3	1	A	0	53	151189	2245.62	19657.2	69620	15871.8	21036.1	7513.66	3934.67	2548.72	8665.64	743933	0	0	1	0	0xd43f5e018b415631
7	3	1	A	0	54	151528	2275.75	19606.3	69794.7	15714.9	21101.8	7611.87	4101.68	2537.26	8689.6	746087	0	2	1	0	0xd43f5e018b415631
7	3	1	A	0	55	152372	2237.79	19574.1	70682.4	15875.5	21089.6	7630.16	3993.63	2534.26	8664.05	747832	0	3	1	0	0xd43f5e018b415631
7	3	1	A	0	56	151383	2270.16	19669.7	69702.1	15789.1	21012.9	7486.4	4140.27	2543.93	8673.6	744526	0	2	1	0	0xd43f5e018b415631
7	3	1	A	0	57	153029	2272.08	20431.7	70207.4	15760.4	21053.6	7761.22	3970.84	2897.41	8576.38	763572	0	2	1	0	0xd43f5e018b415631
7	3	1	A	0	58	151047	2210.79	19500.1	70168.2	15874.7	20806.5	7408.48	3784.58	2530.72	8672.68	740915	0	1	1	0	0xd43f5e018b415631
7	3	1	A	0	59	151465	2252.79	19569.1	70087.7	15793.2	21075.2	7539.7	3861.67	2540.18	8652.89	744077	0	2	1	0	0xd43f5e018b415631
7	3	1	A	0	60	151470	2257.29	19700.9	69743.4	15892.9	21014.7	7671.83	3888.38	2540.72	8664.8	745308	0	3	1	0	0xd43f5e018b415631
7	3	1	A	0	61	151446	2257.08	19712.1	69839.5	15652.1	21188.8	7563.57	3954.88	2516.55	8667.72	746323	1	1	1	0	0xd43f5e018b415631
7	3	1	A	0	62	150886	2259.37	19651.7	69554.4	15858.8	20628.5	7539.32	4063.14	2542.18	8698.39	747248	0	1	1	0	0xd43f5e018b415631
7	3	1	A	0	63	150239	2270.46	19485.1	69979.9	15857.1	20230.1	7376.69	3892.04	2500.34	8551.42	750206	0	1	1	0	0xd43f5e018b415631
7	3	1	A	0	64	151262	2210.12	19592.1	70120.8	15695.4	20832.6	7515.53	3860.54	2520.26	8822.98	741363	0	2	1	0	0xd43f5e018b415631
7	3	1	A	0	65	150998	2216.37	19582.4	69666.4	15763.1	21059.1	7542.53	3869.04	2530.59	8671.43	743190	0	1	1	0	0xd43f5e018b415631
7	3	1	A	0	66	151637	2263.79	19525.7	69974.3	15838.9	21159.8	7326.44	4264.69	2505.51	8685.89	746882	0	2	1	0	0xd43f5e018b415631
7	3	1	A	0	67	152032	2264.21	19603.2	70367	15784.3	21068.6	7568.66	4078.31	2497.55	8705.81	747474	0	2	1	0	0xd43f5e018b415631
7	3	1	A	0	68	151667	2267.21	19645.7	69849.3	15741.3	21064.6	7755.76	4018.43	2552.35	8676.72	746153	0	1	1	0	0xd43f5e018b415631
7	3	1	A	0	69	151336	2359.84	19539.3	69735.5	15834.3	21226.2	7489.95	3887.46	2511.72	8661.97	746206	0	2	1	0	0xd43f5e018b415631
7	3	1	A	0	70	153093	2264.46	19488	71801.1	16473.4	20116.6	7737.92	3883.67	2554.56	8679.01	749808	0	1	1	0	0xd43f5e018b415631
7	3	1	A	0	71	151221	2201.83	19569.6	69983.1	15754.5	20920.9	7538.83	3922.13	2569.06	8663.47	742497	0	0	1	0	0xd43f5e018b415631
7	3	1	A	0	72	151695	2256.41	19534.1	70384.7	15711.2	20950.5	7576.99	3954.09	2543.89	8687.22	744997	1	2	1	0	0xd43f5e018b415631
7	3	1	A	0	73	151455	2283.75	19752.2	69903.2	15754.9	20954.1	7565.41	3923.92	2531.34	8666.97	745178	0	1	1	0	0xd43f5e018b415631
7	3	1	A	0	74	151511	2259.41	19571.2	70010.5	15851.5	21178.5	7503.9	3850.33	2514.26	8675.47	746322	0	2	1	0	0xd43f5e018b415631
7	3	1	A	0	75	152065	2265.21	19629.3	70417.7	15954.4	21088.5	7498.78	3871.54	2559.97	8684.72	748090	0	1	1	0	0xd43f5e018b415631
7	3	1	A	0	76	151035	2264.91	19601.1	69634.1	15701.4	21172.1	7558	3717.91	2538.01	8753.97	745864	0	1	1	0	0xd43f5e018b415631
7	3	1	A	0	77	150424	2259.41	19523.5	69718.6	16021.7	20064.6	7533.12	3963.96	2551.43	8693.93	748274	0	0	1	0	0xd43f5e018b415631
7	3	1	A	0	78	151087	2192.74	19546.3	69645.4	15744.5	21092.3	7647.42	3887	2636.64	8601.51	754287	0	2	1	0	0xd43f5e018b415631
7	3	1	A	0	79	151080	2192.58	19647.4	70099.2	15737.9	20872.9	7458.23	3799.41	2511.05	8665.93	741047	0	1	1	0	0xd43f5e018b415631
7	3	1	A	0	80	151302	2242.45	19673.4	69769.8	15743.7	21025.8	7584.82	3930.3	2554.35	8683.76	744069	0	1	1	0	0xd43f5e018b415631
7	3	1	A	0	81	151382	2345.67	19584.5	69568.2	15714.4	21302.4	7515.16	4062.63	2505.59	8692.76	745498	0	2	1	0	0xd43f5e018b415631
7	3	1	A	0	82	151664	2276.54	19553.4	70086	15727.4	21209.9	7540.49	3868.04	2635.31	8676.39	747413	0	2	1	0	0xd43f5e018b415631
7	3	1	A	0	83	149996	2255.41	19559.4	69767.1	15682	19878.9	7407.19	4078.39	2539.14	8733.76	746188	0	2	1	0	0xd43f5e018b415631
7	3	1	A	0	84	151104	3283.55	19617.6	69732.8	15804.9	20138.9	7415.65	3943.71	2529.43	8540.59	754492	0	0	1	0	0xd43f5e018b415631
7	3	1	A	0	85	150963	2213.49	19634.2	69736.1	15706.9	20788.6	7827.5	3789.5	2508.56	8662.93	740918	0	3	1	0	0xd43f5e018b415631
7	3	1	A	0	86	151428	2255.79	19538.3	69788.9	15773.8	21061.8	7539.49	4068.06	2597.76	8705.3	744791	0	1	1	0	0xd43f5e018b415631
7	3	1	A	0	87	151574	2258.21	19694.5	69862.1	16038.1	21086.8	7346.52	3955.63	2536.97	8699.34	746088	0	3	1	0	0xd43f5e018b415631
7	3	1	A	0	88	151352	2261.08	19667.1	69752.6	15643.3	21397.2	7437.61	3864.5	2554.81	8676.05	746853	0	1	1	0	0xd43f5e018b415631
7	3	1	A	0	89	151142	2267	19570.4	70172.3	15731.6	20564.3	7440.32	4007.59	2608.85	8682.09	748347	0	1	1	0	0xd43f5e018b415631
7	3	1	A	0	90	150191	2275.91	19480.4	69919.2	15706.1	20196.5	7483.15	3957.55	2499.97	8581.92	749977	0	0	1	0	0xd43f5e018b415631
7	3	1	A	0	91	150694	2195.7	19577.6	69671.1	15765.2	20911.1	7536.53	3774.33	2517.18	8652.97	740801	0	1	1	0	0xd43f5e018b415631
7	3	1	A	0	92	151373	2349.96	19547.9	69872.8	15750.3	21190.2	7521.36	3867.42	2507.8	8668.64	745645	0	3	1	0	0xd43f5e018b415631
7	3	1	A	0	93	149851	2268.41	19465.9	69735.9	15706.7	19881.2	7521.11	4001.97	2536.77	8641.3	745887	0	1	1	0	0xd43f5e018b415631
7	3	1	A	0	94	150921	2193.37	19541.6	70258.8	15797.7	20404.6	7570.12	3880	2501.89	8680.01	754137	0	2	1	0	0xd43f5e018b415631
7	3	1	A	0	95	151132	2196.78	19544.6	69687.9	15854.2	20906.8	7570.04	4006.26	2607.93	8662.76	741921	0	2	1	0	0xd43f5e018b415631
7	3	1	A	0	96	150806	2262.5	19449.4	69498.6	15696.2	21270.7	7457.2	3883	2511.18	8683.8	744217	0	1	1	0	0xd43f5e018b415631
7	3	1	A	0	97	153576	2273	22550.6	70106.5	15742.1	20242.6	7628.58	3820.75	2558.47	8556.21	766813	0	2	1	0	0xd43f5e018b415631
7	3	1	A	0	98	150854	2197.12	19438.3	70041.4	15755	20828.2	7417.61	3920.04	2509.26	8650.22	740932	0	0	1	0	0xd43f5e018b415631
7	3	1	A	0	99	151387	2377.05	19609.8	69672.6	15884.5	21044.3	7605.95	3880.25	2535.18	8682.34	745063	0	2	1	0	0xd43f5e018b415631
8	4	0	A	0	0	151231	2211.33	19516.2	69849.8	15810.6	21040.3	7451.41	3992.18	2557.64	8708.72	747518	0	1	1	0	0xd43f5e018b415631
8	4	0	A	0	1	151429	2228.58	19494.4	69998.2	15901	21127.8	7444.53	3932.04	2508.51	8700.26	745457	0	1	1	0	0xd43f5e018b415631
8	4	0	A	0	2	151737	2244.04	19565.2	70337.5	15660.4	21167.8	7627.66	3825.29	2514.3	8703.55	747082	0	3	1	0	0xd43f5e018b415631
8	4	0	A	0	3	151361	2259.91	19517.1	70096.6	15845.3	20594	7589.91	4095.35	2538.47	8726.76	747022	0	0	1	0	0xd43f5e018b415631
8	4	0	A	0	4	151279	2237.04	19634	70002.9	15851.8	20641.3	7583.04	3993.13	2541.72	8702.14	748529	0	1	1	0	0xd43f5e018b415631
8	4	0	A	0	5	150207	2239.79	19483.3	69921.2	15659.7	20097	7722.95	3951.71	2504.47	8528.96	749521	0	0	1	0	0xd43f5e018b415631
8	4	0	A	0	6	150816	2169.91	19553.3	69846.8	15756.8	20843.5	7555.24	3810.33	2492.59	8691.51	740310	0	1	1	0	0xd43f5e018b415631
8	4	0	A	0	7	155800	2226.79	19634.5	72825.8	15907.5	21362.5	7789.04	4241.64	3023.42	8694.59	763349	0	40	1	0	0xd43f5e018b415631
8	4	0	A	0	8	150878	2216.49	19515.3	69538.1	15644.7	21283.5	7555.82	3830.87	2503.8	8698.39	744231	0	0	1	0	0xd43f5e018b415631
8	4	0	A	0	9	151562	2233.66	19605	69913.8	15717.3	21320.1	7454.56	3957.84	2550.18	8715.59	748415	0	2	1	0	0xd43f5e018b415631
8	4	0	A	0	10	150291	2226.33	19523.3	70002.9	15783.6	19933.2	7499.86	3978.8	2533.63	8713.93	747924	0	2	1	0	0xd43f5e018b415631
8	4	0	A	0	11	151021	2160.16	19555.7	69950.1	15698.9	20604.6	7387.78	4350.9	2492.34	8723.43	754602	0	2	1	0	0xd43f5e018b415631
8	4	0	A	0	12	151039	2159.87	19681.8	69764.3	15765.6	20951.9	7576.74	3806.33	2544.72	8695.59	741803	0	0	1	0	0xd43f5e018b415631
8	4	0	A	0	13	151481	2244.54	19594.4	69652.3	15860.6	21121.5	7689.62	3906.55	2598.72	8716.34	745154	0	1	1	0	0xd43f5e018b415631
8	4	0	A	0	14	151721	2212.03	19618.3	69955.5	15851.3	21098.1	7699.87	3960.05	2531.76	8699.14	746174	0	1	1	0	0xd43f5e018b415631
8	4	0	A	0	15	151709	2243.33	19548.6	70168.3	15809.5	21084.8	7727.75	3798.91	2532.85	8700.05	746388	0	1	1	0	0xd43f5e018b415631
8	4	0	A	0	16	151741	2349.63	19525.7	69744.3	15732.6	21125.6	7875.5	4113.22	2503.3	8676.84	746621	0	2	1	0	0xd43f5e018b415631
8	4	0	A	0	17	151731	2231.45	19602.5	70167.7	15877.7	21178	7440.7	3963.42	2509.76	8667.76	746793	0	1	1	0	0xd43f5e018b415631
8	4	0	A	0	18	150947	2228.54	19516	69595.2	15689.8	21217.3	7492.94	3903.13	2548.05	8665.55	746275	0	0	1	0	0xd43f5e018b415631
8	4	0	A	0	19	150281	2236.79	19515.4	69785	15706.6	20080.7	7652.12	4003.59	2500.84	8707.43	748852	0	1	1	0	0xd43f5e018b415631
8	4	0	A	0	20	150932	2165.95	19474.5	69863	15833.1	20791.4	7444.11	4073.22	2500.26	8687.09	739473	0	2	1	0	0xd43f5e018b415631
8	4	0	A	0	21	153829	2160.03	19429	72646.9	15899.9	20674.3	7590.62	3967.3	2680.94	8687.3	761580	0	0	1	0	0xd43f5e018b415631
8	4	0	A	0	22	150195	2239.04	19455.3	70155	15732.1	19996.7	7573.65	3850.54	2546.93	8514.79	749452	0	3	1	0	0xd43f5e018b415631
8	4	0	A	0	23	151103	2181.62	19514.4	70130.3	15689.1	20951.6	7577.23	3778.2	2505.13	8678.8	740746	0	4	1	0	0xd43f5e018b415631
8	4	0	A	0	24	151475	2212.91	19532.6	69873.8	16042.2	20945	7508.61	4011.43	2567.6	8684.42	743811	0	3	1	0	0xd43f5e018b415631
8	4	0	A	0	25	151407	2237.37	19730.5	69778.7	15723.3	21155	7544.28	3865.79	2543.39	8735.47	745097	0	1	1	0	0xd43f5e018b415631
8	4	0	A	0	26	151426	2230.04	19581.5	69797	15676.6	21261.3	7579.48	3980.3	2515.18	8712.39	746611	0	1	1	0	0xd43f5e018b415631
8	4	0	A	0	27	149914	2216.45	19504.5	69749.5	15806.9	19912.4	7408.98	3921	2588.05	8711.8	746044	0	1	1	0	0xd43f5e018b415631
8	4	0	A	0	28	150605	2169.49	19535.4	69747	15650.4	20776.9	7538.24	3891.87	2506.97	8692.92	738200	0	1	1	0	0xd43f5e018b415631
8	4	0	A	0	29	151348	2200.58	19446.5	70091.3	15752.7	21010.3	7466.65	3937.96	2543.39	8801.35	743570	0	3	1	0	0xd43f5e018b415631
8	4	0	A	0	30	151300	2241.12	19644.4	69548.7	15811.4	21211.2	7548.95	3910.59	2557.59	8736.22	745297	0	1	1	0	0xd43f5e018b415631
8	4	0	A	0	31	149649	2335.25	19442.4	69555.3	15664.9	19942.3	7426.9	3963.13	2506.85	8715.26	745561	0	1	1	0	0xd43f5e018b415631
8	4	0	A	0	32	151092	2153.57	19633.2	69752.4	15653	21144.1	7466.11	3955.42	2503.35	8737.8	755602	0	1	1	0	0xd43f5e018b415631
8	4	0	A	0	33	151232	2162.24	19495.6	69851.8	15924.2	20880	7705.5	3880.12	2559.89	8679.09	742326	0	1	1	0	0xd43f5e018b415631
8	4	0	A	0	34	152565	2221.49	19701.2	69807.1	16513.9	21622.9	7478.07	3936.92	2605.76	8581.38	761788	0	0	1	0	0xd43f5e018b415631
8	4	0	A	0	35	151267	2189.2	19507.7	69657	15842.7	20874.9	7830.21	3995.63	2552.05	8722.88	741310	0	2	1	0	0xd43f5e018b415631
8	4	0	A	0	36	151249	2181.45	19437.1	69822	15728	21067.2	7603.7	4052.1	2530.84	8694.05	743283	0	2	1	0	0xd43f5e018b415631
8	4	0	A	0	37	151198	2233.08	19393.4	69737.2	15748.6	21217.6	7617.99	3946.88	2507.18	8701.63	745376	0	0	1	0	0xd43f5e018b415631
8	4	0	A	0	38	152390	2239.91	19519.6	70619.6	15711.9	21090.8	8056.89	3858.08	2498.76	8696.88	748420	0	6	1	0	0xd43f5e018b415631
8	4	0	A	0	39	151326	2244.49	19511.7	69982.8	15718.6	21236.6	7496.65	3790.87	2548.39	8701.42	745195	1	1	1	0	0xd43f5e018b415631
8	4	0	A	0	40	151589	2228.37	19675.6	70042.9	15731.3	21279.5	7461.11	3856.92	2501.43	8717.68	747385	0	1	1	0	0xd43f5e018b415631
8	4	0	A	0	41	150860	2240.12	19538	70042.3	15711	20556.9	7393.07	4021.63	2543.05	8718.51	747037	0	0	1	0	0xd43f5e018b415631
8	4	0	A	0	42	150173	2252.95	19557	69766	15722.6	20448.2	7351.73	3813.25	2514.51	8627.3	749870	0	2	1	0	0xd43f5e018b415631
8	4	0	A	0	43	151175	2178.82	19515.2	70003.6	15703.5	20834.4	7587.03	3978.42	2541.72	8738.93	741346	0	1	1	0	0xd43f5e018b415631
8	4	0	A	0	44	151296	2197.58	19470.3	69685.2	15827.4	21115.4	7536.99	4151.72	2540.22	8675.05	743865	0	1	1	0	0xd43f5e018b415631
8	4	0	A	0	45	151542	2247.62	19553	70124.3	15725.4	21142.8	7484.86	3887.96	2580.02	8701.01	746000	0	2	1	0	0xd43f5e018b415631
8	4	0	A	0	46	151487	2250.25	19444	70154.4	15714.2	21199.8	7527.15	3895.46	2507.84	8698.76	746920	0	1	1	0	0xd43f5e018b415631
8	4	0	A	0	47	153327	2242.41	19402.5	72421.9	16163.7	20140.2	7767.92	3934.55	2504.3	8657.17	765836	0	2	1	0	0xd43f5e018b415631
8	4	0	A	0	48	151911	3724.91	19505	70001.1	15677.7	20283.5	7565.24	3910.42	2548.18	8599.67	758200	0	3	1	0	0xd43f5e018b415631
8	4	0	A	0	49	151108	2161.2	19707.4	70047.3	15679.6	20828	7315.6	4077.51	2515.18	8678.09	740952	0	0	1	0	0xd43f5e018b415631
8	4	0	A	0	50	151397	2309.46	19542.5	70126.1	15710.3	20988.5	7517.49	3876.88	2535.35	8695.3	743756	0	2	1	0	0xd43f5e018b415631
8	4	0	A	0	51	151698	2239.95	19569.3	70060.3	15809.6	21316	7329.68	4040.26	2553.14	8683.8	745546	0	2	1	0	0xd43f5e018b415631
8	4	0	A	0	52	151800	2229.99	19507	70081.2	15790.4	21138.9	7614.91	3978.51	2527.35	8837.68	746067	0	1	1	0	0xd43f5e018b415631
8	4	0	A	0	53	151309	2228.08	19540.8	69590.4	15725.4	21273.2	7588.49	3975.76	2508.22	8785.89	745598	0	0	1	0	0xd43f5e018b415631
8	4	0	A	0	54	151557	2229.83	19529.1	70048.2	15733.6	21230.3	7581.49	3841	2517.59	8750.84	747169	0	1	1	0	0xd43f5e018b415631
8	4	0	A	0	55	150984	2232.41	19577.5	69986	15901.3	20612.6	7393.11	3951.38	2540.05	8690.97	747406	1	2	1	0	0xd43f5e018b415631
8	4	0	A	0	56	150265	2224.41	19542.9	69757.7	15802.9	20255	7405.89	4068.47	2503.63	8605.67	749951	0	2	1	0	0xd43f5e018b415631
8	4	0	A	0	57	150991	2172.24	19708.2	70137.7	15654.8	20711.3	7438.73	3774.2	2612.97	8689.42	740713	0	1	1	0	0xd43f5e018b415631
8	4	0	A	0	58	151395	2248.95	19483.7	69772.8	15734	21099.6	7753.08	3856.71	2654.6	8690.34	744273	0	1	1	0	0xd43f5e018b415631
8	4	0	A	0	59	151659	2225.91	19586.9	70071.8	15716	21174.3	7616.74	3964	2514.63	8693.92	745983	0	1	1	0	0xd43f5e018b415631
8	4	0	A	0	60	151353	2230.83	19673	70002.1	15637.8	21249.5	7411.56	3811.91	2495.76	8747.22	746059	1	1	1	0	0xd43f5e018b415631
8	4	0	A	0	61	152684	3327.84	19464.1	70503.3	15679.3	20796.1	7634.25	3957.75	2505.34	8715.34	749084	0	1	1	0	0xd43f5e018b415631
8	4	0	A	0	62	151163	2220.91	19488.8	69736.2	15863.8	21168.5	7473.86	3815.62	2579.26	8721.84	743913	0	1	1	0	0xd43f5e018b415631
8	4	0	A	0	63	151634	2247.12	19519.7	70282.2	15857.5	21149.1	7406.6	3871.38	2512.09	8694.3	746741	1	1	1	0	0xd43f5e018b415631
8	4	0	A	0	64	151520	2224.29	19517.1	70184.5	15666	21255.1	7473.39	3884.67	2508.18	8712.63	746984	0	2	1	0	0xd43f5e018b415631
8	4	0	A	0	65	150945	2253.45	19593.5	69841.4	15898.6	20632.1	7367.48	3958.21	2551.55	8736.59	747744	0	0	1	0	0xd43f5e018b415631
8	4	0	A	0	66	150395	2251.83	19541.7	70160.9	15668.9	20087.9	7646.57	3914.92	2555.09	8471.7	750492	0	1	1	0	0xd43f5e018b415631
8	4	0	A	0	67	151451	3621.99	19550.8	69821.4	15663.1	20279.5	7415.07	3818.2	2498.09	8685.09	756751	0	0	1	0	0xd43f5e018b415631
8	4	0	A	0	68	151040	2173.32	19516.5	69942.7	15742.3	20910.2	7425.03	4011.42	2528.18	8696.76	741586	0	2	1	0	0xd43f5e018b415631
8	4	0	A	0	69	151376	2224.41	19434.8	69932.8	15698.6	21103.3	7687.87	3949.75	2502.34	8715.88	744975	0	0	1	0	0xd43f5e018b415631
8	4	0	A	0	70	151784	2246.2	19593.8	70183.4	15973.1	21203.5	7379.6	3904.08	2492.13	8713.92	746725	2	2	1	0	0xd43f5e018b415631
8	4	0	A	0	71	151429	2225.95	19517.5	70001.7	15804.8	21223.8	7433.1	3935.34	2507.17	8686.3	746382	0	3	1	0	0xd43f5e018b415631
8	4	0	A	0	72	151189	2227.7	19656.6	69755.1	15879.9	20571.2	7856.5	3894.87	2553.55	8702.67	747635	0	1	1	0	0xd43f5e018b415631
8	4	0	A	0	73	150471	2227.12	19524.5	69883	15942.4	20032.8	7487.31	4042.88	2549.71	8686.46	749184	0	2	1	0	0xd43f5e018b415631
8	4	0	A	0	74	154343	2163.37	22470.9	69847.8	15841.3	21175.3	7571.61	3884.59	2548.8	8745.59	758316	0	2	1	0	0xd43f5e018b415631
8	4	0	A	0	75	151006	2256.91	19469.2	69637.9	15725.3	21249.6	7498.57	3873.58	2509.51	8691.34	744678	0	1	1	0	0xd43f5e018b415631
8	4	0	A	0	76	150953	2252.12	19500.8	70184.1	15664.9	20619.7	7435.31	3954.54	2570.35	8677.63	747650	0	2	1	0	0xd43f5e018b415631
8	4	0	A	0	77	150317	2225.91	19540.5	69975.5	15693.1	20284.6	7492.9	3885.33	2553.39	8570.21	750251	0	3	1	0	0xd43f5e018b415631
8	4	0	A	0	78	151089	2175.2	19497.5	70127.5	15774	20785.1	7546.28	3853.54	2496.34	8741.47	740987	0	0	1	0	0xd43f5e018b415631
8	4	0	A	0	79	151679	2216.16	19630.6	69867.3	15780.1	21312.5	7459.4	4037.68	2547.55	8730.47	744186	1	1	1	0	0xd43f5e018b415631
8	4	0	A	0	80	150687	2220.12	19501.8	69365.1	15711.2	21344.6	7332.47	3830.54	2594.8	8689.92	743632	0	1	1	0	0xd43f5e018b415631
8	4	0	A	0	81	150069	2239.24	19438.3	69947.4	15670.7	19940.7	7423.19	4057.97	2577.97	8679.5	746830	0	2	1	0	0xd43f5e018b415631
8	4	0	A	0	82	150558	2163.11	19502.7	69806.9	15764.6	20762	7370.89	3872.41	2501.92	8718.8	738294	0	1	1	0	0xd43f5e018b415631
8	4	0	A	0	83	151263	2206.03	19469.9	69935.4	15729.1	21074.5	7445.02	4040.76	2563.43	8703.3	743705	1	1	1	0	0xd43f5e018b415631
8	4	0	A	0	84	151909	2498.63	19586.3	69783.8	15797.7	21088.6	7647.28	4152.89	2550.51	8711.88	746432	0	1	1	0	0xd43f5e018b415631
8	4	0	A	0	85	151250	2243.91	19613.5	69888.9	15653	21196.8	7445.6	3876.67	2537.56	8701.05	745206	0	1	1	0	0xd43f5e018b415631
8	4	0	A	0	86	151462	2224.91	19583.6	69959.9	15666.4	21424.7	7308.97	3945.42	2536.3	8718.46	747475	0	1	1	0	0xd43f5e018b415631
8	4	0	A	0	87	153542	2234.41	19522.3	72790.5	15662.6	20258.4	7719.08	4100.72	2497.71	8661.38	766938	0	0	1	0	0xd43f5e018b415631
8	4	0	A	0	88	151079	2149.53	19493.2	69780.6	15882.1	20862.4	7495.48	4059.84	2537.47	8721.3	741289	0	2	1	0	0xd43f5e018b415631
8	4	0	A	0	89	151475	2220.83	19592.4	69961.4	15820.7	21064.7	7518.57	3902.75	2547.14	8753.84	744473	0	1	1	0	0xd43f5e018b415631
8	4	0	A	0	90	151402	2232.37	19650.3	69902.5	15733.2	21159.4	7578.19	3839.2	2534.76	8680.63	745691	0	1	1	0	0xd43f5e018b415631
8	4	0	A	0	91	151829	2498.38	19577.5	69994.8	15743.6	21171.7	7662.24	3881.58	2498.84	8704.05	747336	0	2	1	0	0xd43f5e018b415631
8	4	0	A	0	92	151255	2224.41	19578.8	69725.7	15838.8	21234.6	7423.81	3873.25	2547.76	8713.8	746801	0	1	1	0	0xd43f5e018b415631
8	4	0	A	0	93	150146	2227.87	19486.3	69999.6	15660.7	20010	7511.32	3919.88	2550.47	8683	747863	0	0	1	0	0xd43f5e018b415631
8	4	0	A	0	94	152665	3696.78	19609.1	69937.3	15771.8	20604.8	7575.78	4111.26	2556.89	8704.92	756521	0	0	1	0	0xd43f5e018b415631
8	4	0	A	0	95	150289	2250.54	19540.6	69713.7	15724.5	20334.6	7426.15	4030.76	2543.47	8627.13	750349	2	2	1	0	0xd43f5e018b415631
8	4	0	A	0	96	150929	2157.03	19520.4	69629.5	15828.7	20953.5	7645.23	3831.54	2558.22	8710.63	741159	0	1	1	0	0xd43f5e018b415631
8	4	0	A	0	97	151258	2226.78	19478.2	69591.7	15711.8	21191.5	7617.41	4069.92	2582.43	8692.63	744744	0	1	1	0	0xd43f5e018b415631
8	4	0	A	0	98	149814	2255.41	19570.8	69746.7	15688.4	19869.2	7491.44	3845.79	2545.09	8703.17	745456	0	1	1	0	0xd43f5e018b415631
8	4	0	A	0	99	151176	2188.16	19429	70573.9	15867.7	20564.6	7522.56	3843.37	2498.55	8590.96	754498	0	3	1	0	0xd43f5e018b415631
9	4	1	B	0	0	152473	2229.2	19537.2	69728.9	15832	20737.3	9218.24	3818.79	2547.93	8729.67	759220	0	2	1	0	0xd43f5e018b415631
9	4	1	B	0	1	153218	2235.95	19686.8	70502.4	15704.2	20841.7	8857.1	4018.84	2541.05	8736.59	756081	1	3	1	0	0xd43f5e018b415631
9	4	1	B	0	2	152301	2351.88	19535.8	69668.3	15816.3	20605.1	9130.24	3817.37	2562.14	8716.13	749768	0	1	1	0	0xd43f5e018b415631
9	4	1	B	0	3	153157	2290.87	19631	70309.8	15817.5	20892	9017.9	3787.45	2547.97	8766.17	764554	0	0	1	0	0xd43f5e018b415631
9	4	1	B	0	4	152640	2216.49	19504.7	70196.2	15731.2	20663.5	8874.39	4070.51	2549.18	8735.96	758418	0	1	1	0	0xd43f5e018b415631
9	4	1	B	0	5	151929	2226.2	19646.5	69794.9	15661.8	20271.7	9018.19	3945.38	2508.93	8764.51	754228	0	1	1	0	0xd43f5e018b415631
9	4	1	B	0	6	151766	2219.33	19675.7	69683.6	15679.9	20209.5	8922.48	4043.72	2498.3	8738.42	753481	0	1	1	0	0xd43f5e018b415631
9	4	1	B	0	7	152930	2225.7	19606.6	69938.9	15831.7	20812.1	9041.73	4062.22	2580.35	8736.17	754766	0	1	1	0	0xd43f5e018b415631
9	4	1	B	0	8	152751	2269.04	19563.1	69830.8	15782.8	20753.1	9186.36	3952.29	2551.72	8763.42	749820	1	2	1	0	0xd43f5e018b415631
9	4	1	B	0	9	152651	2284.37	19676.8	69788.3	15810.2	20877.9	9239.24	3769.33	2552.47	8558.37	761861	0	2	1	0	0xd43f5e018b415631
9	4	1	B	0	10	152409	2219.08	19466.7	69864.1	15761.9	20813.4	8818.47	4083.05	2536.17	8747.09	758242	0	1	1	0	0xd43f5e018b415631
9	4	1	B	0	11	155646	2237.29	19475	73262.3	15649.8	20685.2	9094.11	3874	2548.26	8723.59	774827	0	3	1	0	0xd43f5e018b415631
9	4	1	B	0	12	152473	2224.7	19542.1	70098.8	15941.1	20256.7	9178.2	3882.29	2507.63	8745.05	756411	0	0	1	0	0xd43f5e018b415631
9	4	1	B	0	13	152744	2233.08	19523.6	70267.5	15680.6	20795.8	8873.47	3886.25	2616.56	8774.26	753654	0	3	1	0	0xd43f5e018b415631
9	4	1	B	0	14	152404	2299.16	19618.6	69960.8	15722	20609.8	8956.44	3836.66	2535.43	8773.55	748997	0	2	1	0	0xd43f5e018b415631
9	4	1	B	0	15	152390	2281	19513.7	69251.9	15840.2	21158.1	8974.64	3806.33	2551.76	8916.89	746699	0	1	1	0	0xd43f5e018b415631
9	4	1	B	0	16	152354	2222.28	19622.3	69970.3	15735.4	20804.4	9034.65	3800.57	2532.05	8539.16	759983	0	0	1	0	0xd43f5e018b415631
9	4	1	B	0	17	152397	2220.83	19599.5	70066.4	15646.9	20591.8	9075.61	3897.5	2484.22	8717.67	757610	1	1	1	0	0xd43f5e018b415631
9	4	1	B	0	18	151968	2207.91	19492.9	69883.1	15849.3	20336	9039.31	3828.95	2515.63	8720.09	754602	1	2	1	0	0xd43f5e018b415631
9	4	1	B	0	19	153281	2231.28	19595.9	70082.5	15927	20878.8	9042.69	4065.8	2540.3	8821.22	755222	0	2	1	0	0xd43f5e018b415631
9	4	1	B	0	20	152089	2302.37	19664.1	69884.7	15760.1	20539.7	8801.72	3777.45	2540.26	8723.88	748077	0	1	1	0	0xd43f5e018b415631
9	4	1	B	0	21	153099	2297.21	19967.1	70037.8	15796.5	20896.8	9165.7	3777.79	2553.8	8513.87	763711	0	3	1	0	0xd43f5e018b415631
9	4	1	B	0	22	152379	2230.37	19582.8	69900.2	15816.8	20667.8	8980.89	3876.96	2496.8	8732.25	757853	0	2	1	0	0xd43f5e018b415631
9	4	1	B	0	23	152294	2226.33	19577.8	70294.3	15700.2	20153.7	8973.6	3971	2543.3	8759.46	755329	0	2	1	0	0xd43f5e018b415631
9	4	1	B	0	24	154984	2212.78	21319.3	69927.5	15809.7	20851.6	9220.53	3966.13	2822.28	8757.84	772037	0	2	1	0	0xd43f5e018b415631
9	4	1	B	0	25	151813	2209.24	19596.8	69519.1	15616.2	20582.2	9042.47	3856.83	2507.51	8785.38	756111	0	0	1	0	0xd43f5e018b415631
9	4	1	B	0	26	152355	2217.28	19633.8	69934.7	15777.3	20311.2	9019.6	4119.38	2502.93	8742.25	756301	0	2	1	0	0xd43f5e018b415631
9	4	1	B	0	27	152165	2217.2	19569.1	69758.5	15823.9	20096.4	9199.28	4145.55	2532.05	8727.09	753360	0	3	1	0	0xd43f5e018b415631
9	4	1	B	0	28	153170	2293.54	19600.7	70001.8	15622.7	20731.1	9445.83	3958.92	2542.22	8883.22	752984	0	1	1	0	0xd43f5e018b415631
9	4	1	B	0	29	152629	2262.12	19486.9	70050.6	15748.5	20961.8	8849.01	3924.58	2508.34	8741.46	762799	1	0	1	0	0xd43f5e018b415631
9	4	1	B	0	30	152018	2219.66	19531.8	69406.1	15678.1	20801.3	9175.82	3981.84	2535.38	8592.75	758891	0	0	1	0	0xd43f5e018b415631
9	4	1	B	0	31	151863	2231.41	19501.7	69748	15607	20795.9	9060.27	3774.28	2521.47	8522.91	757512	0	4	1	0	0xd43f5e018b415631
9	4	1	B	0	32	152450	2226.33	19427.4	69819.2	15896.4	20617.9	9067.06	4034.84	2533.64	8733.67	757823	0	2	1	0	0xd43f5e018b415631
9	4	1	B	0	33	151963	2248.08	19451.9	69777	15678.2	20358.7	8973.39	4002.42	2504.26	8833.51	754593	0	2	1	0	0xd43f5e018b415631
9	4	1	B	0	34	151745	2220.87	19429.4	69600.3	15801	20376.6	8945.27	3975.55	2552.3	8749.42	753709	0	1	1	0	0xd43f5e018b415631
9	4	1	B	0	35	151899	2231.41	19408.2	70027.1	15803.6	20323	8907.68	3825.45	2537.67	8742.59	753949	0	1	1	0	0xd43f5e018b415631
9	4	1	B	0	36	151751	2220.53	19620.2	69791.9	15650.8	20242.3	8909.84	3905.16	2595.39	8717.59	753351	0	2	1	0	0xd43f5e018b415631
9	4	1	B	0	37	155558	2216.41	19644.2	72933.2	15686.1	20245.4	9109.19	4339.81	2562.05	8723.67	773189	0	3	1	0	0xd43f5e018b415631
9	4	1	B	0	38	153444	3100.83	19598.2	69773.9	15754.9	20875.7	8937.59	3981.92	2560.22	8767.46	755899	0	2	1	0	0xd43f5e018b415631
9	4	1	B	0	39	152942	2289.7	19613.5	70030.2	15748.1	21028.3	8869.97	4027.38	2505.38	8737.96	748813	0	2	1	0	0xd43f5e018b415631
9	4	1	B	0	40	152151	2231.53	19549.7	69638.3	15812.2	20805.2	8929.97	4002.71	2547.09	8537.83	759266	0	0	1	0	0xd43f5e018b415631
9	4	1	B	0	41	152530	2220.37	19512.2	70320	15872.5	20419.6	8972.01	3888.83	2504.09	8725	757550	0	3	1	0	0xd43f5e018b415631
9	4	1	B	0	42	152259	2238.74	19701.5	69906.5	15754	20096	9153.36	3989.67	2569.43	8755.38	754487	0	1	1	0	0xd43f5e018b415631
9	4	1	B	0	43	152969	2294.37	19576.6	70267.1	15750.1	20806.9	9032.64	3859.16	2531.42	8758.67	753335	0	1	1	0	0xd43f5e018b415631
9	4	1	B	0	44	152753	2299.16	19688.4	69750	15866.7	21009.4	8909.84	3870.71	2510.3	8748.42	748306	0	2	1	0	0xd43f5e018b415631
9	4	1	B	0	45	152292	2216.57	19563.7	69959.4	15675.6	20821.6	9010.77	3896.29	2534.26	8517.49	759699	0	1	1	0	0xd43f5e018b415631
9	4	1	B	0	46	152205	2227.53	19508.3	69722.1	15710.4	20637.6	9274.12	3774.24	2536.55	8718.04	757512	0	1	1	0	0xd43f5e018b415631
9	4	1	B	0	47	152193	2221.66	19397.8	70122.6	15720	20357.7	8909.35	4124.26	2502.09	8741.71	755847	0	0	1	0	0xd43f5e018b415631
9	4	1	B	0	48	151901	2216.16	19652.8	70111.6	15739	20205.4	8815.88	3844.87	2498.84	8723.25	753897	0	1	1	0	0xd43f5e018b415631
9	4	1	B	0	49	151887	2250.49	19548.4	69933.7	15707.7	20168.7	9024.64	3923.29	2498.17	8735.13	753399	0	1	1	0	0xd43f5e018b415631
9	4	1	B	0	50	155275	2195.32	19712.2	72279.7	16311.6	20365.9	9152.11	3923.25	2516.47	8721.42	772326	0	2	1	0	0xd43f5e018b415631
9	4	1	B	0	51	152060	2223.28	19528.5	69934.5	15731.5	20367.8	9013.19	3941.46	2494.88	8731.34	755122	0	0	1	0	0xd43f5e018b415631
9	4	1	B	0	52	151836	2228.16	19529.9	69860.1	15668	20315.9	8980.47	3880.5	2503.76	8776.67	753701	0	2	1	0	0xd43f5e018b415631
9	4	1	B	0	53	151727	2225.08	19454.7	69670.1	15727.2	20334	8997.56	4006.79	2498.97	8717.5	753426	0	0	1	0	0xd43f5e018b415631
9	4	1	B	0	54	152077	2220.62	20059	69857	15735.5	19954.2	9002.02	3809.79	2534.51	8808.88	753131	0	3	1	0	0xd43f5e018b415631
9	4	1	B	0	55	151830	2288.87	19550.1	69583.2	15798.1	20113.7	9086.81	3954.37	2581.51	8778.13	752143	0	1	1	0	0xd43f5e018b415631
9	4	1	B	0	56	151601	2298.54	19575.5	69759.9	15704.3	19995.8	8974.22	3888.91	2550.89	8758.09	751783	0	0	1	0	0xd43f5e018b415631
9	4	1	B	0	57	153043	2297.37	19445.4	70301.8	15715.8	20746.4	9009.1	4072.26	2612.93	8742.54	753835	0	2	1	0	0xd43f5e018b415631
9	4	1	B	0	58	151979	2300.37	19562.7	69814.4	15763	20514.5	8884.34	3759.49	2539.8	8745.13	747804	0	0	1	0	0xd43f5e018b415631
9	4	1	B	0	59	152670	2280.54	19528.7	69873.7	15936.1	20995.2	8867.68	3852.74	2507.76	8732.09	747642	0	1	1	0	0xd43f5e018b415631
9	4	1	B	0	60	152043	2232.28	19573.3	69545.8	15684.5	20949.2	8871.26	3868.16	2558.55	8666.37	759259	0	0	1	0	0xd43f5e018b415631
9	4	1	B	0	61	152549	2218.41	19630.8	70219.1	15678.1	20636.3	8997.1	3850.25	2498.13	8728.88	758490	1	3	1	0	0xd43f5e018b415631
9	4	1	B	0	62	152050	2241.49	19437.6	70206	15763.8	20432	8793.34	3814.29	2519.13	8745.42	754958	0	3	1	0	0xd43f5e018b415631
9	4	1	B	0	63	153153	2227.91	19628.5	70127.5	15802.5	20833.2	9183.23	3900.87	2534.76	8818.13	755024	0	1	1	0	0xd43f5e018b415631
9	4	1	B	0	64	153250	2745.94	19664	69941.2	15664.8	20968.3	8968.89	3947.91	2506.51	8748.42	765592	0	1	1	0	0xd43f5e018b415631
9	4	1	B	0	65	152425	2232.78	19475.2	69844.2	15682	20727.7	9124.98	3991.04	2544.59	8710.75	758914	0	2	1	0	0xd43f5e018b415631
9	4	1	B	0	66	152435	2217.41	19550.4	69840.9	15679.9	20729.5	8983.69	4051.71	2526.67	8757.17	756352	0	2	1	0	0xd43f5e018b415631
9	4	1	B	0	67	152947	2304.16	19457.8	69745.4	15950.5	20790.2	9151.32	4147.55	2580.47	8724.29	753738	0	3	1	0	0xd43f5e018b415631
9	4	1	B	0	68	152134	2307.25	19626.5	69595.5	15816	20537.5	8908.35	3961.83	2549.47	8733.38	748471	0	1	1	0	0xd43f5e018b415631
9	4	1	B	0	69	152936	2300.37	19634.2	70114	15816.2	20970.1	8944.22	3817.37	2546.43	8699.54	763840	0	1	1	0	0xd43f5e018b415631
9	4	1	B	0	70	152306	2231.66	19573.9	69976.7	15680	20682	9002.14	3862.25	2541.09	8661.46	758438	0	2	1	0	0xd43f5e018b415631
9	4	1	B	0	71	152426	2226.24	19429.3	70245.5	15710.9	20403	8992.47	4049.8	2498.01	8774.96	756654	0	0	1	0	0xd43f5e018b415631
9	4	1	B	0	72	151874	2227.07	19571.4	69869.7	15818.5	20143	8916.3	3945.38	2533.76	8752.96	753313	0	2	1	0	0xd43f5e018b415631
9	4	1	B	0	73	151849	2211.91	19556.6	69518.6	15830.8	20190.4	9046.6	4054.42	2556.84	8785.59	752977	0	0	1	0	0xd43f5e018b415631
9	4	1	B	0	74	151628	2278.74	19504.8	69539	15741.2	20236.7	8896.68	3991.29	2580.39	8763.92	752386	0	2	1	0	0xd43f5e018b415631
9	4	1	B	0	75	151804	2234.24	19483.4	69908.6	15838	20091.8	8924.84	4013.09	2495.47	8721.46	753213	0	2	1	0	0xd43f5e018b415631
9	4	1	B	0	76	151767	2213.41	19587.9	69676.8	15761.8	20226.4	8913.39	3951.04	2497.38	8846.13	753151	0	1	1	0	0xd43f5e018b415631
9	4	1	B	0	77	155523	2236.62	19611.9	73162.7	15849.2	20368.9	8923.22	3981.34	2544.97	8751.21	772907	0	1	1	0	0xd43f5e018b415631
9	4	1	B	0	78	151997	2254.49	19488.4	69798.9	15692.9	20286.8	9078.06	4018.88	2504.84	8775.13	754435	0	1	1	0	0xd43f5e018b415631
9	4	1	B	0	79	151965	2223.66	19620.8	70064.8	15735.7	20086.2	8942.09	3920.33	2541.93	8737.88	753451	0	1	1	0	0xd43f5e018b415631
9	4	1	B	0	80	152965	2274.04	19534.2	70092.6	15777.4	20841.3	9097.48	3922.33	2591.1	8738.17	753579	0	2	1	0	0xd43f5e018b415631
9	4	1	B	0	81	152646	2257.28	19511.9	69932.4	15742.3	21075.8	8970.97	3818.7	2510.09	8731.08	748125	0	1	1	0	0xd43f5e018b415631
9	4	1	B	0	82	152762	2214.57	19667.1	70129.6	15739.8	20767.7	9042.98	3833.54	2545.09	8726.04	760836	0	0	1	0	0xd43f5e018b415631
9	4	1	B	0	83	151903	2228.78	19516.5	69867	15637.8	20582.2	8808.75	3938.79	2488.97	8736.71	755778	0	2	1	0	0xd43f5e018b415631
9	4	1	B	0	84	152210	2219.07	19768	69954.9	15672.8	20247.8	9095.6	3923.71	2494.72	8739.63	755633	0	0	1	0	0xd43f5e018b415631
9	4	1	B	0	85	152078	2215.24	19510.7	70039.6	15680	20144.8	9019.02	4082.38	2524.96	8766.55	753743	0	2	1	0	0xd43f5e018b415631
9	4	1	B	0	86	151642	2269.12	19492.2	69650.6	15845.6	20179.1	8920.72	3910.96	2546.64	8730.5	752110	1	0	1	0	0xd43f5e018b415631
9	4	1	B	0	87	151741	2297.16	19524.8	69526.2	15773.2	20209.7	9030.89	3996.13	2533.84	8756.04	752657	0	2	1	0	0xd43f5e018b415631
9	4	1	B	0	88	151636	2210.99	19456.1	69683.5	15791	20371.4	8852.38	3867.79	2534.93	8772.54	752716	0	2	1	0	0xd43f5e018b415631
9	4	1	B	0	89	151875	2222.87	19578.6	69781.1	15690.2	20181.1	8911.13	4075.3	2534.8	8806.59	753606	0	1	1	0	0xd43f5e018b415631
9	4	1	B	0	90	155006	2219.12	19757.9	70359.3	15804.8	22024.6	9013.77	4091.92	2892.44	8746.33	772173	0	2	1	0	0xd43f5e018b415631
9	4	1	B	0	91	151854	2223.07	19474.4	69833.6	15688.1	20664.5	8909.43	3769.33	2494.47	8702.37	756109	0	2	1	0	0xd43f5e018b415631
9	4	1	B	0	92	152012	2221.87	19633.4	69716.9	15706.1	20511	9026.23	3855.62	2525.51	8719.12	756138	0	0	1	0	0xd43f5e018b415631
9	4	1	B	0	93	152441	2219.12	19622.6	70163.1	16065.7	20197.1	8897.76	3918.25	2505.13	8754.96	755345	0	2	1	0	0xd43f5e018b415631
9	4	1	B	0	94	151585	2291.99	19584.2	69424.2	15734.7	20083.6	8853.88	4137.13	2624.64	8749.13	751616	0	1	1	0	0xd43f5e018b415631
9	4	1	B	0	95	151661	2283.12	19515.2	69580.8	15694	20169.4	9095.98	3924.5	2547.72	8755.08	752577	0	0	1	0	0xd43f5e018b415631
9	4	1	B	0	96	152461	2225.32	19644.7	69675.3	15689.8	20793.8	8984.06	4068.21	2550.3	8731.83	753712	0	3	1	0	0xd43f5e018b415631
9	4	1	B	0	97	152482	2292.04	19608.1	69954.7	15720.4	20631.7	8883.31	4006.09	2545.55	8740.04	751146	0	0	1	0	0xd43f5e018b415631
9	4	1	B	0	98	152895	2288.33	19739.9	69860.5	15774	21076	9070.93	3757.49	2494.42	8735.12	748616	0	2	1	0	0xd43f5e018b415631
9	4	1	B	0	99	152117	2227.41	19440.6	69798	15829.1	20827	8864.59	3863.33	2540.26	8628.95	759164	0	1	1	0	0xd43f5e018b415631
