block	cycle	position	arm	repeat	run	wall_us	input_us	core_us	dense_us	depthwise_us	attention_us	lut_us	concat_us	transform_us	head_us	process_cpu_us	voluntary_cs	involuntary_cs	affinity_ok	cpu4_7_ime_count	hash
0	0	0	A	0	0	151462	2253.41	19569.5	69892.7	15777	21003.8	7607.38	3994.78	2607.51	8666.02	746986	0	10	1	0	0xd43f5e018b415631
0	0	0	A	0	1	151608	2251.45	19550.4	70272.8	15751.5	20928.9	7528.38	4006.79	2534.84	8691.32	744043	0	7	1	0	0xd43f5e018b415631
0	0	0	A	0	2	151616	2266.53	19695.1	69821.2	15790.9	21059.8	7668.89	3957.99	2540.8	8723.77	743946	0	18	1	0	0xd43f5e018b415631
0	0	0	A	0	3	151805	2255.82	19561.1	70084.3	15930.6	21050.8	7571.13	4004.95	2563.17	8692.02	743874	0	8	1	0	0xd43f5e018b415631
0	0	0	A	0	4	152067	2385.45	19611.1	70343.6	15752.5	21021.2	7646.97	3955.2	2588.92	8670.56	745457	0	12	1	0	0xd43f5e018b415631
0	0	0	A	0	5	151619	2234.32	19505.5	69969.5	15974.2	21029.6	7750.18	3873.03	2530.42	8658.94	743635	0	9	1	0	0xd43f5e018b415631
0	0	0	A	0	6	151534	2249.16	19640	69792.2	15815.5	20955.6	7814.48	3983.87	2544.54	8650.1	744480	0	8	1	0	0xd43f5e018b415631
0	0	0	A	0	7	151463	2350.7	19624	69868.8	15722.7	21273.2	7466.54	3829.32	2543.8	8694.86	745216	0	11	1	0	0xd43f5e018b415631
0	0	0	A	0	8	153138	3379.38	19587.1	71571.9	15672.8	20445.2	7396.08	3966.99	2510.42	8515.43	764155	0	11	1	0	0xd43f5e018b415631
0	0	0	A	0	9	151399	2191.03	19535.3	69723.7	15747	21206.5	7591.8	4103.88	2539.34	8665.85	740870	0	11	1	0	0xd43f5e018b415631
0	0	0	A	0	10	151789	2511.92	19543	69841	15788.2	21088.3	7713.31	4049.08	2508.79	8654.98	742639	0	7	1	0	0xd43f5e018b415631
0	0	0	A	0	11	151068	2222.32	19609.4	69729.8	15796	20949.8	7561.88	3881.49	2542.79	8676.02	740201	0	12	1	0	0xd43f5e018b415631
0	0	0	A	0	12	151623	2295.16	19637.4	69927.2	15794	21105.7	7472.55	4076.45	2577.84	8646.06	745380	0	6	1	0	0xd43f5e018b415631
0	0	0	A	0	13	152320	2292.12	19560.3	70147	15906.3	21110.5	7568.17	3975.62	2542.71	9131.59	746384	0	17	1	0	0xd43f5e018b415631
0	0	0	A	0	14	151531	2213.28	19692.2	70046.1	15646.5	20902.6	7705.93	4017.33	2512.58	8703.02	743253	0	5	1	0	0xd43f5e018b415631
0	0	0	A	0	15	151466	2248.74	19552	69999.6	15818.7	21042.6	7576.8	3820.99	2580.97	8734.86	744381	0	6	1	0	0xd43f5e018b415631
0	0	0	A	0	16	151529	2350.83	19607.6	69630.9	15791.5	21398.6	7517.42	3897.11	2502.63	8741.57	745351	0	5	1	0	0xd43f5e018b415631
0	0	0	A	0	17	151822	2238.74	19600.2	70315.8	15767.1	21156.1	7466.37	3957.08	2532.46	8699.27	747067	0	3	1	0	0xd43f5e018b415631
0	0	0	A	0	18	151426	2475.83	19562.6	69535.5	15777.5	21195.3	7792.22	3830.48	2498.21	8665.94	746061	0	8	1	0	0xd43f5e018b415631
0	0	0	A	0	19	152747	2278.7	19657.3	71567.8	15733.5	20867.6	7519.13	3845.36	2531.17	8648.65	746639	0	8	1	0	0xd43f5e018b415631
0	0	0	A	0	20	151154	2258.24	19523.7	69666.7	15738.7	21083.1	7550.63	3930.2	2628.13	8687.1	743495	0	5	1	0	0xd43f5e018b415631
0	0	0	A	0	21	155318	2286.82	21406.5	72016.6	15720.2	21269.8	7431.96	3955.2	2495.04	8649.48	766192	0	4	1	0	0xd43f5e018b415631
0	0	0	A	0	22	151307	2254.82	19479.2	69867.6	15989.8	20706.4	7555.55	4122.92	2577.72	8661.4	747863	0	6	1	0	0xd43f5e018b415631
0	0	0	A	0	23	150564	2355.7	19523.7	70120.2	15898	19964	7478.04	3955.16	2535.26	8646.02	749207	0	3	1	0	0xd43f5e018b415631
0	0	0	A	0	24	151261	2452.08	19551.4	70862	15673.9	20281.9	7484.38	3889.24	2489.83	8484.34	754483	0	6	1	0	0xd43f5e018b415631
0	0	0	A	0	25	151022	2221.53	19661.3	70173.4	15654.8	20800	7380.37	3841.28	2489.13	8710.69	740583	0	1	1	0	0xd43f5e018b415631
0	0	0	A	0	26	151541	2268.91	19435.4	70263.3	15732	20961.3	7586.14	4010.41	2546.13	8649.69	744059	0	2	1	0	0xd43f5e018b415631
0	0	0	A	0	27	152925	2281.78	19495.7	70014.7	15905.1	22448.4	7487	3958.83	2541.38	8703.48	760214	0	7	1	0	0xd43f5e018b415631
0	0	0	A	0	28	150667	2210.57	19577.2	69669.4	15733.2	20827	7591	3825.19	2493.59	8650.02	739251	0	1	1	0	0xd43f5e018b415631
0	0	0	A	0	29	151431	2224.65	19524.4	70051.9	15798.6	20990.2	7620.01	3935.7	2549.25	8647.85	744084	0	3	1	0	0xd43f5e018b415631
0	0	0	A	0	30	151745	2288.66	19482.3	70374.1	15746.5	21174	7499.04	3908.16	2509.79	8671.85	745054	0	9	1	0	0xd43f5e018b415631
0	0	0	A	0	31	151410	2256.53	19480	69927.1	15888.4	21169.6	7487.79	3923.95	2530.21	8655.02	745704	0	3	1	0	0xd43f5e018b415631
0	0	0	A	0	32	150633	2293.37	19428.4	69893	15845.5	20553.9	7476.09	3862.53	2534.5	8656.48	746618	0	0	1	0	0xd43f5e018b415631
0	0	0	A	0	33	150828	2307.74	19572.8	70287.8	15841.2	20142.8	7437.58	3982.7	2539.84	8627.6	751188	1	1	1	0	0xd43f5e018b415631
0	0	0	A	0	34	154102	2180.49	19495.2	72768.5	15774.2	20865.2	7503.55	4242.42	2537.21	8649.35	758240	0	1	1	0	0xd43f5e018b415631
0	0	0	A	0	35	151408	2340.58	19524.2	69865	15803.3	21220	7432.63	3955.57	2492.04	8686.15	746286	0	1	1	0	0xd43f5e018b415631
0	0	0	A	0	36	150711	2266.74	19440.6	69883.2	15773.3	20630	7443.75	3944.03	2583.8	8653.6	745528	0	1	1	0	0xd43f5e018b415631
0	0	0	A	0	37	150355	2266.86	19546.4	69760	15668.9	20419.3	7632.26	3845.48	2570.71	8553.39	750345	2	5	1	0	0xd43f5e018b415631
0	0	0	A	0	38	151082	2224.53	19495.6	70106.4	15723.5	20860.1	7448.08	3894.03	2537.84	8701.44	741276	0	0	1	0	0xd43f5e018b415631
0	0	0	A	0	39	151453	2244.86	19531.4	70173.9	15765.5	20918.5	7586.76	3904.36	2545.42	8693.02	744259	0	3	1	0	0xd43f5e018b415631
0	0	0	A	0	40	151752	2374.66	19456.4	70270.7	15904.8	21068.4	7578.55	3835.28	2494.16	8678.52	746010	0	1	1	0	0xd43f5e018b415631
0	0	0	A	0	41	151412	2271.66	19460.6	69893.4	15834.4	21094.9	7505.17	4039.49	2540.67	8680.73	745221	1	2	1	0	0xd43f5e018b415631
0	0	0	A	0	42	151848	2368.54	19487.7	70198.2	15828.3	21111	7518.58	4053.04	2542.63	8651.31	747137	0	2	1	0	0xd43f5e018b415631
0	0	0	A	0	43	151272	2259.7	19515.9	69878.5	15659	21308.2	7551.92	3838.57	2499.13	8672.56	746319	0	0	1	0	0xd43f5e018b415631
0	0	0	A	0	44	152510	2367.83	20944.9	69858.1	15700.1	20989.1	7541.25	3821.9	2538.59	8656.85	747925	0	5	1	0	0xd43f5e018b415631
0	0	0	A	0	45	151344	2295.91	19431.4	70065.7	15777.9	21162.7	7327.95	3983.7	2552.71	8658.4	745417	0	1	1	0	0xd43f5e018b415631
0	0	0	A	0	46	151876	2301.87	19531.3	70700.7	15715.3	21144.7	7359.79	3861.9	2500.42	8671.19	747079	0	5	1	0	0xd43f5e018b415631
0	0	0	A	0	47	154760	2384.12	19583.4	70355.4	16079.6	22910.1	7896.31	3976.95	2833.06	8649.23	765848	0	5	1	0	0xd43f5e018b415631
0	0	0	A	0	48	150272	2300.16	19564.9	69698.1	15750.1	20149.9	7534.05	4164.84	2530.01	8492.93	749691	1	0	1	0	0xd43f5e018b415631
0	0	0	A	0	49	150743	2188.86	19404.7	69603.9	15711.3	20951.3	7582.76	3956.24	2545	8709.56	740141	0	1	1	0	0xd43f5e018b415631
0	0	0	A	0	50	151467	2241.95	19575.1	69564.7	15874.9	21120.8	7677.76	4057.66	2512.59	8750.36	744742	0	4	1	0	0xd43f5e018b415631
0	0	0	A	0	51	151508	2276.2	19679.9	70030.4	15733	21161.6	7480.21	3838.11	2566.84	8652.31	746242	0	1	1	0	0xd43f5e018b415631
0	0	0	A	0	52	153138	2282.28	19685.3	71618.9	15835.8	20852.1	7608.55	3969.28	2501.92	8686.02	763293	0	5	1	0	0xd43f5e018b415631
0	0	0	A	0	53	151110	2183.19	19666.4	70113.4	15674.1	20877	7448.67	3863.49	2527.38	8666.6	741415	0	1	1	0	0xd43f5e018b415631
0	0	0	A	0	54	151351	2254.7	19465	69781.3	15844.2	21028.6	7589.14	4083.46	2533.75	8680.44	743882	0	2	1	0	0xd43f5e018b415631
0	0	0	A	0	55	151754	2271.45	19703.2	69833.5	15837.9	21039	7652.26	4151.25	2544.25	8633.89	745774	0	3	1	0	0xd43f5e018b415631
0	0	0	A	0	56	151654	2552.84	19479	69945.5	15736.5	21115.7	7571.29	3932.99	2570.92	8659.73	745870	0	3	1	0	0xd43f5e018b415631
0	0	0	A	0	57	151392	2252.41	19603.6	69698	15684.2	21429.9	7406.08	4025.62	2510.42	8664.19	746191	0	2	1	0	0xd43f5e018b415631
0	0	0	A	0	58	150824	2274.45	19489.5	69962.2	15819.9	20598.8	7405.84	3929.24	2566.17	8684.19	747351	0	0	1	0	0xd43f5e018b415631
0	0	0	A	0	59	150875	3063.49	19540.4	69889.4	15689.5	19989.1	7313.04	4032.58	2529.42	8740.77	751082	0	2	1	0	0xd43f5e018b415631
0	0	0	A	0	60	150922	2216.32	19419.4	69931.6	15832.3	20859.2	7642.39	3786.15	2500.84	8642.31	738777	0	1	1	0	0xd43f5e018b415631
0	0	0	A	0	61	154968	2184.11	19532.8	73032.4	15851.8	21039.1	8011.61	3911.87	2621.55	8693.85	761924	0	2	1	0	0xd43f5e018b415631
0	0	0	A	0	62	151368	2291.86	19558.4	69880.1	15812.2	21218.8	7422.54	3923.91	2500.21	8670.06	745644	0	1	1	0	0xd43f5e018b415631
0	0	0	A	0	63	151792	2320.24	19587.7	69884.2	15995.8	21276.6	7619.26	3832.19	2528.05	8658.06	747541	0	4	1	0	0xd43f5e018b415631
0	0	0	A	0	64	151697	2365.29	19533.8	69945.9	15714.5	21212.1	7556.8	4113.12	2498.58	8667.52	747453	0	2	1	0	0xd43f5e018b415631
0	0	0	A	0	65	151725	2392.24	19545.1	70110.4	15635.6	21329.2	7517.29	3962.45	2495.08	8650.85	747692	0	2	1	0	0xd43f5e018b415631
0	0	0	A	0	66	151773	2342.49	19620.4	70043.9	15841.5	21237.5	7550.17	3867.11	2506.54	8675.4	748054	0	2	1	0	0xd43f5e018b415631
0	0	0	A	0	67	151822	2254.45	19548.1	69946	15704.7	21185.6	7991.23	3941.12	2506.75	8655.77	747810	0	1	1	0	0xd43f5e018b415631
0	0	0	A	0	68	151939	2422.58	19513.6	69864.8	15944.3	21530	7477.21	3900.65	2496.54	8700.15	747447	0	4	1	0	0xd43f5e018b415631
0	0	0	A	0	69	151444	2275.82	19666.6	69929	15657	21148.4	7388.46	4122.5	2519.88	8650.93	746662	0	1	1	0	0xd43f5e018b415631
0	0	0	A	0	70	150928	2290.61	19571.7	70033.4	15692	20632.9	7542.47	3816.15	2540.5	8716.56	747394	0	2	1	0	0xd43f5e018b415631
0	0	0	A	0	71	150237	2247.82	19390.5	69920.4	15714.2	20266.4	7449.04	4084.71	2492.17	8581.81	750205	0	1	1	0	0xd43f5e018b415631
0	0	0	A	0	72	151018	2236.45	19458.1	70019.1	15728.7	20876.8	7511.54	3902.53	2499.92	8691.94	741015	0	2	1	0	0xd43f5e018b415631
0	0	0	A	0	73	151598	2317.2	19515.6	69935.4	15792.3	21069.5	7707.76	3900.12	2544.88	8727.56	744535	0	2	1	0	0xd43f5e018b415631
0	0	0	A	0	74	152646	2272.32	21875.2	69921.3	15661	20254	7557.21	3879.86	2534.71	8601.93	762361	2	1	1	0	0xd43f5e018b415631
0	0	0	A	0	75	150970	2232.82	19459	69897.3	15728.5	20898	7576.09	3826.81	2602.63	8659.68	741197	0	1	1	0	0xd43f5e018b415631
0	0	0	A	0	76	151437	2260.78	19550.4	70083.7	15718.7	21091.5	7559.84	3831.19	2533.25	8719.73	745009	0	0	1	0	0xd43f5e018b415631
0	0	0	A	0	77	151832	2245.36	19614.4	70239.6	15749.5	21063.8	7653.81	3977.07	2551.29	8647.52	746430	0	4	1	0	0xd43f5e018b415631
0	0	0	A	0	78	151452	2254.61	19591.9	69895.9	15670	21205.7	7531.72	4067.96	2494.88	8653.18	746062	0	1	1	0	0xd43f5e018b415631
0	0	0	A	0	79	151051	2259.99	19508	70225	15736.4	20580.4	7604.55	3871.86	2532.42	8641.73	747014	0	1	1	0	0xd43f5e018b415631
0	0	0	A	0	80	151430	2301.49	19605.9	69820.1	15960.9	20902.3	7725.64	3796.02	2575.29	8651.56	750159	0	2	1	0	0xd43f5e018b415631
0	0	0	A	0	81	152045	2273.16	19508.4	70962.4	15750.7	20880.9	7496.88	3907.2	2538.84	8634.06	751342	0	10	1	0	0xd43f5e018b415631
0	0	0	A	0	82	150464	2314.53	19568.1	70192.6	15754.5	19987.5	7498.17	3902.07	2538.96	8618.52	749206	0	2	1	0	0xd43f5e018b415631
0	0	0	A	0	83	151131	2253.32	19570.3	70396	15672	20571.1	7369.29	4017.66	2483.21	8703.06	755123	0	2	1	0	0xd43f5e018b415631
0	0	0	A	0	84	151096	2182.03	19485.4	70048.9	15720.9	20888.7	7668.85	3859.7	2521.04	8638.02	741682	1	0	1	0	0xd43f5e018b415631
0	0	0	A	0	85	151533	2244.36	19571.3	70059.1	15738	21023.5	7598.13	3925.03	2585.21	8696.73	744491	0	2	1	0	0xd43f5e018b415631
0	0	0	A	0	86	151810	2291.53	19646.7	70273.7	15769.2	21042.8	7431.91	4008.28	2549.84	8706.27	745936	0	3	1	0	0xd43f5e018b415631
0	0	0	A	0	87	154572	2300.07	19512.9	72417.6	16440.8	21206.5	7594.63	3804.4	2559.42	8644.18	764561	1	1	1	0	0xd43f5e018b415631
0	0	0	A	0	88	150088	2264.7	19550.1	69942	15658	20099	7503.63	3986.2	2508.83	8488.05	748988	0	1	1	0	0xd43f5e018b415631
0	0	0	A	0	89	150703	2210.03	19555.4	69505	15763.3	20961.4	7560.17	3805.4	2535.88	8721.9	741407	0	10	1	0	0xd43f5e018b415631
0	0	0	A	0	90	151412	2247.41	19722.3	69801.3	15729.3	21092.5	7560.01	3966.74	2555.05	8646.93	744854	0	7	1	0	0xd43f5e018b415631
0	0	0	A	0	91	151875	2369.91	19653.4	69908.9	15796.5	21101.7	7607.76	4155.33	2546.17	8645.56	747208	0	1	1	0	0xd43f5e018b415631
0	0	0	A	0	92	151622	2318.16	19411.5	70265.1	15795.4	21106.1	7437.83	4047.08	2491	8657.06	746451	1	2	1	0	0xd43f5e018b415631
0	0	0	A	0	93	151581	2278.45	19516.7	70040	15752.5	21204.4	7514.66	4043.49	2496.21	8649.39	747179	0	1	1	0	0xd43f5e018b415631
0	0	0	A	0	94	151545	2243.65	19689	70038.5	15881.5	21194.7	7456.12	3795.94	2504.33	8651.93	747413	0	2	1	0	0xd43f5e018b415631
0	0	0	A	0	95	151049	2272.57	19537.4	70231	15770.6	20593.9	7522.46	3830.52	2525.3	8674.31	747881	0	2	1	0	0xd43f5e018b415631
0	0	0	A	0	96	150370	2286.91	19509.4	69722.6	15665	20671.9	7464.54	3903.4	2554.3	8502.55	750072	1	2	1	0	0xd43f5e018b415631
0	0	0	A	0	97	150790	2183.36	19544.6	69880.3	15684.4	20866.1	7502.42	3871.4	2507.38	8662.68	740096	0	2	1	0	0xd43f5e018b415631
0	0	0	A	0	98	151262	2258.41	19491	70021.5	15752.7	21169	7396.74	3811.86	2601.5	8672.31	744396	0	3	1	0	0xd43f5e018b415631
0	0	0	A	0	99	151569	2297.82	19627	70132.6	15768.3	21171.9	7583.17	3766.48	2490.04	8642.27	746855	0	2	1	0	0xd43f5e018b415631
1	0	1	B	0	0	151260	2278.95	19446.3	69611.7	15887.1	21357.9	7420.79	3947.16	2563.5	8656.1	741938	0	7	1	0	0xd43f5e018b415631
1	0	1	B	0	1	151282	2299.86	19540.6	69960.6	15687	21003.5	7581.67	3845.98	2531.84	8741.69	744030	0	0	1	0	0xd43f5e018b415631
1	0	1	B	0	2	151450	2356.91	19658.8	69833	15748.8	21210.2	7535.67	3805.48	2499.04	8711.02	746074	0	3	1	0	0xd43f5e018b415631
1	0	1	B	0	3	149840	2321.28	19426.6	69660.7	15762.2	19917.7	7494.5	3927.57	2574.38	8663.81	745944	1	0	1	0	0xd43f5e018b415631
1	0	1	B	0	4	150919	2284.66	19525.9	70212	15611.9	20526	7516.29	3983.45	2509.88	8662.64	754653	0	2	1	0	0xd43f5e018b415631
1	0	1	B	0	5	151278	2303.36	19568.6	70275.8	15753.8	20833	7358.32	3856.19	2536.96	8700.52	742204	0	3	1	0	0xd43f5e018b415631
1	0	1	B	0	6	151138	2342.12	19477.1	69908.8	15750.9	21143.3	7353.78	3882.65	2538.42	8650.27	744196	0	0	1	0	0xd43f5e018b415631
1	0	1	B	0	7	151758	2388.16	19522.5	70210.9	15952	21134.6	7413.87	3882.82	2501.58	8663.14	747299	0	2	1	0	0xd43f5e018b415631
1	0	1	B	0	8	151935	2404.45	19541.2	70378.1	15836.8	21164	7409.16	3891.61	2526.38	8692.56	747583	0	2	1	0	0xd43f5e018b415631
1	0	1	B	0	9	151835	2344.58	19537.4	70244.3	15832.3	21033.5	7609.75	3943.45	2539.25	8663.14	746906	0	1	1	0	0xd43f5e018b415631
1	0	1	B	0	10	151525	2323.07	19421.4	70174.2	15782.4	21201.4	7530.08	3833.78	2496.88	8673.89	746250	0	1	1	0	0xd43f5e018b415631
1	0	1	B	0	11	153021	2544.92	19540.6	69770.8	17245.6	21195.3	7531.71	3844.82	2504.5	8754.56	764775	0	1	1	0	0xd43f5e018b415631
1	0	1	B	0	12	150918	2333.16	19448.3	69528.2	15826.4	21021.5	7437.7	4009.07	2546.83	8675.06	741666	0	1	1	0	0xd43f5e018b415631
1	0	1	B	0	13	151636	2322.03	19556.2	69785.4	15724.5	21096	7732.79	4086.62	2539.62	8701.56	745821	0	2	1	0	0xd43f5e018b415631
1	0	1	B	0	14	152118	2338.12	19955.3	70316.5	15787.4	20786.1	7437.58	3808.36	2956.32	8642.06	745372	0	9	1	0	0xd43f5e018b415631
1	0	1	B	0	15	151308	2359.12	19511.8	69810	15880	21053.6	7464.95	3920.41	2548.67	8669.18	744117	0	3	1	0	0xd43f5e018b415631
1	0	1	B	0	16	151432	2380.2	19611.1	69864.7	15699.3	21312.1	7339.5	3928.7	2508.96	8697.02	746254	0	2	1	0	0xd43f5e018b415631
1	0	1	B	0	17	150910	2389.79	19573.1	69995.2	15698.6	20578.9	7523.17	3844.73	2557.75	8656.89	747169	0	1	1	0	0xd43f5e018b415631
1	0	1	B	0	18	151957	2424.45	19412.9	70701.3	15695.1	20711.9	7622.38	4054.83	2531.12	8711.44	751383	0	3	1	0	0xd43f5e018b415631
1	0	1	B	0	19	151658	2343.41	19506.1	70404.7	15843.8	20669	7617.13	3983.16	2540.75	8660.27	750677	0	1	1	0	0xd43f5e018b415631
1	0	1	B	0	20	150177	2329.12	19635	69670.5	15708	20202.5	7568.93	3982.53	2494.88	8498.17	749515	0	4	1	0	0xd43f5e018b415631
1	0	1	B	0	21	151216	2265.24	19634.4	70182.4	15793.7	20723.3	7357.08	3985.95	2507.21	8676.31	741150	0	0	1	0	0xd43f5e018b415631
1	0	1	B	0	22	151190	2259.11	19507.6	69902.1	15735.1	21018.2	7617.84	3857.61	2534.75	8662.35	743105	0	0	1	0	0xd43f5e018b415631
1	0	1	B	0	23	151465	2374.41	19442.5	70225.6	15898.2	21105.3	7278.03	3850.82	2506.08	8696.14	745714	0	1	1	0	0xd43f5e018b415631
1	0	1	B	0	24	154607	2326.53	19668.5	72568.2	15699.3	21256.4	7841.19	3912.7	2539.46	8703.73	765930	1	2	1	0	0xd43f5e018b415631
1	0	1	B	0	25	150306	2360.24	19538.3	70211.9	15697.1	20139.5	7364.87	3856.82	2541	8506.01	750391	0	1	1	0	0xd43f5e018b415631
1	0	1	B	0	26	150828	2345.53	19414.5	69684.9	15712.1	20965.2	7550.46	3842.11	2538.04	8683.85	740867	0	1	1	0	0xd43f5e018b415631
1	0	1	B	0	27	151482	2339.82	19771.9	69746.2	15752.7	21016.3	7448.33	4098.79	2534.12	8682.39	744545	0	5	1	0	0xd43f5e018b415631
1	0	1	B	0	28	151385	2412.29	19482.1	69869.9	15943.7	21264.4	7368.49	3789.36	2502.92	8662.18	745888	0	2	1	0	0xd43f5e018b415631
1	0	1	B	0	29	151432	2300.24	19556.3	69929.8	15649.7	21362.1	7410.49	3933.57	2549.38	8652.93	747659	0	0	1	0	0xd43f5e018b415631
1	0	1	B	0	30	152587	2377.49	19543.9	70659.1	15776.5	21086.2	7712.72	4097.74	2573.96	8668.97	749732	0	4	1	0	0xd43f5e018b415631
1	0	1	B	0	31	151341	2379.62	19505.6	69914.2	15775.3	21182.7	7408.83	3893.24	2524.25	8668.6	745327	0	4	1	0	0xd43f5e018b415631
1	0	1	B	0	32	151926	2327.74	19430.3	70331.3	15884	21261.8	7455.54	3961.16	2497.17	8689.73	747865	0	2	1	0	0xd43f5e018b415631
1	0	1	B	0	33	151690	2336.03	19454.4	70458.3	15807.1	21168.1	7315.82	3894.99	2497.29	8669.93	746955	0	2	1	0	0xd43f5e018b415631
1	0	1	B	0	34	151486	2334.91	19424.7	69944	15737.6	21265.6	7507.71	4020.12	2500.83	8659.76	747241	0	0	1	0	0xd43f5e018b415631
1	0	1	B	0	35	151871	2435.25	19671.5	70145.5	15727.9	21272.5	7403.54	3925.45	2499.16	8698.27	748614	0	1	1	0	0xd43f5e018b415631
1	0	1	B	0	36	151512	2369.33	19744.4	69882.6	15635.5	21341.9	7540.54	3677.64	2526.96	8705.23	747937	0	1	1	0	0xd43f5e018b415631
1	0	1	B	0	37	151033	2316.2	19802.9	69874.1	15818.1	20538.1	7453.25	3826.48	2573.21	8739.27	748505	0	1	1	0	0xd43f5e018b415631
1	0	1	B	0	38	153634	3540.05	19544.3	71318.5	15705.4	20814.3	7527.66	3900.36	2533.83	8657.68	754064	0	1	1	0	0xd43f5e018b415631
1	0	1	B	0	39	151273	2382.08	19374.7	69881.5	15687.2	21154.8	7598.88	3918.73	2541.5	8647.43	744176	0	1	1	0	0xd43f5e018b415631
1	0	1	B	0	40	151572	2356.28	19638.6	70260.8	15701.3	21144.6	7346.45	3856.82	2502	8673.72	746387	0	4	1	0	0xd43f5e018b415631
1	0	1	B	0	41	151500	2318.95	19509.6	69903.6	15800.7	21246.8	7497.79	3883.15	2522.04	8727.6	746966	0	0	1	0	0xd43f5e018b415631
1	0	1	B	0	42	151678	2505.5	19579.1	69899.2	15652.7	21322.8	7485.45	3968.78	2492.54	8683.85	748126	0	2	1	0	0xd43f5e018b415631
1	0	1	B	0	43	151270	2318.91	19565.5	70125.7	15887.5	20558.2	7487.71	3941.53	2607.09	8688.43	748251	0	1	1	0	0xd43f5e018b415631
1	0	1	B	0	44	150796	2339.99	19458.2	70095.7	15750.6	20073.4	7756.84	3994.91	2547.46	8690.23	749609	0	2	1	0	0xd43f5e018b415631
1	0	1	B	0	45	150614	2336.28	19424.9	69906.9	15632.9	20599.2	7348.83	4128.08	2499.71	8648.93	737511	0	1	1	0	0xd43f5e018b415631
1	0	1	B	0	46	151146	2287.2	19542.4	69852.9	15815.1	20955.8	7464.75	3937.74	2537.92	8662.26	742406	0	2	1	0	0xd43f5e018b415631
1	0	1	B	0	47	151511	2345.99	19542.3	69876.3	15716.8	21036.2	7797.05	3839.02	2574.38	8694.77	745434	0	0	1	0	0xd43f5e018b415631
1	0	1	B	0	48	151614	2375.58	19523.2	69911.6	15889.6	21167.6	7380.54	4052.58	2580.88	8641.85	746391	1	1	1	0	0xd43f5e018b415631
1	0	1	B	0	49	151648	2405.12	19545.2	70193.4	15758	21150.3	7419.29	3873.74	2546.71	8663.47	747095	0	2	1	0	0xd43f5e018b415631
1	0	1	B	0	50	151650	2400.08	19641.5	69901.4	15749.8	21244.9	7397.62	4067.79	2491.96	8668.1	747672	0	1	1	0	0xd43f5e018b415631
1	0	1	B	0	51	153854	2515.75	22774.3	70031.1	15689.9	20138.5	7525.5	3904.32	2493.12	8692.02	766205	0	2	1	0	0xd43f5e018b415631
1	0	1	B	0	52	151072	2350.03	19554.8	70312.1	15662.8	20504.1	7577	3825.86	2494.5	8700.18	755315	0	0	1	0	0xd43f5e018b415631
1	0	1	B	0	53	151883	2272.41	19396.8	70291.2	15885.2	20643.5	7398.5	4571.39	2685.17	8649.64	758488	0	5	1	0	0xd43f5e018b415631
1	0	1	B	0	54	151178	2259.78	19403	70073.9	16094.3	20822.2	7388.75	3822.36	2492	8730.73	740978	0	3	1	0	0xd43f5e018b415631
1	0	1	B	0	55	151182	2339.07	19523.8	69810.5	15872	21043.1	7394.87	3891.61	2536.5	8682.93	743637	0	1	1	0	0xd43f5e018b415631
1	0	1	B	0	56	150601	2299.86	19518.2	69818.7	15712.2	20499.9	7528.46	3945.53	2535.12	8654.81	745560	0	1	1	0	0xd43f5e018b415631
1	0	1	B	0	57	150133	2311.36	19517	69924.9	15647.7	20325	7390.33	3872.24	2490.41	8566.51	749745	0	1	1	0	0xd43f5e018b415631
1	0	1	B	0	58	150702	2262.24	19403.2	69555.2	15770.9	20996.5	7558.59	3877.2	2530	8656.35	740677	0	4	1	0	0xd43f5e018b415631
1	0	1	B	0	59	151702	2461.58	19461.8	70163.2	15711	21053.8	7694.8	3844.19	2552	8672.14	746284	0	0	1	0	0xd43f5e018b415631
1	0	1	B	0	60	151667	2365.33	19508.1	70255.5	15773.5	21095.9	7444.29	3821.19	2608.88	8705.6	746402	0	2	1	0	0xd43f5e018b415631
1	0	1	B	0	61	151666	2426.37	19533.1	69838.4	15729.1	21151.1	7625.34	3933.16	2682.51	8653.51	746884	0	1	1	0	0xd43f5e018b415631
1	0	1	B	0	62	151683	2353.49	19471.3	70204.5	15712.7	21180.3	7442.04	4074.2	2502.63	8654.39	747361	0	1	1	0	0xd43f5e018b415631
1	0	1	B	0	63	149740	2355.12	19428.8	69788.4	15673.5	19855	7360.66	3931.32	2498.16	8761.44	745731	0	1	1	0	0xd43f5e018b415631
1	0	1	B	0	64	154142	2322.66	19461.2	72823.3	15771.5	20821.4	7645.84	3970.82	2571.71	8663.72	758347	0	0	1	0	0xd43f5e018b415631
1	0	1	B	0	65	151562	2323.2	19592.9	70212.8	15848.2	21158.8	7388.57	3771.94	2497.96	8678.89	746234	0	1	1	0	0xd43f5e018b415631
1	0	1	B	0	66	150771	2305.99	19511.8	70054.2	15736.4	20585.3	7324.65	3924.86	2524.58	8712.56	746075	1	3	1	0	0xd43f5e018b415631
1	0	1	B	0	67	151664	2262.07	19422.4	70902.5	15739.3	20581.9	7429.04	3959.91	2598.67	8677.01	750561	0	3	1	0	0xd43f5e018b415631
1	0	1	B	0	68	150286	2508.54	19639.3	69692.8	15850.1	20129.5	7481.66	3847.7	2490.58	8556.22	749724	0	1	1	0	0xd43f5e018b415631
1	0	1	B	0	69	151053	2259.57	19442.6	70121.8	15771.2	20812.2	7574.92	3785.19	2495.46	8698.85	740481	0	1	1	0	0xd43f5e018b415631
1	0	1	B	0	70	150848	2305.53	19502.5	69487.8	15707.5	21137.7	7422.74	3939.49	2558.67	8700.77	743028	0	2	1	0	0xd43f5e018b415631
1	0	1	B	0	71	152003	2327.45	19638.2	70288.5	15846	21133.6	7580.71	3929.95	2504.88	8665.31	747773	0	4	1	0	0xd43f5e018b415631
1	0	1	B	0	72	151475	2406.99	19412.4	69967.2	15869.1	21175.3	7429.66	3961.49	2506.88	8652.51	746514	0	0	1	0	0xd43f5e018b415631
1	0	1	B	0	73	151684	2342.16	19561.8	70169.8	15682.1	21206.3	7531.21	3921.9	2523.88	8652.56	747798	0	2	1	0	0xd43f5e018b415631
1	0	1	B	0	74	150884	2341.99	19470.6	70103.8	15717.3	20583.7	7472.33	3837.61	2570.3	8699.43	747507	0	0	1	0	0xd43f5e018b415631
1	0	1	B	0	75	150707	2491.21	19496.4	69595.9	15665.7	20627.6	7576.13	3934.86	2509.08	8719.73	750848	0	1	1	0	0xd43f5e018b415631
1	0	1	B	0	76	150862	2256.28	19279	70230.5	15746.5	20761.3	7464.95	3845.19	2549.63	8638.68	739194	0	1	1	0	0xd43f5e018b415631
1	0	1	B	0	77	152325	2268.82	19498.1	69501.4	15821.5	22155.5	7981.44	3978.99	2538.38	8463.05	760227	0	0	1	0	0xd43f5e018b415631
1	0	1	B	0	78	150848	2269.7	19632.6	69892.9	15644.8	20825	7385.28	3947.16	2490.29	8670.01	740525	0	1	1	0	0xd43f5e018b415631
1	0	1	B	0	79	151345	2385.54	19465.1	69775.9	15730.8	21044.3	7721.64	3876.91	2545.05	8709.72	744779	0	1	1	0	0xd43f5e018b415631
1	0	1	B	0	80	152003	2413.7	19479.3	70475	15972.3	20906.8	7509.87	3829.73	2683.88	8640.06	746642	0	9	1	0	0xd43f5e018b415631
1	0	1	B	0	81	151905	2358.7	19475.9	70282.4	15794.5	21009.9	7697.13	3988.7	2540.16	8667.76	745466	0	2	1	0	0xd43f5e018b415631
1	0	1	B	0	82	151075	2338.78	19487.3	69664.6	15747.2	21157.6	7445.29	3903.44	2555.67	8684.72	744393	0	0	1	0	0xd43f5e018b415631
1	0	1	B	0	83	150887	2323.95	19562.7	70185	15676.7	20571.7	7406.67	3881.77	2549.88	8641.05	746907	0	2	1	0	0xd43f5e018b415631
1	0	1	B	0	84	150750	2406.12	19454.6	70192.9	15890	20160.5	7532.87	3839.98	2535.17	8647.31	750234	0	3	1	0	0xd43f5e018b415631
1	0	1	B	0	85	150644	2313.57	19399.7	69826.5	15852.7	20702.9	7353.04	3939.07	2488.95	8679.89	738298	0	2	1	0	0xd43f5e018b415631
1	0	1	B	0	86	151285	2333.78	19523	69899.4	15768.7	20988.8	7476.16	3953.53	2549.46	8699.02	743432	0	2	1	0	0xd43f5e018b415631
1	0	1	B	0	87	151309	2363.28	19424.6	69976.8	15655.2	21227.5	7476.04	3888.61	2519.92	8687.51	745434	0	2	1	0	0xd43f5e018b415631
1	0	1	B	0	88	151794	2379.45	19537.1	69926.4	15839.2	21215.8	7680.09	3909.86	2500.12	8712.14	747919	0	0	1	0	0xd43f5e018b415631
1	0	1	B	0	89	151809	2427.33	19508.7	70355.9	15721.4	21097.6	7601.51	3809.94	2530.58	8668.68	747760	0	1	1	0	0xd43f5e018b415631
1	0	1	B	0	90	151301	2389.7	19573.6	69746.1	15677.4	21326.2	7399.16	3898.19	2522.46	8677.35	747087	0	1	1	0	0xd43f5e018b415631
1	0	1	B	0	91	153567	2352.99	19586.8	72862.2	15714.2	20378.2	7408.79	4074.87	2493.54	8607.18	767174	0	1	1	0	0xd43f5e018b415631
1	0	1	B	0	92	151398	2254.7	19653	69860.3	15614.7	21161	7700.3	3870.61	2555.71	8638.51	741728	1	2	1	0	0xd43f5e018b415631
1	0	1	B	0	93	151499	2265.57	19601.6	69612.3	15726.7	20882.4	8119.37	3986.61	2555.92	8661.64	742927	0	5	1	0	0xd43f5e018b415631
1	0	1	B	0	94	151783	2379.7	19537.1	70380.7	15820.2	20847.8	7627.51	3917.69	2552.75	8630.14	744095	0	2	1	0	0xd43f5e018b415631
1	0	1	B	0	95	151084	2308.53	19538.3	69548.6	15782.6	21135.7	7584.34	3866.74	2532.46	8697.01	743531	0	1	1	0	0xd43f5e018b415631
1	0	1	B	0	96	151460	2405.79	19411.4	69825.2	15880.6	21294.3	7462.04	3918.23	2506.83	8666.35	746666	0	1	1	0	0xd43f5e018b415631
1	0	1	B	0	97	151954	2794.76	19463.9	70039.9	15830.9	21226.9	7469.95	3864.69	2489.67	8679.64	748374	0	2	1	0	0xd43f5e018b415631
1	0	1	B	0	98	150569	2320.45	19379.9	69766	15841.9	20532.8	7482.87	3902.53	2580.71	8673.89	746350	0	1	1	0	0xd43f5e018b415631
1	0	1	B	0	99	150870	2500.79	19518.2	70251.9	15675.2	20014.3	7499.91	4134.04	2510.67	8675.85	751416	0	2	1	0	0xd43f5e018b415631
2	1	0	B	0	0	151339	2266.91	19457.8	69924.8	15711.5	21333.6	7594.92	3791.89	2504.83	8667.18	749933	0	1	1	0	0xd43f5e018b415631
2	1	0	B	0	1	153324	2440.33	19682.1	71821	15994.2	20196.8	7722.46	4070.12	2595.13	8704.1	765999	0	1	1	0	0xd43f5e018b415631
2	1	0	B	0	2	150956	2254.61	19455.1	69750.6	15702.2	20973.1	7559.29	3985.95	2537.75	8646.68	741584	0	0	1	0	0xd43f5e018b415631
2	1	0	B	0	3	151412	2271.57	19537.9	70090.6	15755.4	21094.5	7429.91	3854.02	2606.25	8680.51	744946	1	4	1	0	0xd43f5e018b415631
2	1	0	B	0	4	151349	2276.36	19422.8	70127.6	15714.6	21283.4	7346.11	3876.15	2510.13	8674.14	746395	0	1	1	0	0xd43f5e018b415631
2	1	0	B	0	5	149649	2300.82	19481.7	69645.7	15820	20028.8	7430.04	3834.82	2511.75	8504.3	746512	0	1	1	0	0xd43f5e018b415631
2	1	0	B	0	6	150497	2217.36	19499.2	69501.3	15768.8	20970	7400.2	3874.44	2509.54	8668.01	739884	0	1	1	0	0xd43f5e018b415631
2	1	0	B	0	7	151096	2628.42	19515.8	69502.5	15664.3	21291.5	7334.08	3873.27	2542.54	8652.64	745526	0	2	1	0	0xd43f5e018b415631
2	1	0	B	0	8	151014	2449.2	19549.5	69591.1	15874.7	20614.9	7743.55	3893.19	2540.5	8667.68	748249	0	2	1	0	0xd43f5e018b415631
2	1	0	B	0	9	150298	2284.45	19442.7	69512.3	15815.5	20345.5	7637.55	4067.28	2496.38	8604.39	750563	0	2	1	0	0xd43f5e018b415631
2	1	0	B	0	10	150630	2252.07	19444	69470	15734.7	20948.5	7556.59	3941.86	2536.04	8656.8	740894	0	0	1	0	0xd43f5e018b415631
2	1	0	B	0	11	151347	2383.16	19400.3	69922.5	15752.7	21195.6	7571.5	3888.69	2497.62	8646.97	746097	0	2	1	0	0xd43f5e018b415631
2	1	0	B	0	12	151000	2455.7	19391.5	69544.7	15911	20592.9	7765.89	4007.07	2545.3	8695.76	747471	0	2	1	0	0xd43f5e018b415631
2	1	0	B	0	13	151692	2303.03	19452.2	70099.6	15845	20907.3	7554.96	4211.16	2536.62	8690.85	750982	0	5	1	0	0xd43f5e018b415631
2	1	0	B	0	14	150064	2279.28	19430.8	69826.5	15661.3	20246.4	7431.74	3925.11	2514.42	8659.47	749656	0	0	1	0	0xd43f5e018b415631
2	1	0	B	0	15	152417	2382.33	19593.7	72195.2	15707.2	19847.1	7450.62	3956.87	2540.13	8658.51	758918	0	0	1	0	0xd43f5e018b415631
2	1	0	B	0	16	150290	2207.65	19541.8	69393.2	15719.6	20851	7479.37	3850.78	2511.08	8639.51	737948	0	3	1	0	0xd43f5e018b415631
2	1	0	B	0	17	151156	2319.95	19427.5	69568.5	15781.7	21198.8	7729.55	3878.02	2500.96	8664.59	744847	0	4	1	0	0xd43f5e018b415631
2	1	0	B	0	18	150780	2283.45	19551.9	69797.3	15800	20623.1	7510.83	3947.15	2539.92	8636.26	746978	0	1	1	0	0xd43f5e018b415631
2	1	0	B	0	19	150226	2465.5	19561.3	69453.6	15663.2	20375	7466.62	3933.98	2504.13	8711.56	750526	0	1	1	0	0xd43f5e018b415631
2	1	0	B	0	20	150824	2239.4	19383.4	69613.2	15758	21022.5	7513.79	4004.95	2544.04	8656.01	741182	0	2	1	0	0xd43f5e018b415631
2	1	0	B	0	21	151180	2305.99	19554.7	69572.9	15904.7	21247.4	7408.91	3892.32	2550.75	8653.76	745350	0	2	1	0	0xd43f5e018b415631
2	1	0	B	0	22	150068	2317.57	19439.9	69445.3	15692.9	19978.9	7644.96	4012.57	2705.8	8737.89	746614	0	2	1	0	0xd43f5e018b415631
2	1	0	B	0	23	150812	2212.65	19435.1	70188.3	15713.2	20596.8	7544.75	3858.78	2509.63	8665.3	738237	0	2	1	0	0xd43f5e018b415631
2	1	0	B	0	24	150830	2224.11	19425.2	69658.9	15817.7	21049.2	7491.33	3903.28	2524.46	8646.34	741969	0	1	1	0	0xd43f5e018b415631
2	1	0	B	0	25	151169	2277.32	19469.5	69663.7	15801.7	21208.7	7584.71	3901.99	2514.54	8654.93	746057	1	0	1	0	0xd43f5e018b415631
2	1	0	B	0	26	149646	2271.53	19495.5	69446.9	15761.2	20114.3	7559.37	3916.53	2533.96	8454.5	746932	0	1	1	0	0xd43f5e018b415631
2	1	0	B	0	27	150761	2209.48	19426.6	69573.1	15748.6	20890.8	7578.67	4083.08	2538.42	8622.01	740068	0	1	1	0	0xd43f5e018b415631
2	1	0	B	0	28	152668	2274.61	20616.8	70041.2	15716.6	20919	7743.22	3893.82	2879.68	8493.84	762172	0	0	1	0	0xd43f5e018b415631
2	1	0	B	0	29	150712	2241.57	19492.7	69681.5	15811.4	20914	7394.58	3874.61	2546.5	8667.09	740509	0	2	1	0	0xd43f5e018b415631
2	1	0	B	0	30	151636	2292.57	19643.2	69778.7	15876.1	21363	7476.7	3883.36	2596.05	8632.97	745573	0	3	1	0	0xd43f5e018b415631
2	1	0	B	0	31	151248	2292.11	19494.3	69589.6	15740.7	21258.7	7539.87	4068.95	2512.71	8659.84	745903	0	1	1	0	0xd43f5e018b415631
2	1	0	B	0	32	151663	2443.45	19475.2	70132.4	15662.2	21327.1	7525.91	3813.98	2517.71	8671.64	748432	0	1	1	0	0xd43f5e018b415631
2	1	0	B	0	33	150212	2297.36	19458.8	69830.2	15786.3	19930.4	7691.38	3912.27	2543.04	8677.6	747488	0	1	1	0	0xd43f5e018b415631
2	1	0	B	0	34	150822	2217.74	19411.8	70128.3	15654	20586.7	7568	3990.24	2504.41	8669.84	738234	0	1	1	0	0xd43f5e018b415631
2	1	0	B	0	35	150915	2252.45	19585.2	69404.4	15791.4	21073	7516.46	3949.11	2556.21	8694.01	741966	0	2	1	0	0xd43f5e018b415631
2	1	0	B	0	36	151089	2370.12	19516.1	69226.6	15834.2	21380.2	7568.5	3862.11	2550.84	8687.68	745543	0	3	1	0	0xd43f5e018b415631
2	1	0	B	0	37	150110	2278.11	19470.6	69844.1	15828.4	19999.8	7599.92	3860.86	2501.79	8635.43	747521	0	0	1	0	0xd43f5e018b415631
2	1	0	B	0	38	150309	2228.07	19527.1	69428	15717.7	20866.3	7419.33	3872.94	2484.71	8678.72	738332	0	0	1	0	0xd43f5e018b415631
2	1	0	B	0	39	151092	2295.53	19573.7	69330.1	15711.6	21211.2	7620.42	4057.45	2518.83	8686.34	744960	0	1	1	0	0xd43f5e018b415631
2	1	0	B	0	40	149955	2285.78	19448.6	69963.8	15705.8	19762.4	7520	3977.74	2533.71	8666.76	746488	0	1	1	0	0xd43f5e018b415631
2	1	0	B	0	41	153898	2206.98	19502.9	72484.3	15728.4	20871.1	7598.75	4259.13	2498.21	8655.89	757458	0	0	1	0	0xd43f5e018b415631
2	1	0	B	0	42	151272	2407.12	19564	69739.8	15714.8	21282.7	7443.87	3858.19	2504.38	8667.93	746406	0	0	1	0	0xd43f5e018b415631
2	1	0	B	0	43	150048	2272.07	19485.4	69620.5	15830.8	19915.7	7533.42	3960.99	2678.05	8658.55	747028	0	2	1	0	0xd43f5e018b415631
2	1	0	B	0	44	151189	2242.82	19596.2	70601.9	15703.2	20431.8	7408.82	3982.07	2498	8633.59	754746	0	5	1	0	0xd43f5e018b415631
2	1	0	B	0	45	150652	2217.44	19637.2	69453.5	15771.4	20968.7	7357.87	3953.53	2548.54	8654.09	740948	0	0	1	0	0xd43f5e018b415631
2	1	0	B	0	46	152233	4220.67	19399	69611.8	15691.2	20705	7383.87	3984.61	2496.5	8647.22	747018	0	1	1	0	0xd43f5e018b415631
2	1	0	B	0	47	151197	2278.03	19342.1	69680.4	15864.9	21231.1	7462.95	4070.45	2504.95	8673.47	744041	0	2	1	0	0xd43f5e018b415631
2	1	0	B	0	48	150548	2276.2	19485.3	69512.9	15914.7	20569.8	7636.92	3882.65	2537.34	8643.14	745756	0	1	1	0	0xd43f5e018b415631
2	1	0	B	0	49	150397	2405.87	19611.4	69836.5	15793.8	20219.4	7470.78	3879.27	2565.42	8521	750463	0	2	1	0	0xd43f5e018b415631
2	1	0	B	0	50	150933	2204.48	19567	70158.6	15695.1	20697.1	7559.91	3829.52	2499.2	8634.43	740626	0	0	1	0	0xd43f5e018b415631
2	1	0	B	0	51	151226	2443.66	19449.3	69717.6	15790.2	21141.8	7551.21	3853.11	2528.38	8663.64	744219	0	1	1	0	0xd43f5e018b415631
2	1	0	B	0	52	151219	2280.03	19552.4	69872.6	15679.5	21253.4	7397.49	3844.11	2565.09	8682.43	746331	0	1	1	0	0xd43f5e018b415631
2	1	0	B	0	53	151120	2275.28	19372.3	69729.7	15730.7	21270.6	7599.12	3841.98	2539.88	8672.89	748474	0	2	1	0	0xd43f5e018b415631
2	1	0	B	0	54	150049	2290.61	19564.5	69572.3	15608.4	20398.1	7364.19	3987.82	2497.12	8677.51	749752	0	0	1	0	0xd43f5e018b415631
2	1	0	B	0	55	152316	2209.98	19430.8	72269.4	15698	19964.6	7544.41	3890.86	2506.37	8713.14	758900	0	0	1	0	0xd43f5e018b415631
2	1	0	B	0	56	150414	2212.48	19545	69592.7	15696.1	20827.6	7340.28	3948.74	2516.16	8645.43	738712	0	3	1	0	0xd43f5e018b415631
2	1	0	B	0	57	151143	2319.11	19516.1	69460.8	15981.4	21215.9	7537.08	3856.27	2508.66	8659.09	744613	0	5	1	0	0xd43f5e018b415631
2	1	0	B	0	58	149811	2283.45	19484.7	69480.4	15811.4	19928.4	7399.2	4065.49	2596	8674.34	746037	0	1	1	0	0xd43f5e018b415631
2	1	0	B	0	59	150752	2216.49	19594.3	69581.5	15663.9	21084.6	7524.54	3839.52	2511.08	8643.76	738834	0	2	1	0	0xd43f5e018b415631
2	1	0	B	0	60	151136	2253.86	19470.9	69564.4	15835	21066.5	7645.42	4013.7	2567.79	8631.05	743337	0	1	1	0	0xd43f5e018b415631
2	1	0	B	0	61	151123	2324.41	19569.3	69540.1	15712.3	21241	7467.04	3868.65	2629.22	8682.84	745711	2	2	1	0	0xd43f5e018b415631
2	1	0	B	0	62	150034	2359.62	19431	69761.4	15704.4	20087.6	7584.25	3850.49	2496.21	8670.01	747368	0	2	1	0	0xd43f5e018b415631
2	1	0	B	0	63	150879	2217.73	19451.7	69999.4	15763.4	20638	7495.29	4056.12	2506.7	8658.89	739242	0	0	1	0	0xd43f5e018b415631
2	1	0	B	0	64	150848	2241.74	19484.5	69425.6	15747.8	21101.5	7613.33	3918.19	2575.75	8645.51	742723	0	0	1	0	0xd43f5e018b415631
2	1	0	B	0	65	150515	2280.65	19403.1	69730.1	15814.8	20515.3	7527.54	3910.36	2554.54	8690.8	745854	2	1	1	0	0xd43f5e018b415631
2	1	0	B	0	66	150360	2307.82	19296.8	70023.6	15755.5	20285	7581.04	3947.4	2503.17	8569.63	750868	0	1	1	0	0xd43f5e018b415631
2	1	0	B	0	67	151285	2241.61	19466	69761.8	15777.1	21279.5	7631.58	3836.44	2525.46	8670.55	740677	0	1	1	0	0xd43f5e018b415631
2	1	0	B	0	68	152155	2204.11	20425.6	70033.9	15696.9	20845.5	7501.37	3852.86	2898.26	8606.67	759718	0	1	1	0	0xd43f5e018b415631
2	1	0	B	0	69	150864	2210.9	19405.2	69661.3	15822.2	21163	7373.99	3952.65	2542.75	8642.88	740820	0	2	1	0	0xd43f5e018b415631
2	1	0	B	0	70	151348	2276.78	19405.5	70233.1	15739.1	21147.5	7369.94	3897.77	2539.33	8650.05	744724	0	4	1	0	0xd43f5e018b415631
2	1	0	B	0	71	149789	2282.28	19524	69565.5	15783.2	19960.9	7569.62	3779.48	2552.17	8681.51	745108	0	1	1	0	0xd43f5e018b415631
2	1	0	B	0	72	150532	2204.28	19383.4	69820.8	15696.6	20771.7	7452.37	3955.4	2512.29	8645.3	737960	0	0	1	0	0xd43f5e018b415631
2	1	0	B	0	73	151066	2288.15	19555.5	69711.8	15909.7	20968.6	7548.41	3791.27	2541.21	8661.01	743380	0	1	1	0	0xd43f5e018b415631
2	1	0	B	0	74	151459	2368.45	19591.5	69937.6	15699	21228.8	7454.32	3900.98	2546.42	8644.51	746514	0	2	1	0	0xd43f5e018b415631
2	1	0	B	0	75	150884	2289.7	19483.3	70013.6	15713.2	20606.6	7571.16	3862.19	2543.58	8710.26	747253	0	2	1	0	0xd43f5e018b415631
2	1	0	B	0	76	150292	2514.46	19512.3	69680.8	15810.8	20154	7408.7	4087.7	2508	8529.25	750226	0	1	1	0	0xd43f5e018b415631
2	1	0	B	0	77	150975	2376.45	19321.7	69658.5	15749.2	21051.9	7640.46	3873.15	2544.25	8671.8	740657	0	3	1	0	0xd43f5e018b415631
2	1	0	B	0	78	151304	2273.57	19530.6	69780.4	15756.5	21125.7	7604.87	3926.27	2563.96	8653.38	744396	0	0	1	0	0xd43f5e018b415631
2	1	0	B	0	79	151697	2295.7	19484.7	69740.7	15745.7	21175.7	8024.43	3894.57	2515.62	8664.76	746221	0	3	1	0	0xd43f5e018b415631
2	1	0	B	0	80	151516	2448.66	19492.1	70101.8	15688	21129.6	7438.61	3981.74	2493.33	8650.68	746836	0	1	1	0	0xd43f5e018b415631
2	1	0	B	0	81	153339	2266.11	19606	71850.2	16439.6	20585.6	7622.29	3920.07	2515.04	8445.37	765286	0	0	1	0	0xd43f5e018b415631
2	1	0	B	0	82	150874	2209.07	19394.4	69779	15787.7	20915.2	7497.79	3938.82	2543.38	8716.35	740462	0	2	1	0	0xd43f5e018b415631
2	1	0	B	0	83	150829	2273.95	19520.4	69620.4	15653.3	21262.5	7333.65	3871.02	2544.42	8661.59	744002	0	1	1	0	0xd43f5e018b415631
2	1	0	B	0	84	150143	2286.07	19528.4	69767	15740.2	19905.7	7603.54	3987.24	2550.42	8682.84	746780	0	4	1	0	0xd43f5e018b415631
2	1	0	B	0	85	150417	2225.57	19639	69499.8	15765.6	20705.1	7444.32	3888.28	2506.29	8655.3	737846	0	1	1	0	0xd43f5e018b415631
2	1	0	B	0	86	151357	2304.66	19740.9	69765.7	15744.7	20958.1	7602.87	3938.69	2531.92	8677.43	744308	0	1	1	0	0xd43f5e018b415631
2	1	0	B	0	87	150973	2309.36	19536.2	69415.2	15799.9	21245.1	7500.87	3870.19	2552.17	8652.13	745495	0	3	1	0	0xd43f5e018b415631
2	1	0	B	0	88	149827	2279.03	19428.2	69839.3	15806.7	20066	7490.45	3866.94	2510.46	8449.54	747691	0	1	1	0	0xd43f5e018b415631
2	1	0	B	0	89	150694	2236.32	19444.7	69411.9	15808.4	21193.7	7430.37	3863.9	2560.5	8654.01	740282	0	2	1	0	0xd43f5e018b415631
2	1	0	B	0	90	151369	2299.53	19496.9	69949.6	15849.7	21106.3	7542.58	3858.44	2505.96	8674.64	745338	0	1	1	0	0xd43f5e018b415631
2	1	0	B	0	91	151351	2435.79	19367.1	70029.9	15683.4	21283.5	7367.32	3912.23	2529.5	8653.55	747021	0	0	1	0	0xd43f5e018b415631
2	1	0	B	0	92	151087	2280.95	19475.2	70011.7	15898.3	20675	7481.33	3986.11	2544.83	8641.84	748412	0	1	1	0	0xd43f5e018b415631
2	1	0	B	0	93	150202	2293.49	19581.6	69580	15731.2	20213.6	7411.86	4171.54	2532.42	8599.05	750211	0	2	1	0	0xd43f5e018b415631
2	1	0	B	0	94	150625	2220.65	19536.1	69236.4	15820.9	20975.2	7608.54	3953.61	2534.92	8651.68	740669	0	0	1	0	0xd43f5e018b415631
2	1	0	B	0	95	152856	2272.74	19591.2	72126.5	15720.3	20358.5	7526.96	3995.15	2553.05	8618.92	763437	1	0	1	0	0xd43f5e018b415631
2	1	0	B	0	96	150836	2244.74	19417.6	69910.4	15712.7	20905.2	7502.95	3827.98	2548.87	8676.47	740986	0	2	1	0	0xd43f5e018b415631
2	1	0	B	0	97	151610	2303.57	19685.7	69565.9	15984.3	21212.5	7697.21	3869.07	2543.46	8656.09	745173	0	5	1	0	0xd43f5e018b415631
2	1	0	B	0	98	151230	2300.66	19481.2	69582.2	15721.5	21286.1	7544.04	4076.04	2506.75	8641.22	745927	0	0	1	0	0xd43f5e018b415631
2	1	0	B	0	99	149448	2272.78	19418.7	69517.9	15722.6	20070.7	7369.61	3912.56	2502.83	8572.38	746230	0	1	1	0	0xd43f5e018b415631
3	1	1	A	0	0	150797	2263.2	19523.5	69945.7	15652	20742.9	7490.53	3929.03	2504.21	8652.8	740858	1	0	1	0	0xd43f5e018b415631
3	1	1	A	0	1	151250	2205.61	19464	70019.2	15708.6	20898.7	7807.38	3830.11	2529.83	8691.05	742646	0	1	1	0	0xd43f5e018b415631
3	1	1	A	0	2	151275	2230.82	19649.7	69651.9	15808.8	21155.9	7459.36	3997.24	2570	8658.84	744825	0	1	1	0	0xd43f5e018b415631
3	1	1	A	0	3	149787	2270.7	19482.9	69806.8	15824.5	19833.3	7349.28	3861.52	2571.96	8693.09	745214	0	2	1	0	0xd43f5e018b415631
3	1	1	A	0	4	151080	2264.7	19512	70063.6	15648.4	20757.4	7567.79	3984.11	2500.62	8686.84	754624	0	0	1	0	0xd43f5e018b415631
3	1	1	A	0	5	154348	2191.11	19493.4	72384.6	15783.1	21102.4	7503.46	4521.52	2606.79	8664.84	760597	0	3	1	0	0xd43f5e018b415631
3	1	1	A	0	6	151585	2313.07	19628.7	70061	15743.2	21233.5	7459.11	3839.44	2522.62	8693.97	747503	0	2	1	0	0xd43f5e018b415631
3	1	1	A	0	7	151020	2276.03	19524.6	69682.8	15792.9	20943.5	7530.7	3938.48	2554.21	8683.43	747489	0	4	1	0	0xd43f5e018b415631
3	1	1	A	0	8	150826	2388.7	19578.5	70218	15729.4	20050	7523.83	3967.49	2539.54	8700.97	750556	0	1	1	0	0xd43f5e018b415631
3	1	1	A	0	9	150958	2181.69	19406	70026.9	15805.3	20693.1	7467.29	4028.82	2500.87	8725.14	754592	0	2	1	0	0xd43f5e018b415631
3	1	1	A	0	10	151561	2501.83	19472	70524.1	15693.5	20868.2	7507.54	3752.77	2504.12	8644.92	742358	0	1	1	0	0xd43f5e018b415631
3	1	1	A	0	11	151302	2220.07	19463.1	70106.8	15739.1	20959.8	7525.37	3981.11	2535.33	8678.38	742707	0	2	1	0	0xd43f5e018b415631
3	1	1	A	0	12	151439	2263.9	19473.3	69928	15811.7	21163.5	7593.42	3885.73	2544.42	8680.13	744653	0	3	1	0	0xd43f5e018b415631
3	1	1	A	0	13	151294	2264.11	19464.7	69851.8	15681.9	21255.6	7479.16	3972.78	2523.33	8705.59	746110	0	0	1	0	0xd43f5e018b415631
3	1	1	A	0	14	149751	2264.24	19485.8	69599.1	15681.9	20014.1	7536.12	3905.69	2510.79	8662.22	745922	0	2	1	0	0xd43f5e018b415631
3	1	1	A	0	15	151024	2286.53	19410.4	70112.8	15819.1	20608.1	7418.4	4097.11	2496.75	8684.8	739432	0	1	1	0	0xd43f5e018b415631
3	1	1	A	0	16	151195	2340.7	19664.8	69854.2	15833.4	20940.2	7421.32	3860.4	2525.42	8655.97	742403	0	1	1	0	0xd43f5e018b415631
3	1	1	A	0	17	151681	2257.94	19548.2	70169.6	15708.5	21096.8	7566.49	4011.86	2543.04	8684.13	744844	1	1	1	0	0xd43f5e018b415631
3	1	1	A	0	18	154208	2300.95	19547.7	69949.1	16518	23198.1	7455.58	3919.23	2554.33	8670.63	764158	0	0	1	0	0xd43f5e018b415631
3	1	1	A	0	19	150356	2337.07	19619.9	69807.7	15726.2	20307.6	7608.12	3801.02	2499.2	8555.05	750478	0	2	1	0	0xd43f5e018b415631
3	1	1	A	0	20	151366	2187.82	19582.4	70555.8	15802.3	20692.5	7500.58	3776.19	2499.29	8673.51	741158	0	3	1	0	0xd43f5e018b415631
3	1	1	A	0	21	151182	2201.15	19447.4	70109.7	15742.1	21006.1	7470.33	3900.86	2529.5	8684.09	742098	0	3	1	0	0xd43f5e018b415631
3	1	1	A	0	22	151623	2288.74	19473.3	69980	15955.7	21046.5	7461.49	4084.87	2556.5	8682.63	745219	0	2	1	0	0xd43f5e018b415631
3	1	1	A	0	23	151325	2246.99	19459.7	70003	15721.4	21183.3	7462.66	3986.32	2503.25	8662.13	745529	0	1	1	0	0xd43f5e018b415631
3	1	1	A	0	24	151439	2240.44	19579.1	70184.7	15647.2	21310.3	7375.49	3821.56	2538.5	8648.67	747438	0	2	1	0	0xd43f5e018b415631
3	1	1	A	0	25	150332	2332.03	19545	69971.7	15753.2	19896.7	7655.67	3873.07	2544.46	8666.47	747708	0	2	1	0	0xd43f5e018b415631
3	1	1	A	0	26	150934	2302.78	19553.1	70432.4	15619.1	20469.7	7473.2	3801.77	2488.41	8705.59	754189	0	1	1	0	0xd43f5e018b415631
3	1	1	A	0	27	150851	2187.11	19553	69490.9	15775.9	20984.6	7554.61	3989.16	2534.42	8690.05	741094	0	0	1	0	0xd43f5e018b415631
3	1	1	A	0	28	151501	2345.07	19503.2	69811.7	15786	21482.9	7525.95	3749.64	2532.58	8668.3	745443	0	0	1	0	0xd43f5e018b415631
3	1	1	A	0	29	151803	2254.53	19559.1	70016	15724.6	21326.2	7450.53	4034.74	2650.75	8691.47	746714	0	2	1	0	0xd43f5e018b415631
3	1	1	A	0	30	151609	2244.82	19523.3	70027.3	15817.6	21196	7731.26	3819.9	2491.42	8662.38	746414	0	2	1	0	0xd43f5e018b415631
3	1	1	A	0	31	151561	2296.82	19489.6	70256.6	15643.9	21161.4	7601.12	3781.02	2572.46	8666.13	747119	0	0	1	0	0xd43f5e018b415631
3	1	1	A	0	32	153911	2253.57	19476.5	72958.6	15863.9	20121.6	7452.66	4451.09	2565.63	8671.09	766175	0	2	1	0	0xd43f5e018b415631
3	1	1	A	0	33	150746	2186.86	19529.2	69828.2	15740.6	20652.6	7498.99	3989.4	2558.46	8665.38	738494	1	0	1	0	0xd43f5e018b415631
3	1	1	A	0	34	151152	2182.61	19669.6	69635.8	15808	21045.3	7576.87	3907.44	2551.04	8683.8	742523	0	4	1	0	0xd43f5e018b415631
3	1	1	A	0	35	151246	2260.36	19440.2	69541.3	15817.6	21297.6	7630.41	3994.36	2501	8666.51	745475	0	0	1	0	0xd43f5e018b415631
3	1	1	A	0	36	149845	2260.65	19547	69904.5	15669.7	19835	7449.7	3853.65	2543	8636.88	746095	0	1	1	0	0xd43f5e018b415631
3	1	1	A	0	37	150927	2175.82	19551.2	69886.4	15840.8	20806.7	7377.49	3979.86	2495.29	8720.64	738803	0	3	1	0	0xd43f5e018b415631
3	1	1	A	0	38	151133	2183.27	19558.5	69592.7	15726.2	21120	7568.41	4050.82	2559.83	8678.26	742301	1	2	1	0	0xd43f5e018b415631
3	1	1	A	0	39	151398	2246.94	19624.5	69803.5	15842	21131.9	7457.28	4004.9	2537.21	8658.92	745186	0	2	1	0	0xd43f5e018b415631
3	1	1	A	0	40	150899	2362.95	19345.2	69919.9	15707.5	20623.7	7597.33	3829.02	2766.84	8655.84	746152	0	2	1	0	0xd43f5e018b415631
3	1	1	A	0	41	150484	2500.54	19660.9	69995.9	15704.6	19963.9	7452.4	3903.69	2533.33	8672.38	748979	0	0	1	0	0xd43f5e018b415631
3	1	1	A	0	42	150824	2175.98	19341.6	70258.5	15619.7	20614.2	7451.45	4075.99	2511.04	8679.8	738427	0	2	1	0	0xd43f5e018b415631
3	1	1	A	0	43	151187	2267.99	19387.4	70060.4	15787.7	20981.7	7471.95	3874.94	2558.96	8699.3	742511	0	1	1	0	0xd43f5e018b415631
3	1	1	A	0	44	151490	2253.32	19508.4	70170.2	15719.5	21125.4	7602	3816.65	2503.83	8693.38	745233	0	0	1	0	0xd43f5e018b415631
3	1	1	A	0	45	153077	2259.36	19527	70447.6	16010	22447	7481.66	3828.27	2526.29	8455.95	763865	0	2	1	0	0xd43f5e018b415631
3	1	1	A	0	46	151445	2354.2	19736.9	70527.4	15626.8	20432.2	7562.75	3886.02	2507.63	8717.93	756781	0	2	1	0	0xd43f5e018b415631
3	1	1	A	0	47	151230	2178.57	19414.3	69873.2	16133.7	20929	7460.78	3939.07	2536.21	8666.22	741981	0	3	1	0	0xd43f5e018b415631
3	1	1	A	0	48	151591	2255.82	19482.1	69852.2	15847.8	21364.1	7492.99	3967.82	2540.87	8694.88	744566	0	1	1	0	0xd43f5e018b415631
3	1	1	A	0	49	151873	2250.86	19507.8	70435.6	15842.8	20973	7773.42	3807.23	2548.87	8635.76	745278	1	3	1	0	0xd43f5e018b415631
3	1	1	A	0	50	151295	2249.61	19571	69762.8	15800.1	21294.4	7481.99	3821.86	2542.46	8673.97	744785	0	1	1	0	0xd43f5e018b415631
3	1	1	A	0	51	150785	2252.53	19574.1	69760.5	15862.8	20586.9	7528.7	3913.53	2531.21	8681.51	746059	0	1	1	0	0xd43f5e018b415631
3	1	1	A	0	52	151712	2236.78	19484.4	70058.1	15896.2	20859.4	7819.38	4009.86	2576	8676.84	750705	0	3	1	0	0xd43f5e018b415631
3	1	1	A	0	53	150735	2520.91	19516.9	70044.1	15667.9	20052.4	7680.63	3967.24	2531.75	8659.22	750346	0	0	1	0	0xd43f5e018b415631
3	1	1	A	0	54	150486	2204.19	19477.4	69846.7	15738.5	20719.2	7403.32	3825.44	2492.41	8680.92	737792	0	1	1	0	0xd43f5e018b415631
3	1	1	A	0	55	151373	2242.69	19432	69910.6	15731.2	21059.6	7650.67	3993.2	2552.5	8710.01	743824	0	2	1	0	0xd43f5e018b415631
3	1	1	A	0	56	151199	2331.07	19417.3	70050.5	15634.3	21244.8	7437.11	3814.15	2505.87	8671.76	745195	0	2	1	0	0xd43f5e018b415631
3	1	1	A	0	57	151814	2245.4	19418.2	70567.6	15683.2	21182	7509.16	3957.61	2502.62	8651.76	748277	0	0	1	0	0xd43f5e018b415631
3	1	1	A	0	58	153212	2348.36	19557.6	71733.8	16412.8	20204.5	7642.75	4010.91	2510.54	8696.59	765415	0	0	1	0	0xd43f5e018b415631
3	1	1	A	0	59	151527	2185.48	19831.8	70352.3	15782.6	20660.1	7510.32	3952.74	2504.58	8652.84	741504	0	4	1	0	0xd43f5e018b415631
3	1	1	A	0	60	151723	2176.77	19489.7	70419.6	15647.3	20855.9	7803.09	3995.11	2545	8697.26	742794	0	3	1	0	0xd43f5e018b415631
3	1	1	A	0	61	150984	2190.73	19513.6	70014.8	15736.9	21088.9	7373.61	3803.43	2518.96	8651.05	742316	0	1	1	0	0xd43f5e018b415631
3	1	1	A	0	62	151851	2283.19	19571.7	69933.2	15932.9	21378.8	7553.87	3907.48	2504.91	8687.34	745499	2	4	1	0	0xd43f5e018b415631
3	1	1	A	0	63	151519	2267.4	19588.7	70071.2	15810.9	21132.9	7453.91	3929.65	2504.12	8665.76	745577	0	1	1	0	0xd43f5e018b415631
3	1	1	A	0	64	151828	2350.74	19609.9	70307.8	15768.5	21086.7	7342.69	4028.2	2533.84	8704.26	746921	0	2	1	0	0xd43f5e018b415631
3	1	1	A	0	65	151301	2301.82	19671.4	69589.2	15918.4	21191	7409.4	3939.61	2508.91	8673.84	746162	1	2	1	0	0xd43f5e018b415631
3	1	1	A	0	66	150909	2248.99	19523.1	70175.3	15790.7	20532.5	7451.82	3847.82	2579.09	8668.05	747733	0	1	1	0	0xd43f5e018b415631
3	1	1	A	0	67	150629	2283.7	19543.2	70027.6	15662.3	20029.4	7712.04	4097.91	2499.87	8679.84	750500	0	1	1	0	0xd43f5e018b415631
3	1	1	A	0	68	150598	2195.98	19531.7	69652.3	15736.1	20942.5	7313.77	3897.65	2496.46	8739.05	739010	0	2	1	0	0xd43f5e018b415631
3	1	1	A	0	69	152229	2259.03	19470.7	70390.1	16203.6	21138.5	7700.08	3785.52	2535.96	8647.88	744671	0	7	1	0	0xd43f5e018b415631
3	1	1	A	0	70	151065	2190.61	19448.2	69634.2	15705	21024	7693.54	4066.24	2532.62	8678.67	742318	0	0	1	0	0xd43f5e018b415631
3	1	1	A	0	71	151241	2295.57	19418.9	69960	15722	21165.9	7407.49	4035.74	2492.46	8651.8	745392	0	0	1	0	0xd43f5e018b415631
3	1	1	A	0	72	153258	2262.28	19612.6	72652.3	15711.1	20390.2	7438.86	4008.15	2490.79	8596.3	765305	0	4	1	0	0xd43f5e018b415631
3	1	1	A	0	73	151047	2226.4	19527	69996.5	15696.6	20872.8	7541.91	3882.15	2541.46	8667.63	741390	0	1	1	0	0xd43f5e018b415631
3	1	1	A	0	74	151586	2251.15	19442.8	70251.1	15764.7	21013.7	7505.62	4037.32	2525.67	8697.47	744249	0	4	1	0	0xd43f5e018b415631
3	1	1	A	0	75	151507	2249.32	19500.3	70044.8	15707.9	21090.5	7639.8	3909.15	2623	8646.01	745448	0	1	1	0	0xd43f5e018b415631
3	1	1	A	0	76	151942	2244.07	19480.4	70468.3	15783.9	21038	7648.21	3959.94	2538.08	8686.34	746555	0	3	1	0	0xd43f5e018b415631
3	1	1	A	0	77	151416	2256.07	19512.2	69906.2	15829.2	21296.5	7388.65	3949.53	2490.04	8695.42	745791	0	1	1	0	0xd43f5e018b415631
3	1	1	A	0	78	150919	2241.44	19446.8	70205.8	15687.4	20569.2	7569.87	3877.9	2553.37	8671.34	746543	0	4	1	0	0xd43f5e018b415631
3	1	1	A	0	79	150048	2242.07	19411.7	69914.3	15677.6	20304.4	7446.23	3828.35	2490.96	8642.34	749259	0	0	1	0	0xd43f5e018b415631
3	1	1	A	0	80	150974	2259.94	19510.3	69986.6	15739.5	20885.7	7463.11	3862.02	2498.29	8672.92	741095	0	0	1	0	0xd43f5e018b415631
3	1	1	A	0	81	151096	2232.03	19346.4	69965	15742.2	21163.3	7481.36	3867.94	2532.5	8674.88	743948	0	1	1	0	0xd43f5e018b415631
3	1	1	A	0	82	151704	2292.78	19495.8	70220.3	15806.7	21247.4	7459.74	3941.07	2490.29	8650.51	747373	0	0	1	0	0xd43f5e018b415631
3	1	1	A	0	83	151531	2390.45	19400	69923.3	15795.8	21331.7	7437.53	3992.94	2503.92	8662.76	747381	0	2	1	0	0xd43f5e018b415631
3	1	1	A	0	84	151760	2252.4	19581.7	70349.8	15667.5	21244.6	7450.78	3922.4	2497.29	8699.88	748641	0	0	1	0	0xd43f5e018b415631
3	1	1	A	0	85	153486	2252.44	22210.5	70549.8	15710.4	20247.9	7427.61	3976.49	2495.29	8523.67	766193	0	3	1	0	0xd43f5e018b415631
3	1	1	A	0	86	151218	2304.45	19482.1	70150.1	15863.6	20837.7	7409.4	3843.4	2549.79	8652.17	741244	0	0	1	0	0xd43f5e018b415631
3	1	1	A	0	87	151361	2281.4	19486.3	69885.3	15855.8	21192.7	7514.87	3815.81	2528.66	8707.38	743302	0	5	1	0	0xd43f5e018b415631
3	1	1	A	0	88	151065	2272.11	19509.6	69573.2	15811.4	21262	7445.86	3933.4	2504.54	8655.05	744884	0	2	1	0	0xd43f5e018b415631
3	1	1	A	0	89	150175	2249.36	19520.8	69857.3	15729.5	19933.2	7644.58	3876.86	2590.5	8679.17	746919	0	1	1	0	0xd43f5e018b415631
3	1	1	A	0	90	151560	2477.04	19578.6	70701.7	15864	20099.3	7653.79	3880.65	2559.83	8647.05	754626	0	2	1	0	0xd43f5e018b415631
3	1	1	A	0	91	151091	2359.74	19711.7	70154	15683.4	20476.7	7486.12	3931.53	2492.58	8701.01	755063	0	3	1	0	0xd43f5e018b415631
3	1	1	A	0	92	150822	2195.61	19391.8	69789.9	15734.8	21063.1	7507.53	3854.52	2522.25	8667.42	741515	0	1	1	0	0xd43f5e018b415631
3	1	1	A	0	93	151801	2242.19	19620.7	69996.7	15861.6	21190.1	7443.53	4145.53	2507	8700.09	746337	0	2	1	0	0xd43f5e018b415631
3	1	1	A	0	94	151430	2324.53	19501.3	69946.7	15708.6	21134.2	7586	3931.73	2553.83	8651	745539	0	0	1	0	0xd43f5e018b415631
3	1	1	A	0	95	152230	2396.91	19562.5	70572.2	15720.5	21018.1	7867.38	3810.35	2526.04	8663.21	747286	0	7	1	0	0xd43f5e018b415631
3	1	1	A	0	96	151756	2299.28	19451.3	70334.3	15720.8	20915.5	7870.51	3839.06	2558.46	8672.59	745130	0	1	1	0	0xd43f5e018b415631
3	1	1	A	0	97	151600	2408.66	19583.8	69895.3	15838.4	21089.2	7640.58	3862.31	2547.04	8640.55	745391	0	0	1	0	0xd43f5e018b415631
3	1	1	A	0	98	155115	2249.82	19597.2	73207	15832.4	21267.1	7643.75	4057.12	2503.12	8661.38	765478	0	2	1	0	0xd43f5e018b415631
3	1	1	A	0	99	151190	2287.45	19546.8	70307.1	15752.4	20631.6	7507.32	3819.1	2586.46	8664.21	748247	0	1	1	0	0xd43f5e018b415631
4	2	0	A	0	0	151570	2327.45	19571.2	69650.2	15793.4	21253.2	7755.75	3952.65	2488.41	8685.8	749198	0	4	1	0	0xd43f5e018b415631
4	2	0	A	0	1	151227	2248.36	19506.1	69706.9	15712.6	21265.9	7573.25	3897.32	2511.67	8685.42	746312	0	2	1	0	0xd43f5e018b415631
4	2	0	A	0	2	149658	2230.4	19674.1	69338.6	15677.3	20059.2	7549.41	4022.49	2512.71	8505.75	746927	0	1	1	0	0xd43f5e018b415631
4	2	0	A	0	3	159546	2178.15	19470.8	76290.5	15699.4	21547.4	8010.05	4805.65	2648.21	8794.09	794221	0	17	1	0	0xd43f5e018b415631
4	2	0	A	0	4	163443	3286.62	20512.6	72566.6	20070.7	23717.1	7482.57	3805.44	3282.2	8626.55	801225	0	14	1	0	0xd43f5e018b415631
4	2	0	A	0	5	165604	2401.82	19867.2	82164.6	15986.7	21227.4	7924.22	4547.97	2642.83	8750.88	820995	0	15	1	0	0xd43f5e018b415631
4	2	0	A	0	6	165951	3407.37	19549.9	73477.9	20375.7	26450.1	7561.04	3822.77	2549.54	8630.92	813509	0	16	1	0	0xd43f5e018b415631
4	2	0	A	0	7	163605	2236.73	24439	75501.9	17292.9	20522.7	8086.48	4269.25	2539.75	8624.96	802338	0	14	1	0	0xd43f5e018b415631
4	2	0	A	0	8	162493	2228.19	19487.4	75613.5	18036.5	23877.9	8019.89	3845.32	2630.75	8656.71	801480	0	32	1	0	0xd43f5e018b415631
4	2	0	A	0	9	160364	2238.69	20096.6	77101.3	16046.6	20878.4	7727.87	4923.24	2613.42	8647.21	786047	0	48	1	0	0xd43f5e018b415631
4	2	0	A	0	10	156586	2273.4	25216.6	69973.7	15700.6	20599	7583.58	3937.15	2583.42	8627.05	766986	0	9	1	0	0xd43f5e018b415631
4	2	0	A	0	11	161069	2175.9	19572.3	74926.6	17927.5	23173.7	8053.55	3846.81	2662.84	8640.13	800077	0	13	1	0	0xd43f5e018b415631
4	2	0	A	0	12	157537	2351.66	19470.3	75640.1	15763.1	20837.1	7985.47	4117.66	2618.5	8657.34	775660	0	5	1	0	0xd43f5e018b415631
4	2	0	A	0	13	155929	2263.32	23974.5	69650.8	15701.6	21256.5	7573.87	3867.65	2855.64	8694.13	766979	1	7	1	0	0xd43f5e018b415631
4	2	0	A	0	14	161388	2258.49	19429.3	75682.4	16914	23194.7	8285.74	4280.92	2600.08	8645.8	802683	2	15	1	0	0xd43f5e018b415631
4	2	0	A	0	15	158248	2183.69	19866	75164.4	16577.8	20785.4	8140.44	4250.88	2519.99	8667.46	777275	0	13	1	0	0xd43f5e018b415631
4	2	0	A	0	16	156140	2329.82	22491.1	69954	15680	22308.7	7747.46	4008.65	2862.81	8666.46	765954	0	7	1	0	0xd43f5e018b415631
4	2	0	A	0	17	160862	2221.65	19529.7	74922.1	16928.1	23132.7	8383.57	4421.09	2607.5	8621.5	800679	0	12	1	0	0xd43f5e018b415631
4	2	0	A	0	18	158013	2176.56	19518.3	75275.3	16438.7	20999.3	7931.51	4420.46	2512	8644.21	777860	0	5	1	0	0xd43f5e018b415631
4	2	0	A	0	19	155759	2246.78	22039.5	69754.9	16082.7	22603.1	7524.66	3945.23	2836.93	8631.38	766668	0	7	1	0	0xd43f5e018b415631
4	2	0	A	0	20	161512	2234.23	19448.4	76776.9	15917.9	23235.5	8379.99	4209.12	2597.55	8618.46	804057	1	12	1	0	0xd43f5e018b415631
4	2	0	A	0	21	157349	2399.7	19533.6	74028.1	17253.4	21033.6	7841.01	3969.65	2553.46	8644.88	777301	0	8	1	0	0xd43f5e018b415631
4	2	0	A	0	22	156063	2250.69	19632.5	70309	17899.5	22859.7	7539.24	3883.19	2931.52	8667.42	769832	0	5	1	0	0xd43f5e018b415631
4	2	0	A	0	23	159653	2260.11	19803.7	76278.6	15922.4	21211.8	8571.08	4205.33	2528.04	8777.01	788503	1	13	1	0	0xd43f5e018b415631
4	2	0	A	0	24	156823	2308.49	19720.4	74660.2	16614.4	20304.2	8008.94	3921.9	2541.83	8651.59	769829	0	8	1	0	0xd43f5e018b415631
4	2	0	A	0	25	156080	2407.82	19408.4	69542.5	17755.2	23935.5	7803.09	3928.73	2544.62	8663.05	764663	1	9	1	0	0xd43f5e018b415631
4	2	0	A	0	26	156425	2286.24	19689.7	75712	15883.6	20006.8	7453.19	4125.87	2570.75	8579.25	779403	0	10	1	0	0xd43f5e018b415631
4	2	0	A	0	27	159499	3332.29	19549.2	75976.4	16394.7	20733.4	8362.08	4018.82	2549.67	8490.04	795543	0	12	1	0	0xd43f5e018b415631
4	2	0	A	0	28	155660	2192.77	19593.7	72858.4	15715.6	21447.6	8308.15	4382.5	2532.46	8533.87	776230	1	13	1	0	0xd43f5e018b415631
4	2	0	A	0	29	158072	2189.27	24338.6	71922.5	15713.8	21359.2	7278.43	3952.4	2511.41	8712.13	780773	0	11	1	0	0xd43f5e018b415631
4	2	0	A	0	30	161455	3366.12	19627.1	76085.2	16720.7	22077.9	7909.51	4104.99	2861.55	8606.67	805831	0	14	1	0	0xd43f5e018b415631
4	2	0	A	0	31	150919	2177.94	19615.3	69907.4	15698.6	20847.5	7460.57	3965.48	2516.66	8636.33	741262	0	1	1	0	0xd43f5e018b415631
4	2	0	A	0	32	151072	2248.98	19524.7	69131.7	15718.9	21297.2	7652.08	4187.62	2514.37	8705.84	744920	0	0	1	0	0xd43f5e018b415631
4	2	0	A	0	33	151896	2280.82	19693.9	70083	15737	21335.8	7566.7	3959.32	2503.08	8646.8	748372	0	3	1	0	0xd43f5e018b415631
4	2	0	A	0	34	153379	2239.44	21985.1	70853	15679.3	20020	7516.07	4006.49	2500.92	8488.7	765492	0	1	1	0	0xd43f5e018b415631
4	2	0	A	0	35	150556	2176.69	19423.2	69304.9	15848.7	21027.1	7541.9	3935.03	2551.79	8655.59	740200	0	1	1	0	0xd43f5e018b415631
4	2	0	A	0	36	151345	2239.11	19878.6	69702	15691.4	21191.6	7418.98	3893.94	2583.62	8655.63	745641	0	2	1	0	0xd43f5e018b415631
4	2	0	A	0	37	150813	2261.11	19437.4	69668	15799.7	20593.5	7559.2	4076.66	2547	8782.72	746985	0	2	1	0	0xd43f5e018b415631
4	2	0	A	0	38	150169	2258.44	19479.2	69662.6	15664.8	20340.6	7536.24	3961.77	2496.33	8676.67	750080	0	2	1	0	0xd43f5e018b415631
4	2	0	A	0	39	150741	2263.15	19742.1	69225.8	15799	20954	7516.2	3932.44	2558.5	8659.96	741201	0	1	1	0	0xd43f5e018b415631
4	2	0	A	0	40	151319	2248.11	19532.1	69655.9	15684.1	21240.5	7648.33	4060.95	2505.66	8653.42	745885	0	2	1	0	0xd43f5e018b415631
4	2	0	A	0	41	149864	2343.28	19493.2	69465.9	15847	19910.9	7557.29	3942.19	2575.34	8642.88	745887	0	1	1	0	0xd43f5e018b415631
4	2	0	A	0	42	150680	2213.15	19423.8	69658	15847.8	20652	7485.33	4118.66	2508.25	8680.34	738510	0	0	1	0	0xd43f5e018b415631
4	2	0	A	0	43	150897	2216.23	19441.4	69521.5	15815	21057.1	7695.58	3866.98	2539.91	8655.55	743015	0	1	1	0	0xd43f5e018b415631
4	2	0	A	0	44	150505	2282.99	19517.7	69839.5	15861	20548.6	7336.02	3822.52	2550.67	8654.71	746085	0	2	1	0	0xd43f5e018b415631
4	2	0	A	0	45	150247	2245.23	19514.2	69640.5	15681	20351.4	7570.07	3921.82	2561.79	8672.09	751042	0	0	1	0	0xd43f5e018b415631
4	2	0	A	0	46	150759	2177.44	19441.3	69429.2	15743.7	21116.6	7574.37	3993.57	2533.83	8654.34	741587	0	0	1	0	0xd43f5e018b415631
4	2	0	A	0	47	155182	2351.86	19507.8	72812.7	15910.1	21506.5	7672.91	4061.45	2596	8670.96	766037	0	2	1	0	0xd43f5e018b415631
4	2	0	A	0	48	151783	2455.58	19496.8	70007.8	15720.6	21415.6	7476.2	3934.23	2509	8678.38	748966	0	3	1	0	0xd43f5e018b415631
4	2	0	A	0	49	151137	2304.86	19412.4	69997	15749.3	20663.2	7509.82	4138.45	2564.79	8707.34	748081	0	3	1	0	0xd43f5e018b415631
4	2	0	A	0	50	150248	2365.86	19551.9	70024.9	15769.1	20112.8	7470.82	3821.23	2515.79	8525.54	749930	0	1	1	0	0xd43f5e018b415631
4	2	0	A	0	51	150842	2187.69	19501.4	69695.3	15704.4	20903	7769.34	3818.98	2550.92	8622.29	740709	0	1	1	0	0xd43f5e018b415631
4	2	0	A	0	52	151530	2445.99	19470.1	69640.3	15754	21042.6	7637.16	4214.87	2557.67	8676.55	744946	0	3	1	0	0xd43f5e018b415631
4	2	0	A	0	53	151366	2348.78	19567.3	69432.7	15807.4	21233.7	7632	4041.49	2513.21	8698.3	745857	0	3	1	0	0xd43f5e018b415631
4	2	0	A	0	54	150748	2247.98	19529.6	69620.2	15849.3	20625	7647.91	3945.9	2531.58	8662.84	746548	0	1	1	0	0xd43f5e018b415631
4	2	0	A	0	55	150230	2448.66	19473.6	69733.5	15769.6	20206.4	7494.57	3912.94	2530.83	8568.62	750189	0	0	1	0	0xd43f5e018b415631
4	2	0	A	0	56	150954	2227.48	19576.2	69648.6	15725.5	20904.2	7654.33	3927.77	2531.58	8667.8	741067	0	1	1	0	0xd43f5e018b415631
4	2	0	A	0	57	150900	2219.73	19457	69574	15708.1	21228.8	7507.28	3852.06	2535.67	8697.42	744096	0	2	1	0	0xd43f5e018b415631
4	2	0	A	0	58	150811	2310.2	19472.5	69883.3	15695.9	20587.8	7568.66	4031.45	2539.42	8633.17	747660	0	0	1	0	0xd43f5e018b415631
4	2	0	A	0	59	150260	2272.11	19524.5	69593.9	15630.5	20456.7	7647.96	3868.73	2497.66	8676.67	751025	0	0	1	0	0xd43f5e018b415631
4	2	0	A	0	60	153836	2190.81	19807.3	70923.6	15805.5	21528.3	8211.56	4054.57	2508.62	8712.88	760142	0	4	1	0	0xd43f5e018b415631
4	2	0	A	0	61	150407	2231.9	19595.5	69932.7	15715.9	20047.3	7735.08	3912.94	2504.79	8641.46	748754	0	4	1	0	0xd43f5e018b415631
4	2	0	A	0	62	150656	2180.69	19532	69632.7	15660.2	20880.8	7579.28	3901.73	2510.41	8690.21	738312	0	3	1	0	0xd43f5e018b415631
4	2	0	A	0	63	151293	2223.9	19521.7	69841.5	15718.3	21078.5	7464.66	4170.66	2545.33	8640.17	743764	0	1	1	0	0xd43f5e018b415631
4	2	0	A	0	64	151614	2337.49	19618.3	69689.3	15747.3	21183.4	7685.96	4048.65	2545.71	8666.5	745968	0	1	1	0	0xd43f5e018b415631
4	2	0	A	0	65	151712	2295.24	19556.5	70010.8	15805.4	21077	7546.95	4127.57	2552.37	8651.46	746584	2	1	1	0	0xd43f5e018b415631
4	2	0	A	0	66	151612	2331.4	19623.6	69920.8	15852.9	21114.4	7527.53	3966.19	2541.45	8642.17	746554	0	4	1	0	0xd43f5e018b415631
4	2	0	A	0	67	149172	2277.57	19408	69188.1	15732.4	20034.3	7491.65	3967.98	2489.37	8495.2	744626	0	0	1	0	0xd43f5e018b415631
4	2	0	A	0	68	150751	2168.86	19567.1	69602.2	15741.4	20992.5	7460.28	3897.9	2542.58	8686.25	740624	0	2	1	0	0xd43f5e018b415631
4	2	0	A	0	69	151133	2231.48	19577	69666.8	15680.5	21204.2	7607.99	3870.9	2556.46	8649.46	745211	0	0	1	0	0xd43f5e018b415631
4	2	0	A	0	70	149799	2301.53	19561.5	69581.6	15650.3	19921.6	7510.66	4029.03	2514.33	8632.13	746383	0	1	1	0	0xd43f5e018b415631
4	2	0	A	0	71	150681	2179.69	19535	69647	15669.8	20906.5	7354.86	4100.45	2502.03	8692.67	738935	0	2	1	0	0xd43f5e018b415631
4	2	0	A	0	72	150757	2257.32	19392.9	69468.1	15727.4	21275.8	7429.36	3861.23	2514.99	8714	743564	1	0	1	0	0xd43f5e018b415631
4	2	0	A	0	73	150981	2409.32	19567.8	69853.8	15677	20659	7492.36	4034.15	2539.08	8657.17	747775	0	3	1	0	0xd43f5e018b415631
4	2	0	A	0	74	154783	2326.32	19791.5	72833	15858.4	20915.4	7749.12	4050.03	2498.5	8672.05	770863	0	1	1	0	0xd43f5e018b415631
4	2	0	A	0	75	150723	2168.94	19618.9	69700.1	15617.6	20730.8	7560.11	4090.33	2512.58	8634.04	738443	0	2	1	0	0xd43f5e018b415631
4	2	0	A	0	76	151249	2216.23	19482.6	70002.4	15787.8	20990.7	7527.7	3977.78	2540	8634.96	743112	0	2	1	0	0xd43f5e018b415631
4	2	0	A	0	77	151975	2254.86	19816.1	70083.1	15692.3	20942.6	7664.5	4250.54	2537.71	8642.42	745947	0	4	1	0	0xd43f5e018b415631
4	2	0	A	0	78	151366	2242.36	19458.4	69277.1	15918.4	21081.5	7978.01	4136.78	2547.83	8632.46	744758	0	2	1	0	0xd43f5e018b415631
4	2	0	A	0	79	150506	2279.19	19536.3	69457	15861.1	20560.2	7591.12	3862.69	2543	8694.88	745551	0	2	1	0	0xd43f5e018b415631
4	2	0	A	0	80	150174	2226.86	19469.6	69540.7	15704.1	20282.7	7668.54	3934.65	2664.38	8591.12	750210	0	1	1	0	0xd43f5e018b415631
4	2	0	A	0	81	150488	2188.27	19397	69280.1	15761.1	21065	7497.61	3855.27	2603.09	8750.47	740569	0	1	1	0	0xd43f5e018b415631
4	2	0	A	0	82	151446	2237.53	19485.4	69778	15854.4	21190.7	7674.12	3953.07	2514.79	8665.13	746768	0	1	1	0	0xd43f5e018b415631
4	2	0	A	0	83	151545	2349.86	19567.8	69900.8	15662.1	21306.2	7525.98	3973.78	2512.58	8652.63	748172	0	1	1	0	0xd43f5e018b415631
4	2	0	A	0	84	149562	2256.28	19482.4	69289.8	15749.7	20213.9	7415.11	3957.65	2507.37	8599.92	747121	0	1	1	0	0xd43f5e018b415631
4	2	0	A	0	85	150546	2168.35	19577.6	69144.1	15719.6	21064.8	7460.99	4141.03	2536.12	8642.13	740988	0	0	1	0	0xd43f5e018b415631
4	2	0	A	0	86	151427	2275.61	19557.2	69764	15890.6	21267	7553.19	3851.85	2502	8673.21	746717	0	2	1	0	0xd43f5e018b415631
4	2	0	A	0	87	153497	2242.73	19481	72429.6	15934.4	20060.1	7691.41	4498.93	2561.96	8506.83	766146	0	2	1	0	0xd43f5e018b415631
4	2	0	A	0	88	150523	2185.31	19528	69477.2	15675.3	21096.4	7535.87	3797.27	2504.41	8635.38	740156	0	2	1	0	0xd43f5e018b415631
4	2	0	A	0	89	151372	2263.07	19443.2	69597.5	15688.3	21558.2	7513.53	3945.57	2502.08	8767.22	746065	0	2	1	0	0xd43f5e018b415631
4	2	0	A	0	90	149899	2234.86	19413.9	69766.6	15828.3	19897.3	7473.82	4004.11	2564.62	8623.33	746250	0	3	1	0	0xd43f5e018b415631
4	2	0	A	0	91	150542	2192.27	19620	69655.9	15846.1	20691.5	7454.23	3864.86	2487.66	8639.13	738534	0	1	1	0	0xd43f5e018b415631
4	2	0	A	0	92	150827	2246.23	19486.7	69446.7	15682.4	21236.4	7643.16	3864.85	2498.29	8632.5	743654	0	1	1	0	0xd43f5e018b415631
4	2	0	A	0	93	149842	2234.11	19519.4	69464.3	15848.4	19963.5	7474.49	3950.78	2592.04	8703.13	746463	0	2	1	0	0xd43f5e018b415631
4	2	0	A	0	94	150464	2179.11	19480.9	69578.3	15695.8	20789.8	7423.65	4042.48	2499.79	8680.54	738553	0	0	1	0	0xd43f5e018b415631
4	2	0	A	0	95	151042	2256.48	19371.9	69588.6	15745.8	21175.4	7537.07	4067.36	2499.45	8709.67	744299	1	0	1	0	0xd43f5e018b415631
4	2	0	A	0	96	149745	2341.7	19518.3	69292.4	15780.6	19974.3	7589.45	3979.94	2515.5	8661.79	745858	0	1	1	0	0xd43f5e018b415631
4	2	0	A	0	97	150325	2167.31	19455.3	69277.6	15769.2	20904.2	7521.7	3918.69	2558.08	8662.92	738636	0	1	1	0	0xd43f5e018b415631
4	2	0	A	0	98	151286	2420.95	19594.9	69618.9	15906.8	21179	7443.44	3840.52	2545.75	8643.88	745464	0	0	1	0	0xd43f5e018b415631
4	2	0	A	0	99	150908	2245.28	19542.5	69664.7	15839.8	20566.3	7706.37	4056.57	2536.83	8657.75	747050	0	0	1	0	0xd43f5e018b415631
5	2	1	B	0	0	150753	2281.15	19348.7	69333.3	15825.6	21313.9	7549.45	3881.73	2493.41	8632.25	746278	0	1	1	0	0xd43f5e018b415631
5	2	1	B	0	1	150141	2266.69	19538.8	69897.1	15720.1	19903	7463.65	3982.44	2596.25	8680.04	747046	0	1	1	0	0xd43f5e018b415631
5	2	1	B	0	2	150519	2184.31	19358.3	69913.2	15664	20667.6	7585.53	3888.15	2508.91	8653.58	737924	0	2	1	0	0xd43f5e018b415631
5	2	1	B	0	3	151190	2237.32	19582.6	69462.2	15812.4	21075.7	7637.58	4066.53	2547.5	8638.42	743537	0	3	1	0	0xd43f5e018b415631
5	2	1	B	0	4	150713	2275.11	19481.6	69410.6	15706.4	21247.7	7538.04	3769.26	2546.29	8644.21	745599	0	0	1	0	0xd43f5e018b415631
5	2	1	B	0	5	150180	2257.65	19454.2	69588.2	15779.7	20213.8	7646.37	3988.4	2489.45	8676.08	749309	0	0	1	0	0xd43f5e018b415631
5	2	1	B	0	6	150904	2360.11	19442.5	69860.8	15624.9	20681.5	7570.99	4051.41	2498.45	8721.55	740340	0	0	1	0	0xd43f5e018b415631
5	2	1	B	0	7	151064	2252.65	19393.6	69954.5	15698.1	21049.1	7607.16	3786.68	2582.67	8644.17	743947	0	1	1	0	0xd43f5e018b415631
5	2	1	B	0	8	149834	2260.9	19543.1	69695.9	15714.5	19879	7498.95	3940.56	2537.46	8672.79	745513	0	2	1	0	0xd43f5e018b415631
5	2	1	B	0	9	150359	2230.23	19443.5	69354.8	15751.7	20795.5	7442.86	3982.82	2539.66	8723.09	737890	0	1	1	0	0xd43f5e018b415631
5	2	1	B	0	10	150713	2283.36	19486.9	69397.5	15661.5	21232.2	7525.57	3852.6	2499.95	8680.33	743782	0	1	1	0	0xd43f5e018b415631
5	2	1	B	0	11	153010	2263.32	19555.4	69611	15884	22910.5	7621.7	3898.02	2512.12	8659.42	750401	0	1	1	0	0xd43f5e018b415631
5	2	1	B	0	12	151073	2248.78	19314.1	69448.5	15773.6	21109.7	7795.04	4043.9	2540.5	8705.46	743261	0	2	1	0	0xd43f5e018b415631
5	2	1	B	0	13	151633	2284.32	19867.2	69664.3	15721.8	21165.1	7482.37	4170.41	2534.87	8650.63	746644	0	4	1	0	0xd43f5e018b415631
5	2	1	B	0	14	149671	2256.36	19527.8	69191.8	15738	19893	7547.53	4186.24	2578.13	8660.88	744884	0	1	1	0	0xd43f5e018b415631
5	2	1	B	0	15	150317	2179.19	19450.4	69469	15742.3	20940.3	7408.73	3901.52	2500.54	8629.71	737940	0	2	1	0	0xd43f5e018b415631
5	2	1	B	0	16	151134	2283.61	19430.8	69725.4	15722	21211.3	7361.15	3986.19	2562.33	8763.97	744529	0	3	1	0	0xd43f5e018b415631
5	2	1	B	0	17	149275	2254.03	19320.2	69132.3	15795.9	20148.3	7276.48	4192.62	2499.49	8564.91	745347	0	0	1	0	0xd43f5e018b415631
5	2	1	B	0	18	150875	2183.06	19465.2	69662.6	15737.5	20979.3	7472.65	4023.15	2584.16	8678.17	740874	0	2	1	0	0xd43f5e018b415631
5	2	1	B	0	19	151084	2343.53	19517.6	69495.7	15776.5	21166.4	7615.41	3878.1	2546.75	8654.71	744849	0	0	1	0	0xd43f5e018b415631
5	2	1	B	0	20	151844	2268.69	19505.6	70130.9	15923.3	21182.7	7512.9	4082.7	2494.87	8648.92	748308	0	1	1	0	0xd43f5e018b415631
5	2	1	B	0	21	149866	2261.15	19497.9	69566.1	15909.4	19982	7432.15	3907.44	2566.41	8653.25	746061	0	1	1	0	0xd43f5e018b415631
5	2	1	B	0	22	150417	2279.49	19306.3	69521	15804.8	20844.9	7548.82	3889.1	2488.54	8643	738256	0	0	1	0	0xd43f5e018b415631
5	2	1	B	0	23	151416	2257.4	19494.1	69575.6	15801	21128.1	7649.41	4011.07	2769.76	8638.08	744509	0	4	1	0	0xd43f5e018b415631
5	2	1	B	0	24	152849	2273.11	19427.6	69570.4	16114.2	22398.2	7542.83	3938.73	2869.01	8622.04	763465	0	1	1	0	0xd43f5e018b415631
5	2	1	B	0	25	150772	2180.27	19455.7	69489.5	15789.5	21020.8	7448.65	4113.37	2543.25	8640	740961	0	3	1	0	0xd43f5e018b415631
5	2	1	B	0	26	151216	2279.44	19409.1	69817.7	15677.1	21256.6	7350.85	4146.66	2508.62	8678.67	745399	0	1	1	0	0xd43f5e018b415631
5	2	1	B	0	27	150660	2267.69	19595.2	69232.1	15860.9	20599.2	7643.79	4068.69	2603.54	8696.54	746711	0	2	1	0	0xd43f5e018b415631
5	2	1	B	0	28	150397	2262.65	19372.6	69947.5	15765.4	20280.4	7584.53	4058.28	2502.99	8533.54	750983	0	1	1	0	0xd43f5e018b415631
5	2	1	B	0	29	150812	2208.07	19477.4	69613.1	15791.4	20952.2	7637.83	3868.19	2553.17	8618.08	740880	0	1	1	0	0xd43f5e018b415631
5	2	1	B	0	30	151106	2286.49	19312.8	69748.2	15698.4	21246.6	7649.91	3894.18	2513.7	8660.62	744849	0	2	1	0	0xd43f5e018b415631
5	2	1	B	0	31	151021	2266.4	19557.3	70303.6	15718.1	20576	7425.94	3804.43	2577.96	8662.96	747153	0	2	1	0	0xd43f5e018b415631
5	2	1	B	0	32	150141	2487.24	19456	69602	15912.1	20204.3	7459.69	3888.98	2500.29	8537.83	749809	0	0	1	0	0xd43f5e018b415631
5	2	1	B	0	33	151268	2202.61	19407.9	69929.4	15662.2	21191.8	7661.91	3907.73	2576.46	8636.42	741357	0	1	1	0	0xd43f5e018b415631
5	2	1	B	0	34	150821	2213.9	19352.7	69511.3	15822.8	21136.4	7489.86	4024.94	2543.17	8633.92	742965	0	1	1	0	0xd43f5e018b415631
5	2	1	B	0	35	149337	2327.86	19465.1	69370	15675.8	19930.5	7476.65	3956.02	2547.21	8492.03	745260	0	0	1	0	0xd43f5e018b415631
5	2	1	B	0	36	151088	2274.15	19483.2	70123.3	15803.3	20714.1	7523.78	3926.4	2504.79	8642.83	740622	0	2	1	0	0xd43f5e018b415631
5	2	1	B	0	37	150821	2241.11	19562.2	69327	15822	21111.9	7417.56	4076.2	2530.7	8641.83	743141	1	0	1	0	0xd43f5e018b415631
5	2	1	B	0	38	153228	2245.86	19454.4	72329.1	15780.7	20245.3	7646.12	4354.21	2526	8556.45	765060	0	3	1	0	0xd43f5e018b415631
5	2	1	B	0	39	150893	2370.03	19439.2	69685.4	15772.6	21003.9	7564.53	3819.14	2530.87	8614.96	741006	0	2	1	0	0xd43f5e018b415631
5	2	1	B	0	40	151103	2260.48	19565.8	69636.7	15882.3	21190.6	7392.11	3931.73	2498.87	8652.25	744799	0	1	1	0	0xd43f5e018b415631
5	2	1	B	0	41	149855	2257.53	19539.5	69779.3	15688.2	19951.6	7475.53	3852.02	2570.67	8650.04	745733	0	3	1	0	0xd43f5e018b415631
5	2	1	B	0	42	150575	2182.61	19414	69773	15647.6	20690.8	7509.57	4087.24	2520.83	8654.96	738271	0	1	1	0	0xd43f5e018b415631
5	2	1	B	0	43	150936	2331.07	19427.4	69518.8	15715.5	21180.6	7644.08	3833.35	2555.66	8640.42	743353	0	3	1	0	0xd43f5e018b415631
5	2	1	B	0	44	150811	2263.73	19494.7	69909.6	15816.4	20576.7	7434.48	4027.86	2537.46	8660.88	746651	0	2	1	0	0xd43f5e018b415631
5	2	1	B	0	45	150137	2244.07	19477.9	69821.3	15940.2	20216	7384.73	3905.69	2505.08	8552.75	749869	0	1	1	0	0xd43f5e018b415631
5	2	1	B	0	46	150777	2176.06	19464.1	69545	15762.3	20935.1	7666.24	3942.23	2538.54	8654.08	741150	0	0	1	0	0xd43f5e018b415631
5	2	1	B	0	47	151328	2289.94	19663.7	69674.5	15720.6	21170.4	7622.2	3895.23	2536.91	8660.96	745370	2	2	1	0	0xd43f5e018b415631
5	2	1	B	0	48	151500	2270.65	19617.5	69709	15727.1	21311	7697.58	3889.48	2541.62	8646.08	747577	0	0	1	0	0xd43f5e018b415631
5	2	1	B	0	49	149567	2265.19	19456	69383.2	15787.1	20170.6	7504.28	3878.48	2508.46	8522.03	746644	0	1	1	0	0xd43f5e018b415631
5	2	1	B	0	50	150719	2280.28	19473.7	69476.8	15850.4	20870.5	7614.25	3876.61	2544.87	8638.29	740521	0	2	1	0	0xd43f5e018b415631
5	2	1	B	0	51	152784	2284.94	19411.6	70466.1	15981.5	21271.9	8214.35	4040.11	2500.37	8517.49	762672	0	3	1	0	0xd43f5e018b415631
5	2	1	B	0	52	150776	2193.56	19468.2	69672.3	15777.1	20908.4	7719.79	3751.93	2501.45	8690.13	740716	0	1	1	0	0xd43f5e018b415631
5	2	1	B	0	53	151120	2243.23	19428.4	69750.4	15693.2	21185.8	7585.61	3958.73	2546	8636.87	744919	0	3	1	0	0xd43f5e018b415631
5	2	1	B	0	54	149740	2258.94	19441.3	69534.4	15793	19915.7	7550.2	3878.47	2559.25	8717.42	745957	0	1	1	0	0xd43f5e018b415631
5	2	1	B	0	55	150463	2269.23	19374.8	69626.3	15753.3	20849.3	7404.4	3961.06	2505.2	8627.5	738838	0	2	1	0	0xd43f5e018b415631
5	2	1	B	0	56	151265	2310.7	19544.3	69561.6	15879.9	21132.4	7616.62	3934.27	2531.79	8657.25	744822	0	3	1	0	0xd43f5e018b415631
5	2	1	B	0	57	151601	2354.65	19559.1	69797.7	15698.7	21284.9	7652.07	4002.69	2502.54	8658.75	747322	0	1	1	0	0xd43f5e018b415631
5	2	1	B	0	58	150707	2396.99	19502.9	69587.4	15803.1	20586.6	7546.24	3987.73	2542.96	8664.88	747123	0	0	1	0	0xd43f5e018b415631
5	2	1	B	0	59	150301	2305.49	19474.8	69746.7	15751.5	20376.4	7457.82	3868.02	2555.71	8672.08	751000	0	0	1	0	0xd43f5e018b415631
5	2	1	B	0	60	151027	2188.65	19446.6	69828.5	15989.6	20915.8	7540.36	3851.35	2533.95	8638.92	741184	0	6	1	0	0xd43f5e018b415631
5	2	1	B	0	61	151345	2252.19	19358.5	69895.4	15877.8	21082	7762.08	3815.31	2545.66	8667.04	744886	0	1	1	0	0xd43f5e018b415631
5	2	1	B	0	62	151168	2356.82	19406.4	69806	15737.7	21264.6	7452.94	3863.93	2536.41	8650.75	746458	0	1	1	0	0xd43f5e018b415631
5	2	1	B	0	63	150181	2244.69	19531.7	69795.6	15910.5	20000	7494.95	3926.48	2553.71	8631.83	747862	0	1	1	0	0xd43f5e018b415631
5	2	1	B	0	64	153447	2178.4	19532.5	69790.4	17149.2	21934.7	7455.52	4147.91	2502.33	8662.62	757441	0	2	1	0	0xd43f5e018b415631
5	2	1	B	0	65	149705	2418.99	19606.4	69195.7	15733.3	20077.5	7488.61	3946.81	2611.3	8530.41	746964	0	2	1	0	0xd43f5e018b415631
5	2	1	B	0	66	151642	2181.27	19513.6	70258.3	15712.1	20362.3	8406.15	4052.49	2497.33	8569.12	757050	0	3	1	0	0xd43f5e018b415631
5	2	1	B	0	67	150540	2193.06	19530.1	69201.2	15760.9	21055.6	7475.98	4049.7	2556.12	8624.75	740324	0	1	1	0	0xd43f5e018b415631
5	2	1	B	0	68	151115	2549.33	19409.1	69371.4	15663	21340.6	7519.69	4014.73	2511.2	8647.58	745815	0	2	1	0	0xd43f5e018b415631
5	2	1	B	0	69	149582	2257.36	19510.9	69342.8	15745.6	20329.3	7355.56	3820.18	2540.66	8585.83	746788	0	4	1	0	0xd43f5e018b415631
5	2	1	B	0	70	150800	2211.44	19493.9	69701.5	15797.1	20953.2	7504.62	3859.18	2526	8660.83	741014	0	1	1	0	0xd43f5e018b415631
5	2	1	B	0	71	151213	2284.74	19424.1	69757.3	15741.1	21200.1	7515.86	4017.27	2538.25	8641.25	745153	0	1	1	0	0xd43f5e018b415631
5	2	1	B	0	72	150672	2393.07	19452.7	69548.2	15724.9	20539	7584.49	4134.66	2539.54	8663.75	746860	0	1	1	0	0xd43f5e018b415631
5	2	1	B	0	73	149975	2252.69	19436.8	69396.5	15637	20471.9	7648.12	3870.94	2540.79	8628.42	734532	0	1	1	0	0xd43f5e018b415631
5	2	1	B	0	74	150943	2187.61	19428.8	69834.2	15756.6	21066.3	7576.91	3840.85	2538.21	8622.37	742429	0	1	1	0	0xd43f5e018b415631
5	2	1	B	0	75	151147	2351.86	19374.6	69784.7	15661.4	21314.2	7495.9	3907.31	2517.33	8651.87	746070	0	0	1	0	0xd43f5e018b415631
5	2	1	B	0	76	150177	2334.9	19421.6	69886.6	15748.4	19983.9	7512.7	3964.73	2587.38	8639.62	747460	0	3	1	0	0xd43f5e018b415631
5	2	1	B	0	77	150604	2283.28	19352.1	70005.4	15688.6	20675.1	7504.61	3880.6	2491.12	8627.96	738387	0	1	1	0	0xd43f5e018b415631
5	2	1	B	0	78	153745	2251.19	19476.3	72892.3	15767.4	20651.9	7400.56	4014.73	2539.96	8656.17	762060	0	2	1	0	0xd43f5e018b415631
5	2	1	B	0	79	150421	2268.07	19474.6	69855.3	15674	20507.5	7512.95	3936.06	2579.66	8521.41	750620	0	4	1	0	0xd43f5e018b415631
5	2	1	B	0	80	150472	2199.36	19407.5	69075.8	15814	21085.6	7547.77	4022.57	2534.75	8690.21	740349	0	2	1	0	0xd43f5e018b415631
5	2	1	B	0	81	151459	2244.11	19589.3	69820.6	15734.9	21181.7	7763.66	3840.35	2514.5	8675.17	746109	0	1	1	0	0xd43f5e018b415631
5	2	1	B	0	82	151620	2257.15	19457.5	69935.7	15673.2	21303.9	7576.78	4158.65	2502.49	8662.21	747497	0	1	1	0	0xd43f5e018b415631
5	2	1	B	0	83	150677	2357.07	19475.1	69793.1	15714.8	20586.7	7497.82	3977.28	2545.5	8637.46	747112	0	2	1	0	0xd43f5e018b415631
5	2	1	B	0	84	150446	2258.78	19519.9	69950.6	15685.4	20458.3	7496.86	3864.18	2510.95	8612.58	751392	0	0	1	0	0xd43f5e018b415631
5	2	1	B	0	85	150876	2342.03	19376.7	69511.2	15804.4	20917.5	7641.41	3985.23	2543.21	8663.08	741178	0	0	1	0	0xd43f5e018b415631
5	2	1	B	0	86	151101	2340.65	19523.7	69526	15765.3	21160	7657.83	3838.06	2538.62	8660.54	744894	0	1	1	0	0xd43f5e018b415631
5	2	1	B	0	87	149838	2273.36	19396.3	69800.7	15754.5	19953	7412.07	3942.94	2586.66	8628.16	746322	0	1	1	0	0xd43f5e018b415631
5	2	1	B	0	88	150645	2219.15	19547	69717.7	15753.7	20770.6	7437.69	3946.94	2498.87	8661.29	738975	0	0	1	0	0xd43f5e018b415631
5	2	1	B	0	89	150665	2247.23	19456	69374.5	15722.9	21210.3	7306.31	3899.27	2625.79	8729.04	743347	0	2	1	0	0xd43f5e018b415631
5	2	1	B	0	90	149956	2283.44	19520.9	69581.4	15723.3	20031.8	7613.36	3970.23	2497.41	8645.41	747020	2	0	1	0	0xd43f5e018b415631
5	2	1	B	0	91	153865	2285.49	19543.5	70863.1	16058.3	21444.2	8348.69	4042.69	2501.58	8685.67	758075	0	4	1	0	0xd43f5e018b415631
5	2	1	B	0	92	150614	2403.32	19479.7	69735.3	15744.2	20616.5	7438.31	3887.02	2534.54	8681.67	746577	0	1	1	0	0xd43f5e018b415631
5	2	1	B	0	93	150283	2286.15	19523	69620.2	15739.6	20344.1	7505.86	3971.73	2561.04	8641.42	750662	0	1	1	0	0xd43f5e018b415631
5	2	1	B	0	94	151010	2230.15	19475.2	69859.8	15801.4	20816.4	7490.77	4041.61	2568.92	8637.16	741098	0	3	1	0	0xd43f5e018b415631
5	2	1	B	0	95	151133	2253.52	19633.9	69596.2	15744.3	21142.8	7498.65	3883.77	2586.71	8701.83	744355	0	1	1	0	0xd43f5e018b415631
5	2	1	B	0	96	151308	2246.36	19586.7	70077.2	15713.5	21229.4	7339.27	3830.89	2531.29	8661.54	747016	0	3	1	0	0xd43f5e018b415631
5	2	1	B	0	97	149759	2263.03	19615.9	69203.5	15799.2	20155.5	7425.32	4130.2	2495.2	8582.66	747361	0	2	1	0	0xd43f5e018b415631
5	2	1	B	0	98	150662	2222.73	19466.6	69514.1	15814.4	21052.2	7425.57	3881.27	2538.7	8656.46	740330	0	1	1	0	0xd43f5e018b415631
5	2	1	B	0	99	151217	2276.23	19467.1	69598.1	15750	21241.3	7811.5	3802.81	2497.91	8683	745292	0	1	1	0	0xd43f5e018b415631
6	3	0	B	0	0	150603	2197.06	19456.5	69420.4	15782	20999.5	7377.81	4096.95	2539.04	8642.16	740990	0	1	1	0	0xd43f5e018b415631
6	3	0	B	0	1	151245	2339.07	19427.5	69721.9	15687.2	21166.4	7542.86	4057.11	2547.37	8661.08	745302	0	1	1	0	0xd43f5e018b415631
6	3	0	B	0	2	153186	2248.48	19546.3	72337.8	15632.5	20321.1	7890.63	3912.31	2514.62	8687.42	765299	0	2	1	0	0xd43f5e018b415631
6	3	0	B	0	3	151059	2232.57	19474.8	69772.5	15801.7	20989.5	7567.87	3898.14	2542.66	8685.42	741307	0	3	1	0	0xd43f5e018b415631
6	3	0	B	0	4	151456	2269.48	19514.8	69815.2	15774	21129.3	7609.16	4055.73	2540	8659.25	744837	0	2	1	0	0xd43f5e018b415631
6	3	0	B	0	5	151417	2270.11	19515	69821.8	15790.6	21183.1	7545.9	3925.31	2562.96	8671.21	746171	0	1	1	0	0xd43f5e018b415631
6	3	0	B	0	6	150581	2330.03	19494.8	69718	15868.4	20589.2	7499.11	3792.22	2539.21	8658.29	746512	2	3	1	0	0xd43f5e018b415631
6	3	0	B	0	7	150355	2199.77	19394.1	69966.2	15699.1	20405.6	7517.94	3848.51	2538.45	8694.96	751273	0	1	1	0	0xd43f5e018b415631
6	3	0	B	0	8	150805	2225.19	19507.9	69561.6	15727.4	20954.6	7637.74	3940.48	2506.7	8653.75	741421	0	0	1	0	0xd43f5e018b415631
6	3	0	B	0	9	151000	2276.32	19457.9	69357.2	15824.2	21293	7582.4	3933.4	2536.25	8649.12	745469	0	2	1	0	0xd43f5e018b415631
6	3	0	B	0	10	150023	2261.53	19448.9	69855.7	15680.2	20042.3	7542.9	3922.85	2497.45	8677.37	747398	1	2	1	0	0xd43f5e018b415631
6	3	0	B	0	11	150710	2194.69	19723.3	69490.7	15743.5	20712.2	7698.83	3901.86	2505.5	8649.08	739190	0	2	1	0	0xd43f5e018b415631
6	3	0	B	0	12	150866	2234.65	19537.2	69392.1	15825.1	21258	7472.53	3843.85	2530.79	8680.29	743695	0	0	1	0	0xd43f5e018b415631
6	3	0	B	0	13	149394	2411.66	19469.4	69196.1	15705.6	20109.4	7423.9	3930.06	2515.79	8539.41	745788	0	2	1	0	0xd43f5e018b415631
6	3	0	B	0	14	151458	2198.9	19680.3	70093.9	15815.5	20703.1	7526.03	4085.07	2515.58	8716.92	757021	0	1	1	0	0xd43f5e018b415631
6	3	0	B	0	15	152546	2192.81	19460.6	69627.9	16561.9	21400.7	7642.16	4061.36	2839.34	8666.71	759301	0	2	1	0	0xd43f5e018b415631
6	3	0	B	0	16	150098	2206.61	19481.5	69153.8	15790.7	20911.8	7429.44	3894.02	2503.95	8635.25	737987	0	0	1	0	0xd43f5e018b415631
6	3	0	B	0	17	151753	2299.57	19577.3	69950.5	15814.3	21060	7724.12	4013.11	2558.79	8660.33	745917	0	4	1	0	0xd43f5e018b415631
6	3	0	B	0	18	151099	2252.94	19359.8	69630	15717.8	21339	7468.9	4026.69	2543.33	8670.5	745712	0	1	1	0	0xd43f5e018b415631
6	3	0	B	0	19	150294	2280.65	19489.5	69988.2	15837.2	19975.7	7476.81	3941.89	2531.16	8675.29	747467	0	4	1	0	0xd43f5e018b415631
6	3	0	B	0	20	150669	2216.94	19843.6	69640.8	15624	20564.8	7584.11	3917.35	2506.45	8678.71	737547	0	1	1	0	0xd43f5e018b415631
6	3	0	B	0	21	150931	2191.31	19482.8	69691.2	15763.8	21072	7387.56	4026.61	2550.16	8674.83	742416	0	0	1	0	0xd43f5e018b415631
6	3	0	B	0	22	151287	2282.69	19541.2	69530.4	15813.9	21249.3	7473.14	4081.11	2507.33	8713.33	746087	1	0	1	0	0xd43f5e018b415631
6	3	0	B	0	23	151044	2261.53	19518.1	69994.7	15894.6	20582.3	7439.73	3951.48	2640.79	8643.54	747758	0	2	1	0	0xd43f5e018b415631
6	3	0	B	0	24	150074	2268.78	19496.4	69693.7	15668.6	20397.5	7432.98	3915.48	2503.49	8599.87	749684	0	1	1	0	0xd43f5e018b415631
6	3	0	B	0	25	150602	2180.23	19431.6	69504.6	15786.1	20997.8	7539.15	3873.6	2546.79	8648.91	741077	0	0	1	0	0xd43f5e018b415631
6	3	0	B	0	26	149580	2280.65	19399.8	69271.8	15702.4	19945.5	7657.82	4015.69	2554.08	8656.62	744690	0	2	1	0	0xd43f5e018b415631
6	3	0	B	0	27	149959	2181.02	19487.4	69159.5	15686.8	20955.8	7307.77	3912.19	2498.7	8676.29	737447	0	2	1	0	0xd43f5e018b415631
6	3	0	B	0	28	153214	2277.9	19360.7	72010.7	16447.3	20022.4	7877.71	3901.23	2520.25	8704.21	763928	0	2	1	0	0xd43f5e018b415631
6	3	0	B	0	29	150719	2196.73	19535.1	69669.4	15708.7	20836.4	7572.45	3955.98	2499.74	8650.79	739761	1	0	1	0	0xd43f5e018b415631
6	3	0	B	0	30	151404	2356.03	19605.4	69708.2	15818.3	21076.1	7598.4	3970.31	2536.54	8642.16	744386	0	4	1	0	0xd43f5e018b415631
6	3	0	B	0	31	151231	2272.98	19558.3	69721.1	15680	21397.6	7323.89	3962.73	2545.41	8674	745734	0	3	1	0	0xd43f5e018b415631
6	3	0	B	0	32	149840	2262.94	19505.5	69462.9	15756.1	20090.4	7509.23	3954.23	2511.58	8695.87	746699	1	1	1	0	0xd43f5e018b415631
6	3	0	B	0	33	150544	2201.27	19405.1	69962.5	15685.9	20809.3	7333.48	3916.52	2502.29	8634.54	738997	0	2	1	0	0xd43f5e018b415631
6	3	0	B	0	34	151321	2270.78	19640.9	69698.3	15870.8	21195.1	7548.98	3799.72	2529.17	8671.54	744704	1	1	1	0	0xd43f5e018b415631
6	3	0	B	0	35	151499	2351.53	19462.1	69829.7	15822.4	21202.4	7609.9	3936.86	2512.2	8679.75	746733	0	1	1	0	0xd43f5e018b415631
6	3	0	B	0	36	149433	2283.65	19386.9	69614.2	15674	20068.2	7373.77	3942.32	2498.58	8498.2	745751	1	1	1	0	0xd43f5e018b415631
6	3	0	B	0	37	150726	2183.36	19408.4	69649	15801.4	20920.4	7554.82	3932.44	2539.96	8640.95	740373	0	1	1	0	0xd43f5e018b415631
6	3	0	B	0	38	151064	2278.48	19436.1	69753.3	15647.5	21245.9	7545.4	3877.35	2539.29	8649.04	744939	0	0	1	0	0xd43f5e018b415631
6	3	0	B	0	39	149506	2269.82	19594	69268	15769.8	20086.8	7437.35	3952.15	2495.49	8540.62	746063	0	2	1	0	0xd43f5e018b415631
6	3	0	B	0	40	150659	2237.48	19377.1	69528.5	15822.7	21031.3	7327.01	4049.07	2519.7	8673.46	740439	0	0	1	0	0xd43f5e018b415631
6	3	0	B	0	41	151175	2262.98	19380.6	69859.9	15780	21241.6	7436.28	3934.31	2553.04	8633.75	744880	0	3	1	0	0xd43f5e018b415631
6	3	0	B	0	42	153392	2249.94	19506.8	72788	15899.5	20246.9	7517.48	3975.19	2585.04	8526.86	765566	0	2	1	0	0xd43f5e018b415631
6	3	0	B	0	43	151413	2195.23	19385.3	69967.8	15959.1	20755.7	7863.75	3943.06	2567.96	8679.33	756698	0	6	1	0	0xd43f5e018b415631
6	3	0	B	0	44	151093	2207.31	19567.7	69746.7	15710.8	20961.6	7616.4	3912.02	2618.5	8656.95	742125	0	1	1	0	0xd43f5e018b415631
6	3	0	B	0	45	151137	2247.61	19380.6	69582.8	15781	21224.1	7611.32	4036.94	2502.28	8647.91	744922	0	2	1	0	0xd43f5e018b415631
6	3	0	B	0	46	149985	2243.15	19482.6	69704.7	15857.9	19871.4	7524.53	3990.73	2557.2	8658.25	746248	0	3	1	0	0xd43f5e018b415631
6	3	0	B	0	47	150439	2204.4	19400.1	69398.2	15751.5	20779.1	7554.48	4059.44	2559.25	8641.58	737988	0	0	1	0	0xd43f5e018b415631
6	3	0	B	0	48	150968	2270.28	19531.8	69334.5	15850	21233.5	7356.56	4029.82	2566.16	8705.71	743936	0	0	1	0	0xd43f5e018b415631
6	3	0	B	0	49	149417	2323.86	19503.8	69408.5	15806	19949	7382.69	3921.31	2546.45	8481.61	745621	0	0	1	0	0xd43f5e018b415631
6	3	0	B	0	50	150779	2221.4	19537.2	69446.9	15785.8	20925.3	7650.91	3884.61	2545.33	8689.08	740399	0	1	1	0	0xd43f5e018b415631
6	3	0	B	0	51	151244	2304.57	19463.1	69448.9	15824.8	21211.4	7481.36	4158.32	2581.33	8680.5	744818	0	1	1	0	0xd43f5e018b415631
6	3	0	B	0	52	151263	2281.07	19479.5	69609	15771.7	21399.4	7615.2	3829.1	2537.58	8644.66	746801	0	2	1	0	0xd43f5e018b415631
6	3	0	B	0	53	149773	2274.4	19586	69714.4	15737.8	20039.5	7481.86	3820.85	2498.12	8532.49	747449	0	1	1	0	0xd43f5e018b415631
6	3	0	B	0	54	150788	2228.86	19574.2	69792.4	15775.3	20826.8	7568.73	3805.56	2497.29	8630.25	740079	0	2	1	0	0xd43f5e018b415631
6	3	0	B	0	55	153123	2277.69	19610.1	69742.1	17611.9	20977.3	7594.78	3946.48	2613.58	8658.29	762244	0	2	1	0	0xd43f5e018b415631
6	3	0	B	0	56	151002	2275.57	19416.8	70048	15619.5	20779.2	7583.53	3939.44	2502.7	8744.83	754608	0	5	1	0	0xd43f5e018b415631
6	3	0	B	0	57	150857	2200.15	19436.5	69383.9	15849	21065.4	7618.11	4006.44	2554.16	8648.83	741753	0	2	1	0	0xd43f5e018b415631
6	3	0	B	0	58	149077	2240.32	19625.3	69142.7	15679.2	19926.7	7467.4	3901.52	2505.91	8491.61	743744	0	1	1	0	0xd43f5e018b415631
6	3	0	B	0	59	150836	2185.35	19432.6	69569.8	15922.9	20837.8	7474.69	4106.57	2546.83	8662.95	740226	0	3	1	0	0xd43f5e018b415631
6	3	0	B	0	60	151201	2253.07	19463.9	69609.9	15892.8	21362.8	7475.31	3867.02	2507.54	8673.62	744446	0	1	1	0	0xd43f5e018b415631
6	3	0	B	0	61	149703	2253.4	19470.8	69683.7	15777.7	19868.2	7282.27	4051.73	2544.45	8679.5	745166	0	1	1	0	0xd43f5e018b415631
6	3	0	B	0	62	150743	2326.28	19500.4	70007.6	15625.7	20638.2	7508.65	3874.73	2516.2	8651.2	738500	0	1	1	0	0xd43f5e018b415631
6	3	0	B	0	63	150706	2184.86	19439.1	69562.7	15712.2	21147.4	7415.48	3918.52	2576.66	8659.87	742506	0	1	1	0	0xd43f5e018b415631
6	3	0	B	0	64	149652	2265.77	19529.2	69522.4	15678.5	19944.2	7477.94	3898.44	2545.54	8698.08	745691	0	1	1	0	0xd43f5e018b415631
6	3	0	B	0	65	150545	2189.52	19459.3	69567.6	15717	20884.4	7636.7	3847.52	2513.37	8638.83	739144	0	0	1	0	0xd43f5e018b415631
6	3	0	B	0	66	151092	2238.94	19483	69797.7	15669.3	21167.3	7539.15	3906.39	2499.45	8700.62	744518	0	2	1	0	0xd43f5e018b415631
6	3	0	B	0	67	150589	2272.19	19509.2	69505.4	15778.7	20613.4	7616.12	3966.35	2586.88	8649.54	746399	0	1	1	0	0xd43f5e018b415631
6	3	0	B	0	68	153718	2695.13	19389.7	71189.3	15895.4	21160.1	7811.03	3908.19	2934.89	8641.25	754266	0	1	1	0	0xd43f5e018b415631
6	3	0	B	0	69	151213	2284.53	19489	69726.9	15760.5	21137.3	7594.61	3895.52	2528.08	8699.54	744106	0	0	1	0	0xd43f5e018b415631
6	3	0	B	0	70	151335	2250.44	19833.9	69563.4	15686.8	21286.3	7451.81	3938.23	2547.79	8678.83	746164	0	4	1	0	0xd43f5e018b415631
6	3	0	B	0	71	149546	2246.86	19608.6	69146.2	15749.5	20127.2	7541.07	4037.4	2532.33	8466.19	746361	0	1	1	0	0xd43f5e018b415631
6	3	0	B	0	72	151252	2180.6	19427.1	70316.2	15749.8	20773.2	7728.54	3800.76	2511.24	8670.04	740872	0	3	1	0	0xd43f5e018b415631
6	3	0	B	0	73	150857	2212.02	19366.5	69735.4	15761	21092.7	7504.4	3879.77	2534.99	8680.79	742525	1	0	1	0	0xd43f5e018b415631
6	3	0	B	0	74	151248	2303.69	19490.6	69678.2	15691.3	21328.8	7581.91	3904.1	2514.62	8660.91	746561	0	1	1	0	0xd43f5e018b415631
6	3	0	B	0	75	150164	2300.28	19449.1	69722.1	15842.4	19955	7624.03	3965.39	2536.67	8675.75	747656	0	0	1	0	0xd43f5e018b415631
6	3	0	B	0	76	150471	2225.07	19465.3	69443.6	15761.3	20879.5	7426.06	3987.48	2514.45	8675	738188	0	3	1	0	0xd43f5e018b415631
6	3	0	B	0	77	150884	2257.19	19434.1	69550.6	15629.2	21239.2	7636.03	3889.77	2503.91	8655.54	743960	0	1	1	0	0xd43f5e018b415631
6	3	0	B	0	78	151001	2355.07	19510.4	70030.6	15825.1	20540.3	7439.14	3923.73	2578.62	8702.75	747734	0	0	1	0	0xd43f5e018b415631
6	3	0	B	0	79	150310	2279.36	19500.3	69643.2	15886.5	20190	7596.07	4076.07	2504.66	8542.28	749939	0	2	1	0	0xd43f5e018b415631
6	3	0	B	0	80	150708	2205.19	19435.1	69280.7	15799	20964	7626.99	4055.03	2543.16	8704.75	740222	0	1	1	0	0xd43f5e018b415631
6	3	0	B	0	81	151337	2282.4	19533.3	69643.7	15855.4	21285.1	7378.27	3992.07	2558.83	8711.29	744653	0	1	1	0	0xd43f5e018b415631
6	3	0	B	0	82	153016	2246.27	19523.3	72268.2	15777.2	20293.5	7589.78	4025.4	2609.54	8590.95	764227	0	0	1	0	0xd43f5e018b415631
6	3	0	B	0	83	150944	2217.31	19369	69577.2	15780.8	20961.6	7467.52	4304.91	2538.58	8632.7	740936	0	2	1	0	0xd43f5e018b415631
6	3	0	B	0	84	151698	2533.2	19414	70119.3	15783.7	21000.5	7563.49	4001.15	2534.96	8653.62	745060	0	3	1	0	0xd43f5e018b415631
6	3	0	B	0	85	151195	2255.23	19513.2	69475	15802.1	21286.8	7532.9	4084.57	2499.54	8652.62	744881	0	2	1	0	0xd43f5e018b415631
6	3	0	B	0	86	149671	2343.74	19455.7	69623.9	15675.4	19890.3	7408.31	3979.48	2508.2	8692.75	745557	0	3	1	0	0xd43f5e018b415631
6	3	0	B	0	87	150656	2201.31	19463	69811.2	15676	20839.2	7405.14	4010.82	2506.41	8650.08	739046	0	1	1	0	0xd43f5e018b415631
6	3	0	B	0	88	151099	2264.32	19471.5	69719	15898.7	21183.8	7416.52	3830.89	2544.16	8679.41	744029	0	1	1	0	0xd43f5e018b415631
6	3	0	B	0	89	151555	2348.53	19564.9	70058.5	15696.2	21249.2	7421.56	3938.56	2515.16	8668.79	747183	0	1	1	0	0xd43f5e018b415631
6	3	0	B	0	90	149456	2260.23	19574.1	69439.6	15680.5	19941.5	7433.77	4002.19	2550.79	8480.7	745935	0	0	1	0	0xd43f5e018b415631
6	3	0	B	0	91	150744	2202.02	19526.3	69560.4	15722.6	21018.5	7563.11	3866.31	2534.83	8655.75	740585	0	1	1	0	0xd43f5e018b415631
6	3	0	B	0	92	150866	2374.49	19327.9	69357.7	15774.4	21306.9	7386.43	4073.11	2525.74	8645.16	744762	0	2	1	0	0xd43f5e018b415631
6	3	0	B	0	93	150081	2284.78	19462.8	69972.5	15762.9	19921.1	7382.52	4015.94	2528.74	8662.75	747663	0	0	1	0	0xd43f5e018b415631
6	3	0	B	0	94	150838	2191.81	19500.7	70033.3	15648.5	20611.4	7637.7	3940.68	2507.54	8650.08	738769	0	1	1	0	0xd43f5e018b415631
6	3	0	B	0	95	152270	2207.77	19464.1	69353.3	15985.3	22456.5	7574.53	3976.36	2584.79	8572.53	759636	0	2	1	0	0xd43f5e018b415631
6	3	0	B	0	96	151185	2206.06	19554.3	70199.3	15749.3	20852.7	7489.02	3881.77	2503.54	8656.08	740319	1	5	1	0	0xd43f5e018b415631
6	3	0	B	0	97	150708	2197.98	19498.2	69393.6	15734	21166.9	7585.53	3862.01	2527.71	8652.79	742367	0	1	1	0	0xd43f5e018b415631
6	3	0	B	0	98	150602	2262.86	19465.3	69794.5	15899.3	20503.9	7457.23	3921.14	2559.83	8642.83	746511	0	2	1	0	0xd43f5e018b415631
6	3	0	B	0	99	150494	2274.61	19672	70151.8	15815.8	20121.8	7499.57	3887.06	2485.95	8489.2	750729	0	4	1	0	0xd43f5e018b415631
7	3	1	A	0	0	150747	2189.6	19398.6	69693.3	15788	20889.5	7519.78	3946.44	2551.79	8677.41	741138	0	1	1	0	0xd43f5e018b415631
7	3	1	A	0	1	151059	2250.4	19564.4	69594.9	15713.7	21140.1	7626.87	3876.97	2542.5	8653.54	744529	0	1	1	0	0xd43f5e018b415631
7	3	1	A	0	2	149843	2251.44	19503.1	69726.5	15763.2	20007.2	7369.31	3940.77	2504.37	8678.75	746234	0	1	1	0	0xd43f5e018b415631
7	3	1	A	0	3	150707	2216.11	19516.1	69739.7	15770	20702.3	7519.65	3955.06	2535.41	8661.12	738768	0	1	1	0	0xd43f5e018b415631
7	3	1	A	0	4	151200	2228.11	19571.1	69672.7	15745.5	21009.9	7679.62	4001.86	2539.78	8656.66	743481	0	2	1	0	0xd43f5e018b415631
7	3	1	A	0	5	151521	2360.86	19469.1	69945.7	15816.9	21212.8	7478.77	3928.81	2505.37	8709.46	746114	0	1	1	0	0xd43f5e018b415631
7	3	1	A	0	6	152426	3344.49	19569.7	70546	15658.2	20718.7	7554.73	3768.22	2513.91	8658.16	748138	0	0	1	0	0xd43f5e018b415631
7	3	1	A	0	7	151406	2269.73	19492.3	69499.9	15888.4	21331.4	7527.94	4109.57	2518.45	8677.5	744165	0	4	1	0	0xd43f5e018b415631
7	3	1	A	0	8	150950	2332.03	19386.8	69625.5	15683.5	21276.1	7469.86	3860.97	2541.37	8681.58	745443	0	1	1	0	0xd43f5e018b415631
7	3	1	A	0	9	150181	2264.86	19489.1	69748.6	15681.4	19975.5	7741.2	3992.11	2511.58	8682.45	747699	0	4	1	0	0xd43f5e018b415631
7	3	1	A	0	10	150766	2191.9	19538.1	69651.1	15744.3	20664	7650.49	4048.9	2500.54	8684.12	738899	0	0	1	0	0xd43f5e018b415631
7	3	1	A	0	11	151186	2223.56	19582.7	69671.3	15845.4	21000.2	7610.2	3953.85	2535.66	8668.66	743328	0	0	1	0	0xd43f5e018b415631
7	3	1	A	0	12	149409	2353.11	19511.8	69003.6	15740.4	19903.1	7660.45	3911.73	2543.62	8680.58	743956	0	0	1	0	0xd43f5e018b415631
7	3	1	A	0	13	150538	2189.06	19524.1	69686.8	15806.3	20735	7412.6	3882.85	2542.87	8666.45	738447	0	2	1	0	0xd43f5e018b415631
7	3	1	A	0	14	150784	2302.69	19449	69602.3	15631.3	21160	7493.61	3838.93	2542.75	8669.25	743159	0	1	1	0	0xd43f5e018b415631
7	3	1	A	0	15	149462	2258.19	19459.6	69311	15673	20091.4	7422.98	3984.11	2542.37	8627.66	745928	0	0	1	0	0xd43f5e018b415631
7	3	1	A	0	16	150805	2184.39	19591.8	69895.5	15720.7	20820.9	7462.73	3892.06	2493.37	8647.99	740402	0	2	1	0	0xd43f5e018b415631
7	3	1	A	0	17	151010	2345.2	19538.7	69650.8	15723.4	21160.9	7466.11	3803.35	2544.62	8683.37	744474	0	2	1	0	0xd43f5e018b415631
7	3	1	A	0	18	150829	2262.36	19556.5	69924.9	15735	20600.9	7466.6	3951.27	2578.79	8659.29	747303	0	1	1	0	0xd43f5e018b415631
7	3	1	A	0	19	153483	2332.07	22008.1	69904.1	15713	20890	7475.19	3832.35	2553.54	8680.33	753864	0	0	1	0	0xd43f5e018b415631
7	3	1	A	0	20	151113	2286.4	19422.6	69636	15701.7	21183.7	7672.11	3945.77	2504.83	8667.45	744431	0	2	1	0	0xd43f5e018b415631
7	3	1	A	0	21	149911	2388.36	19476	69723.3	15852.6	19890.2	7467.48	3819.35	2536.08	8665.08	745898	0	2	1	0	0xd43f5e018b415631
7	3	1	A	0	22	150853	2194.35	19412	70370	15694.5	20740.2	7398.56	3783.97	2498.66	8664.62	753800	0	4	1	0	0xd43f5e018b415631
7	3	1	A	0	23	150706	2213.27	19471.5	69468.8	15819.7	21071.2	7426.9	3905.27	2563.12	8674.04	741793	0	0	1	0	0xd43f5e018b415631
7	3	1	A	0	24	151213	2263.4	19530.1	69563.6	15862	21216.1	7434.89	3947.44	2560.62	8738.92	746558	0	1	1	0	0xd43f5e018b415631
7	3	1	A	0	25	151054	2257.48	19509.8	69942.1	15767.8	20651.7	7646.86	3975.11	2539.78	8667.54	748569	0	2	1	0	0xd43f5e018b415631
7	3	1	A	0	26	150482	2263.82	19535.6	69346.5	15994.4	20394.1	7700.28	4104.95	2572.66	8478.53	750632	0	6	1	0	0xd43f5e018b415631
7	3	1	A	0	27	151146	2188.35	19497.2	70300.1	15695	20736.3	7669.49	3800.89	2494.75	8669.08	740322	0	1	1	0	0xd43f5e018b415631
7	3	1	A	0	28	151017	2186.35	19488.5	69686.2	15861.5	21098.4	7378.15	4027.11	2543.58	8650.83	742533	0	1	1	0	0xd43f5e018b415631
7	3	1	A	0	29	151309	2265.73	19519.9	69753.1	15816.4	21255.4	7536.03	3888.6	2495.54	8680.54	745836	0	2	1	0	0xd43f5e018b415631
7	3	1	A	0	30	150844	2332.61	19553.7	69843.2	15743.6	20551.2	7587.86	3868.23	2590.58	8680.5	747344	0	0	1	0	0xd43f5e018b415631
7	3	1	A	0	31	150346	2418.24	19567.7	69561.3	15732.2	20208.9	7729.54	4070.9	2504.08	8458.53	750288	0	2	1	0	0xd43f5e018b415631
7	3	1	A	0	32	154036	2184.27	19437.5	71397.5	16555.6	21120.2	7910.13	4079.61	2568.54	8687	759835	0	0	1	0	0xd43f5e018b415631
7	3	1	A	0	33	149507	2392.53	19649.3	69259.1	15702	19982.4	7436.77	3906.94	2572.58	8513.28	746268	0	1	1	0	0xd43f5e018b415631
7	3	1	A	0	34	150832	2194.44	19390.8	70020.3	15682.8	20858.9	7473.85	3871.39	2509.33	8734.66	740359	0	2	1	0	0xd43f5e018b415631
7	3	1	A	0	35	151220	2241.32	19608.1	69646.3	15782.2	21160.8	7498.44	3931.23	2541.37	8715.91	744701	0	3	1	0	0xd43f5e018b415631
7	3	1	A	0	36	151655	2398.95	19566.2	69968	15677.9	21206.7	7684.15	3854.68	2532.21	8672.62	747378	0	2	1	0	0xd43f5e018b415631
7	3	1	A	0	37	149826	2248.48	19569.9	69680.9	15770.5	19933	7418.39	3899.89	2532.78	8676.7	745804	0	2	1	0	0xd43f5e018b415631
7	3	1	A	0	38	150794	2280.23	19509.9	69779.7	15673.2	20641.5	7732.7	3919.81	2496.66	8666.24	738801	0	1	1	0	0xd43f5e018b415631
7	3	1	A	0	39	151039	2195.86	19510.5	69574.1	15850.9	21119.5	7496.1	3962.14	2549.83	8687.08	743011	0	0	1	0	0xd43f5e018b415631
7	3	1	A	0	40	151492	2340.9	19565.3	69660.8	15807.2	21157.1	7788.04	3908.56	2503.12	8670.2	746278	0	1	1	0	0xd43f5e018b415631
7	3	1	A	0	41	151412	2336.4	19554.5	69746.3	15719.9	21285.1	7463.81	4025.86	2500.37	8688.25	746876	0	1	1	0	0xd43f5e018b415631
7	3	1	A	0	42	149711	2255.07	19621.1	69252.5	15702.2	20077.9	7463.77	4059.4	2635.46	8548.24	746653	0	2	1	0	0xd43f5e018b415631
7	3	1	A	0	43	150527	2192.44	19554.6	69252.4	15731.2	20903.1	7660.41	3913.77	2551.58	8672.41	739852	0	0	1	0	0xd43f5e018b415631
7	3	1	A	0	44	151253	2331.82	19483.2	69606.2	15733.4	21262.3	7658.62	3882.02	2505.41	8695.37	745598	0	0	1	0	0xd43f5e018b415631
7	3	1	A	0	45	150715	2323.19	19473.5	69746.9	15860.4	20490	7403.14	4030.23	2544.12	8737.25	746977	0	1	1	0	0xd43f5e018b415631
7	3	1	A	0	46	153252	3351.78	19537.6	70923.7	15761.2	21093.2	7403.98	3874.81	2546.25	8658.95	753825	0	0	1	0	0xd43f5e018b415631
7	3	1	A	0	47	151675	2255.19	19797	69572.6	15878.8	21088	7670.07	4115.82	2540.41	8664.87	746020	0	4	1	0	0xd43f5e018b415631
7	3	1	A	0	48	151478	2277.82	19643.9	69727.6	15771.5	21214.5	7567.41	3984.14	2507.03	8690.54	746397	0	3	1	0	0xd43f5e018b415631
7	3	1	A	0	49	150891	2285.73	19624.5	69533.8	15831.2	20557.5	7547.07	4206.12	2542.29	8667.2	746950	0	2	1	0	0xd43f5e018b415631
7	3	1	A	0	50	150171	2345.4	19434.4	69736	15678.3	20327.8	7528.86	3912.68	2505.28	8607.2	749821	0	2	1	0	0xd43f5e018b415631
7	3	1	A	0	51	151064	2331.61	19360.1	69956	15719.8	20746.5	7501.81	4155.7	2500.91	8694.41	741190	0	2	1	0	0xd43f5e018b415631
7	3	1	A	0	52	150783	2273.28	19558.5	69377.7	15737.9	21221	7369.44	3923.52	2536.37	8689.04	743865	0	0	1	0	0xd43f5e018b415631
7	3	1	A	0	53	150104	2266.07	19495.3	69567.8	15723.5	19905.9	7639.53	4179.83	2557.49	8673.95	746999	0	2	1	0	0xd43f5e018b415631
7	3	1	A	0	54	150924	2182.1	19441.6	70060.5	15677	20491.5	7627.61	4133.19	2495.33	8722.25	754183	0	1	1	0	0xd43f5e018b415631
7	3	1	A	0	55	150852	2189.77	19494.5	69396.4	15713.8	21091.1	7801.75	3823.89	2537.78	8708	741506	0	2	1	0	0xd43f5e018b415631
7	3	1	A	0	56	151439	2254.27	19381.5	69965.3	15853.8	21143.1	7628.81	3875.06	2531.08	8711.45	745825	0	0	1	0	0xd43f5e018b415631
7	3	1	A	0	57	151234	2256.44	19690.9	69735.9	15700.1	21276.7	7439.1	3836.26	2538.7	8667.95	746960	0	1	1	0	0xd43f5e018b415631
7	3	1	A	0	58	149758	2264.02	19541	69514.7	15692.3	20164.4	7502.77	4005.85	2501.2	8478.32	747534	0	1	1	0	0xd43f5e018b415631
7	3	1	A	0	59	153367	2189.94	22105.3	69769.8	15806.8	20633.4	7653.41	3876.43	2568.04	8668.2	759202	0	1	1	0	0xd43f5e018b415631
7	3	1	A	0	60	150595	2257.77	19520.4	70066.1	15862.3	20090.7	7443.64	4061.53	2540.66	8658.33	749785	0	4	1	0	0xd43f5e018b415631
7	3	1	A	0	61	150253	2192.35	19349.8	69100.9	15719.8	20958.4	7617.94	4015.28	2536.24	8663.7	738359	0	1	1	0	0xd43f5e018b415631
7	3	1	A	0	62	151546	2265.11	19489.5	69773.8	15887.2	21173	7827.74	3855.1	2512.24	8666.08	745661	0	4	1	0	0xd43f5e018b415631
7	3	1	A	0	63	151079	2269.11	19463.7	69453.9	15766.9	21284	7442.85	4101.78	2545.5	8660.74	746190	2	0	1	0	0xd43f5e018b415631
7	3	1	A	0	64	149751	2245.86	19422.3	69541.9	15786.6	20184.6	7399.31	4016.03	2542.7	8521.07	747723	0	0	1	0	0xd43f5e018b415631
7	3	1	A	0	65	150683	2279.86	19506.8	69424.7	15813.5	20948.9	7450.4	3959.56	2532.54	8670.87	740723	0	0	1	0	0xd43f5e018b415631
7	3	1	A	0	66	151326	2266.07	19498.2	69826.7	15716.5	21172.7	7629.57	3899.52	2509.95	8711.2	745715	0	1	1	0	0xd43f5e018b415631
7	3	1	A	0	67	151626	2268.52	19490.3	70163.4	15669.1	21211	7626.49	3889.31	2512.29	8699.2	747366	0	1	1	0	0xd43f5e018b415631
7	3	1	A	0	68	149843	2273.69	19664.9	69515.2	15790.3	19851.7	7555.06	3881.27	2589.33	8631.91	746305	0	0	1	0	0xd43f5e018b415631
7	3	1	A	0	69	150517	2200.31	19593	69554.1	15690.4	20751.7	7493.4	3974.02	2494.49	8672.58	738515	0	2	1	0	0xd43f5e018b415631
7	3	1	A	0	70	151143	2248.86	19486.4	69608	15809.6	21169.3	7401.39	3991.61	2670.25	8663.08	744279	0	2	1	0	0xd43f5e018b415631
7	3	1	A	0	71	149764	2257.23	19423.5	69701	15843.3	19848.1	7526.36	3837.31	2541	8691.33	745302	0	1	1	0	0xd43f5e018b415631
7	3	1	A	0	72	154086	2510.24	19434.7	71485.9	16622.1	20774	7968.26	3966.73	2545.42	8684.29	757801	0	0	1	0	0xd43f5e018b415631
7	3	1	A	0	73	151297	2330.24	19556.1	69524.7	15700	21241.5	7757.49	3883.39	2521.25	8688.75	745465	0	3	1	0	0xd43f5e018b415631
7	3	1	A	0	74	149780	2258.36	19545.2	69742.1	15676.1	19958.5	7382.61	3963.19	2503.49	8656.37	746015	0	1	1	0	0xd43f5e018b415631
7	3	1	A	0	75	150553	2183.27	19470.3	69568.3	15759.4	20835.2	7405.84	3966.27	2613.12	8657.91	738784	0	3	1	0	0xd43f5e018b415631
7	3	1	A	0	76	151112	2299.03	19605.6	69611.6	15862.7	21185.1	7437.06	3811.01	2543.83	8664.83	744333	0	1	1	0	0xd43f5e018b415631
7	3	1	A	0	77	151551	2385.49	19535.8	70101.4	15649.1	21196.6	7497.06	3881.35	2518.33	8690.79	747420	0	1	1	0	0xd43f5e018b415631
7	3	1	A	0	78	149862	2248.94	19567.4	69615.9	15743.9	19927	7380.68	4063.4	2503.62	8722.62	746641	0	1	1	0	0xd43f5e018b415631
7	3	1	A	0	79	151447	3969.52	19592.5	69454.8	15860.2	20049.7	7505.39	3925.73	2503.28	8488.99	755900	0	1	1	0	0xd43f5e018b415631
7	3	1	A	0	80	151055	2289.94	19423.4	69827.5	15725.4	20849.7	7743.16	3927.97	2501.41	8671.37	740804	0	2	1	0	0xd43f5e018b415631
7	3	1	A	0	81	151062	2212.4	19482	69393.7	15736.7	21049.6	7597.74	4209.87	2587.37	8697.87	743269	1	0	1	0	0xd43f5e018b415631
7	3	1	A	0	82	151446	2342.9	19663.6	69878.4	15703.1	21187.8	7367.39	3993.69	2549.95	8666.12	746428	0	2	1	0	0xd43f5e018b415631
7	3	1	A	0	83	150701	2253.48	19673.7	69617.2	15841	20524.6	7545.36	3944.6	2551.62	8656.53	746959	0	1	1	0	0xd43f5e018b415631
7	3	1	A	0	84	151055	2290.15	19497.8	69927.9	15721.7	20908	7474.19	3927.69	2515.37	8693.58	751455	0	2	1	0	0xd43f5e018b415631
7	3	1	A	0	85	150405	2183.56	19433.3	69658.8	15767.8	20693.3	7441.48	3890.02	2511.12	8729.75	737934	0	0	1	0	0xd43f5e018b415631
7	3	1	A	0	86	152250	3274.82	19561.5	70530.4	15645.4	20451	7605.61	3845.98	2503.54	8737.16	761104	0	1	1	0	0xd43f5e018b415631
7	3	1	A	0	87	150675	2197.73	19709.5	69398.5	15741.5	21028.5	7328.89	3949.73	2549.91	8672.03	741446	0	3	1	0	0xd43f5e018b415631
7	3	1	A	0	88	151679	2251.57	19461.1	69624.3	15819.2	21312	7823.53	3955.6	2531.12	8803.67	746924	0	4	1	0	0xd43f5e018b415631
7	3	1	A	0	89	149669	2247.4	19451.8	69404.5	15834	19896.3	7495.48	3987.23	2594.66	8664.91	745423	0	1	1	0	0xd43f5e018b415631
7	3	1	A	0	90	150603	2187.6	19489.4	69694.5	15719.8	20741.1	7610.82	3874.85	2509.49	8679.49	738745	0	0	1	0	0xd43f5e018b415631
7	3	1	A	0	91	150673	2266.77	19352.4	69499.7	15642.7	21311	7409.48	3920.31	2516.87	8658.53	743580	0	0	1	0	0xd43f5e018b415631
7	3	1	A	0	92	150090	2270.86	19663	69613.2	15690.9	19933.4	7524.69	4103.36	2516.7	8684.37	747425	0	0	1	0	0xd43f5e018b415631
7	3	1	A	0	93	150415	2210.6	19405.3	69458.7	15779.8	20770.6	7488.15	3978.9	2504.99	8721.41	738229	0	3	1	0	0xd43f5e018b415631
7	3	1	A	0	94	151527	2234.36	19442.4	69608.2	16232.7	21011.1	7452.22	4097.99	2598.16	8756.12	744201	0	2	1	0	0xd43f5e018b415631
7	3	1	A	0	95	151091	2265.69	19473.3	69685.3	15712.7	21251	7489.52	3960.23	2501.49	8654.83	745082	0	2	1	0	0xd43f5e018b415631
7	3	1	A	0	96	150909	2253.44	19572.4	69714.2	15896.2	20606.8	7532.61	3913.77	2612.62	8710	747654	0	1	1	0	0xd43f5e018b415631
7	3	1	A	0	97	150294	2353.53	19559.7	69720.2	15739.8	20394.6	7425.52	3824.77	2506.5	8673.66	750475	0	2	1	0	0xd43f5e018b415631
7	3	1	A	0	98	150722	2207.69	19463.9	69645.9	15746.2	20951.2	7566.65	3818.55	2549.62	8678.66	740809	0	1	1	0	0xd43f5e018b415631
7	3	1	A	0	99	152847	2247.52	22158.2	69808.6	15912.5	20324.3	7407.31	3866.93	2495.95	8535.36	763154	1	0	1	0	0xd43f5e018b415631
8	4	0	A	0	0	151559	2250.61	19553.8	70095.5	15677	20940.6	7767.16	3956.06	2549.2	8676.2	747554	0	1	1	0	0xd43f5e018b415631
8	4	0	A	0	1	151212	2210.27	19636.8	69705	15737.3	21075.7	7596.86	3900.14	2569.58	8685.83	743589	0	2	1	0	0xd43f5e018b415631
8	4	0	A	0	2	151651	2321.98	19464.8	70158.9	15712.7	21267.4	7499.06	3951.15	2487.58	8692.99	746402	0	0	1	0	0xd43f5e018b415631
8	4	0	A	0	3	151678	2244.73	19555.8	69986	15684.5	21440.3	7514.77	3945.31	2537.79	8674.91	746727	0	2	1	0	0xd43f5e018b415631
8	4	0	A	0	4	151558	2237.81	19622.7	70060	15680.4	21351.5	7507.77	3867.76	2494.87	8645.24	747057	0	1	1	0	0xd43f5e018b415631
8	4	0	A	0	5	151580	2376.78	19479.9	69893.9	15740.3	21437	7494.94	3828.97	2548	8686.58	747819	0	1	1	0	0xd43f5e018b415631
8	4	0	A	0	6	152187	2356.07	19608.1	70424.5	15777.1	21219.6	7756.54	3804.97	2492.24	8656.7	749113	0	2	1	0	0xd43f5e018b415631
8	4	0	A	0	7	151315	2300.9	19525.8	69739.7	15755.5	21347	7546.86	3823.22	2500.7	8680.08	746767	0	0	1	0	0xd43f5e018b415631
8	4	0	A	0	8	151295	2339.28	19615.4	70073.5	15790.2	20748.4	7468.81	3915.39	2566.79	8683.08	748307	0	2	1	0	0xd43f5e018b415631
8	4	0	A	0	9	154544	3198.98	19475.4	70338.5	16291.1	22164.5	7655.53	3831.43	2850.09	8648.87	769495	0	3	1	0	0xd43f5e018b415631
8	4	0	A	0	10	150943	2202.19	19447.5	70341	15676.6	20670.1	7473.39	3857.6	2496.58	8683.99	738830	0	2	1	0	0xd43f5e018b415631
8	4	0	A	0	11	151280	2627.5	19485.1	69714.4	15710.7	21049.5	7544.81	3814.97	2538.87	8703.24	742130	0	3	1	0	0xd43f5e018b415631
8	4	0	A	0	12	151735	2271.4	19546.7	70281.1	15719.7	21057.7	7532.02	3967.81	2550.08	8713.83	744784	0	3	1	0	0xd43f5e018b415631
8	4	0	A	0	13	151520	2299.03	19579.1	69656.7	15770.4	21230.2	7403.64	4177.32	2543.12	8765.75	744740	0	2	1	0	0xd43f5e018b415631
8	4	0	A	0	14	151456	2243.77	19457.1	69849.4	15790.4	21284.7	7474.35	4067.99	2540.83	8654.66	745396	0	0	1	0	0xd43f5e018b415631
8	4	0	A	0	15	151559	2256.65	19910.9	69686.4	15819	21304.5	7477.15	3815.43	2542.41	8654.45	746267	0	3	1	0	0xd43f5e018b415631
8	4	0	A	0	16	151754	2259.82	19679.6	69566.9	15717.4	21408.2	7803.32	4079.48	2490.66	8659.87	747822	0	1	1	0	0xd43f5e018b415631
8	4	0	A	0	17	150932	2323.61	19489.8	70047.8	15739.3	20644.8	7415.93	3780.97	2699.17	8697.87	747019	0	1	1	0	0xd43f5e018b415631
8	4	0	A	0	18	150171	2268.15	19459.3	69763.8	15826.3	20436.9	7362.47	3948.1	2477.15	8533.82	749561	1	0	1	0	0xd43f5e018b415631
8	4	0	A	0	19	150746	2200.48	19520.9	69816.7	15720.7	20966.5	7328.47	3962.86	2493.95	8645.33	740546	0	2	1	0	0xd43f5e018b415631
8	4	0	A	0	20	151324	2271.98	19494	69849.2	15779.5	21260.4	7449.81	3907.14	2555.28	8664.58	745340	0	0	1	0	0xd43f5e018b415631
8	4	0	A	0	21	151701	2336.82	19473.5	69851.6	15681.7	21340.1	7684.95	4074.57	2502.82	8664.58	747315	0	2	1	0	0xd43f5e018b415631
8	4	0	A	0	22	151937	2235.77	19519	70134.9	15747.6	21292.4	7892	3857.26	2507.28	8654.24	747973	0	1	1	0	0xd43f5e018b415631
8	4	0	A	0	23	153790	2333.19	19487.6	73099.6	15726.4	20120.5	7606.77	4028.73	2607.62	8687.83	765152	0	1	1	0	0xd43f5e018b415631
8	4	0	A	0	24	151204	2195.56	19818.1	70529.7	15723.8	20289.5	7571.49	3942.18	2565.62	8474.07	754160	0	4	1	0	0xd43f5e018b415631
8	4	0	A	0	25	151522	2198.52	19459.1	69877	15677.7	20748.9	8304.68	3915.31	2595.45	8650.91	755960	1	6	1	0	0xd43f5e018b415631
8	4	0	A	0	26	150924	2208.14	19524.3	69817	15772.5	21000.7	7459.81	3848.72	2538.12	8662.45	741442	0	1	1	0	0xd43f5e018b415631
8	4	0	A	0	27	151255	2237.44	19525.5	69658.5	15705.2	21238	7633.15	3940.56	2546.12	8676.91	744796	0	0	1	0	0xd43f5e018b415631
8	4	0	A	0	28	151532	2278.94	19417.4	70118.8	15674.2	21333.7	7511.94	3942.18	2489.74	8676.2	747128	0	1	1	0	0xd43f5e018b415631
8	4	0	A	0	29	150970	2422.7	19582.5	69755.1	15774.5	20725.2	7456.97	3959.35	2538.83	8663.2	747485	0	1	1	0	0xd43f5e018b415631
8	4	0	A	0	30	150767	2443.99	19609.6	69936.9	15678.6	20451.4	7418.02	3953.44	2503.87	8676.2	750131	0	3	1	0	0xd43f5e018b415631
8	4	0	A	0	31	151051	2363.2	19574.2	70073.9	15743.8	20558.2	7501.52	3918.31	2504.45	8723.33	754839	0	0	1	0	0xd43f5e018b415631
8	4	0	A	0	32	150940	2320.44	19567	69511.7	15735.9	21032.2	7462.77	4019.31	2554.12	8645.2	741497	0	3	1	0	0xd43f5e018b415631
8	4	0	A	0	33	151746	2285.23	19482.5	70129.1	15694.9	21168.5	7656.82	4022.61	2542.41	8670.12	745772	0	1	1	0	0xd43f5e018b415631
8	4	0	A	0	34	151465	2248.06	19544.8	69754.8	15885.6	21264.8	7526.44	3956.85	2525.45	8666.62	745450	0	1	1	0	0xd43f5e018b415631
8	4	0	A	0	35	151547	2249.77	19516.1	70084.7	15679.4	21322.1	7363.39	4004.4	2509.79	8724.49	746920	0	0	1	0	0xd43f5e018b415631
8	4	0	A	0	36	153140	2331.57	19882.3	70304.2	15708.7	21815.9	7436.43	3937.1	2952.14	8650.7	765419	0	0	1	0	0xd43f5e018b415631
8	4	0	A	0	37	151443	2339.99	19517	70442.3	15711.9	20809.8	7406.68	3972.31	2494.08	8655.49	741865	0	3	1	0	0xd43f5e018b415631
8	4	0	A	0	38	150948	2185.52	19416.2	69781.7	15736.2	21310.6	7249.84	3907.26	2554.16	8712.49	742688	0	4	1	0	0xd43f5e018b415631
8	4	0	A	0	39	151699	2349.61	19625.8	69900.9	15863.7	21230.7	7555.61	3845.76	2538.33	8701.49	746751	0	1	1	0	0xd43f5e018b415631
8	4	0	A	0	40	151712	2349.86	19513.6	70167.3	15694.7	21243.8	7627.32	3814.39	2505.12	8703.12	747079	0	1	1	0	0xd43f5e018b415631
8	4	0	A	0	41	151314	2261.44	19430	69762.2	15806.2	21463.8	7466.77	3834.43	2513.49	8684.53	746530	0	1	1	0	0xd43f5e018b415631
8	4	0	A	0	42	149641	2259.44	19439.1	69617.7	15733.6	20105.8	7478.15	3946.89	2499.62	8469.02	746631	1	1	1	0	0xd43f5e018b415631
8	4	0	A	0	43	151132	2217.98	19523.8	70408.7	15649.4	20847	7388.73	3823.81	2493.37	8684.91	740533	0	2	1	0	0xd43f5e018b415631
8	4	0	A	0	44	150995	2196.19	19481.7	69518.1	15769.1	21225.1	7522.27	3980.73	2536.32	8672.2	743125	0	1	1	0	0xd43f5e018b415631
8	4	0	A	0	45	151619	2344.82	19504.7	69601.2	15848.7	21285.8	7693.82	4066.98	2501.28	8678.66	746818	0	2	1	0	0xd43f5e018b415631
8	4	0	A	0	46	151789	2364.94	19479.5	70177.1	15736.6	21314.8	7514.23	3930.39	2495.83	8681.83	747541	0	1	1	0	0xd43f5e018b415631
8	4	0	A	0	47	151642	2363.65	19541.8	70036.7	15712.7	21308.5	7462.18	3950.68	2517.54	8653.91	747267	0	2	1	0	0xd43f5e018b415631
8	4	0	A	0	48	151810	2272.11	19514.8	70296.5	15816.5	21279.3	7535.56	3828.43	2496.58	8676.28	747853	1	1	1	0	0xd43f5e018b415631
8	4	0	A	0	49	154799	2494.12	19498.8	72004.2	16516.3	21413.8	7510.27	4006.11	2594.21	8672.58	766821	0	1	1	0	0xd43f5e018b415631
8	4	0	A	0	50	152923	3124.61	19569.3	70000.1	15771.1	21322.3	7746.7	4114.4	2516.03	8666.87	752506	0	3	1	0	0xd43f5e018b415631
8	4	0	A	0	51	151488	2259.77	19617.8	69804.6	15737.1	21301	7475.23	3961.81	2506.29	8732.29	746600	0	4	1	0	0xd43f5e018b415631
8	4	0	A	0	52	151907	2241.77	19692.2	70137.3	15882.7	21265.7	7518.27	3923.85	2501.53	8654.49	748251	0	1	1	0	0xd43f5e018b415631
8	4	0	A	0	53	151067	2261.19	19517.9	69897.8	15892.5	20736.7	7446.81	3969.77	2534.16	8718.37	746999	0	0	1	0	0xd43f5e018b415631
8	4	0	A	0	54	151224	2348.11	19600.3	69966.5	15749.4	20739.3	7552.4	3974.31	2531.91	8669.91	749542	0	0	1	0	0xd43f5e018b415631
8	4	0	A	0	55	150781	2258.94	19598.3	70008.7	15759.5	20270.3	7663.36	3879.64	2547.66	8702.45	751339	0	0	1	0	0xd43f5e018b415631
8	4	0	A	0	56	150726	2220.23	19458.5	69755.5	15806.3	20769.8	7594.81	3817.76	2563.37	8649.99	739046	2	1	1	0	0xd43f5e018b415631
8	4	0	A	0	57	151159	2221.15	19379.6	69717.1	16008.3	21203	7404.19	3876.72	2579.25	8675.24	743774	0	1	1	0	0xd43f5e018b415631
8	4	0	A	0	58	151582	2292.61	19418.6	69850.5	15792.1	21327.6	7719.12	3901.52	2485.28	8700.83	746628	0	2	1	0	0xd43f5e018b415631
8	4	0	A	0	59	150803	2261.98	19340.9	69880.8	15834.6	20725.6	7488.81	3967.02	2536.25	8676.66	746697	0	0	1	0	0xd43f5e018b415631
8	4	0	A	0	60	150207	2378.4	19532.3	69647.9	15694.8	20353.1	7544.61	3894.06	2506.41	8566.74	749935	0	1	1	0	0xd43f5e018b415631
8	4	0	A	0	61	150805	2178.69	19635.6	69790.6	15715.2	20979	7455.64	3799.97	2503.82	8656.91	740688	0	1	1	0	0xd43f5e018b415631
8	4	0	A	0	62	151616	2281.82	19513	69888.3	15712.4	21208.5	7567.15	4101.36	2535.91	8717.58	745544	0	0	1	0	0xd43f5e018b415631
8	4	0	A	0	63	152147	2720.04	19646.6	70372.9	15713.1	21007.6	7513.68	3892.47	2534.33	8654.74	746516	0	2	1	0	0xd43f5e018b415631
8	4	0	A	0	64	152379	2243.94	19542	70414	15715.9	21366.2	7628.74	4134.23	2489.91	8751.54	760995	0	6	1	0	0xd43f5e018b415631
8	4	0	A	0	65	151437	2171.85	19496.1	70341.2	15790.5	20954.4	7442.35	3942.02	2543.33	8663.66	741959	0	2	1	0	0xd43f5e018b415631
8	4	0	A	0	66	152005	3425.58	19535	70183.2	15626.5	20544	7516.57	3907.43	2485.41	8689.83	759543	0	3	1	0	0xd43f5e018b415631
8	4	0	A	0	67	151159	2181.27	19538	70379.1	15686.9	20901.8	7434.43	3777.59	2516.45	8649.82	741622	0	0	1	0	0xd43f5e018b415631
8	4	0	A	0	68	151593	2304.65	19542.1	70075.3	15752	21042.7	7636.65	3882.26	2542.16	8722.08	744527	0	1	1	0	0xd43f5e018b415631
8	4	0	A	0	69	151416	2231.81	19451	69911.8	15859.3	21218.4	7570.27	3899.85	2511.62	8670.16	744954	0	1	1	0	0xd43f5e018b415631
8	4	0	A	0	70	151684	2256.77	19572.3	70190.5	15743.7	21270.7	7450.72	3957.81	2501.99	8648.2	746730	0	1	1	0	0xd43f5e018b415631
8	4	0	A	0	71	151566	2258.52	19575.6	70071.4	15671.4	21240.6	7675.86	3764.22	2509.16	8709.49	746919	0	2	1	0	0xd43f5e018b415631
8	4	0	A	0	72	151690	2232.06	19633.7	70023.2	15662.9	21283.2	7567.69	4013.73	2495.28	8688.12	748006	0	0	1	0	0xd43f5e018b415631
8	4	0	A	0	73	151829	2241.86	19512.4	70179.9	16012.8	21293	7482.94	3885.97	2491.99	8633.24	748288	0	1	1	0	0xd43f5e018b415631
8	4	0	A	0	74	149906	2264.32	19377	69818.2	15687.1	20170.1	7361.09	3932.02	2535.24	8670.87	746150	0	1	1	0	0xd43f5e018b415631
8	4	0	A	0	75	151174	2354.99	19537.4	70017.8	15778.4	20877.7	7567.44	3852.56	2530.37	8566.61	755018	0	0	1	0	0xd43f5e018b415631
8	4	0	A	0	76	154773	2225.02	20703.8	72106.8	15837.9	21084.9	7566.93	3992.44	2526.74	8637.41	760926	0	2	1	0	0xd43f5e018b415631
8	4	0	A	0	77	151871	2332.69	19978.8	69927.1	15705.9	21288	7469.56	3863.85	2546.08	8664.24	745812	0	3	1	0	0xd43f5e018b415631
8	4	0	A	0	78	151166	2295.36	19585.7	69845.1	15733.2	21221.9	7365.39	3837.97	2528.45	8660.7	744842	0	3	1	0	0xd43f5e018b415631
8	4	0	A	0	79	151147	2249.65	19578.7	70199.6	15676.9	20776.2	7376.68	3858.68	2652.62	8685.12	747320	0	1	1	0	0xd43f5e018b415631
8	4	0	A	0	80	149994	2238.02	19510.1	69516.9	15733.5	20259.1	7631.9	4009.61	2531.08	8470.07	748682	0	0	1	0	0xd43f5e018b415631
8	4	0	A	0	81	151006	2189.6	19374.8	70188.4	15702.4	20872.5	7545.23	3873.14	2496.24	8669.07	740354	0	1	1	0	0xd43f5e018b415631
8	4	0	A	0	82	151581	2239.31	19593	69971.4	15931.5	21110.8	7535.06	3861.85	2537.45	8709.53	744077	0	1	1	0	0xd43f5e018b415631
8	4	0	A	0	83	151651	2480.28	19460.2	70032.5	15778.1	21115.5	7463.65	4003.06	2536.45	8689.41	744844	0	2	1	0	0xd43f5e018b415631
8	4	0	A	0	84	151596	2228.36	19551.2	69973.7	15814	21244.5	7492.81	3941.39	2546.2	8712.16	745407	0	0	1	0	0xd43f5e018b415631
8	4	0	A	0	85	151210	2255.73	19533.6	69635	15670.7	21280.8	7764.74	3806.51	2510.83	8659.37	745520	0	2	1	0	0xd43f5e018b415631
8	4	0	A	0	86	151127	2267.65	19575.9	69942.8	15859.5	20684.6	7555.89	3925.39	2564.99	8659.86	747820	0	1	1	0	0xd43f5e018b415631
8	4	0	A	0	87	150493	2257.44	19414.7	70014.4	15878.3	20247.7	7515.82	3906.26	2508.03	8658.53	749643	0	1	1	0	0xd43f5e018b415631
8	4	0	A	0	88	150807	2166.73	19495.4	70020	15752.8	20835.9	7503.31	3803.35	2493.04	8644.24	739260	0	0	1	0	0xd43f5e018b415631
8	4	0	A	0	89	154987	2204.65	19489	73195.7	15737.7	21173.6	7527.44	4308.03	2556.45	8703.87	763138	0	2	1	0	0xd43f5e018b415631
8	4	0	A	0	90	151767	2234.36	19484.7	69911.9	15749.9	21245.6	7583.23	4287.78	2510.91	8648.03	746853	0	4	1	0	0xd43f5e018b415631
8	4	0	A	0	91	151923	2360.03	19592.1	69791.9	15758.4	21215	7825.95	4052.53	2549.33	8688.45	746576	0	3	1	0	0xd43f5e018b415631
8	4	0	A	0	92	151434	2255.65	19541.4	69929.1	15713.3	21357.4	7505.56	3861.76	2499.95	8678.91	746108	0	2	1	0	0xd43f5e018b415631
8	4	0	A	0	93	150797	2266.82	19442.1	69962.2	15651.9	20681.8	7622.82	3819.72	2559.91	8696.7	746799	1	0	1	0	0xd43f5e018b415631
8	4	0	A	0	94	150724	2280.19	19562.4	70196.3	15683.5	20078.8	7531.98	4048.23	2578.75	8669.91	750178	0	1	1	0	0xd43f5e018b415631
8	4	0	A	0	95	151075	2420.03	19761.8	69922	15655.9	20493.3	7649.02	3895.43	2486.83	8696.41	754813	0	0	1	0	0xd43f5e018b415631
8	4	0	A	0	96	151322	2192.27	19507.5	70145.5	15786.5	20851.9	7616.82	3931.23	2502.83	8694.99	741819	0	2	1	0	0xd43f5e018b415631
8	4	0	A	0	97	151212	2228.11	19447.2	69913.1	15733.2	21173	7498.81	3945.1	2535.95	8646.78	743630	0	0	1	0	0xd43f5e018b415631
8	4	0	A	0	98	151373	2310.73	19483.8	69795.4	15808.7	21271.7	7360.13	4034.36	2550.99	8664.57	745813	0	2	1	0	0xd43f5e018b415631
8	4	0	A	0	99	151787	2362.49	19481.7	70216.5	15748.2	21330.8	7454.51	3895.56	2498.83	8706.66	747920	0	2	1	0	0xd43f5e018b415631
9	4	1	B	0	0	153278	2423.03	19512.3	71978.8	15729.2	20961.9	7474.1	3974.44	2499.33	8633.61	754293	0	2	1	0	0xd43f5e018b415631
9	4	1	B	0	1	151389	2236.6	19512.4	70080.9	15791.6	21106.7	7409.89	3977.69	2519.62	8665.11	743009	1	9	1	0	0xd43f5e018b415631
9	4	1	B	0	2	151520	2243.02	19546	70131.3	15796	21209.9	7472.02	3822.34	2544.99	8667.24	745311	0	1	1	0	0xd43f5e018b415631
9	4	1	B	0	3	151551	2288.94	19420.5	69815.6	15898	21248.1	7766.45	3806.64	2512.37	8700.58	746315	0	1	1	0	0xd43f5e018b415631
9	4	1	B	0	4	150539	2406.2	19533.4	69395	15727	20693	7595.77	3871.68	2541.08	8686.53	746201	0	1	1	0	0xd43f5e018b415631
9	4	1	B	0	5	150282	2308.9	19506	69235.5	15841.4	20557.1	7697.82	3868.85	2536.83	8637.32	750728	0	1	1	0	0xd43f5e018b415631
9	4	1	B	0	6	150450	2295.82	19447.2	69088.9	15796.2	21282.9	7276.26	3930.81	2574.33	8669.78	741091	0	1	1	0	0xd43f5e018b415631
9	4	1	B	0	7	149822	2261.81	19448.5	69563.1	15772.8	19990.9	7496.44	3994.48	2535.24	8670.91	745722	0	1	1	0	0xd43f5e018b415631
9	4	1	B	0	8	150457	2211.65	19549.4	69361.9	15657.4	20959.3	7405.64	4005.6	2514.95	8700.78	738076	0	2	1	0	0xd43f5e018b415631
9	4	1	B	0	9	151036	2248.44	19445	69612.4	15642.4	21260.5	7579.77	3992.6	2514.87	8645.86	744058	0	1	1	0	0xd43f5e018b415631
9	4	1	B	0	10	149877	2262.56	19602.8	69552.6	15788.7	19986.2	7528.27	3867.1	2547.29	8650.82	745756	0	1	1	0	0xd43f5e018b415631
9	4	1	B	0	11	150596	2254.77	19382.4	69935.3	15614.3	20774.1	7423.64	3929.81	2510.03	8682.78	738142	0	1	1	0	0xd43f5e018b415631
9	4	1	B	0	12	151269	2238.23	19483.5	69694.6	15720	21144.5	7646.61	4002.44	2579.04	8669.49	743565	0	1	1	0	0xd43f5e018b415631
9	4	1	B	0	13	153332	2292.11	21947.2	70266	15883.8	20230.6	7445.48	3973.85	2509.03	8692.95	763585	0	1	1	0	0xd43f5e018b415631
9	4	1	B	0	14	150989	2187.77	19549.7	69848.3	15605.6	20969.4	7487.4	4057.57	2502.99	8690.07	754319	0	3	1	0	0xd43f5e018b415631
9	4	1	B	0	15	150911	2200.85	19535.1	69336.3	15867.6	21077.8	7551.23	4062.57	2544.24	8641.36	741641	0	3	1	0	0xd43f5e018b415631
9	4	1	B	0	16	150968	2261.98	19406.1	69357.7	15754	21404.6	7450.26	4014.69	2553.58	8678.49	745319	0	0	1	0	0xd43f5e018b415631
9	4	1	B	0	17	150137	2278.07	19417.7	69916.3	15670.4	20030.9	7478.02	4049.36	2537.5	8669.53	747658	0	1	1	0	0xd43f5e018b415631
9	4	1	B	0	18	150672	2189.52	19494	69545.8	15678.6	20896.3	7439.06	4180.19	2506.28	8654.78	738858	0	0	1	0	0xd43f5e018b415631
9	4	1	B	0	19	151142	2239.4	19472.3	69654.5	15789.9	21153.5	7664.06	3879.68	2544.87	8655.91	743647	0	1	1	0	0xd43f5e018b415631
9	4	1	B	0	20	151363	2278.77	19511	69838.9	15653.4	21387	7387.81	3864.35	2541.58	8804.7	746304	0	2	1	0	0xd43f5e018b415631
9	4	1	B	0	21	149469	2261.86	19412.5	69258.5	15693.3	20270.9	7518.44	3926.85	2510.7	8528.27	745942	1	2	1	0	0xd43f5e018b415631
9	4	1	B	0	22	150871	2192.39	19526.4	69635.3	15650.6	21004.9	7683.24	3866.6	2542	8677.7	740683	0	0	1	0	0xd43f5e018b415631
9	4	1	B	0	23	151086	2253.02	19539.6	69300.8	15703.2	21260.2	7626.32	4035.15	2544.08	8730.03	744402	0	1	1	0	0xd43f5e018b415631
9	4	1	B	0	24	151542	2289.32	19608	69752.8	15716.7	21558.8	7399.89	3933.22	2516.74	8676.07	747645	0	1	1	0	0xd43f5e018b415631
9	4	1	B	0	25	149892	2274.73	19524.5	69359.7	15865.2	20084.4	7468.14	4001.61	2545.87	8677.36	746969	0	1	1	0	0xd43f5e018b415631
9	4	1	B	0	26	154383	2177.93	19410.6	71420.8	16861	21341.7	7832.2	3999.06	2553.66	8693.95	758970	0	2	1	0	0xd43f5e018b415631
9	4	1	B	0	27	151829	2305.78	19551.7	70047.6	15718.7	21159.2	7696.98	4045.61	2538.79	8674.16	745341	0	3	1	0	0xd43f5e018b415631
9	4	1	B	0	28	151326	2259.61	19577.5	69738.7	15780.8	21230.6	7534.72	3881.51	2532.24	8698.78	744886	0	2	1	0	0xd43f5e018b415631
9	4	1	B	0	29	149509	2335.82	19429.3	69233.5	15866	20030.2	7326.01	3943.06	2544.37	8710.45	744675	1	2	1	0	0xd43f5e018b415631
9	4	1	B	0	30	150979	2169.52	19582	69715.8	15837.1	20777.5	7647.61	4011.07	2513.54	8631.7	739474	0	0	1	0	0xd43f5e018b415631
9	4	1	B	0	31	150684	2385.7	19475.2	69147	15745	21276.4	7327.3	3973.85	2549.96	8712.78	742040	0	1	1	0	0xd43f5e018b415631
9	4	1	B	0	32	149652	2237.69	19553.7	69438	15721.2	20134.4	7388.26	3947.69	2508.04	8630.9	745377	0	2	1	0	0xd43f5e018b415631
9	4	1	B	0	33	150579	2175.06	19411.3	69641.6	15634.3	21025.1	7497.06	3936.14	2501.28	8668.82	738862	0	1	1	0	0xd43f5e018b415631
9	4	1	B	0	34	150996	2275.11	19630.8	69295.2	15724.7	21333.7	7480.68	3942.1	2552.29	8670.24	743976	0	2	1	0	0xd43f5e018b415631
9	4	1	B	0	35	151042	2236.44	19441.5	69990.8	15860.8	20713.9	7649.65	3813.68	2566.08	8679.49	747191	0	1	1	0	0xd43f5e018b415631
9	4	1	B	0	36	150006	2446.36	19515.1	69364	15699.7	20354.9	7388.35	4012.73	2534.87	8604.03	749157	0	0	1	0	0xd43f5e018b415631
9	4	1	B	0	37	151027	2193.94	19447.4	69345.8	15865.1	21032.8	7995.46	3845.31	2539.87	8670.36	741128	0	2	1	0	0xd43f5e018b415631
9	4	1	B	0	38	151077	2256.77	19400.5	69676.4	15713.3	21331.9	7467.23	3889.14	2554.16	8702.28	744314	0	0	1	0	0xd43f5e018b415631
9	4	1	B	0	39	149867	2270.94	19538.4	69699.1	15747.7	19964.5	7571.23	3771.92	2542.2	8671.45	745842	0	1	1	0	0xd43f5e018b415631
9	4	1	B	0	40	153917	2177.35	19391.7	72533.9	15791.9	21238.8	7506.85	3990.4	2542.66	8652.49	757191	0	3	1	0	0xd43f5e018b415631
9	4	1	B	0	41	151230	2251.94	19471.5	69559.8	15756.4	21460.7	7529.98	3923.1	2515.99	8668.82	745714	0	3	1	0	0xd43f5e018b415631
9	4	1	B	0	42	150981	2254.81	19483.2	69630.3	15890.5	20797.3	7347.39	4144.86	2693.88	8651.11	747695	0	2	1	0	0xd43f5e018b415631
9	4	1	B	0	43	150286	2260.06	19618.4	69666.3	15845	20200.2	7636.73	3839.43	2575.08	8555.27	750324	0	0	1	0	0xd43f5e018b415631
9	4	1	B	0	44	150877	2207.06	19418	69683.3	15692.7	21019.2	7481.44	4108.32	2522.53	8652.45	740789	0	0	1	0	0xd43f5e018b415631
9	4	1	B	0	45	151155	2243.61	19483	69612.6	15765.2	21363.6	7481.06	3885.01	2538.66	8689.78	744711	0	0	1	0	0xd43f5e018b415631
9	4	1	B	0	46	149812	2253.27	19532.3	69235.8	15728.2	20044.1	7621.48	4068.06	2591.08	8643.24	745755	0	1	1	0	0xd43f5e018b415631
9	4	1	B	0	47	150691	2188.64	19504.1	69726.8	15678.7	20795.9	7600.69	3946.93	2524.08	8635.99	738458	0	2	1	0	0xd43f5e018b415631
9	4	1	B	0	48	151247	2194.39	19483.5	69775.6	15807.3	21195.8	7552.48	3931.1	2542.29	8674.74	743320	0	2	1	0	0xd43f5e018b415631
9	4	1	B	0	49	151301	2276.52	19410.5	69809.1	15661.3	21291.1	7704.36	3905.39	2496.11	8658.2	745545	0	1	1	0	0xd43f5e018b415631
9	4	1	B	0	50	151503	2283.36	19544.1	69668.6	15711.3	21449.1	7508.56	3992.14	2549.53	8702.03	747445	2	1	1	0	0xd43f5e018b415631
9	4	1	B	0	51	149942	2258.48	19512.2	69553.7	15808.4	20095.6	7500.47	3912.72	2500.99	8710.82	747121	0	1	1	0	0xd43f5e018b415631
9	4	1	B	0	52	151174	2191.56	19538.7	69549	15664	20721	8294.26	3896.3	2547.2	8682.36	755148	0	3	1	0	0xd43f5e018b415631
9	4	1	B	0	53	152539	2204.48	22015.9	69794.1	15841.9	19968.1	7407.76	3906.1	2541.41	8766.53	759315	0	1	1	0	0xd43f5e018b415631
9	4	1	B	0	54	150822	2189.35	19591.8	69756.5	15605.1	20830.8	7472.27	4113.52	2499.58	8675.53	753705	0	4	1	0	0xd43f5e018b415631
9	4	1	B	0	55	150967	2195.85	19430.7	69654.6	15811.2	21149.2	7397.43	4022.9	2546.62	8665.95	741999	0	1	1	0	0xd43f5e018b415631
9	4	1	B	0	56	151413	2257.65	19598	69684.9	15873.1	21224.4	7573.35	3884.14	2547.04	8680.24	745484	1	1	1	0	0xd43f5e018b415631
9	4	1	B	0	57	149597	2262.86	19491.4	69421.3	15690.8	20044.9	7460.43	3877.68	2607.87	8652.74	745298	0	1	1	0	0xd43f5e018b415631
9	4	1	B	0	58	151219	2377.57	19483.7	69958.7	15747.3	20659	7677.81	4043.73	2482.78	8700.36	755667	0	0	1	0	0xd43f5e018b415631
9	4	1	B	0	59	150667	2194.35	19464	69265.5	15750	21279.9	7494.06	3936.35	2527.7	8664.74	741245	0	2	1	0	0xd43f5e018b415631
9	4	1	B	0	60	151280	2247.56	19521.9	69773.6	15701.3	21399	7503.22	3890.1	2509.03	8645.86	746360	0	1	1	0	0xd43f5e018b415631
9	4	1	B	0	61	150912	2245.44	19555.6	69745.3	15854.2	20727.8	7549.27	3895.85	2551.58	8699.16	747807	0	3	1	0	0xd43f5e018b415631
9	4	1	B	0	62	151025	2293.07	19477.2	70348.2	15940.2	20224.1	7463.35	3908.97	2611.5	8671.7	751422	1	0	1	0	0xd43f5e018b415631
9	4	1	B	0	63	150676	2421.82	19403.7	69320.5	15767.9	20782.5	7777.53	3916.9	2507.16	8685.57	738114	0	1	1	0	0xd43f5e018b415631
9	4	1	B	0	64	150883	2177.1	19430.1	69305.2	15814.6	21242.8	7570.44	4060.65	2541.54	8652.99	742383	0	1	1	0	0xd43f5e018b415631
9	4	1	B	0	65	149468	2251.36	19472.9	69171	15878.7	20050.9	7472.98	3872.35	2556.91	8650.82	744679	0	0	1	0	0xd43f5e018b415631
9	4	1	B	0	66	154597	2269.81	19508.9	72271.8	16854.8	20826.3	7774.61	3786.05	2538.16	8674.99	758771	0	3	1	0	0xd43f5e018b415631
9	4	1	B	0	67	151554	2255.19	19445.2	69335.5	15919.2	21249	7639.7	4397	2536.33	8685.82	743845	0	6	1	0	0xd43f5e018b415631
9	4	1	B	0	68	151411	2295.73	19476.7	69634.6	15756.7	21284.2	7517.98	4079.36	2547.25	8729.28	744858	0	2	1	0	0xd43f5e018b415631
9	4	1	B	0	69	151059	2267.86	19440.5	69676.3	15837.2	21382.7	7355.52	3809.55	2542.24	8658.65	746001	1	0	1	0	0xd43f5e018b415631
9	4	1	B	0	70	151073	2357.57	19427.9	69646.2	15747.1	20707.7	7741.78	4082.48	2607.29	8664.32	748937	0	0	1	0	0xd43f5e018b415631
9	4	1	B	0	71	150397	2236.15	19479.5	69645.4	15698.4	20478.6	7496.73	4137.15	2559.5	8575.23	751068	0	0	1	0	0xd43f5e018b415631
9	4	1	B	0	72	151286	2195.81	19574.7	70110.9	15788.6	20875.2	7455.68	4026.81	2505.37	8662.28	741287	0	1	1	0	0xd43f5e018b415631
9	4	1	B	0	73	151095	2194.52	19412.1	69714.8	15819.8	21166.8	7592.98	3902.43	2528.04	8677.82	743055	0	1	1	0	0xd43f5e018b415631
9	4	1	B	0	74	151822	2322.07	19559.4	69583.6	15867.9	21257	7788.49	3919.85	2644.87	8787.33	746317	0	3	1	0	0xd43f5e018b415631
9	4	1	B	0	75	151411	2287.77	19549.5	69768.8	15833.8	21300.2	7559.81	3827.14	2523.82	8669.45	745738	0	2	1	0	0xd43f5e018b415631
9	4	1	B	0	76	151622	2276.4	19481.6	69641.8	15712.1	21414.2	7786.74	4043.31	2510.49	8665.95	747521	0	0	1	0	0xd43f5e018b415631
9	4	1	B	0	77	151323	2287.44	19619.4	69830.1	15692.9	21362.3	7363.26	3824.14	2585.7	8668.95	747713	0	1	1	0	0xd43f5e018b415631
9	4	1	B	0	78	149877	2281.65	19366.8	69391.5	15816.3	20246.3	7519.14	4125.74	2514.57	8522.73	748009	1	1	1	0	0xd43f5e018b415631
9	4	1	B	0	79	150996	2202.06	19445.9	69855.1	15831.6	20908.3	7572.14	3824.89	2542.33	8722.2	740672	0	1	1	0	0xd43f5e018b415631
9	4	1	B	0	80	152463	3594.58	19486.3	70582.7	15875.4	20508.6	7419.27	3846.55	2499.66	8557.86	760937	0	5	1	0	0xd43f5e018b415631
9	4	1	B	0	81	150880	2215.81	19515.5	69654.1	15687.4	21035.8	7730.32	3761.3	2523.95	8666.66	740440	0	3	1	0	0xd43f5e018b415631
9	4	1	B	0	82	151248	2260.81	19403.9	69508	15802.7	21319.9	7521.31	4120.19	2563.49	8658.11	744505	0	1	1	0	0xd43f5e018b415631
9	4	1	B	0	83	151075	2258.02	19578.4	69456.6	15709.4	21405.2	7384.3	3954.93	2537.99	8699.24	746409	0	0	1	0	0xd43f5e018b415631
9	4	1	B	0	84	149788	2276.19	19631.8	69337	15735.6	20285.7	7479.52	3904.72	2499.87	8549.11	747920	0	1	1	0	0xd43f5e018b415631
9	4	1	B	0	85	150358	2174.23	19408.8	69182.2	15778.6	21235	7320.43	3911.47	2565.74	8689.36	740266	0	2	1	0	0xd43f5e018b415631
9	4	1	B	0	86	150370	2261.36	19389.8	69579.7	15722.6	20703.9	7478.1	3951.27	2497.66	8698.99	745933	1	1	1	0	0xd43f5e018b415631
9	4	1	B	0	87	150430	2187.35	19353.1	69573.1	15820.2	20650.8	7531.85	4002.86	2507.99	8715.07	751680	0	2	1	0	0xd43f5e018b415631
9	4	1	B	0	88	150852	2217.69	19570.5	69162.9	15751.5	21159.2	7518.68	4111.49	2540.58	8733.49	741508	0	1	1	0	0xd43f5e018b415631
9	4	1	B	0	89	151499	2287.9	19590.4	69632.7	15750.7	21304.6	7649.69	4032.14	2518.2	8642.53	745875	0	1	1	0	0xd43f5e018b415631
9	4	1	B	0	90	151585	2335.44	19466.1	70022.8	15728.4	21298.5	7390.14	4047.73	2505.7	8700.66	746941	0	2	1	0	0xd43f5e018b415631
9	4	1	B	0	91	151512	2240.15	19511.6	70008.2	15659.2	21373.1	7479.47	3906.31	2560.12	8684.53	747724	0	1	1	0	0xd43f5e018b415631
9	4	1	B	0	92	150315	2530.16	19387.7	69664.3	15777.9	20061.1	7513.1	4025.73	2594.29	8669.07	747207	0	4	1	0	0xd43f5e018b415631
9	4	1	B	0	93	153580	2190.94	22479.7	69349.2	15748.5	21232.2	7299.55	3965.93	2542.87	8684.95	756604	0	2	1	0	0xd43f5e018b415631
9	4	1	B	0	94	151701	2264.27	19564.8	69919.1	15682.7	21274.8	7724.61	3912.01	2530.66	8737.37	746649	0	5	1	0	0xd43f5e018b415631
9	4	1	B	0	95	151663	2404.28	19467.7	69838.2	15843.3	21340.5	7579.56	3969.31	2495.66	8634.82	747467	0	1	1	0	0xd43f5e018b415631
9	4	1	B	0	96	150846	2283.61	19589.3	69923.3	15713.1	20687.6	7360.93	3956.06	2550.58	8696.11	747015	2	0	1	0	0xd43f5e018b415631
9	4	1	B	0	97	150324	2248.77	19422.9	69847.3	15721.4	20326.4	7599.86	4060.48	2513.32	8496.02	750300	0	0	1	0	0xd43f5e018b415631
9	4	1	B	0	98	150596	2197.94	19462.1	69566.6	15723.6	21043.6	7517.18	3802.35	2531.58	8659.53	740362	0	0	1	0	0xd43f5e018b415631
9	4	1	B	0	99	151701	2562.95	19519.2	69673.6	15886.9	21209.4	7503.76	4068.81	2548.37	8635.69	746061	0	1	1	0	0xd43f5e018b415631
