block	cycle	arm	repeat	run	wall_us	input_us	core_us	dense_us	depthwise_us	attention_us	lut_us	concat_us	transform_us	head_us	process_cpu_us	voluntary_cs	involuntary_cs	affinity_ok	cpu4_7_ime_count	hash
0	0	control	0	0	171819	2258.02	19924.9	83704.3	15296.2	28417.2	7520.93	3852.2	2396.89	8366.81	853813	0	306	1	0	0xd43f5e018b415631
0	0	control	0	1	163872	2174.39	19933.9	83376.5	15354.3	21129.7	7379.02	3741.28	2399.64	8302.23	818850	0	23	1	0	0xd43f5e018b415631
0	0	control	0	2	163851	2188.02	19798.6	83218.5	15424	21055.6	7688.52	3737.99	2387.93	8265.6	819330	0	11	1	0	0xd43f5e018b415631
0	0	control	0	3	166646	2170.52	21405.2	83459.1	15342.9	21931.1	7495.93	3840.2	2544.56	8374.56	836366	0	18	1	0	0xd43f5e018b415631
0	0	control	0	4	164091	2180.47	19863.4	83049.6	15221.7	21601.7	7481.6	3839.49	2378.56	8391.31	819915	0	4	1	0	0xd43f5e018b415631
0	0	control	0	5	164107	2200.85	19800.4	83239.3	15246.1	21482.6	7558.22	3730.82	2401.23	8361.61	819822	0	6	1	0	0xd43f5e018b415631
0	0	control	0	6	163948	2185.72	19972.6	83056.3	15332	21260.5	7521.02	3769.57	2420.89	8346.06	819659	0	6	1	0	0xd43f5e018b415631
0	0	control	0	7	164134	2214.56	19829.2	83108.3	15462.9	21228.3	7643.56	3795.74	2382.19	8389.44	819773	0	7	1	0	0xd43f5e018b415631
0	0	control	0	8	165075	2259.47	19938.9	83480.3	15411.4	21423.7	7508.93	4058.74	2421.52	8485.94	836475	0	15	1	0	0xd43f5e018b415631
0	0	control	0	9	165269	2132.64	20133.9	83561.6	15353.1	22022.8	7261.77	3877.78	2465.02	8375.02	820853	0	6	1	0	0xd43f5e018b415631
0	0	control	0	10	165146	2206.56	19853.3	83234.3	15255.7	22463.7	7323.39	3949.62	2397.18	8380.48	819796	0	5	1	0	0xd43f5e018b415631
0	0	control	0	11	164851	2261.27	19899.4	83406.9	15265.5	21466	7811.31	3709.45	2533.23	8414.27	836527	0	8	1	0	0xd43f5e018b415631
0	0	control	0	12	165173	2133.85	19949.2	83627.7	15281.8	21990.5	7431.77	3841.61	2473.27	8359.44	820580	0	9	1	0	0xd43f5e018b415631
0	0	control	0	13	168173	2192.47	19865.5	85644.5	15322.1	21967.4	8146.35	4008.91	2532.6	8411.61	839917	0	5	1	0	0xd43f5e018b415631
0	0	control	0	14	164384	2202.48	19875.9	83451.8	15222.8	21637.3	7418.59	3724.95	2409.06	8357.36	819749	0	13	1	0	0xd43f5e018b415631
0	0	control	0	15	164212	2177.43	19852.2	83238.3	15402.2	21271.4	7474.56	3882.16	2394.73	8435.81	819841	0	7	1	0	0xd43f5e018b415631
0	0	control	0	16	164217	2282.39	19981.4	83540.6	15299.5	20931.4	7753.47	3793.15	2404.64	8150.27	820028	0	4	1	0	0xd43f5e018b415631
0	0	control	0	17	163549	2158.68	19742.3	83110.6	15352.2	21076.9	7496.22	3745.36	2449.98	8332.69	803228	0	5	1	0	0xd43f5e018b415631
0	0	control	0	18	164837	2169.27	19883.8	83145.6	16241.5	21422.2	7402.35	3748.57	2382.27	8354.27	835606	0	6	1	0	0xd43f5e018b415631
0	0	control	0	19	163976	2139.06	19714.9	83193.4	15315.4	21366.5	7470.64	3918.41	2401.1	8374.1	819675	0	6	1	0	0xd43f5e018b415631
0	0	control	0	20	165252	2138.85	19899	83344.1	15374.7	22136.4	7381.97	3944.74	2558.15	8390.48	820610	0	14	1	0	0xd43f5e018b415631
0	0	control	0	21	164489	2179.27	19897.5	83212.8	15288.2	21596.2	7579.11	3912.62	2398.73	8343.56	820182	0	6	1	0	0xd43f5e018b415631
0	0	control	0	22	168608	2204.47	23353.3	83749.2	15293	21250.7	7521.73	3992.82	2918.81	8238.6	836648	0	25	1	0	0xd43f5e018b415631
0	0	control	0	23	163807	2177.48	19889.5	83235.5	15301.3	21060.7	7512.48	3804.45	2389.44	8352.77	819024	0	9	1	0	0xd43f5e018b415631
0	0	control	0	24	164010	2263.77	19628	83633.9	15238.8	21502.5	7262.51	3933.28	2404.06	8060.02	819503	0	9	1	0	0xd43f5e018b415631
0	0	control	0	25	167263	2135.52	22040.5	84311	15291.5	21387.5	7484.18	3740.7	2394.69	8393.23	822783	0	8	1	0	0xd43f5e018b415631
0	0	control	0	26	166167	3610.78	19716.5	83553.2	15241.3	21934.6	7294.93	3859.82	2486.52	8386.86	836388	0	13	1	0	0xd43f5e018b415631
0	0	control	0	27	165345	3272.15	19846.1	83174	15412.8	21216.5	7711.86	3847.07	2400.31	8380.15	821025	0	6	1	0	0xd43f5e018b415631
0	0	control	0	28	164046	2279.22	19690.6	83241	15309.7	21110.9	7702.68	3883.36	2420.31	8324.9	819697	0	6	1	0	0xd43f5e018b415631
0	0	control	0	29	163854	2177.06	19885.1	82904.9	15304.8	21022.8	7827.65	3940.7	2433.52	8269.81	819496	0	6	1	0	0xd43f5e018b415631
0	0	control	0	30	163765	2160.02	19851.5	83230.7	15317.2	21046.9	7470.1	3871.7	2382.14	8354.19	819239	0	8	1	0	0xd43f5e018b415631
0	0	control	0	31	164051	2174.35	19849.7	83210.8	15314.1	21494	7659.56	3783.53	2378.14	8101.85	819761	0	5	1	0	0xd43f5e018b415631
0	0	control	0	32	163487	2148.22	19808.1	83100.4	15362.8	21153.9	7274.52	3762.57	2462.56	8330.85	802989	0	13	1	0	0xd43f5e018b415631
0	0	control	0	33	164989	2189.18	19939.5	84497.5	15403	20728.4	7650.43	3743.53	2382.98	8370.02	835372	0	10	1	0	0xd43f5e018b415631
0	0	control	0	34	165585	3351.32	19692.7	83437.6	15220.7	21825.3	7301.3	3801.53	2427.27	8444.73	821423	0	4	1	0	0xd43f5e018b415631
0	0	control	0	35	164263	2199.06	19618	83243.9	15293.8	21573.5	7398.93	4087.36	2378.1	8387.15	820033	0	5	1	0	0xd43f5e018b415631
0	0	control	0	36	163985	2176.85	19890	82990.6	15236.2	21209.7	7518.89	3796.7	2727.1	8353.85	819439	0	10	1	0	0xd43f5e018b415631
0	0	control	0	37	166856	2450.48	19960.1	83792.1	15307.9	21927.9	8317.35	4206.65	2422.1	8385.31	838582	0	5	1	0	0xd43f5e018b415631
0	0	control	0	38	164449	2199.47	19869.4	83321	15262	21631.3	7414.89	3901.2	2378.06	8385.73	820072	0	6	1	0	0xd43f5e018b415631
0	0	control	0	39	164225	2213.85	19696.5	83621.4	15258.3	21338.8	7494.31	3752.4	2388.48	8378.86	819824	0	12	1	0	0xd43f5e018b415631
0	0	control	0	40	164088	2419.43	19843.1	83334.1	15343.5	21100.9	7457.98	3723.65	2389.14	8393.11	819817	0	5	1	0	0xd43f5e018b415631
0	0	control	0	41	166280	2168.18	19928.4	84593.7	15248.3	21979.5	7355.85	4082.16	2481.52	8358.85	836907	0	6	1	0	0xd43f5e018b415631
0	0	control	0	42	164644	2194.47	19698.6	83321.3	15243	21606	7696.81	4011.61	2396.22	8390.52	820165	0	8	1	0	0xd43f5e018b415631
0	0	control	0	43	164557	2193.14	20539.1	83114.4	15373	21051.7	7709.14	3877.91	2414.06	8198.94	819627	0	7	1	0	0xd43f5e018b415631
0	0	control	0	44	163734	2163.56	19813.1	83084.9	15299.1	21028.2	7527.02	3929.07	2381.56	8422.48	819199	0	7	1	0	0xd43f5e018b415631
0	0	control	0	45	163755	2232.06	19676.8	83103.3	15334.5	21060.6	7684.1	3841.24	2385.6	8352.69	819241	0	13	1	0	0xd43f5e018b415631
0	0	control	0	46	164638	2166.43	19883.8	83461.9	15301.7	21505.5	7600.56	3892.9	2385.27	8358.73	836477	0	5	1	0	0xd43f5e018b415631
0	0	control	0	47	164104	2150.43	19850.8	83175.9	15490.3	21423.1	7400.76	3771.53	2396.35	8359.69	819801	0	4	1	0	0xd43f5e018b415631
0	0	control	0	48	166296	2145.64	20071.8	84906.2	15289.2	21757.7	7432.35	3814.74	2428.77	8366.65	820656	0	10	1	0	0xd43f5e018b415631
0	0	control	0	49	167870	2181.43	19808.8	86941.6	15265.2	21375.1	7723.77	3717.82	2380.48	8389.94	837859	0	7	1	0	0xd43f5e018b415631
1	0	attention_v3	0	0	163271	2342.31	20131.2	83658.6	15248.8	19279.9	7654.06	4090.28	2392.23	8385.9	818693	0	12	1	0	0xd43f5e018b415631
1	0	attention_v3	0	1	161526	2331.77	19756.5	83031.8	15185.4	19044.8	7437.89	3986.28	2515.94	8147.56	801252	0	4	1	0	0xd43f5e018b415631
1	0	attention_v3	0	2	161703	2164.72	19872.3	82882.9	15204.9	19212.6	7692.31	3760.7	2395.56	8426.11	801451	0	5	1	0	0xd43f5e018b415631
1	0	attention_v3	0	3	161858	2196.6	20272.6	83091.1	15342.1	19052.6	7430.85	3728.32	2480.6	8171.69	801339	0	10	1	0	0xd43f5e018b415631
1	0	attention_v3	0	4	164346	2150.97	19915.7	83461.9	15308.8	21089	7721.6	3723.45	2508.35	8375.48	819822	0	10	1	0	0xd43f5e018b415631
1	0	attention_v3	0	5	161404	2157.68	19962.9	82940.7	15236.5	19114.9	7360.81	3714.44	2393.19	8434.52	801223	0	4	1	0	0xd43f5e018b415631
1	0	attention_v3	0	6	163388	2444.35	19753.5	82856.6	15240.2	20543.3	7635.19	3961.2	2489.35	8375.15	817704	0	15	1	0	0xd43f5e018b415631
1	0	attention_v3	0	7	162053	2145.52	19858.4	83700.1	15217.5	18995.7	7382.56	3935.86	2542.19	8187.65	801406	0	7	1	0	0xd43f5e018b415631
1	0	attention_v3	0	8	161676	2248.89	19607.5	83250.3	15191.8	19200.7	7408.68	3792.65	2454.31	8434.73	801486	0	4	1	0	0xd43f5e018b415631
1	0	attention_v3	0	9	161922	2211.27	19877	83114.8	15360	19060.4	7680.43	3786.65	2393.64	8352.73	801741	0	4	1	0	0xd43f5e018b415631
1	0	attention_v3	0	10	161879	2161.77	19939.2	83222.8	15216.2	19151.9	7527.68	3706.53	2442.19	8422.9	801405	0	8	1	0	0xd43f5e018b415631
1	0	attention_v3	0	11	161688	2232.47	19897.8	83395.7	15229.5	19062.1	7423.31	3793.19	2432.77	8134.1	801419	0	5	1	0	0xd43f5e018b415631
1	0	attention_v3	0	12	162230	2152.02	19839.4	83331.9	15378.7	19145	7618.1	3835.15	2447.81	8387.9	801454	0	12	1	0	0xd43f5e018b415631
1	0	attention_v3	0	13	161472	2437.77	19744.9	82905.6	15330.2	19031.6	7477.64	3875.03	2450.31	8131.48	801282	0	4	1	0	0xd43f5e018b415631
1	0	attention_v3	0	14	163148	2148.1	19855.8	84311.5	15322.5	19197.3	7494.64	3754.65	2575.36	8397.9	801607	0	7	1	0	0xd43f5e018b415631
1	0	attention_v3	0	15	162118	2229.52	19827	83227.6	15213.5	19288.4	7482.02	3922.23	2386.98	8451.48	817689	0	8	1	0	0xd43f5e018b415631
1	0	attention_v3	0	16	164053	2293.31	19796.4	83113.9	15238.7	21217.3	7468.85	3841.03	2580.27	8416.56	819779	0	5	1	0	0xd43f5e018b415631
1	0	attention_v3	0	17	161671	2198.27	19753	83018.5	15312.9	19481.6	7406.64	3746.03	2420.77	8245.23	801363	0	6	1	0	0xd43f5e018b415631
1	0	attention_v3	0	18	161806	2179.06	19745.3	83268.3	15341.9	19256.6	7384.77	3771.19	2380.6	8388.44	801312	0	7	1	0	0xd43f5e018b415631
1	0	attention_v3	0	19	161767	2315.14	19779.9	83232.9	15174	19138.2	7403.39	3853.61	2562.39	8218.52	801267	0	12	1	0	0xd43f5e018b415631
1	0	attention_v3	0	20	161727	2162.27	20014.2	83038.3	15226.1	19103.9	7450.18	3768.2	2454.15	8420.77	801532	0	4	1	0	0xd43f5e018b415631
1	0	attention_v3	0	21	163345	2322.6	19745.6	83150.3	16448.6	19405.1	7406.85	3947.11	2408.1	8424.15	818096	0	4	1	0	0xd43f5e018b415631
1	0	attention_v3	0	22	162143	2201.43	19902.2	83333.1	15299	19176.7	7355.56	3866.69	2436.98	8481.48	801596	0	10	1	0	0xd43f5e018b415631
1	0	attention_v3	0	23	161928	2190.14	19726.2	83199.2	15224.2	19166.5	7431.55	4072.24	2398.47	8429.02	817502	0	8	1	0	0xd43f5e018b415631
1	0	attention_v3	0	24	163117	2201.27	19726.2	84320.3	15247.6	19085.7	7858.23	3777.45	2433.18	8379.27	818214	0	10	1	0	0xd43f5e018b415631
1	0	attention_v3	0	25	162026	2236.14	19903	83159.6	15278.7	19223.1	7457.76	3836.36	2440.94	8402.32	801303	0	13	1	0	0xd43f5e018b415631
1	0	attention_v3	0	26	162040	2206.27	19752.1	83193.1	15313.2	19217.6	7527.65	3874.48	2442.1	8424.56	817854	0	4	1	0	0xd43f5e018b415631
1	0	attention_v3	0	27	162020	2383.48	19797.2	83248.2	15291.4	19118.5	7360.48	4140.16	2460.43	8130.15	801805	0	4	1	0	0xd43f5e018b415631
1	0	attention_v3	0	28	161931	2148.6	19676.9	83472.3	15267.6	19196.1	7350.81	3942.65	2398.56	8391.07	801368	0	10	1	0	0xd43f5e018b415631
1	0	attention_v3	0	29	166404	2211.52	22992.3	84273.6	15311.4	18884.8	7593.1	4201.78	2488.06	8353.48	836856	0	7	1	0	0xd43f5e018b415631
1	0	attention_v3	0	30	161735	2173.31	19999.9	82983.8	15448.5	18978	7504.43	3732.2	2381.18	8441.82	801612	0	3	1	0	0xd43f5e018b415631
1	0	attention_v3	0	31	162997	2542.85	20014.4	83414.9	15171.6	19316.8	7572.61	4015.41	2404.81	8456.23	818307	0	16	1	0	0xd43f5e018b415631
1	0	attention_v3	0	32	161659	2191.93	19615.3	83128.9	15293	19144.2	7496.26	3826.49	2485.56	8386.73	801478	0	4	1	0	0xd43f5e018b415631
1	0	attention_v3	0	33	162247	2410.6	19874.2	83205.7	15282.5	19201.5	7505.97	3847.16	2422.1	8409.73	817988	0	4	1	0	0xd43f5e018b415631
1	0	attention_v3	0	34	161743	2328.73	19778.2	83050.4	15223.8	19011.5	7698.47	4053.82	2467.43	8044.27	801387	0	6	1	0	0xd43f5e018b415631
1	0	attention_v3	0	35	161643	2249.35	19713.5	83148.5	15251.7	19151.6	7472.81	3701.32	2432.15	8434.4	801288	0	6	1	0	0xd43f5e018b415631
1	0	attention_v3	0	36	161694	2262.35	19804	82955.7	15345.7	19175	7429.64	3759.61	2441.56	8435.77	801494	0	4	1	0	0xd43f5e018b415631
1	0	attention_v3	0	37	163675	2208.43	19854.1	84562.8	15326.9	19171.3	7717.69	3869.4	2502.44	8371.31	817912	0	14	1	0	0xd43f5e018b415631
1	0	attention_v3	0	38	162012	2210.81	19786.4	82948.4	15304.8	19185.6	7855.85	3811.78	2395.56	8424.23	817842	0	4	1	0	0xd43f5e018b415631
1	0	attention_v3	0	39	161641	2207.52	19604	83103.8	15411.9	19110.9	7532.14	3772.49	2440.43	8370.4	801453	0	4	1	0	0xd43f5e018b415631
1	0	attention_v3	0	40	162811	2198.18	19738.8	83764.5	15673.7	19008.1	7769.4	3749.36	2424.52	8396.19	817915	0	10	1	0	0xd43f5e018b415631
1	0	attention_v3	0	41	164854	2319.02	19790.9	85560.2	15665	19006.2	7644.15	4001.32	2450.06	8326.36	820450	0	8	1	0	0xd43f5e018b415631
1	0	attention_v3	0	42	162032	2289.89	19694.1	83249.8	15318	19205.6	7527.1	3855.99	2391.31	8409.23	817761	0	4	1	0	0xd43f5e018b415631
1	0	attention_v3	0	43	161689	2456.73	19784.2	82929.8	15200.9	19059.2	7575.48	3830.91	2607.15	8152.85	801346	0	6	1	0	0xd43f5e018b415631
1	0	attention_v3	0	44	163463	2150.14	19947	83349.3	15343.9	19037.2	8793.82	3867.12	2492.36	8393.27	801985	0	13	1	0	0xd43f5e018b415631
1	0	attention_v3	0	45	161916	2221.56	19884.4	83095.7	15219.8	19226	7576.81	3819.66	2394.31	8387.4	817779	0	3	1	0	0xd43f5e018b415631
1	0	attention_v3	0	46	162017	2402.39	19565.3	83252.8	15220.1	19080	7787.19	3928.28	2519.48	8175.02	801841	0	4	1	0	0xd43f5e018b415631
1	0	attention_v3	0	47	161962	2264.68	19892.3	83140.5	15271.6	19181.4	7568.6	3706.61	2397.18	8446.07	801443	0	8	1	0	0xd43f5e018b415631
1	0	attention_v3	0	48	161644	2214.35	19901.7	82866	15344.6	19109.8	7506.56	4032.49	2429.81	8150.94	800958	0	6	1	0	0xd43f5e018b415631
1	0	attention_v3	0	49	162068	2364.64	19661.6	83337.3	15247	19154.4	7458.56	3785.49	2563.94	8404.15	801654	0	6	1	0	0xd43f5e018b415631
2	0	attention_v3	0	0	161206	2335.35	19713.4	82826.7	15162.4	18938.1	7729.39	3912.07	2454.23	8049.73	801148	0	1	1	0	0xd43f5e018b415631
2	0	attention_v3	0	1	161361	2364.77	19802.5	82842	15201.9	19131.1	7321.51	3723.12	2485.4	8397.35	801323	0	1	1	0	0xd43f5e018b415631
2	0	attention_v3	0	2	162762	2257.89	19597.1	83363.1	15302.8	18927.5	8445.73	3833.41	2547.69	8389.19	817390	0	9	1	0	0xd43f5e018b415631
2	0	attention_v3	0	3	161742	2156.68	19949.9	83025.5	15359	19168.8	7407.06	3774.95	2393.85	8416.11	801512	0	4	1	0	0xd43f5e018b415631
2	0	attention_v3	0	4	162597	2208.93	19824.5	83701.2	15231	19352.4	7487.48	3889.78	2446.14	8366.23	818275	0	2	1	0	0xd43f5e018b415631
2	0	attention_v3	0	5	161989	2156.89	19695.5	83394.6	15250.5	19191.6	7505.81	3874.99	2467.23	8362.98	801858	0	6	1	0	0xd43f5e018b415631
2	0	attention_v3	0	6	161033	2203.18	19755.8	82984.2	15204.1	18771.2	7323.48	3859.91	2444.23	8400.44	816981	0	1	1	0	0xd43f5e018b415631
2	0	attention_v3	0	7	161544	2154.52	19833.6	82847.1	15289.4	19132	7174.3	4260.2	2411.64	8354.73	801054	0	6	1	0	0xd43f5e018b415631
2	0	attention_v3	0	8	163707	2328.31	19814.1	84494.9	15530.2	19031.7	7557.35	3995.16	2437.27	8428.23	819475	0	5	1	0	0xd43f5e018b415631
2	0	attention_v3	0	9	161940	2211.68	19818.9	83309.2	15233.8	18939.7	7463.72	4076.28	2455.98	8342.65	817890	0	1	1	0	0xd43f5e018b415631
2	0	attention_v3	0	10	162476	2152.39	19743.6	82947	16253.4	19296.8	7494.31	3732.24	2407.19	8358.11	801319	0	3	1	0	0xd43f5e018b415631
2	0	attention_v3	0	11	161336	2217.35	19780.9	82945.3	15353.6	18878.5	7411.6	3890.99	2418.52	8352.02	817177	0	7	1	0	0xd43f5e018b415631
2	0	attention_v3	0	12	160997	2164.06	19668.4	82867.7	15255.6	19092.6	7395.35	3660.94	2394.89	8403.73	801007	0	0	1	0	0xd43f5e018b415631
2	0	attention_v3	0	13	161748	2238.81	19711.9	83168.6	15313.6	19161.8	7339.85	4023.78	2400.98	8299.48	801758	0	0	1	0	0xd43f5e018b415631
2	0	attention_v3	0	14	161526	2166.52	19820.5	83229.9	15218.5	19115.3	7336.64	3741.53	2415.52	8388.73	801420	0	2	1	0	0xd43f5e018b415631
2	0	attention_v3	0	15	161562	2148.02	19693.3	83133.5	15309.5	19249.1	7355.31	3752.74	2449.35	8380.56	801289	0	5	1	0	0xd43f5e018b415631
2	0	attention_v3	0	16	161237	2208.06	19568.8	83045.7	15172.6	18787.7	7630.39	3919.03	2438.89	8375.69	817181	0	1	1	0	0xd43f5e018b415631
2	0	attention_v3	0	17	161315	2153.18	19652.9	83209.3	15221.7	19022.1	7377.52	3726.98	2413.73	8452.36	801256	0	1	1	0	0xd43f5e018b415631
2	0	attention_v3	0	18	163506	2250.93	19729.3	84725.7	15257.5	19229.9	7564.6	3846.53	2425.68	8387.23	818174	0	7	1	0	0xd43f5e018b415631
2	0	attention_v3	0	19	161671	2464.77	19767.1	83236.7	15197.7	19041.6	7410.56	3832.15	2490.31	8142.06	801548	0	2	1	0	0xd43f5e018b415631
2	0	attention_v3	0	20	161855	2338.98	19649.2	83584	15267	19100.9	7213.26	3764.78	2435.81	8408.86	801506	0	6	1	0	0xd43f5e018b415631
2	0	attention_v3	0	21	163980	2418.81	22116	83045.8	15239.9	19176.9	7269.22	3841.28	2411.6	8374.31	819932	0	1	1	0	0xd43f5e018b415631
2	0	attention_v3	0	22	161519	2205.22	19749.3	83165.1	15291.4	19157	7324.31	3867.2	2413.89	8254.85	801412	0	2	1	0	0xd43f5e018b415631
2	0	attention_v3	0	23	161376	2201.81	19709.7	83010.8	15280.5	19185.9	7353.89	3733.36	2393.68	8411.69	817349	0	1	1	0	0xd43f5e018b415631
2	0	attention_v3	0	24	161795	2159.39	19742.2	83237.1	15286	19180.5	7429.69	3851.49	2448.43	8373.98	801661	0	7	1	0	0xd43f5e018b415631
2	0	attention_v3	0	25	163168	2565.81	19788.4	83249.1	16313.8	19108	7488.06	3716.7	2453.06	8394.48	817997	0	3	1	0	0xd43f5e018b415631
2	0	attention_v3	0	26	161490	2204.1	19688.9	83315.6	15158.3	18921.4	7403.35	3891.57	2444.56	8376.02	817378	0	2	1	0	0xd43f5e018b415631
2	0	attention_v3	0	27	161609	2153.06	19740.4	83338.7	15303.4	19161.6	7268.02	3731.41	2399.31	8424.4	801176	0	3	1	0	0xd43f5e018b415631
2	0	attention_v3	0	28	162098	2243.1	19950.2	83491.6	15206	18860.9	7503.68	3905.32	2481.52	8364.52	817762	0	4	1	0	0xd43f5e018b415631
2	0	attention_v3	0	29	161452	2161.43	19561.7	83276.3	15265.2	19079.9	7316.69	3832.74	2415.43	8454.36	801405	0	1	1	0	0xd43f5e018b415631
2	0	attention_v3	0	30	161288	2304.6	19646.9	83088.5	15243.9	19231.6	7235.55	3763.11	2409.98	8278.27	801181	0	6	1	0	0xd43f5e018b415631
2	0	attention_v3	0	31	162189	2177.93	19655.3	83360.6	15229.4	19501.4	7569.06	3802.36	2399.77	8403.86	818106	0	1	1	0	0xd43f5e018b415631
2	0	attention_v3	0	32	161613	2414.85	19784	83067.7	15496	18970.6	7361.97	3913.16	2452.18	8065.56	801334	0	5	1	0	0xd43f5e018b415631
2	0	attention_v3	0	33	166094	2397.35	19951.7	85301.7	15735.2	19091.5	7620.68	4951.49	2506.52	8447.61	820647	0	3	1	0	0xd43f5e018b415631
2	0	attention_v3	0	34	161948	2406.1	20137.5	83230.6	15247.3	18889.4	7364.06	3770.11	2455.23	8356.6	817319	0	3	1	0	0xd43f5e018b415631
2	0	attention_v3	0	35	163864	4190.45	19831.2	83264	15234.1	18940.7	7739.56	3788.44	2443.35	8343.23	819700	0	3	1	0	0xd43f5e018b415631
2	0	attention_v3	0	36	161735	2158.47	19664.7	83171.1	15303.9	19101.1	7515.97	3940.91	2401.6	8385.65	801742	0	0	1	0	0xd43f5e018b415631
2	0	attention_v3	0	37	161311	2237.47	19712.3	83129.5	15199.3	18993.1	7428.64	3958.2	2455.77	8109.23	801200	0	6	1	0	0xd43f5e018b415631
2	0	attention_v3	0	38	161743	2145.27	19838.4	83047.1	15251.7	19233.6	7331.93	3977.16	2392.85	8436.15	801691	0	1	1	0	0xd43f5e018b415631
2	0	attention_v3	0	39	161646	2193.89	19718.2	83099.7	15297	19172.3	7425.81	3875.99	2399.6	8376.4	801546	0	2	1	0	0xd43f5e018b415631
2	0	attention_v3	0	40	161606	2193.56	19715	82908.3	15269.1	19276.4	7585.47	3785.11	2397.31	8385.06	817313	0	3	1	0	0xd43f5e018b415631
2	0	attention_v3	0	41	162848	2239.31	19715.6	83460.3	15237.1	18923.7	7317.43	5092.46	2410.23	8358.77	817622	0	2	1	0	0xd43f5e018b415631
2	0	attention_v3	0	42	161525	2233.14	19678.7	83192.2	15260.9	19041	7433.6	3742.32	2428.6	8424.48	801480	0	1	1	0	0xd43f5e018b415631
2	0	attention_v3	0	43	161253	2191.43	19485.3	83186.9	15223.2	19188.3	7362.97	3887.11	2442.52	8199.15	801106	0	7	1	0	0xd43f5e018b415631
2	0	attention_v3	0	44	161761	2146.93	19715.4	83277.5	15211.6	19228.6	7378.77	3838.28	2419.85	8426.98	817517	0	4	1	0	0xd43f5e018b415631
2	0	attention_v3	0	45	161601	2295.48	19844.7	83167.8	15258.2	19201.7	7223.93	3756.78	2397.56	8369.77	801391	0	3	1	0	0xd43f5e018b415631
2	0	attention_v3	0	46	164158	2209.47	19562.7	86353.7	15227	18943	7265.85	3948.32	2439.1	8120.48	820176	0	0	1	0	0xd43f5e018b415631
2	0	attention_v3	0	47	161585	2145.43	19635.8	83024.7	15213.9	19208.8	7423.98	4030.95	2409.68	8404.15	801392	0	2	1	0	0xd43f5e018b415631
2	0	attention_v3	0	48	161652	2189.85	19773.1	83278.1	15270.8	19183.7	7313.51	3731.03	2444.27	8377.23	800530	0	2	1	0	0xd43f5e018b415631
2	0	attention_v3	0	49	161737	2186.18	19697.3	83076.3	15246.7	19247.2	7427.39	3947.7	2437.81	8381.98	817543	0	7	1	0	0xd43f5e018b415631
3	0	control	0	0	165650	2196.48	19950.3	84400.3	15433	21568	7451.31	4003.99	2396.65	8163.35	821406	0	5	1	0	0xd43f5e018b415631
3	0	control	0	1	164300	2150.14	20362.7	83147.1	15185.3	21524.5	7243.97	3786.28	2436.31	8379.1	819543	0	3	1	0	0xd43f5e018b415631
3	0	control	0	2	164107	2161.6	19810.1	83011.9	15298	21448.5	7524.84	3838.07	2400.35	8528.4	819932	0	3	1	0	0xd43f5e018b415631
3	0	control	0	3	163683	2143.06	19867.1	83002.9	15261.6	21293.3	7386.64	3851.11	2423.56	8368.06	819695	0	0	1	0	0xd43f5e018b415631
3	0	control	0	4	163897	2147.64	19886.2	83173.5	15258.4	21532.4	7264.02	3829.11	2399.36	8324.85	819451	0	7	1	0	0xd43f5e018b415631
3	0	control	0	5	164628	2148.68	19778.9	83190.7	15357.2	21987.4	7376.81	3872.2	2440.94	8392.86	820501	0	2	1	0	0xd43f5e018b415631
3	0	control	0	6	165255	2158.18	19789.2	84297.9	15349.9	21663.5	7148.01	3950.32	2438.39	8373.94	819589	0	12	1	0	0xd43f5e018b415631
3	0	control	0	7	163769	2207.93	19631.9	83062.3	15223.5	21347.1	7476.64	3974.24	2394.52	8366.06	819579	0	3	1	0	0xd43f5e018b415631
3	0	control	0	8	164386	2196.43	19998.6	83275.3	15349.4	21286.6	7503.18	3904.2	2425.06	8362.65	820132	0	6	1	0	0xd43f5e018b415631
3	0	control	0	9	163686	2183.68	19835.8	82957.4	15288.4	21204.4	7478.39	3878.9	2405.1	8368.15	819700	0	0	1	0	0xd43f5e018b415631
3	0	control	0	10	163753	2208.81	19788.1	82891.3	15310.4	21321.4	7464.01	3809.69	2392.52	8483.02	819612	0	7	1	0	0xd43f5e018b415631
3	0	control	0	11	164129	2184.89	19745.4	83411.5	15236.7	21176.5	7607.35	4008.07	2398.18	8276.06	819838	0	5	1	0	0xd43f5e018b415631
3	0	control	0	12	163745	2191.72	19844.3	83142	15350.8	21052.2	7459.97	3807.32	2411.68	8400.98	819591	0	3	1	0	0xd43f5e018b415631
3	0	control	0	13	167222	2191.43	19993	86560.7	15209.2	21332.3	7327.97	3737.9	2403.18	8384.73	838862	0	2	1	0	0xd43f5e018b415631
3	0	control	0	14	165191	2186.14	19637.8	84450.7	15218.5	21473.2	7548.48	3769.24	2387.27	8396.65	835825	0	3	1	0	0xd43f5e018b415631
3	0	control	0	15	163804	2145.89	19732.4	83249.2	15279.3	21413.6	7253.68	3854.7	2405.77	8384.65	819736	0	1	1	0	0xd43f5e018b415631
3	0	control	0	16	164752	2147.52	19870.2	83433.6	15273.4	21957.2	7221.18	3954.32	2434.69	8374.69	820700	0	1	1	0	0xd43f5e018b415631
3	0	control	0	17	164254	2136.27	19737.5	83201.1	15279	21856.5	7236.3	3865.95	2489.85	8364.56	820093	0	7	1	0	0xd43f5e018b415631
3	0	control	0	18	164541	2195.81	19846.6	83384.6	15186.9	21653.2	7324.05	4070.41	2421.06	8371.15	820326	0	4	1	0	0xd43f5e018b415631
3	0	control	0	19	164046	2183.81	19587.6	83111.8	15287.1	21587.8	7586.77	3834.82	2406.94	8370.94	819988	0	1	1	0	0xd43f5e018b415631
3	0	control	0	20	163937	2200.81	19713.9	83284.6	15221.1	21382.2	7271.72	4004.61	2397.94	8375.73	819824	0	2	1	0	0xd43f5e018b415631
3	0	control	0	21	164681	2184.77	19742.4	84156.9	15267	21606.9	7435.35	3749.9	2419.64	8031.73	819614	0	1	1	0	0xd43f5e018b415631
3	0	control	0	22	163205	2154.64	19759	82928.6	15290.1	21078.3	7278.52	3837.41	2414.85	8381.19	803085	0	2	1	0	0xd43f5e018b415631
3	0	control	0	23	163974	2196.35	19868.5	83058	15320.6	21196.6	7691.06	3762.99	2398.27	8393.94	821661	0	10	1	0	0xd43f5e018b415631
3	0	control	0	24	163516	2199.31	19864.4	82744.4	15312.7	21244.2	7465.68	3827.78	2406.22	8367.02	817213	0	3	1	0	0xd43f5e018b415631
3	0	control	0	25	167221	2201.89	19726.4	83760.1	16551.4	22775.6	7430.3	3879.9	2404.1	8402.36	838418	0	7	1	0	0xd43f5e018b415631
3	0	control	0	26	164131	2188.18	19755.4	83266.6	15176.6	21494.1	7477.02	3822.32	2417.02	8445.77	820033	0	2	1	0	0xd43f5e018b415631
3	0	control	0	27	163900	2201.14	19954.7	83145.8	15227.1	21278	7358.18	3855.24	2401.68	8393.02	819788	0	2	1	0	0xd43f5e018b415631
3	0	control	0	28	163875	2188.47	19757.6	83085.3	15237.3	21323.8	7440.23	3953.41	2413.43	8392.44	819885	0	0	1	0	0xd43f5e018b415631
3	0	control	0	29	165048	2188.52	20778.5	82961.5	15294	21510.2	7562.93	3870.78	2410.35	8387.15	835686	0	7	1	0	0xd43f5e018b415631
3	0	control	0	30	163967	2173.35	19905.6	83163.3	15289.9	21396.7	7426.22	3808.45	2393.35	8325.52	819732	0	4	1	0	0xd43f5e018b415631
3	0	control	0	31	164917	2148.89	19850.9	83266.1	15234.1	22079.4	7350.64	4014.95	2517.56	8371.4	820803	0	2	1	0	0xd43f5e018b415631
3	0	control	0	32	164298	2196.22	19756.1	82961.9	15270.9	21794.5	7541.85	3828.45	2482.81	8377.81	820241	0	1	1	0	0xd43f5e018b415631
3	0	control	0	33	163996	2284.68	19715.3	82955.7	15208.2	21782.3	7230.59	3907.69	2446.52	8380.36	819927	0	1	1	0	0xd43f5e018b415631
3	0	control	0	34	164098	2215.06	19747.2	82975.5	15162	21688	7484.1	3867.7	2450.6	8394.48	820056	0	1	1	0	0xd43f5e018b415631
3	0	control	0	35	164118	2184.39	19863.6	83185.2	15263.4	21537	7476.81	3744.99	2412.48	8369.73	819999	0	6	1	0	0xd43f5e018b415631
3	0	control	0	36	163983	2201.93	19770.7	83403.7	15242.4	21263.2	7223.3	3964.91	2399.39	8430.86	820646	0	8	1	0	0xd43f5e018b415631
3	0	control	0	37	167089	2211.27	19788.4	84644.9	16564.8	21534.8	7539.6	3814.44	2488.52	8415.94	836517	0	4	1	0	0xd43f5e018b415631
3	0	control	0	38	164346	2182.1	19639.3	83239.2	15240.4	21685.5	7459.93	4022.36	2396.27	8397.31	820253	0	2	1	0	0xd43f5e018b415631
3	0	control	0	39	163752	2201.97	19540.3	83025.7	15226.5	21605.2	7526.02	3771.61	2411.69	8357.19	819695	0	1	1	0	0xd43f5e018b415631
3	0	control	0	40	163687	2182.43	19543.9	83126.9	15223	21608.2	7337.39	3811.28	2401.06	8367.02	819281	0	3	1	0	0xd43f5e018b415631
3	0	control	0	41	164142	2193.72	19819.2	83282.9	15217.5	21415.5	7394.02	3927.57	2415.27	8391.77	819712	0	9	1	0	0xd43f5e018b415631
3	0	control	0	42	163743	2216.6	19731.8	83050.1	15267.9	21433.6	7293.18	3888.82	2403.89	8371.94	819442	0	5	1	0	0xd43f5e018b415631
3	0	control	0	43	164047	2209.27	19820.1	83189.2	15235.1	21291.3	7643.43	3801.11	2424.06	8348.02	819989	0	1	1	0	0xd43f5e018b415631
3	0	control	0	44	164363	2188.85	19646.5	84361.2	15216.5	21115	7452.73	3821.86	2399.48	8076.73	818997	0	1	1	0	0xd43f5e018b415631
3	0	control	0	45	163756	2141.06	19961.5	82895.3	15223.8	21574.8	7525.93	3808.15	2462.14	8079.35	803598	0	1	1	0	0xd43f5e018b415631
3	0	control	0	46	164268	2143.81	19842.5	83279	15242.1	21498.5	7574.89	3802.57	2409.73	8390.06	820281	0	0	1	0	0xd43f5e018b415631
3	0	control	0	47	163312	2142.06	19731.2	82962.8	15215.7	21543.9	7192.8	3930.74	2408.89	8100.73	803259	0	1	1	0	0xd43f5e018b415631
3	0	control	0	48	164642	2162.77	20050.6	83394.3	15581.2	21426.5	7321.56	3779.53	2451.85	8387.61	820129	0	13	1	0	0xd43f5e018b415631
3	0	control	0	49	166031	2139.47	19935.7	83571.3	15940.7	22033.4	7458.59	4023.07	2427.69	8417.56	821582	0	2	1	0	0xd43f5e018b415631
4	1	control	0	0	163881	2182.22	19823.1	83149.3	15232	21293.9	7506.93	3816.86	2395.27	8404.11	819889	0	0	1	0	0xd43f5e018b415631
4	1	control	0	1	164148	2352.81	19717	83277.6	15294.7	21078.8	7598.43	3928.99	2420.52	8394.69	819998	0	1	1	0	0xd43f5e018b415631
4	1	control	0	2	166150	2167.77	19607.9	84334.6	15260.4	22034	7688.1	4094.78	2500.85	8379.1	836780	0	3	1	0	0xd43f5e018b415631
4	1	control	0	3	164743	2221.1	19565.1	83632.5	15323.6	21622.4	7359.47	4157.16	2409.81	8370.6	820086	0	16	1	0	0xd43f5e018b415631
4	1	control	0	4	167941	2189.89	19702.6	86601.9	15771	21393.1	7590.27	3850.7	2375.68	8384.19	839618	0	4	1	0	0xd43f5e018b415631
4	1	control	0	5	164132	2281.27	19733.8	83334.9	15288	21183.1	7621.48	3814.86	2409.98	8381.52	819942	0	3	1	0	0xd43f5e018b415631
4	1	control	0	6	163895	2231.31	19726.8	83173.1	15293	21139	7551.81	3886.82	2409.39	8400.4	819836	0	1	1	0	0xd43f5e018b415631
4	1	control	0	7	163679	2200.18	19719.2	83102	15253.7	21231.9	7481.81	3840.11	2383.27	8385.6	819628	0	1	1	0	0xd43f5e018b415631
4	1	control	0	8	163746	2177.56	19662.8	83138.3	15213.3	21299.2	7471.65	3862.9	2417.69	8420.19	819644	0	2	1	0	0xd43f5e018b415631
4	1	control	0	9	164971	2194.68	19892.7	83377.4	15347.2	22038.9	7454.1	3758.7	2410.31	8414.27	835391	0	14	1	0	0xd43f5e018b415631
4	1	control	0	10	163874	2134.1	19609.6	83180.3	15195.1	21606.2	7326.09	3957.99	2397.27	8386.77	819816	0	1	1	0	0xd43f5e018b415631
4	1	control	0	11	163914	2132.31	19725	83288.8	15285.2	21513	7279.39	3799.45	2404.6	8404.98	819924	0	0	1	0	0xd43f5e018b415631
4	1	control	0	12	164064	2157.56	19682.3	83446.6	15311	21357.4	7450.14	3802.61	2400.94	8374.48	820011	0	1	1	0	0xd43f5e018b415631
4	1	control	0	13	164562	2132.47	19661.1	83478	15303.2	22026.2	7271.22	3786.11	2436.98	8385.52	820501	0	1	1	0	0xd43f5e018b415631
4	1	control	0	14	164418	2180.22	19711.4	83267	15292.8	21831.2	7311.22	3879.32	2469.9	8394.02	820439	0	0	1	0	0xd43f5e018b415631
4	1	control	0	15	164378	2179.43	20018.5	83189.4	15193.3	21565.3	7405.72	3895.11	2427.81	8419.19	819723	0	13	1	0	0xd43f5e018b415631
4	1	control	0	16	165817	2384.81	19828.6	83084.1	15216.1	22464.7	8137.81	3835.28	2397.6	8382.19	837763	0	1	1	0	0xd43f5e018b415631
4	1	control	0	17	165404	2134.27	19688.9	83107.5	15318.3	21838.4	7300.02	3903.03	3647.94	8385.19	820151	0	3	1	0	0xd43f5e018b415631
4	1	control	0	18	164609	2977.44	19769.6	83196.8	15381.7	21274.9	7290.6	3859.91	2418.02	8357.44	820559	0	1	1	0	0xd43f5e018b415631
4	1	control	0	19	163783	2197.56	19824.8	83164.9	15233.2	21165.8	7461.93	3871.99	2400.89	8380.85	819794	0	0	1	0	0xd43f5e018b415631
4	1	control	0	20	163743	2174.93	19701.7	83094.5	15211.8	21415	7390.22	3768.7	2394.85	8508.73	819751	0	0	1	0	0xd43f5e018b415631
4	1	control	0	21	163867	2196.14	19654.5	83424.3	15250.9	21394	7319.76	3799.78	2381.39	8363.52	819507	0	10	1	0	0xd43f5e018b415631
4	1	control	0	22	163895	2169.77	19571.3	83262.9	15308.2	21443.5	7457.81	3784.95	2442.02	8370.19	819850	0	1	1	0	0xd43f5e018b415631
4	1	control	0	23	163733	2197.97	19737.6	83043.9	15218.6	21315.5	7479.14	3862.7	2403.27	8390.23	819615	0	2	1	0	0xd43f5e018b415631
4	1	control	0	24	163867	2175.1	19716.7	83057.3	15224.2	21288.4	7740.81	3742.15	2381.27	8456.65	819816	0	1	1	0	0xd43f5e018b415631
4	1	control	0	25	165229	3565.32	19627.2	83226.2	15390.6	21472.7	7263.68	3818.53	2396.44	8385.98	835900	0	1	1	0	0xd43f5e018b415631
4	1	control	0	26	163861	2129.56	19727.2	83192.5	15366.2	21386.1	7345.68	3836.49	2428.68	8367.31	819755	0	2	1	0	0xd43f5e018b415631
4	1	control	0	27	165223	2147.52	19706.8	83610.8	15240.9	21988.5	7420.35	4053.41	2471.19	8501.19	820685	0	12	1	0	0xd43f5e018b415631
4	1	control	0	28	164578	2186.27	19746.4	83216.6	15190.9	21593.2	7432.51	4038.78	2429.64	8658.27	817702	0	3	1	0	0xd43f5e018b415631
4	1	control	0	29	167572	2175.06	19712	85906.3	15696.9	21584.4	7530.68	4101.28	2423.19	8356.56	839009	0	3	1	0	0xd43f5e018b415631
4	1	control	0	30	163986	2195.06	19593.5	83102.5	15352.5	21550.6	7488.8	3789.61	2450.02	8378.15	819803	0	3	1	0	0xd43f5e018b415631
4	1	control	0	31	163810	2179.6	19668.9	83121.8	15222.2	21406.8	7458.22	3835.03	2386.31	8448.44	819829	0	0	1	0	0xd43f5e018b415631
4	1	control	0	32	166413	2175.47	19621	85631.6	15263.1	21451.7	7507.68	3902.53	2403.98	8371.36	836136	0	4	1	0	0xd43f5e018b415631
4	1	control	0	33	164252	2133.31	19643.4	83080.5	15272.2	21901.2	7330.68	3921.95	2480.94	8405.4	820029	0	4	1	0	0xd43f5e018b415631
4	1	control	0	34	169666	2183.27	19724.2	83563.2	15171.4	26743.7	7766.44	3874.53	2409.22	8142.48	835889	0	12	1	0	0xd43f5e018b415631
4	1	control	0	35	164696	2139.6	19814.2	83098.9	15342	21515.1	7976.52	3834.91	2474.02	8417.81	820501	0	1	1	0	0xd43f5e018b415631
4	1	control	0	36	163849	2129.47	19724.2	83359.2	15356.6	21344.3	7196.31	3783.61	2441.27	8428.94	819796	0	1	1	0	0xd43f5e018b415631
4	1	control	0	37	163835	2134.27	19701.2	83487.5	15292.7	21253.4	7264.81	3762.9	2471.81	8386.06	819535	0	1	1	0	0xd43f5e018b415631
4	1	control	0	38	163831	2132.93	19550.9	83469.2	15254	21337.7	7269.06	3971.7	2384.06	8379.27	819773	0	1	1	0	0xd43f5e018b415631
4	1	control	0	39	164805	2136.06	19830.7	83238.2	15556.7	22044.6	7289.26	3770.78	2480.64	8373.73	820376	0	7	1	0	0xd43f5e018b415631
4	1	control	0	40	165696	2196.64	19854	84683.9	15301.8	21207.5	7660.81	3942.28	2388.56	8377.69	820042	0	9	1	0	0xd43f5e018b415631
4	1	control	0	41	166749	2148.97	22375.2	83244.9	15216.4	21620.7	7331.31	3892.36	2398.98	8436.81	822593	0	3	1	0	0xd43f5e018b415631
4	1	control	0	42	164122	2196.72	19656.9	83325.4	15273.6	21338.2	7455.02	3996.74	2400.93	8394.65	819954	0	3	1	0	0xd43f5e018b415631
4	1	control	0	43	163695	2183.1	19730.8	83056.7	15266.2	21384.9	7432.39	3786.44	2388.1	8383.4	819709	0	0	1	0	0xd43f5e018b415631
4	1	control	0	44	163963	2175.56	19653	83566	15196.5	21337.7	7336.22	3828.66	2412.6	8373.15	819853	0	2	1	0	0xd43f5e018b415631
4	1	control	0	45	164269	2190.81	19692.7	83501.8	15346.6	21199.7	7691.47	3830.07	2399.47	8335.23	820164	0	2	1	0	0xd43f5e018b415631
4	1	control	0	46	163845	2296.52	19497.6	83459.1	15298.5	21113.9	7502.35	3834.78	2397.6	8359.65	819395	0	11	1	0	0xd43f5e018b415631
4	1	control	0	47	163981	2182.81	19661.9	84332.2	15232.7	20899.1	7316.93	3799.4	2393.6	8082.1	818856	0	5	1	0	0xd43f5e018b415631
4	1	control	0	48	163421	2131.85	19707.3	82889.5	15306.4	21167	7334.14	3991.12	2404.89	8405.6	803376	0	1	1	0	0xd43f5e018b415631
4	1	control	0	49	163614	2191.47	19612.3	83205.7	15231.2	21305.5	7392.1	3789.94	2413.77	8391.31	819627	0	0	1	0	0xd43f5e018b415631
5	1	attention_v3	0	0	162502	2200.64	19804.9	84172.2	15192.6	19105.2	7316.56	3778.66	2428.47	8416.11	817518	0	8	1	0	0xd43f5e018b415631
5	1	attention_v3	0	1	161330	2248.93	19768	83133.6	15203.4	18970.6	7444.19	3993.4	2432.98	8053.19	801126	0	7	1	0	0xd43f5e018b415631
5	1	attention_v3	0	2	161408	2163.31	19530.4	83276.1	15223.7	19169.3	7257.51	3886.82	2402.77	8414.27	801409	0	0	1	0	0xd43f5e018b415631
5	1	attention_v3	0	3	161913	2300.31	20218.3	82996	15295.7	19161.2	7211.81	3808.48	2403.31	8434.65	801874	0	1	1	0	0xd43f5e018b415631
5	1	attention_v3	0	4	162021	2218.85	19814.2	83058.1	15212	19167.9	7501.51	4099.82	2431.27	8435.02	818031	0	0	1	0	0xd43f5e018b415631
5	1	attention_v3	0	5	161830	2255.68	19573.8	83055.1	15233.7	19629.2	7650.35	3817.91	2425.98	8102.48	800587	0	2	1	0	0xd43f5e018b415631
5	1	attention_v3	0	6	161983	2163.35	19813.3	83062.6	15323.8	19269.6	7572.73	3765.69	2398.23	8530.98	801436	0	10	1	0	0xd43f5e018b415631
5	1	attention_v3	0	7	161580	2405.85	19658.6	83138.9	15430.7	19036.7	7328.73	3888.99	2436.52	8172.23	801377	0	8	1	0	0xd43f5e018b415631
5	1	attention_v3	0	8	166122	2231.52	19798.4	85429.6	17128.5	19466.2	7389.76	3765.86	2407.31	8419.02	820804	0	37	1	0	0xd43f5e018b415631
5	1	attention_v3	0	9	161390	2187.02	19837.9	83075.9	15310.2	19079.1	7258.85	3941.07	2392.77	8226.48	801165	0	4	1	0	0xd43f5e018b415631
5	1	attention_v3	0	10	161782	2175.18	19709.1	83256.3	15255.8	19130.5	7549.35	3749.98	2419.94	8450.06	817797	0	0	1	0	0xd43f5e018b415631
5	1	attention_v3	0	11	161521	2195.22	19678.1	83140	15231.7	19185.2	7289.1	3897.03	2429.81	8392.44	801468	0	1	1	0	0xd43f5e018b415631
5	1	attention_v3	0	12	161889	2240.06	19798.6	82924.3	15295.4	19227.6	7412.1	4049.41	2393.81	8463.06	817655	0	9	1	0	0xd43f5e018b415631
5	1	attention_v3	0	13	162844	2254.64	19770.3	84564.9	15241.7	18848.1	7367.01	3837.03	2428.69	8449.94	816777	0	3	1	0	0xd43f5e018b415631
5	1	attention_v3	0	14	161956	2148.18	19820.2	83513.9	15299.4	18868.2	7347.98	4044.45	2416.73	8412.77	801706	0	8	1	0	0xd43f5e018b415631
5	1	attention_v3	0	15	162637	2209.27	20343.3	83241.7	15230.4	19166.4	7345.52	4194.99	2425.77	8398.27	818274	0	2	1	0	0xd43f5e018b415631
5	1	attention_v3	0	16	161566	2211.14	19746.2	83193.2	15297.7	19192.6	7181.85	3806.74	2467.43	8385.4	801570	0	0	1	0	0xd43f5e018b415631
5	1	attention_v3	0	17	162294	2218.31	19924.7	83244.3	15197.5	19214.1	7583.35	4018.49	2398.48	8412.23	817820	0	3	1	0	0xd43f5e018b415631
5	1	attention_v3	0	18	161460	2214.81	19756.6	83080.1	15243.3	19174.2	7177.68	3875.11	2463.64	8387.19	801409	0	1	1	0	0xd43f5e018b415631
5	1	attention_v3	0	19	162350	2286.97	19889.5	83644.7	15229.2	19146.5	7413.97	3715.03	2439.93	8499.81	817939	0	6	1	0	0xd43f5e018b415631
5	1	attention_v3	0	20	165371	2223.02	19812.3	83097.1	16877.5	21342.9	7221.68	3817.28	2385.06	8508.98	819693	0	7	1	0	0xd43f5e018b415631
5	1	attention_v3	0	21	161705	2210.02	19775.3	82972	15251.6	19285.3	7403.89	3845.11	2428.48	8447.52	817541	0	3	1	0	0xd43f5e018b415631
5	1	attention_v3	0	22	161679	2156.89	19727.6	83123.5	15304.7	19194.5	7276.35	3935.65	2488.39	8385.27	801562	0	2	1	0	0xd43f5e018b415631
5	1	attention_v3	0	23	161933	2442.23	19635.9	83287.3	15236.2	19246.2	7316.39	3856.4	2400.6	8428.77	817882	0	1	1	0	0xd43f5e018b415631
5	1	attention_v3	0	24	161693	2168.6	19711.4	83239.8	15295.5	19168.6	7235.64	3948.57	2437.06	8403.02	801700	0	0	1	0	0xd43f5e018b415631
5	1	attention_v3	0	25	162364	2341.39	19964.8	83313.2	15293.4	19325.9	7264.85	3925.99	2396.73	8419.4	817867	0	4	1	0	0xd43f5e018b415631
5	1	attention_v3	0	26	163533	2201.81	19893.4	84472.1	15240.6	19512.3	7330.18	3850.48	2451.73	8481.77	817890	0	19	1	0	0xd43f5e018b415631
5	1	attention_v3	0	27	161570	2210.39	19741.7	82980.6	15326.3	19190.8	7227.51	3900.07	2442.56	8466.48	801516	0	1	1	0	0xd43f5e018b415631
5	1	attention_v3	0	28	163107	2246.18	19698.9	84399.6	15265.7	19116.7	7525.06	3950.11	2389.48	8430.23	817703	0	1	1	0	0xd43f5e018b415631
5	1	attention_v3	0	29	160923	2369.14	19680	82842	15207.5	18921.3	7405.97	3866.28	2431.89	8116.77	800737	0	2	1	0	0xd43f5e018b415631
5	1	attention_v3	0	30	161343	2169.72	19700.6	82897.1	15257.2	19219	7314.64	3871.16	2393.89	8439.27	801301	0	1	1	0	0xd43f5e018b415631
5	1	attention_v3	0	31	162133	2378.85	20073.5	83164.8	15274.3	19255.9	7243.72	3868.91	2374.77	8412.31	801745	0	7	1	0	0xd43f5e018b415631
5	1	attention_v3	0	32	161875	2386.64	19786.2	83161.4	15264.4	19186.5	7256.68	3894.78	2430.85	8423.73	801837	0	1	1	0	0xd43f5e018b415631
5	1	attention_v3	0	33	164969	2320.48	20687.5	85229.4	15302.1	19263.9	7367.8	3832.49	2426.1	8453.15	820701	0	9	1	0	0xd43f5e018b415631
5	1	attention_v3	0	34	161158	2205.27	19687.9	83056.2	15238.4	18919.6	7262.14	3882.57	2423.52	8397.15	817087	0	1	1	0	0xd43f5e018b415631
5	1	attention_v3	0	35	161382	2178.77	19722.6	83029.6	15182.6	19144.4	7425.06	3789.61	2389.68	8434.44	801404	0	0	1	0	0xd43f5e018b415631
5	1	attention_v3	0	36	161743	2363.77	19695.6	83389.5	15215.7	18987.4	7411.64	4054.36	2443.43	8094.31	801627	0	2	1	0	0xd43f5e018b415631
5	1	attention_v3	0	37	161829	2165.85	19934.4	83394.8	15181.6	19162.9	7240.27	3789.99	2391.39	8452.48	801595	0	4	1	0	0xd43f5e018b415631
5	1	attention_v3	0	38	161751	2219.89	19773.9	83268.2	15333.2	19175.8	7479.56	3869.78	2443.93	8103.73	801508	0	5	1	0	0xd43f5e018b415631
5	1	attention_v3	0	39	162052	2169.64	19834.7	83346	15212.9	19078.3	7608.35	3866.2	2400.1	8450.98	801884	0	7	1	0	0xd43f5e018b415631
5	1	attention_v3	0	40	161477	2283.56	19649.9	83166	15253	19020.5	7266.51	4067.53	2478.39	8206.77	801432	0	1	1	0	0xd43f5e018b415631
5	1	attention_v3	0	41	161411	2160.72	19823	83076.7	15227.7	19098.7	7388.06	3732.32	2387.1	8432.61	801425	0	0	1	0	0xd43f5e018b415631
5	1	attention_v3	0	42	161482	2156.56	19542.1	83139.9	15249.2	19241.7	7507.39	3701.82	2442.56	8416.56	801427	0	1	1	0	0xd43f5e018b415631
5	1	attention_v3	0	43	161384	2208.77	19816.6	82939.3	15170.5	18727.4	7719.02	3871.82	2422.52	8423.35	816993	0	7	1	0	0xd43f5e018b415631
5	1	attention_v3	0	44	161811	2182.72	19667.4	82956.5	15338.6	18982.7	7437.89	3887.49	2861.35	8411.44	801529	0	1	1	0	0xd43f5e018b415631
5	1	attention_v3	0	45	164692	2775.23	19623.6	84675.8	16161.7	19045.8	7720.56	3838.36	2436.98	8330.52	820483	0	6	1	0	0xd43f5e018b415631
5	1	attention_v3	0	46	161532	2202.6	19718.6	82803.2	15398.2	19216.1	7434.68	3841.24	2401.43	8432.44	817236	0	3	1	0	0xd43f5e018b415631
5	1	attention_v3	0	47	161769	2170.64	19634.6	83043.3	15268	19229.1	7296.68	4184.65	2435.98	8422.02	801776	0	0	1	0	0xd43f5e018b415631
5	1	attention_v3	0	48	161254	2248.14	19660.5	83072.4	15336.5	18707.6	7407.93	3858.36	2417.23	8432.98	817204	0	1	1	0	0xd43f5e018b415631
5	1	attention_v3	0	49	161400	2165.35	19747	82903.4	15323.9	19028	7487.93	3802.32	2401.44	8457.81	801241	0	3	1	0	0xd43f5e018b415631
6	1	attention_v3	0	0	165006	2430.43	19536.3	85186.6	15285.7	19600.9	8145.77	3890.07	2415.06	8433.77	820475	0	9	1	0	0xd43f5e018b415631
6	1	attention_v3	0	1	161047	2183.35	19590.1	83053.1	15271.7	18799.7	7333.93	3825.11	2476.94	8426.23	816672	0	2	1	0	0xd43f5e018b415631
6	1	attention_v3	0	2	161230	2170.68	19780.9	82865.7	15341.7	19032.3	7387.93	3770.4	2397.1	8401.44	801176	0	1	1	0	0xd43f5e018b415631
6	1	attention_v3	0	3	161447	2220.35	19683.9	83268	15232.1	19024.2	7525.68	3856.61	2446.98	8105.56	801463	0	0	1	0	0xd43f5e018b415631
6	1	attention_v3	0	4	161948	2144.27	19944.1	83225.3	15305.9	19229.1	7400.39	3775.45	2439.56	8401.23	801610	0	7	1	0	0xd43f5e018b415631
6	1	attention_v3	0	5	161576	2462.81	19716.2	82893.5	15195	19226.5	7401.81	4021.74	2446.31	8131.73	801380	0	3	1	0	0xd43f5e018b415631
6	1	attention_v3	0	6	161441	2145.31	19629.3	83015	15264.3	19168.1	7468.64	3760.61	2467.1	8442.19	801339	0	2	1	0	0xd43f5e018b415631
6	1	attention_v3	0	7	162116	2152.89	19627	83527.1	15548.8	19082.7	7414.93	3885.49	2393.85	8404.56	801157	0	10	1	0	0xd43f5e018b415631
6	1	attention_v3	0	8	161451	2154.77	19765.9	82993	15257.5	19197.6	7416.64	3706.65	2484.02	8392.15	801464	0	0	1	0	0xd43f5e018b415631
6	1	attention_v3	0	9	161617	2162.1	19737.6	83057.5	15305.8	19221.1	7429.97	3765.49	2460.9	8392.1	801557	0	1	1	0	0xd43f5e018b415631
6	1	attention_v3	0	10	161262	2233.47	19730	82840.9	15296	18773	7511.6	3935.24	2454.35	8406.27	817096	0	3	1	0	0xd43f5e018b415631
6	1	attention_v3	0	11	161563	2161.14	19649.9	83238.3	15279.1	18975.8	7454.89	3906.24	2428.94	8383.44	801231	0	5	1	0	0xd43f5e018b415631
6	1	attention_v3	0	12	161214	2284.68	19590	82885.7	15204.1	19058.4	7324.93	4061.03	2470.31	8252.23	801186	0	1	1	0	0xd43f5e018b415631
6	1	attention_v3	0	13	161530	2236.14	19841.1	82846.8	15248.4	19124.6	7423.35	3767.15	2549.69	8408.52	801154	0	9	1	0	0xd43f5e018b415631
6	1	attention_v3	0	14	161554	2198.97	19583.3	82913	15275.1	19151.6	7465.34	4017.95	2444.06	8424.23	801568	0	0	1	0	0xd43f5e018b415631
6	1	attention_v3	0	15	162048	2448.48	19640.7	83183	15205.4	19179.4	7548.48	3913.12	2392.85	8452.69	817840	0	3	1	0	0xd43f5e018b415631
6	1	attention_v3	0	16	161614	2195.6	19688.6	83076	15308	19238.7	7327.31	3821.19	2441.31	8434.85	801515	0	2	1	0	0xd43f5e018b415631
6	1	attention_v3	0	17	161917	2276.6	19716.4	83116.5	15225.9	19163.3	7709.31	3857.86	2385.27	8383.15	817739	0	3	1	0	0xd43f5e018b415631
6	1	attention_v3	0	18	161443	2269.72	19731.6	82917.1	15270.9	19230.9	7340.47	3779.28	2434.48	8384.94	801331	0	2	1	0	0xd43f5e018b415631
6	1	attention_v3	0	19	161900	2236.89	19731	83125.2	15364.8	19223.6	7463.97	3915.49	2397.89	8359.94	817661	0	7	1	0	0xd43f5e018b415631
6	1	attention_v3	0	20	160861	2203.85	19507.7	82948.8	15321.4	18927.5	7291.09	3781.28	2423.85	8376.77	800875	0	0	1	0	0xd43f5e018b415631
6	1	attention_v3	0	21	161103	2191.89	19698.5	82727.4	15234.4	19120.6	7419.93	3862.74	2467.06	8299.31	801046	0	1	1	0	0xd43f5e018b415631
6	1	attention_v3	0	22	161606	2261.73	19599.7	82830.4	15210.9	19311.8	7631.64	3861.11	2401.93	8416.86	817561	0	1	1	0	0xd43f5e018b415631
6	1	attention_v3	0	23	161814	2151.43	19740.9	83356.1	15287.7	19201.6	7337.18	3849.49	2433.02	8375.6	801264	0	7	1	0	0xd43f5e018b415631
6	1	attention_v3	0	24	161763	2204.56	19692.5	82925.3	15267	19264.3	7517.84	3990.9	2424.02	8394.1	817728	0	1	1	0	0xd43f5e018b415631
6	1	attention_v3	0	25	164006	2161.06	19682	83095.3	17051.6	19744.2	7324.26	4016.95	2460.48	8388.56	819888	0	2	1	0	0xd43f5e018b415631
6	1	attention_v3	0	26	161312	2300.52	19655.7	82968.3	15306.2	19217.9	7262.97	3680.15	2440.02	8395.19	801095	0	7	1	0	0xd43f5e018b415631
6	1	attention_v3	0	27	161065	2276.43	19573.4	82864.9	15280.5	18804.3	7497.6	3812.28	2455.56	8420.4	817077	0	0	1	0	0xd43f5e018b415631
6	1	attention_v3	0	28	161103	2181.31	19592.9	83027.2	15215	19149.8	7398.93	3663.61	2392.06	8401.94	801117	0	0	1	0	0xd43f5e018b415631
6	1	attention_v3	0	29	161748	2386.56	19858.6	83318.4	15274.9	19039.6	7339.1	3747.45	2446.98	8252.1	801516	0	4	1	0	0xd43f5e018b415631
6	1	attention_v3	0	30	161498	2176.52	19519.3	83097.8	15279.9	19185.1	7483.93	3816.53	2416.23	8440.6	801428	0	1	1	0	0xd43f5e018b415631
6	1	attention_v3	0	31	161447	2179.72	19584.9	83037.5	15275.6	19224.9	7435.26	3771.28	2447.56	8409.02	801402	0	1	1	0	0xd43f5e018b415631
6	1	attention_v3	0	32	162128	2213.77	19842	83003.6	15223.7	19267.3	7604.89	4089.86	2391.02	8408.77	818014	0	6	1	0	0xd43f5e018b415631
6	1	attention_v3	0	33	160916	2155.64	19551.6	82904.9	15319	18942.3	7463.22	3669.28	2424.64	8404.69	800876	0	1	1	0	0xd43f5e018b415631
6	1	attention_v3	0	34	161124	2367.73	19649.3	83094.6	15221.8	18985.1	7343.18	3813.4	2427.39	8140.27	801135	0	0	1	0	0xd43f5e018b415631
6	1	attention_v3	0	35	161628	2148.31	19784.8	83172.5	15239	19159	7364.22	3885.82	2414.77	8378.48	801184	0	8	1	0	0xd43f5e018b415631
6	1	attention_v3	0	36	161318	2194.22	19678.4	82969.2	15268.7	19228.1	7317.31	3764.78	2429.31	8383.19	801337	0	0	1	0	0xd43f5e018b415631
6	1	attention_v3	0	37	163698	2209.56	19651.9	83395	15657.7	20611.6	7391.85	3889.61	2389.35	8418.06	819364	0	1	1	0	0xd43f5e018b415631
6	1	attention_v3	0	38	162221	2209.35	19734.3	83534.1	15234.9	19216	7410.43	3933.32	2449.02	8418.6	817420	0	11	1	0	0xd43f5e018b415631
6	1	attention_v3	0	39	161807	2146.27	19734.5	83364.2	15256.5	19174	7396.68	3834.53	2427.48	8392.73	801765	0	1	1	0	0xd43f5e018b415631
6	1	attention_v3	0	40	161842	2217.06	19630.6	82926.9	15250.9	19253.7	7794.26	3803.23	2452.6	8432.6	817854	0	0	1	0	0xd43f5e018b415631
6	1	attention_v3	0	41	161520	2261.68	19581.4	83041.1	15242.4	19140.4	7500.18	3865.19	2432.89	8373.6	801021	0	5	1	0	0xd43f5e018b415631
6	1	attention_v3	0	42	162627	2281.64	19772.1	83783.6	15334.9	19260.7	7595.02	3732.45	2390.64	8395.19	818164	0	4	1	0	0xd43f5e018b415631
6	1	attention_v3	0	43	162158	2224.68	19696.9	83148.8	15202.5	18971.5	7777.73	4201.11	2430.77	8424.48	818098	0	1	1	0	0xd43f5e018b415631
6	1	attention_v3	0	44	162473	3333.03	19712.6	82901	15299.2	19192	7347.1	3763.69	2429.02	8410.52	802324	0	7	1	0	0xd43f5e018b415631
6	1	attention_v3	0	45	160522	2222.43	19590.6	82644.9	15244.6	18923.6	7511.22	3799.7	2455.64	8049.81	800535	0	0	1	0	0xd43f5e018b415631
6	1	attention_v3	0	46	161600	2237.81	19513.4	83276.1	15273.5	19152.9	7497.89	3740.61	2396.93	8426.61	801328	0	2	1	0	0xd43f5e018b415631
6	1	attention_v3	0	47	161575	2243.6	19678.2	83175.8	15226.9	19177.5	7360.26	3806.36	2446.44	8378.52	801409	0	3	1	0	0xd43f5e018b415631
6	1	attention_v3	0	48	162104	2191.06	19911.8	82896.5	15252	19521.9	7482.6	3964.03	2401.56	8400.44	817578	0	6	1	0	0xd43f5e018b415631
6	1	attention_v3	0	49	161509	2202.68	19582.9	83038.9	15347.9	19210.8	7425.68	3724.49	2442.02	8452.11	801385	0	2	1	0	0xd43f5e018b415631
7	1	control	0	0	163647	2181.81	19834.1	83175.3	15229.4	21241.9	7367.22	3748.49	2422.68	8364.31	819170	0	0	1	0	0xd43f5e018b415631
7	1	control	0	1	163721	2189.81	19721.4	83324.3	15204.2	21296.4	7450.14	3674.03	2399.64	8376.56	819671	0	1	1	0	0xd43f5e018b415631
7	1	control	0	2	165005	2189.1	19824.5	84425.3	15259.7	21011.6	7640.1	3760.15	2410.52	8397.35	835579	0	14	1	0	0xd43f5e018b415631
7	1	control	0	3	174255	2143.81	19774.6	90563.1	16623.4	21940.9	7841.31	4189.2	2690.27	8404.44	858272	0	24	1	0	0xd43f5e018b415631
7	1	control	0	4	178096	2178.39	19669.4	94316.9	15423.9	21994	8508.31	5070.5	2485.18	8363.69	897055	0	32	1	0	0xd43f5e018b415631
7	1	control	0	5	174644	2138.72	25046.6	87790.5	16219.7	21235.4	7850.85	3823.74	2421.19	8031.39	861591	0	23	1	0	0xd43f5e018b415631
7	1	control	0	6	178844	2373.64	19676.1	91742.4	15488.2	24826.6	9179.24	4386.03	2638.81	8449.52	881435	0	30	1	0	0xd43f5e018b415631
7	1	control	0	7	176652	2186.02	24019	89624.3	16473.3	21737.3	7868.36	3997.95	2451.27	8208.1	879167	0	15	1	0	0xd43f5e018b415631
7	1	control	0	8	175731	2168.06	19804.1	92936.4	15614.4	21808.7	8353.48	4083.32	2487.85	8390.85	878517	0	27	1	0	0xd43f5e018b415631
7	1	control	0	9	168905	2170.64	19637.4	83144.8	17594.3	24298.6	7367.8	3809.4	2395.77	8394.15	856255	0	18	1	0	0xd43f5e018b415631
7	1	control	0	10	173744	2141.27	19727.1	87611.9	17302.5	24047.6	7662.85	4298.24	2472.23	8395.73	861003	0	22	1	0	0xd43f5e018b415631
7	1	control	0	11	169437	2200.81	19548.6	88130.1	15367.9	21098.3	7356.06	4811.91	2439.44	8400.27	857010	0	16	1	0	0xd43f5e018b415631
7	1	control	0	12	172654	2157.72	20587.2	88937	15445.8	22016.5	8366.36	4080.2	2545.52	8428.44	859883	0	22	1	0	0xd43f5e018b415631
7	1	control	0	13	170188	2143.89	19810.9	88378.6	15602.4	21566.1	7709.81	4082.86	2435.23	8370.65	841823	0	11	1	0	0xd43f5e018b415631
7	1	control	0	14	170572	2184.06	25355.6	83982.3	15200.7	21749.4	7375.34	3780.61	2474.94	8383.77	841598	0	20	1	0	0xd43f5e018b415631
7	1	control	0	15	176220	3183.11	19884.7	92306.9	15999.8	21819.2	8149.35	3970.7	2449.39	8372.94	878142	0	30	1	0	0xd43f5e018b415631
7	1	control	0	16	168165	2182.85	19721	83557.5	17449	22761.2	7560.22	3754.94	2734.27	8359.94	839455	0	14	1	0	0xd43f5e018b415631
7	1	control	0	17	174935	2188.47	19768.1	90059.6	16687.1	23248	7866.73	3739.61	2897.73	8398.15	877910	0	27	1	0	0xd43f5e018b415631
7	1	control	0	18	168316	2193.85	19566.9	85391.9	15208.4	22456.7	8331.98	4242.53	2446.98	8393.6	839867	0	12	1	0	0xd43f5e018b415631
7	1	control	0	19	174725	2203.47	19794.7	90125	15268.2	24288.2	8171.73	3819.28	2561.89	8404.52	877676	0	24	1	0	0xd43f5e018b415631
7	1	control	0	20	169547	2194.43	19550.5	88163.2	15290.4	21398.1	7840.48	4181.99	2471.19	8371.31	841110	0	11	1	0	0xd43f5e018b415631
7	1	control	0	21	170695	2170.31	25373.7	83542.9	15335.4	21836.4	7646.81	3892.41	2409.02	8405.94	858069	0	17	1	0	0xd43f5e018b415631
7	1	control	0	22	172699	3336.15	19893.2	89289.1	16086.4	21507.5	7748.81	3949.86	2443.93	8359.94	860041	0	17	1	0	0xd43f5e018b415631
7	1	control	0	23	168141	2202.72	21601.8	83557.4	16036.4	22191.3	7629.15	3979.99	2726.86	8131.1	839712	0	16	1	0	0xd43f5e018b415631
7	1	control	0	24	175118	2167.39	19875.2	91600.7	15809.3	22486	7666.85	4092.03	2954.98	8381.73	878404	0	21	1	0	0xd43f5e018b415631
7	1	control	0	25	168517	2195.39	19768.4	85211.2	15269.7	23394.5	8095.98	3893.91	2412.02	8194.48	839894	0	17	1	0	0xd43f5e018b415631
7	1	control	0	26	174402	2186.1	19951.7	89754.6	15396.7	23811.2	8519.02	3863.82	2425.69	8409.6	877465	0	26	1	0	0xd43f5e018b415631
7	1	control	0	27	169908	2191.85	19567.5	88217.5	15262.9	21493	7780.81	4459.24	2457.31	8394.77	857489	0	10	1	0	0xd43f5e018b415631
7	1	control	0	28	170255	2181.22	24754.8	84668.3	15212.2	21492.5	7362.89	3709.45	2395.1	8394.23	841342	0	24	1	0	0xd43f5e018b415631
7	1	control	0	29	171893	3279.57	19659.4	88977.6	15216.2	21429.1	8307.6	4187.87	2404.89	8345.19	851569	0	25	1	0	0xd43f5e018b415631
7	1	control	0	30	163909	2204.1	19799.7	83361.4	15243.2	21326.8	7287.64	3782.65	2393.89	8431.44	819803	0	2	1	0	0xd43f5e018b415631
7	1	control	0	31	164149	2183.52	19695.7	83298.6	15322.4	21200.6	7427.6	4161.2	2405.69	8371.15	819606	0	5	1	0	0xd43f5e018b415631
7	1	control	0	32	163940	2196.39	19847.1	83040.2	15407.3	21052.1	7803.26	3787.7	2390.77	8329.6	819768	0	3	1	0	0xd43f5e018b415631
7	1	control	0	33	164913	2175.18	19968.8	83947.8	15205.6	21349	7495.77	3922.19	2395.73	8370.19	836575	0	7	1	0	0xd43f5e018b415631
7	1	control	0	34	163934	2157.22	19800.7	83226.2	15294.8	21329.5	7338.26	3735.15	2554.94	8413.73	819884	0	1	1	0	0xd43f5e018b415631
7	1	control	0	35	165111	2358.06	19830.7	83236.6	15225.8	21863	7665.52	3963.99	2504.64	8380.98	821023	0	6	1	0	0xd43f5e018b415631
7	1	control	0	36	164306	2176.52	19612	83220.3	15191.6	21660.4	7666.48	3862.99	2494.93	8341.15	820248	0	1	1	0	0xd43f5e018b415631
7	1	control	0	37	163903	2202.14	19570.1	83390.5	15212.9	21578.1	7313.68	3762.24	2408.47	8382.44	819636	0	5	1	0	0xd43f5e018b415631
7	1	control	0	38	163856	2180.68	19706.1	82966.5	15172.2	21501.1	7329.31	3751.2	2721.23	8442.73	819552	0	7	1	0	0xd43f5e018b415631
7	1	control	0	39	164247	2220.31	19716.7	83334.9	15236.8	21376	7658.85	3847.15	2409.73	8366.65	820196	0	1	1	0	0xd43f5e018b415631
7	1	control	0	40	166933	2179.97	19795.2	83123.2	16382.9	23094.9	7519.73	3844.07	2521.69	8386.44	838752	0	3	1	0	0xd43f5e018b415631
7	1	control	0	41	163974	2179.97	19498.9	83279.1	15188.2	21600.8	7505.84	3830.7	2400.85	8406.69	819912	0	1	1	0	0xd43f5e018b415631
7	1	control	0	42	164364	2194.22	19663.7	83662.1	15235.2	21382.9	7246.26	4128.53	2409.48	8358.81	820082	0	9	1	0	0xd43f5e018b415631
7	1	control	0	43	163524	2202.35	19809.2	83021.9	15200.4	21398.3	7387.18	3685.16	2379.02	8354.06	819286	0	4	1	0	0xd43f5e018b415631
7	1	control	0	44	163782	2200.56	19755.2	82977.5	15261.1	21446.7	7509.85	3772.9	2413.23	8362.85	819792	0	0	1	0	0xd43f5e018b415631
7	1	control	0	45	164524	2184.02	19849.6	83083.8	15271.9	21267.1	7379.81	4574.91	2443.97	8386.56	820049	0	2	1	0	0xd43f5e018b415631
7	1	control	0	46	164690	2187.85	19788.1	83562.9	15269.5	21430.6	7601.01	4038.49	2396.6	8331.73	836275	0	3	1	0	0xd43f5e018b415631
7	1	control	0	47	165491	3631.86	19663.4	83136.6	15228.6	21811	7260.6	3851.57	2468.02	8357.1	821503	0	0	1	0	0xd43f5e018b415631
7	1	control	0	48	164221	2190.06	19741.2	83148.8	15172.2	21674.5	7460.89	3869.69	2477.1	8405.77	820071	0	6	1	0	0xd43f5e018b415631
7	1	control	0	49	163882	2197.14	19732.5	82887.3	15219.1	21660.3	7344.02	3959.61	2407.85	8390.31	819707	0	3	1	0	0xd43f5e018b415631
8	2	control	0	0	163845	2148.52	19630.6	83397	15391.4	21390.7	7224.97	3833.53	2385.48	8360.65	819575	0	1	1	0	0xd43f5e018b415631
8	2	control	0	1	163729	2145.77	19509	83072.8	15343	21318.7	7656.56	3797.65	2383.44	8422.6	819671	0	1	1	0	0xd43f5e018b415631
8	2	control	0	2	164757	2152.31	19775.3	83355	15241.2	21929	7368.22	3956.99	2520.89	8377.19	820629	0	1	1	0	0xd43f5e018b415631
8	2	control	0	3	164234	2186.68	19892.4	83138.8	15187.9	21861.6	7270.93	3810.95	2443.85	8359.31	820060	0	7	1	0	0xd43f5e018b415631
8	2	control	0	4	164158	2220.48	19587.6	83025	15216.8	21916	7415.05	3883.03	2424.98	8386.1	819839	0	6	1	0	0xd43f5e018b415631
8	2	control	0	5	164796	2210.81	19964	83666.2	15347.9	21171.3	7672.97	3893.45	2396.68	8392.98	819887	0	11	1	0	0xd43f5e018b415631
8	2	control	0	6	163399	2184.31	19637.1	82888.3	15203.5	21349.5	7504.72	3794.9	2384.52	8368.31	819349	0	1	1	0	0xd43f5e018b415631
8	2	control	0	7	167730	2215.35	20838	83789.4	15284.1	22578.9	7545.01	4246.74	2781.44	8370.6	838997	0	4	1	0	0xd43f5e018b415631
8	2	control	0	8	163793	2201.56	19824	83056.6	15233.1	21577.5	7354.1	3678.24	2407.6	8376.15	819802	0	0	1	0	0xd43f5e018b415631
8	2	control	0	9	163811	2212.06	19525.6	83112.8	15267.1	21531.4	7469.47	3789.74	2421.14	8400.77	819696	0	6	1	0	0xd43f5e018b415631
8	2	control	0	10	163790	2215.31	19574	83286.1	15231.5	21502.2	7255.14	3863.57	2387.14	8395.85	819487	0	6	1	0	0xd43f5e018b415631
8	2	control	0	11	163855	2199.02	19781.3	82860.2	15245.5	21458.9	7393.64	4065.41	2399.85	8369.69	819805	0	1	1	0	0xd43f5e018b415631
8	2	control	0	12	164031	2211.93	19758.3	83143.8	15227.7	21416.5	7635.43	3775.07	2394.27	8386.35	819811	0	1	1	0	0xd43f5e018b415631
8	2	control	0	13	163567	2211.47	19599.6	82931.8	15220.8	21543.6	7505.64	3745.11	2390.06	8339.1	819191	0	3	1	0	0xd43f5e018b415631
8	2	control	0	14	163709	2215.77	19542.3	83031	15248.5	21475.6	7498.97	3817.07	2401.85	8392.52	819722	0	0	1	0	0xd43f5e018b415631
8	2	control	0	15	163800	2197.39	19626.2	83209.8	15256.9	21430.9	7385.22	3814.44	2424.6	8369.4	819623	0	7	1	0	0xd43f5e018b415631
8	2	control	0	16	164135	2211.14	19662	83276.3	15291.5	21298.2	7551.01	3984.32	2409.94	8367.35	819905	0	4	1	0	0xd43f5e018b415631
8	2	control	0	17	164229	2190.52	19688.3	83501.5	15232.5	21002.2	7731.68	4099.24	2405.35	8299.98	819429	0	8	1	0	0xd43f5e018b415631
8	2	control	0	18	163501	2185.89	19641.9	82915.5	15370.2	21188.5	7527.43	3833.86	2387.27	8366.81	819511	0	0	1	0	0xd43f5e018b415631
8	2	control	0	19	166822	2217.56	19737.6	85056.4	15744	21487.3	7845.52	3851.28	2440.14	8357.98	838591	0	4	1	0	0xd43f5e018b415631
8	2	control	0	20	163846	2193.06	19648.9	82809.3	15167.7	21703.6	7468.48	3932.07	2464.02	8380.35	819858	0	0	1	0	0xd43f5e018b415631
8	2	control	0	21	164225	2205.14	19702.4	83202.1	15376.7	21498.2	7415.6	3984.62	2402.64	8355.9	820171	0	1	1	0	0xd43f5e018b415631
8	2	control	0	22	164588	2526.94	19614.4	83831.8	15356.8	21227.7	7360.89	3871.45	2382.27	8329.85	819858	0	11	1	0	0xd43f5e018b415631
8	2	control	0	23	163830	2189.1	19556.1	83224.5	15317.2	21194.2	7605.52	3856.49	2384.27	8419.85	819667	0	3	1	0	0xd43f5e018b415631
8	2	control	0	24	163761	2225.93	19711.9	83201.5	15311.6	21133.4	7521.19	3827.15	2394.14	8350.52	819726	0	1	1	0	0xd43f5e018b415631
8	2	control	0	25	163129	2192.43	19598.1	82814.2	15212.8	21360.9	7332.47	3756.61	2396.98	8382.06	819020	0	2	1	0	0xd43f5e018b415631
8	2	control	0	26	164330	2200.72	19589.2	83318.3	15287.4	21265.4	7699.34	4092.57	2393.77	8403.56	820029	0	2	1	0	0xd43f5e018b415631
8	2	control	0	27	164016	2202.22	19449.4	83020.9	15938.5	20975.9	7951.93	3767.23	2428.27	8199.44	819386	0	6	1	0	0xd43f5e018b415631
8	2	control	0	28	164511	2150.85	19656.8	83796.5	15349.5	21327.5	7625.22	3768.03	2394.6	8359.1	819523	0	10	1	0	0xd43f5e018b415631
8	2	control	0	29	165038	2152.43	19684.3	83529.9	15351.8	22237.2	7389.93	3789.86	2438.15	8385.06	820418	0	10	1	0	0xd43f5e018b415631
8	2	control	0	30	164799	2217.39	19620.9	83304	15264.7	22376.8	7198.51	3946.82	2394.6	8394.48	820290	0	2	1	0	0xd43f5e018b415631
8	2	control	0	31	167034	2197.6	19655.6	84450.6	16066.7	21634.6	8374.69	3780.53	2430.18	8364.1	838133	0	6	1	0	0xd43f5e018b415631
8	2	control	0	32	164093	2191.6	19661.8	82949.1	15431.4	21815.6	7344.3	3820.32	2417.14	8376.56	819832	0	2	1	0	0xd43f5e018b415631
8	2	control	0	33	164854	2201.97	19623.3	83044.3	15234.2	21731.1	7567.89	3844.86	3146.02	8376.9	819831	0	3	1	0	0xd43f5e018b415631
8	2	control	0	34	164094	2193.35	19554.4	83274.8	15302.7	21351.5	7606.14	3947.16	2399.48	8381.44	819889	0	8	1	0	0xd43f5e018b415631
8	2	control	0	35	164095	2188.68	19681.5	83418	15341.4	21155.4	7592.93	3750.65	2395.06	8482.11	819797	0	5	1	0	0xd43f5e018b415631
8	2	control	0	36	165652	2145.93	19530.1	84082.4	15659.4	22002.9	7349.85	3905.49	2481.39	8413.48	819746	0	12	1	0	0xd43f5e018b415631
8	2	control	0	37	164220	2196.93	19521.4	83361.9	15237.3	21843.5	7232.76	3928.15	2460.98	8354.1	820072	0	2	1	0	0xd43f5e018b415631
8	2	control	0	38	164161	2193.56	19632.7	83188.5	15197.3	21739.9	7421.77	3890.82	2447.89	8364.4	820116	0	1	1	0	0xd43f5e018b415631
8	2	control	0	39	165162	2211.47	19670.6	84848.3	15266	21228.6	7423.05	3986.82	2383.27	8062.39	819865	0	3	1	0	0xd43f5e018b415631
8	2	control	0	40	163610	2151.06	19653.1	83068.2	15314.7	21146	7433.89	3962.45	2404.1	8392.1	803424	0	7	1	0	0xd43f5e018b415631
8	2	control	0	41	163577	2151.31	19630.1	83262.5	15324	21088.3	7605.1	3691.61	2389.81	8350.65	803070	0	8	1	0	0xd43f5e018b415631
8	2	control	0	42	163837	2195.43	19622.3	83356	15312	21167.7	7488.56	3864.7	2384.93	8365.6	819083	0	3	1	0	0xd43f5e018b415631
8	2	control	0	43	163250	2184.68	19653.3	82955	15258.9	21267.2	7396.65	3682.19	2395.89	8374.94	819088	0	3	1	0	0xd43f5e018b415631
8	2	control	0	44	166884	2200.02	19550.1	85461.2	15256.1	21832.3	7312.52	4322.2	2458.98	8407.4	838751	0	1	1	0	0xd43f5e018b415631
8	2	control	0	45	164209	2193.35	19564.9	83339.2	15221.8	21768	7419.22	3872.03	2396.97	8353.31	820177	0	1	1	0	0xd43f5e018b415631
8	2	control	0	46	163960	2206.22	19535.9	83125.9	15364.3	21623.3	7382.39	3879.28	2402.6	8354.73	819845	0	7	1	0	0xd43f5e018b415631
8	2	control	0	47	164526	2683.15	19785.7	83210	15199.6	21320.1	7481.26	3943.95	2377.14	8444.02	820292	0	4	1	0	0xd43f5e018b415631
8	2	control	0	48	164881	2205.93	20050.9	83521	15287.7	21579.2	7466.93	3929.36	2400.48	8359.4	836459	0	6	1	0	0xd43f5e018b415631
8	2	control	0	49	163680	2147.64	19615.1	83032.9	15257.2	21528.9	7489.93	3765.66	2370.69	8391.94	819572	0	2	1	0	0xd43f5e018b415631
9	2	attention_v3	0	0	161498	2216.56	19597.3	83079.3	15313.4	19141.9	7413.88	3956.95	2404.89	8287.81	801508	0	0	1	0	0xd43f5e018b415631
9	2	attention_v3	0	1	162304	2359.98	19716.3	83545	15231.2	19145.1	7406.85	3955.82	2467.48	8387.69	801884	0	11	1	0	0xd43f5e018b415631
9	2	attention_v3	0	2	161127	2331.31	19604.3	82924.7	15276.7	19047.5	7296.47	3854.11	2453.35	8249.94	801140	0	0	1	0	0xd43f5e018b415631
9	2	attention_v3	0	3	162077	2201.1	19761.7	83157.3	15246.1	19258.3	7490.31	4048.07	2388.85	8434.06	818009	0	1	1	0	0xd43f5e018b415631
9	2	attention_v3	0	4	161765	2207.89	19786	83358	15191.7	19000.2	7529.64	3995.7	2491.98	8114.69	817750	0	1	1	0	0xd43f5e018b415631
9	2	attention_v3	0	5	161932	2161.97	19850.6	83319.6	15260.4	19205.3	7327.93	3865.24	2465.94	8386.9	801708	0	1	1	0	0xd43f5e018b415631
9	2	attention_v3	0	6	161551	2190.52	19801.2	83208.3	15320.3	19080	7417.01	3767.4	2436.39	8244.02	801506	0	1	1	0	0xd43f5e018b415631
9	2	attention_v3	0	7	161603	2152.35	19806.6	82969.8	15246.1	19161.7	7564.76	3797.87	2410.68	8406.77	801317	0	6	1	0	0xd43f5e018b415631
9	2	attention_v3	0	8	161891	2402.48	19559.4	83479.2	15279.9	19174.7	7333.14	3878.57	2415.98	8277.31	801725	0	7	1	0	0xd43f5e018b415631
9	2	attention_v3	0	9	161873	2190.47	19633	83409.8	15286	19226.2	7480.8	3760.07	2389.1	8408.48	817697	0	5	1	0	0xd43f5e018b415631
9	2	attention_v3	0	10	161710	2373.35	19691	83186.1	15307.2	19182.4	7259.6	3902.91	2400.56	8315.65	801491	0	4	1	0	0xd43f5e018b415631
9	2	attention_v3	0	11	164511	2202.93	22581.3	83114.7	15263.3	18922.4	7585.76	3922.53	2458.73	8369.23	836440	0	1	1	0	0xd43f5e018b415631
9	2	attention_v3	0	12	161856	2164.43	19719.6	83352.9	15288.3	19162.2	7317.55	3911.66	2401.68	8451.15	801572	0	1	1	0	0xd43f5e018b415631
9	2	attention_v3	0	13	161763	2193.27	19579.3	83204.7	15257	19043.4	7499.47	4092.37	2432.52	8370.94	817670	0	2	1	0	0xd43f5e018b415631
9	2	attention_v3	0	14	161824	2155.31	19744.2	83282.7	15399.2	19095.1	7508.84	3759.61	2415.19	8377.35	801394	0	12	1	0	0xd43f5e018b415631
9	2	attention_v3	0	15	161207	2364.27	19787.5	83149.2	15175.5	18944.6	7339.3	3870.32	2445.27	8038.77	801116	0	2	1	0	0xd43f5e018b415631
9	2	attention_v3	0	16	161998	2153.39	19859.7	83068.5	15288.4	19184.9	7638.14	3770.28	2521.64	8426.81	802009	0	0	1	0	0xd43f5e018b415631
9	2	attention_v3	0	17	161662	2423.06	19804	83085.6	15207.2	18978.2	7579.47	3870.65	2452.81	8172.73	817595	0	1	1	0	0xd43f5e018b415631
9	2	attention_v3	0	18	161702	2168.52	19750.1	83207.9	15206.1	19173.9	7453.43	3722.99	2510.44	8418.98	801640	0	1	1	0	0xd43f5e018b415631
9	2	attention_v3	0	19	163576	2200.1	19831.6	84165.8	15224.1	19865	7458.6	3821.53	2448.22	8471.98	818068	0	3	1	0	0xd43f5e018b415631
9	2	attention_v3	0	20	162001	2206.97	19879.2	83469.5	15316.7	19020.8	7523.1	3842.53	2453.73	8202.23	801313	0	10	1	0	0xd43f5e018b415631
9	2	attention_v3	0	21	162489	2252.1	19759.1	83244	15266.2	19281.9	7545.31	4153.2	2451.64	8441.31	802165	0	8	1	0	0xd43f5e018b415631
9	2	attention_v3	0	22	161883	2217.39	20228.9	83022.5	15220.2	18830.9	7480.97	3939.95	2461.02	8389.98	817341	0	3	1	0	0xd43f5e018b415631
9	2	attention_v3	0	23	164047	2215.43	19867.4	85747.1	15251.2	18500.7	7874.39	3711.95	2403.43	8387.56	819989	0	1	1	0	0xd43f5e018b415631
9	2	attention_v3	0	24	161556	2161.39	19857.1	82813	15335	18976.6	7616.35	3796.74	2467.64	8441.44	801572	0	0	1	0	0xd43f5e018b415631
9	2	attention_v3	0	25	161177	2347.89	19649.4	83148.8	15213.2	18928.1	7392.09	3918.95	2470.02	8021.64	801068	0	2	1	0	0xd43f5e018b415631
9	2	attention_v3	0	26	161817	2166.22	19747.9	83060.2	15306.8	19325.4	7501.64	3769.15	2446.06	8402.1	801658	0	3	1	0	0xd43f5e018b415631
9	2	attention_v3	0	27	161745	2245.93	19738.7	83426.2	15259.9	18961.3	7383.72	3999.36	2453.93	8185.48	817354	0	8	1	0	0xd43f5e018b415631
9	2	attention_v3	0	28	161610	2204.77	19715	83118.7	15303.8	19264.6	7324.76	3701.9	2446.81	8442.19	801556	0	1	1	0	0xd43f5e018b415631
9	2	attention_v3	0	29	161761	2287.23	19824.1	83100.6	15226.5	19248.8	7289.09	3884.28	2410.06	8402.56	801652	0	2	1	0	0xd43f5e018b415631
9	2	attention_v3	0	30	161843	2303.47	19733.2	82990.4	15184.3	19240.4	7525.85	3850.36	2449.06	8478.56	817854	0	0	1	0	0xd43f5e018b415631
9	2	attention_v3	0	31	161482	2193.27	19755.8	83018.4	15258.4	19188.5	7402.26	3765.32	2398.52	8409.65	801430	0	1	1	0	0xd43f5e018b415631
9	2	attention_v3	0	32	161843	2197.81	19788.5	83200.9	15241.1	19165.7	7468.31	3850.78	2416.14	8419.65	817717	0	2	1	0	0xd43f5e018b415631
9	2	attention_v3	0	33	162111	2161.68	19949.4	83252.5	15342.3	19298.2	7522.76	3852.11	2454.39	8185.19	801833	0	11	1	0	0xd43f5e018b415631
9	2	attention_v3	0	34	161488	2152.85	19753.9	83065	15233.1	19183.1	7425.68	3748.9	2397.18	8394.6	817440	0	1	1	0	0xd43f5e018b415631
9	2	attention_v3	0	35	161990	2180.14	20161.4	83141.2	15296	19219.5	7286.55	3744.94	2446.98	8422.73	801714	0	5	1	0	0xd43f5e018b415631
9	2	attention_v3	0	36	164051	2191.39	19724.8	85154.1	15240.9	19021.8	7706.18	4391.41	2460.64	8068.44	820059	0	0	1	0	0xd43f5e018b415631
9	2	attention_v3	0	37	162015	2435.85	19818.2	83067.8	15272.3	19155.2	7372.85	3894.44	2452.48	8458.19	802027	0	0	1	0	0xd43f5e018b415631
9	2	attention_v3	0	38	161536	2261.14	19791.8	83138.5	15217.2	19082.9	7458.48	3897.15	2447.56	8152.19	801056	0	5	1	0	0xd43f5e018b415631
9	2	attention_v3	0	39	162435	2396.31	19730.8	83188	15277.9	19445.1	7460.47	3970.82	2458.23	8417.56	801982	0	9	1	0	0xd43f5e018b415631
9	2	attention_v3	0	40	161197	2392.89	19707.9	82954.3	15210.4	18971.2	7445.55	3872.53	2443.31	8082.64	801143	0	1	1	0	0xd43f5e018b415631
9	2	attention_v3	0	41	161907	2397.93	19708.1	83128.5	15335.7	19181.1	7447.51	3779.86	2403.69	8434.85	801859	0	1	1	0	0xd43f5e018b415631
9	2	attention_v3	0	42	161565	2194.39	19876.2	83080	15261.8	19075.7	7444.31	3780.57	2528.52	8233.4	801456	0	1	1	0	0xd43f5e018b415631
9	2	attention_v3	0	43	161641	2157.64	19764.3	82955.2	15287.4	19183.3	7558.64	3844.03	2401.35	8398.9	801586	0	1	1	0	0xd43f5e018b415631
9	2	attention_v3	0	44	161774	2366.93	19592.1	83016.3	15287.2	19319.8	7502.43	3751.36	2436.27	8412.19	801652	0	2	1	0	0xd43f5e018b415631
9	2	attention_v3	0	45	161942	2200.52	19849.6	83050.5	15268.8	19162.9	7530.01	3917.28	2431.48	8439.9	817893	0	1	1	0	0xd43f5e018b415631
9	2	attention_v3	0	46	161847	2375.31	19630.2	83412.5	15271.6	19065.4	7608.23	3854.53	2443.97	8094.85	801448	0	12	1	0	0xd43f5e018b415631
9	2	attention_v3	0	47	162601	2160.77	19825.4	83406	15310.1	19103.4	8067.52	3751.36	2449.89	8437.19	801919	0	4	1	0	0xd43f5e018b415631
9	2	attention_v3	0	48	164974	2217.85	19859.8	86215.2	15188.7	19101.2	7405.52	4270.45	2520.4	8105.35	820731	0	2	1	0	0xd43f5e018b415631
9	2	attention_v3	0	49	162026	2502.27	19854.6	83265.2	15234	19164.9	7378.14	3686.07	2454.52	8395.31	802034	0	0	1	0	0xd43f5e018b415631
10	2	attention_v3	0	0	161657	2248.43	19781.4	83150.8	15222.2	19283.5	7316.06	3753.15	2395.73	8415.15	801598	0	1	1	0	0xd43f5e018b415631
10	2	attention_v3	0	1	162888	2560.77	19898	83602.1	15361.1	18954.9	7799.44	3747.61	2425.23	8447.77	818431	0	12	1	0	0xd43f5e018b415631
10	2	attention_v3	0	2	161769	2200.93	20024.4	82942.7	15205.4	18777.8	7641.31	4059.61	2454.35	8372.35	817610	0	4	1	0	0xd43f5e018b415631
10	2	attention_v3	0	3	163082	2238.6	21972.4	82931.5	15223.4	18887.6	7293.18	3868.66	2461.48	8115.73	802931	0	1	1	0	0xd43f5e018b415631
10	2	attention_v3	0	4	162175	2157.31	19885.9	83219.7	15246.3	19120.3	7712.02	3841.65	2422.43	8479.1	802014	0	2	1	0	0xd43f5e018b415631
10	2	attention_v3	0	5	161393	2366.68	19617.6	83044	15230.3	18973.4	7750.8	3847.24	2434.06	8040.98	801052	0	7	1	0	0xd43f5e018b415631
10	2	attention_v3	0	6	162115	2275.81	19792.7	83239.7	15246.2	19134.6	7681.23	3811.32	2394.39	8447.69	801996	0	2	1	0	0xd43f5e018b415631
10	2	attention_v3	0	7	161573	2401.73	19773.1	82843.7	15218.7	19023.5	7583.98	4105.03	2446.44	8086.44	817274	0	9	1	0	0xd43f5e018b415631
10	2	attention_v3	0	8	162441	2416.93	19855.9	83798.4	15314.1	19033.4	7416.26	3733.44	2388.1	8397.56	801978	0	2	1	0	0xd43f5e018b415631
10	2	attention_v3	0	9	162038	2363.23	19793.3	83240.9	15296.4	18810.3	7666.05	3977.86	2419.98	8378.44	818049	0	0	1	0	0xd43f5e018b415631
10	2	attention_v3	0	10	161353	2225.02	19819.3	82835.5	15431.6	18952.5	7415.18	3804.49	2401.98	8378.02	801293	0	1	1	0	0xd43f5e018b415631
10	2	attention_v3	0	11	163789	2369.52	19822	84690.6	15283.3	19252.8	7411.52	4099.65	2391.52	8376.19	818152	0	6	1	0	0xd43f5e018b415631
10	2	attention_v3	0	12	161360	2358.56	19739.4	83055.1	15193.1	18987.3	7542.18	3877.24	2485.68	8033.27	801261	0	2	1	0	0xd43f5e018b415631
10	2	attention_v3	0	13	161759	2164.56	19711.7	82973.5	15212.7	19135	7688.14	3738.65	2668.94	8380.69	801410	0	12	1	0	0xd43f5e018b415631
10	2	attention_v3	0	14	163045	2248.1	19874.5	84166.5	15198.4	19357.2	7304.14	4047.53	2393.77	8361.65	818014	0	5	1	0	0xd43f5e018b415631
10	2	attention_v3	0	15	165928	3299.36	19849.6	85247.3	15624.4	19186.4	7861.85	3933.95	2417.52	8419.4	821816	0	2	1	0	0xd43f5e018b415631
10	2	attention_v3	0	16	161218	2227.1	19724.3	82929.7	15330.9	18772.6	7388.68	3912.07	2435.98	8405.23	817123	0	2	1	0	0xd43f5e018b415631
10	2	attention_v3	0	17	161452	2164.14	19729.7	83018.6	15317.1	19015.7	7563.6	3734.74	2422.73	8396.48	801210	0	1	1	0	0xd43f5e018b415631
10	2	attention_v3	0	18	161793	2217.31	19880.4	83009.1	15183.7	18890.1	7602.18	4106.78	2428.56	8384.94	817568	0	4	1	0	0xd43f5e018b415631
10	2	attention_v3	0	19	161835	2161.85	19858.7	83115.9	15279.1	19230.9	7433.3	3874.03	2381.68	8412.85	801591	0	8	1	0	0xd43f5e018b415631
10	2	attention_v3	0	20	162108	2221.47	19696.9	82963.2	15268.7	19646.3	7457.51	3972.11	2430.64	8356.81	817677	0	2	1	0	0xd43f5e018b415631
10	2	attention_v3	0	21	161221	2161.39	19736.5	82807.6	15181.9	19123.1	7494.43	3792.7	2402.81	8430.31	801173	0	1	1	0	0xd43f5e018b415631
10	2	attention_v3	0	22	161493	2214.77	19856.6	83055.5	15203.1	19034.2	7415.22	3991.57	2460.02	8171.56	801512	0	0	1	0	0xd43f5e018b415631
10	2	attention_v3	0	23	162831	3289.61	19660	83196.9	15309.9	18902	7760.81	3733.74	2479.39	8409.44	802506	0	3	1	0	0xd43f5e018b415631
10	2	attention_v3	0	24	162291	2341.06	19789.9	83229.1	15222.2	19227.3	7802.14	3774.2	2406.6	8410.48	818019	0	2	1	0	0xd43f5e018b415631
10	2	attention_v3	0	25	162377	2160.14	19885.3	83735.1	15280.4	19309.9	7321.59	3952.86	2503.31	8136.35	801908	0	9	1	0	0xd43f5e018b415631
10	2	attention_v3	0	26	161990	2160.97	19865.6	83106.7	15275.6	19099.6	7633.85	3906.32	2479.77	8375.15	803688	0	8	1	0	0xd43f5e018b415631
10	2	attention_v3	0	27	161308	2364.43	19787.3	82840.7	15174.9	19069.1	7517.22	3882.32	2430.6	8159.9	798531	0	4	1	0	0xd43f5e018b415631
10	2	attention_v3	0	28	165395	2229.14	19895	86393.4	15239.4	19231.3	7541.1	3940.32	2447.23	8389.94	837326	0	1	1	0	0xd43f5e018b415631
10	2	attention_v3	0	29	161693	2188.64	19877	83004.4	15256.8	19224.7	7424.97	3796.61	2441.56	8387.77	801596	0	2	1	0	0xd43f5e018b415631
10	2	attention_v3	0	30	162116	2268.43	19906.4	83284.8	15251.5	19192.2	7435.51	3912.15	2397.31	8376.65	817594	0	5	1	0	0xd43f5e018b415631
10	2	attention_v3	0	31	161994	2236.43	19766	83164.3	15305.5	19228.6	7515.68	3841.53	2406.14	8439.23	801720	0	4	1	0	0xd43f5e018b415631
10	2	attention_v3	0	32	162034	2181.93	19679.5	83221	15316.2	19202	7659.64	3845.82	2439.73	8400.44	817918	0	6	1	0	0xd43f5e018b415631
10	2	attention_v3	0	33	161637	2263.27	19785.4	83044.8	15456	19252.5	7165.18	3850.65	2419.31	8311.52	801480	0	3	1	0	0xd43f5e018b415631
10	2	attention_v3	0	34	161965	2200.02	19824.1	82897.1	15244	19159.7	7755.39	3930.24	2461.89	8405.27	817968	0	0	1	0	0xd43f5e018b415631
10	2	attention_v3	0	35	161688	2198.64	19742.3	83352.9	15252.9	19104.7	7465.68	3774.69	2397.85	8313.1	801638	0	1	1	0	0xd43f5e018b415631
10	2	attention_v3	0	36	161745	2202.22	19770	82841.6	15305.4	19297.6	7687.93	3692.19	2484.98	8375.44	817574	0	3	1	0	0xd43f5e018b415631
10	2	attention_v3	0	37	161815	2296.02	19832	82953.6	15314.4	19111.3	7705.72	3782.24	2406.39	8321.98	801775	0	1	1	0	0xd43f5e018b415631
10	2	attention_v3	0	38	162468	2452.18	19820.3	83168.7	15233.6	19365	7631.68	3823.28	2450.52	8434.02	818116	0	12	1	0	0xd43f5e018b415631
10	2	attention_v3	0	39	161303	2214.31	19763.5	82975.6	15218.9	19110	7422.97	3886.28	2445.89	8173.6	801189	0	2	1	0	0xd43f5e018b415631
10	2	attention_v3	0	40	164563	2234.35	19905.4	85917.2	15186.1	18633.1	7773.97	3988.49	2433.47	8399.02	820513	0	1	1	0	0xd43f5e018b415631
10	2	attention_v3	0	41	161515	2185.02	19820.6	82824.5	15311.6	18919.8	7629.68	3924.03	2425.64	8388.56	801528	0	0	1	0	0xd43f5e018b415631
10	2	attention_v3	0	42	161184	2197.72	19724	83310.5	15241	19003.3	7389.39	3732.07	2438.56	8054.56	801010	0	3	1	0	0xd43f5e018b415631
10	2	attention_v3	0	43	162362	2284.98	19699.8	83333	15339.8	19151.5	7632.18	4036.15	2399.22	8392.85	802189	0	2	1	0	0xd43f5e018b415631
10	2	attention_v3	0	44	161067	2224.18	19711.8	83063	15272.9	19093.1	7104.09	3847.98	2439.52	8221.81	801014	0	1	1	0	0xd43f5e018b415631
10	2	attention_v3	0	45	162369	2455.73	19837.4	83166.5	15259.5	19179.2	7751.89	3779.61	2450.18	8399.19	818144	0	8	1	0	0xd43f5e018b415631
10	2	attention_v3	0	46	161262	2302.02	19695.6	82777.7	15252.9	19085.6	7522.18	3913.9	2395.1	8231.56	801266	0	0	1	0	0xd43f5e018b415631
10	2	attention_v3	0	47	161690	2177.35	19764.7	82969.8	15220.1	19182.1	7646.39	3860.03	2402.98	8378.73	817624	0	1	1	0	0xd43f5e018b415631
10	2	attention_v3	0	48	162100	2252.72	19737.3	83513.9	15575.5	19012.2	7434.43	3907.65	2473.22	8103.81	801279	0	7	1	0	0xd43f5e018b415631
10	2	attention_v3	0	49	164630	2159.22	19808.9	83083	15265.7	21819.6	7690.43	3918.49	2419.73	8373.77	817987	0	1	1	0	0xd43f5e018b415631
11	2	control	0	0	163713	2177.52	19804.2	82933.5	15311.3	21247	7352.18	3979.45	2457.14	8365.9	819535	0	7	1	0	0xd43f5e018b415631
11	2	control	0	1	163839	2163.18	19788.9	83082.6	15335.1	21235	7394.43	3970.11	2387.68	8396.69	819850	0	0	1	0	0xd43f5e018b415631
11	2	control	0	2	163671	2203.43	19727.2	83035.1	15319.5	21165.6	7532.85	3823.28	2401.23	8379.1	819625	0	1	1	0	0xd43f5e018b415631
11	2	control	0	3	163733	2173.64	19756.2	83043.2	15250.2	21331.9	7583.19	3737.53	2395.06	8373.4	819424	0	7	1	0	0xd43f5e018b415631
11	2	control	0	4	163875	2202.68	19721.3	83053.7	15252.7	21317.7	7433.1	4022.82	2409.85	8378.23	819763	0	2	1	0	0xd43f5e018b415631
11	2	control	0	5	164137	2183.22	19871.3	83403	15222.6	21096.2	7587.48	3910.07	2396.77	8383.77	819885	0	6	1	0	0xd43f5e018b415631
11	2	control	0	6	163890	2170.81	19893.6	83013.7	15362.9	21016.8	7664.77	3958.41	2410.68	8314.48	819457	0	9	1	0	0xd43f5e018b415631
11	2	control	0	7	167136	2165.77	19938.7	85910.1	15383.8	21233.6	7832.64	3788.11	2405.39	8390.73	839150	0	0	1	0	0xd43f5e018b415631
11	2	control	0	8	163861	2368.35	19737.6	82960.9	15251.8	21386	7444.01	3854.86	2402.31	8373.02	819805	0	1	1	0	0xd43f5e018b415631
11	2	control	0	9	163949	2197.68	19769.6	83385.6	15233.5	21298	7420.98	3765.45	2383.31	8409.98	819629	0	6	1	0	0xd43f5e018b415631
11	2	control	0	10	164025	2190.47	20032.7	83024.5	15292.5	21229.5	7584.31	3760.61	2387.89	8412.31	819891	0	2	1	0	0xd43f5e018b415631
11	2	control	0	11	163840	2202.81	19866.4	82996.7	15317.6	21196.7	7521.72	3888.24	2396.44	8369.35	819792	0	1	1	0	0xd43f5e018b415631
11	2	control	0	12	163829	2176.64	19739.9	83120.4	15326.1	21223.8	7497.56	3870.4	2402.31	8392.85	819650	0	7	1	0	0xd43f5e018b415631
11	2	control	0	13	164035	2191.47	19823.4	83114	15413.6	21168.8	7548.39	3898.44	2390.31	8406.31	820065	0	1	1	0	0xd43f5e018b415631
11	2	control	0	14	163831	2187.56	19789.7	82955.7	15215.1	21521.8	7723.35	3862.16	2459.14	8031.98	803768	0	1	1	0	0xd43f5e018b415631
11	2	control	0	15	163610	2144.81	19717.9	82874.5	15314.2	21036.8	7710.98	4014.74	2446.43	8264.9	803442	0	3	1	0	0xd43f5e018b415631
11	2	control	0	16	163426	2158.31	19714.4	82980.6	15313.5	21088.2	7492.39	3770.07	2405.56	8420.52	819433	0	0	1	0	0xd43f5e018b415631
11	2	control	0	17	163959	2195.14	19836.2	82991.2	15343.6	21186.5	7546.1	3983.82	2398.64	8393.48	819788	0	5	1	0	0xd43f5e018b415631
11	2	control	0	18	164056	2174.47	19802.7	83585.8	15259.7	21140.7	7570.89	3840.45	2410.23	8185.85	819383	0	9	1	0	0xd43f5e018b415631
11	2	control	0	19	164510	2181.02	20043.3	83191.6	15265.2	21487	7521.05	3794.11	2455.39	8485.44	836343	0	2	1	0	0xd43f5e018b415631
11	2	control	0	20	165425	3139.32	19710.4	83413.7	15203.4	21807.1	7381.43	3764.11	2489.31	8436.06	821431	0	0	1	0	0xd43f5e018b415631
11	2	control	0	21	164600	2188.14	19746.7	83262	15192.8	21536.5	7518.52	3856.61	2828.81	8386.27	820108	0	4	1	0	0xd43f5e018b415631
11	2	control	0	22	164223	2557.48	19923.5	82977.8	15278.8	21286.1	7575.77	3763.74	2382.06	8396.15	819788	0	3	1	0	0xd43f5e018b415631
11	2	control	0	23	163987	2201.47	19825	82941.9	15274.4	21283.7	7573.81	3952.28	2396.39	8450.06	819883	0	2	1	0	0xd43f5e018b415631
11	2	control	0	24	163865	2386.18	19737.1	83094.3	15274.6	21255.9	7474.19	3756.65	2399.23	8402.1	819811	0	1	1	0	0xd43f5e018b415631
11	2	control	0	25	164057	2172.52	19842	83458.1	15310.3	21121.5	7459.51	3803.49	2386.72	8418.31	819944	0	6	1	0	0xd43f5e018b415631
11	2	control	0	26	163636	2179.31	19760.5	82909.5	15409.7	21139.7	7523.64	3815.28	2395.6	8424.06	819589	0	1	1	0	0xd43f5e018b415631
11	2	control	0	27	163989	2183.06	19753.4	83724.6	15245.4	20904.9	7558.22	4114.07	2412.52	8009.6	819493	0	4	1	0	0xd43f5e018b415631
11	2	control	0	28	164328	2147.85	19805.5	83293.7	15207.6	21545.1	7568.35	3831.32	2453.19	8393.1	819929	0	3	1	0	0xd43f5e018b415631
11	2	control	0	29	163844	2129.64	19615.4	83165.5	15253.4	21458.9	7586.48	3784.36	2402.1	8364.44	819611	0	5	1	0	0xd43f5e018b415631
11	2	control	0	30	163969	2136.35	19836.1	83222.2	15323.4	21402.1	7325.22	3841.44	2408.6	8389.31	819867	0	2	1	0	0xd43f5e018b415631
11	2	control	0	31	165048	2136.77	19890.4	83646.8	15245.7	21945.2	7383.39	3832.98	2507.56	8375.77	820770	0	8	1	0	0xd43f5e018b415631
11	2	control	0	32	167933	2187.39	19974.1	86069.1	15257.5	21945	7441.76	4041.95	2516.14	8414.73	839883	0	1	1	0	0xd43f5e018b415631
11	2	control	0	33	164296	2212.14	19686	83241.8	15260.4	21720.1	7300.89	3872.4	2460.52	8457.94	820047	0	4	1	0	0xd43f5e018b415631
11	2	control	0	34	164060	2167.77	19834.5	83150.3	15322	21655.2	7231.39	3825.99	2387.35	8403.81	819894	0	3	1	0	0xd43f5e018b415631
11	2	control	0	35	164101	2186.43	19775	83036.5	15231.1	21447.6	7551.64	3978.99	2410.77	8399.06	819898	0	2	1	0	0xd43f5e018b415631
11	2	control	0	36	163908	2368.56	19720.5	83002.6	15204.9	21447.3	7416.6	3858.86	2405.1	8401.6	819811	0	2	1	0	0xd43f5e018b415631
11	2	control	0	37	164130	2181.14	19701.3	83137.5	15278.8	21563.3	7347.72	4066.57	2400.44	8372.48	820016	0	6	1	0	0xd43f5e018b415631
11	2	control	0	38	163663	2173.52	19721.8	83140.8	15200.8	21351.8	7375.63	3849.7	2396.98	8368.52	819614	0	1	1	0	0xd43f5e018b415631
11	2	control	0	39	163903	2204.56	19797.9	82936.9	15221.7	21283.2	7630.98	3968.15	2396.6	8377.35	819918	0	0	1	0	0xd43f5e018b415631
11	2	control	0	40	163622	2273.47	19846.8	82978.6	15226.7	21297.3	7367.85	3759.2	2400.94	8386.35	819483	0	2	1	0	0xd43f5e018b415631
11	2	control	0	41	163846	2200.52	19773.5	83051.8	15290.7	21227.3	7629.89	3785.78	2403.81	8395.94	819681	0	5	1	0	0xd43f5e018b415631
11	2	control	0	42	163755	2176.89	19768.7	83121.8	15205.9	21384.2	7444.81	3776.4	2407.65	8385.6	819658	0	2	1	0	0xd43f5e018b415631
11	2	control	0	43	164279	2183.02	19735.1	83503.6	15259.2	21184	7591.27	3908.65	2403.22	8425.15	820034	0	8	1	0	0xd43f5e018b415631
11	2	control	0	44	166227	2171.14	19805.6	83622.7	15244.3	21813.1	8506.77	4107.49	2418.64	8452.56	838246	0	0	1	0	0xd43f5e018b415631
11	2	control	0	45	164469	2198.31	19729.5	83112.2	15204.8	21698.8	7417.1	4224.95	2393.47	8406.02	820476	0	0	1	0	0xd43f5e018b415631
11	2	control	0	46	164409	2198.14	19556.6	83484.1	15279.7	21567.3	7467.39	3843.03	2405.89	8516.81	820050	0	6	1	0	0xd43f5e018b415631
11	2	control	0	47	165126	2189.6	19904	83882.4	15271.3	21484.7	7562.51	3934.74	2416.94	8388.06	835897	0	10	1	0	0xd43f5e018b415631
11	2	control	0	48	163990	2122.31	19748.6	82973.3	15384.9	21417.5	7393.18	4067.45	2401.48	8396.4	819994	0	0	1	0	0xd43f5e018b415631
11	2	control	0	49	163859	2131.72	19706.1	83268.7	15291.6	21359.6	7482.64	3746.24	2393.47	8397.69	819709	0	7	1	0	0xd43f5e018b415631
12	3	control	0	0	164878	2149.56	19844.5	83425.4	15295.3	21992.9	7401.1	3889.49	2401.02	8393.19	820456	0	6	1	0	0xd43f5e018b415631
12	3	control	0	1	164981	2175.47	19638.4	83306	15461.5	21795.6	7794.35	3906.36	2434.98	8383.9	820657	0	4	1	0	0xd43f5e018b415631
12	3	control	0	2	163921	2358.85	19808.2	83044.6	15163	21430	7502.09	3758.45	2403.43	8369.48	819715	0	2	1	0	0xd43f5e018b415631
12	3	control	0	3	163815	2176.27	19713.1	83003.7	15245.2	21443.6	7535.48	3772.11	2389.52	8452.98	819788	0	1	1	0	0xd43f5e018b415631
12	3	control	0	4	164290	2200.68	19840.4	83368.2	15209.5	21231.8	7726.39	3804.69	2390.56	8435.56	820170	0	6	1	0	0xd43f5e018b415631
12	3	control	0	5	164080	2179.1	19705.4	83203.7	15352.9	21695.7	7486.35	3870.28	2386.77	8114.19	819657	0	3	1	0	0xd43f5e018b415631
12	3	control	0	6	166181	2181.93	19748.9	83837.6	16225.7	22156.5	7355.18	3754.49	2453.31	8383.85	836993	0	10	1	0	0xd43f5e018b415631
12	3	control	0	7	164615	2190.72	19647.8	83671.5	15255	21748.9	7476.52	3748.49	2403.6	8391.19	820114	0	3	1	0	0xd43f5e018b415631
12	3	control	0	8	164541	2187.18	20309.7	83154.2	15276	21337.3	7442.85	3875.57	2408.85	8463.6	819800	0	8	1	0	0xd43f5e018b415631
12	3	control	0	9	163669	2183.6	19680.1	83020.6	15358.6	21168.7	7664.64	3736.7	2389.68	8385.02	819563	0	2	1	0	0xd43f5e018b415631
12	3	control	0	10	163905	2175.52	19710.8	83137.3	15255.6	21174.2	7727.64	3872.07	2404.31	8366.94	819841	0	1	1	0	0xd43f5e018b415631
12	3	control	0	11	166969	2180.6	19859.4	83480.5	16525.9	22980.1	7305.97	3778.4	2393.39	8381.1	838527	0	8	1	0	0xd43f5e018b415631
12	3	control	0	12	164753	2181.02	19603.4	83630.7	15664.9	21358.8	7550.6	3870.57	2405.31	8402.15	819740	0	6	1	0	0xd43f5e018b415631
12	3	control	0	13	163816	2162.68	20000.5	83175.5	15297.4	21066.9	7546.31	3779.32	2404.52	8300.19	819357	0	5	1	0	0xd43f5e018b415631
12	3	control	0	14	164267	2131.22	19728.6	83452.8	15225.7	20904.6	8228.93	3708.28	2437.98	8361.6	819775	0	3	1	0	0xd43f5e018b415631
12	3	control	0	15	163937	2135.22	19637.9	83501.2	15200.1	21580.9	7271.09	3734.19	2397.64	8395.1	819897	0	1	1	0	0xd43f5e018b415631
12	3	control	0	16	163835	2153.68	19615.2	83295.5	15228	21493.7	7385.55	3790.36	2412.19	8375.48	819836	0	0	1	0	0xd43f5e018b415631
12	3	control	0	17	164853	2132.27	19731.9	83414	15236.1	22056.9	7484.6	3866.11	2390.93	8456.27	820485	0	8	1	0	0xd43f5e018b415631
12	3	control	0	18	164696	2133.06	19803.1	83154.5	15252.3	21871.3	7526.68	4005.9	2474.39	8390.73	820520	0	3	1	0	0xd43f5e018b415631
12	3	control	0	19	164057	2192.81	19618.9	83042.9	15184.4	21618.5	7580.72	3953.78	2412.1	8366.94	819886	0	3	1	0	0xd43f5e018b415631
12	3	control	0	20	164039	2176.93	19751.1	83209.5	15245.4	21645.5	7307.84	3842.65	2388.85	8386.81	819990	0	1	1	0	0xd43f5e018b415631
12	3	control	0	21	163883	2191.52	19692.1	83163.7	15200.4	21485.6	7501.23	3802.74	2390.39	8373.23	819559	0	7	1	0	0xd43f5e018b415631
12	3	control	0	22	164080	2179.52	19451.4	83358.5	15214.6	21405.4	7613.6	4003.16	2400.47	8370.77	820033	0	1	1	0	0xd43f5e018b415631
12	3	control	0	23	167177	2187.52	19704.1	85407.6	15697	21661.1	7628.64	3979.07	2436.18	8387.98	839060	0	6	1	0	0xd43f5e018b415631
12	3	control	0	24	163835	2180.39	19661.4	82786.6	15185.2	21701.7	7493.35	3959.82	2394.6	8385.06	819683	0	3	1	0	0xd43f5e018b415631
12	3	control	0	25	164382	2310.22	19741.1	83271.2	15168	21495.8	7506.27	3933.44	2437.56	8432.52	820190	0	3	1	0	0xd43f5e018b415631
12	3	control	0	26	163869	2178.18	19595.6	83160.6	15230	21319.5	7635.39	3859.78	2388.85	8414.23	819772	0	2	1	0	0xd43f5e018b415631
12	3	control	0	27	164120	2174.47	20297.1	83193.6	15185.2	20944.5	7687.64	3921.57	2400.39	8233.19	819431	0	2	1	0	0xd43f5e018b415631
12	3	control	0	28	163704	2180.35	19833.6	83000	15344.7	21063.5	7581.1	3848.03	2408.35	8357.1	819597	0	2	1	0	0xd43f5e018b415631
12	3	control	0	29	163920	2174.06	19746.3	83426.8	15321.7	21122.4	7662.85	3735.36	2408.43	8237.06	819815	0	6	1	0	0xd43f5e018b415631
12	3	control	0	30	163727	2172.6	19662.3	83217.3	15328.8	21021.6	7610.18	3849.82	2406.18	8375.81	819596	0	1	1	0	0xd43f5e018b415631
12	3	control	0	31	163605	2172.31	19693.9	83311.3	15279.9	21190.3	7261.47	3819.32	2431.02	8358.65	819349	0	4	1	0	0xd43f5e018b415631
12	3	control	0	32	163822	2209.72	19659.5	82975	15251.3	21269.6	7597.64	4002.99	2379.85	8393.81	819831	0	0	1	0	0xd43f5e018b415631
12	3	control	0	33	164075	2173.27	19921.6	83154.8	15275.4	21127.8	7809.56	3748.36	2387.52	8394.1	819809	0	6	1	0	0xd43f5e018b415631
12	3	control	0	34	163470	2244.93	19694.4	82877.3	15284.2	21284.5	7525.18	3720.28	2398.73	8355.98	819229	0	4	1	0	0xd43f5e018b415631
12	3	control	0	35	165497	2174.72	19685.1	84327.5	15521.3	21334.3	7674.31	3915.69	2388.18	8392.65	837300	0	6	1	0	0xd43f5e018b415631
12	3	control	0	36	164509	2136.81	19591	83106.2	15244.9	22076	7501.84	3881.28	2499.6	8385.65	820413	0	2	1	0	0xd43f5e018b415631
12	3	control	0	37	164659	2184.22	19690.1	83339.2	15331.2	21872.2	7510.77	3788.99	2467.39	8392.73	820396	0	4	1	0	0xd43f5e018b415631
12	3	control	0	38	164314	2176.89	19776.4	83284.4	15180.2	21498.2	7565.47	3821.32	2458.1	8470.19	820139	0	3	1	0	0xd43f5e018b415631
12	3	control	0	39	164227	2209.77	19742.9	83297.4	15255.2	21286.9	7539.68	4052.41	2391.35	8367.48	820192	0	1	1	0	0xd43f5e018b415631
12	3	control	0	40	163991	2202.47	20223.7	83122.4	15230.1	21100.9	7530.26	3717.9	2398.35	8377.6	819933	0	1	1	0	0xd43f5e018b415631
12	3	control	0	41	163708	2134.89	19664.7	83205.6	15308.3	21055.7	7612.64	3934.07	2392.02	8315.1	803726	0	0	1	0	0xd43f5e018b415631
12	3	control	0	42	163803	2157.72	19667.9	83444.3	15258.2	20987.8	7483.06	4076.82	2391.98	8253.48	819611	0	6	1	0	0xd43f5e018b415631
12	3	control	0	43	163526	2189.14	19640.9	83111.9	15302.8	21166.9	7458.14	3802.32	2393.48	8373.31	819355	0	3	1	0	0xd43f5e018b415631
12	3	control	0	44	163684	2186.14	19751	83026.2	15177.3	21328.7	7640.14	3717.45	2398.6	8376.85	819644	0	1	1	0	0xd43f5e018b415631
12	3	control	0	45	163911	2174.43	19538.6	83283.3	15279	21315.4	7647.1	3809.57	2399.22	8380.52	819658	0	6	1	0	0xd43f5e018b415631
12	3	control	0	46	163968	2173.6	19660.1	83090.4	15324.9	21281.5	7632.97	3965.7	2373.44	8379.44	819735	0	4	1	0	0xd43f5e018b415631
12	3	control	0	47	163747	2181.6	19764.9	83081.2	15275.5	21205.1	7618.51	3746.36	2396.19	8396.06	819759	0	0	1	0	0xd43f5e018b415631
12	3	control	0	48	167638	2170.1	19812.5	86346.9	15293.2	21436.3	7745.43	3909.4	2395.27	8440.31	839406	0	8	1	0	0xd43f5e018b415631
12	3	control	0	49	164226	2177.35	19657.1	83224.3	15276.9	21646.1	7726.89	3806.74	2400.72	8227.15	819926	0	3	1	0	0xd43f5e018b415631
13	3	attention_v3	0	0	161768	2269.81	19770.5	83032.8	15230.4	19184	7377.43	3998.87	2432.52	8389.06	817511	0	5	1	0	0xd43f5e018b415631
13	3	attention_v3	0	1	162046	2301.89	19919	83478.9	15225.7	19004.1	7618.81	3929.49	2449.94	8032.31	801597	0	5	1	0	0xd43f5e018b415631
13	3	attention_v3	0	2	161853	2157.02	19822.4	83478.4	15219.6	19185.9	7324.35	3733.94	2397.85	8447.65	801867	0	0	1	0	0xd43f5e018b415631
13	3	attention_v3	0	3	162653	3009.27	19503.5	83476.2	15355.3	18893.3	7584.23	3918.11	2444.93	8379.6	818156	0	12	1	0	0xd43f5e018b415631
13	3	attention_v3	0	4	161531	2159.27	19735	83335.3	15337.4	19042.3	7250.34	3810.9	2388.56	8386.77	801365	0	3	1	0	0xd43f5e018b415631
13	3	attention_v3	0	5	161261	2197.6	19582.9	83113.5	15242.6	18994.1	7361.43	4124.12	2458.06	8072.81	817126	0	2	1	0	0xd43f5e018b415631
13	3	attention_v3	0	6	161789	2157.56	19880.9	82995.8	15264.7	19203.9	7462.93	3842.57	2435.06	8459.35	801802	0	0	1	0	0xd43f5e018b415631
13	3	attention_v3	0	7	161602	2228.56	19842.6	83066.8	15237.7	19119.4	7295.02	4020.91	2384.06	8321.27	801482	0	2	1	0	0xd43f5e018b415631
13	3	attention_v3	0	8	161992	2192.72	19794.5	83453	15217.6	19203.5	7552.43	3687.45	2407.69	8398.4	818003	0	0	1	0	0xd43f5e018b415631
13	3	attention_v3	0	9	161794	2206.31	19619.9	83662.5	15256.6	19058.4	7372.18	3940.41	2452.73	8138.94	801539	0	9	1	0	0xd43f5e018b415631
13	3	attention_v3	0	10	162105	2162.22	19857.5	83127.3	15280.3	19347.1	7534.22	3925.32	2383.35	8403.44	801850	0	4	1	0	0xd43f5e018b415631
13	3	attention_v3	0	11	161350	2199.02	19733.2	83165.2	15253	19141.4	7199.6	3832.94	2402.35	8343.31	801293	0	1	1	0	0xd43f5e018b415631
13	3	attention_v3	0	12	162331	2179.52	19892.2	83341.9	15245.4	19193	7726.22	3828.57	2460.1	8383.06	818151	0	5	1	0	0xd43f5e018b415631
13	3	attention_v3	0	13	162167	2239.02	19722.7	83353.1	15209.7	19013.4	7537.56	4099.28	2529.73	8377.4	817935	0	4	1	0	0xd43f5e018b415631
13	3	attention_v3	0	14	161752	2168.81	19755	83362.2	15324.2	18893.6	7447.14	3864.99	2432.6	8419.98	801763	0	0	1	0	0xd43f5e018b415631
13	3	attention_v3	0	15	164107	2272.14	19768.2	83377.9	15619.7	20235.9	7526.76	4092.82	2722.52	8404.52	819940	0	2	1	0	0xd43f5e018b415631
13	3	attention_v3	0	16	162726	2591.06	19750.7	83195.6	15262.7	19296.8	7789.93	3911.2	2386.06	8459.98	818267	0	10	1	0	0xd43f5e018b415631
13	3	attention_v3	0	17	161690	2213.72	19845.7	83319.4	15242.3	19123	7254.1	3938.82	2384.89	8283.44	801664	0	1	1	0	0xd43f5e018b415631
13	3	attention_v3	0	18	162178	2226.72	19806.5	83324.7	15206.8	19198.1	7522.76	3978.69	2382.81	8448.94	802103	0	1	1	0	0xd43f5e018b415631
13	3	attention_v3	0	19	161392	2221.68	19714.3	82900.8	15192.5	19057.4	7478.85	4072.49	2459.89	8209.35	801326	0	1	1	0	0xd43f5e018b415631
13	3	attention_v3	0	20	162056	2474.23	19676.6	83310.2	15217.7	19172.3	7397.6	3929.49	2398.06	8398.81	802080	0	0	1	0	0xd43f5e018b415631
13	3	attention_v3	0	21	161602	2198.93	19815.2	83033.1	15179.7	19150.4	7700.85	3816.36	2444.48	8175.35	801555	0	1	1	0	0xd43f5e018b415631
13	3	attention_v3	0	22	161851	2166.77	20009.5	83170.7	15237.8	19223.6	7415.76	3707.78	2435.02	8400.56	801560	0	9	1	0	0xd43f5e018b415631
13	3	attention_v3	0	23	161708	2202.68	19862.4	83092.6	15281.2	19102.6	7426.81	3981.28	2434.64	8241.69	801719	0	0	1	0	0xd43f5e018b415631
13	3	attention_v3	0	24	161726	2164.18	19803.8	83342.3	15169.4	19223.1	7397.56	3697.57	2416.72	8428.6	801733	0	0	1	0	0xd43f5e018b415631
13	3	attention_v3	0	25	162627	2378.81	19898.9	83511	15224.6	19017.5	7839.47	3830.2	2441.85	8398.9	818323	0	7	1	0	0xd43f5e018b415631
13	3	attention_v3	0	26	163123	4094.57	19900.6	82986	15229.6	19023.8	7387.98	3867.82	2437.77	8113.56	803067	0	1	1	0	0xd43f5e018b415631
13	3	attention_v3	0	27	163433	2152.81	19695.2	83221	15734.8	20437.9	7180.43	3709.86	2801.94	8414.19	803386	0	1	1	0	0xd43f5e018b415631
13	3	attention_v3	0	28	162458	2317.43	20183.9	83212.7	15336	19099.7	7606.26	3769.19	2452.85	8390.6	817534	0	9	1	0	0xd43f5e018b415631
13	3	attention_v3	0	29	161954	2264.85	19926.5	83120.8	15203.6	18925.2	7560.89	4049.16	2441.27	8380.35	817756	0	3	1	0	0xd43f5e018b415631
13	3	attention_v3	0	30	161476	2166.68	19741.4	83222.6	15310.7	19096.9	7340.51	3704.82	2394.97	8416.56	801375	0	2	1	0	0xd43f5e018b415631
13	3	attention_v3	0	31	161995	2939.44	19725.2	83152.9	15235.3	18969.1	7225.18	3797.9	2441.64	8425.56	817941	0	1	1	0	0xd43f5e018b415631
13	3	attention_v3	0	32	161879	2158.89	19896.1	83016.2	15280.3	19135.3	7618.56	3869.24	2401.85	8419.1	801891	0	0	1	0	0xd43f5e018b415631
13	3	attention_v3	0	33	161864	2317.81	19812	83132.9	15262.6	18979.1	7475.43	3982.57	2432.85	8381.81	817807	0	1	1	0	0xd43f5e018b415631
13	3	attention_v3	0	34	161826	2155.72	19658.8	83089.4	15248.7	19327	7676.35	3706.61	2439.98	8431.52	801617	0	8	1	0	0xd43f5e018b415631
13	3	attention_v3	0	35	161252	2229.14	19552.6	83266.4	15186.7	19081.6	7281.26	3892.86	2560.02	8115.1	801106	0	2	1	0	0xd43f5e018b415631
13	3	attention_v3	0	36	162503	2153.31	19899.2	83908	15245.4	18890.1	7647.39	3820.66	2422.85	8432.52	802265	0	3	1	0	0xd43f5e018b415631
13	3	attention_v3	0	37	161716	2575.69	19810.9	83067.1	15212.3	18944.6	7386.55	3783.66	2418.31	8432.52	817510	0	4	1	0	0xd43f5e018b415631
13	3	attention_v3	0	38	161795	2197.02	19754.6	83269.1	15404.2	19030.9	7355.64	3892.57	2384.56	8423.27	801673	0	2	1	0	0xd43f5e018b415631
13	3	attention_v3	0	39	161793	2236.47	19704.1	83233.3	15228.6	18942.7	7396.18	4142.45	2427.77	8400.56	817806	0	0	1	0	0xd43f5e018b415631
13	3	attention_v3	0	40	167225	2164.89	19702.3	88948	15369.9	19046.2	7427.85	3902.49	2428.85	8152.06	819369	0	3	1	0	0xd43f5e018b415631
13	3	attention_v3	0	41	162407	2156.27	19989.4	83738.2	15299.2	19036.6	7563.72	3707.65	2388.1	8443.6	801917	0	11	1	0	0xd43f5e018b415631
13	3	attention_v3	0	42	161857	2208.1	19819.8	83418.2	15257.8	18882.9	7483.43	3884.36	2420.48	8396.77	817479	0	2	1	0	0xd43f5e018b415631
13	3	attention_v3	0	43	161823	2364.06	19776.2	83247.1	15316	18914.1	7454.34	3815.7	2429.81	8423.77	801762	0	1	1	0	0xd43f5e018b415631
13	3	attention_v3	0	44	161765	2326.27	19785.5	83300.5	15177	18807.9	7518.05	3909.95	2448.02	8408.9	817658	0	2	1	0	0xd43f5e018b415631
13	3	attention_v3	0	45	161714	2178.93	19799.7	83351.4	15336.1	19025.9	7330.18	3767.36	2412.52	8426.98	801725	0	0	1	0	0xd43f5e018b415631
13	3	attention_v3	0	46	161852	2214.02	19735.4	83191.8	15199.4	19092.9	7420.56	4077.36	2443.77	8390.19	817746	0	2	1	0	0xd43f5e018b415631
13	3	attention_v3	0	47	161788	2166.18	19655.6	83322.9	15327.9	19118.3	7573.6	3712.03	2397.35	8428.4	801555	0	7	1	0	0xd43f5e018b415631
13	3	attention_v3	0	48	161103	2236.64	19817.8	82951	15171.7	19045.2	7300.81	3878.74	2446.1	8167.02	801118	0	0	1	0	0xd43f5e018b415631
13	3	attention_v3	0	49	162226	2160.85	20048.8	83117.3	15497.3	19187.2	7395.39	3881.86	2438.39	8418.31	802048	0	5	1	0	0xd43f5e018b415631
14	3	attention_v3	0	0	161700	2194.02	19868.9	83188.7	15248.5	19211.9	7393.06	3687.74	2396.06	8390.69	801708	0	0	1	0	0xd43f5e018b415631
14	3	attention_v3	0	1	161869	2318.39	19782.7	83208.2	15253.4	19203	7321.18	3906.74	2398.97	8379.73	817551	0	6	1	0	0xd43f5e018b415631
14	3	attention_v3	0	2	161908	2339.93	19685.8	83543.2	15162.8	19030.7	7683.76	3847.57	2444.73	8074.81	801692	0	8	1	0	0xd43f5e018b415631
14	3	attention_v3	0	3	161716	2143.31	19868.7	83151.5	15201.6	19163.8	7518.39	3763.57	2429.1	8387.23	801725	0	0	1	0	0xd43f5e018b415631
14	3	attention_v3	0	4	161622	2193.72	19807.8	83077.2	15256.5	19102.2	7551.97	3687.2	2444.73	8409.81	801372	0	6	1	0	0xd43f5e018b415631
14	3	attention_v3	0	5	162147	2225.97	19716.3	83317.4	15252.4	19264.5	7636.06	3847.9	2396.19	8397.44	817881	0	2	1	0	0xd43f5e018b415631
14	3	attention_v3	0	6	161666	2210.85	19804.7	83574.9	15262.3	19034.1	7264.59	3791.52	2423.27	8209.6	801520	0	2	1	0	0xd43f5e018b415631
14	3	attention_v3	0	7	163629	2201.68	19797.4	84127.3	15310.4	19405.3	8056.6	3904.61	2400.06	8330.69	803455	0	4	1	0	0xd43f5e018b415631
14	3	attention_v3	0	8	161850	2263.6	19779.9	82936.7	15481	19144.7	7545.43	3781.28	2391.27	8432.73	817475	0	9	1	0	0xd43f5e018b415631
14	3	attention_v3	0	9	161902	2200.22	19703.9	83057.4	15830.6	19026.1	7487.22	3835.2	2442.6	8222.94	801429	0	2	1	0	0xd43f5e018b415631
14	3	attention_v3	0	10	162143	2268.81	19713.2	83590.5	15241.5	19199.8	7374.93	3838.36	2398.73	8424.69	802095	0	1	1	0	0xd43f5e018b415631
14	3	attention_v3	0	11	161547	2423.77	19659	83153.5	15228.9	19058.9	7391.8	4023.36	2437.52	8081.27	801495	0	1	1	0	0xd43f5e018b415631
14	3	attention_v3	0	12	161754	2143.64	19764.6	83176.5	15205.9	19211.6	7307.34	4039.99	2389.89	8423.06	801765	0	0	1	0	0xd43f5e018b415631
14	3	attention_v3	0	13	161675	2222.43	19680.8	83341.4	15244.6	19165.2	7273.84	3857.11	2381.1	8415.4	801624	0	1	1	0	0xd43f5e018b415631
14	3	attention_v3	0	14	162365	2139.97	19756.1	84005.1	15350.2	18988.3	7342.43	3855.06	2391.52	8444.52	801920	0	9	1	0	0xd43f5e018b415631
14	3	attention_v3	0	15	163143	2760.77	19556.1	83927.7	15207.9	19343.1	7300.72	4156.28	2417.02	8384.52	818246	0	10	1	0	0xd43f5e018b415631
14	3	attention_v3	0	16	161290	2222.93	19673	83104.6	15347.9	19162.9	7143.72	3713.48	2441.35	8386.56	801302	0	0	1	0	0xd43f5e018b415631
14	3	attention_v3	0	17	161917	2216.31	19791.9	83138.5	15400.6	19194.8	7410.97	3895.36	2396.35	8379.06	817511	0	8	1	0	0xd43f5e018b415631
14	3	attention_v3	0	18	161664	2154.81	19811.6	83276.1	15250	19174.5	7357.47	3694.4	2432.43	8420.35	801622	0	1	1	0	0xd43f5e018b415631
14	3	attention_v3	0	19	163261	2220.06	19755.4	84374.3	15501.2	18756.1	7874.3	3865.11	2434.27	8390.48	819214	0	1	1	0	0xd43f5e018b415631
14	3	attention_v3	0	20	160835	2203.81	19749.8	82790.2	15252.9	18998.2	7265.89	3817.07	2416.64	8249.02	800661	0	3	1	0	0xd43f5e018b415631
14	3	attention_v3	0	21	161558	2168.89	19654.1	82997.2	15215.3	19211.4	7335.39	3985.61	2388.06	8509.1	817367	0	8	1	0	0xd43f5e018b415631
14	3	attention_v3	0	22	162299	2139.18	19954.6	83987.2	15257.7	19024.7	7399.89	3899.57	2436.77	8106.1	801730	0	4	1	0	0xd43f5e018b415631
14	3	attention_v3	0	23	162042	2157.18	19765.2	83183.7	15311.4	19165.2	7519.34	4005.86	2436.27	8404.44	802001	0	1	1	0	0xd43f5e018b415631
14	3	attention_v3	0	24	161438	2225.27	19753.6	83104.4	15234	19004.7	7381.35	4059.24	2439.64	8146.81	801454	0	0	1	0	0xd43f5e018b415631
14	3	attention_v3	0	25	161812	2136.14	19947.7	83107.3	15220.6	19250.3	7373.35	3835.7	2432.1	8417.4	801758	0	1	1	0	0xd43f5e018b415631
14	3	attention_v3	0	26	161684	2226.72	19637.9	83220.9	15259.8	19212.6	7368.18	3845.74	2419.31	8403.23	801627	0	1	1	0	0xd43f5e018b415631
14	3	attention_v3	0	27	161793	2141.35	19700.4	83229.4	15218.8	19254.3	7458.64	3860.45	2448.02	8388.6	801585	0	8	1	0	0xd43f5e018b415631
14	3	attention_v3	0	28	161393	2214.72	19683.5	82998.5	15299.9	19168.7	7359.47	3784.98	2403.06	8391.94	801322	0	1	1	0	0xd43f5e018b415631
14	3	attention_v3	0	29	161058	2221.64	19622.9	82731.2	15267.6	18797.9	7712.93	3779.86	2438.89	8394.6	816775	0	6	1	0	0xd43f5e018b415631
14	3	attention_v3	0	30	161443	2158.31	19812.1	83270.3	15323.8	18893.8	7273.89	3773.36	2428.39	8420.1	801259	0	2	1	0	0xd43f5e018b415631
14	3	attention_v3	0	31	161158	2209.56	19667.1	83018.4	15260.3	19148.3	7264.97	3767.44	2379.56	8348.1	801162	0	0	1	0	0xd43f5e018b415631
14	3	attention_v3	0	32	164011	2249.77	21791.2	83367.8	15196.7	19002.5	7619.85	4060.95	2561.81	8067.85	819908	0	2	1	0	0xd43f5e018b415631
14	3	attention_v3	0	33	161714	2147.02	19807.1	83294	15198.1	19142.6	7307.39	3906.07	2434.68	8385.56	801507	0	3	1	0	0xd43f5e018b415631
14	3	attention_v3	0	34	161660	2191.72	19562.9	83371	15305.7	19152.5	7315.98	3880.28	2434.64	8356.19	801493	0	7	1	0	0xd43f5e018b415631
14	3	attention_v3	0	35	161481	2183.02	19773.3	82815.4	15241.3	19189.1	7581.64	3822.32	2391.52	8393.85	817493	0	0	1	0	0xd43f5e018b415631
14	3	attention_v3	0	36	161717	2295.56	19712.6	83223.3	15319.5	19123.3	7314.6	3805.86	2446.56	8384.69	801660	0	1	1	0	0xd43f5e018b415631
14	3	attention_v3	0	37	162222	2265.52	19978.9	83128.7	15237	19228.3	7439.55	4004.03	2398.89	8446.94	818236	0	0	1	0	0xd43f5e018b415631
14	3	attention_v3	0	38	161646	2302.02	19693.8	83184.7	15229.2	19215.3	7292.27	3838.57	2429.35	8365.9	801409	0	4	1	0	0xd43f5e018b415631
14	3	attention_v3	0	39	162124	2224.68	19763.4	83105.4	15357.3	19299.6	7557.35	3912.69	2388.52	8422.73	818024	0	2	1	0	0xd43f5e018b415631
14	3	attention_v3	0	40	161584	2233.39	19703.9	83023.2	15420.7	19178.4	7194.88	3900.82	2453.14	8386.81	801490	0	6	1	0	0xd43f5e018b415631
14	3	attention_v3	0	41	162317	2221.64	19635.4	83633.2	15213.6	19229	7481.31	4005.11	2386.98	8413.52	818075	0	6	1	0	0xd43f5e018b415631
14	3	attention_v3	0	42	161497	2244.47	19812.2	82991.4	15301.3	19063.8	7359.93	4071.62	2516.02	8044.02	801274	0	4	1	0	0xd43f5e018b415631
14	3	attention_v3	0	43	161749	2165.64	19879.4	83117.7	15266.3	19153.9	7344.85	3897.61	2441.43	8391.98	801760	0	0	1	0	0xd43f5e018b415631
14	3	attention_v3	0	44	164817	2449.6	19671.9	84325.3	15429	20042.6	7693.35	3966.57	2745.07	8401.85	820655	0	3	1	0	0xd43f5e018b415631
14	3	attention_v3	0	45	162319	2343.98	19821.3	83171.5	15229.8	19262.2	7648.85	3934.99	2439.02	8377.27	818047	0	4	1	0	0xd43f5e018b415631
14	3	attention_v3	0	46	162223	2186.22	19762.9	83591.4	15308.4	19098.9	7457.68	3905.11	2457.14	8365.23	801948	0	7	1	0	0xd43f5e018b415631
14	3	attention_v3	0	47	161812	2156.47	19879.9	83281.8	15234.5	19162.4	7347.22	3873.28	2386.48	8395.52	817802	0	1	1	0	0xd43f5e018b415631
14	3	attention_v3	0	48	161749	2203.43	19918.9	82998.9	15284.7	19109.3	7301.76	4130.03	2406.18	8307.06	801663	0	1	1	0	0xd43f5e018b415631
14	3	attention_v3	0	49	162603	2175.77	19737	83644.3	15763.7	18980.3	7632.34	3789.57	2400.98	8392.56	817969	0	2	1	0	0xd43f5e018b415631
15	3	control	0	0	164294	2185.93	19841.9	83295.1	15208.4	21654.1	7445.81	3712.11	2407.06	8460.85	819949	0	7	1	0	0xd43f5e018b415631
15	3	control	0	1	164251	2429.98	19574.5	83225.4	15325.2	21276.9	7614.55	3937.61	2399.23	8385.69	819939	0	10	1	0	0xd43f5e018b415631
15	3	control	0	2	164126	2198.77	19650.4	83336.4	15264.4	21666.7	7606.68	3828.7	2398.27	8091.94	819911	0	5	1	0	0xd43f5e018b415631
15	3	control	0	3	163610	2144.89	19730.4	83237.1	15326.9	21036	7532.09	3718.11	2388.89	8415.44	803281	0	5	1	0	0xd43f5e018b415631
15	3	control	0	4	163617	2175.68	19720.1	83218.8	15298	21120.9	7489.47	3769.07	2392.39	8351.77	819468	0	3	1	0	0xd43f5e018b415631
15	3	control	0	5	163855	2287.06	19757.1	83368.3	15440.3	21151.1	7360.6	3674.95	2392.06	8339.02	819339	0	10	1	0	0xd43f5e018b415631
15	3	control	0	6	163802	2178.6	19668.1	83355.7	15220.2	21197.7	7607.6	3678.28	2393.93	8417.02	819531	0	5	1	0	0xd43f5e018b415631
15	3	control	0	7	163804	2180.68	19708.3	83122.4	15286.3	21211.7	7567.85	3778.07	2393.93	8471.85	819491	0	10	1	0	0xd43f5e018b415631
15	3	control	0	8	164154	2186.89	19943.8	83199.9	15188.9	21591	7676.18	3797.49	2402.64	8084.02	819850	0	8	1	0	0xd43f5e018b415631
15	3	control	0	9	164644	2145.06	19909.1	83286.5	15361.9	21458.5	7599.06	3949.45	2436.68	8412.44	820270	0	7	1	0	0xd43f5e018b415631
15	3	control	0	10	164448	2141.81	19749.2	83167.8	15278.7	22111.2	7391.72	3787.4	2399.1	8339.56	820270	0	4	1	0	0xd43f5e018b415631
15	3	control	0	11	166553	2154.06	19676.3	82873.8	15995	23009.6	7524.06	3972.28	2781.23	8483.9	838161	0	7	1	0	0xd43f5e018b415631
15	3	control	0	12	163598	2146.06	19675.5	83149	15249.4	21632.5	7451.01	3702.28	2439.81	8070.98	803300	0	6	1	0	0xd43f5e018b415631
15	3	control	0	13	164561	2141.72	19858.4	83556.6	15386.9	21529.6	7346.01	3919.03	2384.81	8354.9	820016	0	9	1	0	0xd43f5e018b415631
15	3	control	0	14	164843	2179.85	19741.1	83339.5	15203	22005.7	7470.43	3986.74	2465.35	8366.81	820554	0	10	1	0	0xd43f5e018b415631
15	3	control	0	15	164476	2201.77	19741.5	83143.2	15185.2	21804.7	7375.18	3936.98	2491.77	8510.85	820237	0	5	1	0	0xd43f5e018b415631
15	3	control	0	16	166005	2762.27	19638.9	83913.7	15304.2	22260.3	7422.27	3875.49	2399.85	8344.06	836554	0	5	1	0	0xd43f5e018b415631
15	3	control	0	17	163928	2146.27	19799.3	83186.4	15299.2	21493.9	7377.01	3749.98	2404.39	8375.9	819563	0	7	1	0	0xd43f5e018b415631
15	3	control	0	18	164578	2160.81	19717.5	83208.9	15380.7	22007.5	7321.18	3848.07	2451.52	8398.44	820165	0	7	1	0	0xd43f5e018b415631
15	3	control	0	19	164998	2140.89	19773.9	83877.9	15256.2	21852.8	7261.26	3737.03	2442.27	8571.52	820177	0	6	1	0	0xd43f5e018b415631
15	3	control	0	20	163976	2334.02	19686.2	83060.4	15203	21538.4	7453.51	3875.15	2387.9	8355.1	819700	0	9	1	0	0xd43f5e018b415631
15	3	control	0	21	164283	2199.14	19665.8	83676	15242.7	21273.2	7508.55	3826.65	2411.43	8395.23	819404	0	13	1	0	0xd43f5e018b415631
15	3	control	0	22	164138	2185.89	20268.7	82908.3	15294.2	21465.1	7537.97	3780.94	2386.77	8198.48	819655	0	5	1	0	0xd43f5e018b415631
15	3	control	0	23	163851	2173.39	19760.5	83039.7	15322.7	21161.4	7614.73	3759.49	2388.18	8550.1	819633	0	5	1	0	0xd43f5e018b415631
15	3	control	0	24	167152	2173.27	19505.1	85717.1	15198.4	21932.3	7732.81	3985.03	2431.23	8391.31	838851	0	6	1	0	0xd43f5e018b415631
15	3	control	0	25	164017	2195.68	19694.9	83232.7	15257.5	21392.2	7589.1	3810.44	2396.48	8362.35	819710	0	6	1	0	0xd43f5e018b415631
15	3	control	0	26	164323	2187.39	19629.4	83336.5	15288.6	21586.4	7720.6	3919.11	2449.85	8123.02	819912	0	12	1	0	0xd43f5e018b415631
15	3	control	0	27	163416	2139.35	19683.5	83011.3	15305.7	21060.5	7496.68	3708.03	2382.44	8545.35	803169	0	5	1	0	0xd43f5e018b415631
15	3	control	0	28	163689	2167.43	19759.6	83271.6	15401.6	21084.8	7398.05	3767.15	2395.97	8358.31	819498	0	4	1	0	0xd43f5e018b415631
15	3	control	0	29	163690	2195.64	19689.6	83061.5	15353.8	21255.3	7469.93	3723.86	2406.85	8451.19	819458	0	5	1	0	0xd43f5e018b415631
15	3	control	0	30	164125	2438.14	19824	83291.5	15329.2	20989.2	7613.51	3860.66	2411.64	8283.1	819574	0	8	1	0	0xd43f5e018b415631
15	3	control	0	31	163746	2176.77	19715.2	83126.9	15327.7	21086.2	7617.02	3877.7	2392.31	8340.48	819623	0	3	1	0	0xd43f5e018b415631
15	3	control	0	32	163537	2171.35	19619.4	83425.7	15258.8	21229.5	7283.14	3697.2	2387.48	8383.31	819213	0	10	1	0	0xd43f5e018b415631
15	3	control	0	33	163949	2175.89	19902.1	83033	15478.2	21191.1	7525.06	3783.07	2399.93	8379.69	819415	0	11	1	0	0xd43f5e018b415631
15	3	control	0	34	164106	2306.6	19691.8	83323.2	15349.4	21107.8	7673.22	3742.24	2396.31	8433.27	819830	0	5	1	0	0xd43f5e018b415631
15	3	control	0	35	163846	2179.68	19809.6	83056	15258.5	21667	7475.69	3758.11	2414.31	8141.85	819166	0	7	1	0	0xd43f5e018b415631
15	3	control	0	36	167012	2141.97	22487.1	83439	15245.9	21534.2	7514.97	3782.28	2402.77	8379.98	838454	0	8	1	0	0xd43f5e018b415631
15	3	control	0	37	163907	2185.77	19841.6	83412.4	15222.8	21330.5	7446.76	3666.48	2373.98	8346.69	819687	0	5	1	0	0xd43f5e018b415631
15	3	control	0	38	164271	2290.52	19875.9	83231.2	15337.2	21228.4	7675.01	3734.36	2403.81	8408.9	819934	0	6	1	0	0xd43f5e018b415631
15	3	control	0	39	164045	2178.47	19820.5	83498	15260.9	21653.3	7375.1	3652.4	2424.06	8098.52	819726	0	10	1	0	0xd43f5e018b415631
15	3	control	0	40	163548	2139.22	19724.4	83213.8	15337.6	21130.4	7460.6	3684.49	2415.93	8358.65	803385	0	4	1	0	0xd43f5e018b415631
15	3	control	0	41	163876	2242.72	19686.6	83066.7	15304.2	21475	7637.01	3774.99	2451.73	8154.27	819572	0	6	1	0	0xd43f5e018b415631
15	3	control	0	42	163605	2135.52	19655.2	83113.7	15336.5	21180	7343.52	3796.15	2407.56	8556.06	803260	0	7	1	0	0xd43f5e018b415631
15	3	control	0	43	164913	2197.31	19810.4	84044	15327.4	21385.2	7465.05	3851.11	2390.64	8354.56	835952	0	7	1	0	0xd43f5e018b415631
15	3	control	0	44	163661	2147.52	19741.7	83077.4	15397.9	21399.8	7380.39	3754.28	2385.31	8294.6	819492	0	4	1	0	0xd43f5e018b415631
15	3	control	0	45	165091	2154.22	19853.1	83325.8	15504.7	22022.8	7342.89	3892.07	2539.1	8374.52	820518	0	16	1	0	0xd43f5e018b415631
15	3	control	0	46	164275	2184.06	19638	83475.9	15189.9	21828.8	7173.31	3813.74	2444.85	8440.44	820070	0	4	1	0	0xd43f5e018b415631
15	3	control	0	47	164262	2291.64	19702.9	83043.4	15235.8	21665	7453.26	3914.86	2418.06	8454.85	819912	0	6	1	0	0xd43f5e018b415631
15	3	control	0	48	167659	2272.68	19556.8	86299.8	15249.6	21609.4	7465.63	4306.91	2454.48	8359.52	839218	0	8	1	0	0xd43f5e018b415631
15	3	control	0	49	164046	2178.14	19779	83183.2	15235	21571.7	7496.55	3754.53	2402.56	8363.98	819737	0	6	1	0	0xd43f5e018b415631
16	4	control	0	0	164521	2187.68	20234.2	83639	15267.9	20938	7706.56	3851.94	2391.14	8218.73	820011	0	13	1	0	0xd43f5e018b415631
16	4	control	0	1	164250	2136.52	19849.2	83149	15202	21489.1	7736.97	3729.98	2438.47	8438.69	820262	0	0	1	0	0xd43f5e018b415631
16	4	control	0	2	163951	2141.93	19669.5	83006.2	15231.3	21495.6	7843.72	3734.61	2391.73	8354.4	819717	0	5	1	0	0xd43f5e018b415631
16	4	control	0	3	166756	2140.77	21992.7	84069.4	15310.1	21132.2	7542.1	3727.53	2391.97	8365.6	822545	0	3	1	0	0xd43f5e018b415631
16	4	control	0	4	163806	2189.39	19796	83109.2	15335.1	21159.7	7615.22	3787.82	2390.44	8340.9	819709	0	2	1	0	0xd43f5e018b415631
16	4	control	0	5	163934	2190.97	19709.3	83121.9	15319.1	21202.7	7683.89	3843.78	2401.23	8380.56	819940	0	0	1	0	0xd43f5e018b415631
16	4	control	0	6	163873	2196.93	19872.8	83213.8	15331	21076.6	7518.01	3756.82	2441.06	8380.69	819710	0	7	1	0	0xd43f5e018b415631
16	4	control	0	7	163745	2207.47	19792.1	83017.4	15317.7	21096.6	7606.55	3873.11	2387.14	8362.31	819755	0	0	1	0	0xd43f5e018b415631
16	4	control	0	8	163843	2202.14	19831.1	83070.8	15367.3	21093.2	7642.68	3736.74	2405.39	8408.27	819544	0	6	1	0	0xd43f5e018b415631
16	4	control	0	9	163737	2177.81	19808.8	83127.9	15261	21098.1	7653.93	3764.36	2396.02	8367.65	819637	0	2	1	0	0xd43f5e018b415631
16	4	control	0	10	163837	2200.31	19856.6	83239.8	15375.7	21140.9	7412.22	3775.41	2411.02	8345.48	819853	0	0	1	0	0xd43f5e018b415631
16	4	control	0	11	163619	2188.56	19759.3	83002.8	15289.9	21167.1	7600.14	3767.61	2416.68	8341.44	819631	0	0	1	0	0xd43f5e018b415631
16	4	control	0	12	164210	2190.85	19884.5	83560.6	15243.3	21200.4	7581.68	3803.94	2406.73	8256.39	819817	0	12	1	0	0xd43f5e018b415631
16	4	control	0	13	163946	2168.06	19701.5	83366.4	15269.2	20990	7784.52	3996.03	2425.81	8163.1	819886	0	1	1	0	0xd43f5e018b415631
16	4	control	0	14	164549	2141.35	19869.4	83170.5	15405.9	21433.4	7827.72	3768.95	2410.27	8436.35	820508	0	1	1	0	0xd43f5e018b415631
16	4	control	0	15	167440	2143.6	19786.8	86159	15263.1	21440.2	7479.01	4244.45	2479.73	8361.06	839262	0	3	1	0	0xd43f5e018b415631
16	4	control	0	16	163298	2140.68	19717.6	82898.6	15223.3	21483.2	7568.35	3765.32	2410.56	8010.69	803192	0	2	1	0	0xd43f5e018b415631
16	4	control	0	17	163421	2143.14	19711.1	82803.8	15306.8	21032.2	7831.05	3747.32	2395.85	8369.85	803435	0	0	1	0	0xd43f5e018b415631
16	4	control	0	18	163916	2176.56	19871.1	83029.5	15417.5	21190.9	7663.76	3754.82	2403.35	8326.23	819629	0	8	1	0	0xd43f5e018b415631
16	4	control	0	19	163811	2194.06	19899.8	83212.5	15345.4	21051.9	7510.14	3716.69	2412.39	8384.27	819822	0	0	1	0	0xd43f5e018b415631
16	4	control	0	20	163775	2185.47	19883.1	83032.2	15287.7	21129.2	7591.26	3815.44	2399.02	8364.56	819672	0	2	1	0	0xd43f5e018b415631
16	4	control	0	21	163931	2196.6	19835	83205.7	15341.8	21025.4	7749.31	3771.9	2396.27	8326.98	819809	0	2	1	0	0xd43f5e018b415631
16	4	control	0	22	163646	2169.6	19921.8	83022.5	15332.8	21082.5	7509.93	3756.41	2391.14	8377.35	819582	0	1	1	0	0xd43f5e018b415631
16	4	control	0	23	163916	2201.22	19837.1	83205.1	15330.9	21097.7	7512.68	3899.86	2381.56	8366.48	819871	0	1	1	0	0xd43f5e018b415631
16	4	control	0	24	163861	2197.18	19630.5	83075.7	15339.7	21349.4	7623.72	3798.32	2405.06	8360.23	819516	0	7	1	0	0xd43f5e018b415631
16	4	control	0	25	164702	2195.64	19899.9	83125	15288.3	21529.8	7939.68	3819.78	2446.1	8376.69	836355	0	7	1	0	0xd43f5e018b415631
16	4	control	0	26	165354	2141.85	20038.5	83077	15283.2	21999.2	7744.55	4005.15	2487.39	8492.27	821224	0	2	1	0	0xd43f5e018b415631
16	4	control	0	27	167218	2204.39	19752.7	85167.4	15479.8	21942.6	7799.26	3779.99	2637.85	8370.1	838962	0	4	1	0	0xd43f5e018b415631
16	4	control	0	28	164308	2180.43	19777.1	82951.6	15246.7	21811.1	7470.64	3928.11	2490.81	8367.15	820260	0	1	1	0	0xd43f5e018b415631
16	4	control	0	29	164489	2206.14	19862.4	83095.8	15210.6	21580.9	7699.35	3915.57	2410.18	8424.35	820380	0	2	1	0	0xd43f5e018b415631
16	4	control	0	30	164250	2180.64	19712	83160.8	15240.7	21495	7678.43	3919.99	2411.4	8367.81	820150	0	2	1	0	0xd43f5e018b415631
16	4	control	0	31	164183	2187.35	19769.5	83300.4	15446.6	21087.9	7784.97	3752.11	2387.68	8383.81	820010	0	7	1	0	0xd43f5e018b415631
16	4	control	0	32	163822	2169.56	19843.1	82926.5	15237.8	21217.8	7812.14	3761.07	2401.27	8371.52	819769	0	1	1	0	0xd43f5e018b415631
16	4	control	0	33	163883	2179.72	19849.9	83062.9	15324.6	21030.4	7664.14	3925.11	2402.72	8359.48	819757	0	2	1	0	0xd43f5e018b415631
16	4	control	0	34	163664	2176.52	19845	83063.1	15326	21096.7	7559.85	3751.86	2382.98	8381.1	819567	0	2	1	0	0xd43f5e018b415631
16	4	control	0	35	163476	2173.93	19674.9	83009.7	15231	21249.8	7480.93	3787.44	2403.85	8383.6	819485	0	0	1	0	0xd43f5e018b415631
16	4	control	0	36	164296	2183.6	19779.6	83303.5	15367.2	21136.6	7763.81	3951.91	2362.81	8366.69	820228	0	1	1	0	0xd43f5e018b415631
16	4	control	0	37	163908	2189.68	19870.4	83207.8	15280.6	20994.8	7739.81	3806.99	2369.23	8364.65	819522	0	12	1	0	0xd43f5e018b415631
16	4	control	0	38	163636	2161.77	20006.4	83012.1	15347.1	21068.5	7475.35	3722.32	2408.77	8352.77	819583	0	1	1	0	0xd43f5e018b415631
16	4	control	0	39	163993	2191.77	19817.3	83090	15336.7	21116.6	7666.72	3953.74	2414.31	8322.56	819944	0	1	1	0	0xd43f5e018b415631
16	4	control	0	40	166991	2167.43	19959.9	85545.8	15203.2	21522.5	7907.1	3844.99	2394.52	8365.44	838823	0	3	1	0	0xd43f5e018b415631
16	4	control	0	41	164228	2188.22	19824.9	83420.4	15348.4	21148.2	7558.22	3905.2	2401.52	8347.9	820128	0	1	1	0	0xd43f5e018b415631
16	4	control	0	42	164017	2180.97	19889.5	83599.4	15314.4	20939.1	7571.64	3775.82	2433.1	8228.23	819512	0	3	1	0	0xd43f5e018b415631
16	4	control	0	43	163787	2173.6	19722.8	83199.2	15353.9	21074.6	7682.81	3755.78	2423.44	8319.69	819671	0	6	1	0	0xd43f5e018b415631
16	4	control	0	44	163759	2172.35	19835.1	83096.7	15286.7	21093	7571.26	3832.36	2386.01	8400.85	819722	0	1	1	0	0xd43f5e018b415631
16	4	control	0	45	163816	2202.52	19746.9	82959.9	15336.7	21181.3	7800.68	3766.19	2388.48	8349.15	819715	0	2	1	0	0xd43f5e018b415631
16	4	control	0	46	164021	2172.81	19773.1	83487.8	15283.6	21068.3	7654.43	3949.28	2401.06	8147.31	819793	0	4	1	0	0xd43f5e018b415631
16	4	control	0	47	164461	2222.89	19872.4	83371.2	15259.3	21522.9	7581.39	3733.57	2426.18	8391.85	820344	0	0	1	0	0xd43f5e018b415631
16	4	control	0	48	163912	2141.51	19784.4	83154.7	15270.4	21406.5	7428.51	3903.41	2389.31	8349.98	819918	0	0	1	0	0xd43f5e018b415631
16	4	control	0	49	165456	2141.72	20103.3	83328.7	15270.2	22067.2	7476.18	4160.53	2473.52	8353.27	820891	0	14	1	0	0xd43f5e018b415631
17	4	attention_v3	0	0	161481	2312.27	19681.9	83228.2	15231.4	19019.5	7473.43	3830.66	2437.81	8183.31	801323	0	3	1	0	0xd43f5e018b415631
17	4	attention_v3	0	1	162138	2398.77	19890.1	83273.1	15246.1	19177.7	7513.76	3727.28	2436.18	8390.02	802088	0	1	1	0	0xd43f5e018b415631
17	4	attention_v3	0	2	161862	2215.77	19709.4	83180.5	15223.4	18967.6	7538.31	4069.45	2445.27	8395.15	817863	0	0	1	0	0xd43f5e018b415631
17	4	attention_v3	0	3	161567	2164.77	19653.6	83449.5	15202.3	19147.4	7307.05	3806.15	2382.97	8371.44	801477	0	2	1	0	0xd43f5e018b415631
17	4	attention_v3	0	4	161465	2278.6	19664	83177.2	15268	19107.3	7235.05	3984.4	2448.89	8217.85	801196	0	6	1	0	0xd43f5e018b415631
17	4	attention_v3	0	5	162337	2591.48	19724.6	83165.2	15217.3	19156.1	7362.39	4064.66	2456.1	8492.94	818032	0	9	1	0	0xd43f5e018b415631
17	4	attention_v3	0	6	161420	2225.39	19648	83076.7	15199.8	19046.1	7416.35	3998.03	2446.64	8276.89	801183	0	4	1	0	0xd43f5e018b415631
17	4	attention_v3	0	7	164554	2182.85	19803.3	85679.5	15254.5	18841.4	7610.43	4298.16	2426.48	8369.9	820387	0	3	1	0	0xd43f5e018b415631
17	4	attention_v3	0	8	161374	2170.27	19708.4	82937.7	15275.7	19143.6	7435.64	3862.28	2387.65	8368.44	801384	0	0	1	0	0xd43f5e018b415631
17	4	attention_v3	0	9	161550	2237.77	19777.4	82968.2	15194.2	19073.6	7660.68	4033.53	2434.27	8084.02	801435	0	2	1	0	0xd43f5e018b415631
17	4	attention_v3	0	10	161647	2165.31	19622.9	83082.7	15264.6	19238.2	7628.02	3747.78	2433.14	8379.48	801601	0	1	1	0	0xd43f5e018b415631
17	4	attention_v3	0	11	161746	2201.52	19864.7	83197.3	15255.9	19091.3	7339.14	4048.41	2407.89	8255.81	801589	0	6	1	0	0xd43f5e018b415631
17	4	attention_v3	0	12	161876	2314.93	19703.8	83117.4	15253.4	19261.8	7572.43	3680.57	2507.35	8377.77	817550	0	3	1	0	0xd43f5e018b415631
17	4	attention_v3	0	13	168896	2221.47	19669.1	86349.9	15383.2	19520.1	10914.5	3901.53	2443.93	8403.85	831270	0	6	1	0	0xd43f5e018b415631
17	4	attention_v3	0	14	162392	2256.31	19691.5	83633.2	15424.3	19222.7	7443.18	3843.15	2384.48	8407.9	817771	0	3	1	0	0xd43f5e018b415631
17	4	attention_v3	0	15	161867	2249.72	19700.5	83475.7	15220.9	19115.7	7402.47	3810.36	2450.02	8355.02	801552	0	1	1	0	0xd43f5e018b415631
17	4	attention_v3	0	16	163048	2340.02	19752.4	83875.1	15231.2	19263.9	7795.02	3893.86	2391.94	8421.35	818159	0	10	1	0	0xd43f5e018b415631
17	4	attention_v3	0	17	162573	2201.97	19950.8	83387.1	15233.2	19292.4	7554.23	4086.45	2403.1	8381.27	818143	0	8	1	0	0xd43f5e018b415631
17	4	attention_v3	0	18	161570	2214.89	19700.4	83161.6	15235.2	19279.3	7362.01	3728.53	2442.89	8357.81	801429	0	2	1	0	0xd43f5e018b415631
17	4	attention_v3	0	19	165234	2391.73	19886.4	86333	15309.3	18674.3	7574.56	4143.53	2430.85	8406.31	836695	0	6	1	0	0xd43f5e018b415631
17	4	attention_v3	0	20	161478	2244.39	19644.7	83117	15322.1	18991.4	7577.68	3710.45	2379.18	8407.23	801355	0	2	1	0	0xd43f5e018b415631
17	4	attention_v3	0	21	161920	2419.06	19736.2	83373.7	15232.2	18918.2	7384.55	3968.24	2433.52	8369.23	817852	0	1	1	0	0xd43f5e018b415631
17	4	attention_v3	0	22	161439	2247.14	19610.7	83096.4	15240.8	19144.1	7474.81	3751.24	2395.72	8392.9	801387	0	1	1	0	0xd43f5e018b415631
17	4	attention_v3	0	23	161478	2290.98	19612.6	82917.2	15317.9	19064.6	7356.35	4213.4	2480.85	8136.1	801390	0	6	1	0	0xd43f5e018b415631
17	4	attention_v3	0	24	162066	2166.85	19736.4	83282.8	15250.3	19209	7663.93	3852.61	2402.23	8414.19	801891	0	3	1	0	0xd43f5e018b415631
17	4	attention_v3	0	25	161432	2202.14	19622.6	83277.6	15218.8	19062.6	7495.72	3864.65	2503.31	8080.6	801261	0	3	1	0	0xd43f5e018b415631
17	4	attention_v3	0	26	162018	2471.35	19715.5	83297.8	15231.4	19245.8	7242.85	3893.86	2405.81	8430.1	801949	0	1	1	0	0xd43f5e018b415631
17	4	attention_v3	0	27	161259	2265.68	19611.9	83114.8	15208.5	19190.8	7123.22	3937.57	2377.39	8346.6	801267	0	0	1	0	0xd43f5e018b415631
17	4	attention_v3	0	28	162087	2213.93	19783	83285	15202.9	19227	7455.8	3873.4	2393.85	8567.9	817638	0	9	1	0	0xd43f5e018b415631
17	4	attention_v3	0	29	161588	2330.14	19683.5	83137.9	15201.6	19187	7352.22	3889.99	2422.43	8301.69	801466	0	2	1	0	0xd43f5e018b415631
17	4	attention_v3	0	30	162438	2186.35	19820	83519.7	15380.3	19106.7	7605.93	3872.24	2404.43	8459.73	818137	0	9	1	0	0xd43f5e018b415631
17	4	attention_v3	0	31	161836	2203.31	19715.7	83252.4	15229.9	18999.2	7494.72	3968.36	2431.48	8454.94	817717	0	2	1	0	0xd43f5e018b415631
17	4	attention_v3	0	32	161292	2160.97	19717.8	82984.2	15241	19141.1	7422.68	3746.48	2404.72	8383.94	801243	0	1	1	0	0xd43f5e018b415631
17	4	attention_v3	0	33	161662	2492.02	19689.6	83095.4	15266.6	19066	7267.76	4020.45	2428.39	8252.48	801677	0	0	1	0	0xd43f5e018b415631
17	4	attention_v3	0	34	161882	2207.06	19736.6	83294.8	15226.2	19183.4	7444.35	3927.69	2383.39	8395.4	817768	0	2	1	0	0xd43f5e018b415631
17	4	attention_v3	0	35	161835	2325.81	19873.1	83161.9	15217	19106.3	7593.81	3874.44	2456.35	8143.31	801802	0	1	1	0	0xd43f5e018b415631
17	4	attention_v3	0	36	161991	2285.64	19714.4	83500.8	15270.4	19168.2	7324.43	3890.82	2389.77	8363.65	801785	0	8	1	0	0xd43f5e018b415631
17	4	attention_v3	0	37	161565	2340.14	19660.2	83124.3	15317.4	19132.4	7290.18	3973.2	2400.02	8243.64	801473	0	2	1	0	0xd43f5e018b415631
17	4	attention_v3	0	38	161728	2162.89	19654.5	83119.9	15277.5	19278.9	7492.1	3834.53	2410.64	8412.4	801739	0	0	1	0	0xd43f5e018b415631
17	4	attention_v3	0	39	161691	2217.31	19671.6	83068.5	15322.5	19131.5	7541.47	3824.82	2447.6	8379.9	801698	0	0	1	0	0xd43f5e018b415631
17	4	attention_v3	0	40	161822	2282.27	19665.8	83341.5	15226.9	19199.3	7467.26	3751.53	2408.1	8393.06	817765	0	1	1	0	0xd43f5e018b415631
17	4	attention_v3	0	41	162595	2205.64	19916.6	83675.6	15271.6	18901.6	7734.97	4001.49	2438.48	8365.1	818258	0	8	1	0	0xd43f5e018b415631
17	4	attention_v3	0	42	161874	2199.89	19739.6	83345.4	15338.3	18923.7	7504.81	3954.98	2400.43	8382.94	801678	0	7	1	0	0xd43f5e018b415631
17	4	attention_v3	0	43	162993	2233.27	19754.6	84119.5	15202.7	19231.7	7531.8	4071.95	2385.81	8381.69	818043	0	5	1	0	0xd43f5e018b415631
17	4	attention_v3	0	44	167516	2325.18	21009	86956.3	15197.3	19489.7	7583.39	3754.4	2707.18	8407.06	836354	0	29	1	0	0xd43f5e018b415631
17	4	attention_v3	0	45	161680	2164.47	19815.2	83237.5	15249.4	19242.6	7303.72	3765.19	2411.89	8407.4	801578	0	2	1	0	0xd43f5e018b415631
17	4	attention_v3	0	46	161805	2232.89	19697.6	83173.6	15263.5	19221.1	7453.56	3922.61	2392.39	8364.06	817808	0	0	1	0	0xd43f5e018b415631
17	4	attention_v3	0	47	161645	2164.64	19791	83088.5	15272.5	19235.4	7384.39	3802.94	2437.14	8386.85	801618	0	1	1	0	0xd43f5e018b415631
17	4	attention_v3	0	48	161382	2214.56	19641.6	83083.3	15248.8	18798.8	7535.77	3867.82	2515.14	8389.77	817322	0	1	1	0	0xd43f5e018b415631
17	4	attention_v3	0	49	161816	2331.02	19702.1	83315.3	15307.2	18893.3	7567.39	3707.94	2448.93	8456.98	801579	0	8	1	0	0xd43f5e018b415631
18	4	attention_v3	0	0	161819	2363.43	19816.9	83520	15245.4	19075.4	7296.76	3880.9	2425.52	8108.27	801532	0	5	1	0	0xd43f5e018b415631
18	4	attention_v3	0	1	161593	2173.18	19771.7	82995.8	15224.6	19232.9	7501.23	3740.74	2434.35	8434.23	801478	0	1	1	0	0xd43f5e018b415631
18	4	attention_v3	0	2	161848	2204.06	19814.7	83129.1	15789.2	19088	7240.64	3880.94	2488.48	8126.23	801396	0	5	1	0	0xd43f5e018b415631
18	4	attention_v3	0	3	161854	2179.06	19791.2	83093.2	15217.1	19254.8	7319.01	4004.45	2449.06	8457.44	801629	0	5	1	0	0xd43f5e018b415631
18	4	attention_v3	0	4	161826	2392.27	19761.8	83204.4	15202.6	19012.7	7418.64	4068.28	2595.27	8080.68	801341	0	8	1	0	0xd43f5e018b415631
18	4	attention_v3	0	5	163047	3467.28	19653.5	83170.2	15340.6	19321	7416.43	3738.73	2428.23	8422.35	802980	0	1	1	0	0xd43f5e018b415631
18	4	attention_v3	0	6	161914	2300.02	19606.7	83075.4	15265.7	19214.1	7600.43	3975.24	2389.1	8401.85	817918	0	0	1	0	0xd43f5e018b415631
18	4	attention_v3	0	7	161137	2152.6	19713.9	83004.3	15290.7	18992.6	7305.51	3719.32	2439.02	8430.85	801083	0	1	1	0	0xd43f5e018b415631
18	4	attention_v3	0	8	161724	2231.52	20046.1	82966.9	15244.4	19001.4	7379.43	3928.69	2433.48	8406.23	817471	0	6	1	0	0xd43f5e018b415631
18	4	attention_v3	0	9	161218	2165.6	19659.8	82990.8	15231.8	19110.4	7351.01	3764.9	2442.44	8417.4	801178	0	1	1	0	0xd43f5e018b415631
18	4	attention_v3	0	10	161862	2345.02	19653.4	83066	15193.2	19096	7476.84	4159.32	2473.39	8310.65	817398	0	13	1	0	0xd43f5e018b415631
18	4	attention_v3	0	11	165782	2225.43	20097.2	86276.3	15320.4	19313.3	7581.14	3948.49	2533.56	8394.9	820095	0	13	1	0	0xd43f5e018b415631
18	4	attention_v3	0	12	161554	2235.85	19756.2	83032	15303	19202.8	7295.31	3912.07	2390.19	8338.52	801465	0	2	1	0	0xd43f5e018b415631
18	4	attention_v3	0	13	161601	2218.02	19750.8	83057.7	15286.3	19227	7456.09	3691.94	2394.98	8429.23	817612	0	0	1	0	0xd43f5e018b415631
18	4	attention_v3	0	14	161566	2231.64	19522.2	83228.3	15285.8	19254.2	7357.3	3749.24	2437.98	8411.65	801450	0	2	1	0	0xd43f5e018b415631
18	4	attention_v3	0	15	161066	2212.64	19875.1	82929.9	15217.6	18750.2	7284.85	3818.78	2432.85	8459.19	817080	0	0	1	0	0xd43f5e018b415631
18	4	attention_v3	0	16	161408	2185.6	19765.6	83212.5	15231	19027.5	7372.85	3727.69	2395.14	8404.1	801057	0	9	1	0	0xd43f5e018b415631
18	4	attention_v3	0	17	161408	2322.43	19734.8	82916.2	15203.2	19012.2	7595.14	4047.9	2437.18	8051.68	801353	0	1	1	0	0xd43f5e018b415631
18	4	attention_v3	0	18	161856	2188.52	20017.4	82887.9	15264.6	19217.3	7450.81	3867.7	2407.23	8425.23	801861	0	0	1	0	0xd43f5e018b415631
18	4	attention_v3	0	19	161703	2365.73	19714.3	82989.2	15235.1	19026	7548.3	4110.45	2439.89	8192.52	801578	0	1	1	0	0xd43f5e018b415631
18	4	attention_v3	0	20	162265	2153.81	19785.9	83304.9	15380.2	19142.1	7626.93	3887.4	2470.02	8423.02	801807	0	7	1	0	0xd43f5e018b415631
18	4	attention_v3	0	21	161293	2289.14	19606	82960.5	15229.8	19059.8	7520.27	3827.07	2469.85	8245.43	801300	0	0	1	0	0xd43f5e018b415631
18	4	attention_v3	0	22	161785	2363.73	19613.9	83186.9	15186.5	19205.5	7488.35	3836.49	2400.89	8416.6	801651	0	3	1	0	0xd43f5e018b415631
18	4	attention_v3	0	23	161707	2200.93	19553	83106.4	15483.5	19329.7	7257.68	3770.99	2465.85	8455.94	801270	0	11	1	0	0xd43f5e018b415631
18	4	attention_v3	0	24	164457	2201.52	19683	86106.3	15150.7	18947.1	7388.56	4050.7	2437.35	8406.52	836161	0	3	1	0	0xd43f5e018b415631
18	4	attention_v3	0	25	161125	2160.6	19658.5	82912.4	15206.2	19138.4	7394.3	3732.49	2445.48	8391.1	801072	0	1	1	0	0xd43f5e018b415631
18	4	attention_v3	0	26	161607	2336.1	19745.8	83068.7	15235.3	19293.8	7347.93	3706.77	2378.69	8409.9	801550	0	1	1	0	0xd43f5e018b415631
18	4	attention_v3	0	27	161624	2194.97	19710.6	83135.8	15285.2	19210.9	7300.01	3911.24	2378.14	8410.4	817637	0	0	1	0	0xd43f5e018b415631
18	4	attention_v3	0	28	162228	2149.56	19903.9	83514.7	15419	19084.1	7528.06	3901.86	2443.27	8199.89	802053	0	3	1	0	0xd43f5e018b415631
18	4	attention_v3	0	29	161583	2191.31	19708.1	83031.5	15245.3	19220.9	7387.8	3928.45	2378.72	8402.06	801362	0	7	1	0	0xd43f5e018b415631
18	4	attention_v3	0	30	161526	2269.64	19696.2	82939.4	15260.9	19233.3	7204.09	3957.24	2441.56	8415.98	801544	0	0	1	0	0xd43f5e018b415631
18	4	attention_v3	0	31	161060	2259.85	19570.5	83124.2	15209.4	18783	7504.73	3712.19	2422.02	8391.94	817005	0	1	1	0	0xd43f5e018b415631
18	4	attention_v3	0	32	162093	2318.52	19799.4	82770.2	15324.9	18917.1	8114.52	3798.9	2470.31	8492.81	801654	0	2	1	0	0xd43f5e018b415631
18	4	attention_v3	0	33	162375	2383.81	19817.8	83322.4	15339.3	19279.3	7419.47	3886.32	2401.18	8440.65	818102	0	6	1	0	0xd43f5e018b415631
18	4	attention_v3	0	34	162029	2206.22	19784.7	83237.5	15282.3	19220	7573.31	3813.07	2385.64	8438.85	801934	0	2	1	0	0xd43f5e018b415631
18	4	attention_v3	0	35	162050	2189.35	19760.7	83023.2	15337.2	19273.4	7666.68	3862.61	2386.72	8466.6	817570	0	8	1	0	0xd43f5e018b415631
18	4	attention_v3	0	36	164163	2266.47	19704.9	83199.1	15648.9	21373.4	7410.59	3682.86	2408.02	8380.77	820063	0	2	1	0	0xd43f5e018b415631
18	4	attention_v3	0	37	161405	2257.56	19793.3	83073.8	15266.5	19088.1	7316.85	3811.32	2448.52	8263.06	801301	0	2	1	0	0xd43f5e018b415631
18	4	attention_v3	0	38	161673	2163.35	19810.2	83092.4	15247.2	19167.3	7456.72	3806.36	2432.39	8416.31	801621	0	1	1	0	0xd43f5e018b415631
18	4	attention_v3	0	39	161862	2430.98	20007.7	82970.8	15315.9	19105.4	7279.43	3968.7	2422.47	8275.69	801874	0	0	1	0	0xd43f5e018b415631
18	4	attention_v3	0	40	161636	2201.35	19742.6	83017.7	15220	19193.6	7510.1	3832.24	2385.23	8448.81	817525	0	2	1	0	0xd43f5e018b415631
18	4	attention_v3	0	41	161749	2324.52	19721	83141.5	15275.2	19143.1	7388.6	3945.11	2391.35	8309.64	801603	0	2	1	0	0xd43f5e018b415631
18	4	attention_v3	0	42	162066	2548.56	19890.8	83321.3	15274.9	19170.7	7204.13	3723.69	2426.56	8417.19	817704	0	8	1	0	0xd43f5e018b415631
18	4	attention_v3	0	43	161484	2204.1	19601.5	82877.5	15300.4	19157.3	7510.64	3846.24	2494.77	8407.02	801493	0	0	1	0	0xd43f5e018b415631
18	4	attention_v3	0	44	161999	2279.85	19775.7	83133.8	15233.9	19139.9	7780.18	3697.32	2436.01	8436.6	817883	0	2	1	0	0xd43f5e018b415631
18	4	attention_v3	0	45	161746	2208.35	19805	83319.6	15258.4	19105.4	7468.97	3819.2	2388.77	8285.85	801439	0	7	1	0	0xd43f5e018b415631
18	4	attention_v3	0	46	161673	2192.93	19596.8	83237.7	15202.4	19207	7334.1	3980.32	2425.89	8409.9	817577	0	2	1	0	0xd43f5e018b415631
18	4	attention_v3	0	47	161748	2172.22	19828.1	83087.4	15288.7	19274.4	7431.72	3733.32	2441.48	8404.98	801622	0	2	1	0	0xd43f5e018b415631
18	4	attention_v3	0	48	163651	2345.93	19847.7	83629.6	15204.2	19667.1	8022.43	4018.49	2380.98	8449.9	819314	0	9	1	0	0xd43f5e018b415631
18	4	attention_v3	0	49	162142	2237.77	20218.9	83054.4	15281.7	19193.6	7500.39	3804.16	2378.06	8389.23	818017	0	2	1	0	0xd43f5e018b415631
19	4	control	0	0	164153	2172.72	20065.4	83179.9	15346.8	21321.7	7342.68	3888.74	2380.81	8374.94	819911	0	6	1	0	0xd43f5e018b415631
19	4	control	0	1	164832	2161.39	19871.4	83179	15361	21956.9	7353.51	3967.07	2463.98	8433.23	820581	0	5	1	0	0xd43f5e018b415631
19	4	control	0	2	164696	2208.6	19731.3	83286.3	15293.4	21849	7395.22	3932.2	2437.6	8480.23	820392	0	3	1	0	0xd43f5e018b415631
19	4	control	0	3	167488	2207.22	19872.1	86025.6	15205.6	21578.7	7573.06	4130.95	2425.48	8386.69	839267	0	8	1	0	0xd43f5e018b415631
19	4	control	0	4	163992	2201.77	19560.9	83154.2	15230.5	21648.4	7428.63	3897.82	2391.56	8394.31	819876	0	2	1	0	0xd43f5e018b415631
19	4	control	0	5	164007	2210.18	19801.5	83085.6	15252.6	21520.7	7319.39	3957.49	2406.23	8371.6	819936	0	2	1	0	0xd43f5e018b415631
19	4	control	0	6	163955	2203.85	19797.6	83126.5	15239.1	21490.2	7447.26	3788.99	2391.68	8389.73	819961	0	0	1	0	0xd43f5e018b415631
19	4	control	0	7	163855	2214.31	19768.4	83073.6	15221.2	21521.6	7435.52	3768.82	2386.56	8384.65	819563	0	6	1	0	0xd43f5e018b415631
19	4	control	0	8	163825	2206.64	19742.3	82998.6	15289.3	21394.7	7507.35	3802.4	2395.39	8403.44	819730	0	2	1	0	0xd43f5e018b415631
19	4	control	0	9	164100	2228.35	19909.9	82950	15416	21210.6	7748.18	3794.15	2390.14	8370.35	819955	0	7	1	0	0xd43f5e018b415631
19	4	control	0	10	163674	2201.93	19661.1	83003.6	15196.3	21369.8	7617.68	3730.86	2380.35	8430.1	819632	0	1	1	0	0xd43f5e018b415631
19	4	control	0	11	163762	2202.27	19742.8	82942.7	15285.7	21362.1	7510.51	3840.69	2395.81	8394.65	819620	0	2	1	0	0xd43f5e018b415631
19	4	control	0	12	164268	2285.52	19914.7	83192.3	15341.4	21240.4	7671.68	3732.07	2404.77	8402.81	819954	0	7	1	0	0xd43f5e018b415631
19	4	control	0	13	163788	2209.85	19705.7	82928.9	15300.3	21219.4	7787.56	3792.95	2386.06	8376.73	819737	0	1	1	0	0xd43f5e018b415631
19	4	control	0	14	163577	2229.43	19724	83024.1	15399.7	21170.3	7445.85	3751.07	2390.27	8359.48	819289	0	5	1	0	0xd43f5e018b415631
19	4	control	0	15	165467	2201.22	19702.5	83044.5	15351.4	22432.7	7870.68	4007.11	2372.98	8401.85	837166	0	9	1	0	0xd43f5e018b415631
19	4	control	0	16	163361	2161.22	19626.6	82963.7	15422.3	21347.6	7165.96	3815.82	2437.81	8335.14	819247	0	2	1	0	0xd43f5e018b415631
19	4	control	0	17	164766	2169.14	19692.7	83249.8	15260.5	21917.9	7459.18	4141.91	2426.52	8368.73	820730	0	1	1	0	0xd43f5e018b415631
19	4	control	0	18	164356	2209.1	19748.8	83161.9	15184.5	21842.8	7263.81	4015.53	2421.93	8426.48	820311	0	1	1	0	0xd43f5e018b415631
19	4	control	0	19	164034	2213.52	19664.4	82955.3	15223.3	21775.4	7390.68	3848.74	2430.35	8450.15	819937	0	2	1	0	0xd43f5e018b415631
19	4	control	0	20	164033	2208.56	19872.7	82814.8	15273.6	21670.3	7432.1	3862.32	2434.56	8381.69	819982	0	1	1	0	0xd43f5e018b415631
19	4	control	0	21	164126	2195.93	19577	83307.1	15223.1	21591.9	7407.14	3913.74	2426.64	8399.65	819968	0	7	1	0	0xd43f5e018b415631
19	4	control	0	22	163937	2211.56	19750.9	83292.7	15191	21375.5	7439.14	3803.53	2415.81	8375.73	819950	0	0	1	0	0xd43f5e018b415631
19	4	control	0	23	163921	2209.68	19637.5	83014.3	15320.4	21444.7	7488.68	3879.36	2402.23	8441.4	819869	0	1	1	0	0xd43f5e018b415631
19	4	control	0	24	164029	2193.77	19805.6	83060	15575	21421.8	7308.47	3726.32	2384.39	8444.9	819777	0	6	1	0	0xd43f5e018b415631
19	4	control	0	25	164232	2211.81	19963.7	83404	15254	21087.2	7437.23	4046.91	2409.1	8337.44	820243	0	0	1	0	0xd43f5e018b415631
19	4	control	0	26	164375	2210.6	19903.3	83118.7	15248.7	21526.2	7732.22	3726.9	2431.68	8395.73	836325	0	2	1	0	0xd43f5e018b415631
19	4	control	0	27	165306	2170.81	20031	83378.2	15302.6	22038.7	7354.05	4023.24	2491.6	8430.73	820951	0	3	1	0	0xd43f5e018b415631
19	4	control	0	28	167373	2206.31	19650.8	85499.8	15294.6	22014.8	7479.48	4320.11	2439.73	8384.94	839138	0	8	1	0	0xd43f5e018b415631
19	4	control	0	29	164478	2182.22	19806.1	83034.6	15231.2	21900	7347.51	4024.65	2460.18	8410.77	820492	0	0	1	0	0xd43f5e018b415631
19	4	control	0	30	164121	2229.64	19684.1	83107.4	15233.1	21707.5	7416.51	3847.94	2438.44	8374.23	820035	0	1	1	0	0xd43f5e018b415631
19	4	control	0	31	163879	2203.81	19574.1	82760.4	15238.2	21686.9	7496.8	4034.53	2448.1	8356.77	819888	0	0	1	0	0xd43f5e018b415631
19	4	control	0	32	163983	2194.72	19658.6	82910.5	15206.4	21616.5	7439.68	4105.36	2397.47	8369.4	819801	0	3	1	0	0xd43f5e018b415631
19	4	control	0	33	163962	2231.85	19588.9	83221.5	15238.5	21450.9	7542.6	3767.61	2451.52	8383.81	819829	0	2	1	0	0xd43f5e018b415631
19	4	control	0	34	164376	2217.1	19848.2	82972.3	15400.4	21272.1	7760.22	4061.4	2389.01	8374.27	820188	0	7	1	0	0xd43f5e018b415631
19	4	control	0	35	163793	2202.27	19908.5	82947.9	15289.2	21182	7658.97	3738.61	2401.85	8382.77	819802	0	0	1	0	0xd43f5e018b415631
19	4	control	0	36	163871	2215.22	19543.7	83263.9	15280.9	21254.9	7620.85	3782.15	2380.81	8446.27	822023	0	7	1	0	0xd43f5e018b415631
19	4	control	0	37	163752	2204.39	19703.5	83063.6	15343.7	21181.4	7583.97	3752.48	2401.06	8438.4	817111	0	2	1	0	0xd43f5e018b415631
19	4	control	0	38	163859	2205.22	19804.1	83013	15338.9	21286.1	7539.43	3792.16	2397.18	8403.02	819700	0	3	1	0	0xd43f5e018b415631
19	4	control	0	39	163934	2316.18	19897.9	83260.7	15347	21097.5	7461.93	3706.4	2391.56	8374.6	819756	0	3	1	0	0xd43f5e018b415631
19	4	control	0	40	166765	2198.1	19885.8	83562.4	15301.9	22891.7	7521.35	4099.45	2853.65	8370.44	838457	0	6	1	0	0xd43f5e018b415631
19	4	control	0	41	163783	2191.77	19701.5	83008.8	15215.5	21628.6	7376.26	3826.2	2384.1	8366.73	819591	0	2	1	0	0xd43f5e018b415631
19	4	control	0	42	164220	2214.06	19779.7	83133.2	15313.8	21510.3	7585.72	3805.82	2398.02	8397.48	820170	0	1	1	0	0xd43f5e018b415631
19	4	control	0	43	163743	2205.93	19867.4	83092.5	15223.9	21421.8	7302.18	3785.48	2396.6	8368.64	819754	0	0	1	0	0xd43f5e018b415631
19	4	control	0	44	163723	2213.18	19681.1	82993.5	15226.7	21575	7458.81	3737.61	2375.64	8379.35	819566	0	3	1	0	0xd43f5e018b415631
19	4	control	0	45	163825	2241.43	19644.1	83112.9	15268.8	21467.4	7298.8	3940.24	2396.89	8375.52	819723	0	2	1	0	0xd43f5e018b415631
19	4	control	0	46	164025	2206.06	19713.5	83150.8	15275.8	21457.8	7537.85	3817.95	2388.81	8395.27	819908	0	6	1	0	0xd43f5e018b415631
19	4	control	0	47	163748	2202.35	19646.1	83171	15221.2	21451.9	7414.8	3758.23	2396.27	8404.44	819751	0	0	1	0	0xd43f5e018b415631
19	4	control	0	48	163826	2213.14	19853.4	82847.3	15247.9	21449	7444.1	3872.53	2399.43	8419.73	819637	0	3	1	0	0xd43f5e018b415631
19	4	control	0	49	164171	2205.31	19810.2	83162.1	15330.9	21273	7515.76	3979.82	2406.43	8406.06	819921	0	6	1	0	0xd43f5e018b415631
