block	cycle	arm	repeat	run	wall_us	input_us	core_us	dense_us	depthwise_us	attention_us	lut_us	concat_us	transform_us	head_us	process_cpu_us	voluntary_cs	involuntary_cs	affinity_ok	cpu4_7_ime_count	hash
0	0	control	0	0	163306	2224.46	19640.1	83954.2	15315.1	20058	7398.28	3762.04	2402.3	8468.59	818849	0	6	1	0	0xd43f5e018b415631
0	0	control	0	1	163558	2235.46	19658.9	83948	15126.6	20126.2	7681.16	3858.21	2398.84	8439.97	819279	0	5	1	0	0xd43f5e018b415631
0	0	control	0	2	163324	2247.96	19717.7	84030	15089.7	20102.1	7357.28	3831.58	2429.63	8430.76	819205	0	2	1	0	0xd43f5e018b415631
0	0	control	0	3	163879	2231.25	19714.7	84237	15131.5	20306.8	7333.86	3845.62	2410.38	8577.26	819423	0	7	1	0	0xd43f5e018b415631
0	0	control	0	4	163645	2204.67	19682.5	84028.4	15174.6	20275.9	7479.78	3828.29	2417.8	8444.67	819441	0	8	1	0	0xd43f5e018b415631
0	0	control	0	5	163710	2217.34	19603.6	83761.9	15202.6	20313	7490.48	4147.38	2495.1	8393.13	819299	0	7	1	0	0xd43f5e018b415631
0	0	control	0	6	164336	2331.84	19626.2	84317.2	15163.6	20330.1	7386.78	4072.75	2400.84	8622.01	819927	0	8	1	0	0xd43f5e018b415631
0	0	control	0	7	165004	2250.84	19791.7	83866.2	16983.9	19802.1	7545.45	3883.04	2395.72	8399.22	820844	0	3	1	0	0xd43f5e018b415631
0	0	control	0	8	163353	2227.3	19795.7	84141.1	15345.4	19725.2	7365.74	3851.41	2405.76	8408.13	819062	0	5	1	0	0xd43f5e018b415631
0	0	control	0	9	163567	2305.34	19617.9	84328.3	15238.8	19979.6	7466.53	3771.04	2412.22	8360.84	819081	0	2	1	0	0xd43f5e018b415631
0	0	control	0	10	163388	2225.96	19822.7	84098.5	15147.9	20115.8	7339.11	3745.78	2410.05	8393.47	819076	0	9	1	0	0xd43f5e018b415631
0	0	control	0	11	163634	2305.63	19684.9	84193.8	15141.8	20200.5	7371.28	3826.2	2433.39	8385.47	819398	0	5	1	0	0xd43f5e018b415631
0	0	control	0	12	163474	2253.46	19638.5	83876.2	15131.4	20254.8	7473.07	3969.33	2426.8	8361.92	819348	0	2	1	0	0xd43f5e018b415631
0	0	control	0	13	163933	2230.63	19713.8	84158.8	15139	20327.6	7313.11	4109.46	2400.42	8453.51	819682	0	3	1	0	0xd43f5e018b415631
0	0	control	0	14	163723	2271.88	19580	84224.6	15126.9	20246.3	7447.19	3784.66	2398.34	8558.34	819660	0	1	1	0	0xd43f5e018b415631
0	0	control	0	15	163642	2217.71	19635.5	84118.6	15119.5	20278.5	7459.78	3822.37	2408.22	8493.3	819580	0	1	1	0	0xd43f5e018b415631
0	0	control	0	16	163673	2263.01	19660.4	84104.7	15178	20233.3	7398.7	3897.33	2445.09	8405.47	819565	0	2	1	0	0xd43f5e018b415631
0	0	control	0	17	164116	2350.51	19707.8	84241.6	15111.1	20236.6	7545.41	3870.29	2409.22	8558.26	819909	0	7	1	0	0xd43f5e018b415631
0	0	control	0	18	163800	2216.3	19832.3	84006.3	15388.3	20159.2	7281.9	3837.5	2399.59	8589.8	819520	0	7	1	0	0xd43f5e018b415631
0	0	control	0	19	165657	2234.8	19531.7	86951	15163.7	19674.2	7666.24	3829.91	2395.67	8120.46	821658	0	0	1	0	0xd43f5e018b415631
0	0	control	0	20	162639	2165.09	19698.2	83882.4	15221.6	19859.3	7164.4	3704.41	2437.63	8421.72	802470	0	3	1	0	0xd43f5e018b415631
0	0	control	0	21	163315	2267.05	19684.9	83947.8	15218.1	20129.6	7283.44	3910.58	2402.76	8381.59	819201	0	2	1	0	0xd43f5e018b415631
0	0	control	0	22	167244	2232.38	19576.4	87784.6	15175.8	20200.9	7468.82	3861.25	2434.38	8392.63	837640	0	42	1	0	0xd43f5e018b415631
0	0	control	0	23	164623	2250.42	19778.9	84757.8	15214.2	20337.3	7459.45	3863.79	2406.59	8469.05	819902	0	10	1	0	0xd43f5e018b415631
0	0	control	0	24	163488	2326.67	19694	83792.9	15149.7	20158.9	7438.57	4093.92	2388.51	8359.26	819151	0	5	1	0	0xd43f5e018b415631
0	0	control	0	25	163880	2363.76	19620.6	84361.9	15220.8	20149.2	7256.44	3952.16	2445.09	8424.13	819612	0	3	1	0	0xd43f5e018b415631
0	0	control	0	26	163517	2427.18	19563.1	83977.7	15151.1	20225.8	7486.95	3774.25	2441.51	8377.76	819510	0	0	1	0	0xd43f5e018b415631
0	0	control	0	27	163317	2237.96	19725.7	83795.5	15167.9	20293.1	7232.11	4000.79	2434.18	8341.75	819263	0	1	1	0	0xd43f5e018b415631
0	0	control	0	28	162931	2290.55	19531.9	84161.5	15220.3	19748.2	7324.69	3737.24	2445.76	8383.05	818872	0	1	1	0	0xd43f5e018b415631
0	0	control	0	29	162931	2179.42	19627.9	83966.6	15377.5	20002.8	7240.65	3812.79	2447.21	8191.09	802773	0	7	1	0	0xd43f5e018b415631
0	0	control	0	30	163133	2256.17	19576.7	84070.7	15550.8	19615.2	7453.66	3766.74	2391.05	8365.47	802701	0	9	1	0	0xd43f5e018b415631
0	0	control	0	31	163296	2255.3	19646.4	83974	15157	19968.6	7538.11	3886.21	2395.67	8389.09	819233	0	1	1	0	0xd43f5e018b415631
0	0	control	0	32	165589	2704.56	19608.8	86117.3	15175.5	19688.2	7384.23	3972.5	2467.09	8384.72	837521	0	1	1	0	0xd43f5e018b415631
0	0	control	0	33	162451	2192.96	19741.4	83812.1	15248.6	19527.3	7273.94	3769.54	2435.8	8365.59	802347	0	2	1	0	0xd43f5e018b415631
0	0	control	0	34	163237	2218.3	19826.7	84023.9	15126	20036.5	7374.24	3747.16	2393.84	8406.3	819222	0	0	1	0	0xd43f5e018b415631
0	0	control	0	35	163582	2229.21	19590.6	84134.8	15132	20187.8	7420.78	3965.67	2434.97	8402.97	819401	0	7	1	0	0xd43f5e018b415631
0	0	control	0	36	163788	2402.84	19764	84028.8	15176.3	20168.4	7388.35	3886.87	2395.43	8491.05	819519	0	5	1	0	0xd43f5e018b415631
0	0	control	0	37	172760	2224.05	28927.2	83910.6	15677.3	19688	7594.41	3812.16	2436.88	8404.47	851044	0	5	1	0	0xd43f5e018b415631
0	0	control	0	38	163182	2233.17	19732.4	83764.9	15198.5	20001.1	7435.15	3939.16	2424.13	8364.01	819106	0	1	1	0	0xd43f5e018b415631
0	0	control	0	39	163494	2259.13	19583.5	84240.5	15181.1	20118.9	7326.15	3881.2	2418.84	8399.34	819320	0	2	1	0	0xd43f5e018b415631
0	0	control	0	40	163334	2217.34	19632	83994.4	15119.1	20158.3	7460.4	3877.91	2404.88	8386.3	819270	0	1	1	0	0xd43f5e018b415631
0	0	control	0	41	162796	2252.51	19696.4	83984.8	15165.4	19519.5	7486.11	3796.2	2442.26	8366.09	818684	0	6	1	0	0xd43f5e018b415631
0	0	control	0	42	163758	2193.8	19834.5	84505.9	15177.6	19781.8	7507.36	3851.12	2479.26	8340.17	819329	0	8	1	0	0xd43f5e018b415631
0	0	control	0	43	166013	2271.59	19629.3	83658	15296.8	20235.5	10146.4	3865.29	2498.84	8320.25	819304	0	2	1	0	0xd43f5e018b415631
0	0	control	0	44	166985	2221.25	20048.8	86559.5	15123.7	20310.7	7540.03	4204	2399.13	8487.84	838867	0	2	1	0	0xd43f5e018b415631
0	0	control	0	45	163395	2246.01	19674.7	83929.5	15154.7	20192.5	7500.37	3805.49	2412.76	8392.38	819286	0	2	1	0	0xd43f5e018b415631
0	0	control	0	46	163213	2240.3	19739.5	84179.5	15207.7	19585.8	7291.82	3908.91	2434.09	8539.68	819669	0	6	1	0	0xd43f5e018b415631
0	0	control	0	47	163140	2235.21	19559.7	83994.4	15219	19730.8	7613.95	3849.24	2497.97	8357	818422	0	0	1	0	0xd43f5e018b415631
0	0	control	0	48	163208	2173.88	19970.7	83976.7	15198.3	19828	7434.11	3898.54	2475.34	8167.67	802765	0	10	1	0	0xd43f5e018b415631
0	0	control	0	49	163220	2200.13	19644.2	84224.9	15182.9	19648.3	7490.95	3953.92	2430.47	8357.63	802784	0	6	1	0	0xd43f5e018b415631
1	0	e2c4	0	0	148784	2280.67	19533.5	70277.6	15135.2	19552.5	7295.57	3776.99	2461.64	8383.26	740674	0	2	1	0	0xd43f5e018b415631
1	0	e2c4	0	1	148095	2186.96	19596.4	70155.7	15242.6	19014.5	7218.39	3818.83	2536.22	8235.29	756126	0	0	1	0	0xd43f5e018b415631
1	0	e2c4	0	2	150058	2160.04	19611.1	70289.6	15217.4	20365.6	7744.16	3794.91	2450.84	8339.21	741991	0	1	1	0	0xd43f5e018b415631
1	0	e2c4	0	3	149096	2279.05	19989	70045.2	15209.4	19495.4	7331.32	3889	2401.17	8372.63	740625	0	12	1	0	0xd43f5e018b415631
1	0	e2c4	0	4	150154	2217.42	19766	70138.9	15242	20434.1	7560.36	3902.58	2424.72	8382.5	758063	0	2	1	0	0xd43f5e018b415631
1	0	e2c4	0	5	149293	2217.25	19804.9	70344	15187.6	19715.7	7318.23	3899.2	2401.8	8317.05	741293	0	0	1	0	0xd43f5e018b415631
1	0	e2c4	0	6	149538	2458.43	19584.2	69927.7	15246.4	20271.7	7354.9	3810.99	2497.01	8274.34	757543	0	0	1	0	0xd43f5e018b415631
1	0	e2c4	0	7	149391	2165.5	19479.4	70431.5	15156.3	20133.9	7333.69	3777.62	2401.8	8427.63	741332	0	1	1	0	0xd43f5e018b415631
1	0	e2c4	0	8	148847	2221.96	19600.5	70233.6	15186.2	19476.7	7281.07	3919.79	2446.97	8396.88	740788	0	1	1	0	0xd43f5e018b415631
1	0	e2c4	0	9	150058	2198	19891.6	70189	15174.1	20374.6	7545.07	3755.37	2477.76	8366.63	758028	0	1	1	0	0xd43f5e018b415631
1	0	e2c4	0	10	149423	2309.88	19633.9	70523.8	15185.2	19744.2	7402.2	3772.49	2415.22	8352.71	740839	0	15	1	0	0xd43f5e018b415631
1	0	e2c4	0	11	149980	2337.92	19599.5	70223.6	15192.9	20374.6	7401.78	3901.12	2463.34	8399.59	757923	0	1	1	0	0xd43f5e018b415631
1	0	e2c4	0	12	152301	2202.71	22024.3	70158	15199.1	20424.4	7499.36	3879.41	2505.97	8321.3	760131	0	3	1	0	0xd43f5e018b415631
1	0	e2c4	0	13	149208	2231.92	19620.4	70384.6	15146	19603.6	7509.11	3817.66	2392.22	8417.55	741062	0	2	1	0	0xd43f5e018b415631
1	0	e2c4	0	14	147811	2187.92	19412.5	70046.5	15216	19046.9	7330.4	3797.66	2534.26	8152.33	739812	0	0	1	0	0xd43f5e018b415631
1	0	e2c4	0	15	149735	2195.55	19501.2	69957.2	15237	20413.6	7481.4	4016.33	2463.09	8385.96	757737	0	0	1	0	0xd43f5e018b415631
1	0	e2c4	0	16	149321	2209.88	19628.1	70378.1	15087	19834.8	7338.11	3880.12	2512.26	8363.8	741107	0	4	1	0	0xd43f5e018b415631
1	0	e2c4	0	17	150738	2268.3	19537.5	70631	15300.7	20443.1	7539.24	3981.83	2447.34	8507.13	758383	0	11	1	0	0xd43f5e018b415631
1	0	e2c4	0	18	149142	2436.84	19709.7	70184.1	15200.9	19604.6	7210.89	3925.62	2405.97	8375.34	740911	0	1	1	0	0xd43f5e018b415631
1	0	e2c4	0	19	150199	2381.26	19575.7	70392	15176.6	20384.8	7393.32	4088.62	2438.63	8282.21	758154	0	1	1	0	0xd43f5e018b415631
1	0	e2c4	0	20	149808	3408.07	19674.4	70142.1	15280.7	19099.8	7411.27	3998.71	2559.26	8148.67	741754	0	1	1	0	0xd43f5e018b415631
1	0	e2c4	0	21	149747	2162.09	19621.7	70246.8	15208.6	20425.3	7258.82	3867.79	2458.55	8413.3	741719	0	2	1	0	0xd43f5e018b415631
1	0	e2c4	0	22	149318	2229.92	19568.8	70220.9	15236.9	19746.4	7671.57	3749.08	2408.72	8398.46	741263	0	0	1	0	0xd43f5e018b415631
1	0	e2c4	0	23	148960	2259.67	19651.9	70278.5	15371.1	19013.3	7469.4	3853.75	2491.72	8484.34	756696	0	9	1	0	0xd43f5e018b415631
1	0	e2c4	0	24	149734	2162.71	19491	70637.1	15158	20367.8	7279.73	3826.62	2421.26	8302.21	741536	0	5	1	0	0xd43f5e018b415631
1	0	e2c4	0	25	151961	2194.25	19728.5	71404.3	15382.5	20731.4	7469.74	3798.83	2745.72	8419.67	759895	0	1	1	0	0xd43f5e018b415631
1	0	e2c4	0	26	149005	2316.13	19740.6	70298.5	15212.7	19457.1	7372.7	3770.04	2407.88	8342.55	740851	0	3	1	0	0xd43f5e018b415631
1	0	e2c4	0	27	150357	2170.88	19616.1	70022.2	15229.4	20943.6	7338.82	4027.17	2456.89	8461.42	741967	0	1	1	0	0xd43f5e018b415631
1	0	e2c4	0	28	148868	2217.8	19651.5	70254.1	15184.7	19514.9	7258.44	3920.16	2402.22	8381.3	740872	0	0	1	0	0xd43f5e018b415631
1	0	e2c4	0	29	148829	2256.88	19501.8	70206.2	15258.4	18983	7625.41	4000.95	2523.01	8387.05	756824	0	0	1	0	0xd43f5e018b415631
1	0	e2c4	0	30	150072	2243.38	19600.2	70471.9	15161.6	20225.7	7494.82	3847.5	2441.34	8501.8	741415	0	11	1	0	0xd43f5e018b415631
1	0	e2c4	0	31	148619	2222.09	19512.4	70359.9	15168.4	19452	7222.65	3842.41	2469.88	8287.88	740520	0	2	1	0	0xd43f5e018b415631
1	0	e2c4	0	32	150124	2203.92	20008.7	70305.9	15191.9	20382.8	7165.73	3993.79	2458.84	8328.55	758133	0	0	1	0	0xd43f5e018b415631
1	0	e2c4	0	33	148969	2214.46	19551.7	70401.9	15158.8	19821.4	7196.52	3806.16	2399.01	8335.38	740974	0	0	1	0	0xd43f5e018b415631
1	0	e2c4	0	34	150403	2292.67	19772	70570.2	15166.9	20346.4	7428.48	3920.62	2492.63	8336.09	758316	0	1	1	0	0xd43f5e018b415631
1	0	e2c4	0	35	149568	2272.76	19827.7	70399.4	15156.9	19707.2	7371.32	3826.45	2490.63	8429.71	741506	0	1	1	0	0xd43f5e018b415631
1	0	e2c4	0	36	150417	2221.84	19596.4	70462.1	15184.3	20372.8	7400.2	4240.13	2520.88	8332	758189	0	3	1	0	0xd43f5e018b415631
1	0	e2c4	0	37	149443	2218.84	19595.8	70750.2	15197.7	19687.1	7310.49	3857.37	2408.63	8329.63	741072	0	12	1	0	0xd43f5e018b415631
1	0	e2c4	0	38	150367	2207	19648.2	70469.7	15299.9	20454.3	7325.6	3827.37	2477.72	8573.01	758300	0	1	1	0	0xd43f5e018b415631
1	0	e2c4	0	39	152433	2274.42	19776.5	73058.7	15154.9	19983.1	7326.9	3912.29	2454.67	8406.55	760371	0	1	1	0	0xd43f5e018b415631
1	0	e2c4	0	40	148724	2217.71	19778	70181.8	15192.4	19360.6	7266.48	3866.2	2409.09	8369.42	740599	0	2	1	0	0xd43f5e018b415631
1	0	e2c4	0	41	149815	2164.04	19625.4	70169.5	15179.7	20475.6	7512.57	3828.12	2453.72	8320.05	741820	0	0	1	0	0xd43f5e018b415631
1	0	e2c4	0	42	149300	2228.05	19495.6	70439	15230.5	19772.2	7222.65	4001.33	2413.67	8412.84	741239	0	1	1	0	0xd43f5e018b415631
1	0	e2c4	0	43	148318	2395.59	19518.1	70072.6	15261.1	19022.1	7560.37	3851.62	2493.43	8058.71	740043	0	5	1	0	0xd43f5e018b415631
1	0	e2c4	0	44	150075	2256.34	19653	70203.1	15420.3	20321.6	7411.94	3942.62	2462.51	8317.5	741537	0	10	1	0	0xd43f5e018b415631
1	0	e2c4	0	45	148913	2295.34	19715.6	70253.8	15146.5	19635.9	7210.11	3768.29	2411.55	8393.71	740912	0	0	1	0	0xd43f5e018b415631
1	0	e2c4	0	46	148508	2243.92	19643	70202.6	15253.6	19027.8	7301.98	4081.29	2502.05	8169.12	756548	0	0	1	0	0xd43f5e018b415631
1	0	e2c4	0	47	149744	2169.13	19511.7	70462.9	15176.9	20385.6	7337.57	3753.95	2477.88	8381.05	741676	0	1	1	0	0xd43f5e018b415631
1	0	e2c4	0	48	149206	2209.42	19570.4	70474.9	15166.8	19681.9	7331.02	3924.67	2399.26	8360.92	741149	0	1	1	0	0xd43f5e018b415631
1	0	e2c4	0	49	148205	2229.55	19582.3	70189.8	15165.7	19092.6	7380.03	3841.83	2494.51	8144.12	740104	0	2	1	0	0xd43f5e018b415631
2	0	e2c4	0	0	149153	2249.8	19737.9	70242	15155.1	19684.8	7485.61	3781.2	2394.42	8339.05	741002	0	3	1	0	0xd43f5e018b415631
2	0	e2c4	0	1	148203	2280.63	19526.3	70116	15259.5	19008.9	7455.24	4047.87	2486.8	7940.83	740204	0	0	1	0	0xd43f5e018b415631
2	0	e2c4	0	2	149998	2161.13	19731.9	70149.9	15157.1	20401.2	7513.36	3985.62	2468.3	8348.17	741928	0	1	1	0	0xd43f5e018b415631
2	0	e2c4	0	3	148913	2246.21	19587.6	70081.1	15115.1	19729.4	7553.36	3791.24	2384.13	8342.59	740839	0	1	1	0	0xd43f5e018b415631
2	0	e2c4	0	4	150750	2212.42	19957.1	70328.5	15280.5	20478.3	7440.86	3845.08	2623.26	8501.42	758514	0	3	1	0	0xd43f5e018b415631
2	0	e2c4	0	5	149459	2260.71	19904.4	70807.9	15187.1	19292	7341.02	3783.2	2406.09	8396.38	740898	0	6	1	0	0xd43f5e018b415631
2	0	e2c4	0	6	150401	2464.84	19727.6	70046.6	15392.1	20498	7626.12	3743.91	2433.43	8384.96	758105	0	11	1	0	0xd43f5e018b415631
2	0	e2c4	0	7	149066	2279.34	19763.2	70305.3	15184.6	19475.2	7363.32	3881.37	2405.3	8320.25	740982	0	1	1	0	0xd43f5e018b415631
2	0	e2c4	0	8	152146	2219.67	19664.2	72518.1	15249.2	20066.2	8026.66	3845.87	2395.51	8075.96	760028	0	2	1	0	0xd43f5e018b415631
2	0	e2c4	0	9	149949	2161.34	19603.5	70284.9	15207	20446.2	7512.86	3706.99	2455.43	8487.8	741891	0	1	1	0	0xd43f5e018b415631
2	0	e2c4	0	10	149307	2203.71	19796.5	70264.1	15268.6	19582.4	7365.44	3770.53	2412.59	8557.76	741309	0	0	1	0	0xd43f5e018b415631
2	0	e2c4	0	11	150353	2213.21	19801.9	70141.2	15271	20382.5	7438.02	4078.25	2445.43	8500.09	758315	0	1	1	0	0xd43f5e018b415631
2	0	e2c4	0	12	149356	2251.13	19819.2	70246.2	15289.3	19459.6	7611.28	3845.2	2458.22	8289.92	741154	0	3	1	0	0xd43f5e018b415631
2	0	e2c4	0	13	150523	2221.8	19989.6	70309.4	15213.1	20366.2	7436.24	4065.12	2454.88	8381.38	758029	0	10	1	0	0xd43f5e018b415631
2	0	e2c4	0	14	148587	2197.3	19600.6	70152	15180.2	19535.1	7306.57	3788.08	2408.01	8336.25	740590	0	0	1	0	0xd43f5e018b415631
2	0	e2c4	0	15	149788	2244.38	19736.9	70291.6	15257.1	20294.2	7398.82	3715.82	2446.43	8320.46	757793	0	0	1	0	0xd43f5e018b415631
2	0	e2c4	0	16	149601	2209.88	19678.4	70293.1	15183.1	20148.9	7396.69	3830.24	2405.01	8374.84	741478	0	1	1	0	0xd43f5e018b415631
2	0	e2c4	0	17	150538	2237	20242.2	70290.2	15215.5	20428.4	7267.64	3938.66	2443.01	8391.13	758484	0	1	1	0	0xd43f5e018b415631
2	0	e2c4	0	18	149309	2201.59	19611.1	70277.8	15160.9	19832.9	7470.32	3817.66	2399.51	8423.21	741064	0	4	1	0	0xd43f5e018b415631
2	0	e2c4	0	19	148243	2231.8	19665.9	70035.5	15198.4	19206.3	7373.98	3882.12	2489.8	8074.87	740001	0	6	1	0	0xd43f5e018b415631
2	0	e2c4	0	20	150137	2193.04	19653.6	70124.4	15439.9	20410.7	7675.91	3786.57	2440.05	8330.67	757924	0	8	1	0	0xd43f5e018b415631
2	0	e2c4	0	21	151867	2207.42	19657.2	71156.2	15194.4	20449	8353.67	3939.16	2462.39	8363.17	759807	0	1	1	0	0xd43f5e018b415631
2	0	e2c4	0	22	148960	2263.96	19565.2	70293.6	15177.5	19633.9	7289.15	3943.58	2390.72	8322.21	740760	0	2	1	0	0xd43f5e018b415631
2	0	e2c4	0	23	148263	2249.3	19722.6	70061	15237.1	19024.4	7421.23	3936.21	2482.22	8045.58	740271	0	0	1	0	0xd43f5e018b415631
2	0	e2c4	0	24	149798	2200.5	19615.5	69933	15200.3	20431.5	7486.11	4043.37	2439.47	8367.42	757729	0	1	1	0	0xd43f5e018b415631
2	0	e2c4	0	25	149335	2202.17	19645.7	70388.7	15133.9	19759.1	7488.49	3728.54	2403.72	8473.8	741114	0	4	1	0	0xd43f5e018b415631
2	0	e2c4	0	26	148504	2221.46	19564.2	70075.8	15271.2	19151.1	7446.44	3996.87	2444.84	8244.25	740464	0	1	1	0	0xd43f5e018b415631
2	0	e2c4	0	27	149973	2166.42	19911	70224.4	15217.2	20358.8	7441.74	3770.99	2393.21	8403.55	741749	0	6	1	0	0xd43f5e018b415631
2	0	e2c4	0	28	149139	2215.63	19807.2	70282.6	15215.1	19536.3	7474.81	3720.95	2389.8	8416	741136	0	0	1	0	0xd43f5e018b415631
2	0	e2c4	0	29	149772	2281.46	19602.6	70392.6	15176.9	20411.2	7257.15	3759.66	2424.76	8384.3	757711	0	1	1	0	0xd43f5e018b415631
2	0	e2c4	0	30	149354	2176.63	19637.2	70384	15227.1	19841.1	7420.07	3744.07	2449.26	8392.09	741298	0	1	1	0	0xd43f5e018b415631
2	0	e2c4	0	31	148506	2218.3	19776.7	70136.9	15255.9	19132.5	7439.44	3832.7	2422.76	8208.33	740512	0	0	1	0	0xd43f5e018b415631
2	0	e2c4	0	32	150228	2367.8	19677.6	70279.8	15250.7	20397.5	7492.66	3831.24	2441.8	8401.96	741964	0	3	1	0	0xd43f5e018b415631
2	0	e2c4	0	33	149325	2255.8	19760.9	70539	15202.3	19397.2	7430.28	3773.7	2402.96	8480.09	741035	0	6	1	0	0xd43f5e018b415631
2	0	e2c4	0	34	150178	2182.71	19803.7	70182.8	15252.6	20416.2	7412.07	3815.12	2505.76	8525.13	758031	0	7	1	0	0xd43f5e018b415631
2	0	e2c4	0	35	149379	2960.23	19824.1	70251.8	15217.8	19143.7	7388.65	3845.7	2469.46	8193.42	741252	0	2	1	0	0xd43f5e018b415631
2	0	e2c4	0	36	150022	2199.84	19643.4	70424.3	15261.3	20445.7	7550.74	3628.16	2448.34	8342.29	757965	0	1	1	0	0xd43f5e018b415631
2	0	e2c4	0	37	149266	2228.63	19642.4	70147.4	15176.5	19727.2	7604.78	3768.74	2438.71	8453.71	741212	0	1	1	0	0xd43f5e018b415631
2	0	e2c4	0	38	150110	2350.13	19764.9	69911.8	15202.3	20428.1	7647.07	3845.37	2459.42	8421.59	757969	0	2	1	0	0xd43f5e018b415631
2	0	e2c4	0	39	149407	2306.51	19769.8	70246.1	15151.9	19818.6	7464.32	3739.62	2385.22	8443.8	741214	0	4	1	0	0xd43f5e018b415631
2	0	e2c4	0	40	148390	2234.84	19681.5	70089.3	15211.7	19082.8	7462.45	3758.2	2492.46	8291.88	739997	0	8	1	0	0xd43f5e018b415631
2	0	e2c4	0	41	150014	2157.54	19636.9	70284.6	15250.2	20328.4	7509.19	3965.62	2418.63	8380.63	742019	0	0	1	0	0xd43f5e018b415631
2	0	e2c4	0	42	149003	2203.84	19719.2	70050.9	15187.8	19621.9	7500.36	3885.46	2402.76	8349.46	740943	0	1	1	0	0xd43f5e018b415631
2	0	e2c4	0	43	148195	2220.34	19618.9	70098.1	15155.6	19103.1	7312.85	3950.54	2476.51	8175.12	740174	0	1	1	0	0xd43f5e018b415631
2	0	e2c4	0	44	149528	2158.88	19569	70201	15254.9	20396.2	7326.03	3760.04	2432.68	8349.88	741524	0	0	1	0	0xd43f5e018b415631
2	0	e2c4	0	45	149383	2217.46	19760.7	70252.3	15186.3	19791.7	7231.02	4082.54	2448.13	8329.25	741232	0	3	1	0	0xd43f5e018b415631
2	0	e2c4	0	46	148531	2236.71	19738.4	70059.8	15448.7	19060.6	7587.82	3796.54	2439.01	8081.58	740279	0	6	1	0	0xd43f5e018b415631
2	0	e2c4	0	47	149816	2160.63	19675.9	70341.6	15199.7	20413.5	7454.4	3709.12	2432.92	8347.96	741630	0	7	1	0	0xd43f5e018b415631
2	0	e2c4	0	48	152445	2223.09	19644.7	70353.1	16259.8	21830.7	7408.44	3748.37	2404.8	8488.3	760321	0	2	1	0	0xd43f5e018b415631
2	0	e2c4	0	49	150944	2966.02	19662.7	70467.8	15215.7	20386.7	7650.66	3755.37	2437.05	8319	758827	0	2	1	0	0xd43f5e018b415631
3	0	control	0	0	163093	2166.59	19871.9	83832.1	15203.6	19351.7	7820.58	3859.37	2446.59	8456.13	802863	0	5	1	0	0xd43f5e018b415631
3	0	control	0	1	163189	2180.92	19545.4	84289.7	15299.4	19712.5	7328.61	3940.91	2388.59	8414.13	802882	0	6	1	0	0xd43f5e018b415631
3	0	control	0	2	163280	2367.26	19617.1	83893.8	15140.8	20039.4	7541.4	3796.99	2399.92	8398.13	819100	0	7	1	0	0xd43f5e018b415631
3	0	control	0	3	165682	2230.3	22305.2	83848.3	15328.5	19726	7498.57	3871.74	2461.84	8323.42	837556	0	2	1	0	0xd43f5e018b415631
3	0	control	0	4	163046	2307.01	19839.5	83918.1	15292.8	20018.9	7183.89	3775.2	2417.55	8205.17	802994	0	1	1	0	0xd43f5e018b415631
3	0	control	0	5	163260	2216.34	19734.1	83922.3	15253.3	19689.7	7511.24	3879.71	2385.3	8579.42	803271	0	0	1	0	0xd43f5e018b415631
3	0	control	0	6	163194	2205.13	19707.9	83946.6	15224	20000.2	7399.53	3756.29	2439.42	8430.42	818862	0	6	1	0	0xd43f5e018b415631
3	0	control	0	7	163466	2391.59	19678.6	84000.3	15169.3	20199.8	7280.52	3795.62	2385.8	8475.75	819200	0	4	1	0	0xd43f5e018b415631
3	0	control	0	8	163656	2468.93	19733	83841	15131.3	20202.9	7439.98	3841.29	2412.76	8500	819514	0	1	1	0	0xd43f5e018b415631
3	0	control	0	9	163898	2404.09	19628.6	83929.4	15151.8	20174.4	7446.06	4166	2390.38	8521.21	819697	0	6	1	0	0xd43f5e018b415631
3	0	control	0	10	163624	2218.25	19550.9	84255.4	15151.6	20233.7	7489.11	3808	2459.42	8372.42	819561	0	1	1	0	0xd43f5e018b415631
3	0	control	0	11	163767	2224.13	19619.6	83800.1	15164.6	20262	7434.61	4043.17	2434.72	8694.09	819705	0	1	1	0	0xd43f5e018b415631
3	0	control	0	12	163674	2427.8	19581.9	84077.3	15146.6	20215.2	7514.23	3863.99	2386.59	8371.25	819352	0	4	1	0	0xd43f5e018b415631
3	0	control	0	13	163555	2244.42	19707.6	83976.7	15111.3	20289.1	7262.02	4003.54	2474.09	8399.96	819300	0	6	1	0	0xd43f5e018b415631
3	0	control	0	14	162971	2224.17	19565.4	84064.8	15162.3	19670.9	7424.31	3855.41	2426.01	8489.92	818833	0	2	1	0	0xd43f5e018b415631
3	0	control	0	15	166735	2317.51	19684	86673.2	15155.4	20127.4	7590.95	4000.91	2456.17	8644.17	822509	0	8	1	0	0xd43f5e018b415631
3	0	control	0	16	163074	2180	19647.6	84015.6	15273.3	19716.1	7473.02	3819.16	2404.84	8459.25	802981	0	0	1	0	0xd43f5e018b415631
3	0	control	0	17	163725	2273	19571.2	83999.8	15182.8	20331.8	7636.78	3763.49	2387.38	8492.92	819731	0	0	1	0	0xd43f5e018b415631
3	0	control	0	18	163598	2254.71	19765.6	84135.2	15188.5	20077.4	7436.86	3859.62	2396.05	8396.92	819470	0	2	1	0	0xd43f5e018b415631
3	0	control	0	19	163262	2247.34	19741.9	84144.4	15171.9	20062.5	7318.52	3680.57	2397.34	8411.55	819211	0	1	1	0	0xd43f5e018b415631
3	0	control	0	20	163710	2281.3	19572.6	84185.2	15112.7	20205.4	7451.36	3893.91	2397.92	8525.3	819605	0	2	1	0	0xd43f5e018b415631
3	0	control	0	21	164001	2352.67	19512	84212.5	15154.4	20274	7436.78	4189.29	2395.46	8387.54	819809	0	7	1	0	0xd43f5e018b415631
3	0	control	0	22	164602	2307.3	19679	85082.1	15253.2	19753.9	7724.53	3873.58	2428.17	8412.96	819416	0	2	1	0	0xd43f5e018b415631
3	0	control	0	23	163187	2241.21	19712.4	84062.1	15216.6	20000.4	7303.48	3825.08	2385.63	8353.17	818949	0	2	1	0	0xd43f5e018b415631
3	0	control	0	24	163289	2203.84	19772.3	83897.2	15134	20181.1	7303.56	3799.49	2407.72	8501.13	819110	0	3	1	0	0xd43f5e018b415631
3	0	control	0	25	163936	2213.21	19516.4	84271.6	15208	20377.8	7382.85	3808.12	2445.21	8625.38	819866	0	1	1	0	0xd43f5e018b415631
3	0	control	0	26	164105	2263.3	19655.4	84438.9	15197.8	20223.8	7565.9	3924.62	2388.8	8361.46	819811	0	6	1	0	0xd43f5e018b415631
3	0	control	0	27	164979	2341.09	19607.3	84128	15156.3	21053.3	8145.2	3998.58	2388.25	8074.25	820768	0	7	1	0	0xd43f5e018b415631
3	0	control	0	28	163249	2184.71	19566.2	84044.4	15240.6	19787.1	7295.02	4061.5	2437.34	8549.42	803097	0	3	1	0	0xd43f5e018b415631
3	0	control	0	29	162977	2250.55	19671.6	83963.2	15166.1	19972.6	7335.65	3759.03	2402.21	8372.04	818978	0	0	1	0	0xd43f5e018b415631
3	0	control	0	30	163363	2233.54	19438.8	84130.5	15145.1	20229.8	7359.11	3896.12	2401.3	8440.38	819302	0	1	1	0	0xd43f5e018b415631
3	0	control	0	31	163570	2339.67	19731.4	84069.9	15087.4	20286.6	7293.81	3873.7	2426.71	8371.17	819273	0	4	1	0	0xd43f5e018b415631
3	0	control	0	32	163006	2235.67	19502	83990.6	15160.7	19678.5	7329.61	4047.87	2440.34	8533.71	818744	0	3	1	0	0xd43f5e018b415631
3	0	control	0	33	163386	2405.88	19680.6	84087	15246.3	19783.4	7375.57	3846.33	2483.72	8389.33	819380	0	0	1	0	0xd43f5e018b415631
3	0	control	0	34	163292	2167.46	19615.4	84304.1	15238.4	19946.2	7409.03	3741.37	2425.46	8358.25	819121	0	7	1	0	0xd43f5e018b415631
3	0	control	0	35	163080	2180.13	19725.9	84282.8	15256.4	19659.4	7297.14	3700.12	2428.96	8463.59	802973	0	2	1	0	0xd43f5e018b415631
3	0	control	0	36	163106	2189.59	19688.1	84083.7	15166.6	19982.3	7371.73	3767.83	2421.67	8347.79	819076	0	1	1	0	0xd43f5e018b415631
3	0	control	0	37	163545	2201.63	19572.4	84201	15232.1	20197.7	7435.86	3889.04	2391.13	8340.21	819406	0	2	1	0	0xd43f5e018b415631
3	0	control	0	38	163735	2217.96	19498.8	84137.1	15167.6	20276.1	7516.28	3884.49	2444.63	8504.88	819430	0	7	1	0	0xd43f5e018b415631
3	0	control	0	39	163706	2203.42	19528.8	84266.1	15153.8	20273.8	7482.73	3932.83	2395.17	8381.83	819593	0	2	1	0	0xd43f5e018b415631
3	0	control	0	40	167456	2224.42	19844.6	87387.3	15163.7	20242.4	7367.65	4180.79	2508.72	8443.96	839250	0	7	1	0	0xd43f5e018b415631
3	0	control	0	41	162711	2209.42	19694.7	84018.4	15155.5	19663.6	7258.15	3886.45	2424.3	8313.83	818713	0	0	1	0	0xd43f5e018b415631
3	0	control	0	42	163736	2163.13	20208.6	83943.4	15210.3	19723.5	7517.03	3952.62	2521.89	8409.79	819480	0	3	1	0	0xd43f5e018b415631
3	0	control	0	43	162893	2270.88	19719.8	83814.2	15174.5	19980.7	7368.27	3821.91	2482.88	8168.91	802686	0	3	1	0	0xd43f5e018b415631
3	0	control	0	44	163015	2249	19652.1	83856.3	15262.9	19755.5	7523.12	3877.2	2388.26	8368.58	802961	0	1	1	0	0xd43f5e018b415631
3	0	control	0	45	163418	2227.09	19642.1	84162.1	15288.9	20079	7302.61	3776.66	2390.22	8461.46	819364	0	1	1	0	0xd43f5e018b415631
3	0	control	0	46	163900	2275.5	19756.3	84283.3	15147.6	20139.1	7353.15	4103.21	2380.88	8376.58	819763	0	6	1	0	0xd43f5e018b415631
3	0	control	0	47	163763	2245.67	19640.4	84194.9	15339.6	20125.8	7424.65	3854.29	2391.3	8460.09	819701	0	1	1	0	0xd43f5e018b415631
3	0	control	0	48	163924	2339.17	19759.7	84118.3	15190.3	20086.7	7444.1	3983.91	2394.76	8521.17	819787	0	2	1	0	0xd43f5e018b415631
3	0	control	0	49	163387	2394.51	19778.7	83728.1	15142.2	20118.2	7572.57	3774.99	2390.67	8401.71	819259	0	2	1	0	0xd43f5e018b415631
4	1	control	0	0	163544	2239.21	19718.8	83972.7	15121.1	20237.5	7445.86	3755.78	2536.34	8424.71	819547	0	0	1	0	0xd43f5e018b415631
4	1	control	0	1	163774	2184.29	19643.4	84286.3	15090.8	20329.8	7388.48	3951.91	2405.63	8404.42	819574	0	7	1	0	0xd43f5e018b415631
4	1	control	0	2	162783	2229.8	19727.9	83925.8	15198.3	19525	7150.1	3945.25	2437.01	8554.3	818677	0	2	1	0	0xd43f5e018b415631
4	1	control	0	3	162744	2188.59	19625.8	84008	15280.6	19852.1	7209.27	3836.58	2436.76	8213.58	802591	0	5	1	0	0xd43f5e018b415631
4	1	control	0	4	163141	2155.13	19572.3	83897.5	15271.2	19651.2	7744.36	3977.74	2402.75	8375.13	803021	0	2	1	0	0xd43f5e018b415631
4	1	control	0	5	163318	2268.96	19575.9	83968.8	15218.7	19939.8	7652.61	3837.66	2372.09	8394.58	819015	0	7	1	0	0xd43f5e018b415631
4	1	control	0	6	163589	2240.38	19810.3	83946.9	15205.8	20019.4	7666.4	3829.49	2399.05	8382.04	819532	0	1	1	0	0xd43f5e018b415631
4	1	control	0	7	166417	2257.05	22541.4	84243.4	15345.8	19563.7	7443.11	3864.58	2424.34	8637.59	838197	0	8	1	0	0xd43f5e018b415631
4	1	control	0	8	163447	2154.5	19643.1	83963.9	15236.9	19645.3	7586.19	4209.63	2498.42	8412.75	819445	0	0	1	0	0xd43f5e018b415631
4	1	control	0	9	163981	3378.28	19662.7	84040.2	15127.3	19585.7	7355.6	3866.78	2449.09	8419.75	819815	0	3	1	0	0xd43f5e018b415631
4	1	control	0	10	163497	2297.25	19777.8	84129.3	15175.6	19660.9	7404.19	4037.71	2500.05	8418.71	819249	0	4	1	0	0xd43f5e018b415631
4	1	control	0	11	162375	2174.34	19757.8	83829.8	15234.4	19512.8	7296.39	3681.03	2426.84	8368.5	802328	0	1	1	0	0xd43f5e018b415631
4	1	control	0	12	163263	2291.71	19755.4	83984	15157.7	20025.3	7253.27	3870.87	2395.63	8438.46	819146	0	2	1	0	0xd43f5e018b415631
4	1	control	0	13	163584	2243.96	19639.9	84270.3	15166.7	20114.4	7450.85	3738.2	2406.3	8460.75	819586	0	0	1	0	0xd43f5e018b415631
4	1	control	0	14	164176	2941.89	19785.1	84077.2	15187.3	19872.9	7355.23	3947.08	2396.3	8522.84	819579	0	8	1	0	0xd43f5e018b415631
4	1	control	0	15	163185	2310.55	19771.3	84030.9	15168.7	20024.4	7262.69	3769.16	2408.13	8347.96	819111	0	1	1	0	0xd43f5e018b415631
4	1	control	0	16	163482	2238.88	19791.5	84080.8	15147.2	20091.9	7397.61	3787.24	2426.76	8426.17	819291	0	3	1	0	0xd43f5e018b415631
4	1	control	0	17	164300	2238.09	19685.6	84531.9	15116.1	20229.6	7471.28	4007.62	2423.43	8501.46	820110	0	5	1	0	0xd43f5e018b415631
4	1	control	0	18	163372	2355.09	19665.8	83852.3	15163.3	20125	7325.4	3952.79	2377.46	8429.04	819292	0	1	1	0	0xd43f5e018b415631
4	1	control	0	19	165656	2285.63	19644.2	86686	15191.5	19852.4	7416.27	3795.49	2450.34	8243.79	821444	0	2	1	0	0xd43f5e018b415631
4	1	control	0	20	168717	2174	19987.5	84792.9	15243.8	24065.1	7543.44	3809.53	2392.63	8612.25	835340	0	11	1	0	0xd43f5e018b415631
4	1	control	0	21	171911	2180.09	19903	92459.3	15259.8	19652.2	7465.1	4027.66	2493.26	8374.83	850113	0	22	1	0	0xd43f5e018b415631
4	1	control	0	22	164776	2168	20010.9	84491.5	15128.5	20421.9	7594.61	3945.91	2508.05	8414.67	820247	0	6	1	0	0xd43f5e018b415631
4	1	control	0	23	164056	2394.01	19750.6	84259.1	15129.6	20250	7404.56	3860	2372.21	8544.96	819688	0	4	1	0	0xd43f5e018b415631
4	1	control	0	24	163807	2275.88	19701.5	83847.7	15153.6	20188.3	7541.73	3888.28	2391.34	8723.55	819808	0	0	1	0	0xd43f5e018b415631
4	1	control	0	25	162388	2214.59	19579	83804	15162	19587.3	7405.9	3771.7	2432.55	8340.29	818396	0	0	1	0	0xd43f5e018b415631
4	1	control	0	26	162763	2228.88	19552.9	84071.1	15210.3	19386.4	7404.19	3900.83	2449.51	8469.38	802520	0	8	1	0	0xd43f5e018b415631
4	1	control	0	27	163087	2172.79	19645.7	83852.7	15269.6	19763.4	7539.07	3883.45	2455.01	8417.42	803029	0	1	1	0	0xd43f5e018b415631
4	1	control	0	28	163520	2228.46	19514.3	83993.1	15177.6	20066.8	7745.03	3885.29	2398.55	8417.08	819294	0	4	1	0	0xd43f5e018b415631
4	1	control	0	29	163197	2215.13	19688.1	83844.6	15142.3	20159	7341.57	3819.7	2393.55	8506.13	818969	0	6	1	0	0xd43f5e018b415631
4	1	control	0	30	163571	2268.3	19562.8	84112.4	15175.3	20183.1	7502.86	3867.41	2401.92	8403.62	819497	0	1	1	0	0xd43f5e018b415631
4	1	control	0	31	165621	2401.59	19608.8	84598.9	15538.7	21109.8	7295.48	4046	2666.55	8264.25	821240	0	4	1	0	0xd43f5e018b415631
4	1	control	0	32	162964	2314.38	19630.3	83800	15356.9	19729.3	7322.02	3856.54	2408.88	8450.96	802665	0	7	1	0	0xd43f5e018b415631
4	1	control	0	33	163245	2196.96	19719.5	84100.8	15162.2	20082.6	7436.81	3713.45	2392.59	8351.75	818903	0	5	1	0	0xd43f5e018b415631
4	1	control	0	34	163657	2219.17	19732.6	84178.5	15166.6	20184.4	7329.69	3926.03	2420.55	8409.75	819416	0	4	1	0	0xd43f5e018b415631
4	1	control	0	35	163756	2278.38	19764.4	84107.9	15107.3	20164.9	7560.36	3815.07	2382.72	8467.58	819698	0	1	1	0	0xd43f5e018b415631
4	1	control	0	36	163902	2356.76	19768.6	84102.1	15132.7	20148.9	7459.61	3944.91	2407.46	8492.71	819845	0	1	1	0	0xd43f5e018b415631
4	1	control	0	37	163511	2232.71	19576.1	84098	15146.9	20225	7539.61	3796.08	2398.8	8406.67	819438	0	1	1	0	0xd43f5e018b415631
4	1	control	0	38	163580	2210.63	19693.4	84030.8	15185.1	20267.4	7248.48	3926.08	2440.21	8487.88	819457	0	1	1	0	0xd43f5e018b415631
4	1	control	0	39	163899	2360.05	19677	84034.1	15179.8	20223.5	7468.73	3968.54	2425.63	8469.54	819644	0	8	1	0	0xd43f5e018b415631
4	1	control	0	40	163753	2196.59	19764.8	84066.1	15193.4	20264.4	7345.77	3972.25	2441.34	8420.38	819636	0	2	1	0	0xd43f5e018b415631
4	1	control	0	41	163879	2218.8	19800.6	83995.3	15193.1	20189.1	7500.4	4118.87	2400.51	8369.37	819883	0	0	1	0	0xd43f5e018b415631
4	1	control	0	42	162731	2196.54	19685.2	84162.5	15147.3	19471.1	7224.31	3901.87	2438.84	8411.62	818455	0	6	1	0	0xd43f5e018b415631
4	1	control	0	43	163312	2146	19768.1	84138	15226.1	19742.7	7434.65	3809.49	2493.97	8459.67	819088	0	4	1	0	0xd43f5e018b415631
4	1	control	0	44	166422	2225.09	19683.8	86518.4	15368.6	19872.1	7557.94	4274.96	2460.67	8365.04	821678	0	5	1	0	0xd43f5e018b415631
4	1	control	0	45	163430	2231.54	19683.6	84390.9	15199.9	19997.9	7266.19	3822.24	2390.38	8352.58	819267	0	6	1	0	0xd43f5e018b415631
4	1	control	0	46	163568	2200.59	19708.1	84006.5	15136	20162.7	7417.06	4035.21	2438.63	8375.29	819379	0	3	1	0	0xd43f5e018b415631
4	1	control	0	47	164046	2387.13	19914.1	84105	15181.8	20102.1	7462.32	3864.62	2408.38	8527.63	819699	0	3	1	0	0xd43f5e018b415631
4	1	control	0	48	163835	2344.84	19957.2	84108	15226.1	19990.6	7406.98	3684.12	2473.26	8556.55	819715	0	2	1	0	0xd43f5e018b415631
4	1	control	0	49	163444	2236.38	19657	84018.8	15172.3	20106.6	7465.98	3891.95	2384.17	8419	819388	0	1	1	0	0xd43f5e018b415631
5	1	e2c4	0	0	150493	2275.55	19543.7	70282.1	15248.1	20452.7	7594.95	4056.71	2523.01	8432.17	758130	0	11	1	0	0xd43f5e018b415631
5	1	e2c4	0	1	149187	2280.84	19709.7	70322.4	15176.6	19618.2	7378.48	3892.58	2386.63	8308.04	740846	0	6	1	0	0xd43f5e018b415631
5	1	e2c4	0	2	148145	2212.38	19452.7	69970.7	15250.4	19086.4	7367.35	3998.41	2531.76	8183.66	740094	0	1	1	0	0xd43f5e018b415631
5	1	e2c4	0	3	150089	2203.54	19492.2	70399.5	15223.3	20425.4	7409.77	3918.83	2436.8	8493.79	741873	0	1	1	0	0xd43f5e018b415631
5	1	e2c4	0	4	148803	2212.84	19518.3	70121.3	15109.8	19779.2	7350.98	3809.41	2463.72	8346.42	740804	0	0	1	0	0xd43f5e018b415631
5	1	e2c4	0	5	148480	2206.13	19532.4	70008.5	15148.8	19404.1	7450.27	3805.45	2420.46	8414.92	740486	0	0	1	0	0xd43f5e018b415631
5	1	e2c4	0	6	149890	2230.71	19600.7	70172.3	15191.7	20408.4	7662.07	3727.61	2446.22	8361.25	741821	0	1	1	0	0xd43f5e018b415631
5	1	e2c4	0	7	149301	2226.96	19477	70651.4	15201.5	19766.8	7341.56	3752.62	2391.38	8399.21	741078	0	8	1	0	0xd43f5e018b415631
5	1	e2c4	0	8	150251	2239.29	19722.2	70236.9	15227.3	20354.7	7630.32	3925.12	2436.01	8389.92	757973	0	5	1	0	0xd43f5e018b415631
5	1	e2c4	0	9	149491	2335.96	19683.2	70220.4	15155.1	19729.8	7478.93	3744.53	2390.09	8663.13	741490	0	0	1	0	0xd43f5e018b415631
5	1	e2c4	0	10	150333	2449.34	20007.1	70178.6	15165	20389.9	7506.11	3792.83	2389.5	8362.62	758123	0	5	1	0	0xd43f5e018b415631
5	1	e2c4	0	11	148894	2312.17	19479.6	70290.7	15141.5	19854.6	7288.69	3666.74	2390.21	8382.17	740843	0	1	1	0	0xd43f5e018b415631
5	1	e2c4	0	12	151578	2271.92	20552.2	70681.9	15112.8	20757	7228.31	3767.16	2777.39	8338.83	759390	0	3	1	0	0xd43f5e018b415631
5	1	e2c4	0	13	148596	2238.75	19549.5	70183.8	15167.2	19421.4	7469.27	3818.49	2388.8	8268.75	740598	0	0	1	0	0xd43f5e018b415631
5	1	e2c4	0	14	149832	2157.88	19499.1	70104.8	15251	20385.7	7706.82	3764.28	2419.67	8448.21	741415	0	8	1	0	0xd43f5e018b415631
5	1	e2c4	0	15	149051	2269.3	19643.2	70137.1	15146.3	19754.3	7339.4	3920.83	2379.84	8369	740852	0	3	1	0	0xd43f5e018b415631
5	1	e2c4	0	16	150316	2393.01	19525.1	70329	15204.6	20347.2	7480.02	4147.92	2442.96	8359.79	758022	0	3	1	0	0xd43f5e018b415631
5	1	e2c4	0	17	149181	2256.92	19897.6	70151.6	15170.9	19752.9	7340.4	3744.58	2440.55	8336.5	741191	0	0	1	0	0xd43f5e018b415631
5	1	e2c4	0	18	148506	2207.09	19678.3	70198.1	15267.3	19221.3	7210.77	3941.74	2385.42	8307.17	740166	0	1	1	0	0xd43f5e018b415631
5	1	e2c4	0	19	150634	2265.92	19604.8	70753.6	15297.8	20226.1	7664.2	3798.03	2487.17	8443.96	758069	0	4	1	0	0xd43f5e018b415631
5	1	e2c4	0	20	149222	2328.05	19598.7	70575.7	15355.4	19334.9	7596.56	3804.45	2433.42	8108.62	740812	0	10	1	0	0xd43f5e018b415631
5	1	e2c4	0	21	149784	2256.21	19531.4	70126.8	15286.3	20345.6	7600.99	3810.58	2439.59	8294.5	741637	0	3	1	0	0xd43f5e018b415631
5	1	e2c4	0	22	149070	2248.38	19785.3	70069.9	15161.3	19810.2	7250.73	3828.78	2377.38	8417.83	741008	0	1	1	0	0xd43f5e018b415631
5	1	e2c4	0	23	148474	2267.3	19765.2	70263	15260.8	18932	7465.14	3843.16	2510.3	8076.03	740279	0	5	1	0	0xd43f5e018b415631
5	1	e2c4	0	24	150056	2155.75	19517.1	70359.7	15273.6	20373.6	7539.02	3949.25	2424.72	8371.5	742002	0	1	1	0	0xd43f5e018b415631
5	1	e2c4	0	25	152098	2249.96	19671.8	70230.1	16579.2	21102.2	7631.69	3768.41	2397.55	8376.12	759918	0	3	1	0	0xd43f5e018b415631
5	1	e2c4	0	26	148833	2382.96	19440.9	70160.6	15183.2	19572.7	7393.64	3892.37	2397.3	8321.67	740841	0	0	1	0	0xd43f5e018b415631
5	1	e2c4	0	27	148541	2195.75	19586.9	70451.3	15218.6	18957.7	7419.56	3837.87	2466.88	8317.62	756409	0	6	1	0	0xd43f5e018b415631
5	1	e2c4	0	28	149726	2158.92	19533.9	70374.6	15173.8	20299.6	7531.36	3826.87	2379.88	8356.92	741496	0	4	1	0	0xd43f5e018b415631
5	1	e2c4	0	29	149157	2288.09	19695.6	70400.2	15196	19482.5	7258.14	3953.37	2401	8390.12	740875	0	3	1	0	0xd43f5e018b415631
5	1	e2c4	0	30	150204	2231.71	19676.4	70240	15176.4	20431.7	7696.99	3722.11	2430.92	8511.79	758153	0	1	1	0	0xd43f5e018b415631
5	1	e2c4	0	31	148931	2207.96	19498.3	70314.4	15157	19711.6	7463.44	3786.99	2391.92	8307.25	740938	0	0	1	0	0xd43f5e018b415631
5	1	e2c4	0	32	148514	2249.59	19594.4	70124.6	15211	19160.9	7652.36	3853.95	2460.09	8117.12	740449	0	1	1	0	0xd43f5e018b415631
5	1	e2c4	0	33	149793	2237.34	19505.6	70270.5	15255.6	20465.5	7357.06	3809.91	2429.88	8369.83	741732	0	1	1	0	0xd43f5e018b415631
5	1	e2c4	0	34	149280	2212.79	19525.4	70363	15164	19741.7	7694.11	3757.28	2383.38	8348.37	741054	0	8	1	0	0xd43f5e018b415631
5	1	e2c4	0	35	148428	2254.46	19566.5	70412.3	15234	19002.8	7460.6	3851.95	2480.05	8076.74	740332	0	2	1	0	0xd43f5e018b415631
5	1	e2c4	0	36	149973	2160.88	19504.8	70261	15193.4	20389.2	7653.44	3861.08	2439.8	8422.71	741980	0	0	1	0	0xd43f5e018b415631
5	1	e2c4	0	37	151003	3022.52	19658.8	70396.2	15275.3	20368.5	7564.94	3760.45	2471.63	8393.62	758809	0	5	1	0	0xd43f5e018b415631
5	1	e2c4	0	38	149837	2158.58	19667.5	70262.7	15187.2	19807.8	7817.49	3999.66	2395.46	8449.54	741662	0	3	1	0	0xd43f5e018b415631
5	1	e2c4	0	39	151772	2207.09	22396.2	70315.2	15175.8	19693.7	7325.19	3803.83	2389.17	8375.33	759776	0	0	1	0	0xd43f5e018b415631
5	1	e2c4	0	40	148235	2229.79	19605.6	70125.2	15178.5	19176.1	7359.77	3755.62	2441.8	8273.83	740237	0	0	1	0	0xd43f5e018b415631
5	1	e2c4	0	41	149909	2176.46	20081.7	69918.2	15206.9	20426.8	7536.36	3749.41	2392.42	8332.12	741669	0	8	1	0	0xd43f5e018b415631
5	1	e2c4	0	42	149511	2214	19913.9	70247	15168.5	19620.6	7576.82	3893.83	2427.42	8361.21	741102	0	5	1	0	0xd43f5e018b415631
5	1	e2c4	0	43	150039	2246.88	19568.3	70294.7	15218.8	20416.7	7368.65	3880.07	2465.51	8489.08	757869	0	3	1	0	0xd43f5e018b415631
5	1	e2c4	0	44	148685	2226.63	19534.1	70030.1	15142.6	19935.8	7227.06	3701.61	2388.42	8412.25	740688	0	0	1	0	0xd43f5e018b415631
5	1	e2c4	0	45	148495	2206.04	19577.8	70149.5	15176.5	19518.5	7309.27	3767.37	2385.13	8317.5	740500	0	0	1	0	0xd43f5e018b415631
5	1	e2c4	0	46	150151	2196.88	19562.7	70356.5	15207.1	20363.7	7542.48	3953.12	2441.09	8441.62	758087	0	1	1	0	0xd43f5e018b415631
5	1	e2c4	0	47	149052	2239.17	19742.4	70267.4	15169.5	19709.6	7361.31	3785.53	2379.21	8308.16	740996	0	1	1	0	0xd43f5e018b415631
5	1	e2c4	0	48	148519	2322.92	19638.1	69997.6	15245.1	19040.8	7676.44	3912.49	2480.47	8114.49	740204	0	8	1	0	0xd43f5e018b415631
5	1	e2c4	0	49	149538	2176.21	19523.6	70153.8	15149.3	20371.5	7443.32	3845.41	2435.59	8348.33	757477	0	1	1	0	0xd43f5e018b415631
6	1	e2c4	0	0	149018	2198.21	19584.5	70412.9	15136.3	19625.4	7434.35	3826.66	2390.63	8327.12	741018	0	0	1	0	0xd43f5e018b415631
6	1	e2c4	0	1	148201	2237.5	19466.3	70054.5	15196.7	19259.3	7420.02	3806.78	2380.63	8296.95	740147	0	1	1	0	0xd43f5e018b415631
6	1	e2c4	0	2	149991	2160.79	19703.8	70217.4	15206.8	20406.9	7620.19	3756.41	2437.88	8399.5	741937	0	1	1	0	0xd43f5e018b415631
6	1	e2c4	0	3	149093	2248.71	19523.6	70375.8	15377.9	19730.8	7210.31	3779.83	2401.05	8361.46	740745	0	11	1	0	0xd43f5e018b415631
6	1	e2c4	0	4	148254	2201.71	19575.6	70064	15234	19111.8	7462.61	3823.7	2457.76	8242.54	740161	0	1	1	0	0xd43f5e018b415631
6	1	e2c4	0	5	148576	2249.5	19514.3	69941.8	15267.3	18983.2	7777.07	3847.08	2521.38	8389.04	756389	0	5	1	0	0xd43f5e018b415631
6	1	e2c4	0	6	149468	2154.08	19448.1	70116	15277.3	20360.7	7299.76	3910.62	2434.51	8385.37	741417	0	1	1	0	0xd43f5e018b415631
6	1	e2c4	0	7	149147	2274.09	19350.1	70394.9	15203.9	20027	7241.47	3871.49	2380.25	8317.16	741093	0	1	1	0	0xd43f5e018b415631
6	1	e2c4	0	8	151763	2187.67	19611.1	72512	15164	19572	7670.53	4205	2399.79	8356.5	759705	0	1	1	0	0xd43f5e018b415631
6	1	e2c4	0	9	149731	2208.79	19614.3	70168	15286.3	20293.7	7385.23	3743.03	2519.55	8430.08	757670	0	1	1	0	0xd43f5e018b415631
6	1	e2c4	0	10	149611	2162.83	19699.4	70700	15171.1	19819.3	7383.85	3721.86	2401.75	8466.54	741162	0	12	1	0	0xd43f5e018b415631
6	1	e2c4	0	11	148883	2223.96	19431.4	70380.5	15392	19150.7	7415.77	3835.4	2461.17	8508.08	756551	0	4	1	0	0xd43f5e018b415631
6	1	e2c4	0	12	149374	2158.5	19577	70115.9	15191.7	20334.8	7396.73	3705.07	2429.63	8381.79	741383	0	0	1	0	0xd43f5e018b415631
6	1	e2c4	0	13	149284	2199.04	19601.6	70379.1	15153.6	19785.6	7409.1	3939.12	2399.92	8336.7	741285	0	0	1	0	0xd43f5e018b415631
6	1	e2c4	0	14	148336	2223.79	19618.1	70191	15172.6	18975.5	7528.61	3855.7	2487.13	8201.08	756308	0	1	1	0	0xd43f5e018b415631
6	1	e2c4	0	15	149436	2158.46	19479.3	70032.2	15209.1	20391.6	7353.39	3905.28	2430.55	8391.58	741378	0	1	1	0	0xd43f5e018b415631
6	1	e2c4	0	16	149228	2217	19620.3	70231.9	15159.9	19858.1	7320.48	3953.41	2436.92	8344	741122	0	2	1	0	0xd43f5e018b415631
6	1	e2c4	0	17	148463	2234.84	19658.9	70174.1	15193.3	19147.4	7237.14	3970.37	2419.13	8343	740249	0	7	1	0	0xd43f5e018b415631
6	1	e2c4	0	18	150268	2312.63	19534.3	70026.2	15206.2	20270.6	7715.73	4050.58	2615.26	8455.5	758077	0	2	1	0	0xd43f5e018b415631
6	1	e2c4	0	19	149032	2208.59	19824.4	70271.1	15173.2	19568.4	7248.39	3835.95	2425.84	8394.16	740839	0	5	1	0	0xd43f5e018b415631
6	1	e2c4	0	20	150555	2227.59	19777	70329.3	15214.9	20260.9	7469.44	4011.79	2444.05	8740.38	758397	0	3	1	0	0xd43f5e018b415631
6	1	e2c4	0	21	152301	2427.13	19762.8	72738	15142.8	19706.8	7701.03	4019.91	2393.01	8328.25	760205	0	1	1	0	0xd43f5e018b415631
6	1	e2c4	0	22	148993	2217.42	19882.6	70517.3	15198.6	19243.4	7317.31	3774.99	2460.01	8301.75	740998	0	0	1	0	0xd43f5e018b415631
6	1	e2c4	0	23	150023	2169.42	19606.8	70299.8	15170.1	20383.5	7822.45	3669.99	2441.05	8373.87	741955	0	2	1	0	0xd43f5e018b415631
6	1	e2c4	0	24	149351	2208.5	19739.2	70404	15135.5	19535	7583.19	3857.12	2389.63	8418.75	741108	0	8	1	0	0xd43f5e018b415631
6	1	e2c4	0	25	150426	2353.26	19581.8	70721.7	15147.5	20325.6	7500.52	3763.16	2489.55	8458.5	757930	0	2	1	0	0xd43f5e018b415631
6	1	e2c4	0	26	148915	2217.96	19566.4	70279.8	15181.8	19594.1	7411.65	3784.7	2384.67	8408.83	740870	0	1	1	0	0xd43f5e018b415631
6	1	e2c4	0	27	148116	2247.79	19447.1	69955.2	15194.6	19011.9	7448.15	3938.41	2528.8	8259.7	740122	0	0	1	0	0xd43f5e018b415631
6	1	e2c4	0	28	149802	2194.17	19459.6	70336.3	15216.9	20310.9	7594.82	3807.32	2439.76	8360.54	757732	0	1	1	0	0xd43f5e018b415631
6	1	e2c4	0	29	149605	3114.98	19654.5	70207	15200.4	19434.6	7392.31	3745.07	2401.8	8374.54	741541	0	1	1	0	0xd43f5e018b415631
6	1	e2c4	0	30	148136	2231.88	19501.6	70369.5	15267	18904.2	7445.19	3808.53	2459.51	8065.66	739958	0	3	1	0	0xd43f5e018b415631
6	1	e2c4	0	31	150082	2155.17	19571.7	70462	15321.7	20310.5	7526.73	3709.49	2453.84	8488.12	741831	0	8	1	0	0xd43f5e018b415631
6	1	e2c4	0	32	149341	2268.96	20018.7	70283.6	15190.4	19416.4	7375.94	3974.29	2397.17	8333.29	741147	0	5	1	0	0xd43f5e018b415631
6	1	e2c4	0	33	149768	2211.75	19611.7	70246.9	15191.5	20338.4	7365.98	3845.7	2460.84	8415.79	757705	0	1	1	0	0xd43f5e018b415631
6	1	e2c4	0	34	149071	2194.71	19452.4	69941.9	15252.5	19899.2	7634.4	3692.11	2452.13	8465.67	740899	0	3	1	0	0xd43f5e018b415631
6	1	e2c4	0	35	152037	2228.21	19678.4	72913.1	15198.5	19713.1	7674.73	3769.24	2393.92	8382.83	760040	0	0	1	0	0xd43f5e018b415631
6	1	e2c4	0	36	148433	2223.63	19696.6	70168.9	15233.2	19126.8	7323.85	3837.07	2445.42	8295.66	740304	0	2	1	0	0xd43f5e018b415631
6	1	e2c4	0	37	150020	2180.71	19623.2	70188.8	15175.5	20418.9	7776.19	3677.44	2498.13	8401	741749	0	3	1	0	0xd43f5e018b415631
6	1	e2c4	0	38	149496	2198.17	19588.4	70776.5	15139.1	19537	7469.94	3736.07	2433.3	8535.79	741105	0	9	1	0	0xd43f5e018b415631
6	1	e2c4	0	39	149553	2179.67	19626.8	70247.3	15196.9	20322.7	7322.27	3811.62	2437.5	8325.58	757492	0	1	1	0	0xd43f5e018b415631
6	1	e2c4	0	40	149464	2162.08	19446.5	70420	15141.9	19880.9	7464.35	4018.95	2427.25	8418.75	741420	0	1	1	0	0xd43f5e018b415631
6	1	e2c4	0	41	148317	2212.21	19551.8	70218.1	15231.7	18988.5	7503.02	3893.87	2478.34	8155.2	740162	0	2	1	0	0xd43f5e018b415631
6	1	e2c4	0	42	149669	2173.67	19459.7	70255	15223.3	20281.8	7604.15	3753.03	2439.59	8394.25	741604	0	1	1	0	0xd43f5e018b415631
6	1	e2c4	0	43	149195	2216.67	19539	70352	15160.6	19807.4	7320.1	3787.16	2478.09	8448.08	741082	0	2	1	0	0xd43f5e018b415631
6	1	e2c4	0	44	148623	2419.42	19452.9	70208.7	15241.5	18984.4	7396.48	4047.58	2623.22	8168.7	740409	0	8	1	0	0xd43f5e018b415631
6	1	e2c4	0	45	149884	2148.21	19555.5	70174.7	15176.8	20295.4	7729.69	3823.82	2493.67	8403.46	741886	0	0	1	0	0xd43f5e018b415631
6	1	e2c4	0	46	149617	2196.84	19520	70457.7	15139.3	19913.7	7567.69	3793.87	2394.96	8552	741418	0	5	1	0	0xd43f5e018b415631
6	1	e2c4	0	47	149890	2201.04	19548.7	70103.9	15185	20335.4	7686.53	4001.5	2415.84	8325.41	741688	0	3	1	0	0xd43f5e018b415631
6	1	e2c4	0	48	152236	2202.59	19590.8	73001.2	15135.3	19913.4	7518.9	3973.62	2443.29	8375.37	760241	0	0	1	0	0xd43f5e018b415631
6	1	e2c4	0	49	148951	2318.09	19505.1	70257.4	15234.7	19508.5	7282.35	4013.78	2386.67	8363.79	740892	0	1	1	0	0xd43f5e018b415631
7	1	control	0	0	163354	2163.75	19860.8	84177	15266.1	20235.3	7196.06	3842.33	2435.63	8091.66	802943	0	7	1	0	0xd43f5e018b415631
7	1	control	0	1	163087	2154.33	19661.4	84003.1	15238.7	19670.2	7446.82	3931.62	2430.55	8465.79	802864	0	5	1	0	0xd43f5e018b415631
7	1	control	0	2	163432	2319.5	19828.3	83960.6	15214.4	19784.9	7387.64	4041.46	2420.46	8388.87	819282	0	2	1	0	0xd43f5e018b415631
7	1	control	0	3	165332	2333.84	21471.4	84032.2	15191.8	19785.6	7356.89	3847.41	2711.85	8518.92	837252	0	1	1	0	0xd43f5e018b415631
7	1	control	0	4	163912	2178.21	19698.5	84831	15167.8	19790	7370.05	3834.03	2488.09	8466.71	819369	0	8	1	0	0xd43f5e018b415631
7	1	control	0	5	163117	2160.29	19790	84166.1	15370.9	19892.1	7186.43	3960.41	2442.17	8062.03	802864	0	4	1	0	0xd43f5e018b415631
7	1	control	0	6	162941	2291.88	19683.4	83991.7	15275.4	19699.8	7462.64	3717.15	2405.59	8329.75	802501	0	9	1	0	0xd43f5e018b415631
7	1	control	0	7	163426	2225.79	19733.7	84182.4	15165.5	20039.6	7426.64	3830.91	2406.09	8332.95	819429	0	0	1	0	0xd43f5e018b415631
7	1	control	0	8	163554	2197.71	19735.1	84084.9	15165.6	20075.8	7410.06	3909.12	2413.88	8475.37	819557	0	0	1	0	0xd43f5e018b415631
7	1	control	0	9	163526	2198.59	19609.4	84210.3	15205.9	20142	7220.56	3928.45	2433.67	8492.25	819405	0	2	1	0	0xd43f5e018b415631
7	1	control	0	10	163414	2233.13	19516.7	84025.7	15177.4	20187.5	7444.23	3959.16	2415.01	8368.29	819298	0	2	1	0	0xd43f5e018b415631
7	1	control	0	11	163867	2298.17	19798.2	84113.6	15162.7	20243.4	7337.69	4014.99	2439.67	8372.2	819671	0	3	1	0	0xd43f5e018b415631
7	1	control	0	12	162872	2215.29	19640.3	83830.3	15228.6	19598.2	7489.94	3939.99	2437.17	8410.08	818748	0	6	1	0	0xd43f5e018b415631
7	1	control	0	13	162945	2184.92	19688.6	83967.6	15231.1	19875.9	7294.39	4016.87	2419.67	8182.45	802773	0	5	1	0	0xd43f5e018b415631
7	1	control	0	14	163427	2441.84	19770.7	84196.9	15289.4	19848.1	7449.69	3731.58	2423.96	8186.03	803261	0	3	1	0	0xd43f5e018b415631
7	1	control	0	15	165708	2187.13	19758.6	85342.5	16217.2	19766.9	7678.69	3739.99	2548.97	8382.54	837710	0	0	1	0	0xd43f5e018b415631
7	1	control	0	16	162977	2208.34	19598.5	84139.9	15104.6	19666	7292.23	3856.57	2415.79	8605.75	818821	0	3	1	0	0xd43f5e018b415631
7	1	control	0	17	163711	2324.67	19781	84205.8	15249.8	19641.7	7514.69	4038.58	2536.09	8334.16	819476	0	4	1	0	0xd43f5e018b415631
7	1	control	0	18	163487	2159.33	19694.7	84176.2	15251	19736.8	7435.85	3961.2	2548.76	8434.29	819427	0	1	1	0	0xd43f5e018b415631
7	1	control	0	19	162981	2310.63	19756.9	84066.4	15192.2	19364.8	7416.77	3915.16	2436.96	8432.16	802866	0	6	1	0	0xd43f5e018b415631
7	1	control	0	20	163508	2564.76	19681.8	83882.3	15270.6	19577.2	7668.78	3847.62	2448.21	8482.46	819434	0	1	1	0	0xd43f5e018b415631
7	1	control	0	21	163239	2286.75	19785	84020.5	15197.3	19869.3	7450.77	3750.66	2391.09	8408.04	819179	0	1	1	0	0xd43f5e018b415631
7	1	control	0	22	163692	2353.59	19817.3	83883.6	15218	20161.5	7326.27	3896.62	2410.13	8537.62	819590	0	2	1	0	0xd43f5e018b415631
7	1	control	0	23	163096	2205.25	19620.6	83862.8	15139	20153.9	7383.44	3821.07	2399.09	8427.54	818955	0	2	1	0	0xd43f5e018b415631
7	1	control	0	24	165798	2220.25	22438.6	84123	15243.7	19915.5	7291.27	3877.83	2449.42	8154.28	819098	0	1	1	0	0xd43f5e018b415631
7	1	control	0	25	163372	2185.17	19656.6	84389.4	15329.3	19681.7	7396.31	3778.03	2392.38	8476.58	819060	0	11	1	0	0xd43f5e018b415631
7	1	control	0	26	163353	2271.96	19728.5	84076.8	15267.2	19743.5	7540.65	3841.78	2444.34	8354.45	819293	0	1	1	0	0xd43f5e018b415631
7	1	control	0	27	163345	2240.09	19714.4	83997	15187.9	20035.3	7371.31	3810.78	2438.55	8468.91	819201	0	2	1	0	0xd43f5e018b415631
7	1	control	0	28	164978	3287.06	19621.8	84844.1	15355	19897.2	7456.69	3790.2	2433	8208.91	820979	0	0	1	0	0xd43f5e018b415631
7	1	control	0	29	162783	2207.67	19622.7	83808.3	15168.1	19838	7362.98	3875.74	2428.38	8384.04	818584	0	3	1	0	0xd43f5e018b415631
7	1	control	0	30	163659	2342.46	19767.8	84160.3	15170.1	20105.4	7230.22	3920.75	2391.25	8488.29	819379	0	3	1	0	0xd43f5e018b415631
7	1	control	0	31	163586	2210.71	19608.4	84071.5	15198	20096.5	7488.85	3950.66	2395.92	8480.67	819367	0	8	1	0	0xd43f5e018b415631
7	1	control	0	32	163349	2342.17	19512.9	83894.7	15183	20155.3	7319.02	4048.83	2464.13	8344.91	819349	0	0	1	0	0xd43f5e018b415631
7	1	control	0	33	164137	2229.38	20218.4	84095.7	15105.5	20189	7568.06	3822.62	2398.96	8424.41	819717	0	2	1	0	0xd43f5e018b415631
7	1	control	0	34	164004	2275.09	19543.6	84097.9	15220	20271.6	7595.82	3894.62	2412.34	8606.71	819933	0	1	1	0	0xd43f5e018b415631
7	1	control	0	35	163289	2227.34	19640.5	83914.8	15064.1	20180	7443.93	3959.74	2405.71	8368.08	819177	0	2	1	0	0xd43f5e018b415631
7	1	control	0	36	162934	2309.25	19663.7	84060	15142.9	19606.6	7230.06	3902.61	2481.13	8452.58	818618	0	4	1	0	0xd43f5e018b415631
7	1	control	0	37	162817	2179.88	19627	84250.7	15253.9	19705.2	7337.35	3867.2	2470.88	8040.49	802699	0	6	1	0	0xd43f5e018b415631
7	1	control	0	38	162966	2173.75	19584.9	84132.7	15237.5	19575.5	7703.94	3725.24	2399.01	8347.87	802521	0	9	1	0	0xd43f5e018b415631
7	1	control	0	39	163265	2279.54	19780.3	84086.4	15149	19926.3	7384.81	3750.49	2401.88	8420.33	819150	0	2	1	0	0xd43f5e018b415631
7	1	control	0	40	166101	2343.75	22348.2	84137.5	15173.1	19669.6	7344.68	4076.95	2458.38	8463.08	838106	0	0	1	0	0xd43f5e018b415631
7	1	control	0	41	163260	2400.17	19832.7	84169.7	15149.8	19665.6	7396.64	3755.74	2474.54	8327.62	819142	0	2	1	0	0xd43f5e018b415631
7	1	control	0	42	163274	2157	19819.8	84146.6	15190.4	19924.1	7566.02	3708.7	2431.05	8244.95	802934	0	5	1	0	0xd43f5e018b415631
7	1	control	0	43	162880	2328.55	19605.3	83888.2	15266.7	19643.4	7367.77	3879.91	2421.92	8393.45	802888	0	0	1	0	0xd43f5e018b415631
7	1	control	0	44	163517	2609.09	19683.4	83845.4	15203.2	19849.5	7591.48	3843.95	2408.88	8397.2	819245	0	7	1	0	0xd43f5e018b415631
7	1	control	0	45	163399	2280.21	19717.8	83833.8	15150.4	20119.3	7467.77	4019.28	2372.34	8355.2	819335	0	1	1	0	0xd43f5e018b415631
7	1	control	0	46	163663	2241.63	19844.3	83934	15079	20087.2	7572.44	3852.28	2439.38	8527.12	819594	0	1	1	0	0xd43f5e018b415631
7	1	control	0	47	163946	2201.71	19787.3	84117.5	15152.8	20420.6	7320.02	3887.66	2399.42	8567.87	819848	0	2	1	0	0xd43f5e018b415631
7	1	control	0	48	163832	2216.33	19552.2	84220.2	15182.8	20206	7464.86	4012.79	2430.09	8458.58	819767	0	1	1	0	0xd43f5e018b415631
7	1	control	0	49	163841	2293.54	19838.9	84081.5	15244	20152.6	7457.81	3891.33	2394.59	8398.62	819841	0	0	1	0	0xd43f5e018b415631
8	2	control	0	0	163494	2346.42	19725.2	84151.2	15205.4	19859.9	7514.6	3828.66	2388.84	8389.95	819434	0	1	1	0	0xd43f5e018b415631
8	2	control	0	1	163524	2275.04	19710.3	84135.4	15204.6	19993.9	7409.31	3934.66	2384.21	8392.29	819467	0	1	1	0	0xd43f5e018b415631
8	2	control	0	2	163719	2189.04	19713.5	84102.3	15182.7	20179.4	7317.89	4107.75	2409.63	8433.83	819401	0	6	1	0	0xd43f5e018b415631
8	2	control	0	3	163422	2231.5	19902.6	83918.6	15142.9	20100	7319.93	3769.95	2454.92	8493.25	819357	0	1	1	0	0xd43f5e018b415631
8	2	control	0	4	163592	2346	19768.4	83873	15187.1	20113.3	7506.44	3925.37	2414.13	8372.87	819594	0	0	1	0	0xd43f5e018b415631
8	2	control	0	5	164104	2207.5	19679.5	84523.8	15199.3	20210.4	7313.35	3959.62	2504.84	8419.2	819660	0	13	1	0	0xd43f5e018b415631
8	2	control	0	6	163914	2409.01	19867.5	84001.2	15145.2	20118.1	7286.6	4116.2	2444.84	8436.83	819697	0	2	1	0	0xd43f5e018b415631
8	2	control	0	7	165806	2385.3	22168.1	84062.3	15193.8	19752.7	7338.98	3898.37	2495.84	8425.58	837801	0	0	1	0	0xd43f5e018b415631
8	2	control	0	8	163217	2149.83	19943.9	84019.8	15259.7	19888.6	7447.93	3823.49	2434.34	8165.37	802906	0	6	1	0	0xd43f5e018b415631
8	2	control	0	9	163238	2477.84	19762.5	83948.2	15229	19448.3	7473.52	3928.78	2445.8	8439.5	803050	0	3	1	0	0xd43f5e018b415631
8	2	control	0	10	163386	2235	19777.1	84083.7	15181.5	19928.3	7488.64	3807.37	2391.21	8409.08	819330	0	1	1	0	0xd43f5e018b415631
8	2	control	0	11	163547	2236.54	19759.8	84188.7	15181	20146.1	7271.51	3787.07	2385.05	8503.5	819378	0	7	1	0	0xd43f5e018b415631
8	2	control	0	12	163658	2201.29	19642.8	84162.2	15160.7	20187.6	7416.14	3886.16	2451.34	8464.41	819596	0	1	1	0	0xd43f5e018b415631
8	2	control	0	13	163734	2243.46	19805	84127.2	15153.2	20213	7350.72	3915.74	2413.09	8426.91	819675	0	1	1	0	0xd43f5e018b415631
8	2	control	0	14	163545	2284.92	19665.3	84083.2	15186	20218.3	7262.85	3990.49	2398.46	8370.37	819434	0	2	1	0	0xd43f5e018b415631
8	2	control	0	15	163330	2242.25	19475.4	84118.2	15078.7	20284.7	7405.77	3904.32	2395.34	8343.91	819270	0	1	1	0	0xd43f5e018b415631
8	2	control	0	16	163641	2207.79	19882	83898.5	15153.2	20236	7437.43	3904.24	2474.55	8362.08	819639	0	0	1	0	0xd43f5e018b415631
8	2	control	0	17	163938	2200.88	19997	84218.6	15242.9	20318.3	7184.76	3872.49	2425.71	8389.83	819544	0	12	1	0	0xd43f5e018b415631
8	2	control	0	18	162817	2193	19675.6	83923.4	15245	19593.6	7422.4	3872.45	2436.63	8366.41	818540	0	5	1	0	0xd43f5e018b415631
8	2	control	0	19	166846	2153.17	19838.6	87332.5	15494.6	19956	7437.22	3809.91	2493.01	8246.7	822595	0	5	1	0	0xd43f5e018b415631
8	2	control	0	20	162949	2142.83	19715	83956.2	15252.2	19807.2	7253.85	3877.07	2421.92	8436.04	802752	0	3	1	0	0xd43f5e018b415631
8	2	control	0	21	164703	2291.84	20046.4	85422.4	15443.7	19643	7303.56	3791.7	2400.05	8261.03	818771	0	15	1	0	0xd43f5e018b415631
8	2	control	0	22	163350	2174.62	19789.9	83902.4	15267.8	19618.4	7426.06	3938.99	2482.59	8661.46	803246	0	2	1	0	0xd43f5e018b415631
8	2	control	0	23	163177	2272.92	19780.7	83898.7	15203.1	19907.2	7460.85	3840.66	2383.29	8343.7	819057	0	6	1	0	0xd43f5e018b415631
8	2	control	0	24	163670	2340.75	19954.9	83953.5	15148.2	20016.2	7601.19	3785.24	2386.59	8401.29	819672	0	0	1	0	0xd43f5e018b415631
8	2	control	0	25	163605	2208.88	19603.2	84072.1	15166.3	20161.6	7585.23	3876.07	2400.42	8447.12	819543	0	1	1	0	0xd43f5e018b415631
8	2	control	0	26	163269	2396.71	19638.6	83719.6	15122.7	20239.4	7303.81	3922.33	2434.25	8405.7	819133	0	2	1	0	0xd43f5e018b415631
8	2	control	0	27	163650	2271.71	19570	84030.9	15127.2	20236.5	7499.94	3975.49	2395.96	8456.29	819534	0	2	1	0	0xd43f5e018b415631
8	2	control	0	28	164397	3298.36	19875.6	84084.8	15153	20055.2	7287.18	3744.78	2398.59	8413.33	820400	0	0	1	0	0xd43f5e018b415631
8	2	control	0	29	163683	2313.71	19642.9	84281.2	15215.5	20172.1	7376.6	3837.7	2385.51	8372.54	819440	0	6	1	0	0xd43f5e018b415631
8	2	control	0	30	163695	2235.92	19751	84244.5	15158.8	20145.3	7429.69	3768.41	2387.25	8487.33	819490	0	9	1	0	0xd43f5e018b415631
8	2	control	0	31	166106	2275.54	19939.9	85240.7	15358.5	20301.2	8147.28	3980.16	2381.71	8395.08	837980	0	0	1	0	0xd43f5e018b415631
8	2	control	0	32	162911	2182.58	19751.5	83900.8	15250.6	19457.6	7470.39	3911.91	2437.55	8461.75	802786	0	2	1	0	0xd43f5e018b415631
8	2	control	0	33	163268	2178.38	19762.6	83762.2	15306.6	19815	7675.98	3890.87	2397.29	8395.83	819158	0	2	1	0	0xd43f5e018b415631
8	2	control	0	34	164021	2283.13	19697	83964.7	15230	19800	8020.07	4006.7	2451.26	8483.45	819487	0	3	1	0	0xd43f5e018b415631
8	2	control	0	35	163460	2217.38	19779.5	84057.9	15255.9	19763.7	7508.64	3958.7	2426.55	8408.75	819427	0	1	1	0	0xd43f5e018b415631
8	2	control	0	36	163603	2262.09	19768.3	84128.7	15206.5	19975.5	7530.18	3855.53	2392.84	8396.04	819438	0	6	1	0	0xd43f5e018b415631
8	2	control	0	37	163327	2201.58	19733.8	83794.2	15165.7	20133.3	7483.98	3903.41	2387.59	8436.25	819265	0	1	1	0	0xd43f5e018b415631
8	2	control	0	38	164378	2418.21	19862.1	84939	15146.9	19931.8	7389.31	3746.28	2388.46	8467.16	819948	0	6	1	0	0xd43f5e018b415631
8	2	control	0	39	163447	2197.17	19743.6	84081.1	15177.7	20150.1	7344.06	3797.03	2404.42	8466.08	819388	0	1	1	0	0xd43f5e018b415631
8	2	control	0	40	163275	2231.5	19547.3	83924.9	15134	20178.6	7414.6	3930.03	2406.13	8425.95	819276	0	0	1	0	0xd43f5e018b415631
8	2	control	0	41	164028	2198.5	19645.9	84534.3	15155.3	20177.7	7267.6	4108.37	2440.8	8408.79	819529	0	6	1	0	0xd43f5e018b415631
8	2	control	0	42	163622	2262.38	19684.2	84116.2	15175	20222.8	7257.05	3986.99	2392.75	8440.91	819296	0	9	1	0	0xd43f5e018b415631
8	2	control	0	43	163683	2238	19691.3	84242.7	15113.3	20250.9	7436.19	3751.91	2404.83	8462.5	819521	0	3	1	0	0xd43f5e018b415631
8	2	control	0	44	166637	2207.83	19785.8	86997.2	15246.5	19711.4	7505.27	4108.45	2506.63	8481.12	838468	0	3	1	0	0xd43f5e018b415631
8	2	control	0	45	162927	2154.33	19752.6	84124.1	15261	19849.8	7280.89	3910.61	2420.59	8091.24	802754	0	3	1	0	0xd43f5e018b415631
8	2	control	0	46	163202	2252.5	19651.7	84050.9	15281.8	19590.4	7595.94	3919.49	2403.09	8369.45	802935	0	3	1	0	0xd43f5e018b415631
8	2	control	0	47	163588	2255.5	19769.3	83837.8	15287.2	19803.4	7884.65	3859.83	2401.09	8406.12	819588	0	0	1	0	0xd43f5e018b415631
8	2	control	0	48	163207	2251.17	19670	83797.8	15152.4	20135.5	7352.64	3920.28	2393.71	8447.87	819083	0	6	1	0	0xd43f5e018b415631
8	2	control	0	49	163547	2262.17	19619.4	84050.3	15152.4	20151.8	7492.39	3975.83	2386.67	8372.45	819494	0	1	1	0	0xd43f5e018b415631
9	2	e2c4	0	0	148876	2206.96	19544	70313.4	15167.3	19603.8	7380.31	3806.45	2429.47	8339.49	740771	0	2	1	0	0xd43f5e018b415631
9	2	e2c4	0	1	150117	2265.17	19674.4	70270.4	15242.1	20393.3	7354.01	3865.62	2438.09	8526.7	758005	0	2	1	0	0xd43f5e018b415631
9	2	e2c4	0	2	149247	2214.42	19555.7	70510.8	15191	19795.3	7327.93	3787.91	2375.75	8400.2	741141	0	2	1	0	0xd43f5e018b415631
9	2	e2c4	0	3	148417	2215.25	19640.2	70370.3	15201	19045.5	7440.98	3840.28	2480.09	8097.28	740430	0	0	1	0	0xd43f5e018b415631
9	2	e2c4	0	4	149554	2170.25	19595.6	70180.3	15224.2	20340.6	7413.01	3767.74	2432.8	8343.41	741371	0	7	1	0	0xd43f5e018b415631
9	2	e2c4	0	5	149387	2200.58	19575.5	70221.6	15161.4	19808.5	7373.23	4017.12	2478.38	8463.87	741335	0	1	1	0	0xd43f5e018b415631
9	2	e2c4	0	6	148280	2249.63	19649.5	70090	15278.2	19061.7	7459.18	3829.07	2465.72	8111.15	740033	0	5	1	0	0xd43f5e018b415631
9	2	e2c4	0	7	150148	2228.96	19626.4	70384.8	15201.3	20371.9	7513.36	3870.41	2454.26	8406.83	758095	0	1	1	0	0xd43f5e018b415631
9	2	e2c4	0	8	148992	2204.42	19539.2	70195	15209.5	19737.9	7455.98	3745.74	2443.38	8378.62	740994	0	0	1	0	0xd43f5e018b415631
9	2	e2c4	0	9	148472	2236.63	19518.2	70191.3	15218.6	19115.8	7786.98	3817.32	2445.55	8054.15	740288	0	5	1	0	0xd43f5e018b415631
9	2	e2c4	0	10	150241	2173.58	19809.6	70288.9	15280.2	20326.7	7666.6	3810.36	2434.09	8360.74	742008	0	4	1	0	0xd43f5e018b415631
9	2	e2c4	0	11	148878	2337.34	19506.1	70263.3	15175.2	19538.6	7472.47	3767.95	2363.04	8363.87	740673	0	7	1	0	0xd43f5e018b415631
9	2	e2c4	0	12	151530	2407.42	19606.4	70454.9	15192.2	20960.9	8257.11	3780.03	2425.42	8353.53	759489	0	1	1	0	0xd43f5e018b415631
9	2	e2c4	0	13	148412	2275.09	19588.6	70256.3	15240	19029.7	7456.85	3902.91	2478.92	8097.61	740291	0	2	1	0	0xd43f5e018b415631
9	2	e2c4	0	14	150275	2200.62	19520.2	70458.4	15287.1	20338.7	7327.06	4136.99	2462.38	8454.37	742057	0	2	1	0	0xd43f5e018b415631
9	2	e2c4	0	15	148998	2204.92	19612.4	70528.2	15135.2	19502.3	7359.06	3909.03	2377.38	8280.62	740888	0	2	1	0	0xd43f5e018b415631
9	2	e2c4	0	16	148015	2201.71	19588.7	69998.4	15230.7	18975.5	7401.31	3889.99	2522.09	8120.95	740021	0	0	1	0	0xd43f5e018b415631
9	2	e2c4	0	17	150119	2190.58	19921.2	70109.4	15220.7	20322.3	7571.1	3865.66	2443.34	8390.53	741642	0	1	1	0	0xd43f5e018b415631
9	2	e2c4	0	18	149120	2300.59	19559.5	70587.9	15181.3	19526.8	7178.43	3975.91	2387.84	8335.2	740919	0	8	1	0	0xd43f5e018b415631
9	2	e2c4	0	19	148194	2207.71	19572.5	70154.2	15288.7	19026.6	7346.97	3889.29	2541.38	8078.69	740017	0	3	1	0	0xd43f5e018b415631
9	2	e2c4	0	20	149781	2264.96	19555.4	70312.6	15166.7	20508	7343.43	3698.07	2432	8414.66	741674	0	2	1	0	0xd43f5e018b415631
9	2	e2c4	0	21	149772	3371.61	19575.9	70360.4	15198	19116.1	7600.23	3878.99	2418.55	8166.82	741653	0	1	1	0	0xd43f5e018b415631
9	2	e2c4	0	22	149890	2266.21	19550.5	70244	15163.8	20411.8	7443.48	3790.16	2448.75	8481.16	741898	0	0	1	0	0xd43f5e018b415631
9	2	e2c4	0	23	149328	2209.25	19637.7	70655.7	15196.2	19619.5	7315.01	3918.62	2387.5	8299.7	740986	0	7	1	0	0xd43f5e018b415631
9	2	e2c4	0	24	148160	2417.8	19434.3	70110.2	15201	19058.8	7446.1	3874.83	2489.42	8041.07	739974	0	7	1	0	0xd43f5e018b415631
9	2	e2c4	0	25	149838	2166.08	19594.8	70148.1	15206.9	20336.5	7365.43	4122.99	2448.75	8361.45	741857	0	0	1	0	0xd43f5e018b415631
9	2	e2c4	0	26	149760	2980.89	19766.6	70402.2	15225	19276.2	7470.15	3808.95	2456.55	8284.12	741573	0	3	1	0	0xd43f5e018b415631
9	2	e2c4	0	27	150388	2155.12	19690	70895.2	15280.5	20229.8	7277.81	3904.37	2443.3	8423.08	741791	0	5	1	0	0xd43f5e018b415631
9	2	e2c4	0	28	148871	2202.33	19636	70292.7	15209	19286	7452.73	4102.45	2406.58	8195.16	740821	0	1	1	0	0xd43f5e018b415631
9	2	e2c4	0	29	149753	2292.5	19456.8	70287.4	15203.9	20371.1	7226.89	3853.91	2452.25	8520.91	757564	0	2	1	0	0xd43f5e018b415631
9	2	e2c4	0	30	149177	2151	19596.3	70329	15183.2	19813.5	7382.81	3841.2	2432.46	8364.03	741180	0	0	1	0	0xd43f5e018b415631
9	2	e2c4	0	31	148542	2219.75	19524.4	70327.3	15182.2	19218.1	7545.85	3824.99	2436.3	8175.36	740371	0	7	1	0	0xd43f5e018b415631
9	2	e2c4	0	32	150023	2210.83	19564.6	70538	15223.8	20398.4	7280.56	3860.7	2446.51	8410.78	757960	0	1	1	0	0xd43f5e018b415631
9	2	e2c4	0	33	149007	2211.83	19530.6	70266.9	15176.6	19787.5	7378.68	3734.53	2401.92	8427.41	740827	0	3	1	0	0xd43f5e018b415631
9	2	e2c4	0	34	148372	2221.71	19425.9	70392.5	15147.8	19331.5	7352.68	3729.74	2391.26	8291.49	740180	0	2	1	0	0xd43f5e018b415631
9	2	e2c4	0	35	150081	2227.79	19610.6	70161.9	15182.6	20548	7395.85	4002.74	2471.8	8392.66	758086	0	0	1	0	0xd43f5e018b415631
9	2	e2c4	0	36	149242	2202.75	19570	70502.9	15137.8	19717.5	7489.97	3808.87	2395.42	8328.62	740999	0	6	1	0	0xd43f5e018b415631
9	2	e2c4	0	37	148298	2193.12	19707	70155.7	15191.8	19017.3	7453.85	3872.28	2540.13	8078.15	740079	0	4	1	0	0xd43f5e018b415631
9	2	e2c4	0	38	149733	2156.17	19471.5	70546.4	15233	20295.8	7361.22	3850.28	2431.5	8301.53	741580	0	6	1	0	0xd43f5e018b415631
9	2	e2c4	0	39	152471	2210	19548.7	70379.5	16163.6	22078.2	7401.1	3771.9	2408.42	8421.53	760301	0	3	1	0	0xd43f5e018b415631
9	2	e2c4	0	40	148637	2250.59	19559.9	70079.7	15127.3	19672.7	7405.76	3735.07	2386.67	8334.33	740406	0	2	1	0	0xd43f5e018b415631
9	2	e2c4	0	41	150251	2407.38	19614.2	70118.2	15209.4	20391.7	7474.93	4014.49	2420.71	8517.29	758197	0	1	1	0	0xd43f5e018b415631
9	2	e2c4	0	42	149091	2244.25	19618.6	70316.3	15152.2	19773.3	7235.85	3776.07	2440.54	8446.66	741038	0	1	1	0	0xd43f5e018b415631
9	2	e2c4	0	43	148274	2204.92	19611	69939.9	15180.4	19286.7	7409.77	3891.99	2402.84	8260.41	740279	0	0	1	0	0xd43f5e018b415631
9	2	e2c4	0	44	149983	2192.71	19674.3	70341	15339.5	20385	7332.56	3825.95	2443.92	8364.24	757928	0	1	1	0	0xd43f5e018b415631
9	2	e2c4	0	45	149459	2210.21	19591.4	70198	15196.6	19824.6	7631.48	3869.66	2393.42	8455.95	741297	0	7	1	0	0xd43f5e018b415631
9	2	e2c4	0	46	150204	2289.29	19564.1	70275.3	15211.5	20472.3	7476.47	3965.04	2446.05	8414.2	758092	0	2	1	0	0xd43f5e018b415631
9	2	e2c4	0	47	149306	2220.83	19728	70042.5	15147.9	19738.8	7428.81	4093.21	2422.38	8397.91	741203	0	2	1	0	0xd43f5e018b415631
9	2	e2c4	0	48	148291	2202.88	19609.9	70008.5	15197.4	19063.4	7547.73	3809.95	2469.25	8292.7	740203	0	1	1	0	0xd43f5e018b415631
9	2	e2c4	0	49	149640	2153.54	19663.2	70239.3	15242.5	20370.3	7254.14	3796.74	2436.79	8398.37	741646	0	0	1	0	0xd43f5e018b415631
10	2	e2c4	0	0	150126	2219.42	19738	70252.4	15209	20423.2	7675.94	3720.65	2438	8355.45	758059	0	1	1	0	0xd43f5e018b415631
10	2	e2c4	0	1	149555	2304.13	19705	70592.9	15213.4	19681.8	7319.51	3780.49	2571.13	8293.82	741121	0	12	1	0	0xd43f5e018b415631
10	2	e2c4	0	2	150255	2266.17	19568.8	70317.8	15246	20472.3	7729.27	3779.57	2439.3	8342.66	758152	0	1	1	0	0xd43f5e018b415631
10	2	e2c4	0	3	149424	2417.5	19685.5	70412.6	15198.8	19528.1	7485.64	3895.82	2403.5	8306.66	741427	0	0	1	0	0xd43f5e018b415631
10	2	e2c4	0	4	149790	2199.71	19628	70148.7	15234.4	20461.4	7346.22	3925.28	2435.63	8320.2	757793	0	0	1	0	0xd43f5e018b415631
10	2	e2c4	0	5	149458	2196.38	19645.1	70166.8	15255.8	19976.3	7517.48	3828.49	2449.3	8327.99	741163	0	7	1	0	0xd43f5e018b415631
10	2	e2c4	0	6	150140	2454.17	19741	70183.5	15241.9	20460.3	7321.47	3903.45	2448.96	8297.53	758002	0	2	1	0	0xd43f5e018b415631
10	2	e2c4	0	7	149454	2259.75	19667.9	70242.6	15323.5	19901.8	7418.18	3666.32	2459.34	8398.49	741364	0	6	1	0	0xd43f5e018b415631
10	2	e2c4	0	8	152234	2256.25	22727.6	70072.8	15183.4	19654.3	7507.76	3972.91	2406.54	8361.03	759985	0	5	1	0	0xd43f5e018b415631
10	2	e2c4	0	9	150535	2174.38	19788.1	70514.8	15340.3	20422.8	7389.14	4007.99	2429.59	8375.74	758329	0	3	1	0	0xd43f5e018b415631
10	2	e2c4	0	10	149023	2221.79	19684.3	70384.7	15196	19512.6	7394.72	3813.24	2453.42	8268.7	740926	0	2	1	0	0xd43f5e018b415631
10	2	e2c4	0	11	150119	2268.67	19715.6	70120.2	15240.2	20490.3	7357.13	3950.45	2459.17	8425.03	758121	0	0	1	0	0xd43f5e018b415631
10	2	e2c4	0	12	149646	2357.67	19630.4	70690.1	15178.4	19638.8	7571.19	3756.03	2398.59	8328.7	741653	0	0	1	0	0xd43f5e018b415631
10	2	e2c4	0	13	150280	2201.08	19749	70288	15155.8	20545.5	7391.52	3866.62	2441.34	8545.66	758043	0	3	1	0	0xd43f5e018b415631
10	2	e2c4	0	14	149128	2436.17	19529.6	70324	15226.5	19600	7293.35	3784.99	2434.38	8407.24	740970	0	6	1	0	0xd43f5e018b415631
10	2	e2c4	0	15	150080	2192.12	19669.4	70353.5	15192.3	20497.1	7535.94	3775.61	2443.84	8322.49	757758	0	3	1	0	0xd43f5e018b415631
10	2	e2c4	0	16	149371	2212.29	19535.9	70367.1	15184.2	19818.7	7416.6	3792.62	2442.75	8508.95	741321	0	1	1	0	0xd43f5e018b415631
10	2	e2c4	0	17	150014	2210.58	19581	70242.7	15288.2	20484.4	7451.56	3849.16	2443.5	8367.28	758016	0	0	1	0	0xd43f5e018b415631
10	2	e2c4	0	18	149765	2187.46	19865.1	70293	15454.3	19718.8	7361.68	3891.66	2462.17	8439.45	741521	0	6	1	0	0xd43f5e018b415631
10	2	e2c4	0	19	150031	2196.71	19730.7	70227.3	15231	20531.5	7445.47	3836.49	2450.13	8291.16	757927	0	2	1	0	0xd43f5e018b415631
10	2	e2c4	0	20	149256	2199.21	19700.2	70368.6	15253.8	19752.2	7337.39	3796.03	2403.42	8352.45	741261	0	0	1	0	0xd43f5e018b415631
10	2	e2c4	0	21	152368	2210.83	19637.4	72532.9	15949.5	20023.3	7632.68	3759.91	2492.84	8035.4	759909	0	11	1	0	0xd43f5e018b415631
10	2	e2c4	0	22	150055	2176.79	19655.4	70154.2	15258.7	20416.8	7534.69	3980.28	2472.26	8313.24	741887	0	3	1	0	0xd43f5e018b415631
10	2	e2c4	0	23	149239	2245.88	19565.4	70415.7	15153.1	19647.7	7661.6	3746.53	2414.67	8298.57	741170	0	1	1	0	0xd43f5e018b415631
10	2	e2c4	0	24	150549	2208.83	19736.3	70522	15289.7	20444.1	7517.77	3887.7	2472.8	8376.53	758506	0	1	1	0	0xd43f5e018b415631
10	2	e2c4	0	25	149185	2368.75	19625	70415	15228.7	19544.4	7420.09	3719.9	2379.67	8393.58	741144	0	1	1	0	0xd43f5e018b415631
10	2	e2c4	0	26	150244	2270.75	19627.7	70478.2	15171.8	20494.1	7495.06	3818.32	2444.25	8351.45	758119	0	2	1	0	0xd43f5e018b415631
10	2	e2c4	0	27	149134	2265.42	19626.3	70341.7	15204.2	19607.3	7378.89	3830.53	2390.88	8391.49	741072	0	1	1	0	0xd43f5e018b415631
10	2	e2c4	0	28	150486	2191.46	19872.3	70434.1	15251.5	20493.9	7431.43	3910.57	2425.17	8386.74	758188	0	9	1	0	0xd43f5e018b415631
10	2	e2c4	0	29	149190	2287.34	19721.8	70353	15259	19399.3	7481.65	4010.99	2462.25	8124.61	741142	0	1	1	0	0xd43f5e018b415631
10	2	e2c4	0	30	149412	2202.58	19597.8	70169.9	15273	20443.6	7170.18	3696.82	2483.63	8281.74	757414	0	0	1	0	0xd43f5e018b415631
10	2	e2c4	0	31	149594	2151.37	19658.7	70482.1	15166.7	20071.5	7187.22	3862.16	2407.42	8516.49	741597	0	0	1	0	0xd43f5e018b415631
10	2	e2c4	0	32	151015	2220.62	20110	70671.2	15217.3	20456.9	7430.1	3971.33	2445.01	8399.66	758640	0	8	1	0	0xd43f5e018b415631
10	2	e2c4	0	33	149085	2300.71	19655.2	70284.6	15149.2	19627.8	7525.18	3761.62	2414.17	8276.32	740937	0	2	1	0	0xd43f5e018b415631
10	2	e2c4	0	34	150567	2201.04	19660.9	70269.7	15321.7	20578.5	7577.56	3864.11	2441.05	8540.66	758471	0	2	1	0	0xd43f5e018b415631
10	2	e2c4	0	35	152543	2201.71	19656.9	73095	15207.5	19948.6	7368.39	4126.66	2473.09	8370.37	760206	0	8	1	0	0xd43f5e018b415631
10	2	e2c4	0	36	148534	2213.63	19650.8	70143.6	15303.4	19164	7533.52	3830.24	2448.96	8156.82	740473	0	1	1	0	0xd43f5e018b415631
10	2	e2c4	0	37	149990	2179.42	19699.3	70159.3	15292.2	20447.8	7414.97	3866.7	2534.71	8307.07	757887	0	2	1	0	0xd43f5e018b415631
10	2	e2c4	0	38	148962	2219.17	19685.2	70268.7	15156.2	19781	7326.22	3733.7	2391.46	8305.49	740967	0	0	1	0	0xd43f5e018b415631
10	2	e2c4	0	39	148576	2233.46	19620.1	70101.1	15234.9	19115.1	7582.19	4083.28	2547.96	7964.61	740578	0	0	1	0	0xd43f5e018b415631
10	2	e2c4	0	40	150077	2175.71	19631.5	70161.4	15214.9	20470.1	7565.85	3873.53	2444.01	8451.58	741989	0	1	1	0	0xd43f5e018b415631
10	2	e2c4	0	41	149099	2371.59	19697.7	70379.6	15238.1	19499	7355.59	3769.11	2408.21	8285.2	740836	0	9	1	0	0xd43f5e018b415631
10	2	e2c4	0	42	148630	2206.71	19552.3	70225	15288.4	19076.7	7365.93	3808.86	2640.59	8372.33	756508	0	2	1	0	0xd43f5e018b415631
10	2	e2c4	0	43	149771	2184	19612.5	70416.7	15182.7	20393.6	7199.34	3963.41	2390.5	8334.11	741779	0	0	1	0	0xd43f5e018b415631
10	2	e2c4	0	44	149058	2316.71	19739.9	70180.9	15218.2	19588.2	7248.93	3926.66	2421.42	8324.53	741061	0	0	1	0	0xd43f5e018b415631
10	2	e2c4	0	45	150176	2211.54	19756	70282.2	15164.7	20492.3	7466.93	3847.61	2465.21	8362.99	757938	0	6	1	0	0xd43f5e018b415631
10	2	e2c4	0	46	149251	2255.58	19633.1	70197.5	15202.3	19785.7	7453.35	3958.91	2383.63	8285.32	741140	0	2	1	0	0xd43f5e018b415631
10	2	e2c4	0	47	150072	2363.88	19623.1	70156.4	15194	20461.5	7545.52	3831.28	2436.5	8369.41	758079	0	0	1	0	0xd43f5e018b415631
10	2	e2c4	0	48	153018	2195.62	19692.3	73161.3	15381.5	19940	7712.55	3944.74	2502.51	8387.99	760711	0	8	1	0	0xd43f5e018b415631
10	2	e2c4	0	49	148594	2208.21	19519.1	70182.5	15258.4	19518.6	7432.18	3733.53	2376.67	8275.66	740417	0	3	1	0	0xd43f5e018b415631
11	2	control	0	0	163538	2342.59	19767.6	84068.3	15192.9	19926.8	7600.23	3735.99	2416.51	8394.53	819208	0	7	1	0	0xd43f5e018b415631
11	2	control	0	1	163164	2213.88	19557.3	83853.5	15256.8	20211.6	7240.35	3845.2	2512.25	8383.12	818988	0	3	1	0	0xd43f5e018b415631
11	2	control	0	2	163702	2399.92	19619.5	84049.5	15142.5	20210.7	7534.68	3890.7	2401.5	8367.28	819698	0	0	1	0	0xd43f5e018b415631
11	2	control	0	3	165510	2265.46	19565.8	84275.5	17235	20146.2	7485.1	3967.28	2439.3	8038.48	821145	0	11	1	0	0xd43f5e018b415631
11	2	control	0	4	175345	2149.75	22664.5	87749.8	17293.6	22142.1	7518.02	3958.91	3242.68	8536.7	861576	0	28	1	0	0xd43f5e018b415631
11	2	control	0	5	178495	2354.96	19708.4	95682.2	15519	20646.8	8434.95	4997.35	2522.59	8536.83	898159	0	32	1	0	0xd43f5e018b415631
11	2	control	0	6	173489	2208	24964.7	88241.4	16129.4	19520.9	7880.57	3871.78	2438.75	8145.49	859902	0	21	1	0	0xd43f5e018b415631
11	2	control	0	7	176890	2154.33	19656.2	90208.1	16890.7	24178	8502.82	4166.91	2601.68	8443.03	879876	0	31	1	0	0xd43f5e018b415631
11	2	control	0	8	174778	2412.88	19816	94469.1	15450.4	19743.7	7917.36	4279.12	2452.42	8146.44	861787	0	26	1	0	0xd43f5e018b415631
11	2	control	0	9	168842	2147.17	25174.9	84370.2	15152.2	19681.9	7479.64	3823.66	2435.67	8484.37	840940	0	23	1	0	0xd43f5e018b415631
11	2	control	0	10	174425	3348.9	19671.6	92693.6	16203.8	19805	7931.89	3947.62	2399.25	8332.16	860710	0	20	1	0	0xd43f5e018b415631
11	2	control	0	11	167516	2205	20082.8	84374	17023.6	21056.4	7663.81	3846.16	2770.18	8404.41	839196	0	10	1	0	0xd43f5e018b415631
11	2	control	0	12	172334	2323.59	19502.4	92204.1	15822.6	19941	7578.81	3854.24	2902.8	8113.9	859421	0	26	1	0	0xd43f5e018b415631
11	2	control	0	13	167849	2329.54	19614.1	85290.6	15199.1	22211.5	8350.28	3975.7	2401.38	8384.74	839346	0	12	1	0	0xd43f5e018b415631
11	2	control	0	14	173304	2199.54	19585.2	90520.2	15334.7	22141.4	8558.62	4022.83	2429.17	8417.7	860481	0	23	1	0	0xd43f5e018b415631
11	2	control	0	15	169309	2176.04	19934.1	88914.2	15272.1	20234.7	7657.31	4176.54	2458.55	8392.53	840427	0	22	1	0	0xd43f5e018b415631
11	2	control	0	16	168746	2284.29	24998.6	84307.5	15244.6	19832.2	7422.93	3899.86	2453.42	8212.11	841733	0	16	1	0	0xd43f5e018b415631
11	2	control	0	17	172550	3295.98	19610.3	91132	16183.2	19877	7812.56	3707.36	2473.84	8366.53	860008	0	16	1	0	0xd43f5e018b415631
11	2	control	0	18	167636	2202.25	20536.6	84446.5	16753.8	21128.4	7409.55	3836.53	2869.97	8363.36	839319	0	10	1	0	0xd43f5e018b415631
11	2	control	0	19	173933	2160.67	19672.1	91625.3	15809.1	21463.9	7857.69	3980.2	2886.89	8381.82	861207	0	21	1	0	0xd43f5e018b415631
11	2	control	0	20	168022	2195.21	19757.8	86174.5	15158.6	21164.1	8432.87	4143.74	2428.67	8476.78	839433	0	13	1	0	0xd43f5e018b415631
11	2	control	0	21	173855	2337	19651.9	91033.2	15528	21998.3	8444.12	3814.4	2587.34	8334.99	877029	0	27	1	0	0xd43f5e018b415631
11	2	control	0	22	169689	2319.67	19665.9	89243.2	15217.6	20277.7	7736.06	4217.2	2500.17	8423.62	841359	0	10	1	0	0xd43f5e018b415631
11	2	control	0	23	168900	2210	25425.4	83941.4	15223.6	19902	7573.64	3878.57	2442.96	8214.65	841613	0	15	1	0	0xd43f5e018b415631
11	2	control	0	24	171857	3282.48	19561.2	90933.5	16138.7	19432.4	7880.82	3968.16	2472.21	8097.78	842947	0	23	1	0	0xd43f5e018b415631
11	2	control	0	25	167570	2156.04	20583.3	84916	16678.3	20628.1	7574.48	3802.61	2813.43	8324.53	822861	0	21	1	0	0xd43f5e018b415631
11	2	control	0	26	174700	2196.58	19792.5	92116.2	15699.8	21784.8	7689.44	3896.24	2959.39	8471.33	877785	0	27	1	0	0xd43f5e018b415631
11	2	control	0	27	167991	2338.71	19509.4	86487	15232.4	20850.4	8592.58	4086.2	2448.3	8351.11	839310	0	19	1	0	0xd43f5e018b415631
11	2	control	0	28	171590	2256.29	19635.4	90636.4	15455.5	20505.1	8261.45	3862.91	2509.09	8377.91	858758	0	23	1	0	0xd43f5e018b415631
11	2	control	0	29	172255	2202.08	19910.3	91594	15652	19882.3	7987.11	4090.12	2407.54	8430.58	857467	0	34	1	0	0xd43f5e018b415631
11	2	control	0	30	163113	2232.17	19621.6	83930.2	15174.1	20067.5	7263.47	3977.45	2396.09	8359.16	819118	0	0	1	0	0xd43f5e018b415631
11	2	control	0	31	163398	2193.33	19491.1	84217	15173.6	20165.5	7212.68	3947.2	2442.96	8464.33	819340	0	1	1	0	0xd43f5e018b415631
11	2	control	0	32	163500	2208.17	19528.9	84048.2	15128.7	20343.3	7529.1	3805.07	2436.76	8378.91	819295	0	3	1	0	0xd43f5e018b415631
11	2	control	0	33	162994	2197.71	19586.8	84135	15188.6	19637.5	7443.81	3855.65	2468.05	8389.41	818795	0	7	1	0	0xd43f5e018b415631
11	2	control	0	34	162877	2166.25	19484.3	84190.7	15219.2	19818.7	7586.14	3760.61	2478.38	8081.9	818866	0	1	1	0	0xd43f5e018b415631
11	2	control	0	35	163180	2152.66	19673.3	84379.2	15259	19616.1	7410.64	3855.61	2397	8344.49	803117	0	1	1	0	0xd43f5e018b415631
11	2	control	0	36	163667	2277.67	19839.7	84167.3	15294.1	19758.9	7368.27	3989.04	2402.75	8481.95	819304	0	8	1	0	0xd43f5e018b415631
11	2	control	0	37	163164	2220.75	19863.3	83738.2	15176.1	20092.5	7411.56	3761.82	2391.05	8417.16	819111	0	1	1	0	0xd43f5e018b415631
11	2	control	0	38	163712	2270.5	19658.8	84115.9	15151	20137.4	7574.39	3919.49	2419.67	8375.99	819597	0	2	1	0	0xd43f5e018b415631
11	2	control	0	39	165865	2209.17	19602.5	86824.5	15218.3	19773.8	7542.22	3756.28	2475.26	8376.03	837638	0	3	1	0	0xd43f5e018b415631
11	2	control	0	40	162749	2176.5	19577.2	84093.7	15236.3	19411.2	7505.47	3832.45	2469.3	8357.45	802632	0	6	1	0	0xd43f5e018b415631
11	2	control	0	41	163037	2338.88	19516.8	84021.2	15117.7	19836	7498.51	3744.32	2455.01	8417.95	818984	0	1	1	0	0xd43f5e018b415631
11	2	control	0	42	163783	2217.42	19693.6	84186.8	15152.6	19980.1	7495.68	4143.41	2430.34	8392.95	819786	0	0	1	0	0xd43f5e018b415631
11	2	control	0	43	163321	2340.79	19677.2	84040.7	15167.5	20062.5	7372.06	3777.28	2402.67	8390.28	819267	0	1	1	0	0xd43f5e018b415631
11	2	control	0	44	163360	2190.62	19472.8	84171.3	15192.2	20170.5	7442.1	3867.11	2413.04	8351.95	819194	0	3	1	0	0xd43f5e018b415631
11	2	control	0	45	163762	2324.17	19665.9	83985.4	15130.2	20311.2	7453.81	4031.07	2420.29	8353.74	819711	0	1	1	0	0xd43f5e018b415631
11	2	control	0	46	163973	2326.96	19947	83939.7	15167.6	20270.9	7390.8	3987.03	2385.5	8467.2	819839	0	6	1	0	0xd43f5e018b415631
11	2	control	0	47	163725	2226.33	19794.2	84059.6	15136.4	20300.7	7374.76	4014.12	2388.79	8343.45	819616	0	1	1	0	0xd43f5e018b415631
11	2	control	0	48	162726	2193.42	19409.5	83933.2	15238.9	19671.5	7422.39	3951.28	2437.67	8382.82	818459	0	6	1	0	0xd43f5e018b415631
11	2	control	0	49	162926	2153.12	19709.7	84017.4	15166.9	19940	7357.97	3762.44	2444.34	8285.57	802803	0	2	1	0	0xd43f5e018b415631
12	3	control	0	0	163738	2250.21	19670.5	84294.7	15180.7	20099.1	7640.85	3734.82	2378.46	8400.07	819677	0	1	1	0	0xd43f5e018b415631
12	3	control	0	1	163548	2221.71	19665.1	84179.2	15166.8	20184.8	7401.77	3864.11	2391.71	8386.57	819424	0	6	1	0	0xd43f5e018b415631
12	3	control	0	2	163786	2240.38	19633.3	84168.6	15182.8	20254	7417.8	3923.7	2450.01	8427.74	819793	0	0	1	0	0xd43f5e018b415631
12	3	control	0	3	164884	2366.42	19652.4	85921.7	15226.2	19618.5	7387.63	3875.82	2390.21	8354.61	819636	0	27	1	0	0xd43f5e018b415631
12	3	control	0	4	163241	2346.17	19685.7	83990.4	15149.5	19892.6	7384.89	3884.2	2396.21	8426.45	819247	0	0	1	0	0xd43f5e018b415631
12	3	control	0	5	163736	2402.42	19812.6	84387.2	15135.5	20066.2	7241.64	3766.69	2371.71	8462.37	819413	0	6	1	0	0xd43f5e018b415631
12	3	control	0	6	166082	2372.04	19713.7	86722.6	15128.9	19729.8	7461.26	3876.11	2555.38	8435.57	837912	0	3	1	0	0xd43f5e018b415631
12	3	control	0	7	163370	2182	19616.9	84108.8	15366.6	19786.4	7583.43	3824.9	2473.38	8340.95	819232	0	7	1	0	0xd43f5e018b415631
12	3	control	0	8	162915	2273.71	19577.9	84318.4	15181.8	19348.2	7358.43	3930.28	2434.59	8402.07	802856	0	1	1	0	0xd43f5e018b415631
12	3	control	0	9	163215	2246.25	19660	83953.4	15222.4	19754.6	7773.98	3783.94	2391.38	8343.99	819217	0	0	1	0	0xd43f5e018b415631
12	3	control	0	10	163794	2259.42	19726.1	84091	15258.3	19921.4	7564.35	3944.87	2396.25	8545.41	819720	0	1	1	0	0xd43f5e018b415631
12	3	control	0	11	164145	2327.13	19843.5	84328	15196	20181	7645.19	3757.78	2402.96	8374.24	819967	0	3	1	0	0xd43f5e018b415631
12	3	control	0	12	163612	2490.13	19660.6	84281.7	15235.5	19769	7416.72	3866.53	2403.13	8400.45	819554	0	1	1	0	0xd43f5e018b415631
12	3	control	0	13	163589	2248.29	19646	84189.4	15198	19880.5	7623.98	3976.45	2431.46	8309.61	819368	0	6	1	0	0xd43f5e018b415631
12	3	control	0	14	163453	2251.62	19708.3	84063.1	15224.3	19967.8	7457.06	3950.11	2388.5	8350.57	819460	0	0	1	0	0xd43f5e018b415631
12	3	control	0	15	164248	2224.83	19756.3	84477.6	15275.2	19895.8	7885.36	3856.4	2393.29	8393.24	819713	0	10	1	0	0xd43f5e018b415631
12	3	control	0	16	163712	2232.96	19801.8	84215.2	15233	19741.5	7742.85	3852.36	2394.21	8409.78	819246	0	2	1	0	0xd43f5e018b415631
12	3	control	0	17	163420	2240.21	19571.4	84201.9	15168.5	19984.8	7614.02	3730.82	2443.71	8374.11	819250	0	3	1	0	0xd43f5e018b415631
12	3	control	0	18	166856	2780.39	19814.1	84590.2	15377.8	21542.4	7490.35	3966.49	2836.68	8366.41	838581	0	3	1	0	0xd43f5e018b415631
12	3	control	0	19	163225	2246.33	19736.6	84335.7	15213.2	19605.1	7365.18	3741.49	2451.75	8443.41	818970	0	9	1	0	0xd43f5e018b415631
12	3	control	0	20	162571	2175.87	19592.4	83854.8	15236.6	19954.5	7283.1	3797.28	2434.79	8152.36	802575	0	0	1	0	0xd43f5e018b415631
12	3	control	0	21	163167	2276.58	19620.7	84192.9	15182.4	19695.4	7388.55	3904.74	2389.5	8429.66	803170	0	0	1	0	0xd43f5e018b415631
12	3	control	0	22	163271	2315.42	19672	83883.3	15208.4	19920.3	7411.55	3983.74	2392.42	8395.45	819220	0	1	1	0	0xd43f5e018b415631
12	3	control	0	23	163409	2265.54	19815.8	83919.1	15221.5	20170.2	7408.3	3772.03	2412.04	8333.28	819238	0	3	1	0	0xd43f5e018b415631
12	3	control	0	24	163948	2277.21	19689.3	84304	15189.6	20119.6	7577.39	3908.82	2403.13	8390.28	819880	0	1	1	0	0xd43f5e018b415631
12	3	control	0	25	163601	2340.96	19629.2	84065.8	15190.9	20146.1	7382.14	3824.78	2396.17	8539.45	819598	0	0	1	0	0xd43f5e018b415631
12	3	control	0	26	163824	2231.17	19569.2	84176.3	15106.2	20323.5	7604.73	3812.11	2397.62	8514.74	819685	0	6	1	0	0xd43f5e018b415631
12	3	control	0	27	164313	2342.21	19797.2	84682.1	15470.2	19960.1	7360.93	3852.82	2380.84	8376.45	819456	0	9	1	0	0xd43f5e018b415631
12	3	control	0	28	163363	2241.29	19598.6	84143.1	15226.7	20078.4	7403.18	3742.49	2401.79	8440.7	819152	0	3	1	0	0xd43f5e018b415631
12	3	control	0	29	163554	2260.75	19732.3	84193.7	15178.1	20241.9	7293.18	3852.57	2389.67	8321.78	819439	0	2	1	0	0xd43f5e018b415631
12	3	control	0	30	165524	2230.29	19580.4	85682.9	16200.1	19620.2	7666.27	3820.86	2440.34	8194.19	837405	0	2	1	0	0xd43f5e018b415631
12	3	control	0	31	163005	2186.33	19654.4	84208	15250.4	19630.8	7379.1	3719.11	2397.79	8491.95	802875	0	2	1	0	0xd43f5e018b415631
12	3	control	0	32	163247	2229.29	19565.2	84110.7	15265	19938	7544.93	3780.45	2387.59	8338.57	819155	0	6	1	0	0xd43f5e018b415631
12	3	control	0	33	163296	2264.5	19619.4	84136.6	15141.1	20153	7380.76	3760.57	2396.5	8357.95	819239	0	1	1	0	0xd43f5e018b415631
12	3	control	0	34	164343	2344.04	19745.8	84362.5	15178.3	20177.2	7669.81	3993.41	2394.38	8389.45	820151	0	3	1	0	0xd43f5e018b415631
12	3	control	0	35	163416	2323.5	19717.5	83839.8	15121.7	20142.5	7341.34	4019.7	2393.84	8427.95	819716	0	5	1	0	0xd43f5e018b415631
12	3	control	0	36	164288	2384.5	19522.7	84518.8	15163.3	20316	7515.72	3865.32	2389.92	8519.53	819465	0	2	1	0	0xd43f5e018b415631
12	3	control	0	37	164755	2825.3	19708.5	85284	15260.5	19936	7326.92	3770.03	2445.84	8107.82	818835	0	13	1	0	0xd43f5e018b415631
12	3	control	0	38	163077	2225.21	19645.4	84200.6	15231.7	19790	7417.42	3718.15	2387.83	8372.95	818944	0	6	1	0	0xd43f5e018b415631
12	3	control	0	39	163567	2323.42	19750.9	83983.7	15266.9	19965	7666.52	3712.78	2402.05	8407.11	819321	0	4	1	0	0xd43f5e018b415631
12	3	control	0	40	163969	2227.92	19901.2	84352.9	15207.5	19949.5	7433.43	4002.53	2403.13	8401.03	819661	0	7	1	0	0xd43f5e018b415631
12	3	control	0	41	163198	2229.12	19775.2	83930.6	15203.2	20118	7259.13	3757.57	2438.25	8402.11	819148	0	1	1	0	0xd43f5e018b415631
12	3	control	0	42	163772	2394.8	19537.7	84152.7	15156.4	20194.7	7416.59	4005.03	2393.84	8426.82	819458	0	4	1	0	0xd43f5e018b415631
12	3	control	0	43	164921	3362.27	19783.7	84910.2	15186.7	19362.3	7551.35	3909.78	2420.04	8346.7	820803	0	2	1	0	0xd43f5e018b415631
12	3	control	0	44	163546	2223.87	19719.6	84083	15229.9	19719.5	7839.81	3782.65	2434.3	8426.32	819281	0	8	1	0	0xd43f5e018b415631
12	3	control	0	45	163560	2225	19674.5	84240.9	15143.9	19946	7628.4	3716.69	2396.25	8500.95	819562	0	0	1	0	0xd43f5e018b415631
12	3	control	0	46	163464	2218.79	19713.5	84080.6	15182.4	20101.7	7455.76	3754.11	2447.96	8421.41	819415	0	1	1	0	0xd43f5e018b415631
12	3	control	0	47	163868	2251.08	19773	84329.1	15189.3	20038.8	7551.77	3883.86	2400.63	8360.66	819758	0	2	1	0	0xd43f5e018b415631
12	3	control	0	48	163188	2245.04	19637.3	83837.1	15095.9	20173.3	7407.72	3832.57	2395.3	8474.74	819137	0	1	1	0	0xd43f5e018b415631
12	3	control	0	49	163662	2257.25	19601	84414.9	15088.7	20138	7446.18	3824.91	2431.46	8371.66	819543	0	2	1	0	0xd43f5e018b415631
13	3	e2c4	0	0	150058	2349.96	19499.3	70210.1	15208.7	20392.8	7732.1	3736.32	2415.59	8429.7	757699	0	7	1	0	0xd43f5e018b415631
13	3	e2c4	0	1	149323	2260.46	19675.9	70450.7	15181.1	19651.7	7305.51	3996.7	2386.09	8325.74	741327	0	0	1	0	0xd43f5e018b415631
13	3	e2c4	0	2	149505	2323.96	19565.2	70154.7	15258.6	20320.5	7293.13	3722.74	2495.25	8285.61	757368	0	2	1	0	0xd43f5e018b415631
13	3	e2c4	0	3	149396	2169.08	19577.2	70237.5	15179.5	20039.9	7465.31	3906.07	2383.83	8352.32	741135	0	5	1	0	0xd43f5e018b415631
13	3	e2c4	0	4	148612	2241.92	19588	70417.7	15175.1	19406.1	7286.55	3710.15	2406.71	8294.4	740478	0	2	1	0	0xd43f5e018b415631
13	3	e2c4	0	5	150229	2206.46	19755.6	69980.6	15250.4	20420.8	7847.14	3828.57	2441.92	8410.28	758231	0	0	1	0	0xd43f5e018b415631
13	3	e2c4	0	6	149095	2261.25	19614.8	70342	15232.2	19740.4	7402.93	3681.57	2382.71	8350.86	741005	0	6	1	0	0xd43f5e018b415631
13	3	e2c4	0	7	149115	2213.21	19558.5	70120.5	15250.7	19082.8	7854.27	3934.16	2467.3	8546.49	756739	0	8	1	0	0xd43f5e018b415631
13	3	e2c4	0	8	149670	2226.17	19765.3	70380.3	15140.4	20229.2	7396.09	3691.4	2368.67	8385.24	741614	0	1	1	0	0xd43f5e018b415631
13	3	e2c4	0	9	148971	2218.62	19589.9	70329.4	15167.3	19581.6	7354.43	3781.28	2402.29	8456.2	740594	0	7	1	0	0xd43f5e018b415631
13	3	e2c4	0	10	150415	2314.21	19777	70435.6	15204.8	20382.4	7695.98	3707.02	2414.92	8391.78	758291	0	2	1	0	0xd43f5e018b415631
13	3	e2c4	0	11	153053	2928.18	19736	73453.8	15147.2	19691.3	7330.05	3958.41	2382.13	8340.4	760701	0	3	1	0	0xd43f5e018b415631
13	3	e2c4	0	12	148249	2234.25	19625.4	70043.6	15252	19034.6	7601.73	3768.03	2484.55	8121.48	740146	0	2	1	0	0xd43f5e018b415631
13	3	e2c4	0	13	149730	2205.91	19531.4	70168.9	15261.4	20387.6	7534.3	3805.95	2436.25	8315.07	741522	0	6	1	0	0xd43f5e018b415631
13	3	e2c4	0	14	149384	2209.12	19832.8	70375.2	15222.5	19596.4	7414.09	3851.45	2389.92	8406.2	741346	0	1	1	0	0xd43f5e018b415631
13	3	e2c4	0	15	149796	2198.83	19646	70228.2	15194.2	20392.6	7334.68	3930.87	2442.09	8344.07	757686	0	2	1	0	0xd43f5e018b415631
13	3	e2c4	0	16	149252	2228.71	19544.1	70362.6	15173.6	19931.9	7387.76	3705.94	2475.34	8351.07	741091	0	3	1	0	0xd43f5e018b415631
13	3	e2c4	0	17	148484	2215.21	19487.4	70338.8	15203.3	19400.9	7183.43	3819.49	2409.67	8340.94	740223	0	3	1	0	0xd43f5e018b415631
13	3	e2c4	0	18	149437	2226.17	19584.7	70073	15238.2	20322	7306.26	3715.82	2491.42	8395.49	757437	0	0	1	0	0xd43f5e018b415631
13	3	e2c4	0	19	150264	3287.02	19752.3	70410.6	15170.9	19509.9	7312.93	3875.03	2398.54	8459.91	742264	0	0	1	0	0xd43f5e018b415631
13	3	e2c4	0	20	150067	2261.46	19638	70343.8	15271.3	20420.6	7321.35	3856.2	2468.75	8402.53	757869	0	7	1	0	0xd43f5e018b415631
13	3	e2c4	0	21	149529	2413.59	20016.7	70343	15153.2	19499.1	7575.59	3660.94	2409.55	8368.03	741218	0	7	1	0	0xd43f5e018b415631
13	3	e2c4	0	22	148005	2293.83	19564.9	69956	15585	19016.3	7129.67	3841.19	2519.54	8010.98	739681	0	2	1	0	0xd43f5e018b415631
13	3	e2c4	0	23	149792	2183.16	19615.4	69945.3	15264.3	20435.6	7332.97	4035.66	2434.25	8462.7	741727	0	1	1	0	0xd43f5e018b415631
13	3	e2c4	0	24	152650	2211.04	19674.7	72932.4	15577.8	19890.5	7567.27	3888.49	2388.67	8432.78	760291	0	3	1	0	0xd43f5e018b415631
13	3	e2c4	0	25	148740	2240	19503.7	70275.9	15234.2	19420.3	7290.42	3971.74	2419.09	8301.15	740746	0	0	1	0	0xd43f5e018b415631
13	3	e2c4	0	26	147991	2208.16	19612.5	69953.3	15301.6	19066.7	7393.76	3734.4	2495.21	8141.07	739996	0	0	1	0	0xd43f5e018b415631
13	3	e2c4	0	27	150369	2243.08	19582.4	70273.2	15276.1	20654.7	7444.01	3879.41	2551.92	8376.36	741758	0	7	1	0	0xd43f5e018b415631
13	3	e2c4	0	28	148599	2220.88	19553.5	70156.7	15202.7	19558.4	7407.97	3714.23	2393.75	8303.86	740480	0	2	1	0	0xd43f5e018b415631
13	3	e2c4	0	29	149711	2242	19664.7	70600	15292.5	19704	7483.3	3725.49	2472.34	8410.95	757173	0	6	1	0	0xd43f5e018b415631
13	3	e2c4	0	30	149401	2171.41	19613.1	70243.3	15155.1	20034.2	7414.52	3912.41	2387.09	8381.86	741331	0	1	1	0	0xd43f5e018b415631
13	3	e2c4	0	31	149018	2268.5	19721.2	70573.5	15236.2	18999.8	7554.94	3718.36	2517.88	8341.32	756670	0	2	1	0	0xd43f5e018b415631
13	3	e2c4	0	32	149895	2372.63	19614	70059.2	15220.4	20427.8	7592.1	3742.69	2424.29	8354.65	741894	0	0	1	0	0xd43f5e018b415631
13	3	e2c4	0	33	149064	2265.83	19659	70286.8	15175.5	19686.1	7220.3	3892.57	2476.05	8314.28	741064	0	0	1	0	0xd43f5e018b415631
13	3	e2c4	0	34	150765	2421.63	19423.2	70269.5	15338.9	20434.6	7705.72	4210.54	2433.67	8438.03	758063	0	16	1	0	0xd43f5e018b415631
13	3	e2c4	0	35	148961	2206.37	19518.5	70270.7	15194.4	19664.2	7552.68	3698.07	2400.96	8367.2	742591	0	2	1	0	0xd43f5e018b415631
13	3	e2c4	0	36	150080	2386.63	19684.1	70369.8	15183.3	20399.3	7214.14	4007.7	2436.75	8313.74	755975	0	5	1	0	0xd43f5e018b415631
13	3	e2c4	0	37	149311	2318.42	19604.4	70328.9	15217.7	19806.9	7401.55	3709.73	2399.51	8436.78	741116	0	3	1	0	0xd43f5e018b415631
13	3	e2c4	0	38	152181	2425.88	19560.5	72926.1	15171.6	19517.2	7770.14	3952.61	2436.34	8331.61	759669	0	2	1	0	0xd43f5e018b415631
13	3	e2c4	0	39	150154	2345.04	19829.9	70096.3	15273	20403	7399.64	3942.24	2435.92	8340.19	758053	0	1	1	0	0xd43f5e018b415631
13	3	e2c4	0	40	149037	2371.25	19603.4	70088.9	15240.8	19749.6	7389.72	3701.98	2456.34	8350.53	740995	0	1	1	0	0xd43f5e018b415631
13	3	e2c4	0	41	150488	2204.58	19765.2	70531.8	15242.4	20437.2	7412.26	3690.32	2440.04	8677.08	758375	0	6	1	0	0xd43f5e018b415631
13	3	e2c4	0	42	149093	2224.75	19573.7	70365.6	15216.6	19682	7316.18	3883.36	2428.09	8317.65	741023	0	1	1	0	0xd43f5e018b415631
13	3	e2c4	0	43	148326	2333.5	19734.6	69919.6	15273.6	19080.4	7448.76	3781.9	2482.92	8183.36	740053	0	4	1	0	0xd43f5e018b415631
13	3	e2c4	0	44	149856	2233.96	19633.9	69954.3	15235.2	20536	7378.55	4033.82	2432.38	8329.19	757739	0	2	1	0	0xd43f5e018b415631
13	3	e2c4	0	45	149268	2402.21	19541.7	70398	15163.5	19718.6	7359.34	3839.95	2421.5	8331.65	741270	0	0	1	0	0xd43f5e018b415631
13	3	e2c4	0	46	148373	2278.5	19643.7	70064.7	15248.8	19059.1	7454.76	3996.03	2472.88	8069.44	740382	0	0	1	0	0xd43f5e018b415631
13	3	e2c4	0	47	149939	2251.58	19713.4	69994.3	15232.2	20617.3	7450.14	3808.69	2441.38	8346.32	741761	0	7	1	0	0xd43f5e018b415631
13	3	e2c4	0	48	149078	2208.83	19620.9	70512.8	15093.8	19684.2	7298.97	3721.95	2388.75	8459.66	740691	0	8	1	0	0xd43f5e018b415631
13	3	e2c4	0	49	148454	2554.09	19456.6	70315.5	15263.1	18990.7	7436.89	3887.03	2489.08	7970.4	740357	0	2	1	0	0xd43f5e018b415631
14	3	e2c4	0	0	149900	2250.75	19449.1	70325.4	15230.7	20392.7	7479.26	3876.91	2493.96	8312.82	741740	0	3	1	0	0xd43f5e018b415631
14	3	e2c4	0	1	149155	2404.46	19664	70034.5	15259.9	19405.3	7710.52	3942.95	2492.01	8150.11	740930	0	4	1	0	0xd43f5e018b415631
14	3	e2c4	0	2	149891	2189.5	19622.3	70166.7	15236.2	20476	7504.85	3822.45	2448.21	8337.53	757699	0	4	1	0	0xd43f5e018b415631
14	3	e2c4	0	3	149712	2312.25	19647.4	70751.2	15231.6	19700.7	7294.59	3888.28	2432.75	8364.24	740618	0	18	1	0	0xd43f5e018b415631
14	3	e2c4	0	4	150020	2174.37	19603	70189.8	15300.5	20471.1	7401.14	3859.36	2426.38	8506.07	757760	0	4	1	0	0xd43f5e018b415631
14	3	e2c4	0	5	149511	2444.34	19715.9	70422.1	15229.1	19547.4	7385.85	3934.87	2439.09	8303.94	741134	0	7	1	0	0xd43f5e018b415631
14	3	e2c4	0	6	152634	2186.41	19599.2	71613.9	15406.6	20821.6	8232.57	3827.69	2513.05	8342.15	776288	0	6	1	0	0xd43f5e018b415631
14	3	e2c4	0	7	149876	2160.5	19568	70308.4	15195.4	20395.2	7414.31	3978.82	2399.84	8364.32	741683	0	4	1	0	0xd43f5e018b415631
14	3	e2c4	0	8	148901	2219.67	19692.8	70246.1	15155.2	19589.4	7335.43	3875.53	2418.79	8278.78	740719	0	4	1	0	0xd43f5e018b415631
14	3	e2c4	0	9	149803	2189.62	19640.9	70050.1	15154	20487.1	7393.13	4018.61	2436.58	8342.44	757625	0	3	1	0	0xd43f5e018b415631
14	3	e2c4	0	10	149641	2158.71	19806	70016.6	15246.8	19806.1	7513.13	4124.66	2509.01	8373.36	741228	0	10	1	0	0xd43f5e018b415631
14	3	e2c4	0	11	150494	2429.42	19635.1	70354.7	15213.7	20489.7	7335.01	4139.95	2477.09	8322.53	758138	0	7	1	0	0xd43f5e018b415631
14	3	e2c4	0	12	149462	2266.08	19770.5	70067.2	15212.6	20159.2	7410.72	3851.28	2436.63	8195.61	741268	0	4	1	0	0xd43f5e018b415631
14	3	e2c4	0	13	150246	2186.25	19666.2	70193.2	15258.7	20560.9	7493.8	3996.99	2435.29	8368.4	757730	0	7	1	0	0xd43f5e018b415631
14	3	e2c4	0	14	149017	2211.92	19524.1	70338.1	15115.7	19646.7	7446.68	3945.78	2409.38	8291.07	740872	0	3	1	0	0xd43f5e018b415631
14	3	e2c4	0	15	149945	2199.04	19575.8	70178.8	15287.6	20481	7452.97	3849.11	2484.3	8349.74	757808	0	3	1	0	0xd43f5e018b415631
14	3	e2c4	0	16	149766	2267.12	19791.7	70371	15438.3	19735.6	7527.05	3871.66	2402.25	8273.24	741067	0	13	1	0	0xd43f5e018b415631
14	3	e2c4	0	17	150124	2204.25	19617.7	70433.4	15235.1	20463.7	7549.84	3715.11	2480.88	8334.9	757872	0	9	1	0	0xd43f5e018b415631
14	3	e2c4	0	18	149549	2252.79	19887.2	70372	15204	19645	7382.05	3930.11	2431.67	8354.11	741253	0	6	1	0	0xd43f5e018b415631
14	3	e2c4	0	19	150192	2192.5	19578.8	70270.9	15213.7	20616	7450.17	3938.74	2451.21	8393.36	757964	0	4	1	0	0xd43f5e018b415631
14	3	e2c4	0	20	152133	2378.59	21938.2	70347.9	15196.3	20331.3	7164.22	3846.53	2494.71	8351.11	759969	0	3	1	0	0xd43f5e018b415631
14	3	e2c4	0	21	148951	2330.08	19643.2	70294.1	15169.2	19649.4	7240.88	3855.99	2409.04	8269.53	740755	0	4	1	0	0xd43f5e018b415631
14	3	e2c4	0	22	150408	2201.33	19873.1	70141.4	15305.4	20450.8	7569.18	3980.87	2447.38	8348.99	758138	0	5	1	0	0xd43f5e018b415631
14	3	e2c4	0	23	149289	2219.12	19619.3	70396.4	15172.1	19660.3	7398.01	3892.74	2415.17	8432.57	741001	0	10	1	0	0xd43f5e018b415631
14	3	e2c4	0	24	150129	2219.46	19691.4	70352	15202.4	20489.1	7332.47	3887.19	2460.79	8405.7	757801	0	6	1	0	0xd43f5e018b415631
14	3	e2c4	0	25	149609	2326.5	19585.9	71013	15151.1	19668.4	7156.92	3817.48	2407.29	8398.4	740954	0	6	1	0	0xd43f5e018b415631
14	3	e2c4	0	26	150512	2397.84	19731.9	70432.8	15301.3	20445.7	7484.84	3790.15	2431.92	8407.53	758259	0	5	1	0	0xd43f5e018b415631
14	3	e2c4	0	27	149015	2232.79	19576.3	70389.9	15187	19439.3	7462.43	4092.49	2450.84	8096.56	740822	0	4	1	0	0xd43f5e018b415631
14	3	e2c4	0	28	150212	2210.16	19703.1	70103.2	15220.3	20480.9	7836.31	3792.49	2482.3	8293.11	757909	0	4	1	0	0xd43f5e018b415631
14	3	e2c4	0	29	149592	2941.72	19546.1	70297.2	15340.6	19376.4	7400.26	3926.78	2444.04	8230.23	741339	0	5	1	0	0xd43f5e018b415631
14	3	e2c4	0	30	150415	2163	19926	70269.5	15294	20439.6	7646.6	3846.77	2387.96	8351.36	741804	0	16	1	0	0xd43f5e018b415631
14	3	e2c4	0	31	148978	2325.54	19656.1	70282.3	15346.5	19362.5	7426.85	3885.57	2514.96	8087.52	740658	0	6	1	0	0xd43f5e018b415631
14	3	e2c4	0	32	150070	2184.66	19540.4	70169.8	15404.7	20491.7	7455.43	3896.28	2427.59	8409.99	757797	0	5	1	0	0xd43f5e018b415631
14	3	e2c4	0	33	152734	2326.5	19611.8	72799.2	15606	19923.4	7479.51	4009.24	2452.13	8433.07	760416	0	6	1	0	0xd43f5e018b415631
14	3	e2c4	0	34	148788	2273.83	19669.7	70431.3	15181.5	19210.8	7431.68	3890.86	2483.92	8123.06	740583	0	4	1	0	0xd43f5e018b415631
14	3	e2c4	0	35	150088	2173.66	19573.8	70267	15225.8	20462.6	7614.97	3829.49	2502.13	8351.9	741938	0	3	1	0	0xd43f5e018b415631
14	3	e2c4	0	36	148952	2296.79	19535.1	70322.5	15166.4	19696.5	7327.55	3838.07	2386.59	8297.11	740758	0	4	1	0	0xd43f5e018b415631
14	3	e2c4	0	37	150331	2295.33	19784.2	70325.2	15308.9	20483.7	7458.26	3845.82	2455.84	8285.99	757976	0	10	1	0	0xd43f5e018b415631
14	3	e2c4	0	38	149409	2248.92	19676.5	70373.8	15213.7	19715.6	7236.55	4039.45	2469.71	8345.11	740959	0	8	1	0	0xd43f5e018b415631
14	3	e2c4	0	39	150648	2325.29	19771.6	70371.2	15243.6	20496.8	7446.34	4038.74	2439.88	8426.44	758354	0	5	1	0	0xd43f5e018b415631
14	3	e2c4	0	40	148980	2219.37	19569.4	70317.6	15151.9	19696.4	7312.09	3877.36	2398.54	8349.9	740833	0	3	1	0	0xd43f5e018b415631
14	3	e2c4	0	41	150657	2572.55	19727.5	70350.2	15287	20429.2	7639.22	3788.78	2391.5	8381.44	758402	0	5	1	0	0xd43f5e018b415631
14	3	e2c4	0	42	149097	2303.17	19463.5	70558	15125.4	19588.3	7249.92	3924.9	2421.67	8374.61	740912	0	4	1	0	0xd43f5e018b415631
14	3	e2c4	0	43	150329	2426.96	19530.9	70812.8	15183.1	20422.5	7309.76	3804.78	2433.63	8312.9	757814	0	11	1	0	0xd43f5e018b415631
14	3	e2c4	0	44	149187	2216.71	19493.2	70491.1	15264.4	19672.9	7418.68	3909.65	2400.46	8236.23	740941	0	9	1	0	0xd43f5e018b415631
14	3	e2c4	0	45	150634	2192.58	20153	70405.6	15135.4	20329.4	7670.6	3921.07	2400.75	8338.11	757991	0	7	1	0	0xd43f5e018b415631
14	3	e2c4	0	46	149128	2397.09	19632.8	70338.3	15288.4	19474.8	7387.97	3890.11	2391.96	8235.19	740798	0	6	1	0	0xd43f5e018b415631
14	3	e2c4	0	47	151718	2208.75	19507.3	73447.5	15143.7	19405.9	7298.97	3945.86	2401.04	8269.07	759568	0	3	1	0	0xd43f5e018b415631
14	3	e2c4	0	48	150293	2212.96	19759.7	70574.5	15162.1	20450	7468.67	3826.19	2444.13	8309.94	758095	0	4	1	0	0xd43f5e018b415631
14	3	e2c4	0	49	149246	2212.71	19510.3	70388.9	15261.9	19693.1	7429.22	3924.57	2413.17	8320.9	741048	0	4	1	0	0xd43f5e018b415631
15	3	control	0	0	163119	2155.2	19689.7	84121.9	15281.2	19636.8	7313.97	3773.28	2395.5	8664.74	802609	0	10	1	0	0xd43f5e018b415631
15	3	control	0	1	164189	2207.79	19760.3	84841.5	15326.4	19869.5	7599.93	3844.15	2496.29	8152.94	834871	0	13	1	0	0xd43f5e018b415631
15	3	control	0	2	166472	2200.46	19683.6	86932.6	15214.2	20037	7446.68	4025.82	2419.38	8422.74	822141	0	5	1	0	0xd43f5e018b415631
15	3	control	0	3	163346	2182.62	19690	83878.6	15170.2	20186	7386.3	3927.07	2449.38	8387.49	819151	0	4	1	0	0xd43f5e018b415631
15	3	control	0	4	163957	2203.71	19616.1	84179.5	15195.8	20215.9	7652.81	3962.53	2396	8447.94	819727	0	4	1	0	0xd43f5e018b415631
15	3	control	0	5	163476	2215.37	19441.4	83982.9	15184.3	20285.9	7500.35	3966.57	2408.04	8401.99	819284	0	4	1	0	0xd43f5e018b415631
15	3	control	0	6	163968	2307.96	19673.9	84297.2	15189.1	20264.4	7371.6	3978.78	2397.5	8402.36	819310	0	15	1	0	0xd43f5e018b415631
15	3	control	0	7	163728	2240.42	19668.1	83955.7	15071.7	20275	7464.47	4016.9	2403.67	8545.74	819418	0	6	1	0	0xd43f5e018b415631
15	3	control	0	8	163701	2228.96	19543.7	84076	15164.6	20173.2	7389.55	3934.28	2452.92	8653.24	819509	0	4	1	0	0xd43f5e018b415631
15	3	control	0	9	162869	2214.96	19480.9	83956.6	15146.2	19572.2	7521.55	3985.83	2479.34	8422.15	818657	0	4	1	0	0xd43f5e018b415631
15	3	control	0	10	163319	2148.21	19724.6	84027.6	15208.7	19747.4	7431.51	4101.7	2472.29	8368.61	818971	0	7	1	0	0xd43f5e018b415631
15	3	control	0	11	163145	2149.66	19610.1	84246.9	15266.6	19873.9	7183.92	4154.58	2442.46	8130.44	802747	0	9	1	0	0xd43f5e018b415631
15	3	control	0	12	163112	2147.41	19705.4	83789.1	15251.3	19729.3	7826.31	3741.36	2426.96	8407.32	802806	0	9	1	0	0xd43f5e018b415631
15	3	control	0	13	163282	2187.54	19691.7	83999.9	15190.6	20005.4	7572.51	3758.94	2379.34	8410.03	818991	0	3	1	0	0xd43f5e018b415631
15	3	control	0	14	165604	2610.13	19706.4	84016.9	15147.2	21584	7732.1	3856.07	2449.29	8408.61	837467	0	1	1	0	0xd43f5e018b415631
15	3	control	0	15	162457	2149.54	19552.5	83905.4	15201	19438.2	7324.39	3937.19	2432.88	8424.4	802405	0	1	1	0	0xd43f5e018b415631
15	3	control	0	16	163232	2268.37	19609.9	84241.6	15187.8	19913.3	7428.51	3741.53	2396.79	8359.32	819169	0	1	1	0	0xd43f5e018b415631
15	3	control	0	17	163844	2304.42	19704.3	83859.6	15154.8	20054.6	7879.98	3971.32	2434.75	8393.4	819417	0	3	1	0	0xd43f5e018b415631
15	3	control	0	18	163923	2214.83	19577.3	84354.9	15230.4	19957.4	7549.85	4148.78	2379.04	8419.53	819464	0	9	1	0	0xd43f5e018b415631
15	3	control	0	19	163319	2628.46	19567.6	83947.1	15169.6	20015.5	7302.67	3751.44	2397.62	8451.69	819255	0	1	1	0	0xd43f5e018b415631
15	3	control	0	20	163474	2239.75	19441	84222.7	15144.6	20292.9	7362.67	3889.2	2399.09	8391.07	819476	0	0	1	0	0xd43f5e018b415631
15	3	control	0	21	162512	2257.21	19659.2	83777.4	15192.4	19665.4	7164.26	3907.7	2430.62	8368.03	818454	0	1	1	0	0xd43f5e018b415631
15	3	control	0	22	162967	2164.16	19609.9	83974.1	15249.5	19995.2	7432.35	3800.11	2443.33	8210.61	802853	0	2	1	0	0xd43f5e018b415631
15	3	control	0	23	162922	2149.58	19572.7	84144.9	15276.6	19824.4	7274.92	3804.32	2408.33	8377.44	802647	0	7	1	0	0xd43f5e018b415631
15	3	control	0	24	163131	2291.17	19536.6	83939.1	15148.1	20229.4	7265.3	3845.7	2414.09	8372.65	818915	0	8	1	0	0xd43f5e018b415631
15	3	control	0	25	163868	2211.83	19463.5	83979	15199.2	20293.2	7592.89	4054.28	2454.09	8511.11	819796	0	1	1	0	0xd43f5e018b415631
15	3	control	0	26	165263	2291.42	19343.2	85476.4	15294	20489.8	7389.89	3798.61	2764.26	8324.15	820972	0	4	1	0	0xd43f5e018b415631
15	3	control	0	27	163008	2139	19751.6	83937.2	15287.9	19583.4	7588.14	3788.53	2413.96	8432.69	802891	0	2	1	0	0xd43f5e018b415631
15	3	control	0	28	162902	2189.25	19725.1	83642.1	15184	20051.1	7326.55	3816.9	2409.71	8472.11	818904	0	0	1	0	0xd43f5e018b415631
15	3	control	0	29	163988	2213.33	19543.8	84054.4	15124.1	20325.7	7531.01	4054.83	2404.88	8645.32	819823	0	3	1	0	0xd43f5e018b415631
15	3	control	0	30	163432	2206.41	19612.5	83977.7	15173.7	20161.4	7193.29	4119.95	2429.3	8435.36	819243	0	3	1	0	0xd43f5e018b415631
15	3	control	0	31	163281	2205.96	19511.1	84190.4	15163.9	20238.6	7313.59	3770.15	2445.34	8355.65	819048	0	8	1	0	0xd43f5e018b415631
15	3	control	0	32	163221	2140.91	19652.1	84236.1	15158.4	19662.3	7279.05	4020.95	2450.13	8539.2	819156	0	1	1	0	0xd43f5e018b415631
15	3	control	0	33	163512	2302.12	19626.9	84125.3	15250	19745	7529.76	3874.36	2533	8436.03	819455	0	1	1	0	0xd43f5e018b415631
15	3	control	0	34	162382	2166.5	19565.4	83852	15274.5	19565.6	7294.05	3746.9	2420.67	8408.82	802324	0	1	1	0	0xd43f5e018b415631
15	3	control	0	35	163222	2196.33	19552.6	83931.8	15465.2	20010.4	7404.67	3754.65	2406.25	8411.15	818966	0	6	1	0	0xd43f5e018b415631
15	3	control	0	36	163487	2220.79	19645.4	84016.2	15144.5	20162	7454.34	3944.4	2423.67	8386.15	819358	0	2	1	0	0xd43f5e018b415631
15	3	control	0	37	163305	2215.91	19558.6	83775.3	15197.1	20290.6	7426.47	3932.4	2432.96	8387.9	819165	0	6	1	0	0xd43f5e018b415631
15	3	control	0	38	163016	2193.04	19641.4	84025.9	15144.1	19630.7	7644.38	3813.23	2444.46	8391.32	818844	0	3	1	0	0xd43f5e018b415631
15	3	control	0	39	165839	2163.41	19640.8	86425.2	15172.4	19817.5	7479.09	3979.57	2507.8	8564.61	821840	0	0	1	0	0xd43f5e018b415631
15	3	control	0	40	163250	2245.54	19737.3	83959.5	15196.8	20109.2	7273.89	3795.69	2423.59	8421.49	819199	0	1	1	0	0xd43f5e018b415631
15	3	control	0	41	163520	2206.12	19683.9	84191.5	15127.1	20213.3	7322.3	3881.03	2393.09	8414.94	819461	0	1	1	0	0xd43f5e018b415631
15	3	control	0	42	163377	2185.12	19557.1	84058.1	15127.4	20241.7	7352.63	4018.62	2411.17	8340.65	819315	0	1	1	0	0xd43f5e018b415631
15	3	control	0	43	163691	2355.71	19591.2	84065.3	15144.9	20266.5	7254.38	3986.45	2466.63	8475.15	819377	0	8	1	0	0xd43f5e018b415631
15	3	control	0	44	163838	2374.92	19545.1	83891.7	15205.3	20286.4	7581.05	3983.74	2456.17	8422.15	819772	0	1	1	0	0xd43f5e018b415631
15	3	control	0	45	162802	2266.96	19457.4	83804.1	15188.3	19770.9	7463.75	3739.82	2431.3	8594.7	818801	0	0	1	0	0xd43f5e018b415631
15	3	control	0	46	162846	2147.21	19660.8	84193.1	15231.4	19954.4	7162.88	3861.82	2475.5	8068.27	802788	0	1	1	0	0xd43f5e018b415631
15	3	control	0	47	163029	2390.75	19683.3	83967.5	15301	19711.7	7260.76	3721.94	2399.13	8501.9	818855	0	4	1	0	0xd43f5e018b415631
15	3	control	0	48	163580	2291.29	19574.1	84296	15185.5	19942	7451.84	3804.86	2400.3	8541.95	819354	0	6	1	0	0xd43f5e018b415631
15	3	control	0	49	163556	2236.79	19735.4	83832.9	15480	20082.9	7456.76	3857.49	2402.79	8383.69	821341	0	10	1	0	0xd43f5e018b415631
16	4	control	0	0	163698	2256.79	19645.8	84334.6	15162.6	20193.8	7276.55	3882.86	2407.67	8453.74	819548	0	2	1	0	0xd43f5e018b415631
16	4	control	0	1	163372	2342.38	19526.6	84008.1	15172.8	20198.6	7302.26	3953.16	2396.58	8388.03	819317	0	1	1	0	0xd43f5e018b415631
16	4	control	0	2	164057	2259.62	19574.3	83986.1	15406.8	20313.8	7609.31	4031.32	2412.21	8379.57	819673	0	8	1	0	0xd43f5e018b415631
16	4	control	0	3	163960	2363.21	19487.6	84284.9	15155.9	20374.2	7505.01	3738.15	2409.92	8551.94	819732	0	5	1	0	0xd43f5e018b415631
16	4	control	0	4	164000	2336.75	19627.1	84317.9	15120.4	20120.9	7511.59	3924.03	2471	8486.99	819734	0	8	1	0	0xd43f5e018b415631
16	4	control	0	5	163752	2331.79	19710.6	83976.3	15192.2	20088.9	7732.1	3838.94	2395.25	8399.86	819514	0	4	1	0	0xd43f5e018b415631
16	4	control	0	6	165963	2331.29	19582.1	86521.3	15229.1	19712.6	7365.3	4122.95	2473	8539.28	837736	0	3	1	0	0xd43f5e018b415631
16	4	control	0	7	162921	2151.54	19572.6	84203	15275.2	19874.8	7341.8	3777.82	2488.58	8153.81	802928	0	0	1	0	0xd43f5e018b415631
16	4	control	0	8	163033	2148.46	19603.8	83930.4	15309.1	19746	7428.3	3919.11	2445.34	8419.74	803036	0	0	1	0	0xd43f5e018b415631
16	4	control	0	9	163598	2234.54	19728.3	84027.6	15278.2	19933.9	7645.35	3895.99	2400	8367.15	819262	0	6	1	0	0xd43f5e018b415631
16	4	control	0	10	163166	2249.33	19557.1	83921.8	15217.1	20128.2	7380.55	3849.9	2399.96	8375.82	819101	0	1	1	0	0xd43f5e018b415631
16	4	control	0	11	163564	2199.75	19390.4	84202.3	15155.3	20330.7	7422.8	3983.28	2408.63	8385.03	819384	0	7	1	0	0xd43f5e018b415631
16	4	control	0	12	163730	2197.58	19746.3	84157.2	15137.4	20319.4	7345.54	3994.24	2405.83	8344.98	819734	0	0	1	0	0xd43f5e018b415631
16	4	control	0	13	162777	2418.96	19574.1	83951.1	15150.5	19491.3	7419.93	3755.65	2568.8	8362.86	818634	0	2	1	0	0xd43f5e018b415631
16	4	control	0	14	163163	2203.87	19745	84046.6	15241.2	19790.4	7343.97	3826.07	2471.17	8409.03	818978	0	3	1	0	0xd43f5e018b415631
16	4	control	0	15	162964	2162.08	19535.5	84293.2	15260.1	19423.8	7415.13	3977.49	2422.42	8386.36	802656	0	7	1	0	0xd43f5e018b415631
16	4	control	0	16	163314	2212.16	19709.6	84089.9	15217.9	19810.4	7604.34	3751.94	2394.25	8436.82	819248	0	1	1	0	0xd43f5e018b415631
16	4	control	0	17	163421	2243.87	19727.5	84286.8	15198.9	19975.8	7334.84	3739.02	2434.42	8395.11	819135	0	8	1	0	0xd43f5e018b415631
16	4	control	0	18	165017	2227.62	19690.4	84258.3	15153.8	21113.8	7804.35	3798.57	2400.46	8481.4	820956	0	1	1	0	0xd43f5e018b415631
16	4	control	0	19	162969	2198.29	19624.4	83935.1	15266.4	19726	7461.8	3808.99	2462	8398.99	802978	0	0	1	0	0xd43f5e018b415631
16	4	control	0	20	163616	2368.5	19728.5	83945.9	15151.8	20013.6	7542.76	3961.7	2405.54	8414.07	819616	0	0	1	0	0xd43f5e018b415631
16	4	control	0	21	163380	2197.04	19618.9	84030.2	15223.6	20179	7371.18	3895.2	2398.75	8375.94	819257	0	2	1	0	0xd43f5e018b415631
16	4	control	0	22	164158	2346.08	19662.2	84747.1	15222	20046.5	7502.84	3745.57	2386.33	8413.48	819540	0	4	1	0	0xd43f5e018b415631
16	4	control	0	23	163588	2202.41	19365.1	84037.8	15169.2	20234.6	7517.89	4007.82	2389.5	8579.45	819430	0	6	1	0	0xd43f5e018b415631
16	4	control	0	24	163070	2246.04	19552.4	83664	15127.5	20230.6	7427.63	3894.65	2431.62	8412.23	819065	0	0	1	0	0xd43f5e018b415631
16	4	control	0	25	163693	2195.41	19605	84199	15152.4	20271.5	7334.97	4000.91	2441	8409.94	819631	0	1	1	0	0xd43f5e018b415631
16	4	control	0	26	164002	2235.62	19693.1	84055.9	15284.4	20341.7	7439.09	4008.36	2450.05	8409.61	819845	0	3	1	0	0xd43f5e018b415631
16	4	control	0	27	163730	2229.25	19601.8	84222.6	15174.7	20522	7352.22	3725.69	2397.63	8417.11	819481	0	6	1	0	0xd43f5e018b415631
16	4	control	0	28	164112	2230.91	19529.7	84069.2	15233.4	20384.1	7376.76	3925.24	2515.5	8759.83	819930	0	3	1	0	0xd43f5e018b415631
16	4	control	0	29	163701	2244.83	19554.7	84229.8	15125.9	20292.9	7539.88	3831.69	2397.59	8394.32	819394	0	9	1	0	0xd43f5e018b415631
16	4	control	0	30	165462	2198.87	19542.1	86010.2	15617	19965.6	7478.22	3947.19	2409.63	8207.77	821458	0	0	1	0	0xd43f5e018b415631
16	4	control	0	31	163213	2305.38	19630.9	83816.5	15286.9	19791.7	7467.26	3997.7	2438.59	8392.69	819146	0	1	1	0	0xd43f5e018b415631
16	4	control	0	32	163237	2187.91	19791.7	83937.4	15170.1	20005.2	7456.43	3740.78	2453.88	8411.4	819235	0	0	1	0	0xd43f5e018b415631
16	4	control	0	33	162975	2198.54	19431.6	83843	15127.5	20249.4	7381.88	3805.36	2453.46	8395.27	818870	0	2	1	0	0xd43f5e018b415631
16	4	control	0	34	162954	2188.58	19553.6	83947.5	15220.4	19774.6	7472.84	3807.49	2426.88	8475.86	818800	0	3	1	0	0xd43f5e018b415631
16	4	control	0	35	162781	2147.12	19544.2	84070.8	15246.6	19960.6	7367.5	3732.44	2481.25	8146.48	802721	0	1	1	0	0xd43f5e018b415631
16	4	control	0	36	163376	2180.12	19605.1	84050.6	15256.1	19639.4	7578.8	3933.07	2435.5	8611.61	803221	0	7	1	0	0xd43f5e018b415631
16	4	control	0	37	162874	2202.54	19452.9	83937.1	15172.2	20109.1	7350.21	3800.15	2429.17	8338.69	818814	0	1	1	0	0xd43f5e018b415631
16	4	control	0	38	164022	2210.66	19499.3	84268.7	15192.6	20434.9	7473.68	3884.45	2387.96	8585.07	819835	0	3	1	0	0xd43f5e018b415631
16	4	control	0	39	163610	2366.46	19515.3	83970.9	15369.4	20137.4	7472.22	3819.32	2435.08	8439.57	819403	0	5	1	0	0xd43f5e018b415631
16	4	control	0	40	163487	2199.41	19513.7	84088	15165.6	20268.2	7370.43	3999.32	2407.58	8387.44	819419	0	1	1	0	0xd43f5e018b415631
16	4	control	0	41	163796	2341	19564.4	84076.9	15161.7	20281.3	7573.51	3854.03	2462.79	8395.94	819585	0	3	1	0	0xd43f5e018b415631
16	4	control	0	42	163940	2230.58	19709.8	84323	15158.2	20473	7379.09	3816.11	2389	8373.9	819732	0	7	1	0	0xd43f5e018b415631
16	4	control	0	43	165900	2259.16	19580.7	86850.5	15200.7	19780	7339.34	3885.4	2518.3	8400.69	837796	0	2	1	0	0xd43f5e018b415631
16	4	control	0	44	162564	2165.91	19633	84054.7	15241.6	19472.6	7380.34	3702.86	2429.42	8400.86	802563	0	0	1	0	0xd43f5e018b415631
16	4	control	0	45	163096	2201.75	19546.4	83926.6	15172.6	20124.7	7429.43	3829.98	2405	8372.02	818967	0	2	1	0	0xd43f5e018b415631
16	4	control	0	46	163428	2194.91	19710.1	84041.5	15160.4	20159	7398.01	3821.36	2399.08	8457.99	819254	0	3	1	0	0xd43f5e018b415631
16	4	control	0	47	162658	2197.16	19569.7	84032.9	15170.2	19516	7458.8	3774.19	2435.17	8416.36	818547	0	2	1	0	0xd43f5e018b415631
16	4	control	0	48	162737	2159.83	19722.5	84078	15262.7	19773.9	7348.1	3796.15	2424.42	8087.52	802462	0	7	1	0	0xd43f5e018b415631
16	4	control	0	49	163184	2150.29	19632.4	84117.1	15238.6	19756.6	7594.68	3729.19	2386.42	8492.82	803121	0	1	1	0	0xd43f5e018b415631
17	4	e2c4	0	0	149389	2168.08	19588.2	70291.9	15144.2	19847.1	7523.84	3900.07	2469.75	8367.44	741324	0	1	1	0	0xd43f5e018b415631
17	4	e2c4	0	1	148285	2203.58	19547.4	70163.4	15276.2	19078	7366.96	3969.32	2458.5	8134.06	740023	0	5	1	0	0xd43f5e018b415631
17	4	e2c4	0	2	149893	2532.84	19530.5	70055.2	15184.9	20354.6	7343.68	4034.91	2433.54	8335.69	757897	0	0	1	0	0xd43f5e018b415631
17	4	e2c4	0	3	148917	2203.62	19558.3	70126	15169.7	19801.4	7509.8	3716.02	2429.08	8315.61	740863	0	1	1	0	0xd43f5e018b415631
17	4	e2c4	0	4	148626	2237.62	19837.2	70335.4	15215.6	19147.1	7272.97	3848.61	2438.13	8208.44	740447	0	7	1	0	0xd43f5e018b415631
17	4	e2c4	0	5	149800	2470.63	19484.7	70269.2	15219.3	20343.5	7381.05	3732.03	2461.54	8351.07	757805	0	0	1	0	0xd43f5e018b415631
17	4	e2c4	0	6	148962	2194.62	19637.1	70086.6	15158.5	19956.9	7194.96	3857.36	2401.13	8388.07	740751	0	4	1	0	0xd43f5e018b415631
17	4	e2c4	0	7	149468	2620.55	19494.6	70134.6	15188.6	19619.7	7562.76	3949.65	2460.63	8353.48	757151	0	8	1	0	0xd43f5e018b415631
17	4	e2c4	0	8	149885	2188.16	19635.6	70535.9	15150.7	20189.5	7464.64	3865.32	2424.25	8343.44	741662	0	4	1	0	0xd43f5e018b415631
17	4	e2c4	0	9	148830	2303.92	19627.5	70209.2	15195.8	19559.9	7328.05	3766.07	2464.29	8292.19	740762	0	1	1	0	0xd43f5e018b415631
17	4	e2c4	0	10	149511	2202	19652.8	70133.4	15253.5	20249.5	7205	3920.15	2465.17	8345.48	757352	0	7	1	0	0xd43f5e018b415631
17	4	e2c4	0	11	152614	2176.71	22173.3	70517.7	15248	20359.2	7418.93	3748.86	2420.88	8462.4	760556	0	1	1	0	0xd43f5e018b415631
17	4	e2c4	0	12	148900	2210.29	19450.8	70129.2	15205	19732.8	7325.76	4031.32	2399.09	8328.98	740902	0	0	1	0	0xd43f5e018b415631
17	4	e2c4	0	13	148268	2211.58	19547	70253	15206.1	19192.7	7276.17	3801.07	2381.29	8311.9	740274	0	0	1	0	0xd43f5e018b415631
17	4	e2c4	0	14	150272	2215.83	19553.4	70393.4	15177.9	20382.9	7464.22	3941.07	2483.87	8571.99	757964	0	3	1	0	0xd43f5e018b415631
17	4	e2c4	0	15	149023	2284.96	19651	70405.5	15254.6	19504.8	7199.5	3787.98	2392.67	8456.15	740913	0	2	1	0	0xd43f5e018b415631
17	4	e2c4	0	16	148086	2217.66	19578.6	70071.3	15234.2	19050.1	7328.09	3923.82	2501.13	8090.23	740030	0	1	1	0	0xd43f5e018b415631
17	4	e2c4	0	17	149824	2268.75	19544.3	70405.5	15178.4	20350.4	7361.51	3836.95	2435	8356.23	757611	0	6	1	0	0xd43f5e018b415631
17	4	e2c4	0	18	149118	2206.16	19826.9	70023.1	15130.6	19807	7306.97	4002.82	2444.17	8287.15	741059	0	1	1	0	0xd43f5e018b415631
17	4	e2c4	0	19	149166	2206.29	19570.4	70215.3	15277.7	19092.3	7880.68	4045.15	2451.04	8337.65	757106	0	1	1	0	0xd43f5e018b415631
17	4	e2c4	0	20	149490	2157.12	19549.5	70049	15116	20386.6	7580.31	3765.27	2432.33	8362.19	741372	0	2	1	0	0xd43f5e018b415631
17	4	e2c4	0	21	149271	2596.88	19568.6	70147.2	15165.7	19580.2	7362.63	3910.7	2411.46	8440.07	740741	0	7	1	0	0xd43f5e018b415631
17	4	e2c4	0	22	148700	2221.12	19507.4	70024.5	15256.5	19613.7	7436.22	3839.9	2438.67	8277.77	756640	0	1	1	0	0xd43f5e018b415631
17	4	e2c4	0	23	149549	2157.7	19588.4	70020.2	15243.4	20364.7	7221.92	3956.28	2464.71	8447.61	741429	0	2	1	0	0xd43f5e018b415631
17	4	e2c4	0	24	152482	2260.21	19691.9	71609.2	15339.9	20634.6	7514.34	4120.41	2744.8	8479.57	760274	0	7	1	0	0xd43f5e018b415631
17	4	e2c4	0	25	148739	2229.29	19667.9	70224.1	15198.3	19365.6	7388.47	3819.82	2383.54	8376.19	740651	0	0	1	0	0xd43f5e018b415631
17	4	e2c4	0	26	149980	2263.29	19544.9	70293.3	15169.7	20513.8	7523.51	3771.28	2429.79	8385.86	757917	0	1	1	0	0xd43f5e018b415631
17	4	e2c4	0	27	149037	2218.66	19692.4	70221.5	15142.2	19723.1	7380.71	3739.65	2433.08	8400.98	740974	0	1	1	0	0xd43f5e018b415631
17	4	e2c4	0	28	148228	2257.71	19486.9	70230.5	15247.6	19140.3	7243.25	3948.28	2439	8147.9	740030	0	3	1	0	0xd43f5e018b415631
17	4	e2c4	0	29	147918	2196.37	19607.5	70004.8	15238.9	19001.9	7336.93	3866.99	2538.47	8041.52	739862	0	1	1	0	0xd43f5e018b415631
17	4	e2c4	0	30	150216	2178.46	19703.1	70161.8	15249.3	20414.6	7438.25	3972.82	2431.5	8580.28	758217	0	0	1	0	0xd43f5e018b415631
17	4	e2c4	0	31	149280	2193.75	19624.3	70298	15224	19743.8	7419.59	3880.57	2390.25	8418.44	741128	0	7	1	0	0xd43f5e018b415631
17	4	e2c4	0	32	149814	2231.96	19561.7	70191.3	15215.1	20311.2	7504.93	3914.28	2431	8366.94	757757	0	1	1	0	0xd43f5e018b415631
17	4	e2c4	0	33	149699	2283	19575.6	70378.6	15127.6	19823.6	7841.31	3773.74	2392.83	8417.73	741531	0	3	1	0	0xd43f5e018b415631
17	4	e2c4	0	34	150137	2217.91	19616.1	70353.6	15438.6	20472.1	7340.63	3809.65	2448.92	8351.48	757870	0	7	1	0	0xd43f5e018b415631
17	4	e2c4	0	35	148950	2257.37	19630.4	70180.2	15278	19740.2	7382.59	3732.11	2388.38	8272.94	740871	0	1	1	0	0xd43f5e018b415631
17	4	e2c4	0	36	148450	2206.29	19518.2	70214.3	15184.1	19311.2	7318.42	3884.99	2399.79	8329.07	740385	0	1	1	0	0xd43f5e018b415631
17	4	e2c4	0	37	147755	2303.17	19423.2	69849.6	15179.9	19171.3	7168	3871.11	2460.38	8243.1	739677	0	1	1	0	0xd43f5e018b415631
17	4	e2c4	0	38	151830	2507	22965.4	69892.1	15165	19225.2	7284.72	4057.2	2388.84	8256.94	759580	0	7	1	0	0xd43f5e018b415631
17	4	e2c4	0	39	147979	2223.25	19565.2	70069.6	15163.9	19081.9	7370.34	3753.03	2512.67	8157.69	739981	0	0	1	0	0xd43f5e018b415631
17	4	e2c4	0	40	149730	2189.16	19594.4	70320	15170.1	20378.4	7307.88	3885.36	2435.17	8365.65	757668	0	1	1	0	0xd43f5e018b415631
17	4	e2c4	0	41	149741	2238.12	19578.7	70299.3	15209.4	20536.4	7436.59	3793.32	2382.71	8182.6	741311	0	4	1	0	0xd43f5e018b415631
17	4	e2c4	0	42	149698	2189.5	19514.4	70201.2	15201.1	20338.5	7485.76	3851.73	2433.04	8397.9	757633	0	1	1	0	0xd43f5e018b415631
17	4	e2c4	0	43	148910	2275.29	19472.4	70237.8	15162.7	19912.6	7321.01	3732.11	2395.13	8317.19	740853	0	1	1	0	0xd43f5e018b415631
17	4	e2c4	0	44	148797	2202.79	19670.2	70198.5	15151.2	19303.7	7569.22	3864.82	2438.75	8311.69	740803	0	0	1	0	0xd43f5e018b415631
17	4	e2c4	0	45	150031	2192.87	19652.2	70313.8	15221.6	20353.4	7389.34	3872.53	2446.8	8461.65	757794	0	7	1	0	0xd43f5e018b415631
17	4	e2c4	0	46	148967	2231.08	19758.5	70081	15128.4	19757.2	7328.96	3740.73	2475.5	8354.32	740851	0	2	1	0	0xd43f5e018b415631
17	4	e2c4	0	47	149165	2201.58	19544.9	70135.9	15155.1	19900.1	7626.01	3829.48	2404.96	8281.44	756893	0	7	1	0	0xd43f5e018b415631
17	4	e2c4	0	48	149718	2148.37	19633.4	70135.5	15218.3	20322.7	7507.01	3910.15	2385.96	8373.77	741661	0	1	1	0	0xd43f5e018b415631
17	4	e2c4	0	49	148730	2204.16	19575.6	70045	15200.8	19621.5	7378.42	3881.61	2389.25	8346.32	740676	0	1	1	0	0xd43f5e018b415631
18	4	e2c4	0	0	150129	2195.29	19484.9	70158.2	15201.8	20460.6	7483.76	4237.53	2425.92	8399.94	757854	0	8	1	0	0xd43f5e018b415631
18	4	e2c4	0	1	149217	2206.04	19559.7	70783.3	15171.3	19516.2	7296.46	3857.4	2417.79	8330.65	740811	0	4	1	0	0xd43f5e018b415631
18	4	e2c4	0	2	150451	2294.04	19711.5	70239.2	15262	20441.6	7475.59	3943.99	2440.96	8554.19	758238	0	3	1	0	0xd43f5e018b415631
18	4	e2c4	0	3	149484	2298.96	19431.2	70693	15333.8	19520.1	7577.59	3844.86	2396.29	8305.48	741016	0	11	1	0	0xd43f5e018b415631
18	4	e2c4	0	4	150286	2196.21	19563.6	70101.1	15275	20307.4	7853.14	3975.36	2441.88	8490.32	742019	0	2	1	0	0xd43f5e018b415631
18	4	e2c4	0	5	148992	2201.46	19578.3	70175.6	15142.9	19506.5	7597.89	3962.07	2422.38	8323.86	740733	0	2	1	0	0xd43f5e018b415631
18	4	e2c4	0	6	148105	2211.62	19684.9	70240.7	15226.1	18991.3	7343.17	3785.02	2499.17	8042.27	740017	0	1	1	0	0xd43f5e018b415631
18	4	e2c4	0	7	151739	2236.58	19530.3	73325.5	15267.6	19345.5	7501.09	3724.19	2408.13	8316.02	743652	0	6	1	0	0xd43f5e018b415631
18	4	e2c4	0	8	147986	2177.87	19447.3	69953.4	15213.4	19017.8	7661.22	3762.31	2511.34	8161.9	740013	0	0	1	0	0xd43f5e018b415631
18	4	e2c4	0	9	150411	2171.75	19536.8	70334.7	15455.5	20291.3	7587.38	4057.49	2456.13	8435.07	742281	0	3	1	0	0xd43f5e018b415631
18	4	e2c4	0	10	149055	2230.79	19729.3	70312	15202.9	19249.8	7630.68	3993.24	2436.63	8187.44	740847	0	4	1	0	0xd43f5e018b415631
18	4	e2c4	0	11	150311	2380.96	19528.4	70132.5	15220.9	20416.3	7665.3	3828.23	2498.38	8553.15	742266	0	1	1	0	0xd43f5e018b415631
18	4	e2c4	0	12	149030	2310.71	19526.7	70343.7	15173.5	19514.7	7261.34	3935.4	2519.04	8361.82	740948	0	1	1	0	0xd43f5e018b415631
18	4	e2c4	0	13	150105	2290.92	19632.2	70203.1	15239.9	20508.7	7563.35	3764.4	2434.63	8380.73	758048	0	1	1	0	0xd43f5e018b415631
18	4	e2c4	0	14	149364	2199.21	19696.8	70040.4	15242.7	20079.8	7396.34	3763.44	2436.63	8427.4	741155	0	7	1	0	0xd43f5e018b415631
18	4	e2c4	0	15	150031	2314.71	19664.7	70365.7	15170.3	20450.5	7456.3	3733.28	2435.04	8355.36	757840	0	3	1	0	0xd43f5e018b415631
18	4	e2c4	0	16	149432	2245.87	19549.7	70450.1	15484.9	19813.4	7288.29	3724.52	2405.92	8390.15	741155	0	7	1	0	0xd43f5e018b415631
18	4	e2c4	0	17	148639	2236.79	19539.8	69986.1	15394.9	19000.6	7755.1	3740.44	2510.04	8392.23	756565	0	1	1	0	0xd43f5e018b415631
18	4	e2c4	0	18	150006	2245.96	19679.5	70548.7	15218	20291.7	7394.18	3754.28	2414.58	8374.48	741773	0	4	1	0	0xd43f5e018b415631
18	4	e2c4	0	19	149150	2295.42	19555.2	70180.5	15255.4	19831.5	7422.34	3850.61	2434.63	8242.85	741155	0	0	1	0	0xd43f5e018b415631
18	4	e2c4	0	20	153054	2164.95	19572.1	72822.1	15254.9	20312.9	7722.68	4256.82	2530.67	8331.31	761056	0	0	1	0	0xd43f5e018b415631
18	4	e2c4	0	21	149767	2174.45	19561.7	70414.9	15163.9	19886	7679.76	4008.61	2405.75	8390.07	741425	0	8	1	0	0xd43f5e018b415631
18	4	e2c4	0	22	148551	2403.38	19752.2	70167.5	15268.8	19077.5	7376.09	3822.98	2506.67	8092.02	740503	0	1	1	0	0xd43f5e018b415631
18	4	e2c4	0	23	149911	2398.33	19563.2	70019.9	15163.9	20531.4	7509.01	3827.24	2475.8	8336.86	741725	0	3	1	0	0xd43f5e018b415631
18	4	e2c4	0	24	149241	2191.66	19774	70174	15221.2	19643.4	7577.92	3808.82	2385.5	8379.9	741249	0	0	1	0	0xd43f5e018b415631
18	4	e2c4	0	25	150589	2225.96	19642.8	70348.2	15205.3	20463.9	7693.97	4008.16	2472.46	8444.82	758523	0	1	1	0	0xd43f5e018b415631
18	4	e2c4	0	26	149072	2251.71	19570.6	70351.3	15268.9	19604.5	7367.3	3776.86	2388.08	8410.61	741073	0	0	1	0	0xd43f5e018b415631
18	4	e2c4	0	27	149876	2184.58	19526.1	70175.6	15214.6	20415.1	7491.14	3838.27	2452.71	8496.82	757884	0	0	1	0	0xd43f5e018b415631
18	4	e2c4	0	28	149868	2257.62	19553.5	70217.1	15772.4	19692.3	7491.47	3925.36	2458.63	8413.98	741325	0	17	1	0	0xd43f5e018b415631
18	4	e2c4	0	29	149573	2272	19507.8	70262.9	15213.1	20337.8	7268.21	3844.23	2448.09	8337.36	757579	0	0	1	0	0xd43f5e018b415631
18	4	e2c4	0	30	149514	2170.7	19490.3	70828.9	15110.5	19740.8	7489.26	3746.36	2423.71	8431.77	740843	0	10	1	0	0xd43f5e018b415631
18	4	e2c4	0	31	150332	2330.54	19650.1	70325.4	15179.2	20408.9	7575.89	3906.28	2440.67	8431.57	758227	0	1	1	0	0xd43f5e018b415631
18	4	e2c4	0	32	149637	2212.25	19775.9	70315.6	15172.4	19755.3	7572.64	3940.11	2410.84	8402.11	741519	0	2	1	0	0xd43f5e018b415631
18	4	e2c4	0	33	150303	2332.08	19642.2	70393.2	15147.4	20390.2	7625.84	3801.11	2444.67	8442.44	758195	0	2	1	0	0xd43f5e018b415631
18	4	e2c4	0	34	149622	3031.22	19529.3	70335.7	15232.6	19354.3	7447.34	3909.03	2442.21	8257.31	741509	0	6	1	0	0xd43f5e018b415631
18	4	e2c4	0	35	149776	2168.37	19609.5	70219.3	15185.8	20399.9	7638.35	3704.65	2425.87	8342.48	741782	0	0	1	0	0xd43f5e018b415631
18	4	e2c4	0	36	149646	2310.33	20181.1	70349	15198.9	19489.6	7389.3	3799.77	2437.8	8404.57	741205	0	6	1	0	0xd43f5e018b415631
18	4	e2c4	0	37	149819	2322.83	19648.2	70216.5	15178.8	20439.9	7235.54	3946.57	2438.96	8310.56	757691	0	2	1	0	0xd43f5e018b415631
18	4	e2c4	0	38	149331	2217.21	19546.3	70337.4	15240	19799.9	7536.68	3755.9	2440.59	8377.36	741275	0	1	1	0	0xd43f5e018b415631
18	4	e2c4	0	39	148488	2314.37	19614.6	69926.2	15243.5	19100	7551.88	3866.99	2637.17	8151.94	740494	0	0	1	0	0xd43f5e018b415631
18	4	e2c4	0	40	150128	2290.33	19662	70131.8	15219.9	20411.8	7487.05	3772.36	2430.08	8638.94	742141	0	0	1	0	0xd43f5e018b415631
18	4	e2c4	0	41	149341	2227.91	19712.7	70589.3	15293.8	19336.5	7532.22	3831.57	2443.63	8289.52	741170	0	7	1	0	0xd43f5e018b415631
18	4	e2c4	0	42	149826	2249.66	19494.6	70232.7	15229.2	20421.7	7394.51	3882.57	2437.54	8398.61	741718	0	2	1	0	0xd43f5e018b415631
18	4	e2c4	0	43	149277	2266.96	19570.7	70257.9	15207.8	19679.5	7537.93	3865.49	2412.13	8397.98	740952	0	7	1	0	0xd43f5e018b415631
18	4	e2c4	0	44	148855	2232.79	19552.6	70103.6	15325.4	18992.2	7660.39	3921.32	2547.84	8434.15	756782	0	1	1	0	0xd43f5e018b415631
18	4	e2c4	0	45	149585	2154.62	19556.8	70210.2	15177.4	20323.5	7505.13	3766.11	2404.13	8405.77	741473	0	2	1	0	0xd43f5e018b415631
18	4	e2c4	0	46	149215	2290.91	19561	70212.5	15154.9	19567.4	7561.76	3951.99	2451.84	8381.19	741218	0	0	1	0	0xd43f5e018b415631
18	4	e2c4	0	47	151501	2299.71	19482.6	70228.6	16955.9	20339.7	7589.97	3749.56	2435.63	8334.6	759447	0	1	1	0	0xd43f5e018b415631
18	4	e2c4	0	48	148220	2332.71	19618.8	70119.7	15233.3	19043.7	7377.97	3756.98	2542.59	8112.19	740132	0	6	1	0	0xd43f5e018b415631
18	4	e2c4	0	49	149926	2177.08	19563.1	70151.1	15219.8	20425.3	7571.13	3878.82	2440.29	8417.07	757833	0	2	1	0	0xd43f5e018b415631
19	4	control	0	0	163399	2168.29	19586.3	84213.6	15343.7	19805.3	7553.51	3726.65	2503.34	8408.27	819288	0	2	1	0	0xd43f5e018b415631
19	4	control	0	1	162699	2231.54	19670.1	84001.8	15192	19405.6	7495.88	3814.95	2423.46	8379.69	802641	0	1	1	0	0xd43f5e018b415631
19	4	control	0	2	165192	2216.33	19863.5	84209.9	15288.4	20836.3	7474.63	4007.53	2787.42	8419.02	837190	0	0	1	0	0xd43f5e018b415631
19	4	control	0	3	162541	2154.58	19658.2	83917.4	15255.5	19361.6	7207.05	4064.32	2462.46	8372.02	802379	0	6	1	0	0xd43f5e018b415631
19	4	control	0	4	163106	2212.25	19677.9	84039.9	15158.6	19933.1	7263.38	3759.94	2427.21	8546.98	818736	0	7	1	0	0xd43f5e018b415631
19	4	control	0	5	163430	2313.33	19747.1	83938.7	15136.1	20107	7452.13	3819.19	2382.63	8450.07	819325	0	2	1	0	0xd43f5e018b415631
19	4	control	0	6	163485	2196.41	19516.8	84235.4	15089	20213.3	7493.46	3814.86	2423.25	8415.11	819435	0	1	1	0	0xd43f5e018b415631
19	4	control	0	7	163504	2228.5	19551.1	84062.9	15236.5	20221.6	7189	3982.78	2451.34	8497.23	819523	0	0	1	0	0xd43f5e018b415631
19	4	control	0	8	163690	2357.29	19507.4	83998.2	15156.2	20228.1	7680.43	3890.82	2434.09	8348.65	819610	0	1	1	0	0xd43f5e018b415631
19	4	control	0	9	164001	2194.21	19586.2	84334.5	15173.4	20315.1	7301.79	3923.07	2587.92	8495.23	819693	0	9	1	0	0xd43f5e018b415631
19	4	control	0	10	162704	2186.58	19594.8	84060.7	15190.9	19601.5	7310.21	3816.78	2432	8420.73	818651	0	1	1	0	0xd43f5e018b415631
19	4	control	0	11	162976	2171.12	19665.9	84025.7	15222.4	19974	7370.88	3708.31	2492.71	8257.02	802597	0	8	1	0	0xd43f5e018b415631
19	4	control	0	12	162859	2152.7	19520.6	83875.6	15317.4	19764.8	7315.21	3976.94	2465.04	8386.61	802689	0	3	1	0	0xd43f5e018b415631
19	4	control	0	13	163338	2223.29	19684.4	84085.6	15161.3	20011.1	7330.5	3979.53	2401.58	8373.98	819331	0	0	1	0	0xd43f5e018b415631
19	4	control	0	14	165523	2363.58	19488.9	86517.6	15170.4	19577	7620.63	3839.49	2519.88	8335.35	837469	0	1	1	0	0xd43f5e018b415631
19	4	control	0	15	162675	2166.2	19607.8	84063.4	15248.5	19584.5	7318.18	3741.77	2399.38	8456.69	802687	0	0	1	0	0xd43f5e018b415631
19	4	control	0	16	163277	2267.29	19622.8	84032.7	15215.9	19968.2	7466.05	3844.77	2390.54	8381.52	819033	0	7	1	0	0xd43f5e018b415631
19	4	control	0	17	163327	2215.87	19674.4	83968.1	15186.1	20158.7	7481.22	3768.65	2376.29	8408.4	819137	0	3	1	0	0xd43f5e018b415631
19	4	control	0	18	162506	2223.37	19655.1	83733.6	15162.1	19551.8	7467.01	3767.44	2489	8367.65	818449	0	1	1	0	0xd43f5e018b415631
19	4	control	0	19	162723	2140.75	19544.5	83842.6	15240.3	19926.4	7444.5	3909.7	2431.88	8154.73	802673	0	1	1	0	0xd43f5e018b415631
19	4	control	0	20	162905	2162.7	19476.2	83866.5	15284.1	19813.9	7485.09	3887.86	2452.92	8388.19	802845	0	1	1	0	0xd43f5e018b415631
19	4	control	0	21	163121	2196.54	19629.1	83912.3	15186.2	20122.5	7331.3	3896.9	2398	8359.77	819055	0	1	1	0	0xd43f5e018b415631
19	4	control	0	22	163760	2286.37	19520.6	84152.5	15212.9	20216.6	7450.22	3990.36	2398.42	8444.57	819365	0	9	1	0	0xd43f5e018b415631
19	4	control	0	23	163886	2280.96	19762.6	84166.4	15125.8	20278.6	7509.47	3856.44	2417.08	8402.4	819512	0	8	1	0	0xd43f5e018b415631
19	4	control	0	24	163243	2225.58	19599.7	83904.3	15132.2	20198.8	7532.59	3772.44	2418.59	8372.48	819181	0	1	1	0	0xd43f5e018b415631
19	4	control	0	25	163084	2284.83	19635.6	83962.7	15137.8	19630.1	7611.22	3750.86	2445.08	8537.52	819015	0	1	1	0	0xd43f5e018b415631
19	4	control	0	26	162710	2138.58	19625	83772.6	15203.5	19849	7534.13	3841.61	2447.92	8211.73	802654	0	1	1	0	0xd43f5e018b415631
19	4	control	0	27	165836	2172.16	19596.3	86289.3	15184.1	20167	7687.38	3848.07	2411.08	8393.4	821838	0	0	1	0	0xd43f5e018b415631
19	4	control	0	28	163708	2276	19498.1	84330.6	15127	20320.2	7369.71	3763.28	2401.42	8506.23	819510	0	7	1	0	0xd43f5e018b415631
19	4	control	0	29	162739	2292.37	19526.3	83869.7	15156.5	19538.8	7555.42	3799.32	2442.71	8471.57	818478	0	4	1	0	0xd43f5e018b415631
19	4	control	0	30	162955	2281.46	19461	83910.9	15284.3	19938.1	7431.71	3745.02	2471.12	8342.02	818847	0	2	1	0	0xd43f5e018b415631
19	4	control	0	31	162764	2140.62	19480.3	83918	15276.9	19759.1	7601.22	3740.15	2407.04	8353.15	802707	0	1	1	0	0xd43f5e018b415631
19	4	control	0	32	163158	2204.04	19659.6	83829.9	15161.1	20140.3	7562.34	3779.23	2389.62	8348.1	819156	0	0	1	0	0xd43f5e018b415631
19	4	control	0	33	163489	2405.25	19468.5	84174.6	15140.9	20139.8	7460.84	3808.82	2388.5	8415.07	819431	0	1	1	0	0xd43f5e018b415631
19	4	control	0	34	163695	2185.54	19675.6	83889.2	15270.9	20256.6	7673.51	3778.73	2518.5	8359.35	819436	0	8	1	0	0xd43f5e018b415631
19	4	control	0	35	164093	2223.16	19734.7	84527	15169.3	20279.9	7480.17	3807.9	2399.33	8381.56	819754	0	8	1	0	0xd43f5e018b415631
19	4	control	0	36	162500	2194.25	19464.4	83911.3	15129.9	19543	7438.34	3923.07	2441.54	8364.23	818421	0	1	1	0	0xd43f5e018b415631
19	4	control	0	37	163023	2390	19630.7	84098.1	15243.6	19779.3	7291.63	3763.86	2508.92	8228.23	818910	0	2	1	0	0xd43f5e018b415631
19	4	control	0	38	162802	2145.95	19592.4	83894.4	15330.8	19760.6	7408.59	3805.94	2404.42	8371.06	802746	0	1	1	0	0xd43f5e018b415631
19	4	control	0	39	165350	2400.75	21464.7	84144.2	15131.6	19731	7620.13	3712.4	2716.38	8339.73	837351	0	0	1	0	0xd43f5e018b415631
19	4	control	0	40	162481	2149.91	19702.4	83768.1	15239.3	19531.5	7375.01	3829.03	2386.59	8415.86	802486	0	0	1	0	0xd43f5e018b415631
19	4	control	0	41	163270	2238.46	19698	84253	15221.9	19886.3	7325.51	3689.48	2420.38	8430.9	818984	0	9	1	0	0xd43f5e018b415631
19	4	control	0	42	163322	2367.5	19611.2	83855.9	15203.1	20040.5	7500.71	3896.57	2398.79	8361.65	819191	0	2	1	0	0xd43f5e018b415631
19	4	control	0	43	163076	2209.91	19519.2	84031.6	15125.1	20220.1	7294.75	3799.11	2443.58	8341.06	819014	0	1	1	0	0xd43f5e018b415631
19	4	control	0	44	162853	2213.75	19664.4	83940.5	15216.6	19720.1	7477.59	3745.11	2447.17	8341.1	818858	0	0	1	0	0xd43f5e018b415631
19	4	control	0	45	162388	2320.29	19628.8	83886.5	15240.6	19384.7	7310.71	3772.4	2432.88	8326.1	802390	0	0	1	0	0xd43f5e018b415631
19	4	control	0	46	163748	2399.96	19621.2	84140.9	15252.1	19801.9	7723.38	3861.69	2386.46	8473.11	819573	0	3	1	0	0xd43f5e018b415631
19	4	control	0	47	163542	2188	19699	83922.8	15197.8	19997.7	7517.97	3866.74	2438.46	8606.11	819496	0	13	1	0	0xd43f5e018b415631
19	4	control	0	48	163665	2232.16	19648.3	84222.1	15220.3	20023.6	7607.8	3724.52	2404.17	8495.69	819048	0	4	1	0	0xd43f5e018b415631
19	4	control	0	49	163305	2358.5	19588.7	83895	15196.1	20141.9	7296.72	3931.86	2416.96	8391.98	819180	0	2	1	0	0xd43f5e018b415631
