surface	repeat	run	wall_us	input_us	core_us	dense_us	depthwise_us	attention_us	lut_us	concat_us	transform_us	head_us	process_cpu_us	voluntary_cs	involuntary_cs	affinity_ok	cpu4_7_ime_count	hash
stage55_condition_variable	0	0	161570	2363.99	21730.3	73414.5	15840.2	20261.9	9668.45	6111.16	3198.46	8841.78	566842	1201	2	1	0	0xd43f5e018b415631
stage55_condition_variable	0	1	161680	2380.03	21504.7	74021.4	15758.9	20157.4	9483.58	6158.66	3219.41	8857.32	567957	1206	1	1	0	0xd43f5e018b415631
stage55_condition_variable	0	2	162586	2382.11	21647.7	73708.8	17090	19793	9670.74	5843.78	3279.04	8989.32	567133	1201	2	1	0	0xd43f5e018b415631
stage55_condition_variable	0	3	161573	2384.7	21602.9	73537.4	15861.8	19983.2	9966.08	6049.62	3219.83	8829.03	567958	1196	0	1	0	0xd43f5e018b415631
stage55_condition_variable	0	4	164659	2333.32	21699.4	75461.7	16666.9	19988	9955.88	6306.91	3271.12	8832.19	571158	1214	0	1	0	0xd43f5e018b415631
stage55_condition_variable	0	5	161140	2329.24	21491.2	73803.2	15864.7	19778.3	9744.5	5800.36	3338.67	8851.74	566309	1190	3	1	0	0xd43f5e018b415631
stage55_condition_variable	0	6	161896	2391.07	21581.9	74224.5	15910.5	19919.7	9704.12	6124.95	3235.87	8658.11	568545	1212	1	1	0	0xd43f5e018b415631
stage55_condition_variable	0	7	162122	2315.36	21631.1	73900.4	15889.2	20181.4	10003.2	5975.95	3290.33	8796.44	567766	1212	6	1	0	0xd43f5e018b415631
stage55_condition_variable	0	8	161007	2384.86	21524.9	73706	15732.3	19976.8	9517.87	5943.2	3234.08	8847.99	565990	1197	0	1	0	0xd43f5e018b415631
stage55_condition_variable	0	9	161351	2335.24	21618.2	73684.3	15813.2	19903.7	9656.59	6062.16	3261.17	8879.11	567035	1204	0	1	0	0xd43f5e018b415631
stage55_condition_variable	0	10	162797	2335.65	21610.8	75176.3	15962.7	19779.2	9917.58	5887.95	3276.5	8706.27	568354	1198	6	1	0	0xd43f5e018b415631
stage55_condition_variable	0	11	161737	2329.45	21614.6	73750.9	16128.2	19731	10056	5855.11	3272.83	8858.65	568005	1200	1	1	0	0xd43f5e018b415631
stage55_condition_variable	0	12	161963	2402.82	21551.1	74307	15937.9	19803.2	9975.63	6018.74	3196.37	8632.69	569295	1204	1	1	0	0xd43f5e018b415631
stage55_condition_variable	0	13	163495	2328.57	21638.2	74711.8	16296.5	19696.4	10075.4	6383.37	3265	8944.82	568035	1211	41	1	0	0xd43f5e018b415631
stage55_condition_variable	0	14	161649	2328.78	21670.4	73808.1	15795.7	19746.5	10060.7	5947.37	3288.88	8868.9	568475	1211	0	1	0	0xd43f5e018b415631
stage55_condition_variable	0	15	161840	2384.2	21530.1	74151.1	15817.3	19998.2	9653.71	6031.29	3269	8863.4	567516	1206	1	1	0	0xd43f5e018b415631
stage55_condition_variable	0	16	161461	2330.99	21398.8	73899.2	15780.8	20220.6	9648.83	5921.61	3216.33	8864.99	565945	1204	4	1	0	0xd43f5e018b415631
stage55_condition_variable	0	17	166207	2393.16	21572.4	76636	15869.8	21251.2	9966.96	5999.08	3311.37	9060.86	570349	1221	3	1	0	0xd43f5e018b415631
stage55_condition_variable	0	18	161894	2344.45	21724.4	74046.4	15957.7	19731.2	9874.63	5893.15	3287.25	8892.15	568091	1207	3	1	0	0xd43f5e018b415631
stage55_condition_variable	0	19	161087	2371.28	21431.8	73643	15855.2	20060.3	9695.87	5786.7	3254.46	8845.78	566951	1192	1	1	0	0xd43f5e018b415631
stage55_condition_variable	0	20	161983	2447.11	21466.5	74123.6	16033.7	19838.1	9764.08	6015.99	3258.96	8889.44	568643	1206	4	1	0	0xd43f5e018b415631
stage55_condition_variable	0	21	161763	2357.36	21538.6	74170.2	15898.3	20050.8	9617.87	5954.95	3202.37	8832.57	568394	1207	1	1	0	0xd43f5e018b415631
stage55_condition_variable	0	22	161916	2386.57	21518.6	73966.6	16051.5	19800.8	9797.62	6039.36	3222.71	8983.44	567713	1206	2	1	0	0xd43f5e018b415631
stage55_condition_variable	0	23	161660	2370.11	21779.9	73828	15904.6	19976.2	9742.33	5864.82	3221.08	8837.19	567259	1217	5	1	0	0xd43f5e018b415631
stage55_condition_variable	0	24	161330	2622.53	21586.1	73505.3	15941	19979.8	9314.83	5977.41	3390.58	8871.86	565395	1210	1	1	0	0xd43f5e018b415631
stage55_condition_variable	0	25	162835	2338.4	21453.9	74867.8	15877.5	20088	10076.3	5881.58	3222.21	8884.49	567603	1202	2	1	0	0xd43f5e018b415631
stage55_condition_variable	0	26	161603	2332.4	21535.2	74158.8	15872.3	19782	9523.45	6030.74	3262.83	8961.65	567112	1207	8	1	0	0xd43f5e018b415631
stage55_condition_variable	0	27	162567	3251.83	21617.2	73834.9	15914.7	19696.8	9827	6154.83	3279.5	8851.07	569094	1213	0	1	0	0xd43f5e018b415631
stage55_condition_variable	0	28	162068	2328.07	21522.7	74179.4	15892.9	20171	9673.58	6046.45	3290.21	8822.36	567036	1201	4	1	0	0xd43f5e018b415631
stage55_condition_variable	0	29	162888	2405.24	21543.4	73713.1	15929.2	19828.1	10977	6196.37	3239.17	8912.9	568447	1207	5	1	0	0xd43f5e018b415631
stage55_condition_variable	0	30	161613	2375.15	21590.2	73511	15892.2	19944.5	10027.9	6034.37	3273.58	8824.11	568564	1207	3	1	0	0xd43f5e018b415631
stage55_condition_variable	0	31	161586	2336.45	21628.3	73847.4	15930.9	19775.5	9726.45	6077.37	3246.75	8867.94	567369	1218	2	1	0	0xd43f5e018b415631
stage55_condition_variable	0	32	162140	2382.2	21641.8	74274.3	15959.6	19964.9	9756.91	5912.16	3219.17	8888.74	568196	1218	12	1	0	0xd43f5e018b415631
stage55_condition_variable	0	33	163191	2316.95	21736.9	74930.5	15925.2	20104.2	9992.92	6032.53	3191.54	8815.19	569240	1205	2	1	0	0xd43f5e018b415631
stage55_condition_variable	0	34	161943	2386.86	21617.2	74233.4	15839.7	19782.7	9798.04	6034.49	3246.25	8855.61	568394	1203	0	1	0	0xd43f5e018b415631
stage55_condition_variable	0	35	161494	2339.86	21586.9	73368.9	16182	20130.9	9667.08	5907.24	3198.08	8966.82	566254	1200	6	1	0	0xd43f5e018b415631
stage55_condition_variable	0	36	161352	2380.78	21634.7	73988.9	15827.2	19576.2	9662.91	6080.12	3233.96	8825.44	567650	1214	1	1	0	0xd43f5e018b415631
stage55_condition_variable	0	37	162458	2339.57	21719.2	74432.9	16010.3	20183.7	9562.66	5968.57	3190.83	8906.53	568788	1214	1	1	0	0xd43f5e018b415631
stage55_condition_variable	0	38	160694	2389.07	21344.6	73730.9	15858.3	19663.7	9637.91	5896.45	3241.62	8785.19	566124	1202	0	1	0	0xd43f5e018b415631
stage55_condition_variable	0	39	161532	2342.36	21493.6	74003.9	15950.6	19709.1	9624.45	6078.91	3291.75	8900.4	566466	1205	0	1	0	0xd43f5e018b415631
stage55_condition_variable	0	40	161385	2409.11	21515.5	73663.4	15912.5	19969.9	9883.33	5837.45	3227.96	8822.24	568172	1212	0	1	0	0xd43f5e018b415631
stage55_condition_variable	0	41	163228	2367.91	21659.6	75328.5	16177.3	19889.2	9592.32	5917.7	3274.37	8877.78	568504	1225	0	1	0	0xd43f5e018b415631
stage55_condition_variable	0	42	161986	2397.61	21549.6	74216.6	15859.3	19838.7	9816.83	6005.33	3311.75	8840.11	568095	1218	0	1	0	0xd43f5e018b415631
stage55_condition_variable	0	43	190750	2341.61	22248.9	102063	15909.7	20341.6	9719.49	6004.41	3289.46	8680.65	570362	1211	10	1	0	0xd43f5e018b415631
stage55_condition_variable	0	44	161386	2338.65	21639.4	73766.7	15969	19766.6	9557	6110.45	3267.21	8826.4	566143	1202	0	1	0	0xd43f5e018b415631
stage55_condition_variable	0	45	161940	2399.49	21622.4	73974.9	15989.6	19967.6	9938.95	5907.37	3179.96	8815.69	568197	1200	0	1	0	0xd43f5e018b415631
stage55_condition_variable	0	46	161722	2321.28	21630.9	74033.5	15909.7	19838.4	9676.41	5979.91	3277.41	8909.49	567100	1227	0	1	0	0xd43f5e018b415631
stage55_condition_variable	0	47	161527	2386.91	21486.9	73894.9	15881.5	20112.6	9557.16	6014.12	3227.54	8824.03	566111	1224	4	1	0	0xd43f5e018b415631
stage55_condition_variable	0	48	162104	2378.32	21600.2	74357.4	16032.6	19937.3	9554.54	5947.74	3296.33	8861.11	567437	1210	6	1	0	0xd43f5e018b415631
stage55_condition_variable	0	49	162231	2383.4	21839.9	74387.9	16027.2	19781.5	9806.13	5875.49	3202.25	8788.61	569642	1198	2	1	0	0xd43f5e018b415631
stage55_condition_variable	0	50	162439	2348.2	21661.7	74155.5	15891.7	20274.4	9853.16	5952.2	3295.63	8859.11	568530	1202	3	1	0	0xd43f5e018b415631
stage55_condition_variable	0	51	161840	2412.82	21614.9	74327.6	16026.2	19531.5	9648.78	6022.41	3190.16	8916.9	568254	1211	9	1	0	0xd43f5e018b415631
stage55_condition_variable	0	52	162307	2334.11	21553.7	73850.5	16253.5	20219.9	9934.5	5889.45	3301.54	8825.86	568062	1217	1	1	0	0xd43f5e018b415631
stage55_condition_variable	0	53	161507	2356.86	21530.4	73780	15871.3	19954.5	9785.21	5951.45	3270.21	8860.32	567310	1204	3	1	0	0xd43f5e018b415631
stage55_condition_variable	0	54	164681	2331.15	21670.2	77236.7	15789.2	19744.7	9620.91	5986.66	3263.25	8894.61	570069	1221	8	1	0	0xd43f5e018b415631
stage55_condition_variable	0	55	161781	2390.82	21530.9	73980.6	16028.9	19956.8	9677.54	6037.45	3188.17	8849.99	567930	1201	4	1	0	0xd43f5e018b415631
stage55_condition_variable	0	56	163258	2332.4	21691.4	75511.4	15776.2	20033	9723.87	5969.32	3214.59	8862.61	568623	1202	1	1	0	0xd43f5e018b415631
stage55_condition_variable	0	57	162034	2377.78	21893.7	74032.4	15911.6	19771.7	9526.95	5900.28	3586.34	8885.07	567008	1208	4	1	0	0xd43f5e018b415631
stage55_condition_variable	0	58	161497	2361.4	21613.2	73837.6	15768.6	20022.2	9810.91	5824.78	3297.46	8825.15	567549	1211	0	1	0	0xd43f5e018b415631
stage55_condition_variable	0	59	161486	2394.7	21730.2	74036.3	15766.5	19908.2	9723.99	5709.45	3232.38	8853.61	566232	1206	0	1	0	0xd43f5e018b415631
stage55_condition_variable	0	60	161554	2324.74	21548.8	74035.8	15816.3	20173	9428.41	5971.91	3279.71	8838.4	566110	1203	7	1	0	0xd43f5e018b415631
stage55_condition_variable	0	61	177265	2414.24	21547.7	83330.9	16443.1	19845.8	13717.3	6053.37	5065.39	8703.48	574719	1244	573	1	0	0xd43f5e018b415631
stage55_condition_variable	0	62	175532	2337.78	21759.5	85128.8	16693.7	19524.2	10546.6	7030.75	3473.96	8887.24	580938	1260	24	1	0	0xd43f5e018b415631
stage55_condition_variable	0	63	173789	2617.87	25530.1	80824.4	16260	19710.9	9963.42	6140.83	3741.51	8857.53	578509	1263	30	1	0	0xd43f5e018b415631
stage55_condition_variable	0	64	176190	2390.95	21495.4	83294.4	16165	22274.7	11437.5	6723.21	3427.29	8837.99	581842	1272	30	1	0	0xd43f5e018b415631
stage55_condition_variable	0	65	173478	2378.28	27332.7	77337.4	17479.8	20162.5	10426.3	6028.32	3259.29	8932.03	579698	1245	18	1	0	0xd43f5e018b415631
stage55_condition_variable	0	66	172114	2314.32	21661.3	82819.4	16498.6	19953.8	10589.4	6088.57	3321.63	8728.11	578076	1260	18	1	0	0xd43f5e018b415631
stage55_condition_variable	0	67	166805	2321.4	21456.5	75173.6	16199.3	22616.1	10555	6293.95	3215.16	8825.9	572609	1216	15	1	0	0xd43f5e018b415631
stage55_condition_variable	0	68	170326	2393.86	21656.4	80543.4	16254.5	20542.4	10571.5	6100.99	3276.54	8844.78	577094	1236	5	1	0	0xd43f5e018b415631
stage55_condition_variable	0	69	167472	2372.9	21688.6	78703.9	16525.7	19576	10082.8	6327.79	3187.71	8864.4	573473	1219	14	1	0	0xd43f5e018b415631
stage55_condition_variable	0	70	166303	2378.57	26227.1	74465.3	15844.5	19818.1	9599.87	5826.57	3153.66	8845.4	572218	1215	11	1	0	0xd43f5e018b415631
stage55_condition_variable	0	71	171991	2316.53	21560.6	82344.5	16437.3	19982.1	10572.8	6342.66	3760.96	8533.52	578927	1238	95	1	0	0xd43f5e018b415631
stage55_condition_variable	0	72	166476	2330.15	21669.3	74974.3	16051.5	22595.9	10590.3	6048.74	3218.12	8850.61	572535	1224	15	1	0	0xd43f5e018b415631
stage55_condition_variable	0	73	171719	2397.16	21443.9	80120.3	16430.1	22355.2	10559.4	6107.66	3337.63	8821.32	577956	1225	21	1	0	0xd43f5e018b415631
stage55_condition_variable	0	74	168151	2387.53	21609.3	79328.8	15847.8	20198.4	10254.9	6133.7	3406.62	8841.19	574141	1234	11	1	0	0xd43f5e018b415631
stage55_condition_variable	0	75	167324	2393.32	26972.7	73762.5	16071.2	20096.3	9636.91	5976.16	3279.33	8986.57	574362	1225	16	1	0	0xd43f5e018b415631
stage55_condition_variable	0	76	171014	3494.71	21462.2	81798.8	16143.7	19363.9	10383.7	6140.62	3246.91	8829.99	577005	1240	11	1	0	0xd43f5e018b415631
stage55_condition_variable	0	77	166112	2394.65	21554.5	73875.3	17961.8	22555.5	9959.92	5800.24	3180.54	8683.57	571967	1195	8	1	0	0xd43f5e018b415631
stage55_condition_variable	0	78	171466	2332.16	22767.9	78584.8	17842	21858.3	9673.95	6199.83	3173.12	8884.69	576880	1222	22	1	0	0xd43f5e018b415631
stage55_condition_variable	0	79	167706	2324.82	21505.9	78429.4	15915.5	20314.9	10293	6636.5	3350.13	8789.36	574784	1232	10	1	0	0xd43f5e018b415631
stage55_condition_variable	0	80	167781	2330.7	26996	74654.6	15809.5	19865.5	9963.58	5869.57	3197.08	8947.99	574800	1218	12	1	0	0xd43f5e018b415631
stage55_condition_variable	0	81	169295	3390.71	21644.7	79917.9	16330.5	19510.9	10244.3	5957.7	3263.58	8889.74	574813	1225	16	1	0	0xd43f5e018b415631
stage55_condition_variable	0	82	165883	2342.99	21488.2	74000.6	17939.2	22288.9	9621.54	5986.87	3221.58	8848.44	572144	1210	4	1	0	0xd43f5e018b415631
stage55_condition_variable	0	83	171185	2364.41	21452.6	79131.2	17506.4	22005.9	10160.9	6297.54	3256.83	8863.99	576747	1225	17	1	0	0xd43f5e018b415631
stage55_condition_variable	0	84	166671	2404.7	21690.1	78291	15787.9	19458	10021.2	6694.84	3283.83	8895.78	572336	1231	7	1	0	0xd43f5e018b415631
stage55_condition_variable	0	85	167286	2369.86	27378.7	74077.9	15752.1	19944.9	9384.16	6078.37	3224.92	8924.53	573003	1213	12	1	0	0xd43f5e018b415631
stage55_condition_variable	0	86	170462	3461.96	21500.6	80183.7	16350.9	20119.3	10361.9	6206.04	3299.83	8831.03	576982	1238	17	1	0	0xd43f5e018b415631
stage55_condition_variable	0	87	176749	2326.57	21467.1	80293.3	18012.3	23893.4	11179	6874.59	3702.3	8849.53	575779	1219	9	1	0	0xd43f5e018b415631
stage55_condition_variable	0	88	162716	2333.7	21448.8	75337.3	15957.8	20006	9498.03	5915.16	3278.66	8797.24	568728	1205	5	1	0	0xd43f5e018b415631
stage55_condition_variable	0	89	161545	2345.53	21568.8	74199.9	15965.6	19803.4	9383.16	5926.91	3355.71	8853.65	565349	1211	2	1	0	0xd43f5e018b415631
stage55_condition_variable	0	90	164984	2359.53	21443.4	76800.1	15878.7	20133.1	9891.79	6035.16	3410.09	8885.15	569883	1214	1	1	0	0xd43f5e018b415631
stage55_condition_variable	0	91	162271	2877.7	21624.8	74128	15741.1	19924.1	9553.79	6149.66	3292.71	8837.4	568217	1223	1	1	0	0xd43f5e018b415631
stage55_condition_variable	0	92	162565	2331.86	21708.3	74463.3	15957.6	20103.8	9752.41	6037.16	3226.08	8842.32	569185	1221	0	1	0	0xd43f5e018b415631
stage55_condition_variable	0	93	161730	2314.53	21464	74099	15800	19769.1	10073	5959.7	3286.33	8828.86	568809	1202	0	1	0	0xd43f5e018b415631
stage55_condition_variable	0	94	161543	2387.49	21391.8	73775.5	15844.9	20059.3	9881	6004.83	3227.62	8832.99	567354	1203	0	1	0	0xd43f5e018b415631
stage55_condition_variable	0	95	161137	2319.36	21430	73974.3	15816.3	19887.9	9578.12	5897.11	3249.41	8846.49	565253	1209	0	1	0	0xd43f5e018b415631
stage55_condition_variable	0	96	161436	2331.53	21747.8	73394.5	15965.5	20086.8	9708.12	5947.91	3224.71	8890.78	567393	1192	0	1	0	0xd43f5e018b415631
stage55_condition_variable	0	97	161298	2407.24	21574	73853.8	15771.4	19721.5	9857.62	6053.41	3236.46	8678.52	567679	1212	0	1	0	0xd43f5e018b415631
stage55_condition_variable	0	98	162522	2326.07	21566.6	74472.1	15863.9	20278.5	9853.71	5877.32	3254.21	8887.61	568428	1209	0	1	0	0xd43f5e018b415631
stage55_condition_variable	0	99	161142	2691.57	21728	73535	15777.9	19592.8	9868.79	5986.87	3197.71	8591.82	566483	1218	4	1	0	0xd43f5e018b415631
stage55_condition_variable	1	0	161447	2330.7	21563.1	73847.9	15909.6	19761.7	9759.17	5959.16	3310.42	8865.61	567033	1207	1	1	0	0xd43f5e018b415631
stage55_condition_variable	1	1	161917	2391.78	21514.5	74314.9	15717.4	19938.2	9760.37	5974.66	3246.71	8916.24	568401	1216	1	1	0	0xd43f5e018b415631
stage55_condition_variable	1	2	164140	2341.32	21655.1	75211.6	15782.3	20233.2	10629.8	6249.24	3241	8661.02	570595	1218	1	1	0	0xd43f5e018b415631
stage55_condition_variable	1	3	161410	2326.36	21538.3	73702.7	15868.8	19699.8	9970.71	6031.95	3275.58	8851.28	566893	1201	1	1	0	0xd43f5e018b415631
stage55_condition_variable	1	4	161421	2395.16	21460	73836.5	15920.8	20094.1	9619.99	5933.78	3205	8812.9	567367	1202	0	1	0	0xd43f5e018b415631
stage55_condition_variable	1	5	161499	2373.74	21595.6	73844	15800.2	19953.5	9775.25	5911.78	3259.04	8838.69	567110	1207	3	1	0	0xd43f5e018b415631
stage55_condition_variable	1	6	160313	2334.11	21625	73209.8	15753.4	19706.6	9675.58	5783.91	3245.96	8837.07	564586	1185	6	1	0	0xd43f5e018b415631
stage55_condition_variable	1	7	161165	2383.24	21547.2	73741.5	15838.6	20012.9	9568.33	5811.66	3232.21	8885.53	566357	1192	1	1	0	0xd43f5e018b415631
stage55_condition_variable	1	8	162141	2381.2	21849.7	74006.9	15808.1	19736.8	10074.2	5972.12	3297.37	8863.99	569406	1226	5	1	0	0xd43f5e018b415631
stage55_condition_variable	1	9	197231	2341.45	56442.9	74026.8	16116.3	20400.7	9635.66	5947.03	3317.41	8848.69	570078	1205	0	1	0	0xd43f5e018b415631
stage55_condition_variable	1	10	161277	2389.45	21541	73621.2	15911.9	19860.4	9591.16	5833.41	3179.66	9208.66	565921	1208	2	1	0	0xd43f5e018b415631
stage55_condition_variable	1	11	161380	2324.24	21549.6	74003.9	15906	19748.1	9547.33	5872.2	3334.87	8950.4	565945	1206	0	1	0	0xd43f5e018b415631
stage55_condition_variable	1	12	161769	2400.07	21649.9	73508.2	15893.4	19977.1	10058.2	6074.79	3236.08	8828.32	568189	1214	0	1	0	0xd43f5e018b415631
stage55_condition_variable	1	13	161595	2324.74	21662.6	73989.8	15751.7	19805.4	9722.79	6045.12	3265.67	8879.74	566651	1212	1	1	0	0xd43f5e018b415631
stage55_condition_variable	1	14	163864	2370.45	21865.2	76257.8	16004.7	19529.4	9520.16	6003.28	3313.96	8862.82	569646	1228	1	1	0	0xd43f5e018b415631
stage55_condition_variable	1	15	161512	2383.32	21421.1	74102.3	15941.9	20071.3	9547.79	5898.45	3190.37	8813.28	567339	1205	2	1	0	0xd43f5e018b415631
stage55_condition_variable	1	16	161656	2376.61	21541.4	73714.7	15940.2	19854.8	9878.83	6073.08	3276.21	8860.36	568073	1204	0	1	0	0xd43f5e018b415631
stage55_condition_variable	1	17	161797	2342.57	21417.4	73923.1	15943.4	20086.8	9733.49	6050.62	3241.92	8917.03	568971	1198	1	1	0	0xd43f5e018b415631
stage55_condition_variable	1	18	161481	2391.74	21618.6	73611.5	15963.4	19916.4	9629.62	6051.87	3307.46	8850.74	566890	1199	0	1	0	0xd43f5e018b415631
stage55_condition_variable	1	19	162262	2333.95	21701	74033.3	15929.4	20399.1	9672.75	5843.11	3342.96	8865.65	567623	1218	8	1	0	0xd43f5e018b415631
stage55_condition_variable	1	20	161920	2359.7	21691.8	73898	16086.4	19704.8	9890.58	5950.74	3320.75	8874.15	568175	1218	5	1	0	0xd43f5e018b415631
stage55_condition_variable	1	21	162487	2359.61	21716.4	74395.9	15924.2	19980.5	10027.4	5981.7	3274.67	8683.86	569436	1206	3	1	0	0xd43f5e018b415631
stage55_condition_variable	1	22	161168	2310.9	21750.9	73903.4	15780.5	19804	9504.53	5878.45	3212.96	8873.53	566518	1202	1	1	0	0xd43f5e018b415631
stage55_condition_variable	1	23	162009	2372.82	21627	74217.1	15900.1	20082	9629.12	5865.86	3276.46	8893.65	568452	1218	3	1	0	0xd43f5e018b415631
stage55_condition_variable	1	24	161444	2314.7	21504	73941.8	15959.3	19765.8	9601.12	6061.37	3295.87	8850.03	567500	1208	1	1	0	0xd43f5e018b415631
stage55_condition_variable	1	25	161853	2365.65	21682.7	74032.9	15905.2	20058.9	9767.79	5755.03	3195.58	8938.69	567750	1214	7	1	0	0xd43f5e018b415631
stage55_condition_variable	1	26	161701	2365.24	21481.9	74313.3	15955.1	19756.1	9659.66	5971.99	3222.38	8830.9	566777	1199	1	1	0	0xd43f5e018b415631
stage55_condition_variable	1	27	165163	2439.78	21732.9	76983.4	15912.7	20186.4	9525.33	6101.45	3272.29	8863.4	569264	1217	4	1	0	0xd43f5e018b415631
stage55_condition_variable	1	28	161103	2399.74	21645.1	73660.5	15848.3	19811.2	9660.17	5927.49	3209.79	8794.24	565420	1210	1	1	0	0xd43f5e018b415631
stage55_condition_variable	1	29	160953	2333.74	21480.3	73580.5	15925.3	19888.7	9485.58	6002.37	3254.29	8865.94	565074	1218	2	1	0	0xd43f5e018b415631
stage55_condition_variable	1	30	161981	2328.49	21574	74136.8	15994.2	20055.1	9752.75	5919.95	3214.87	8861.36	569504	1201	2	1	0	0xd43f5e018b415631
stage55_condition_variable	1	31	162138	2396.24	21666	73833.6	16127	19758.8	9920.17	6095.99	3320.58	8874.53	568091	1198	7	1	0	0xd43f5e018b415631
stage55_condition_variable	1	32	161752	2377.66	21635.9	73802.7	15887.8	20101.8	9634.08	6057.74	3214.12	8902.11	567501	1212	7	1	0	0xd43f5e018b415631
stage55_condition_variable	1	33	162055	2337.36	21583.5	74069.4	15945.2	19836.5	10025.5	5931.7	3328	8853.94	568088	1212	1	1	0	0xd43f5e018b415631
stage55_condition_variable	1	34	161455	2394.45	21535.6	74244.3	15667.2	19918.2	9552.62	5889.32	3287.7	8819.86	566782	1204	1	1	0	0xd43f5e018b415631
stage55_condition_variable	1	35	161233	2334.99	21459.5	73763.7	15736.6	19911.8	9839.59	5898.61	3227.71	8916.15	567034	1189	0	1	0	0xd43f5e018b415631
stage55_condition_variable	1	36	161400	2356.78	21438.8	73992.3	15884.7	20147	9423.86	5976.28	3230.25	8809.03	565796	1206	1	1	0	0xd43f5e018b415631
stage55_condition_variable	1	37	161311	2401.45	21544.7	73606.7	15913.1	19724	9995.88	6142.95	3213.25	8629.57	568060	1211	0	1	0	0xd43f5e018b415631
stage55_condition_variable	1	38	163644	4324.76	21628	74019.3	15973.5	19886.5	9563.49	6084.08	3191.04	8827.44	568732	1218	1	1	0	0xd43f5e018b415631
stage55_condition_variable	1	39	165737	4148.26	21527.8	76370.4	15826.1	19506	9970.17	6048.7	3332.46	8861.53	571590	1210	3	1	0	0xd43f5e018b415631
stage55_condition_variable	1	40	161494	2428.61	21645.9	73733.3	15907.6	20013.3	9589	5935.7	3233.5	8868.32	566766	1197	5	1	0	0xd43f5e018b415631
stage55_condition_variable	1	41	161143	2384.78	21515.1	73860.9	15787.2	19983.8	9502.29	5795.53	3284.33	8877.82	565830	1211	1	1	0	0xd43f5e018b415631
stage55_condition_variable	1	42	161810	2319.15	21710.3	73905.2	15936	20099.2	9666.03	5890.62	3284.04	8861.74	567754	1230	0	1	0	0xd43f5e018b415631
stage55_condition_variable	1	43	161949	2422.7	21505.1	74416.2	15939	19512.8	9940.79	5966.11	3253.88	8852.28	568673	1219	0	1	0	0xd43f5e018b415631
stage55_condition_variable	1	44	161397	2316.07	21754.8	73822.5	15813.9	20043.1	9650.29	5759.99	3253.62	8841.11	567835	1214	1	1	0	0xd43f5e018b415631
stage55_condition_variable	1	45	161222	2378.9	21799.5	73608.9	15876.7	19780.2	9718.24	6096.33	3183.79	8636.65	567287	1209	6	1	0	0xd43f5e018b415631
stage55_condition_variable	1	46	162194	2352.74	21663.9	73917.5	15833.9	20091	9973.29	6088.45	3294.88	8833.74	568831	1207	2	1	0	0xd43f5e018b415631
stage55_condition_variable	1	47	161386	2383.36	21650.3	74112.8	16017.3	19700.8	9790.49	5817.99	3205.58	8563.32	567130	1210	1	1	0	0xd43f5e018b415631
stage55_condition_variable	1	48	161119	2331.9	21566.6	73774.8	15858.3	19766.3	9637.87	5955.58	3277.08	8811.74	565971	1204	2	1	0	0xd43f5e018b415631
stage55_condition_variable	1	49	161697	2378.82	21633.9	73945.7	15997.4	20067.5	9610.54	5847.82	3180.33	8896.74	566940	1220	0	1	0	0xd43f5e018b415631
stage55_condition_variable	1	50	161794	2368.24	21580.6	73970.3	15848.9	19855.4	9862.25	5928.16	3292.34	8944.28	568241	1195	3	1	0	0xd43f5e018b415631
stage55_condition_variable	1	51	161845	2334.2	21680.9	73995.8	15864.7	20004.7	9810.75	5924.2	3252.58	8833.53	568654	1217	0	1	0	0xd43f5e018b415631
stage55_condition_variable	1	52	164480	2375.32	21837.1	76431.2	15961.7	19841.8	10091	5844.32	3214.67	8737.94	570298	1208	5	1	0	0xd43f5e018b415631
stage55_condition_variable	1	53	161364	2309.78	21594.5	73573	15805.1	19840.4	9998.92	6019.29	3221.46	8856.15	568062	1207	0	1	0	0xd43f5e018b415631
stage55_condition_variable	1	54	162351	2383.74	21766.2	74153.1	15740.3	19820.3	10154.8	6185.79	3157.16	8853.36	569593	1200	2	1	0	0xd43f5e018b415631
stage55_condition_variable	1	55	161582	2338.36	21609.8	73833.6	16028.5	19655.8	9963.91	5844.45	3285.62	8879.19	567134	1220	0	1	0	0xd43f5e018b415631
stage55_condition_variable	1	56	161629	2371.74	21607.6	74198.6	15862.7	19995.5	9550.95	5849.07	3214.79	8835.44	566934	1209	1	1	0	0xd43f5e018b415631
stage55_condition_variable	1	57	161247	2323.28	21574.1	73924.2	15749.6	19820.7	9868	5753.57	3244.62	8844.78	565767	1207	5	1	0	0xd43f5e018b415631
stage55_condition_variable	1	58	161810	2328.24	21756.5	74075.5	15897.1	20153.3	9314.78	6018.91	3236.63	8880.57	567554	1200	0	1	0	0xd43f5e018b415631
stage55_condition_variable	1	59	161630	2368.86	21705.6	73771.4	15828.9	19846.1	9810.45	6070.12	3256.37	8829.86	567659	1203	1	1	0	0xd43f5e018b415631
stage55_condition_variable	1	60	162271	2332.9	21579.9	74378.4	15950.3	20099.8	9788.13	5941.33	3207.08	8850.61	568605	1215	1	1	0	0xd43f5e018b415631
stage55_condition_variable	1	61	162285	2489.78	21758.7	73795	15889.8	19738.4	10075	6137.66	3342.92	8916.44	569098	1214	0	1	0	0xd43f5e018b415631
stage55_condition_variable	1	62	161689	2383.61	21591.3	74086.7	15938.5	19906.9	9567.53	5976.16	3190.58	8894.74	567820	1204	0	1	0	0xd43f5e018b415631
stage55_condition_variable	1	63	162556	2334.24	21764.2	74256.6	15890.6	20127.8	9831.37	6075.2	3237.17	8891.28	568782	1210	8	1	0	0xd43f5e018b415631
stage55_condition_variable	1	64	164050	2442.99	21468.1	73958	15782.8	22238.9	9911.41	6004.7	3243.33	8860.19	569665	1203	0	1	0	0xd43f5e018b415631
stage55_condition_variable	1	65	161962	2392.74	21634.3	74272.8	15764.9	19905.2	9695.37	5915.49	3272.83	8930.53	567444	1205	0	1	0	0xd43f5e018b415631
stage55_condition_variable	1	66	161847	2326.99	21489.6	73988	15858.3	20258	9557	6082.74	3292.12	8852.9	567627	1212	2	1	0	0xd43f5e018b415631
stage55_condition_variable	1	67	161157	2400.16	21693.8	73951.6	16050.4	19566.7	9469.95	5985.87	3211.67	8686.4	566385	1206	1	1	0	0xd43f5e018b415631
stage55_condition_variable	1	68	161348	2333.49	21637.3	73846.9	15761.3	19706	9804.46	5910.2	3261.29	8941.94	566422	1203	1	1	0	0xd43f5e018b415631
stage55_condition_variable	1	69	162115	3154.29	21729.6	74096.6	15839.7	19694.5	9689.99	6010.37	3238.33	8520.19	567510	1212	6	1	0	0xd43f5e018b415631
stage55_condition_variable	1	70	161585	2332.95	21518.1	74079	15975.6	19713.8	9930.04	5786.2	3277.58	8833.03	566983	1210	7	1	0	0xd43f5e018b415631
stage55_condition_variable	1	71	161111	2378.49	21554.9	73533.6	15944.2	19999.6	9694.58	5792.9	3207.58	8867.4	565693	1202	0	1	0	0xd43f5e018b415631
stage55_condition_variable	1	72	161482	2350.2	21655.4	73558.3	15880.4	19893.7	9788.58	6011.57	3368.25	8832.74	567231	1216	0	1	0	0xd43f5e018b415631
stage55_condition_variable	1	73	160513	2338.57	21592.6	73569.9	15766.3	19670.3	9290.99	5922.82	3363.33	8852.36	564347	1205	0	1	0	0xd43f5e018b415631
stage55_condition_variable	1	74	161695	2373.16	21599.4	73843.7	15906.8	20061.7	9764.96	5945.91	3215.21	8840.03	568363	1195	0	1	0	0xd43f5e018b415631
stage55_condition_variable	1	75	161493	2328.86	21606.6	73647.1	15996.5	19809.8	9575.58	6285.95	3214.46	8886.74	565377	1200	1	1	0	0xd43f5e018b415631
stage55_condition_variable	1	76	164280	2379.61	21622.1	75215.4	16121.1	20392.2	10419.4	5955.28	3198.17	8837.4	570750	1240	1	1	0	0xd43f5e018b415631
stage55_condition_variable	1	77	161932	2370.4	21810.5	74179.3	15953.7	19924.3	9441.24	6005.12	3193.58	8912.4	568314	1200	1	1	0	0xd43f5e018b415631
stage55_condition_variable	1	78	162455	2333.53	21573.8	74176.2	15990.2	20175.3	9848.16	6036.12	3250.08	8934.07	569500	1202	1	1	0	0xd43f5e018b415631
stage55_condition_variable	1	79	160897	2400.61	21641.4	73459.9	15827	19873.2	9480.25	6034.25	3216	8824.07	566267	1197	0	1	0	0xd43f5e018b415631
stage55_condition_variable	1	80	161031	2335.07	21644.8	73497.7	15763.4	19966.7	9527.37	6022.03	3262.87	8870.74	565341	1209	0	1	0	0xd43f5e018b415631
stage55_condition_variable	1	81	161699	2322.82	21686.5	73742.1	15900.5	20190.8	9713.45	5857.45	3311.92	8831.74	566717	1215	1	1	0	0xd43f5e018b415631
stage55_condition_variable	1	82	161985	2377.2	21859.5	73977.4	15766.7	19948.4	9814.46	5988.87	3235.71	8870.11	566366	1209	8	1	0	0xd43f5e018b415631
stage55_condition_variable	1	83	161818	2341.03	21502.4	73859.7	16032.6	20135.8	9585.17	6038.45	3195.91	8984.15	567517	1196	1	1	0	0xd43f5e018b415631
stage55_condition_variable	1	84	162001	2373.7	21662.9	74169.1	15845.3	19802.8	9919.04	5982.66	3260.38	8839.44	568290	1215	1	1	0	0xd43f5e018b415631
stage55_condition_variable	1	85	161824	2342.86	21649.9	73845.3	16048.3	20091.5	9727.12	5899.99	3229.08	8846.53	568074	1217	2	1	0	0xd43f5e018b415631
stage55_condition_variable	1	86	161529	2349.03	21423.9	73895.6	15884.7	19852.8	9861.54	6014.03	3264.79	8837.15	568449	1194	0	1	0	0xd43f5e018b415631
stage55_condition_variable	1	87	161186	2321.78	21229.9	73843.7	15867.4	20103.2	9740.04	5777.78	3322.79	8831.36	565596	1199	0	1	0	0xd43f5e018b415631
stage55_condition_variable	1	88	161422	2388.36	21601.8	74001.5	15853.1	19747.4	9810.04	6071.95	3180.96	8621.69	567082	1202	7	1	0	0xd43f5e018b415631
stage55_condition_variable	1	89	163396	2334.32	23963.4	73691.8	15855	19904.7	9683.58	5766.03	3171.16	8883.86	568924	1205	2	1	0	0xd43f5e018b415631
stage55_condition_variable	1	90	161395	2338.03	21469.1	73862.5	15774.1	19857.2	9774.07	6102.7	3245.79	8831.86	567068	1208	0	1	0	0xd43f5e018b415631
stage55_condition_variable	1	91	162142	2336.7	21729.4	73617.5	15858.9	20102.6	10032.5	6195.74	3218	8906.32	569271	1209	2	1	0	0xd43f5e018b415631
stage55_condition_variable	1	92	161643	2321.11	21569.1	73730.5	15978.4	19760.5	9906.08	6064.7	3305	8868.03	568292	1209	0	1	0	0xd43f5e018b415631
stage55_condition_variable	1	93	161948	2367.99	21629.4	73733.5	15971.8	19928.8	10113	6081.49	3170.04	8806.07	569385	1205	0	1	0	0xd43f5e018b415631
stage55_condition_variable	1	94	161535	2340.45	21407.6	73813.9	15897	19795.4	9962.41	6010.16	3278.83	8885.69	566967	1218	2	1	0	0xd43f5e018b415631
stage55_condition_variable	1	95	161079	2341.82	21427.6	73504.5	15858.5	20249.8	9633.29	5687.74	3248.37	8985.36	566180	1205	1	1	0	0xd43f5e018b415631
stage55_condition_variable	1	96	161060	2398.53	21537.6	73566.3	15969.3	19915.6	9506.32	5898.61	3275.46	8849.24	565776	1219	1	1	0	0xd43f5e018b415631
stage55_condition_variable	1	97	161883	2329.82	21528.1	74056.6	15969.2	19737.7	10052	5925.11	3285.41	8856.32	568894	1214	2	1	0	0xd43f5e018b415631
stage55_condition_variable	1	98	161960	2393.82	21705.1	74206.5	15812.7	19737.9	10155.2	5885.41	3204.58	8721.32	568296	1202	1	1	0	0xd43f5e018b415631
stage55_condition_variable	1	99	161474	2335.45	21629	73999.4	15938.1	19685.7	9793.29	5830.07	3300.71	8825.07	566267	1218	0	1	0	0xd43f5e018b415631
stage55_condition_variable	2	0	161404	2379.11	21457.2	73706.6	15943.2	19993.8	9714.66	5937.74	3282.71	8846.07	567474	1202	0	1	0	0xd43f5e018b415631
stage55_condition_variable	2	1	165642	3886.34	21698.5	75441.8	16393.7	19982.5	9783.45	5940.86	3499.92	8873.28	571763	1237	8	1	0	0xd43f5e018b415631
stage55_condition_variable	2	2	161515	2379.7	21559.9	73778.7	15739.8	20110.3	9747.37	5955.78	3246.38	8848.86	567430	1194	1	1	0	0xd43f5e018b415631
stage55_condition_variable	2	3	160939	2400.11	21531.1	73761.5	15737.4	19659.5	9798.83	5921.03	3225.96	8754.9	566044	1201	0	1	0	0xd43f5e018b415631
stage55_condition_variable	2	4	162400	2326.2	21634.5	74238.7	15797.7	20152	9936.79	6031.03	3227.54	8907.53	568463	1195	0	1	0	0xd43f5e018b415631
stage55_condition_variable	2	5	161066	2395.82	21770.9	73922.5	15949.1	19667.2	9539.07	5747.03	3225.75	8707.86	566428	1198	0	1	0	0xd43f5e018b415631
stage55_condition_variable	2	6	161185	2339.57	21530.6	73304.3	15866.9	19802.2	10050.4	5988.99	3324.04	8836.44	566326	1202	0	1	0	0xd43f5e018b415631
stage55_condition_variable	2	7	161943	2388.36	21842.1	74061.1	15891.2	20104.5	9667.95	5827.53	3175	8846.82	568327	1211	6	1	0	0xd43f5e018b415631
stage55_condition_variable	2	8	161182	2366.16	21690.5	73843.6	15825	19855.2	9546.74	5791.86	3290.62	8822.65	566149	1220	0	1	0	0xd43f5e018b415631
stage55_condition_variable	2	9	160799	2339.45	21478.1	73647.5	15953.6	19730.9	9590.12	5801.24	3260.88	8853.24	565474	1200	0	1	0	0xd43f5e018b415631
stage55_condition_variable	2	10	161687	2374.24	21678.6	74016.4	15908.2	20097.3	9682.08	5786.74	3194.17	8814.99	566883	1219	0	1	0	0xd43f5e018b415631
stage55_condition_variable	2	11	160984	2332.45	21684.7	73461.8	15852.7	19939	9660.37	5827.28	3213.42	8868.94	566303	1204	0	1	0	0xd43f5e018b415631
stage55_condition_variable	2	12	161761	2336.07	21713.2	73714.8	15935.6	20126.8	9726.42	6034.24	3194.58	8842.78	567898	1199	0	1	0	0xd43f5e018b415631
stage55_condition_variable	2	13	160954	2390.82	21518	74051.5	16085.7	19624.5	9592.37	5751.62	3203.62	8548.07	565859	1215	7	1	0	0xd43f5e018b415631
stage55_condition_variable	2	14	164613	2324.86	23982.7	74487.2	15915.9	19934.8	9897.04	5814.7	3253.29	8858.11	569989	1210	2	1	0	0xd43f5e018b415631
stage55_condition_variable	2	15	161964	2318.86	21644.3	74254.8	15822.4	20162.1	9536.99	5898.41	3277.96	8906.07	568035	1216	0	1	0	0xd43f5e018b415631
stage55_condition_variable	2	16	160855	2377.57	21552.6	73729.8	15948.4	19648.7	9762.91	5884.66	3187.25	8613.82	566962	1207	1	1	0	0xd43f5e018b415631
stage55_condition_variable	2	17	161452	2326.61	21523.1	73832.3	15914.2	19724.1	9687.41	6065.2	3311.29	8924.94	566446	1218	0	1	0	0xd43f5e018b415631
stage55_condition_variable	2	18	161826	2383.57	21651.6	74396.3	15875.5	19911.5	9519.12	5900.32	3177.33	8864.74	567783	1200	0	1	0	0xd43f5e018b415631
stage55_condition_variable	2	19	161705	2327.45	21596.1	74078.8	15969.6	19809.9	9465.75	6153.2	3290.29	8874.24	567341	1203	5	1	0	0xd43f5e018b415631
stage55_condition_variable	2	20	161943	2366.07	21601.7	74160.5	15921.2	19971.1	9752.16	5964.28	3188.21	8872.4	567616	1210	9	1	0	0xd43f5e018b415631
stage55_condition_variable	2	21	161556	2333.65	21555	73782.9	16002.6	19769.6	9725.41	6093.91	3292.62	8857.11	567019	1206	0	1	0	0xd43f5e018b415631
stage55_condition_variable	2	22	161729	2376.36	21621.6	73683.5	16140	19976.9	9824.04	5908.28	3215.75	8840.49	568190	1198	2	1	0	0xd43f5e018b415631
stage55_condition_variable	2	23	161493	2364.57	21607.3	73893.2	15859.3	19908.7	9572.95	5975.41	3297.63	8868.15	567233	1198	0	1	0	0xd43f5e018b415631
stage55_condition_variable	2	24	162078	2329.28	21703.9	74148.8	15749.3	20057.8	9798.54	6100.2	3224.58	8824.32	568060	1213	2	1	0	0xd43f5e018b415631
stage55_condition_variable	2	25	161352	2331.49	21673.6	73660	15983.3	19834.4	9496.16	6065.32	3284.92	8879.44	566653	1215	2	1	0	0xd43f5e018b415631
stage55_condition_variable	2	26	163766	2329.78	21797.4	75139.2	16722	19757	9844.91	5943.07	3215.2	8872.86	569488	1212	0	1	0	0xd43f5e018b415631
stage55_condition_variable	2	27	161928	2330.03	21739.6	74351.4	15798.9	20087.8	9515.12	5869.66	3242.25	8854.24	567784	1203	2	1	0	0xd43f5e018b415631
stage55_condition_variable	2	28	161793	2392.74	21667.3	74050.3	15785.6	19864.8	9879.45	5901.2	3281.79	8830.61	567448	1197	6	1	0	0xd43f5e018b415631
stage55_condition_variable	2	29	162046	2314.82	21510.4	74411.1	15810.6	20083	9680.49	6027.99	3242.83	8833.74	568677	1207	3	1	0	0xd43f5e018b415631
stage55_condition_variable	2	30	161257	2366.65	21615.2	73370.6	15832.8	20010.5	9931	5919.95	3231.5	8840.24	567100	1198	2	1	0	0xd43f5e018b415631
stage55_condition_variable	2	31	162099	2335.28	21503.6	74242.9	15908.4	20124.2	9684.12	6021.45	3300.71	8833.61	567869	1216	2	1	0	0xd43f5e018b415631
stage55_condition_variable	2	32	161942	2375.45	21581.1	74315.7	16016.9	19824.7	9724.5	5901.2	3191	8870.44	566862	1221	16	1	0	0xd43f5e018b415631
stage55_condition_variable	2	33	161865	2349.49	21640.9	73975.2	16031.9	20014.7	9952.42	5712.2	3179.67	8862.07	567974	1208	6	1	0	0xd43f5e018b415631
stage55_condition_variable	2	34	161573	2360.49	21657.1	73957.5	15800	19884.9	9676.91	5952.16	3287.17	8851.9	566627	1204	3	1	0	0xd43f5e018b415631
stage55_condition_variable	2	35	162286	2328.07	21568.8	74451.5	15997.6	20095.8	9865.5	5791.78	3196.08	8842.53	569151	1218	3	1	0	0xd43f5e018b415631
stage55_condition_variable	2	36	161347	2364.45	21609.1	73839.7	15799.7	19851.7	9601.16	6006.16	3256.25	8877.07	567044	1209	0	1	0	0xd43f5e018b415631
stage55_condition_variable	2	37	161461	2333.99	21597.1	73738.2	16036.2	20093.8	9496.2	5764.49	3283.54	8978.28	566533	1206	3	1	0	0xd43f5e018b415631
stage55_condition_variable	2	38	161133	2391.2	21583	73658.4	16058.5	19783.5	9664.37	5870.07	3200.33	8783.24	566043	1200	4	1	0	0xd43f5e018b415631
stage55_condition_variable	2	39	163675	2329.36	21597.3	76156.2	16138.8	19611.5	9807.54	6014.57	3171.58	8706.02	568924	1219	10	1	0	0xd43f5e018b415631
stage55_condition_variable	2	40	161846	2344.4	21647.6	73886.7	15744.1	19690.6	10102.2	6059.95	3318.71	8912.15	568578	1223	2	1	0	0xd43f5e018b415631
stage55_condition_variable	2	41	161633	2380.74	21668.7	73726.5	16075.7	19916.4	9610.66	6051.61	3191.96	8862.15	567250	1205	0	1	0	0xd43f5e018b415631
stage55_condition_variable	2	42	161674	2341.82	21720.7	73881.9	16068.2	19728.8	9634.12	5969.24	3334.92	8861.03	566735	1207	1	1	0	0xd43f5e018b415631
stage55_condition_variable	2	43	161333	2361.32	21515.4	73600.3	15934.8	19974	9908.25	5765.15	3182.67	8946.24	566895	1205	1	1	0	0xd43f5e018b415631
stage55_condition_variable	2	44	161845	2375.82	21563.5	74165.4	16076.7	19812.8	9719.29	5889.41	3232.46	8868.44	567150	1207	4	1	0	0xd43f5e018b415631
stage55_condition_variable	2	45	162382	3240.75	21540.2	74113.4	15872	19933.4	9573.66	5868.32	3231.5	8862.24	567487	1223	1	1	0	0xd43f5e018b415631
stage55_condition_variable	2	46	161647	2323.99	21664.8	73424	15906.3	19789.6	10196	5906.4	3244.83	9046.7	567967	1202	2	1	0	0xd43f5e018b415631
stage55_condition_variable	2	47	162023	2393.91	21644.2	74229	15871.6	19860.3	9900.63	5881.61	3185.83	8911.15	567932	1207	0	1	0	0xd43f5e018b415631
stage55_condition_variable	2	48	161158	2338.74	21554.6	73565.7	15774.6	19918.2	9632.33	6028.78	3263.46	8942.74	566765	1206	0	1	0	0xd43f5e018b415631
stage55_condition_variable	2	49	161602	2382.03	21614.6	74094.5	15879.7	20108.3	9320.7	5950.49	3173.54	8937.15	567103	1196	1	1	0	0xd43f5e018b415631
stage55_condition_variable	2	50	160757	2400.53	21463.1	73529.7	15918.7	19736.1	9677.29	5954.45	3183.04	8745.65	566207	1194	2	1	0	0xd43f5e018b415631
stage55_condition_variable	2	51	164402	2324.7	21824.1	76238.5	15844.9	20037.6	9601.62	6236.45	3285.42	8864.82	569450	1209	5	1	0	0xd43f5e018b415631
stage55_condition_variable	2	52	161813	2333.82	21686.2	73965.8	15886.7	20139.5	9621.16	5868.2	3301.92	8866.9	567141	1205	0	1	0	0xd43f5e018b415631
stage55_condition_variable	2	53	161152	2405.11	21433.3	73571.1	15983.9	19719.1	9916.62	5897.49	3224.25	8851.86	567336	1200	1	1	0	0xd43f5e018b415631
stage55_condition_variable	2	54	161517	2310.57	21555.4	74145	15905.5	19727.8	9551.24	6037.87	3306.5	8788.94	565779	1211	0	1	0	0xd43f5e018b415631
stage55_condition_variable	2	55	161740	2377.2	21618.9	73793.8	15892.1	19962.6	9895.13	5933.16	3197.42	8921.82	567761	1212	1	1	0	0xd43f5e018b415631
stage55_condition_variable	2	56	161495	2348.45	21587.7	73771	15803.4	19774.8	9908.82	6059.32	3246.12	8851.19	568421	1198	0	1	0	0xd43f5e018b415631
stage55_condition_variable	2	57	161847	2367.78	21524	74308.6	15908.6	20007	9625.41	5917.7	3215.54	8829.19	566881	1213	5	1	0	0xd43f5e018b415631
stage55_condition_variable	2	58	162221	2391.9	21746.9	74071	15959.4	19763.6	10113.7	5922.7	3255.37	8850.9	568681	1213	5	1	0	0xd43f5e018b415631
stage55_condition_variable	2	59	162159	2842.37	21719	74389.5	15984.6	19684.8	9543.79	6104.99	3221.75	8528.61	567961	1211	0	1	0	0xd43f5e018b415631
stage55_condition_variable	2	60	161324	2335.32	21485.3	73636.3	15899.2	19752.4	10191.6	5827.2	3235.87	8819.03	567527	1202	0	1	0	0xd43f5e018b415631
stage55_condition_variable	2	61	162114	2401.45	21535.9	74335.5	15962.7	19879.6	9801.41	6023.49	3274.2	8752.03	569078	1224	0	1	0	0xd43f5e018b415631
stage55_condition_variable	2	62	161706	2328.78	21628.4	74022.1	16006.2	19795.1	9696.58	5940.99	3332.21	8811.61	567754	1204	2	1	0	0xd43f5e018b415631
stage55_condition_variable	2	63	161739	2376.66	21447.1	74023.8	15736.6	19952	9960.84	5974.03	3217.16	8911.07	567552	1206	2	1	0	0xd43f5e018b415631
stage55_condition_variable	2	64	164553	3436.17	21684.4	75856.5	15967.2	19563.1	10099.4	5740.74	3240.83	8827.65	570320	1213	2	1	0	0xd43f5e018b415631
stage55_condition_variable	2	65	161733	2333.86	21619.2	73959.4	15992.4	20026.1	9620	5923.16	3266.25	8847.19	566623	1211	2	1	0	0xd43f5e018b415631
stage55_condition_variable	2	66	160868	2396.28	21688.4	73375.7	15858.7	19907.6	9583.67	5898.28	3188.25	8824.36	565937	1207	0	1	0	0xd43f5e018b415631
stage55_condition_variable	2	67	161229	2345.45	21766.5	73422.1	15783.4	19944.4	9684.62	6023.16	3208.41	8907.07	566299	1205	0	1	0	0xd43f5e018b415631
stage55_condition_variable	2	68	161449	2337.66	21672.4	73768.5	15869.9	20029	9649.79	5879.24	3261.79	8845.24	567695	1207	1	1	0	0xd43f5e018b415631
stage55_condition_variable	2	69	161151	2379.57	21372.6	73721.8	16163.3	19692.2	9896.41	5898.82	3217.71	8666.77	565563	1202	4	1	0	0xd43f5e018b415631
stage55_condition_variable	2	70	161039	2328.36	21619.4	73678.5	15788.4	19852.5	9721.83	5818.86	3247.71	8845.57	565535	1202	4	1	0	0xd43f5e018b415631
stage55_condition_variable	2	71	162245	2340.82	21737.1	74733.2	15765.7	19946.2	9676.95	5909.74	3170.25	8820.86	567840	1204	0	1	0	0xd43f5e018b415631
stage55_condition_variable	2	72	161866	2332.7	21669.7	74080.9	15888.4	19695.1	9876.54	6058.41	3246.92	8880.28	567418	1209	0	1	0	0xd43f5e018b415631
stage55_condition_variable	2	73	161648	2387.36	21540.3	74087.1	15793.8	20043	9453.12	6139.08	3236.87	8825.07	567620	1194	1	1	0	0xd43f5e018b415631
stage55_condition_variable	2	74	161572	2316.36	21521.6	73923.9	15870.4	19828.2	9953.88	5911.57	3255.12	8854.57	568173	1205	2	1	0	0xd43f5e018b415631
stage55_condition_variable	2	75	162382	2365.9	21632.2	74579.8	15920.7	19857.5	9934.49	5849.82	3263.29	8826.94	569082	1219	2	1	0	0xd43f5e018b415631
stage55_condition_variable	2	76	163702	2334.61	21721.8	74085.4	15972.9	21052.9	10378.8	5911.28	3205.54	8891.19	570611	1210	1	1	0	0xd43f5e018b415631
stage55_condition_variable	2	77	160923	2328.4	21413.9	73972.8	15771.7	19956	9327.78	5852.07	3259.83	8902.44	565639	1194	7	1	0	0xd43f5e018b415631
stage55_condition_variable	2	78	161952	2336.82	21503.5	74047.8	15849.8	20108.5	9884.88	5963.78	3229.29	8881.74	568111	1211	1	1	0	0xd43f5e018b415631
stage55_condition_variable	2	79	162006	2375.91	21549	74089.2	15998.4	19754.8	9814.16	6178.03	3255.75	8858.11	569378	1203	0	1	0	0xd43f5e018b415631
stage55_condition_variable	2	80	161792	2391.41	21553.6	74438.7	15759	19996.2	9517.25	5937.53	3225.38	8824.19	567898	1211	0	1	0	0xd43f5e018b415631
stage55_condition_variable	2	81	160481	2370.41	21467.7	73650.2	16120.6	19570.7	9544.07	5840.24	3237.12	8537.69	564599	1215	5	1	0	0xd43f5e018b415631
stage55_condition_variable	2	82	161234	2328.9	21697.9	73521	15739.8	19791.9	9902.79	5915.95	3292.21	8903.74	567140	1213	1	1	0	0xd43f5e018b415631
stage55_condition_variable	2	83	161879	2391.28	21596.9	74211.4	15753.9	19948.3	9686.7	6079.7	3239.95	8830.61	569093	1195	0	1	0	0xd43f5e018b415631
stage55_condition_variable	2	84	161436	2326.03	21657.9	73513.7	15931.3	19860	9783.74	6091.66	3276.67	8820.78	566530	1218	0	1	0	0xd43f5e018b415631
stage55_condition_variable	2	85	161082	2335.91	21569.7	73707.3	15915.4	20050.5	9513.25	5786.73	3206.33	8855.4	565540	1199	0	1	0	0xd43f5e018b415631
stage55_condition_variable	2	86	161278	2711.45	21545.3	73695.8	15852.2	19748.3	9568.7	6015.03	3239.83	8755.78	566218	1213	3	1	0	0xd43f5e018b415631
stage55_condition_variable	2	87	161792	2332.78	21814.5	73953.9	15901.6	19741	9761.04	5997.24	3254.38	8897.03	567640	1213	1	1	0	0xd43f5e018b415631
stage55_condition_variable	2	88	164133	2376.53	21819.8	74852.2	15997.1	20281.9	10549.9	6081.37	3222.21	8813.78	569897	1209	0	1	0	0xd43f5e018b415631
stage55_condition_variable	2	89	161559	2389.28	21557.1	74057.7	16051.1	19726.7	9849.46	6002.66	3208.62	8580.9	567080	1191	5	1	0	0xd43f5e018b415631
stage55_condition_variable	2	90	161731	2352.86	21566	73976.5	16086.7	19728.2	9782.58	5887.45	3308.62	8901.57	566736	1211	2	1	0	0xd43f5e018b415631
stage55_condition_variable	2	91	161386	2397.24	21656.1	73485.5	15950.7	20000	9633.71	5982.91	3213.12	8931.78	566277	1198	0	1	0	0xd43f5e018b415631
stage55_condition_variable	2	92	161813	2350.15	21618.6	73663.6	15948.2	19728.7	9885.87	6175.99	3393.67	8908.24	567323	1215	1	1	0	0xd43f5e018b415631
stage55_condition_variable	2	93	161677	2377.66	21671.5	73744.5	15945.6	19989.4	9694.91	5998.91	3226.96	8885.15	568001	1205	3	1	0	0xd43f5e018b415631
stage55_condition_variable	2	94	161693	2341.2	21923.3	73762.3	15828.9	19806.5	9883.95	5730.49	3410.67	8864.99	567760	1215	4	1	0	0xd43f5e018b415631
stage55_condition_variable	2	95	161330	2392.78	21641.8	73718	15921.3	20101.5	9459.2	5836.91	3215.62	8904.78	566436	1203	0	1	0	0xd43f5e018b415631
stage55_condition_variable	2	96	161920	2382.45	21579	74429.4	15881.4	19858.9	9628.5	5826.86	3309.54	8852.69	566217	1202	8	1	0	0xd43f5e018b415631
stage55_condition_variable	2	97	161141	2329.15	21413.5	73494.5	15887.2	20103.7	9844.7	5840.74	3249.54	8845.19	566448	1201	0	1	0	0xd43f5e018b415631
stage55_condition_variable	2	98	161224	2386.74	21463.6	73510.5	15980.5	19874.9	9780.58	5952.86	3273	8857.61	566670	1207	0	1	0	0xd43f5e018b415631
stage55_condition_variable	2	99	161409	2337.28	21451.1	74217	15818.8	19751.9	9595.41	5941.11	3241.04	8918.4	565766	1201	2	1	0	0xd43f5e018b415631
stage55_condition_variable	3	0	161856	2365.03	21586.3	74465.3	15743.1	20067.1	9485.91	5947.37	3204.83	8846.82	567235	1195	1	1	0	0xd43f5e018b415631
stage55_condition_variable	3	1	163797	2482.61	23850.5	73985.6	15955.2	19904.3	9547.36	5873.37	3248.92	8814.4	569302	1218	0	1	0	0xd43f5e018b415631
stage55_condition_variable	3	2	161499	2323.82	21559	74190.2	15854.3	19816	9632.75	5849.32	3267.46	8860.28	567337	1205	1	1	0	0xd43f5e018b415631
stage55_condition_variable	3	3	162098	2343.78	21596.1	74153.8	15931.3	20044.5	10005.4	5822.66	3196.79	8863.74	568578	1216	0	1	0	0xd43f5e018b415631
stage55_condition_variable	3	4	164158	4543.93	21697.9	73953.6	15990.2	19889.8	9793.25	6098.91	3222.87	8829.69	570664	1214	0	1	0	0xd43f5e018b415631
stage55_condition_variable	3	5	162379	2332.57	21645.8	74311.5	15844.6	20151.1	9852.71	5912.03	3268.59	8927.94	568808	1203	2	1	0	0xd43f5e018b415631
stage55_condition_variable	3	6	161402	2394.36	21721.6	74251.6	15926.9	19701.7	9617.08	5757.99	3178.71	8708.02	566174	1209	6	1	0	0xd43f5e018b415631
stage55_condition_variable	3	7	162215	2333.74	21483.4	73757.4	15872.4	20233.8	10136.5	6008.33	3268.17	8936.24	567865	1208	1	1	0	0xd43f5e018b415631
stage55_condition_variable	3	8	161886	2419.57	21557.9	73926.3	16005.7	19750.8	9743.95	6245.78	3230	8864.78	567224	1219	9	1	0	0xd43f5e018b415631
stage55_condition_variable	3	9	162429	2358.45	21690.7	74243.3	15936.6	20147.1	9822.46	5957.32	3287.92	8841.28	568773	1220	1	1	0	0xd43f5e018b415631
stage55_condition_variable	3	10	161721	2381.7	21477.8	74298.9	15849.6	19873	9752.54	5877.78	3219.59	8840.94	567628	1204	1	1	0	0xd43f5e018b415631
stage55_condition_variable	3	11	162196	2324.95	21631.1	74220	15940.3	20151.5	9611.99	6143.95	3167.75	8860.78	568608	1211	1	1	0	0xd43f5e018b415631
stage55_condition_variable	3	12	160849	2337.32	21463.8	73627.9	16007.4	19553.4	9784.2	5842.61	3262.67	8833.19	566303	1201	1	1	0	0xd43f5e018b415631
stage55_condition_variable	3	13	164660	2340.2	21535.7	76243.5	16397.7	20186.7	9800.83	5873.99	3203.91	8933.11	569926	1214	3	1	0	0xd43f5e018b415631
stage55_condition_variable	3	14	161163	2371.82	21633.6	73613.8	15872.2	20025.9	9439.12	5898.66	3291.37	8873.24	565870	1219	0	1	0	0xd43f5e018b415631
stage55_condition_variable	3	15	161091	2375.99	21565.9	74114.1	15779.1	19773.2	9621.16	5863.16	3220.25	8641.61	566424	1203	0	1	0	0xd43f5e018b415631
stage55_condition_variable	3	16	162502	2335.57	21490.8	74043	15864.6	20204	9737.79	6620.58	3213.16	8846.24	568295	1209	0	1	0	0xd43f5e018b415631
stage55_condition_variable	3	17	161243	2388.49	21568.6	73961.4	15785.5	19678.9	10045	5815.53	3225.62	8626.61	566542	1204	1	1	0	0xd43f5e018b415631
stage55_condition_variable	3	18	161318	2312.65	21585.3	73789.5	15867.2	19747.2	9893	5873.36	3290.25	8812.69	565977	1199	2	1	0	0xd43f5e018b415631
stage55_condition_variable	3	19	161724	2394.66	21526.8	74349	15845.9	19886	9643.45	5891.28	3226.62	8814.74	566860	1202	4	1	0	0xd43f5e018b415631
stage55_condition_variable	3	20	161607	2336.49	21599.7	73586.2	16100	19820.7	9667.37	6162.45	3279.04	8910.65	566802	1220	0	1	0	0xd43f5e018b415631
stage55_condition_variable	3	21	161948	2386.91	21663.8	73939.9	15916.6	20245.8	9805.04	5791.32	3222.87	8833.32	568411	1196	6	1	0	0xd43f5e018b415631
stage55_condition_variable	3	22	161213	2303.24	21465.2	73755.8	15811.8	19937.1	9488.45	6245.49	3203.5	8857.07	566361	1198	0	1	0	0xd43f5e018b415631
stage55_condition_variable	3	23	161936	2354.61	21556.5	74151.3	16030.3	20014.1	9830.16	5820.11	3218.46	8819.86	568655	1191	1	1	0	0xd43f5e018b415631
stage55_condition_variable	3	24	162158	2406.7	21791.8	74080.8	15931	20068.3	9854.29	5755.95	3281.13	8845.24	567766	1213	5	1	0	0xd43f5e018b415631
stage55_condition_variable	3	25	161360	2364.45	21578.9	73932.3	15968.3	20033.4	9452.25	5829.86	3248.66	8816.94	567213	1201	0	1	0	0xd43f5e018b415631
stage55_condition_variable	3	26	164231	2503.53	21569.6	76587.6	15759.3	19940.6	9740.66	5873.53	3239.09	8873.11	569396	1208	2	1	0	0xd43f5e018b415631
stage55_condition_variable	3	27	161608	2353.86	21508.5	74226.6	15801.4	19831.3	9559.53	6079.37	3209.58	8890.57	565595	1193	7	1	0	0xd43f5e018b415631
stage55_condition_variable	3	28	162011	2363.36	21573.3	74331.6	15875.1	20009.5	9803.16	5912.16	3157.83	8838.61	567966	1203	0	1	0	0xd43f5e018b415631
stage55_condition_variable	3	29	161015	2356.03	21415.8	73347.5	15941.7	19947.9	9803.46	5966.24	3259.09	8824.74	566802	1204	1	1	0	0xd43f5e018b415631
stage55_condition_variable	3	30	161755	2329.03	21617.3	73706.2	15927	20087.6	9867.08	5803.28	3282.41	8984.19	567323	1207	1	1	0	0xd43f5e018b415631
stage55_condition_variable	3	31	161040	2407.03	21685.3	73416	15873.4	19719.7	10066.8	5777.62	3205.87	8709.11	565725	1200	5	1	0	0xd43f5e018b415631
stage55_condition_variable	3	32	161322	2339.07	21482.6	73799.2	15787.5	19770.5	9938.58	5929.49	3293.96	8837.9	566480	1220	0	1	0	0xd43f5e018b415631
stage55_condition_variable	3	33	161532	2377.03	21647.4	73659.5	15852.6	20225.9	9615.66	5979.74	3169.2	8864.07	567211	1208	5	1	0	0xd43f5e018b415631
stage55_condition_variable	3	34	161661	2398.7	21652.9	74142.4	15859.3	19891.6	9733.58	5718.03	3244.67	8882.57	568021	1203	1	1	0	0xd43f5e018b415631
stage55_condition_variable	3	35	161760	2335.74	21612.5	73846.6	16026	20108.6	9768.95	5907.95	3162.54	8850.36	567989	1202	0	1	0	0xd43f5e018b415631
stage55_condition_variable	3	36	160860	2381.11	21639.5	73810.3	15860.5	19564.4	9672.16	5965.28	3253.83	8564.77	565842	1204	1	1	0	0xd43f5e018b415631
stage55_condition_variable	3	37	160992	2347.9	21740.6	73761.2	15767.7	19617.2	9714.2	5791.36	3253.75	8856.32	566041	1203	2	1	0	0xd43f5e018b415631
stage55_condition_variable	3	38	163798	2343.49	21390.2	75371.1	16462.5	19875.7	9982.49	6058.33	3266.42	8904.94	569213	1211	1	1	0	0xd43f5e018b415631
stage55_condition_variable	3	39	161506	2371.99	21619.1	73694.9	15907.4	20227.5	9549.75	5958.16	3184.46	8841.9	566132	1211	2	1	0	0xd43f5e018b415631
stage55_condition_variable	3	40	161845	2383.7	21641.3	73625.9	15889.9	19959	10007.8	6081.54	3258.25	8849.9	568186	1212	6	1	0	0xd43f5e018b415631
stage55_condition_variable	3	41	162402	2336.99	21685.3	74220.3	16034.7	20084.9	9851.45	6011.95	3204.25	8825.69	569291	1218	2	1	0	0xd43f5e018b415631
stage55_condition_variable	3	42	161039	2323.45	21624.9	73585.5	15778.3	20048	9474.04	5931.91	3265.62	8860.28	565075	1206	1	1	0	0xd43f5e018b415631
stage55_condition_variable	3	43	161198	2339.07	21591.6	73808.3	15932.8	19599.9	9431.62	6198.37	3326.25	8834.44	566264	1216	7	1	0	0xd43f5e018b415631
stage55_condition_variable	3	44	161350	2384.24	21680.8	73764.8	15979.2	19835.6	9771.16	5786.9	3187.62	8814.9	567382	1209	2	1	0	0xd43f5e018b415631
stage55_condition_variable	3	45	161502	2331.9	21683.8	73567.8	15817.5	19806.2	10001.2	5989.86	3255.67	8906.9	568543	1204	0	1	0	0xd43f5e018b415631
stage55_condition_variable	3	46	161923	2374.15	21734	74069.3	15729.3	19989.2	9756.58	5984.28	3207.38	8931.69	568316	1209	8	1	0	0xd43f5e018b415631
stage55_condition_variable	3	47	161857	2332.49	21483.5	73883.8	16061.9	19721.6	9938.75	6047.78	3331.83	8909.65	568159	1210	0	1	0	0xd43f5e018b415631
stage55_condition_variable	3	48	161863	2393.78	21712.2	74155.5	15902.7	20129	9449.99	5922.82	3205.83	8844.94	566300	1208	1	1	0	0xd43f5e018b415631
stage55_condition_variable	3	49	161661	2352.4	21611	73926.9	15946.7	19728.6	9850.04	5938.24	3287.13	8870.78	565777	1204	2	1	0	0xd43f5e018b415631
stage55_condition_variable	3	50	162111	2388.28	21667.3	74375.8	15843	19907	9718	5976.57	3223.54	8867.9	568646	1219	1	1	0	0xd43f5e018b415631
stage55_condition_variable	3	51	163871	2321.28	21603.1	76521.8	15946.7	19767.4	9651.75	5901.86	3334.67	8676.4	568951	1205	0	1	0	0xd43f5e018b415631
stage55_condition_variable	3	52	161411	2331.4	21570.1	73698.8	15966.5	19751.6	9806.2	5947.45	3342.5	8850.57	567122	1202	8	1	0	0xd43f5e018b415631
stage55_condition_variable	3	53	161233	2389.86	21565.4	73636.3	16021.9	20035.7	9495.49	5898.61	3211.83	8834.86	567124	1192	0	1	0	0xd43f5e018b415631
stage55_condition_variable	3	54	161674	2379.61	21564.3	73902.4	15856.2	19947.5	9925.38	5824.7	3294.29	8825.28	568449	1200	1	1	0	0xd43f5e018b415631
stage55_condition_variable	3	55	162095	2347.15	21576.9	74546.8	16041	20110	9426.95	5779.74	3213.96	8904.74	568059	1214	1	1	0	0xd43f5e018b415631
stage55_condition_variable	3	56	161459	2399.2	21932.6	73747.6	15806.3	19963.9	9568.79	5769.57	3271.54	8861.36	565688	1212	6	1	0	0xd43f5e018b415631
stage55_condition_variable	3	57	161885	2331.32	21588.6	73979.6	15945	20091.8	9628.24	5925.7	3379.8	8844.15	566409	1218	0	1	0	0xd43f5e018b415631
stage55_condition_variable	3	58	160730	2392.36	21621.6	73430	15903.9	19668.6	9804.91	5773.32	3252.83	8750.44	565791	1207	1	1	0	0xd43f5e018b415631
stage55_condition_variable	3	59	161567	2354.07	21672.8	73600.6	16035.1	19716.2	9660.79	6158.87	3316.88	8874.15	566247	1205	6	1	0	0xd43f5e018b415631
stage55_condition_variable	3	60	161708	2380.82	21584.9	73937.7	15836.4	20010.6	9647.16	6160.2	3173	8837.44	567287	1197	0	1	0	0xd43f5e018b415631
stage55_condition_variable	3	61	161270	2334.07	21508.9	73572.6	15847.9	19903.3	9991.54	5754.95	3224.62	8988.78	566880	1203	3	1	0	0xd43f5e018b415631
stage55_condition_variable	3	62	162018	2343.9	21498.9	73978.9	15951.7	20086.5	10052.7	5939.08	3185.87	8839.4	568693	1201	1	1	0	0xd43f5e018b415631
stage55_condition_variable	3	63	165398	2365.86	21555.9	76753.2	15923.6	20042.2	9755.25	6743.25	3250	8859.24	571857	1224	1	1	0	0xd43f5e018b415631
stage55_condition_variable	3	64	161460	2322.11	21491.9	73809.3	15905.6	20069.4	9675.57	5894.16	3287.71	8860.74	566574	1206	3	1	0	0xd43f5e018b415631
stage55_condition_variable	3	65	161331	2387.53	21743.6	73733.7	16001.3	19651.7	10024.6	5860.66	3161.7	8616.82	566568	1214	5	1	0	0xd43f5e018b415631
stage55_condition_variable	3	66	161554	2339.9	21615.7	74085.8	15877.3	19760.9	9640.2	5941.49	3236.66	8911.74	567071	1208	1	1	0	0xd43f5e018b415631
stage55_condition_variable	3	67	161609	2386.16	21718.4	73725.5	15901.3	19981.9	9765.29	5967.78	3242.67	8789.44	567296	1213	1	1	0	0xd43f5e018b415631
stage55_condition_variable	3	68	161756	2325.7	21788.2	73876.1	15807.9	19705.6	10007.6	5978.58	3260.62	8859.74	567995	1202	7	1	0	0xd43f5e018b415631
stage55_condition_variable	3	69	161125	2369.74	21417.5	73729.3	15870.7	20098.1	9700.87	5759.11	3172.04	8863.4	566154	1202	0	1	0	0xd43f5e018b415631
stage55_condition_variable	3	70	161067	2414.91	21660.1	74019.7	15987.8	19592.5	9540.62	5996.62	3228.21	8488.02	565714	1206	2	1	0	0xd43f5e018b415631
stage55_condition_variable	3	71	162305	2339.86	21547	74086	15993.7	20256.8	9840.04	5954.03	3247.29	8895.19	568763	1215	7	1	0	0xd43f5e018b415631
stage55_condition_variable	3	72	161029	2390.2	21614.2	73724.1	15868.4	19738.4	9732.58	5928.86	3204.83	8689.23	566051	1210	1	1	0	0xd43f5e018b415631
stage55_condition_variable	3	73	161565	2333.24	21616.7	73953.5	16084.3	19759.6	9419.41	6090.99	3318.83	8840.69	567443	1196	2	1	0	0xd43f5e018b415631
stage55_condition_variable	3	74	161460	2392.99	21396.1	74064.8	15777.4	20021.4	9584.37	6014.37	3233.54	8830.9	567010	1200	1	1	0	0xd43f5e018b415631
stage55_condition_variable	3	75	161786	2352.28	21500.1	74051.2	15893.4	19763.4	9885.21	5926.2	3319.37	8946.65	567266	1215	2	1	0	0xd43f5e018b415631
stage55_condition_variable	3	76	164143	3529	21732.1	74919.5	15832	19696.9	9796.12	6408.08	3265	8825.07	569941	1199	1	1	0	0xd43f5e018b415631
stage55_condition_variable	3	77	161693	2388.11	21543.6	73892	15915.1	19977.5	9939.66	5916.32	3175.54	8798.32	567512	1200	0	1	0	0xd43f5e018b415631
stage55_condition_variable	3	78	161234	2339.61	21621.7	73628.3	15794.6	19886.8	9664.33	5979.45	3299.38	8874.11	565817	1203	4	1	0	0xd43f5e018b415631
stage55_condition_variable	3	79	161925	2331.57	21585.4	74216.5	15892.3	20108.4	9725.29	5859.78	3162.87	8902.4	569274	1203	1	1	0	0xd43f5e018b415631
stage55_condition_variable	3	80	162002	2387.66	21415.6	74651.5	15845.2	19850.5	9634.04	5961.03	3213.25	8901.53	567431	1205	2	1	0	0xd43f5e018b415631
stage55_condition_variable	3	81	162270	2379.99	21516.9	74459.2	15920.9	20078	9473.33	5998.07	3391.58	8906.9	568343	1224	7	1	0	0xd43f5e018b415631
stage55_condition_variable	3	82	161016	2323.61	21549.8	73764.7	15757.5	19940.5	9508.58	5841.32	3294.79	8893.32	565459	1208	0	1	0	0xd43f5e018b415631
stage55_condition_variable	3	83	161552	2338.99	21559.1	73674.8	15913.5	20133.6	9631.04	5952.62	3274.88	8929.32	566316	1220	1	1	0	0xd43f5e018b415631
stage55_condition_variable	3	84	161082	2384.95	21536.9	73870.3	15981.7	19622.2	10012.4	5723.49	3249.75	8566.69	566363	1217	0	1	0	0xd43f5e018b415631
stage55_condition_variable	3	85	160989	2337.86	21782.2	73524.2	15818	19823.2	9371.12	6076.7	3273.71	8843.74	565644	1217	0	1	0	0xd43f5e018b415631
stage55_condition_variable	3	86	161761	2326.15	21510	74317.1	15788.2	20066.5	9621.87	5890.95	3189.29	8906.78	567598	1199	2	1	0	0xd43f5e018b415631
stage55_condition_variable	3	87	161299	2376.74	21607.6	73654.3	15766.9	19934.2	9698	5997.12	3247.37	8872.49	566726	1198	1	1	0	0xd43f5e018b415631
stage55_condition_variable	3	88	164208	2342.61	21444.8	73804.8	16574.2	22053.2	9695.58	6026.33	3239.21	8882.9	570449	1214	0	1	0	0xd43f5e018b415631
stage55_condition_variable	3	89	161726	2324.7	21649.7	74018.8	15845.1	20154.5	9554.62	5850.86	3346	8836.24	566084	1209	1	1	0	0xd43f5e018b415631
stage55_condition_variable	3	90	161472	2378.32	21568.5	73705.6	15816.6	19972.5	9862.91	5934.03	3247.62	8841.44	567171	1214	0	1	0	0xd43f5e018b415631
stage55_condition_variable	3	91	161871	2323.2	21486.2	73885.5	15935.7	20191.9	9694.04	5967.24	3312.46	8928.49	567300	1199	1	1	0	0xd43f5e018b415631
stage55_condition_variable	3	92	161063	2400.36	21662.4	73588.5	15896.2	19596.5	9904.42	5980.41	3169.33	8719.23	567665	1202	2	1	0	0xd43f5e018b415631
stage55_condition_variable	3	93	162612	2587.28	21622.7	73906.9	15891.1	20287.8	10149	5894.24	3289.25	8846.82	569088	1191	7	1	0	0xd43f5e018b415631
stage55_condition_variable	3	94	161096	2396.45	21690.5	73427.3	16057.4	19716.8	9879.04	5955.95	3210.37	8623.23	566703	1213	0	1	0	0xd43f5e018b415631
stage55_condition_variable	3	95	162278	2339.4	21663.6	74033.2	15873.9	20200.5	9916.29	5945.03	3284.5	8880.78	567926	1218	3	1	0	0xd43f5e018b415631
stage55_condition_variable	3	96	161378	2394.2	21644.6	73749.6	16184.5	19554.4	9873.62	6064.74	3239.2	8531.94	567830	1203	0	1	0	0xd43f5e018b415631
stage55_condition_variable	3	97	162044	2323.4	21609.8	74150.8	15871.9	20152	9484.91	6187.37	3242.33	8882.49	566155	1212	7	1	0	0xd43f5e018b415631
stage55_condition_variable	3	98	161344	2388.78	21552.3	73832.3	15932	19600.5	10053.4	5859.61	3181.21	8798.82	566486	1203	1	1	0	0xd43f5e018b415631
stage55_condition_variable	3	99	161096	2343.2	21672.1	73468.8	15829.2	19887.6	9912.92	5771.15	3216	8846.69	566482	1211	0	1	0	0xd43f5e018b415631
stage55_condition_variable	4	0	163086	2336.28	21526.7	74028.8	15764.7	20753.5	10400	6111.53	3193.29	8820.82	569650	1219	0	1	0	0xd43f5e018b415631
stage55_condition_variable	4	1	161305	2343.7	21496	73713.1	15887.7	19888.2	9497.12	6156.83	3310.29	8864.78	566720	1203	1	1	0	0xd43f5e018b415631
stage55_condition_variable	4	2	161272	2398.2	21661.1	74008.8	15713.3	19973.8	9630.7	5735.11	3173	8831.24	567109	1188	0	1	0	0xd43f5e018b415631
stage55_condition_variable	4	3	161485	2337.74	21414.1	73888.1	15866.5	19820.1	9825.79	6058.53	3255.42	8871.19	566713	1194	7	1	0	0xd43f5e018b415631
stage55_condition_variable	4	4	161870	2346.53	21542.2	74171.9	15929.1	20185.7	9511.03	5890.33	3242.62	8911.19	568696	1203	2	1	0	0xd43f5e018b415631
stage55_condition_variable	4	5	161181	2376.16	21481.6	73981.5	15821	19533.5	9770.49	5994.28	3265.84	8812.53	567850	1195	1	1	0	0xd43f5e018b415631
stage55_condition_variable	4	6	161704	2331.78	21351.6	73952.8	15906.2	20122.9	9848.25	5954.16	3213.17	8884.9	566876	1195	5	1	0	0xd43f5e018b415631
stage55_condition_variable	4	7	161445	2398.57	21546.9	73819.3	15987.4	19776	9955.12	5836.62	3210.91	8768.86	567273	1205	0	1	0	0xd43f5e018b415631
stage55_condition_variable	4	8	162412	2340.86	21799.4	74300.6	15946.1	20122.2	9842.24	5855.78	3253.62	8809.03	568826	1217	1	1	0	0xd43f5e018b415631
stage55_condition_variable	4	9	161253	2393.45	21557.1	74315.9	15925.5	19637.8	9691.46	5765.95	3238.25	8580.82	565885	1204	2	1	0	0xd43f5e018b415631
stage55_condition_variable	4	10	161522	2336.28	21492.6	73929	15845.9	19719.8	9820.08	6004.16	3335.5	8897.49	567785	1213	2	1	0	0xd43f5e018b415631
stage55_condition_variable	4	11	161593	2386.74	21593.1	74191.5	15847.2	19862.7	9552.62	5936.45	3212.46	8861.57	567625	1203	2	1	0	0xd43f5e018b415631
stage55_condition_variable	4	12	162541	2347.57	21615.3	74265.4	15960.9	20195.3	9872.79	6068.12	3244.58	8827.99	568712	1225	1	1	0	0xd43f5e018b415631
stage55_condition_variable	4	13	163046	2380.45	23893.1	73129	15840.1	19637.2	10004.1	5952.32	3253.46	8817.61	569972	1219	3	1	0	0xd43f5e018b415631
stage55_condition_variable	4	14	161287	2380.49	21305.8	73857.3	15940.4	20261.5	9601.41	5782.99	3205.29	8810.19	565959	1202	2	1	0	0xd43f5e018b415631
stage55_condition_variable	4	15	161479	2382.86	21606.5	73642.8	15885.5	19875	9854.5	5990.49	3234.83	8863.24	568041	1198	0	1	0	0xd43f5e018b415631
stage55_condition_variable	4	16	161930	2350.99	21746.5	74033.6	15954.7	20132.4	9471.08	5922.62	3241.08	8928.4	567333	1213	6	1	0	0xd43f5e018b415631
stage55_condition_variable	4	17	162213	2379.36	21366.3	74380.4	15911.6	19554.5	9867.37	5844.53	3220.41	9542.53	566964	1196	10	1	0	0xd43f5e018b415631
stage55_condition_variable	4	18	162035	2344.28	21650.4	74028.1	16153.6	19958.6	9794.37	5881.99	3232.83	8847.57	568446	1210	6	1	0	0xd43f5e018b415631
stage55_condition_variable	4	19	161536	2346.11	21641.2	73834.3	15769.9	19828	9972.21	5886.53	3280.38	8834.86	567724	1200	0	1	0	0xd43f5e018b415631
stage55_condition_variable	4	20	161690	2389.91	21496.9	74149.8	15932.3	20166.4	9557.96	5725.03	3255.84	8874.11	568033	1209	4	1	0	0xd43f5e018b415631
stage55_condition_variable	4	21	161634	2448.57	21570.2	73870	15759.9	19871.8	9640.66	6113.74	3324.04	8890.74	567103	1225	0	1	0	0xd43f5e018b415631
stage55_condition_variable	4	22	162128	2341.82	21641.6	74245.5	15893.9	20244.8	9783.29	5837.78	3139.5	8853.65	568762	1207	7	1	0	0xd43f5e018b415631
stage55_condition_variable	4	23	161755	2352.49	21592.8	73626.1	15907.1	19799.8	10024.3	6165.7	3256.5	8890.65	567887	1214	2	1	0	0xd43f5e018b415631
stage55_condition_variable	4	24	161301	2359.53	21438.4	73584.8	15955	20087	9620.91	5935.49	3216.46	8960.19	567323	1199	0	1	0	0xd43f5e018b415631
stage55_condition_variable	4	25	163557	2371.82	21613.6	74934.5	16329.1	19761.4	10008.7	5953.16	3571.5	8830.82	569384	1219	0	1	0	0xd43f5e018b415631
stage55_condition_variable	4	26	161232	2394.36	21750.7	73952.3	15893.5	19534.5	9558.21	5993.54	3220.12	8788.11	566248	1213	4	1	0	0xd43f5e018b415631
stage55_condition_variable	4	27	161163	2341.7	21590.9	73672.2	15779.6	19693.6	9985	5777.61	3331.17	8853.99	566713	1204	1	1	0	0xd43f5e018b415631
stage55_condition_variable	4	28	161522	2414.53	21627.2	73897.3	15962	19964.2	9415.24	6013.12	3215.12	8851.36	566745	1207	9	1	0	0xd43f5e018b415631
stage55_condition_variable	4	29	161422	2376.61	21780	73462	15842.7	19884	9825.87	6027.08	3248.13	8830.32	567435	1199	1	1	0	0xd43f5e018b415631
stage55_condition_variable	4	30	161936	2333.7	21571.5	74134	16218.9	20183.2	9416.12	5773.36	3308.13	8863.65	566647	1202	11	1	0	0xd43f5e018b415631
stage55_condition_variable	4	31	161648	2399.78	21484.1	74076.1	15783.9	19930	9833.46	5937.95	3216.16	8838.11	567849	1211	2	1	0	0xd43f5e018b415631
stage55_condition_variable	4	32	161722	2320.65	21545.6	73906.5	15983.1	20136.5	9636.12	5968.7	3205.91	8875.94	567401	1214	1	1	0	0xd43f5e018b415631
stage55_condition_variable	4	33	160999	2443.41	21717.7	73772.2	15870	19474.7	10030.1	5795.82	3232.33	8526.48	567640	1211	1	1	0	0xd43f5e018b415631
stage55_condition_variable	4	34	161141	2340.61	21436.8	73773.8	15771.7	19821.8	9784.83	5975.41	3261.08	8827.03	567569	1196	0	1	0	0xd43f5e018b415631
stage55_condition_variable	4	35	162173	2374.11	21731.1	74428.5	15880.5	20041.8	9666.79	5826.45	3219.04	8859.9	568447	1208	7	1	0	0xd43f5e018b415631
stage55_condition_variable	4	36	161445	2352.11	21640.1	73748.5	15956.3	19758.3	9681.45	6063.24	3260.29	8848.69	567041	1212	3	1	0	0xd43f5e018b415631
stage55_condition_variable	4	37	161410	2395.03	21593.6	73540.3	15759.4	20029.1	9848.16	5976.16	3231.67	8888.15	567651	1202	3	1	0	0xd43f5e018b415631
stage55_condition_variable	4	38	166403	2399.57	21685.5	78421.4	15664.4	19628.1	10030.1	6081.87	3417.38	8934.69	569166	1205	3	1	0	0xd43f5e018b415631
stage55_condition_variable	4	39	161528	2432.16	21524.8	73637.6	15906.7	20093.2	9764.2	6037.24	3185.25	8812.36	567425	1205	0	1	0	0xd43f5e018b415631
stage55_condition_variable	4	40	161508	2321.82	21728	73596	15838.6	19833.5	9899.5	5918.32	3280.33	8897.9	567554	1214	1	1	0	0xd43f5e018b415631
stage55_condition_variable	4	41	162118	2384.74	21695.6	74230.3	15887	19996.2	9848.92	5902.12	3229.5	8802.74	568837	1207	0	1	0	0xd43f5e018b415631
stage55_condition_variable	4	42	161708	2334.65	21453.6	73993.8	15855.6	19808.3	10124.1	5856.49	3295.12	8838.44	568562	1210	0	1	0	0xd43f5e018b415631
stage55_condition_variable	4	43	161866	2382.32	21514.1	74272.5	15925.7	19981.7	9824.75	5811.82	3197.71	8814.19	568312	1194	5	1	0	0xd43f5e018b415631
stage55_condition_variable	4	44	162757	2376.7	21586.4	73790.4	15823.1	20263	10541.5	6008.37	3315.79	8909.49	569387	1208	10	1	0	0xd43f5e018b415631
stage55_condition_variable	4	45	160979	2396.11	21588	73561	15939.6	19900.2	9565.54	5760.28	3249.95	8828.9	566084	1197	1	1	0	0xd43f5e018b415631
stage55_condition_variable	4	46	161310	2344.49	21684.6	73714.6	15778.9	19870.9	9543.83	6069.58	3258.79	8894.57	566984	1209	0	1	0	0xd43f5e018b415631
stage55_condition_variable	4	47	161192	2349.32	21681.1	73745.2	15771.1	20048	9501.37	5774.12	3274.67	8904.07	565902	1198	2	1	0	0xd43f5e018b415631
stage55_condition_variable	4	48	161284	2406.61	21731	73523	15976.3	19748.5	9897.96	5833.87	3178.88	8845.74	567260	1210	0	1	0	0xd43f5e018b415631
stage55_condition_variable	4	49	161814	2322.4	21595.4	73916.2	16067	19727.7	9467.74	6403.67	3248.42	8922.53	566619	1211	0	1	0	0xd43f5e018b415631
stage55_condition_variable	4	50	164608	2391.07	21544.2	75728.8	16570.5	19958.6	10039.3	6156.24	3230.79	8849.36	571605	1219	2	1	0	0xd43f5e018b415631
stage55_condition_variable	4	51	161007	2380.07	21554.4	73989.5	16005.2	19545.6	9612.62	5925.53	3204.17	8646.98	566736	1196	1	1	0	0xd43f5e018b415631
stage55_condition_variable	4	52	161230	2337.11	21711.5	73535.5	15912.3	19841	9806.71	5773.9	3269.75	8904.53	566775	1200	0	1	0	0xd43f5e018b415631
stage55_condition_variable	4	53	161318	2396.91	21568.1	73843.5	15896.8	20018.5	9573.04	5830.03	3190.38	8847.74	566834	1209	1	1	0	0xd43f5e018b415631
stage55_condition_variable	4	54	162204	2748.33	21499	74049.3	16026.3	19764.3	9774	6046.66	3313.09	8834.65	568050	1212	8	1	0	0xd43f5e018b415631
stage55_condition_variable	4	55	161715	2374.28	21549.9	74154.3	15942.3	20077.4	9394.66	6072.32	3185.38	8812.23	567272	1197	5	1	0	0xd43f5e018b415631
stage55_condition_variable	4	56	161384	2412.03	21474.1	73832.8	15737	19913.4	9843.33	5941.24	3251.42	8836.07	567317	1207	0	1	0	0xd43f5e018b415631
stage55_condition_variable	4	57	161332	2346.4	21614.9	73550.3	15854.2	20107.6	9610.24	5983.95	3273.54	8844.53	566103	1192	0	1	0	0xd43f5e018b415631
stage55_condition_variable	4	58	161477	2401.49	21807.9	73877	15793.3	19686.5	9919.67	5986.24	3186.58	8673.52	567455	1206	0	1	0	0xd43f5e018b415631
stage55_condition_variable	4	59	163481	3934.63	21699	74181.9	15760.9	19957.8	9613.45	6011.7	3216.91	8962.61	568664	1213	1	1	0	0xd43f5e018b415631
stage55_condition_variable	4	60	162581	2323.36	21546.6	74310.9	15828.9	20146	9946.75	6130.16	3326.63	8885.44	569141	1215	3	1	0	0xd43f5e018b415631
stage55_condition_variable	4	61	161246	2397.61	21570.8	74041.4	15799.4	19658.8	9730.82	5914.28	3213.83	8770.15	566991	1200	1	1	0	0xd43f5e018b415631
stage55_condition_variable	4	62	161076	2333.24	21484.4	73946.1	15777.8	19813.6	9698.5	5808.9	3225.04	8849.44	566801	1215	2	1	0	0xd43f5e018b415631
stage55_condition_variable	4	63	164316	2341.4	21849.6	76438.1	15918.9	19827	9647.95	5935.87	3387.38	8824.03	570376	1208	3	1	0	0xd43f5e018b415631
stage55_condition_variable	4	64	161938	2379.45	21614.5	74007.1	15960.4	20019.5	9855.37	6018.37	3254.71	8692.82	567861	1194	1	1	0	0xd43f5e018b415631
stage55_condition_variable	4	65	161070	2329.07	21632.6	73614.9	15956	19791.6	9661	5814.95	3261.29	8864.19	566622	1213	1	1	0	0xd43f5e018b415631
stage55_condition_variable	4	66	161135	2386.16	21607.7	73382.2	16003.8	20058.2	9453.28	5907.15	3304.92	8885.11	566140	1205	6	1	0	0xd43f5e018b415631
stage55_condition_variable	4	67	161119	2384.49	21627.1	73834.5	15778.9	19772.8	9570.29	5875.78	3294.87	8833.07	566533	1197	0	1	0	0xd43f5e018b415631
stage55_condition_variable	4	68	161496	2332.4	21578.6	74175.6	15873.6	19747.4	9609.03	5870.28	3298.87	8872.82	565537	1209	5	1	0	0xd43f5e018b415631
stage55_condition_variable	4	69	161724	2377.99	21744.6	73862.3	15940	20059.2	9465.37	5949.08	3287	8888.94	566710	1203	1	1	0	0xd43f5e018b415631
stage55_condition_variable	4	70	161809	2440.36	21731.7	73597.2	15881.7	19807.2	9893.12	6134.24	3294.71	8882.11	567837	1210	1	1	0	0xd43f5e018b415631
stage55_condition_variable	4	71	162099	2386.45	21593.3	73983.5	15878.5	19896.9	9937.54	6180.49	3239.66	8864.65	569001	1215	1	1	0	0xd43f5e018b415631
stage55_condition_variable	4	72	161782	2324.53	21723.7	73798	15982.8	19776.2	9860.25	6053.16	3294.62	8827.11	567623	1212	0	1	0	0xd43f5e018b415631
stage55_condition_variable	4	73	161608	2403.91	21522.9	73633.4	15925	19941.2	9808.87	6155.74	3221	8813.19	567533	1200	0	1	0	0xd43f5e018b415631
stage55_condition_variable	4	74	161621	2327.11	21584.9	74201.3	15851.8	19819.6	9600.99	6005.7	3216.29	8870.32	566541	1204	0	1	0	0xd43f5e018b415631
stage55_condition_variable	4	75	163977	2371.11	21478.4	76167.3	15908.1	19569.2	9723.49	6564.16	3240.83	8815.49	569934	1226	1	1	0	0xd43f5e018b415631
stage55_condition_variable	4	76	161368	2368.24	21595.7	73786.8	15916.9	19999.7	9569.79	5777.57	3380.71	8831.32	566882	1200	1	1	0	0xd43f5e018b415631
stage55_condition_variable	4	77	161627	2359.57	21432.3	74220.7	15913.4	19880	9687.95	5914.11	3262.33	8812.78	567163	1211	0	1	0	0xd43f5e018b415631
stage55_condition_variable	4	78	161431	2333.36	21536.7	73629.9	15873.7	20082.5	9932.75	5792.86	3286.79	8820.74	567300	1195	0	1	0	0xd43f5e018b415631
stage55_condition_variable	4	79	164081	2399.61	21651.8	74609.5	15954.4	20556.5	10349.2	6157.7	3367.37	8867.24	573138	1198	10	1	0	0xd43f5e018b415631
stage55_condition_variable	4	80	160911	2403.66	21755.3	73487.3	15866.1	19746.3	9597.87	5996.66	3204.58	8706.94	565650	1207	4	1	0	0xd43f5e018b415631
stage55_condition_variable	4	81	161719	2345.74	21608.8	73983.4	15860.5	19711	9826.67	6054.28	3344.55	8840.99	567972	1206	3	1	0	0xd43f5e018b415631
stage55_condition_variable	4	82	161692	2381.78	21436.8	73916.5	15868.7	20004.4	9632.12	6174.04	3230.62	8897.24	567071	1205	1	1	0	0xd43f5e018b415631
stage55_condition_variable	4	83	161426	2333.86	21520.4	73646.1	15828.2	19789.2	9866.62	6119.29	3321.25	8855.07	566839	1214	2	1	0	0xd43f5e018b415631
stage55_condition_variable	4	84	161685	2359.95	21580.9	73797.1	15855.4	20086.8	9817.91	5924.36	3168.87	8947.57	568370	1197	4	1	0	0xd43f5e018b415631
stage55_condition_variable	4	85	161381	2358.9	21719	73704.7	15821.9	19937.6	9590.74	5982.24	3266.83	8852.9	566449	1211	4	1	0	0xd43f5e018b415631
stage55_condition_variable	4	86	161542	2345.24	21544.2	73793.7	15940.2	20084.3	9674.04	5863.62	3209.62	8937.07	567542	1189	0	1	0	0xd43f5e018b415631
stage55_condition_variable	4	87	161156	2400.57	21610.4	73672.3	15802.4	19884	9478.24	6001.7	3225.25	8935.86	565490	1195	5	1	0	0xd43f5e018b415631
stage55_condition_variable	4	88	163407	3388.88	21411.1	74741.3	15941.4	20109.3	9560.66	6020.74	3214.5	8873.53	569790	1200	3	1	0	0xd43f5e018b415631
stage55_condition_variable	4	89	161738	2339.45	21738.9	74366.3	15850	19744.4	9595.37	5869.87	3251.75	8838.94	566753	1218	2	1	0	0xd43f5e018b415631
stage55_condition_variable	4	90	162074	3261.04	21833.2	73634.7	15968.3	19702.6	9625.87	5867.78	3226.12	8815.73	566671	1199	2	1	0	0xd43f5e018b415631
stage55_condition_variable	4	91	162495	2316.7	21747.6	74283.5	15957.2	20149.1	9792.5	5902.36	3311.08	8889.49	568031	1218	11	1	0	0xd43f5e018b415631
stage55_condition_variable	4	92	161255	2467.28	21939	73685.4	15959.9	19451	9855.04	5845.87	3204.5	8703.48	566683	1212	3	1	0	0xd43f5e018b415631
stage55_condition_variable	4	93	161445	2335.11	21471.9	73976.7	15974.7	19775.2	9574.62	5987.7	3251.87	8918.61	565783	1198	2	1	0	0xd43f5e018b415631
stage55_condition_variable	4	94	162180	2378.86	21821.1	74194.8	16012.4	19828.2	9875.75	5969.58	3202.96	8751.57	569317	1217	2	1	0	0xd43f5e018b415631
stage55_condition_variable	4	95	161089	2353.07	21334.4	73680	15974.4	19843.4	9724.71	5975.86	3211.04	8843.36	566723	1180	0	1	0	0xd43f5e018b415631
stage55_condition_variable	4	96	161485	2343.11	21576.1	73890	15889.3	20055.2	9675.08	5930.45	3153.96	8821.53	567944	1197	0	1	0	0xd43f5e018b415631
stage55_condition_variable	4	97	161490	2391.32	21760.4	74047.1	15813.6	19565.1	9605.7	6096.83	3205.91	8860.53	566905	1218	2	1	0	0xd43f5e018b415631
stage55_condition_variable	4	98	161695	2324.4	21511.4	73741.5	16011.5	20064.7	9800.79	5950.87	3302.54	8847.07	567721	1207	6	1	0	0xd43f5e018b415631
stage55_condition_variable	4	99	161036	2401.82	21393.7	73675.3	15980.7	19901.5	9434.49	6088.58	3155.21	8863.28	565620	1186	0	1	0	0xd43f5e018b415631
stage55_frame_gated_epoch_spin	0	0	149141	2266.03	19503.7	70154.2	15287.6	19562.2	7312.21	3829.42	2378.24	8762.61	734678	0	4	1	0	0xd43f5e018b415631
stage55_frame_gated_epoch_spin	0	1	148637	2337.99	19432	69782	15452.9	18947.2	7509.72	4056.01	2417.53	8618.98	742095	0	5	1	0	0xd43f5e018b415631
stage55_frame_gated_epoch_spin	0	2	149453	2165.32	19471.6	69787.9	15357.9	19958.5	7408.01	4002.64	2418.28	8804.19	739235	0	13	1	0	0xd43f5e018b415631
stage55_frame_gated_epoch_spin	0	3	149383	2245.07	19461.3	70615	15339.6	19427.6	7302.8	3740.67	2365.53	8804.74	732631	0	5	1	0	0xd43f5e018b415631
stage55_frame_gated_epoch_spin	0	4	148543	2240.19	19454.4	70242.9	15338.8	18852.5	7475.05	3944.26	2452.32	8458.27	741615	0	2	1	0	0xd43f5e018b415631
stage55_frame_gated_epoch_spin	0	5	148282	2187.61	19417.7	69630.9	15313.3	19251.9	7187.13	3944.64	2454.99	8819.99	738350	0	0	1	0	0xd43f5e018b415631
stage55_frame_gated_epoch_spin	0	6	149094	2176.24	19411.8	69372.7	15430.9	19896.8	7362.76	4084.88	2435.86	8844.94	737102	1	0	1	0	0xd43f5e018b415631
stage55_frame_gated_epoch_spin	0	7	148891	2269.36	19441.1	69542.2	15405.2	19567.3	7654.89	3799.13	2379.53	8751.65	731620	0	2	1	0	0xd43f5e018b415631
stage55_frame_gated_epoch_spin	0	8	150109	2237.28	19476.7	70022.6	15524	19938.2	7539.85	4057.8	2379.32	8854.94	744353	0	5	1	0	0xd43f5e018b415631
stage55_frame_gated_epoch_spin	0	9	148930	2167.49	19349.6	69701	15473.5	19776.2	7260.63	3868.67	2441.78	8810.4	733750	0	7	1	0	0xd43f5e018b415631
stage55_frame_gated_epoch_spin	0	10	148782	2249.74	19533	69608.9	15295.2	19396.7	7393.76	4002.67	2447.65	8775.19	729259	0	0	1	0	0xd43f5e018b415631
stage55_frame_gated_epoch_spin	0	11	151848	2216.65	22524.2	69569.2	15350.5	19404.5	7467.84	4021.68	2368.82	8844.28	743820	0	7	1	0	0xd43f5e018b415631
stage55_frame_gated_epoch_spin	0	12	148273	2216.94	19622.1	69701.5	15408	18881.5	7384.84	4025.38	2442.95	8507.15	740329	0	2	1	0	0xd43f5e018b415631
stage55_frame_gated_epoch_spin	0	13	149915	2295.7	19438.7	70312.9	15361.7	19841.3	7626.09	3749.8	2401.53	8808.78	740127	0	1	1	0	0xd43f5e018b415631
stage55_frame_gated_epoch_spin	0	14	148971	2226.57	19530.7	69801.2	15392.9	19456	7376.43	3896.76	2410.03	8796.94	729592	1	3	1	0	0xd43f5e018b415631
stage55_frame_gated_epoch_spin	0	15	147871	2166.28	19471.6	69216.4	15245.1	18992	7572.6	3947.76	2415.91	8765.11	723555	0	5	1	0	0xd43f5e018b415631
stage55_frame_gated_epoch_spin	0	16	149845	2173.57	19445.5	70204.7	15322.7	20014.9	7415.09	3940.43	2414.74	8839.82	740745	0	10	1	0	0xd43f5e018b415631
stage55_frame_gated_epoch_spin	0	17	149042	2246.19	19384.7	69986.5	15237.7	19553.9	7296.92	4096.72	2365.95	8793.36	732086	0	2	1	0	0xd43f5e018b415631
stage55_frame_gated_epoch_spin	0	18	148525	2280.45	19546.1	69862.3	15247.4	19145.2	7362.34	3815.17	2372.99	8812.82	742403	0	2	1	0	0xd43f5e018b415631
stage55_frame_gated_epoch_spin	0	19	149517	2251.65	19357.3	69870	15793.5	19767.1	7197.34	3836.43	2473.36	8888.82	740211	0	4	1	0	0xd43f5e018b415631
stage55_frame_gated_epoch_spin	0	20	149150	2246.9	19512.3	70079.2	15366.7	19648.3	7319.47	3697.38	2371.66	8827.94	733097	0	2	1	0	0xd43f5e018b415631
stage55_frame_gated_epoch_spin	0	21	148865	2237.03	19462.4	69978.7	15274.8	19227.9	7426.59	3782.13	2376.37	9019.61	742784	0	8	1	0	0xd43f5e018b415631
stage55_frame_gated_epoch_spin	0	22	149641	2175.74	19494.1	69883.4	15359.4	19826.5	7717.14	3842.63	2435.99	8829.69	739858	0	0	1	0	0xd43f5e018b415631
stage55_frame_gated_epoch_spin	0	23	149141	2249.74	19543.6	70048.4	15252.1	19509	7291	3943.92	2375.82	8847.19	731647	0	8	1	0	0xd43f5e018b415631
stage55_frame_gated_epoch_spin	0	24	151548	2236.49	19456.5	71959.6	15766.7	19239.2	7669.27	3883.34	2431.95	8824.44	744660	0	3	1	0	0xd43f5e018b415631
stage55_frame_gated_epoch_spin	0	25	148571	2242.49	19576	69603.7	15349.9	19124.9	7421.96	3917.55	2423.91	8834.4	742759	0	2	1	0	0xd43f5e018b415631
stage55_frame_gated_epoch_spin	0	26	148042	2167.57	19512.6	69492.2	15391.7	18913.7	7305.55	3909.84	2506.7	8764.44	739075	0	1	1	0	0xd43f5e018b415631
stage55_frame_gated_epoch_spin	0	27	149878	2303.9	19531.5	70154.8	15352.6	20053.4	7212.76	4043.05	2374.16	8766.69	738830	0	8	1	0	0xd43f5e018b415631
stage55_frame_gated_epoch_spin	0	28	148827	2258.9	19461.7	69724.5	15288.9	19491.6	7347.22	3936.55	2379.61	8833.82	729712	0	1	1	0	0xd43f5e018b415631
stage55_frame_gated_epoch_spin	0	29	148297	2205.44	19446.6	69952.8	15476.5	18928.9	7234.34	3803.05	2440.32	8729.69	740695	0	11	1	0	0xd43f5e018b415631
stage55_frame_gated_epoch_spin	0	30	148716	2174.19	19404.9	69900.3	15355.2	19220	7351.55	3848.76	2454.78	8928.53	739411	0	0	1	0	0xd43f5e018b415631
stage55_frame_gated_epoch_spin	0	31	149274	2180.11	19341.4	70169	15271.1	19783.9	7373.59	3915.59	2370.61	8784.9	736089	0	2	1	0	0xd43f5e018b415631
stage55_frame_gated_epoch_spin	0	32	148830	2250.86	19490.2	69965.2	15224.9	19356.5	7223.75	3964.8	2397.03	8875.99	729725	0	1	1	0	0xd43f5e018b415631
stage55_frame_gated_epoch_spin	0	33	148394	2210.07	19532.2	69529	15386.1	18927.1	7591.26	3878.76	2464.45	8793.19	740897	0	5	1	0	0xd43f5e018b415631
stage55_frame_gated_epoch_spin	0	34	148369	2195.94	19368.9	69499.8	15358.9	19294.2	7331.51	3835.84	2560.28	8846.61	738530	0	2	1	0	0xd43f5e018b415631
stage55_frame_gated_epoch_spin	0	35	149914	2166.15	19541.5	70574.7	15208.4	19743.2	7322.22	4096.3	2373.61	8803.65	737483	0	9	1	0	0xd43f5e018b415631
stage55_frame_gated_epoch_spin	0	36	149007	2231.9	19619	70017.2	15457.4	19149.6	7419.43	3822.59	2537.49	8671.23	743910	1	13	1	0	0xd43f5e018b415631
stage55_frame_gated_epoch_spin	0	37	149030	2169.49	19389.1	69428.5	15579.9	19727.2	7403.97	4026.72	2447.86	8776.69	739472	0	0	1	0	0xd43f5e018b415631
stage55_frame_gated_epoch_spin	0	38	151261	2161.94	22271.9	69854.1	15323.6	19237.6	7208.96	3845	2463.28	8814.36	752534	0	2	1	0	0xd43f5e018b415631
stage55_frame_gated_epoch_spin	0	39	149403	2169.07	19526.4	70359.5	15327.5	19815.4	7125.38	3827.17	2371.16	8799.4	736858	1	0	1	0	0xd43f5e018b415631
stage55_frame_gated_epoch_spin	0	40	148421	2242.82	19500.5	69731.3	15230.6	19477.3	7241.34	3796.26	2361.03	8759.15	729375	0	1	1	0	0xd43f5e018b415631
stage55_frame_gated_epoch_spin	0	41	148444	2233.45	19545.8	69829.3	15302	19093.4	7225.55	3836.42	2435.86	8860.61	742009	0	3	1	0	0xd43f5e018b415631
stage55_frame_gated_epoch_spin	0	42	149233	2199.15	19561.7	69693.7	15384.8	19735.6	7353.39	3883.21	2472.7	8869.86	740160	0	4	1	0	0xd43f5e018b415631
stage55_frame_gated_epoch_spin	0	43	149409	2239.11	19479.8	69948.5	15719	19570.2	7379.71	3795.97	2416.2	8777.49	734397	0	10	1	0	0xd43f5e018b415631
stage55_frame_gated_epoch_spin	0	44	148888	2245.03	19405.6	69994.7	15461	19165.6	7524.97	3886.51	2431.7	8692.19	743423	0	4	1	0	0xd43f5e018b415631
stage55_frame_gated_epoch_spin	0	45	149277	2181.36	19484.3	70065.4	15268.9	19764.2	7324.3	3852.38	2418.45	8841.03	739520	0	1	1	0	0xd43f5e018b415631
stage55_frame_gated_epoch_spin	0	46	148999	2279.36	19386.3	69930.8	15332.4	19603.2	7282.96	3936.3	2364.28	8803.03	733353	0	0	1	0	0xd43f5e018b415631
stage55_frame_gated_epoch_spin	0	47	148984	2263.07	19460	70537.2	15332.3	19099.2	7301.09	3813.88	2419.95	8677.36	744278	0	3	1	0	0xd43f5e018b415631
stage55_frame_gated_epoch_spin	0	48	149562	2431.7	19398.2	69894.9	15344.6	19788.3	7451.59	3953.3	2412.15	8806.24	740021	0	3	1	0	0xd43f5e018b415631
stage55_frame_gated_epoch_spin	0	49	148994	2251.7	19450.2	69986.5	15225.7	19496.7	7465.55	3870.42	2378.57	8785.57	732513	0	1	1	0	0xd43f5e018b415631
stage55_frame_gated_epoch_spin	0	50	148761	2240.74	19359.8	69809.1	15223.1	19437.3	7496.55	3855.38	2415.86	8846.82	743202	0	8	1	0	0xd43f5e018b415631
stage55_frame_gated_epoch_spin	0	51	151239	2178.32	19437.8	71955.9	15784.9	19117.4	7498.97	3841.3	2458.03	8886.07	741693	2	3	1	0	0xd43f5e018b415631
stage55_frame_gated_epoch_spin	0	52	148377	2209.49	19338.1	69469.3	15273.9	19151.2	7547.68	4034.72	2376.82	8894.44	741090	1	3	1	0	0xd43f5e018b415631
stage55_frame_gated_epoch_spin	0	53	147921	2170.49	19634.1	69375.4	15312.4	19309.7	7198.63	3744.21	2444.95	8648.32	738270	0	1	1	0	0xd43f5e018b415631
stage55_frame_gated_epoch_spin	0	54	149183	2165.11	19503.8	69709	15462.1	19813.9	7203.21	4004.22	2429.07	8813.07	738263	0	2	1	0	0xd43f5e018b415631
stage55_frame_gated_epoch_spin	0	55	149033	2246.99	19429.1	69821.8	15361.2	19633.2	7317.93	3940.01	2363.57	8840.19	732632	0	1	1	0	0xd43f5e018b415631
stage55_frame_gated_epoch_spin	0	56	148686	2244.32	19436.4	70042.5	15318.3	19129.6	7426.51	3841.72	2370.4	8799.44	742933	0	5	1	0	0xd43f5e018b415631
stage55_frame_gated_epoch_spin	0	57	147782	2184.86	19455.2	69398.2	15255.4	18960.2	7327.88	3927.59	2425.03	8769.82	738694	0	6	1	0	0xd43f5e018b415631
stage55_frame_gated_epoch_spin	0	58	147852	2186.44	19502.9	69335.4	15290.3	18929.9	7277.34	3991.47	2549.4	8712.65	738648	0	3	1	0	0xd43f5e018b415631
stage55_frame_gated_epoch_spin	0	59	149271	2176.94	19454.4	69719	15441.2	19823.6	7373.56	3972.05	2427.36	8805.28	739922	0	0	1	0	0xd43f5e018b415631
stage55_frame_gated_epoch_spin	0	60	149346	2237.24	19607.1	70179.6	15254.2	19504.6	7519.51	3831.42	2375.95	8756.32	733993	0	2	1	0	0xd43f5e018b415631
stage55_frame_gated_epoch_spin	0	61	150091	2386.82	19757.7	70200.3	15354.6	19717.1	7478.22	3834.8	2475.49	8805.65	743607	0	12	1	0	0xd43f5e018b415631
stage55_frame_gated_epoch_spin	0	62	149563	3196.54	19529.6	69778.4	15266	19472.2	7177.96	3848.09	2387.53	8825.9	734518	0	4	1	0	0xd43f5e018b415631
stage55_frame_gated_epoch_spin	0	63	148624	2225.07	19514.1	69816.1	15313.9	19056.5	7402.34	4008.3	2369.11	8838.69	742509	1	1	1	0	0xd43f5e018b415631
stage55_frame_gated_epoch_spin	0	64	149381	2175.57	19321	70203.9	15310.2	19817.5	7494.01	3795.88	2405.7	8783.78	739819	0	8	1	0	0xd43f5e018b415631
stage55_frame_gated_epoch_spin	0	65	152209	2230.94	22320.6	69910.6	15382.9	19882.8	7257.26	3994.8	2371.74	8775.4	752458	0	1	1	0	0xd43f5e018b415631
stage55_frame_gated_epoch_spin	0	66	149073	2237.61	19432.6	70252	15336.4	19472.4	7263.26	3804.13	2381.82	8813.86	731668	0	0	1	0	0xd43f5e018b415631
stage55_frame_gated_epoch_spin	0	67	149095	2215.03	19358	69888.4	15327.7	19281.7	7755.1	3767.76	2553.32	8866.24	741553	0	3	1	0	0xd43f5e018b415631
stage55_frame_gated_epoch_spin	0	68	149467	2410.86	19507.8	69838.2	15387.2	19813.3	7216.05	3963.39	2377.57	8873.69	736693	0	2	1	0	0xd43f5e018b415631
stage55_frame_gated_epoch_spin	0	69	148672	2318.61	19377.8	69940.7	15256	19386.4	7131.3	4031.63	2373.95	8774.78	728991	0	10	1	0	0xd43f5e018b415631
stage55_frame_gated_epoch_spin	0	70	148558	2233.07	19782.3	69503.6	15270.8	19326.7	7465.31	3908.92	2468.99	8519.9	741346	0	4	1	0	0xd43f5e018b415631
stage55_frame_gated_epoch_spin	0	71	148421	2163.82	19358.9	69686	15459.2	19229.9	7308.8	3897.26	2452.41	8784.36	738210	0	7	1	0	0xd43f5e018b415631
stage55_frame_gated_epoch_spin	0	72	149066	2163.28	19499.6	69715.1	15279	19820.2	7374.88	3976.76	2369.16	8790.53	736406	0	1	1	0	0xd43f5e018b415631
stage55_frame_gated_epoch_spin	0	73	149138	2244.61	19426.9	70228.6	15256.7	19488.6	7369.89	3802.92	2377.2	8857.78	731452	0	0	1	0	0xd43f5e018b415631
stage55_frame_gated_epoch_spin	0	74	149813	2220.99	19505.7	69959.5	15480.9	19789.2	7627.67	3921.3	2424.45	8806.07	742525	0	2	1	0	0xd43f5e018b415631
stage55_frame_gated_epoch_spin	0	75	149131	2294.07	19555	70091.7	15248.1	19675.3	7217.34	3720.71	2408.82	8834.11	733484	0	8	1	0	0xd43f5e018b415631
stage55_frame_gated_epoch_spin	0	76	148594	2247.82	19545.4	69743.7	15294.4	19262.5	7460.26	3806.8	2376.41	8776.78	727713	2	1	1	0	0xd43f5e018b415631
stage55_frame_gated_epoch_spin	0	77	148238	2180.94	19447.4	69583.1	15291.6	19321.4	7512.85	3816.34	2472.33	8534.44	739754	0	7	1	0	0xd43f5e018b415631
stage55_frame_gated_epoch_spin	0	78	151932	2439.32	19583.6	72209.4	15696.2	19359.2	7380.76	4120.01	2427.36	8637.23	757717	0	5	1	0	0xd43f5e018b415631
stage55_frame_gated_epoch_spin	0	79	149018	2172.57	19345.7	69933.9	15341.1	19787.9	7290.3	3840.17	2407.74	8819.69	738460	0	0	1	0	0xd43f5e018b415631
stage55_frame_gated_epoch_spin	0	80	148959	2249.82	19474.2	69912.4	15446	19621.4	7268.43	3762.38	2368.03	8773.23	733360	0	1	1	0	0xd43f5e018b415631
stage55_frame_gated_epoch_spin	0	81	148809	2239.57	19509.1	69816.9	15430.4	19161.6	7381.76	3941.3	2408.32	8839.49	743718	1	2	1	0	0xd43f5e018b415631
stage55_frame_gated_epoch_spin	0	82	149078	2175.36	19404.7	69821.2	15307.4	19741.8	7486.47	3820.13	2452.49	8790.86	739962	0	1	1	0	0xd43f5e018b415631
stage55_frame_gated_epoch_spin	0	83	149385	2169.82	19486.5	70223.5	15299.9	19847.9	7267.42	3864.63	2360.03	8785.03	734871	0	4	1	0	0xd43f5e018b415631
stage55_frame_gated_epoch_spin	0	84	148709	2315.45	19596.5	69683	15333.4	19215.4	7494.59	3770.76	2368.45	8851.24	727900	0	7	1	0	0xd43f5e018b415631
stage55_frame_gated_epoch_spin	0	85	148017	2183.61	19462.2	69761	15272.5	18880.4	7427.76	3832.88	2463.57	8654.36	739320	0	2	1	0	0xd43f5e018b415631
stage55_frame_gated_epoch_spin	0	86	149428	2198.11	19441	69771.7	15465.9	19787.3	7354.04	4092.3	2408.4	8830.24	739715	2	3	1	0	0xd43f5e018b415631
stage55_frame_gated_epoch_spin	0	87	149122	2308.15	19605.8	70175.3	15281.5	19546.1	7210.88	3744.84	2389.7	8777.44	732831	0	4	1	0	0xd43f5e018b415631
stage55_frame_gated_epoch_spin	0	88	148693	2254.65	19309.2	69962	15363.6	19179.5	7517.55	3915.63	2358.95	8749.86	742936	0	4	1	0	0xd43f5e018b415631
stage55_frame_gated_epoch_spin	0	89	148486	2166.15	19385.6	69780.7	15402.1	19254.7	7328.14	3846.55	2474.91	8768.48	739257	0	1	1	0	0xd43f5e018b415631
stage55_frame_gated_epoch_spin	0	90	149536	2163.15	19540	70130.5	15398.5	19791	7279.67	3997.51	2368.15	8786.82	737368	0	3	1	0	0xd43f5e018b415631
stage55_frame_gated_epoch_spin	0	91	149024	2240.32	19363.5	69825.7	15541.7	19467.6	7243.05	4070.97	2408.82	8779.94	729677	0	9	1	0	0xd43f5e018b415631
stage55_frame_gated_epoch_spin	0	92	152175	2333.7	20614.6	72275.3	15493.9	18982.5	7406	3848.05	2469.74	8668.36	759891	0	1	1	0	0xd43f5e018b415631
stage55_frame_gated_epoch_spin	0	93	149415	2169.32	19510.2	69758.3	15360.1	19879.1	7569.43	3943.84	2365.65	8783.15	739425	1	2	1	0	0xd43f5e018b415631
stage55_frame_gated_epoch_spin	0	94	149871	2229.03	19444	70338.3	15312.1	19439.9	7564.85	4172.01	2381.2	8904.94	748117	0	8	1	0	0xd43f5e018b415631
stage55_frame_gated_epoch_spin	0	95	150083	2157.74	19982.4	69872.2	15524.9	19971.5	7233.05	3999.88	2412.15	8850.61	740121	0	13	1	0	0xd43f5e018b415631
stage55_frame_gated_epoch_spin	0	96	149109	2309.28	19464.1	70117.9	15283.9	19386.9	7277.92	3975.92	2376.95	8836.53	730525	0	0	1	0	0xd43f5e018b415631
stage55_frame_gated_epoch_spin	0	97	149645	2179.57	19567.7	69879.9	15428.4	19802.4	7421.63	4016.17	2424.49	8844.78	741373	0	4	1	0	0xd43f5e018b415631
stage55_frame_gated_epoch_spin	0	98	149383	2270.28	19419.6	69873.7	15466.2	19782.6	7549.26	3787.01	2376.95	8776.03	733471	0	10	1	0	0xd43f5e018b415631
stage55_frame_gated_epoch_spin	0	99	148186	2272.4	19291.4	69685.8	15352.7	19211.2	7330.72	3852.55	2366.45	8743.57	726149	0	1	1	0	0xd43f5e018b415631
stage55_frame_gated_epoch_spin	1	0	148040	2214.94	19348.4	69487.4	15410.4	19166.8	7243.81	3959.46	2366.44	8763.98	724472	0	0	1	0	0xd43f5e018b415631
stage55_frame_gated_epoch_spin	1	1	149285	2174.24	19464.3	69935.7	15313.6	19703.4	7302.72	4028.55	2422.61	8858.53	740077	0	2	1	0	0xd43f5e018b415631
stage55_frame_gated_epoch_spin	1	2	149882	2168.99	19629.2	70422	15265.6	19699.5	7442.93	3973.63	2425.57	8769.61	734146	0	6	1	0	0xd43f5e018b415631
stage55_frame_gated_epoch_spin	1	3	149632	2206.49	19470.2	70097.5	15358.4	19727	7582.42	3838	2406.32	8868.57	741720	0	6	1	0	0xd43f5e018b415631
stage55_frame_gated_epoch_spin	1	4	148720	2181.69	19386.5	69676.1	15349.1	19804.7	7259.96	3778.72	2418.2	8783.03	733668	0	1	1	0	0xd43f5e018b415631
stage55_frame_gated_epoch_spin	1	5	152327	2280.9	19645.8	72670.8	15265.5	19472	7610.76	4126.6	2373.53	8801.28	749262	0	7	1	0	0xd43f5e018b415631
stage55_frame_gated_epoch_spin	1	6	148434	2220.53	19408.8	69652.9	15346.7	19300	7356.72	3852.71	2358.91	8857.19	727396	1	0	1	0	0xd43f5e018b415631
stage55_frame_gated_epoch_spin	1	7	148593	2180.4	19325.5	69753	15339.4	19263.2	7569.26	3761.76	2519.95	8803.48	739982	0	1	1	0	0xd43f5e018b415631
stage55_frame_gated_epoch_spin	1	8	148754	2236.65	19360.1	69546.9	15391.7	19800.7	7318.51	3854.13	2372.99	8796.53	736907	0	3	1	0	0xd43f5e018b415631
stage55_frame_gated_epoch_spin	1	9	148804	2300.57	19484.6	69552.7	15351.4	19656.3	7321.59	3918.47	2369.57	8770.11	733061	0	1	1	0	0xd43f5e018b415631
stage55_frame_gated_epoch_spin	1	10	148742	2255.03	19438.8	69870.7	15216.2	19369.9	7307.92	4017.21	2391.16	8793.32	728762	0	4	1	0	0xd43f5e018b415631
stage55_frame_gated_epoch_spin	1	11	148412	2202.36	19266.8	69894.7	15478.7	18873.9	7655.01	3864.64	2458.86	8637.15	740643	0	4	1	0	0xd43f5e018b415631
stage55_frame_gated_epoch_spin	1	12	149517	2214.99	19469.5	70033	15330.8	19873	7268.67	4006.68	2414.24	8829.65	739044	0	9	1	0	0xd43f5e018b415631
stage55_frame_gated_epoch_spin	1	13	149168	2296.45	19582	70002.1	15221	19517.5	7366.64	3849.51	2372.2	8879.82	732029	0	0	1	0	0xd43f5e018b415631
stage55_frame_gated_epoch_spin	1	14	148482	2230.53	19416	69614.3	15315.1	19108.7	7521.35	3924.42	2376.53	8895.57	741625	0	4	1	0	0xd43f5e018b415631
stage55_frame_gated_epoch_spin	1	15	149399	2179.32	19514.2	69871.8	15302.1	19870.1	7374.89	3991.34	2428.57	8786.48	739542	2	5	1	0	0xd43f5e018b415631
stage55_frame_gated_epoch_spin	1	16	148947	2373.15	19627	69786.1	15276.2	19544.1	7328.09	3751.63	2370.11	8806.49	732778	0	3	1	0	0xd43f5e018b415631
stage55_frame_gated_epoch_spin	1	17	148639	2241.11	19318.5	69951.6	15320.5	19217.2	7233.13	4080.47	2376.32	8816.03	727934	0	1	1	0	0xd43f5e018b415631
stage55_frame_gated_epoch_spin	1	18	147983	2166.44	19368.8	69326.4	15287.6	19025.3	7409.47	4085.47	2455.07	8780.15	739430	1	2	1	0	0xd43f5e018b415631
stage55_frame_gated_epoch_spin	1	19	151851	2220.65	19470.4	72892.2	15296.4	19077.7	7481.47	4042.01	2418.03	8874.65	758417	0	9	1	0	0xd43f5e018b415631
stage55_frame_gated_epoch_spin	1	20	149227	2373.2	19439	69634.1	15308.9	19737.3	7637.84	3764.42	2407.7	8845.24	739673	0	1	1	0	0xd43f5e018b415631
stage55_frame_gated_epoch_spin	1	21	148390	2211.65	19316.6	69458.9	15333.8	19767	7337.47	3752.21	2377.2	8758.07	732312	1	2	1	0	0xd43f5e018b415631
stage55_frame_gated_epoch_spin	1	22	148906	2381.7	19338.4	70083.3	15205.7	19451.8	7377.84	3819.97	2364.28	8802.07	730366	0	4	1	0	0xd43f5e018b415631
stage55_frame_gated_epoch_spin	1	23	148306	2225.74	19435.7	69530.3	15279.4	19112.5	7565.72	3883.38	2392.9	8803.82	741336	1	0	1	0	0xd43f5e018b415631
stage55_frame_gated_epoch_spin	1	24	149633	2177.11	19425.9	70078.2	15313.6	19797.3	7490.21	3939.63	2424.16	8908.11	740263	0	5	1	0	0xd43f5e018b415631
stage55_frame_gated_epoch_spin	1	25	149112	2312.86	19496.3	69742.2	15412.6	19529.4	7340.96	4003.72	2366.19	8824.03	732461	0	8	1	0	0xd43f5e018b415631
stage55_frame_gated_epoch_spin	1	26	148520	2299.95	19420.8	69700.4	15404.7	19114.1	7327.72	3945.88	2403.86	8821.44	742847	0	0	1	0	0xd43f5e018b415631
stage55_frame_gated_epoch_spin	1	27	149602	2246.4	19390.8	69820.3	15294.1	19767.3	7560.64	4054.39	2426.57	8965.28	740544	0	3	1	0	0xd43f5e018b415631
stage55_frame_gated_epoch_spin	1	28	149267	2324.61	19622.1	70041.8	15294.8	19483.8	7422.55	3869.51	2363.99	8762.65	732748	0	7	1	0	0xd43f5e018b415631
stage55_frame_gated_epoch_spin	1	29	148637	2242.24	19449.1	69996.1	15268.2	18891.2	7476.97	4081.26	2462.07	8691.32	742262	1	2	1	0	0xd43f5e018b415631
stage55_frame_gated_epoch_spin	1	30	149586	2196.32	19521.1	70025.6	15482.3	19829.7	7314.25	3890.34	2413.37	8839.11	739865	0	3	1	0	0xd43f5e018b415631
stage55_frame_gated_epoch_spin	1	31	149125	2221.11	19493.6	69753.3	15435.6	19552.8	7478.13	3792.01	2377.11	8938.49	732136	1	2	1	0	0xd43f5e018b415631
stage55_frame_gated_epoch_spin	1	32	152158	2259.57	19428.1	72206.8	15976.7	19129.9	7827.1	3971.8	2465.36	8811.78	745741	0	7	1	0	0xd43f5e018b415631
stage55_frame_gated_epoch_spin	1	33	149522	2205.86	19545.4	70161.2	15339.8	19704	7418.68	3815.88	2435.45	8816.11	741634	1	1	1	0	0xd43f5e018b415631
stage55_frame_gated_epoch_spin	1	34	149584	2236.49	19446.8	70084.9	15192.5	19626.8	7523.64	4177.76	2379.86	8831.28	733978	0	3	1	0	0xd43f5e018b415631
stage55_frame_gated_epoch_spin	1	35	148358	2238.7	19534.4	69577.6	15304.4	19114.9	7387.01	3906.05	2376.7	8838.61	741748	0	0	1	0	0xd43f5e018b415631
stage55_frame_gated_epoch_spin	1	36	149577	2240.69	19425.7	69980.3	15551.8	19825.8	7372.88	3925.84	2414.16	8763.32	740336	0	6	1	0	0xd43f5e018b415631
stage55_frame_gated_epoch_spin	1	37	148944	2242.65	19420.7	70033.4	15239.1	19626.1	7194.84	3879.25	2385.32	8840.24	732484	0	4	1	0	0xd43f5e018b415631
stage55_frame_gated_epoch_spin	1	38	148658	2221.74	19560.7	69861.3	15404.5	19213.7	7113.13	4056.67	2373.4	8772.44	727650	1	2	1	0	0xd43f5e018b415631
stage55_frame_gated_epoch_spin	1	39	149710	2171.24	19527.5	70121.4	15266	19745.4	7470.06	4113.8	2425.03	8788.73	740745	0	10	1	0	0xd43f5e018b415631
stage55_frame_gated_epoch_spin	1	40	149044	2234.61	19536.8	70212.7	15197.6	19520.4	7382.17	3728.63	2358.53	8793.03	732669	0	0	1	0	0xd43f5e018b415631
stage55_frame_gated_epoch_spin	1	41	148658	2240.32	19509.2	69897.3	15272.8	19289.3	7312.46	3794.67	2432.78	8826.65	742501	0	7	1	0	0xd43f5e018b415631
stage55_frame_gated_epoch_spin	1	42	149270	2199.19	19648.2	69948.5	15330.5	19792.8	7225.67	3766.97	2467.57	8813.28	740051	0	5	1	0	0xd43f5e018b415631
stage55_frame_gated_epoch_spin	1	43	148725	2213.32	19490.2	69305.8	15377.8	19871	7235.43	3781.88	2433.45	8939.99	733740	0	2	1	0	0xd43f5e018b415631
stage55_frame_gated_epoch_spin	1	44	149060	2244.15	19399.7	70039.5	15468.3	19365.5	7358.38	3890.55	2368.07	8843.36	730333	0	1	1	0	0xd43f5e018b415631
stage55_frame_gated_epoch_spin	1	45	149396	2200.99	19511.7	69923.8	15326	19694.4	7537.18	3878.76	2473.07	8773.82	741291	0	5	1	0	0xd43f5e018b415631
stage55_frame_gated_epoch_spin	1	46	152728	2162.4	19539.5	73083.6	15363	19876.4	7566.47	3815.21	2382.32	8860.36	754250	0	6	1	0	0xd43f5e018b415631
stage55_frame_gated_epoch_spin	1	47	148723	2239.24	19583.7	69641.5	15303.4	19441.7	7398.06	3788.84	2366.23	8882.53	729865	0	1	1	0	0xd43f5e018b415631
stage55_frame_gated_epoch_spin	1	48	148521	2240.74	19548.9	69611.6	15471.5	18910.5	7638.85	3846.76	2510.49	8659.32	741717	0	3	1	0	0xd43f5e018b415631
stage55_frame_gated_epoch_spin	1	49	149282	2180.36	19559.7	69601.5	15325.4	19791.5	7577.76	3879.05	2489.44	8797.4	739579	0	4	1	0	0xd43f5e018b415631
stage55_frame_gated_epoch_spin	1	50	149010	2268.24	19439.7	69831.2	15249.1	19653	7607.01	3721.42	2397.28	8763.69	733436	0	0	1	0	0xd43f5e018b415631
stage55_frame_gated_epoch_spin	1	51	148598	2235.74	19485.2	69791.4	15302.4	19303	7334.13	3803.72	2407.86	8854.19	727796	0	4	1	0	0xd43f5e018b415631
stage55_frame_gated_epoch_spin	1	52	148831	2201.9	19418	69721.9	15425.9	19339.4	7563.72	3786.51	2476.2	8818.03	741047	0	1	1	0	0xd43f5e018b415631
stage55_frame_gated_epoch_spin	1	53	149405	2179.9	19481	70056.1	15335.3	19875.4	7415.14	3822.09	2379.7	8783.48	737254	0	8	1	0	0xd43f5e018b415631
stage55_frame_gated_epoch_spin	1	54	148760	2276.03	19347.3	69888.2	15187.6	19452.2	7426.46	3980.26	2357.78	8764.86	730202	0	3	1	0	0xd43f5e018b415631
stage55_frame_gated_epoch_spin	1	55	148579	2251.57	19555.3	69635.9	15437.6	18906.2	7501.1	4021.92	2579.91	8608.23	742088	0	1	1	0	0xd43f5e018b415631
stage55_frame_gated_epoch_spin	1	56	148420	2160.4	19586.1	69316.7	15294.2	19434.9	7387.93	3810.38	2462.03	8887.99	738714	1	1	1	0	0xd43f5e018b415631
stage55_frame_gated_epoch_spin	1	57	149334	2172.74	19428.3	69834.9	15300.4	19863.2	7286.09	4200.64	2376.94	8792.19	736982	0	2	1	0	0xd43f5e018b415631
stage55_frame_gated_epoch_spin	1	58	148941	2244.53	19437.6	69921.9	15454.5	19407.4	7252.47	4014.26	2365.28	8760.69	730301	1	2	1	0	0xd43f5e018b415631
stage55_frame_gated_epoch_spin	1	59	151432	2233.2	19526.6	71168.6	16270.2	19222.3	7654.89	3978.51	2510.45	8784.57	744279	0	1	1	0	0xd43f5e018b415631
stage55_frame_gated_epoch_spin	1	60	148619	2220.99	19441.7	69680.1	15397.5	19220	7419.76	3884.13	2372.03	8905.4	742602	1	6	1	0	0xd43f5e018b415631
stage55_frame_gated_epoch_spin	1	61	149374	2174.9	19555.8	69846.3	15425.2	19793.3	7304.67	3930.43	2436.03	8827.28	739410	0	3	1	0	0xd43f5e018b415631
stage55_frame_gated_epoch_spin	1	62	148880	2391.07	19333.3	69768.9	15298.8	19753.1	7283.55	3806.47	2374.49	8785.98	732608	0	2	1	0	0xd43f5e018b415631
stage55_frame_gated_epoch_spin	1	63	148642	2231.03	19429.2	69813.1	15425.9	19316.5	7224.72	3981.05	2368.32	8775.02	728011	1	0	1	0	0xd43f5e018b415631
stage55_frame_gated_epoch_spin	1	64	148204	2166.03	19396	69838.7	15427.8	18890.7	7557.05	3758.96	2459.99	8631.15	739741	0	4	1	0	0xd43f5e018b415631
stage55_frame_gated_epoch_spin	1	65	149095	2175.44	19380.2	69603.1	15351.9	19748.5	7304.13	4200.3	2435.03	8816.23	739077	0	3	1	0	0xd43f5e018b415631
stage55_frame_gated_epoch_spin	1	66	149463	2171.53	19588.5	69989	15304.3	19580.7	7497.68	4061.47	2428.53	8759.07	734148	0	8	1	0	0xd43f5e018b415631
stage55_frame_gated_epoch_spin	1	67	148612	2237.11	19509.3	69937.7	15282.9	19176.5	7388.09	3801	2376.11	8824.24	742605	0	2	1	0	0xd43f5e018b415631
stage55_frame_gated_epoch_spin	1	68	149201	2191.32	19443.5	69727.3	15342.1	19765.9	7419.63	4036.38	2408.07	8793.61	739881	0	2	1	0	0xd43f5e018b415631
stage55_frame_gated_epoch_spin	1	69	149124	2491.95	19592.1	69801.6	15290.9	19664.7	7138.51	3892.46	2367.99	8798.65	734213	0	2	1	0	0xd43f5e018b415631
stage55_frame_gated_epoch_spin	1	70	149116	2394.61	19346.2	69742.7	15300.5	19623.2	7543.18	3872.17	2380.11	8834.36	744874	0	1	1	0	0xd43f5e018b415631
stage55_frame_gated_epoch_spin	1	71	149369	2164.28	19667.6	69714.2	15323.4	19842.8	7392.01	3982.76	2419.28	8783.32	739735	1	0	1	0	0xd43f5e018b415631
stage55_frame_gated_epoch_spin	1	72	148613	2237.15	19549.9	69662.7	15314.6	19690.2	7144.75	3774.25	2368.45	8789.48	732608	0	2	1	0	0xd43f5e018b415631
stage55_frame_gated_epoch_spin	1	73	152063	2256.95	19402	72502.2	15499.4	19696.5	7473.63	3941.84	2369.11	8838.53	748707	0	6	1	0	0xd43f5e018b415631
stage55_frame_gated_epoch_spin	1	74	148789	2251.78	19533.9	69707.7	15342.9	19119.7	7465.93	4085.01	2382.53	8819.9	743289	3	4	1	0	0xd43f5e018b415631
stage55_frame_gated_epoch_spin	1	75	148610	2174.19	19399.4	69636.2	15310.6	19250.5	7654.18	3811.21	2458.95	8837.53	739200	0	2	1	0	0xd43f5e018b415631
stage55_frame_gated_epoch_spin	1	76	149158	2182.07	19370.9	69739.8	15374.6	19834.2	7297.72	4094.84	2373.57	8813.99	736523	0	1	1	0	0xd43f5e018b415631
stage55_frame_gated_epoch_spin	1	77	148826	2248.07	19305.7	69705.7	15470.8	19497.9	7417.88	3879.21	2385.69	8838.57	730725	0	0	1	0	0xd43f5e018b415631
stage55_frame_gated_epoch_spin	1	78	150111	2756.78	19499	69720.9	15564.5	19728.1	7695.6	3855.67	2409.2	8804.61	743488	0	5	1	0	0xd43f5e018b415631
stage55_frame_gated_epoch_spin	1	79	149083	2229.57	19441.9	70027.5	15299.3	19552.8	7384.63	3822.55	2443.57	8803.32	733533	0	0	1	0	0xd43f5e018b415631
stage55_frame_gated_epoch_spin	1	80	148694	2227.32	19383.2	70100	15306.6	19336.3	7159.64	3929.72	2379.45	8792.82	727832	0	6	1	0	0xd43f5e018b415631
stage55_frame_gated_epoch_spin	1	81	149476	2191.9	19437.1	69968.5	15465.9	19724	7482.22	3824.46	2423.19	8879.9	740673	0	3	1	0	0xd43f5e018b415631
stage55_frame_gated_epoch_spin	1	82	149112	2235.74	19471.8	69792.1	15468.7	19628	7391.09	3928.26	2352.7	8760.94	733520	0	2	1	0	0xd43f5e018b415631
stage55_frame_gated_epoch_spin	1	83	148691	2243.7	19459.6	70018	15243.9	19290.5	7266.43	3948.97	2376.86	8764.44	727944	0	0	1	0	0xd43f5e018b415631
stage55_frame_gated_epoch_spin	1	84	149386	2159.19	19303.2	70401.7	15321.3	19724.2	7354.51	3768.21	2428.24	8845.94	740495	1	2	1	0	0xd43f5e018b415631
stage55_frame_gated_epoch_spin	1	85	149264	2415.36	19406	70248.3	15292.7	19604.5	7299.01	3740.71	2387.24	8785.69	734038	0	3	1	0	0xd43f5e018b415631
stage55_frame_gated_epoch_spin	1	86	151661	2321.65	19500	71459.1	15990.7	19482.2	7538.42	4005.22	2403.28	8878.32	746613	0	0	1	0	0xd43f5e018b415631
stage55_frame_gated_epoch_spin	1	87	148456	2254.74	19412.8	69674.9	15260	19277.1	7415.55	3863.72	2382.36	8834.82	727068	0	7	1	0	0xd43f5e018b415631
stage55_frame_gated_epoch_spin	1	88	148935	2162.15	19518.1	69805.4	15373.9	19267.9	7527.39	3901.97	2462.58	8834.11	740799	0	2	1	0	0xd43f5e018b415631
stage55_frame_gated_epoch_spin	1	89	149023	2171.74	19487.5	69720.9	15303.6	19924.7	7194.76	3894.63	2392.78	8855.03	736220	0	2	1	0	0xd43f5e018b415631
stage55_frame_gated_epoch_spin	1	90	149197	2239.78	19430	69855.5	15414.2	19473.2	7336.21	4197.26	2366.36	8803.03	731555	0	0	1	0	0xd43f5e018b415631
stage55_frame_gated_epoch_spin	1	91	148085	2215.28	19444.1	69222.3	15364.8	19240	7470.26	3843.05	2369.2	8838.36	724426	0	4	1	0	0xd43f5e018b415631
stage55_frame_gated_epoch_spin	1	92	149793	2250.15	19505	69828	15440.6	19797.6	7561.22	4074.01	2432.99	8829.57	740802	0	3	1	0	0xd43f5e018b415631
stage55_frame_gated_epoch_spin	1	93	149356	2239.15	19440.9	70242.7	15240.2	19459.7	7407.22	3998.34	2364.16	8880.94	732398	2	1	1	0	0xd43f5e018b415631
stage55_frame_gated_epoch_spin	1	94	149101	2246.78	19611.3	69715.9	15447.6	19282.2	7489.35	3901.67	2469.45	8855.15	741670	0	7	1	0	0xd43f5e018b415631
stage55_frame_gated_epoch_spin	1	95	149628	2166.03	19364.4	69972.7	15317	19889	7620.67	3997.22	2408.74	8813.11	736767	1	4	1	0	0xd43f5e018b415631
stage55_frame_gated_epoch_spin	1	96	148780	2241.74	19524.6	69933.1	15295.6	19262	7334.76	3970.55	2381.28	8757.94	728790	0	2	1	0	0xd43f5e018b415631
stage55_frame_gated_epoch_spin	1	97	148345	2172.61	19534.6	69981.3	15284.1	19267.5	7322.67	3718.51	2446.74	8538.69	740280	0	1	1	0	0xd43f5e018b415631
stage55_frame_gated_epoch_spin	1	98	149707	2182.49	19446.9	70231.6	15354.3	19874.6	7471.97	3888.93	2370.07	8805.32	739435	0	1	1	0	0xd43f5e018b415631
stage55_frame_gated_epoch_spin	1	99	149315	2276.99	19552.3	70100.7	15429.7	19407.7	7441.76	3812.21	2371.66	8840.11	731151	0	2	1	0	0xd43f5e018b415631
stage55_frame_gated_epoch_spin	2	0	151430	2171.15	19410.6	72193.9	15296.6	19385.3	7509.39	4205.68	2389.61	8784.94	743082	0	0	1	0	0xd43f5e018b415631
stage55_frame_gated_epoch_spin	2	1	149788	2205.4	19433.5	70179.8	15302.5	19736.6	7588.42	3879.72	2423.57	8960.94	741832	0	8	1	0	0xd43f5e018b415631
stage55_frame_gated_epoch_spin	2	2	149258	2234.28	19422.2	69877.4	15280.7	19826.7	7422.13	3882.59	2372.57	8855.94	733457	0	1	1	0	0xd43f5e018b415631
stage55_frame_gated_epoch_spin	2	3	148905	2301.9	19431.6	70091.9	15500.4	19292.1	7400.14	3940.84	2423.28	8445.27	743373	0	0	1	0	0xd43f5e018b415631
stage55_frame_gated_epoch_spin	2	4	148712	2182.4	19451.6	69475.3	15306.5	19279.8	7690.72	3969.92	2459.61	8818.28	738486	0	4	1	0	0xd43f5e018b415631
stage55_frame_gated_epoch_spin	2	5	149163	2171.32	19416.4	69720.2	15404.7	19812.9	7507.26	3861.59	2379.7	8806.82	735375	0	1	1	0	0xd43f5e018b415631
stage55_frame_gated_epoch_spin	2	6	149032	2231.78	19616.7	69823.2	15487.3	19311.4	7312.93	4016.63	2362.49	8784.02	729651	0	1	1	0	0xd43f5e018b415631
stage55_frame_gated_epoch_spin	2	7	148079	2164.74	19303.2	69829.4	15340.8	18924.9	7262.26	3995.47	2464.37	8716.44	739512	1	0	1	0	0xd43f5e018b415631
stage55_frame_gated_epoch_spin	2	8	148497	2213.28	19337.8	69856.7	15289.4	19332.1	7158.51	3992.84	2468.99	8769.77	738629	0	8	1	0	0xd43f5e018b415631
stage55_frame_gated_epoch_spin	2	9	148555	2158.99	19411	69423.2	15304.3	19826.7	7288.42	3924.46	2372.61	8767.61	735797	0	3	1	0	0xd43f5e018b415631
stage55_frame_gated_epoch_spin	2	10	149489	2370.91	19502.9	69981.6	15485.1	19503	7483.8	3895.21	2376.86	8811.86	733724	0	1	1	0	0xd43f5e018b415631
stage55_frame_gated_epoch_spin	2	11	148192	2234.61	19482.7	69587.6	15292.9	19220.7	7299.84	3799.92	2373.91	8822.07	725619	0	2	1	0	0xd43f5e018b415631
stage55_frame_gated_epoch_spin	2	12	149687	2177.03	19552.8	70091.7	15447.8	19844.1	7215.26	4059.34	2415.4	8804.69	741166	0	2	1	0	0xd43f5e018b415631
stage55_frame_gated_epoch_spin	2	13	152331	2401.28	19367.3	72171.4	15904.5	19763.5	7631.18	3856.93	2374.07	8780.61	752259	0	1	1	0	0xd43f5e018b415631
stage55_frame_gated_epoch_spin	2	14	149171	2241.69	19690.4	70121.2	15302.9	19245.3	7492.42	3847.34	2378.61	8771.52	730045	0	7	1	0	0xd43f5e018b415631
stage55_frame_gated_epoch_spin	2	15	148701	2174.49	19552	69923.3	15377.2	19241.8	7309.93	3764.92	2448.16	8827.07	739896	0	2	1	0	0xd43f5e018b415631
stage55_frame_gated_epoch_spin	2	16	149022	2202.78	19415	69670	15336.7	19891.2	7311.01	3906.18	2388.36	8823.44	736547	0	1	1	0	0xd43f5e018b415631
stage55_frame_gated_epoch_spin	2	17	148630	2271.28	19548	69664.2	15254.6	19569.4	7168.88	3891.47	2369.86	8809.9	731329	0	0	1	0	0xd43f5e018b415631
stage55_frame_gated_epoch_spin	2	18	148771	2233.36	19768.7	69661.2	15290.3	19184.4	7342.38	3968.55	2403.24	8815.32	743825	0	4	1	0	0xd43f5e018b415631
stage55_frame_gated_epoch_spin	2	19	149267	2171.94	19391.7	69690.2	15461.2	19770.2	7432.26	3938.13	2513.58	8819.28	740144	0	4	1	0	0xd43f5e018b415631
stage55_frame_gated_epoch_spin	2	20	149519	2176.61	19515.5	70254.4	15383.1	19750.5	7273.3	3904.22	2402.91	8773.23	734724	0	0	1	0	0xd43f5e018b415631
stage55_frame_gated_epoch_spin	2	21	148917	2236.24	19441.7	70435	15322.4	18972.4	7581.85	3859.84	2418.66	8571.57	742861	0	8	1	0	0xd43f5e018b415631
stage55_frame_gated_epoch_spin	2	22	149268	2163.15	19526.2	69590.5	15360.9	19884.9	7414.39	3989.76	2415.57	8843.74	738804	1	1	1	0	0xd43f5e018b415631
stage55_frame_gated_epoch_spin	2	23	149096	2235.82	19425.5	70115.3	15202.9	19709.1	7303.13	3836.59	2383.61	8804.15	732707	0	1	1	0	0xd43f5e018b415631
stage55_frame_gated_epoch_spin	2	24	148708	2293.82	19522.7	70007.9	15262.9	19012	7444.35	3943.17	2413.4	8728.53	743106	0	1	1	0	0xd43f5e018b415631
stage55_frame_gated_epoch_spin	2	25	149176	2179.03	19480.3	69751.2	15478.2	19672.4	7447.93	3900.84	2415.91	8772.82	739856	0	1	1	0	0xd43f5e018b415631
stage55_frame_gated_epoch_spin	2	26	148951	2160.32	19385.1	69969	15434.3	19683.7	7238.46	3817.67	2380.82	8800.61	733880	0	3	1	0	0xd43f5e018b415631
stage55_frame_gated_epoch_spin	2	27	152169	2236.24	19536.7	72458.9	15389.4	19598.5	7571.47	4048.13	2467.57	8776.4	748495	1	1	1	0	0xd43f5e018b415631
stage55_frame_gated_epoch_spin	2	28	148660	2277.24	19729.5	69940.4	15292.5	18933.2	7319.34	3750.05	2528.28	8811.53	742469	0	9	1	0	0xd43f5e018b415631
stage55_frame_gated_epoch_spin	2	29	149179	2166.36	19448	69883.5	15382.6	19723.9	7295.63	3987.42	2420.16	8785.28	739754	0	1	1	0	0xd43f5e018b415631
stage55_frame_gated_epoch_spin	2	30	149412	2174.86	19506.8	70189	15255.7	19589.7	7444.3	4011.13	2369.2	8788.65	734502	0	0	1	0	0xd43f5e018b415631
stage55_frame_gated_epoch_spin	2	31	148559	2241.99	19487.2	69600.4	15448.4	19441	7331.75	3752.67	2411.24	8765.4	726856	0	4	1	0	0xd43f5e018b415631
stage55_frame_gated_epoch_spin	2	32	149237	2418.86	19434.7	69811.1	15313.9	19773.4	7280.42	3858.88	2467.07	8801.78	740438	0	1	1	0	0xd43f5e018b415631
stage55_frame_gated_epoch_spin	2	33	149686	3610.71	19421.7	69504.5	15361.6	19370.4	7354.3	3811.17	2358.36	8812.98	735097	0	1	1	0	0xd43f5e018b415631
stage55_frame_gated_epoch_spin	2	34	148671	2243.07	19436.3	70010.7	15320	18900.9	7617.18	4036.34	2512.37	8513.69	742410	0	2	1	0	0xd43f5e018b415631
stage55_frame_gated_epoch_spin	2	35	148972	2174.4	19457.7	69757.8	15361.6	19758.2	7149.8	3982.09	2455.57	8794.99	738949	0	8	1	0	0xd43f5e018b415631
stage55_frame_gated_epoch_spin	2	36	149125	2267.03	19518.3	69950.2	15295.4	19794.2	7146.67	3766.96	2422.95	8878.44	734366	0	3	1	0	0xd43f5e018b415631
stage55_frame_gated_epoch_spin	2	37	149057	2243.2	19434.8	69773.2	15487.7	19387.9	7338.05	4026.26	2367.4	8915.78	745063	0	2	1	0	0xd43f5e018b415631
stage55_frame_gated_epoch_spin	2	38	147851	2180.15	19303.4	69571.1	15347.9	18914.4	7419.84	3870.76	2452.74	8712.77	738684	0	2	1	0	0xd43f5e018b415631
stage55_frame_gated_epoch_spin	2	39	149379	2163.32	19603.6	69685.1	15428.4	19798	7431.68	4002.72	2424.2	8762.4	739947	0	2	1	0	0xd43f5e018b415631
stage55_frame_gated_epoch_spin	2	40	152312	2239.86	19483	72697.7	15311.3	19741.5	7479.39	3978.05	2390.11	8909.49	752654	0	0	1	0	0xd43f5e018b415631
stage55_frame_gated_epoch_spin	2	41	149208	2260.74	19418	70165.2	15476.6	19372.2	7273.46	3992.67	2369.41	8800.19	730583	0	3	1	0	0xd43f5e018b415631
stage55_frame_gated_epoch_spin	2	42	149378	2170.28	19601.9	69766.5	15402.7	19696.8	7642.51	3750.96	2456.86	8810.4	740812	0	6	1	0	0xd43f5e018b415631
stage55_frame_gated_epoch_spin	2	43	149246	2178.49	19567.4	70046.5	15311.6	19666.7	7366.72	3851.63	2373.24	8801.28	734361	0	1	1	0	0xd43f5e018b415631
stage55_frame_gated_epoch_spin	2	44	148926	2235.15	19384.3	70118.9	15415.3	19122.3	7577.01	3854.38	2370.07	8770.44	744324	0	0	1	0	0xd43f5e018b415631
stage55_frame_gated_epoch_spin	2	45	149384	2189.9	19845.5	69734.1	15416.5	19708.2	7174.92	3910.47	2434.99	8891.03	739952	0	5	1	0	0xd43f5e018b415631
stage55_frame_gated_epoch_spin	2	46	148869	2252.11	19540.9	69749.3	15288	19690.8	7312.8	3732.05	2435.74	8788.28	733186	0	2	1	0	0xd43f5e018b415631
stage55_frame_gated_epoch_spin	2	47	148286	2226.82	19342.4	69557.3	15377.3	19495.5	7265.97	3758.67	2367.65	8812.19	728459	0	0	1	0	0xd43f5e018b415631
stage55_frame_gated_epoch_spin	2	48	148692	2280.07	19563.5	69743.8	15422.8	18953.4	7565.89	3908.55	2479.49	8692.44	742624	0	3	1	0	0xd43f5e018b415631
stage55_frame_gated_epoch_spin	2	49	149489	2173.11	19416.9	69999.2	15463.4	19842.4	7247.67	3992.89	2429.24	8845.9	739656	0	7	1	0	0xd43f5e018b415631
stage55_frame_gated_epoch_spin	2	50	149053	2338.11	19468.7	69911.7	15268.7	19564.2	7356.51	3766.63	2370.69	8927.69	732411	1	2	1	0	0xd43f5e018b415631
stage55_frame_gated_epoch_spin	2	51	148256	2247.94	19415.5	69460.2	15278.6	19529.5	7340.84	3759.22	2367.49	8776.02	726628	0	1	1	0	0xd43f5e018b415631
stage55_frame_gated_epoch_spin	2	52	148344	2220.4	19355.5	69949.9	15419	18851.7	7474.47	3813.05	2540.66	8642.57	740666	1	2	1	0	0xd43f5e018b415631
stage55_frame_gated_epoch_spin	2	53	149208	2175.99	19333.8	70034.7	15338.3	19743.5	7364.3	3854.42	2403.07	8880.9	739379	0	0	1	0	0xd43f5e018b415631
stage55_frame_gated_epoch_spin	2	54	152211	2260.57	19398	72753.9	15329	19874	7417.68	3790	2449.7	8857.49	751883	2	1	1	0	0xd43f5e018b415631
stage55_frame_gated_epoch_spin	2	55	148660	2245.19	19325	69864.9	15331.4	19601.3	7184.38	3811.96	2373.95	8839.24	730686	0	2	1	0	0xd43f5e018b415631
stage55_frame_gated_epoch_spin	2	56	148795	2715.24	19475.9	69943.3	15306	18879.2	7499.01	3799.76	2474.45	8621.61	743074	0	6	1	0	0xd43f5e018b415631
stage55_frame_gated_epoch_spin	2	57	149598	2174.82	19552.3	70171.3	15384.3	19791.3	7446.51	3792.17	2367.2	8842.07	740106	0	0	1	0	0xd43f5e018b415631
stage55_frame_gated_epoch_spin	2	58	149883	2254.86	19604.5	70377.8	15436.3	19407	7388.88	3925.71	2384.15	9029.9	748841	0	4	1	0	0xd43f5e018b415631
stage55_frame_gated_epoch_spin	2	59	149618	2170.94	19484.7	69749.9	15443.3	19780.2	7563.39	4150.93	2403.9	8792.82	740247	1	2	1	0	0xd43f5e018b415631
stage55_frame_gated_epoch_spin	2	60	148950	2225.9	19502.6	69603.9	15395.4	19625.7	7283.46	3996.97	2378.49	8859.07	732235	1	1	1	0	0xd43f5e018b415631
stage55_frame_gated_epoch_spin	2	61	148779	2246.99	19438.5	69862.3	15272	19233.7	7306.05	3934.47	2514.49	8888.65	743086	0	3	1	0	0xd43f5e018b415631
stage55_frame_gated_epoch_spin	2	62	149305	2219.94	19372.4	69988.8	15468.4	19711.9	7395.38	3837.84	2448.7	8781.4	739805	0	7	1	0	0xd43f5e018b415631
stage55_frame_gated_epoch_spin	2	63	148947	2261.78	19549.2	69893.5	15294.5	19612.4	7179.22	3871.09	2435.41	8770.19	733499	0	2	1	0	0xd43f5e018b415631
stage55_frame_gated_epoch_spin	2	64	149121	2334.49	19535	69915.3	15373.4	19215.8	7340.21	4016.47	2408.03	8903.4	744965	0	2	1	0	0xd43f5e018b415631
stage55_frame_gated_epoch_spin	2	65	149218	2176.44	19420	69858.2	15482.2	19826.1	7367.38	3770.59	2424.95	8815.69	739740	0	1	1	0	0xd43f5e018b415631
stage55_frame_gated_epoch_spin	2	66	149097	2172.03	19515.5	69769.6	15310.6	19677.5	7493.14	3907.97	2370.32	8799.03	733879	0	2	1	0	0xd43f5e018b415631
stage55_frame_gated_epoch_spin	2	67	151855	2272.82	19413.5	72444.6	15315	19473	7693.77	3884.13	2432.86	8841.19	747510	0	0	1	0	0xd43f5e018b415631
stage55_frame_gated_epoch_spin	2	68	148492	2285.24	19462.1	69960.2	15275.1	19332.8	7222.42	3762.3	2367.36	8742.07	726872	1	3	1	0	0xd43f5e018b415631
stage55_frame_gated_epoch_spin	2	69	149760	2169.24	19492.1	69725.8	15523.5	19950.5	7418.96	4150.72	2424.16	8822.32	741069	0	7	1	0	0xd43f5e018b415631
stage55_frame_gated_epoch_spin	2	70	148810	2230.11	19482.8	69897	15363	19757.7	7065.01	3769.55	2375.82	8788.99	732343	1	0	1	0	0xd43f5e018b415631
stage55_frame_gated_epoch_spin	2	71	148963	2241.57	19542.2	70126.4	15447.4	19076	7444.59	3876.17	2375.4	8751.9	744368	0	0	1	0	0xd43f5e018b415631
stage55_frame_gated_epoch_spin	2	72	149804	2170.24	19519.3	70127	15473.2	19906.7	7350.47	3926.3	2374.49	8879.24	740089	0	6	1	0	0xd43f5e018b415631
stage55_frame_gated_epoch_spin	2	73	148691	2264.99	19355.6	69800.3	15321.9	19553.5	7429.05	3701.13	2380.69	8802.53	731157	0	1	1	0	0xd43f5e018b415631
stage55_frame_gated_epoch_spin	2	74	148191	2251.9	19368.2	69398.6	15242.2	19375.4	7353.68	3969.76	2361.41	8789.07	727024	0	1	1	0	0xd43f5e018b415631
stage55_frame_gated_epoch_spin	2	75	148078	2228.49	19410	69417.5	15300	19243.6	7352.18	3840.09	2403.49	8804.4	725085	0	3	1	0	0xd43f5e018b415631
stage55_frame_gated_epoch_spin	2	76	148119	2195.57	19447.1	69580.5	15300.7	18858.9	7512.05	4026.46	2447.24	8669.82	739772	0	7	1	0	0xd43f5e018b415631
stage55_frame_gated_epoch_spin	2	77	149421	2242.99	19454.9	69903.3	15448.2	19793.5	7187.17	4005.67	2412.82	8894.15	740012	0	0	1	0	0xd43f5e018b415631
stage55_frame_gated_epoch_spin	2	78	149645	2471.36	19711.8	70168.6	15296.5	19403.4	7433.05	3936.26	2370.32	8772.48	733589	0	1	1	0	0xd43f5e018b415631
stage55_frame_gated_epoch_spin	2	79	148341	2193.78	19487.1	69511.9	15433.4	18927.7	7265.6	4162.3	2482.57	8796.48	740632	1	2	1	0	0xd43f5e018b415631
stage55_frame_gated_epoch_spin	2	80	148347	2213.11	19308	69878.8	15293.9	19279.7	7257.76	3812.97	2467.41	8755.19	738546	0	0	1	0	0xd43f5e018b415631
stage55_frame_gated_epoch_spin	2	81	153073	2173.19	19488	72671.1	15585.8	19985.1	7980.35	3927.18	2415.32	8769.03	756132	0	3	1	0	0xd43f5e018b415631
stage55_frame_gated_epoch_spin	2	82	148681	2246.74	19483.2	69555.6	15391.7	19521.9	7356.76	3834.67	2388.57	8824.69	730679	0	1	1	0	0xd43f5e018b415631
stage55_frame_gated_epoch_spin	2	83	148662	2233.86	19398.6	69753.8	15247.5	19305.4	7327.55	4115.18	2376.74	8821.61	743072	0	6	1	0	0xd43f5e018b415631
stage55_frame_gated_epoch_spin	2	84	149149	2168.15	19490.1	69916.4	15406.1	19728.3	7350.63	3729.63	2456.28	8821.28	740134	0	0	1	0	0xd43f5e018b415631
stage55_frame_gated_epoch_spin	2	85	149049	2165.57	19362.5	70307.3	15284.2	19730.9	7182.42	3778.51	2374.86	8783.9	734387	0	4	1	0	0xd43f5e018b415631
stage55_frame_gated_epoch_spin	2	86	149052	2237.9	19476.3	70009.9	15426.8	19293.5	7272.6	4107.39	2366.53	8782.4	729410	0	2	1	0	0xd43f5e018b415631
stage55_frame_gated_epoch_spin	2	87	148108	2160.78	19431.7	69551.9	15320.2	19302.5	7205.47	4005.97	2464.61	8582.57	739218	1	0	1	0	0xd43f5e018b415631
stage55_frame_gated_epoch_spin	2	88	149014	2242.95	19372.7	69639.7	15336.8	19708.8	7254.55	4009.76	2459.07	8912.36	738719	0	2	1	0	0xd43f5e018b415631
stage55_frame_gated_epoch_spin	2	89	149311	2159.82	19470.1	69988.2	15342.7	19642.8	7479.34	3941.42	2380.65	8826.98	734065	0	3	1	0	0xd43f5e018b415631
stage55_frame_gated_epoch_spin	2	90	148480	2238.94	19623.7	69734.5	15382.9	19077.1	7207.01	3966.51	2384.41	8786.94	727093	0	7	1	0	0xd43f5e018b415631
stage55_frame_gated_epoch_spin	2	91	149918	2177.78	19550.2	69973.9	15477.9	19832.8	7644.13	3999.76	2410.24	8775.65	741582	0	2	1	0	0xd43f5e018b415631
stage55_frame_gated_epoch_spin	2	92	149173	2235.65	19569.4	69925.9	15216.1	19666	7276.13	3927.55	2370.07	8904.69	732331	0	3	1	0	0xd43f5e018b415631
stage55_frame_gated_epoch_spin	2	93	148356	2246.19	19344.7	69594.4	15412.5	19213.2	7334.63	3972.01	2407.19	8752.53	725947	0	1	1	0	0xd43f5e018b415631
stage55_frame_gated_epoch_spin	2	94	151542	2170.69	19396.2	71914.8	15389.5	19517.3	7307.71	4464.14	2514.49	8786.9	742088	0	0	1	0	0xd43f5e018b415631
stage55_frame_gated_epoch_spin	2	95	149803	2195.78	19526.2	70250.1	15497.2	19840.5	7177.21	3958.51	2516.82	8762.82	740943	0	4	1	0	0xd43f5e018b415631
stage55_frame_gated_epoch_spin	2	96	149652	2233.86	19619.8	70291.9	15364.2	19256.1	7581.59	3993.42	2443.57	8786.23	732479	1	4	1	0	0xd43f5e018b415631
stage55_frame_gated_epoch_spin	2	97	149518	2176.15	19413.2	70024	15335	19880.6	7534.38	3819.22	2413.74	8844.69	740774	1	7	1	0	0xd43f5e018b415631
stage55_frame_gated_epoch_spin	2	98	149203	2271.57	19487.7	70030.6	15202.9	19541.4	7476.34	3945.13	2387.11	8779.15	733790	0	0	1	0	0xd43f5e018b415631
stage55_frame_gated_epoch_spin	2	99	148615	2251.11	19427	70124.6	15284.1	19236.2	7026.34	3994.72	2371.82	8821.61	727123	0	6	1	0	0xd43f5e018b415631
stage55_frame_gated_epoch_spin	3	0	149506	2177.11	19521.6	70014.7	15458.6	19770.1	7314.76	3960.59	2426.78	8786.9	740720	0	2	1	0	0xd43f5e018b415631
stage55_frame_gated_epoch_spin	3	1	149152	2247.65	19425.3	69690.6	15411.2	19616.2	7509.22	3940.92	2369.53	8855.32	733376	0	2	1	0	0xd43f5e018b415631
stage55_frame_gated_epoch_spin	3	2	148831	2267.78	19497.3	69800.5	15327.7	19078.9	7500.34	4107.34	2374.28	8799.86	743597	0	2	1	0	0xd43f5e018b415631
stage55_frame_gated_epoch_spin	3	3	147997	2172.32	19526.2	69590.6	15317.8	19283.3	7268.01	3852.05	2489.78	8420.69	738758	0	5	1	0	0xd43f5e018b415631
stage55_frame_gated_epoch_spin	3	4	149670	2194.65	19453.3	70347.3	15278.8	19867	7407.47	3868.71	2366.91	8807.86	739378	0	2	1	0	0xd43f5e018b415631
stage55_frame_gated_epoch_spin	3	5	148866	2258.19	19460.4	69702	15243.8	19507.8	7364.68	4070.93	2376.53	8803.15	731082	0	0	1	0	0xd43f5e018b415631
stage55_frame_gated_epoch_spin	3	6	148479	2256.07	19531	69723.8	15278.2	19089.9	7419.3	3844.84	2447.49	8811.49	742150	1	2	1	0	0xd43f5e018b415631
stage55_frame_gated_epoch_spin	3	7	148540	2442.2	19469.5	69482.1	15276.3	19283.4	7327.75	3865.84	2469.91	8845.11	739549	0	1	1	0	0xd43f5e018b415631
stage55_frame_gated_epoch_spin	3	8	150992	2228.94	19516.6	72032.5	15473	18954.7	7769.22	3854.05	2455.66	8628.73	754161	0	3	1	0	0xd43f5e018b415631
stage55_frame_gated_epoch_spin	3	9	148553	2345.86	19333.3	69744	15334.4	19231	7505.47	3685.79	2454.4	8836.32	738984	0	2	1	0	0xd43f5e018b415631
stage55_frame_gated_epoch_spin	3	10	149356	2444.16	19443.9	69728.6	15374.4	19927.3	7413.34	3794.71	2369.53	8782.32	736654	1	6	1	0	0xd43f5e018b415631
stage55_frame_gated_epoch_spin	3	11	148483	2249.36	19456.9	69611.9	15252.2	19460	7415.43	3804.8	2370.03	8785.19	729606	0	1	1	0	0xd43f5e018b415631
stage55_frame_gated_epoch_spin	3	12	148615	2312.45	19426.4	70018.9	15220.5	19201.2	7197.26	3963.38	2362.28	8836.32	742684	0	5	1	0	0xd43f5e018b415631
stage55_frame_gated_epoch_spin	3	13	147862	2174.28	19420	69386.8	15274.9	18963.1	7398.47	3950.38	2451.95	8762.48	738686	0	1	1	0	0xd43f5e018b415631
stage55_frame_gated_epoch_spin	3	14	147943	2212.53	19311.1	69437.4	15258.2	19369.4	7339.8	3845.55	2479.91	8614.02	738533	2	0	1	0	0xd43f5e018b415631
stage55_frame_gated_epoch_spin	3	15	148455	2236.45	19595.3	69532.6	15447.3	19242.8	7218.01	3828.55	2462.32	8814.11	738442	0	2	1	0	0xd43f5e018b415631
stage55_frame_gated_epoch_spin	3	16	156865	2181.19	19432.1	75705.2	16591.9	19856.9	7832.77	3990.43	2405.95	8783.32	775552	0	14	1	0	0xd43f5e018b415631
stage55_frame_gated_epoch_spin	3	17	161878	2518.24	19547.9	80761.2	15438.8	19606	7534.89	5026.94	2520.87	8841.53	807756	0	32	1	0	0xd43f5e018b415631
stage55_frame_gated_epoch_spin	3	18	159883	3390.21	21312.8	71792.6	17860.3	21920.3	7509.39	3983.84	3347.46	8688.61	797531	0	27	1	0	0xd43f5e018b415631
stage55_frame_gated_epoch_spin	3	19	161730	2181.19	21737.5	77715.1	16820.5	19557.7	8187.77	4225.6	2448.53	8775.27	798842	0	23	1	0	0xd43f5e018b415631
stage55_frame_gated_epoch_spin	3	20	162339	2251.9	19375.4	77163.3	15727.9	22842.4	9493.24	4154.72	2429.53	8818.53	807839	0	30	1	0	0xd43f5e018b415631
stage55_frame_gated_epoch_spin	3	21	154266	2168.74	24237.5	70363.3	15399.6	19472.1	7347.8	3809.34	2609.07	8777.32	757242	0	13	1	0	0xd43f5e018b415631
stage55_frame_gated_epoch_spin	3	22	159238	2242.99	19317.9	76154.3	16070.1	21623.8	8268.4	4487.76	2462.9	8499.31	784142	0	20	1	0	0xd43f5e018b415631
stage55_frame_gated_epoch_spin	3	23	155190	2441.82	19435.7	74356	16170.1	19531.8	7929.81	4043.47	2405.66	8796.23	766227	0	18	1	0	0xd43f5e018b415631
stage55_frame_gated_epoch_spin	3	24	153133	2240.74	19791.4	70243.6	17052.3	20735.5	7459.39	3958.72	2772.32	8797.03	750752	0	17	1	0	0xd43f5e018b415631
stage55_frame_gated_epoch_spin	3	25	156967	2229.4	19306.2	75812.1	15474.2	20039.7	8329.32	4432.68	2387.16	8874.19	780640	0	27	1	0	0xd43f5e018b415631
stage55_frame_gated_epoch_spin	3	26	154992	2326.61	19461.6	74416.8	15855.1	19573.7	7820.56	4197.72	2421.61	8839.69	774320	0	13	1	0	0xd43f5e018b415631
stage55_frame_gated_epoch_spin	3	27	153363	2169.74	19456.7	71146.8	15328.6	21850.8	8044.85	3875.59	2482.49	8932.57	760059	0	11	1	0	0xd43f5e018b415631
stage55_frame_gated_epoch_spin	3	28	156227	2403.49	23612	72247.4	15390.7	19833.5	7419.09	3992.88	2408.24	8842.03	773605	0	27	1	0	0xd43f5e018b415631
stage55_frame_gated_epoch_spin	3	29	158022	3324.71	19504.1	75429	16157.8	20452.6	7651.56	3953.92	2697.41	8771.19	788315	0	18	1	0	0xd43f5e018b415631
stage55_frame_gated_epoch_spin	3	30	155130	2156.49	19472.2	74947.6	15281.3	19623.2	7660.6	4481.89	2520.7	8903.49	760468	1	17	1	0	0xd43f5e018b415631
stage55_frame_gated_epoch_spin	3	31	154578	2220.99	24680.3	69741.5	15338	19839.6	7519.76	3957.05	2378.82	8823.15	762787	0	10	1	0	0xd43f5e018b415631
stage55_frame_gated_epoch_spin	3	32	158679	2394.91	19402.6	74625.2	17180	21590.1	8018.22	3920.47	2590.11	8874.61	787289	0	22	1	0	0xd43f5e018b415631
stage55_frame_gated_epoch_spin	3	33	154604	2201.94	19559.2	75099.1	15493.5	19345.8	7614.14	4021.76	2469.53	8716.69	772030	0	10	1	0	0xd43f5e018b415631
stage55_frame_gated_epoch_spin	3	34	153170	2180.15	22206.3	69467.4	15289.1	21172.4	7351.01	3888.34	2700.74	8831.57	758520	0	12	1	0	0xd43f5e018b415631
stage55_frame_gated_epoch_spin	3	35	156719	2244.19	19564.6	75668	15485.1	19706.4	8224.15	4363.18	2393.36	8989.49	772943	0	21	1	0	0xd43f5e018b415631
stage55_frame_gated_epoch_spin	3	36	153944	2229.57	19519.1	73985.7	16194.5	19100.8	7624.01	3933.68	2475.99	8799.65	766128	0	10	1	0	0xd43f5e018b415631
stage55_frame_gated_epoch_spin	3	37	153738	2174.74	19434.8	70904.3	15625.2	22152.1	8132.64	4118.47	2373.82	8738.98	756969	2	17	1	0	0xd43f5e018b415631
stage55_frame_gated_epoch_spin	3	38	155647	2247.11	22144.1	73325	15359.5	19756.2	7359.92	4032.05	2380.69	8962.9	768133	0	21	1	0	0xd43f5e018b415631
stage55_frame_gated_epoch_spin	3	39	157796	3427.29	19526.2	75412.2	15983.6	20304.6	7675.72	3870.51	2711.16	8804.28	785769	0	16	1	0	0xd43f5e018b415631
stage55_frame_gated_epoch_spin	3	40	155128	2174.69	19504.2	74817.8	15425.3	19588.2	7562.22	4626.06	2463.61	8878.44	775062	0	12	1	0	0xd43f5e018b415631
stage55_frame_gated_epoch_spin	3	41	154374	2175.15	24784	69776.4	15352.7	19798.6	7383.68	3832.59	2371.4	8820.11	760935	0	11	1	0	0xd43f5e018b415631
stage55_frame_gated_epoch_spin	3	42	159621	2297.78	19679.7	74982.3	17321.6	21884.7	7917.97	4222.64	2469.28	8766.32	787457	0	22	1	0	0xd43f5e018b415631
stage55_frame_gated_epoch_spin	3	43	155291	2223.74	19479.4	75327.6	15287.7	19579.6	7597.76	4493.85	2415.57	8802.82	767717	1	18	1	0	0xd43f5e018b415631
stage55_frame_gated_epoch_spin	3	44	153969	2240.03	23178.2	70249.3	15519.7	19921.5	7394.8	3888.67	2832.83	8660.69	765690	0	20	1	0	0xd43f5e018b415631
stage55_frame_gated_epoch_spin	3	45	149331	2194.53	19428	69950.7	15425.7	19772.6	7230.6	4006.13	2423.49	8820.28	739615	0	2	1	0	0xd43f5e018b415631
stage55_frame_gated_epoch_spin	3	46	149632	2251.86	19625.1	69802.3	15440.7	19511	7844.39	3859.47	2380.2	8836.57	733716	1	0	1	0	0xd43f5e018b415631
stage55_frame_gated_epoch_spin	3	47	152081	2247.95	19358.5	72528.7	15374.3	19328.1	7628.22	4345.6	2377.24	8805.82	744634	0	3	1	0	0xd43f5e018b415631
stage55_frame_gated_epoch_spin	3	48	147990	2180.99	19531.3	69364.7	15419.1	19298.5	7300.01	3908.13	2454.2	8457.85	738462	3	1	1	0	0xd43f5e018b415631
stage55_frame_gated_epoch_spin	3	49	149316	2307.7	19334.5	69921.2	15294.5	19790.5	7427.88	3932.09	2393.36	8841.32	739102	0	0	1	0	0xd43f5e018b415631
stage55_frame_gated_epoch_spin	3	50	149356	2422.07	19448.8	70170.8	15213.8	19488.1	7452.26	3886.13	2367.41	8825.48	732822	0	7	1	0	0xd43f5e018b415631
stage55_frame_gated_epoch_spin	3	51	148500	2236.99	19363.8	69943.8	15288.2	19019.2	7438.51	3973.72	2455.95	8701.9	741588	0	6	1	0	0xd43f5e018b415631
stage55_frame_gated_epoch_spin	3	52	149216	2193.32	19480.5	69736.8	15297.9	19894.8	7230.8	4057.97	2421.74	8824.74	739548	0	2	1	0	0xd43f5e018b415631
stage55_frame_gated_epoch_spin	3	53	149068	2512.07	19414.3	69526.1	15358.4	19706.3	7343.26	3856.51	2374.82	8892.11	733736	0	1	1	0	0xd43f5e018b415631
stage55_frame_gated_epoch_spin	3	54	148709	2245.74	19371.3	70042.2	15350.2	19319.6	7177.01	3986.76	2371.86	8765.98	728042	2	1	1	0	0xd43f5e018b415631
stage55_frame_gated_epoch_spin	3	55	149508	2163.49	19462.5	70201.3	15622.9	19729.6	7258.97	3746.21	2412.15	8833.4	740916	0	2	1	0	0xd43f5e018b415631
stage55_frame_gated_epoch_spin	3	56	149069	2554.99	19400.9	69716.5	15349	19665.8	7280.63	3770.38	2371.32	8882.28	733654	0	0	1	0	0xd43f5e018b415631
stage55_frame_gated_epoch_spin	3	57	149022	2520.36	19474.4	69841.7	15269.4	19258.1	7272.68	4086.22	2381.53	8838.48	744197	1	7	1	0	0xd43f5e018b415631
stage55_frame_gated_epoch_spin	3	58	150044	2180.86	19607.7	69818.3	15581.5	19890.3	7579.22	4029.47	2433.11	8843.19	740266	0	4	1	0	0xd43f5e018b415631
stage55_frame_gated_epoch_spin	3	59	148777	2375.53	19426.9	69709.4	15263.1	19444	7381.3	3942.05	2370.86	8784.77	730124	0	0	1	0	0xd43f5e018b415631
stage55_frame_gated_epoch_spin	3	60	151832	2244.86	19457.2	72641.7	15486.5	19229	7547.8	3929.22	2427.24	8782.61	745089	0	2	1	0	0xd43f5e018b415631
stage55_frame_gated_epoch_spin	3	61	148432	2210.65	19329.2	69742.6	15316	19098.7	7540.84	3877.46	2408.07	8823.36	740736	0	2	1	0	0xd43f5e018b415631
stage55_frame_gated_epoch_spin	3	62	149950	2153.28	19309	70774.1	15301.7	19782.7	7266.84	4128.01	2379.49	8773.77	739056	0	7	1	0	0xd43f5e018b415631
stage55_frame_gated_epoch_spin	3	63	149174	2227.69	19315.4	70602.3	15257.4	19285.8	7469.72	3774.76	2361.69	8800.23	730366	0	0	1	0	0xd43f5e018b415631
stage55_frame_gated_epoch_spin	3	64	148177	2160.36	19340.5	69832.2	15331	19282.8	7422.63	3784.46	2443.32	8501.48	739341	0	7	1	0	0xd43f5e018b415631
stage55_frame_gated_epoch_spin	3	65	149365	2543.24	19486.2	69547.1	15433.9	19807	7348.14	3896.26	2421.28	8803.36	738689	0	8	1	0	0xd43f5e018b415631
stage55_frame_gated_epoch_spin	3	66	149069	2306.86	19566.7	69635.7	15263.9	19518.7	7463.26	4060.34	2407.91	8765.44	732566	0	0	1	0	0xd43f5e018b415631
stage55_frame_gated_epoch_spin	3	67	148664	2263.78	19446.2	69795.4	15327.8	19307.8	7343.55	3866.5	2377.99	8856.19	742879	0	2	1	0	0xd43f5e018b415631
stage55_frame_gated_epoch_spin	3	68	147944	2169.24	19409.2	69679.2	15265.1	19300.7	7167.92	3974.01	2461.49	8435.44	738660	0	2	1	0	0xd43f5e018b415631
stage55_frame_gated_epoch_spin	3	69	149688	2165.24	19571	69999	15325	19903.8	7494.14	3927.51	2441.36	8782.32	739665	0	2	1	0	0xd43f5e018b415631
stage55_frame_gated_epoch_spin	3	70	148468	2250.82	19376.9	69510.4	15228	19721	7163.05	3952.84	2372.99	8810.07	730771	2	1	1	0	0xd43f5e018b415631
stage55_frame_gated_epoch_spin	3	71	149034	2235.49	19503.1	70214.5	15331.4	19437.7	7362.59	3782.63	2417.44	8669.82	744490	1	8	1	0	0xd43f5e018b415631
stage55_frame_gated_epoch_spin	3	72	148570	2177.61	19424.8	69901.3	15275.6	19262.9	7287.88	3833.55	2461.32	8869.28	739088	0	1	1	0	0xd43f5e018b415631
stage55_frame_gated_epoch_spin	3	73	149068	2171.61	19395.7	69892.2	15315.1	19863.3	7294.26	3866.05	2372.2	8820.65	736538	0	1	1	0	0xd43f5e018b415631
stage55_frame_gated_epoch_spin	3	74	151665	2229.28	19540.6	71764.2	15298.9	19831.7	7426.22	4194.05	2503.11	8800.52	749102	0	3	1	0	0xd43f5e018b415631
stage55_frame_gated_epoch_spin	3	75	149423	2231.44	19561.5	70298.4	15307.5	19255	7528.89	4015.84	2374.45	8771.57	731534	0	1	1	0	0xd43f5e018b415631
stage55_frame_gated_epoch_spin	3	76	147893	2167.44	19457	69414.5	15296.1	18997.2	7303.71	3968.47	2411.32	8797.65	739208	2	0	1	0	0xd43f5e018b415631
stage55_frame_gated_epoch_spin	3	77	148552	2188.4	19502.8	69720.8	15301.4	19313.4	7379.63	3828.68	2460.07	8777.28	739257	1	7	1	0	0xd43f5e018b415631
stage55_frame_gated_epoch_spin	3	78	149817	2182.11	19330.5	69909	15944.5	19859.2	7224.59	4050.01	2450.36	8786.36	737193	0	12	1	0	0xd43f5e018b415631
stage55_frame_gated_epoch_spin	3	79	148853	2288.65	19446	69921.5	15302.3	19265.4	7368.84	3970.05	2374.82	8834.65	728122	0	2	1	0	0xd43f5e018b415631
stage55_frame_gated_epoch_spin	3	80	148724	2186.15	19337.9	69911.4	15386.8	19317.3	7384.72	3799.88	2469.07	8849.9	739731	2	2	1	0	0xd43f5e018b415631
stage55_frame_gated_epoch_spin	3	81	149605	2173.11	19557.9	69929.1	15392.6	20046.1	7361.51	3879.42	2396.32	8788.11	736678	0	3	1	0	0xd43f5e018b415631
stage55_frame_gated_epoch_spin	3	82	149083	2232.03	19452.7	70354.3	15295.6	19212	7387.88	3838.84	2421.45	8808.73	744892	0	3	1	0	0xd43f5e018b415631
stage55_frame_gated_epoch_spin	3	83	149214	2164.74	19417.8	70122	15386.3	19786.4	7194.3	3852.59	2409.62	8803.28	739947	0	1	1	0	0xd43f5e018b415631
stage55_frame_gated_epoch_spin	3	84	148883	2164.9	19450.1	69723.4	15279	19947.5	7221.01	3819.3	2408.78	8792.15	733806	0	6	1	0	0xd43f5e018b415631
stage55_frame_gated_epoch_spin	3	85	148927	2329.11	19568.2	69870.2	15203.4	19398.7	7372.93	3938.01	2363.49	8802.15	729477	0	3	1	0	0xd43f5e018b415631
stage55_frame_gated_epoch_spin	3	86	149386	2173.36	19567.6	69928.4	15429.1	19743.4	7499.8	3700.42	2464.53	8799.9	741231	1	0	1	0	0xd43f5e018b415631
stage55_frame_gated_epoch_spin	3	87	152453	2171.57	19322.5	72790.3	15435.9	19779	7521.97	4193.14	2371.49	8790.11	753695	1	1	1	0	0xd43f5e018b415631
stage55_frame_gated_epoch_spin	3	88	149275	2261.24	19401.7	70296.6	15505.4	19360.4	7233.55	4001.89	2378.82	8753.19	731177	0	1	1	0	0xd43f5e018b415631
stage55_frame_gated_epoch_spin	3	89	148807	2176.69	19471.1	69840.9	15315.7	19321.3	7569.05	3760.59	2497.95	8774.28	740615	0	0	1	0	0xd43f5e018b415631
stage55_frame_gated_epoch_spin	3	90	148903	2151.03	19371.5	69818.5	15496.2	19832.6	7137.01	3865.84	2362.78	8792.23	736546	1	0	1	0	0xd43f5e018b415631
stage55_frame_gated_epoch_spin	3	91	149356	2345.9	19378.2	69829	15548.9	19497.2	7553.81	3901.34	2361.07	8856.44	732079	1	12	1	0	0xd43f5e018b415631
stage55_frame_gated_epoch_spin	3	92	148392	2212.86	19564.1	69456.2	15317.5	18898.2	7626.47	4007.34	2493.7	8739.07	740973	0	2	1	0	0xd43f5e018b415631
stage55_frame_gated_epoch_spin	3	93	147882	2167.86	19423.5	69463.7	15299.7	19252	7446.59	3865.63	2459.61	8428.4	738249	0	0	1	0	0xd43f5e018b415631
stage55_frame_gated_epoch_spin	3	94	149584	2311.49	19442.9	69944.8	15278.7	19846.7	7575.93	3839.8	2378.45	8887.15	739367	0	2	1	0	0xd43f5e018b415631
stage55_frame_gated_epoch_spin	3	95	149446	2260.9	19626.3	70228.7	15474	19392.6	7296.71	3883.55	2380.78	8818.4	731749	0	7	1	0	0xd43f5e018b415631
stage55_frame_gated_epoch_spin	3	96	148050	2172.61	19450.7	69732.7	15272.4	18988.4	7277.55	3827.76	2408.53	8837.86	740033	0	0	1	0	0xd43f5e018b415631
stage55_frame_gated_epoch_spin	3	97	148087	2179.03	19548.7	69718.4	15277.3	19294.4	7250.42	3746.01	2441.61	8558.65	738715	2	2	1	0	0xd43f5e018b415631
stage55_frame_gated_epoch_spin	3	98	149940	2167.11	19512.5	70507.4	15462.1	19775.5	7449.09	3721.75	2416.7	8848.78	739171	0	9	1	0	0xd43f5e018b415631
stage55_frame_gated_epoch_spin	3	99	149070	3026.25	19522.9	69498.7	15272	19155.5	7470.72	3859.46	2408.78	8777.23	729991	0	0	1	0	0xd43f5e018b415631
stage55_frame_gated_epoch_spin	4	0	148176	2179.9	19484	69701.5	15368.8	19260.9	7441.01	3765.76	2471.57	8398.81	739684	0	2	1	0	0xd43f5e018b415631
stage55_frame_gated_epoch_spin	4	1	151380	2158.78	19414.1	72833.1	15236.2	19146.3	7323.06	3866.63	2485.82	8835.99	756588	0	2	1	0	0xd43f5e018b415631
stage55_frame_gated_epoch_spin	4	2	149366	2163.99	19615.2	69629.4	15424.3	19733.8	7508.89	4035.14	2398.4	8776.23	740229	1	1	1	0	0xd43f5e018b415631
stage55_frame_gated_epoch_spin	4	3	148913	2377.11	19460.5	69769.7	15297.1	19697.5	7259.54	3798.5	2375.99	8797.11	733528	0	1	1	0	0xd43f5e018b415631
stage55_frame_gated_epoch_spin	4	4	149025	2256.95	19495.6	70070.9	15506.8	19271.7	7168.26	3923.8	2376.24	8875.4	745007	0	1	1	0	0xd43f5e018b415631
stage55_frame_gated_epoch_spin	4	5	149244	2174.11	19698.8	69395.6	15330	19766.9	7211.5	4002.55	2774.12	8811.86	739964	0	12	1	0	0xd43f5e018b415631
stage55_frame_gated_epoch_spin	4	6	149110	2197.86	19436.2	69865.8	15334.4	19699.8	7416.84	3829.71	2420.78	8825.07	734237	2	1	1	0	0xd43f5e018b415631
stage55_frame_gated_epoch_spin	4	7	148751	2231.53	19554	70179.1	15320.8	19251.7	7230.05	3748.13	2373.03	8778.23	728454	1	2	1	0	0xd43f5e018b415631
stage55_frame_gated_epoch_spin	4	8	148819	2175.32	19402.8	69810.4	15321.4	19332.6	7515.3	3925.09	2448.45	8810.11	740694	0	0	1	0	0xd43f5e018b415631
stage55_frame_gated_epoch_spin	4	9	149307	2183.78	19445.7	69663.8	15449.7	19911.9	7324.59	3998.39	2379.74	8871.78	736779	2	2	1	0	0xd43f5e018b415631
stage55_frame_gated_epoch_spin	4	10	148793	2223.28	19480.2	69524.9	15292.7	19497.8	7463.22	3997.38	2369.28	8861.99	730197	1	1	1	0	0xd43f5e018b415631
stage55_frame_gated_epoch_spin	4	11	149422	2396.82	19502.5	69587.1	15432.6	19310.5	7877.64	3808.59	2467.49	8957.44	742848	0	0	1	0	0xd43f5e018b415631
stage55_frame_gated_epoch_spin	4	12	149664	2261.9	19377.6	70539.8	15329.4	19625.2	7501.64	3810.34	2362.99	8772.98	736279	0	8	1	0	0xd43f5e018b415631
stage55_frame_gated_epoch_spin	4	13	148409	2228.19	19412.9	69840.5	15322.9	19360.7	7157.76	3858.38	2368.69	8778.48	727803	0	0	1	0	0xd43f5e018b415631
stage55_frame_gated_epoch_spin	4	14	152062	2221.36	19671.7	72317.6	15283.8	19506.3	7781.72	3877.34	2482.95	8833.4	744839	0	1	1	0	0xd43f5e018b415631
stage55_frame_gated_epoch_spin	4	15	149309	2164.65	19547.7	69649.6	15537.1	19882.7	7343.18	3809.01	2444.61	8850.74	740021	0	2	1	0	0xd43f5e018b415631
stage55_frame_gated_epoch_spin	4	16	149425	2372.2	19522.9	70251.5	15188.4	19544.6	7276.34	3987.92	2368.78	8827.15	734046	0	1	1	0	0xd43f5e018b415631
stage55_frame_gated_epoch_spin	4	17	148483	2253.53	19335.8	69745.2	15438.4	19218.8	7405.21	3807.59	2409.4	8791.32	742532	0	1	1	0	0xd43f5e018b415631
stage55_frame_gated_epoch_spin	4	18	149620	2467.74	19368.9	69778.9	15751.9	19769.2	7260.01	3900.8	2430.45	8813.78	740580	0	6	1	0	0xd43f5e018b415631
stage55_frame_gated_epoch_spin	4	19	149079	2253.7	19495.9	69858.2	15307	19622.2	7412.18	3909.92	2384.78	8754.73	732567	2	7	1	0	0xd43f5e018b415631
stage55_frame_gated_epoch_spin	4	20	148637	2269.49	19462.6	69832	15245.5	19218.7	7409.18	3892.97	2392.86	8836.57	743101	1	0	1	0	0xd43f5e018b415631
stage55_frame_gated_epoch_spin	4	21	149288	2167.49	19425.4	69679.8	15386.9	19727.5	7462.51	4025.92	2481.95	8848.82	740229	0	2	1	0	0xd43f5e018b415631
stage55_frame_gated_epoch_spin	4	22	149033	2176.69	19564.2	69874	15267.4	19665.8	7305.26	3904.63	2424.91	8768.03	733960	0	3	1	0	0xd43f5e018b415631
stage55_frame_gated_epoch_spin	4	23	148881	2337.11	19555.8	69753.1	15394.9	19250.2	7172.38	4170.43	2416.03	8750.61	728960	0	0	1	0	0xd43f5e018b415631
stage55_frame_gated_epoch_spin	4	24	148090	2163.9	19518.2	69694.7	15380.4	18889.5	7272.71	3866.63	2465.11	8759.65	739482	0	2	1	0	0xd43f5e018b415631
stage55_frame_gated_epoch_spin	4	25	149239	2159.61	19434.5	69812.5	15416.8	19761.4	7376.51	3997.97	2425.45	8776.48	739236	0	9	1	0	0xd43f5e018b415631
stage55_frame_gated_epoch_spin	4	26	149221	2262.44	19464.8	69976.2	15384.7	19579.9	7402.8	3911.09	2374.32	8784.03	733596	0	0	1	0	0xd43f5e018b415631
stage55_frame_gated_epoch_spin	4	27	148733	2254.57	19488.5	69966.7	15364.6	19260.2	7272.92	3823.63	2384.49	8811.65	743254	0	2	1	0	0xd43f5e018b415631
stage55_frame_gated_epoch_spin	4	28	151748	2163.4	19528.6	72753.7	15413.8	18893.2	7843.14	3965.47	2535.2	8575.65	757867	0	1	1	0	0xd43f5e018b415631
stage55_frame_gated_epoch_spin	4	29	149277	2267.53	19456.8	69639.6	15349.3	19796.5	7342.05	4141.97	2408.9	8800.19	739521	0	1	1	0	0xd43f5e018b415631
stage55_frame_gated_epoch_spin	4	30	148828	2254.07	19529.6	69755	15245.9	19692.6	7277.5	3727.59	2381.07	8882.49	733215	0	0	1	0	0xd43f5e018b415631
stage55_frame_gated_epoch_spin	4	31	148960	2345.28	19537.2	69921.4	15272.1	19263.2	7419.93	3976.43	2367.78	8777.27	729029	0	2	1	0	0xd43f5e018b415631
stage55_frame_gated_epoch_spin	4	32	149796	2171.03	19741	69887.5	15396.9	19823.1	7199.96	4292.89	2417.86	8789.15	740616	0	13	1	0	0xd43f5e018b415631
stage55_frame_gated_epoch_spin	4	33	148791	2367.36	19396.2	69826.1	15291.2	19544.9	7327.55	3778.17	2367.16	8814.86	731963	0	1	1	0	0xd43f5e018b415631
stage55_frame_gated_epoch_spin	4	34	148782	2260.4	19635.6	69915.2	15348.2	19253.4	7199.34	3877.17	2362.53	8852.9	743567	1	5	1	0	0xd43f5e018b415631
stage55_frame_gated_epoch_spin	4	35	148560	2161.15	19517.7	69645.8	15394.8	19260.8	7372.51	3768.09	2497.11	8860.07	739722	0	0	1	0	0xd43f5e018b415631
stage55_frame_gated_epoch_spin	4	36	149011	2185.57	19365.2	69810.2	15409.6	19839.2	7336.97	3844.88	2365.7	8777.9	736995	0	2	1	0	0xd43f5e018b415631
stage55_frame_gated_epoch_spin	4	37	148758	2248.07	19511.6	69829.3	15252.7	19607.9	7253.21	3797.55	2366.86	8810.4	731672	1	2	1	0	0xd43f5e018b415631
stage55_frame_gated_epoch_spin	4	38	148465	2286.99	19466	69553.5	15270.2	19314.7	7447.3	3895.3	2374.86	8777.77	727616	0	0	1	0	0xd43f5e018b415631
stage55_frame_gated_epoch_spin	4	39	148422	2223.74	19486.9	69905.7	15419.1	19264.1	7387.42	3761.55	2465.11	8428.77	740537	0	8	1	0	0xd43f5e018b415631
stage55_frame_gated_epoch_spin	4	40	148285	2217.69	19346.7	69644.1	15332	19289.4	7355.76	3779.09	2472.03	8770.94	738096	0	1	1	0	0xd43f5e018b415631
stage55_frame_gated_epoch_spin	4	41	152239	2231.9	19398.2	72557.2	15280.9	19701.5	7669.38	3934.8	2474.11	8909.61	755078	0	4	1	0	0xd43f5e018b415631
stage55_frame_gated_epoch_spin	4	42	148962	2171.49	19458.3	70069.2	15245.6	19699.5	7122.63	3945.92	2372.94	8797.86	734250	0	1	1	0	0xd43f5e018b415631
stage55_frame_gated_epoch_spin	4	43	148268	2236.53	19405.4	69525.9	15257.3	19484.5	7186.21	3924.64	2364.49	8798.69	728894	0	0	1	0	0xd43f5e018b415631
stage55_frame_gated_epoch_spin	4	44	148223	2236.69	19395.2	69636.8	15184	19313.4	7233.88	3926.84	2359.44	8856.82	726711	0	1	1	0	0xd43f5e018b415631
stage55_frame_gated_epoch_spin	4	45	148335	2226.03	19429.4	70222.6	15305.4	18930	7265.55	3728.96	2414.99	8731.65	740975	0	6	1	0	0xd43f5e018b415631
stage55_frame_gated_epoch_spin	4	46	149219	2217.53	19568.3	69440.4	15402.1	19719.5	7595.76	3970.76	2408.86	8815.69	739684	0	7	1	0	0xd43f5e018b415631
stage55_frame_gated_epoch_spin	4	47	149194	2351.07	19402.3	70130.4	15230.9	19655.5	7325.47	3787.59	2424.57	8802.11	734016	0	2	1	0	0xd43f5e018b415631
stage55_frame_gated_epoch_spin	4	48	148871	2335.57	19411.3	70089.4	15350.7	19145.3	7291.76	3992.84	2376.9	8795.57	744066	0	1	1	0	0xd43f5e018b415631
stage55_frame_gated_epoch_spin	4	49	148031	2170.07	19299.2	69437.7	15324.2	19338.7	7608.14	3852.13	2445.82	8476.06	738787	0	2	1	0	0xd43f5e018b415631
stage55_frame_gated_epoch_spin	4	50	149051	2309.24	19444	69440.5	15433.3	19798.6	7443.97	3907.88	2418.7	8779.82	738973	0	1	1	0	0xd43f5e018b415631
stage55_frame_gated_epoch_spin	4	51	149167	2170.03	19434.2	70054.2	15308.3	19713.7	7254.42	3903.25	2421.53	8773.44	733838	0	3	1	0	0xd43f5e018b415631
stage55_frame_gated_epoch_spin	4	52	148870	2233.11	19488.7	69825.4	15413.9	19251.8	7402.63	3930.92	2384.45	8859.11	744091	0	2	1	0	0xd43f5e018b415631
stage55_frame_gated_epoch_spin	4	53	148551	2172.82	19593.4	69635	15261.4	19254.9	7391.51	3919.72	2451.78	8791.36	739384	0	6	1	0	0xd43f5e018b415631
stage55_frame_gated_epoch_spin	4	54	149308	2170.28	19340.5	69919.7	15409.5	19853.3	7368.67	4007.47	2371.15	8789.15	737133	0	1	1	0	0xd43f5e018b415631
stage55_frame_gated_epoch_spin	4	55	152173	2236.53	19308.7	73076.8	15265.5	19691.5	7167.42	4091.93	2414.28	8837.78	749178	0	1	1	0	0xd43f5e018b415631
stage55_frame_gated_epoch_spin	4	56	148621	2304.99	19359.6	69762.7	15303.5	19341.6	7288	3994.88	2369.78	8816.36	728112	0	0	1	0	0xd43f5e018b415631
stage55_frame_gated_epoch_spin	4	57	148093	2161.69	19474.2	69532.1	15312.6	18925.9	7584.26	3814.59	2399.7	8812.53	740098	1	0	1	0	0xd43f5e018b415631
stage55_frame_gated_epoch_spin	4	58	149353	2348.95	19526.5	69694.4	15396.7	19768.9	7446.55	3932.09	2368.07	8792.9	739995	0	1	1	0	0xd43f5e018b415631
stage55_frame_gated_epoch_spin	4	59	149571	2258.03	19714.2	70290.4	15285.6	19413.5	7536.43	3809.84	2381.78	8802.24	733656	0	8	1	0	0xd43f5e018b415631
stage55_frame_gated_epoch_spin	4	60	148417	2242.61	19387.4	69744.4	15318.3	19018.5	7408.01	3917.42	2438.78	8863.4	741563	0	6	1	0	0xd43f5e018b415631
stage55_frame_gated_epoch_spin	4	61	149706	2305.95	19707.4	69766.7	15383.9	19895.8	7426.13	3935.97	2386.99	8818.69	740247	0	3	1	0	0xd43f5e018b415631
stage55_frame_gated_epoch_spin	4	62	149174	2236.94	19543.5	69862.4	15445.5	19510.6	7313.17	3915.13	2384.61	8879.4	732291	0	0	1	0	0xd43f5e018b415631
stage55_frame_gated_epoch_spin	4	63	148528	2308.7	19394.9	69607.4	15343.8	18960.3	7478.22	4015.76	2450.03	8887.74	741779	1	2	1	0	0xd43f5e018b415631
stage55_frame_gated_epoch_spin	4	64	149160	2216.15	19460	70067.6	15312.2	19769.5	7166.25	3855.46	2441.53	8793.98	739600	0	1	1	0	0xd43f5e018b415631
stage55_frame_gated_epoch_spin	4	65	149137	2450.82	19442.6	69649.8	15359.7	19692.6	7356.59	3922.22	2369.78	8812.65	734065	0	1	1	0	0xd43f5e018b415631
stage55_frame_gated_epoch_spin	4	66	148760	2476.99	19390	69847.8	15226.4	19271.2	7254.05	3995.38	2376.57	8840.28	728207	0	1	1	0	0xd43f5e018b415631
stage55_frame_gated_epoch_spin	4	67	148147	2161.32	19624.3	69193.7	15261	19309.9	7580.85	4020.84	2462.78	8451.1	739037	1	8	1	0	0xd43f5e018b415631
stage55_frame_gated_epoch_spin	4	68	151535	2163.28	19495.4	72483.4	15261.4	19447.7	7407.76	3939.76	2512.32	8740.4	756631	0	2	1	0	0xd43f5e018b415631
stage55_frame_gated_epoch_spin	4	69	149535	2165.57	19472.6	69968.8	15303	19849.4	7476.47	3938.63	2421.82	8860.32	739810	0	0	1	0	0xd43f5e018b415631
stage55_frame_gated_epoch_spin	4	70	148440	2242.49	19314.9	69651.2	15271.2	19710.2	7277.04	3715	2368.57	8806.9	731766	0	0	1	0	0xd43f5e018b415631
stage55_frame_gated_epoch_spin	4	71	149062	2250.36	19639.7	69755.4	15305.6	19274.3	7412	4117.3	2451.03	8779.32	729610	0	1	1	0	0xd43f5e018b415631
stage55_frame_gated_epoch_spin	4	72	149808	2163.57	19480.3	69858.4	15478.7	20007.8	7413.8	4114.6	2435.03	8777.44	740785	1	6	1	0	0xd43f5e018b415631
stage55_frame_gated_epoch_spin	4	73	148994	2254.86	19466.6	69837.7	15224.5	19561.7	7439.26	3968.38	2374.16	8787.03	732034	0	7	1	0	0xd43f5e018b415631
stage55_frame_gated_epoch_spin	4	74	148387	2233.53	19427.1	69608	15296.7	19240.4	7426.92	3957.17	2368.24	8749.77	726523	1	2	1	0	0xd43f5e018b415631
stage55_frame_gated_epoch_spin	4	75	148121	2163.86	19351.4	69709	15252	19327.7	7468.89	3700.96	2460.53	8607.32	739613	0	2	1	0	0xd43f5e018b415631
stage55_frame_gated_epoch_spin	4	76	149371	2275.15	19470	69699.3	15334.9	19780.7	7408	4080.01	2412.24	8831.11	739621	0	2	1	0	0xd43f5e018b415631
stage55_frame_gated_epoch_spin	4	77	148794	2238.82	19333.8	69814.4	15254.5	19658	7383.3	3851.59	2377.78	8798.94	732731	0	1	1	0	0xd43f5e018b415631
stage55_frame_gated_epoch_spin	4	78	148605	2319.15	19386.5	69783.1	15290.6	19330.6	7125.08	4041.97	2379.32	8867.86	728384	0	2	1	0	0xd43f5e018b415631
stage55_frame_gated_epoch_spin	4	79	149154	2215.32	19528.8	69995.9	15337.2	19231	7482.88	3971.68	2466.41	8846.11	741441	0	4	1	0	0xd43f5e018b415631
stage55_frame_gated_epoch_spin	4	80	149451	2201.61	19447.6	69992.6	15300.9	19820.4	7293.38	4000.59	2371.95	8941.74	736330	0	6	1	0	0xd43f5e018b415631
stage55_frame_gated_epoch_spin	4	81	148763	2222.69	19369.1	69679.1	15362.1	19310.6	7519.51	4022.09	2364.24	8833.44	728277	0	3	1	0	0xd43f5e018b415631
stage55_frame_gated_epoch_spin	4	82	152036	2190.03	19484.7	73058.4	15605.7	19018.2	7667.14	3842.8	2415.82	8673.86	759561	0	1	1	0	0xd43f5e018b415631
stage55_frame_gated_epoch_spin	4	83	148534	2172.94	19395.4	69636.4	15308.5	19238.4	7428.3	3989.09	2459.32	8829.19	739155	0	0	1	0	0xd43f5e018b415631
stage55_frame_gated_epoch_spin	4	84	148665	2170.15	19438.1	69280.6	15327.4	19819.2	7462.81	3924.8	2369.2	8796.82	736290	0	1	1	0	0xd43f5e018b415631
stage55_frame_gated_epoch_spin	4	85	148951	2241.7	19565.3	70013.5	15227.1	19657.8	7245.51	3744.3	2359.07	8814.61	733031	0	1	1	0	0xd43f5e018b415631
stage55_frame_gated_epoch_spin	4	86	148903	2399.74	19463.2	69935.6	15243.9	19162.6	7385.64	3979.59	2393.61	8857.86	743706	2	7	1	0	0xd43f5e018b415631
stage55_frame_gated_epoch_spin	4	87	148494	2240.19	19407.9	69718.4	15272.5	19290.9	7254.26	3938.96	2461.32	8833.73	739174	0	7	1	0	0xd43f5e018b415631
stage55_frame_gated_epoch_spin	4	88	149722	2178.03	19533.8	70318.7	15388.1	19756	7469.35	3798.84	2371.03	8830.15	737626	0	3	1	0	0xd43f5e018b415631
stage55_frame_gated_epoch_spin	4	89	148784	2259.32	19464.9	69901.9	15312.4	19312.7	7389.01	3801.92	2381.57	8881.36	729038	0	1	1	0	0xd43f5e018b415631
stage55_frame_gated_epoch_spin	4	90	148960	2229.9	19521.7	69790.2	15400	19286.7	7438.26	3954.63	2466.07	8794.57	741126	0	1	1	0	0xd43f5e018b415631
stage55_frame_gated_epoch_spin	4	91	149187	2183.15	19433.7	69724.1	15325.9	19878.1	7406.72	3922.3	2384.82	8850.65	736561	2	1	1	0	0xd43f5e018b415631
stage55_frame_gated_epoch_spin	4	92	149416	2344.36	19465.7	70088.5	15405.4	19285.6	7380.18	4151.72	2375.32	8837.78	747024	0	3	1	0	0xd43f5e018b415631
stage55_frame_gated_epoch_spin	4	93	149248	2161.28	19469.3	69911.3	15366.1	19721.6	7291.34	4003.51	2447.36	8804.61	740220	0	1	1	0	0xd43f5e018b415631
stage55_frame_gated_epoch_spin	4	94	149163	2169.99	19457.7	70008.4	15232.6	19763.4	7402.64	3836.72	2414.28	8793.9	733997	1	8	1	0	0xd43f5e018b415631
stage55_frame_gated_epoch_spin	4	95	152158	2237.49	19445.8	73300.8	15267.7	19387	7271.59	3859.75	2438.16	8829.61	746774	0	3	1	0	0xd43f5e018b415631
stage55_frame_gated_epoch_spin	4	96	148479	2257.36	19441.6	69744.1	15344	18969.8	7435.89	3898.17	2421.7	8892.49	741834	0	0	1	0	0xd43f5e018b415631
stage55_frame_gated_epoch_spin	4	97	147884	2191.4	19580.9	69348.2	15303.1	19295	7289.8	3787.75	2455.53	8554.23	738447	0	0	1	0	0xd43f5e018b415631
stage55_frame_gated_epoch_spin	4	98	149100	2180.15	19541.3	69718.3	15479.7	19799.2	7327	3796.01	2407.28	8771.07	739172	0	1	1	0	0xd43f5e018b415631
stage55_frame_gated_epoch_spin	4	99	149363	2307.2	19520.1	69926.3	15543.3	19608.2	7447.38	3716.84	2431.82	8781.78	734021	0	6	1	0	0xd43f5e018b415631
