block	cycle	position	arm	run	timestamp_start_utc	timestamp_end_utc	temp_start_mC	temp_end_mC	cpu0_start_khz	cpu0_end_khz	repeat	wall_us	input_us	core_us	dense_us	depthwise_us	attention_us	lut_us	concat_us	transform_us	head_us	process_cpu_us	voluntary_cs	involuntary_cs	affinity_ok	cpu4_7_ime_count	hash
1	0	0	v1	0	2026-07-15T07:03:24Z	2026-07-15T07:03:35Z	55000	58000	1600000	1600000	0	167328	2203.39	19651.1	82723.8	15167.9	22221	11210.7	3738.47	2417.93	7906.82	838933	0	8	1	0	0xd43f5e018b415631
1	0	0	v1	1	2026-07-15T07:03:24Z	2026-07-15T07:03:35Z	55000	58000	1600000	1600000	0	166905	2300.39	19549.2	82627.9	15298.3	21679	10983.3	3962.39	2459.48	7958.16	838228	0	13	1	0	0xd43f5e018b415631
1	0	0	v1	2	2026-07-15T07:03:24Z	2026-07-15T07:03:35Z	55000	58000	1600000	1600000	0	167525	2997.82	19603	82566.6	15308.5	21690.3	11172.6	3711.42	2421.94	7966.32	838945	0	13	1	0	0xd43f5e018b415631
1	0	0	v1	3	2026-07-15T07:03:24Z	2026-07-15T07:03:35Z	55000	58000	1600000	1600000	0	166704	2259.97	19767.5	82728.5	15249.3	21189.7	10964.6	4120.94	2423.52	7918.74	838081	0	16	1	0	0xd43f5e018b415631
1	0	0	v1	4	2026-07-15T07:03:24Z	2026-07-15T07:03:35Z	55000	58000	1600000	1600000	0	167074	2254.14	19511.8	83005.5	15278	21870.5	10998.4	3768.97	2442.81	7858.24	822613	0	9	1	0	0xd43f5e018b415631
1	0	0	v1	5	2026-07-15T07:03:24Z	2026-07-15T07:03:35Z	55000	58000	1600000	1600000	0	166894	2165.05	19639.5	82809.4	15234.9	22074.4	10677.1	3874.22	2423.43	7912.03	822444	0	9	1	0	0xd43f5e018b415631
1	0	0	v1	6	2026-07-15T07:03:24Z	2026-07-15T07:03:35Z	55000	58000	1600000	1600000	0	167436	2546.48	19546.5	82485.7	15217	22258.5	10881.8	4081.1	2416.18	7916.53	838969	0	9	1	0	0xd43f5e018b415631
1	0	0	v1	7	2026-07-15T07:03:24Z	2026-07-15T07:03:35Z	55000	58000	1600000	1600000	0	167040	2219.35	19670.7	82707.4	15241.8	21703.1	11013.4	3987.06	2484.1	7924.11	838391	0	10	1	0	0xd43f5e018b415631
1	0	0	v1	8	2026-07-15T07:03:24Z	2026-07-15T07:03:35Z	55000	58000	1600000	1600000	0	166501	2298.93	19625.7	82429.3	15242	21326.5	11189.4	3982.93	2393.31	7924.86	837978	0	10	1	0	0xd43f5e018b415631
1	0	0	v1	9	2026-07-15T07:03:24Z	2026-07-15T07:03:35Z	55000	58000	1600000	1600000	0	166619	2164.97	19577.5	82663.4	15378.3	21757.7	11019	3784.43	2510.69	7676.23	822017	0	15	1	0	0xd43f5e018b415631
1	0	0	v1	10	2026-07-15T07:03:24Z	2026-07-15T07:03:35Z	55000	58000	1600000	1600000	0	167435	2246.18	19672.7	82676.2	15267.1	22181.2	10951.6	4015.6	2406.23	7934.32	839069	0	8	1	0	0xd43f5e018b415631
1	0	0	v1	11	2026-07-15T07:03:24Z	2026-07-15T07:03:35Z	55000	58000	1600000	1600000	0	167552	2284.89	19568.2	82827.3	15248.6	22220.3	11083.2	3898.01	2392.19	7946.7	839071	0	9	1	0	0xd43f5e018b415631
1	0	0	v1	12	2026-07-15T07:03:24Z	2026-07-15T07:03:35Z	55000	58000	1600000	1600000	0	166625	2222.64	19664.1	82539.1	15309.5	21668.1	11096.2	3721.97	2383.64	7917.2	838220	0	8	1	0	0xd43f5e018b415631
1	0	0	v1	13	2026-07-15T07:03:24Z	2026-07-15T07:03:35Z	55000	58000	1600000	1600000	0	171979	2202.43	19639.3	87914.2	15329	21636.1	11080.4	3712.01	2390.31	7986.74	854774	0	62	1	0	0xd43f5e018b415631
1	0	0	v1	14	2026-07-15T07:03:24Z	2026-07-15T07:03:35Z	55000	58000	1600000	1600000	0	169293	3344.04	19773.8	83861.1	15334.5	21878	10935.4	3996.98	2427.98	7654.32	840612	0	15	1	0	0xd43f5e018b415631
1	0	0	v1	15	2026-07-15T07:03:24Z	2026-07-15T07:03:35Z	55000	58000	1600000	1600000	0	167425	2209.64	19638.1	82849.8	15282.2	22170.1	11017	3875.35	2391.64	7901.57	838725	0	16	1	0	0xd43f5e018b415631
1	0	0	v1	16	2026-07-15T07:03:24Z	2026-07-15T07:03:35Z	55000	58000	1600000	1600000	0	167066	2214.01	19542.8	83066.9	15139.7	21662.4	11109.2	3872.26	2446.1	7924.57	838712	0	7	1	0	0xd43f5e018b415631
1	0	0	v1	17	2026-07-15T07:03:24Z	2026-07-15T07:03:35Z	55000	58000	1600000	1600000	0	167293	2288.47	19565.5	82935	15386.3	21789.6	10952.3	3936.35	2440.23	7914.9	838743	0	11	1	0	0xd43f5e018b415631
1	0	0	v1	18	2026-07-15T07:03:24Z	2026-07-15T07:03:35Z	55000	58000	1600000	1600000	0	168657	3516.46	19747.6	82437.7	15105.5	22384.6	11117.4	3938.18	2413.48	7911.53	840197	0	9	1	0	0xd43f5e018b415631
1	0	0	v1	19	2026-07-15T07:03:24Z	2026-07-15T07:03:35Z	55000	58000	1600000	1600000	0	166907	2200.43	19677	82701.8	15205	21685.2	11096.9	3896.6	2394.35	7959.32	838270	0	12	1	0	0xd43f5e018b415631
1	0	0	v1	20	2026-07-15T07:03:24Z	2026-07-15T07:03:35Z	55000	58000	1600000	1600000	0	166335	2213.8	19462.9	82639.6	15163	21581.1	10975.9	3879.47	2411.1	7922.28	837936	0	8	1	0	0xd43f5e018b415631
1	0	0	v1	21	2026-07-15T07:03:24Z	2026-07-15T07:03:35Z	55000	58000	1600000	1600000	0	166962	2160.05	19759.2	82780.4	15241.6	21852.7	10914.8	3888.27	2510.36	7770.53	822452	0	14	1	0	0xd43f5e018b415631
1	0	0	v1	22	2026-07-15T07:03:24Z	2026-07-15T07:03:35Z	55000	58000	1600000	1600000	0	167629	2292.56	19609.4	82856.6	15164.5	22117.4	11119.2	4048.64	2388.18	7949.07	839194	0	8	1	0	0xd43f5e018b415631
1	0	0	v1	23	2026-07-15T07:03:24Z	2026-07-15T07:03:35Z	55000	58000	1600000	1600000	0	167436	2288.93	19702.2	82634.2	15169.3	22190.3	10883.7	4152.77	2394.89	7935.99	838956	0	9	1	0	0xd43f5e018b415631
1	0	0	v1	24	2026-07-15T07:03:24Z	2026-07-15T07:03:35Z	55000	58000	1600000	1600000	0	166831	2213.55	19633.4	82678.8	15318.6	21718.3	10967.6	3861.84	2431.1	7922.45	838328	0	10	1	0	0xd43f5e018b415631
1	0	0	v1	25	2026-07-15T07:03:24Z	2026-07-15T07:03:35Z	55000	58000	1600000	1600000	0	166810	2249.51	19684.7	82621.5	15293.3	21302.2	11213.7	3989.64	2414.81	7953.32	838289	0	9	1	0	0xd43f5e018b415631
1	0	0	v1	26	2026-07-15T07:03:24Z	2026-07-15T07:03:35Z	55000	58000	1600000	1600000	0	169742	2215.05	19438.6	85223.3	15160.5	22221.6	11084.4	3981.22	2383.77	7947.03	841153	0	13	1	0	0xd43f5e018b415631
1	0	0	v1	27	2026-07-15T07:03:24Z	2026-07-15T07:03:35Z	55000	58000	1600000	1600000	0	168114	2274.1	20116.4	82940.7	15288.7	22110.1	10924.2	4039.06	2391.02	7940.24	839366	0	16	1	0	0xd43f5e018b415631
1	0	0	v1	28	2026-07-15T07:03:24Z	2026-07-15T07:03:35Z	55000	58000	1600000	1600000	0	167573	2296.72	19578.2	82530.6	15120.9	22157.4	11075.7	4395.03	2377.97	7951.41	838944	0	10	1	0	0xd43f5e018b415631
1	0	0	v1	29	2026-07-15T07:03:24Z	2026-07-15T07:03:35Z	55000	58000	1600000	1600000	0	166445	2201.1	19651.8	82573.2	15359	21676.1	10788.4	3805.3	2391.81	7914.78	837982	0	9	1	0	0xd43f5e018b415631
1	0	0	v1	30	2026-07-15T07:03:24Z	2026-07-15T07:03:35Z	55000	58000	1600000	1600000	0	166391	2160.93	19499.2	82952.2	15212.9	21477	11012.4	3697.71	2395.93	7900.36	837884	0	10	1	0	0xd43f5e018b415631
1	0	0	v1	31	2026-07-15T07:03:24Z	2026-07-15T07:03:35Z	55000	58000	1600000	1600000	0	166941	2151.43	19493.4	82656.4	15232.3	22044.8	11001.6	3954.47	2444.06	7870.78	822364	0	9	1	0	0xd43f5e018b415631
1	0	0	v1	32	2026-07-15T07:03:24Z	2026-07-15T07:03:35Z	55000	58000	1600000	1600000	0	167329	2361.93	19654.7	82524.6	15093	22232.5	10954.9	4090.85	2406.98	7925.03	838983	0	6	1	0	0xd43f5e018b415631
1	0	0	v1	33	2026-07-15T07:03:24Z	2026-07-15T07:03:35Z	55000	58000	1600000	1600000	0	166598	2227.35	19678.2	82429.1	15275.3	21733.1	10919.2	3898.59	2391.68	7959.41	838327	0	5	1	0	0xd43f5e018b415631
1	0	0	v1	34	2026-07-15T07:03:24Z	2026-07-15T07:03:35Z	55000	58000	1600000	1600000	0	166361	2175.14	19521.8	82790.3	15143.5	21474.7	10888.7	3932.35	2386.77	7959.99	837992	0	11	1	0	0xd43f5e018b415631
1	0	0	v1	35	2026-07-15T07:03:24Z	2026-07-15T07:03:35Z	55000	58000	1600000	1600000	0	166740	2155.43	19508.7	82487.5	15241.5	22115.4	10996	3845.22	2381.64	7923.53	822471	0	5	1	0	0xd43f5e018b415631
1	0	0	v1	36	2026-07-15T07:03:24Z	2026-07-15T07:03:35Z	55000	58000	1600000	1600000	0	166313	2195.85	19515.9	82522	15200	21729.9	11001.4	3746.63	2381.26	7933.65	838061	0	5	1	0	0xd43f5e018b415631
1	0	0	v1	37	2026-07-15T07:03:24Z	2026-07-15T07:03:35Z	55000	58000	1600000	1600000	0	166308	2157.22	19484.7	82552.2	15130.8	21516.3	11137	3957.26	2396.44	7889.65	838024	0	6	1	0	0xd43f5e018b415631
1	0	0	v1	38	2026-07-15T07:03:24Z	2026-07-15T07:03:35Z	55000	58000	1600000	1600000	0	170538	2167.26	19781.4	85497.9	15159	22206.8	11405	3864.01	2392.89	7979.61	842626	0	9	1	0	0xd43f5e018b415631
1	0	0	v1	39	2026-07-15T07:03:24Z	2026-07-15T07:03:35Z	55000	58000	1600000	1600000	0	166508	2226.47	19646.6	82568	15224	21735.5	10983	3745.43	2377.14	7917.82	837646	0	7	1	0	0xd43f5e018b415631
1	0	0	v1	40	2026-07-15T07:03:24Z	2026-07-15T07:03:35Z	55000	58000	1600000	1600000	0	166710	2194.26	19473.3	83072.6	15430.6	21382	10940.3	3844.39	2378.73	7906.28	838480	0	10	1	0	0xd43f5e018b415631
1	0	0	v1	41	2026-07-15T07:03:24Z	2026-07-15T07:03:35Z	55000	58000	1600000	1600000	0	166670	2155.59	19536.3	82396.4	15210.7	21920	11173	3972.18	2446.56	7774.4	822398	0	4	1	0	0xd43f5e018b415631
1	0	0	v1	42	2026-07-15T07:03:24Z	2026-07-15T07:03:35Z	55000	58000	1600000	1600000	0	167032	2200.93	19647.9	82535.2	15187.9	22250.2	10800.6	3992.64	2390.39	7941.9	838757	0	5	1	0	0xd43f5e018b415631
1	0	0	v1	43	2026-07-15T07:03:24Z	2026-07-15T07:03:35Z	55000	58000	1600000	1600000	0	167613	2254.14	19657.7	83002.6	15241	21905.8	11035.8	3735.76	2641.36	8044.99	838741	0	16	1	0	0xd43f5e018b415631
1	0	0	v1	44	2026-07-15T07:03:24Z	2026-07-15T07:03:35Z	55000	58000	1600000	1600000	0	166218	2236.51	19517.8	82591.4	15186.5	21124.7	11391.3	3774.34	2387.35	7918.86	837929	0	5	1	0	0xd43f5e018b415631
1	0	0	v1	45	2026-07-15T07:03:24Z	2026-07-15T07:03:35Z	55000	58000	1600000	1600000	0	166473	2164.93	19528	82576.3	15189.8	21827.2	11054.3	3899.14	2417.6	7731.77	822266	0	4	1	0	0xd43f5e018b415631
1	0	0	v1	46	2026-07-15T07:03:24Z	2026-07-15T07:03:35Z	55000	58000	1600000	1600000	0	167662	2346.27	19825.8	82859.8	15235.7	22077	10995.7	3891.51	2393.43	7954.07	839219	0	11	1	0	0xd43f5e018b415631
1	0	0	v1	47	2026-07-15T07:03:24Z	2026-07-15T07:03:35Z	55000	58000	1600000	1600000	0	167415	2206.89	19675.7	82672.3	15108.1	22150.1	11178.5	4041.31	2391.1	7905.28	839158	0	5	1	0	0xd43f5e018b415631
1	0	0	v1	48	2026-07-15T07:03:24Z	2026-07-15T07:03:35Z	55000	58000	1600000	1600000	0	167614	2619.48	19683.8	82369.6	15148	22213.2	11010.2	4154.64	2396.81	7928.03	839290	0	6	1	0	0xd43f5e018b415631
1	0	0	v1	49	2026-07-15T07:03:24Z	2026-07-15T07:03:35Z	55000	58000	1600000	1600000	0	167132	2211.85	19567.2	83018.3	15331.4	21857.6	10905.9	3754.72	2458.56	7939.78	838625	0	9	1	0	0xd43f5e018b415631
2	0	1	v2	0	2026-07-15T07:03:35Z	2026-07-15T07:03:46Z	58000	58000	1600000	1600000	0	166797	2227.14	19678.2	82461.3	15278.8	22322.3	10977.4	3776.1	2432.93	7556.15	838526	0	5	1	0	0xd43f5e018b415631
2	0	1	v2	1	2026-07-15T07:03:35Z	2026-07-15T07:03:46Z	58000	58000	1600000	1600000	0	165820	2168.22	19728.4	82351.2	15272.9	21486.8	11029.8	3803.84	2396.9	7494.85	821328	0	8	1	0	0xd43f5e018b415631
2	0	1	v2	2	2026-07-15T07:03:35Z	2026-07-15T07:03:46Z	58000	58000	1600000	1600000	0	166734	2286.18	19741.4	82418.3	15119.8	22220.9	11091.8	3773.01	2394.23	7602.73	838431	0	5	1	0	0xd43f5e018b415631
2	0	1	v2	3	2026-07-15T07:03:35Z	2026-07-15T07:03:46Z	58000	58000	1600000	1600000	0	166506	2215.01	19832.4	82573.1	15297.6	21662.8	11072.9	3764.42	2400.89	7601.65	838218	0	5	1	0	0xd43f5e018b415631
2	0	1	v2	4	2026-07-15T07:03:35Z	2026-07-15T07:03:46Z	58000	58000	1600000	1600000	0	166262	2175.22	19770.9	82744.1	15147.3	21538.8	10958.9	3946.14	2400.77	7494.14	822019	0	5	1	0	0xd43f5e018b415631
2	0	1	v2	5	2026-07-15T07:03:35Z	2026-07-15T07:03:46Z	58000	58000	1600000	1600000	0	167039	2203.3	19593.4	82892.6	15301	22006.4	11063.4	4007.26	2442.23	7442.02	838655	0	11	1	0	0xd43f5e018b415631
2	0	1	v2	6	2026-07-15T07:03:35Z	2026-07-15T07:03:46Z	58000	58000	1600000	1600000	0	167108	2211.39	19710.2	82743	15167.1	22252.3	11093.8	3881.51	2402.06	7549.98	838794	0	6	1	0	0xd43f5e018b415631
2	0	1	v2	7	2026-07-15T07:03:35Z	2026-07-15T07:03:46Z	58000	58000	1600000	1600000	0	165838	2214.43	19659.7	82633.5	15249.6	21211	10881.2	3953.22	2405.64	7543.4	837512	0	6	1	0	0xd43f5e018b415631
2	0	1	v2	8	2026-07-15T07:03:35Z	2026-07-15T07:03:46Z	58000	58000	1600000	1600000	0	170297	2193.3	19813.9	85395.4	15221.3	21917.1	11221	4321.73	2551.94	7574.56	842040	0	5	1	0	0xd43f5e018b415631
2	0	1	v2	9	2026-07-15T07:03:35Z	2026-07-15T07:03:46Z	58000	58000	1600000	1600000	0	168018	2218.3	19668.9	83061.2	15349.9	22230.2	11278.8	4000.27	2662.4	7459.39	839257	0	14	1	0	0xd43f5e018b415631
2	0	1	v2	10	2026-07-15T07:03:35Z	2026-07-15T07:03:46Z	58000	58000	1600000	1600000	0	167086	2201.05	19601.3	82720.9	15297.7	22213.9	11037	3916.22	2441.81	7568.9	838802	0	4	1	0	0xd43f5e018b415631
2	0	1	v2	11	2026-07-15T07:03:35Z	2026-07-15T07:03:46Z	58000	58000	1600000	1600000	0	166009	2210.14	19606.8	82786.6	15218	21151.1	11162	3776.93	2387.48	7596.23	837624	0	11	1	0	0xd43f5e018b415631
2	0	1	v2	12	2026-07-15T07:03:35Z	2026-07-15T07:03:46Z	58000	58000	1600000	1600000	0	166369	2163.59	19732.2	82481	15220	21812.5	11093.8	3851.6	2457.73	7468.02	822105	0	5	1	0	0xd43f5e018b415631
2	0	1	v2	13	2026-07-15T07:03:35Z	2026-07-15T07:03:46Z	58000	58000	1600000	1600000	0	167590	2607.73	19602.2	82667.7	15202.9	22195.7	11334.7	3933.18	2389.64	7565.35	839031	0	7	1	0	0xd43f5e018b415631
2	0	1	v2	14	2026-07-15T07:03:35Z	2026-07-15T07:03:46Z	58000	58000	1600000	1600000	0	167553	2208.43	20143.7	82549.9	15149.3	22287.9	11157.4	3990.39	2389.01	7587.94	839089	0	8	1	0	0xd43f5e018b415631
2	0	1	v2	15	2026-07-15T07:03:35Z	2026-07-15T07:03:46Z	58000	58000	1600000	1600000	0	166359	2201.89	19736.5	82600.2	15432.6	21625.6	10936.5	3786.22	2411.52	7543.6	838108	0	4	1	0	0xd43f5e018b415631
2	0	1	v2	16	2026-07-15T07:03:35Z	2026-07-15T07:03:46Z	58000	58000	1600000	1600000	0	166228	2188.8	19613.9	82452.5	15245.4	21593.5	10997.2	4150.1	2391.02	7510.81	822077	0	3	1	0	0xd43f5e018b415631
2	0	1	v2	17	2026-07-15T07:03:35Z	2026-07-15T07:03:46Z	58000	58000	1600000	1600000	0	167016	2267.39	19741.1	82442.1	15184	22047.3	11465.3	3807.81	2429.85	7543.85	838680	0	10	1	0	0xd43f5e018b415631
2	0	1	v2	18	2026-07-15T07:03:35Z	2026-07-15T07:03:46Z	58000	58000	1600000	1600000	0	166502	2214.76	19816.2	82639.1	15299.8	21665	10829.1	3933.56	2442.77	7574.44	838171	0	6	1	0	0xd43f5e018b415631
2	0	1	v2	19	2026-07-15T07:03:35Z	2026-07-15T07:03:46Z	58000	58000	1600000	1600000	0	165927	2165.89	19762.5	82472.3	15309.2	21527.4	10816.7	3818.55	2401.52	7563.69	821451	0	6	1	0	0xd43f5e018b415631
2	0	1	v2	20	2026-07-15T07:03:35Z	2026-07-15T07:03:46Z	58000	58000	1600000	1600000	0	169955	2211.05	19676	85280.3	15215.6	22291.6	11136.8	4032.31	2428.06	7595.27	857682	0	5	1	0	0xd43f5e018b415631
2	0	1	v2	21	2026-07-15T07:03:35Z	2026-07-15T07:03:46Z	58000	58000	1600000	1600000	0	166371	2229.05	19673.1	82813.6	15508.8	21244.2	10944.1	3907.27	2387.93	7573.81	837812	0	11	1	0	0xd43f5e018b415631
2	0	1	v2	22	2026-07-15T07:03:35Z	2026-07-15T07:03:46Z	58000	58000	1600000	1600000	0	166525	2182.01	19499.3	82582.9	15186.7	21919.2	11171.7	3921.06	2544.02	7433.73	822328	0	4	1	0	0xd43f5e018b415631
2	0	1	v2	23	2026-07-15T07:03:35Z	2026-07-15T07:03:46Z	58000	58000	1600000	1600000	0	167576	2589.32	19748.6	82576.2	15255.9	22329.9	11100.7	3939.18	2397.93	7546.98	839202	0	10	1	0	0xd43f5e018b415631
2	0	1	v2	24	2026-07-15T07:03:35Z	2026-07-15T07:03:46Z	58000	58000	1600000	1600000	0	166767	2202.22	19712.9	82974.9	15260.5	21683.1	10938.2	3910.01	2444.44	7554.98	838498	0	5	1	0	0xd43f5e018b415631
2	0	1	v2	25	2026-07-15T07:03:35Z	2026-07-15T07:03:46Z	58000	58000	1600000	1600000	0	167624	2295.39	19895.3	82721.6	15286	22401.2	10946.6	3831.51	2385.35	7771.86	838825	0	9	1	0	0xd43f5e018b415631
2	0	1	v2	26	2026-07-15T07:03:35Z	2026-07-15T07:03:46Z	58000	58000	1600000	1600000	0	166340	2190.39	19591.9	82845.3	15137.8	21422.8	11205.5	3942.6	2415.6	7500.56	822207	0	3	1	0	0xd43f5e018b415631
2	0	1	v2	27	2026-07-15T07:03:35Z	2026-07-15T07:03:46Z	58000	58000	1600000	1600000	0	166484	2179.89	19578.1	82542	15249.4	22048.1	11019.1	3820.26	2436.69	7522.98	822242	0	5	1	0	0xd43f5e018b415631
2	0	1	v2	28	2026-07-15T07:03:35Z	2026-07-15T07:03:46Z	58000	58000	1600000	1600000	0	166679	2221.55	19610.4	82423.7	15251.6	21668.5	11523.2	3918.64	2423.18	7549.15	838485	0	4	1	0	0xd43f5e018b415631
2	0	1	v2	29	2026-07-15T07:03:35Z	2026-07-15T07:03:46Z	58000	58000	1600000	1600000	0	165877	2262.43	19539.2	82646.3	15201	21416.7	10999.6	3836.05	2401.4	7491.35	821572	0	10	1	0	0xd43f5e018b415631
2	0	1	v2	30	2026-07-15T07:03:35Z	2026-07-15T07:03:46Z	58000	58000	1600000	1600000	0	166948	2202.97	19598.4	82877.2	15233.7	22016.6	11026.3	3963.77	2427.14	7513.39	838514	0	5	1	0	0xd43f5e018b415631
2	0	1	v2	31	2026-07-15T07:03:35Z	2026-07-15T07:03:46Z	58000	58000	1600000	1600000	0	167243	2320.27	19715.6	82646.3	15137.9	22244.6	11081.7	4035.56	2394.97	7578.06	838888	0	6	1	0	0xd43f5e018b415631
2	0	1	v2	32	2026-07-15T07:03:35Z	2026-07-15T07:03:46Z	58000	58000	1600000	1600000	0	169229	2235.22	19610.5	84261.9	16050	21685.9	11632	3695.89	2423.94	7545.65	840694	0	6	1	0	0xd43f5e018b415631
2	0	1	v2	33	2026-07-15T07:03:35Z	2026-07-15T07:03:46Z	58000	58000	1600000	1600000	0	167194	2191.51	19927.6	82910.6	15521.4	22022.6	11007.8	3808.34	2503.77	7213.35	838439	0	11	1	0	0xd43f5e018b415631
2	0	1	v2	34	2026-07-15T07:03:35Z	2026-07-15T07:03:46Z	58000	58000	1600000	1600000	0	167201	2213.89	19663.2	82694.9	15111.4	22231.6	11157.6	4080.14	2388.52	7571.69	838849	0	6	1	0	0xd43f5e018b415631
2	0	1	v2	35	2026-07-15T07:03:35Z	2026-07-15T07:03:46Z	58000	58000	1600000	1600000	0	165817	2224.14	19691.7	82661.6	15242.9	21287	10936.2	3745.88	2401.02	7539.94	837523	0	9	1	0	0xd43f5e018b415631
2	0	1	v2	36	2026-07-15T07:03:35Z	2026-07-15T07:03:46Z	58000	58000	1600000	1600000	0	166932	2187.8	19782.5	83002.5	15283.4	21746.2	10916.6	3932.85	2466.35	7525.9	822614	0	6	1	0	0xd43f5e018b415631
2	0	1	v2	37	2026-07-15T07:03:35Z	2026-07-15T07:03:46Z	58000	58000	1600000	1600000	0	167140	2575.86	19629.1	82412.5	15298.6	21950.8	11085.6	4054.52	2596.11	7449.02	838424	0	8	1	0	0xd43f5e018b415631
2	0	1	v2	38	2026-07-15T07:03:35Z	2026-07-15T07:03:46Z	58000	58000	1600000	1600000	0	167330	2221.18	19774.3	82885.8	15324.4	22289.1	10941.7	3859.64	2403.85	7545.6	839014	0	6	1	0	0xd43f5e018b415631
2	0	1	v2	39	2026-07-15T07:03:35Z	2026-07-15T07:03:46Z	58000	58000	1600000	1600000	0	166467	2214.76	19766.7	82294.7	15420.3	21723.5	11088.5	3902.85	2421.27	7552.85	838161	0	6	1	0	0xd43f5e018b415631
2	0	1	v2	40	2026-07-15T07:03:35Z	2026-07-15T07:03:46Z	58000	58000	1600000	1600000	0	165754	2179.76	19638.1	82718.8	15168	21726	10801.8	3700.3	2383.56	7348.06	821601	0	3	1	0	0xd43f5e018b415631
2	0	1	v2	41	2026-07-15T07:03:35Z	2026-07-15T07:03:46Z	58000	58000	1600000	1600000	0	167365	2220.22	19845.2	82729.6	15256.3	22158	11122.7	3978.43	2386.98	7578.77	839076	0	10	1	0	0xd43f5e018b415631
2	0	1	v2	42	2026-07-15T07:03:35Z	2026-07-15T07:03:46Z	58000	58000	1600000	1600000	0	166423	2238.64	19780.2	82450.1	15310.7	21639.7	11065.6	3868.01	2441.27	7541.19	838091	0	6	1	0	0xd43f5e018b415631
2	0	1	v2	43	2026-07-15T07:03:35Z	2026-07-15T07:03:46Z	58000	58000	1600000	1600000	0	166386	2175.97	19533.9	82801.2	15248.3	21420.7	11244.8	3934.14	2423.27	7515.48	822054	0	6	1	0	0xd43f5e018b415631
2	0	1	v2	44	2026-07-15T07:03:35Z	2026-07-15T07:03:46Z	58000	58000	1600000	1600000	0	170040	2175.68	19703.2	84929.7	15355.7	22253.4	11470.1	4033.81	2480.43	7554.19	841695	0	5	1	0	0xd43f5e018b415631
2	0	1	v2	45	2026-07-15T07:03:35Z	2026-07-15T07:03:46Z	58000	58000	1600000	1600000	0	165829	2202.43	19753.9	82689	15156.1	21158.4	10838.4	4029.85	2391.44	7522.14	837282	0	11	1	0	0xd43f5e018b415631
2	0	1	v2	46	2026-07-15T07:03:35Z	2026-07-15T07:03:46Z	58000	58000	1600000	1600000	0	166508	2183.05	19552.9	82719.5	15175.1	22002.9	11030.9	3731.13	2471.9	7549.27	822302	0	4	1	0	0xd43f5e018b415631
2	0	1	v2	47	2026-07-15T07:03:35Z	2026-07-15T07:03:46Z	58000	58000	1600000	1600000	0	166585	2217.3	19587.9	82974.3	15232	21632.1	10985.1	3836.55	2428.98	7603.44	838620	0	11	1	0	0xd43f5e018b415631
2	0	1	v2	48	2026-07-15T07:03:35Z	2026-07-15T07:03:46Z	58000	58000	1600000	1600000	0	166104	2158.59	19618.9	82749.5	15252.8	21406.7	11200.2	3718.84	2384.68	7528.27	821113	0	7	1	0	0xd43f5e018b415631
2	0	1	v2	49	2026-07-15T07:03:35Z	2026-07-15T07:03:46Z	58000	58000	1600000	1600000	0	166867	2161.72	19525.6	82512.5	15271.5	22311.8	11266.6	3933.89	2434.27	7362.06	822504	0	6	1	0	0xd43f5e018b415631
3	0	2	v2	0	2026-07-15T07:03:46Z	2026-07-15T07:03:56Z	59000	59000	1600000	1600000	0	166228	2283.72	19622.9	82833.5	15188.7	21440	11063.4	3796.26	2419.19	7491.85	821910	0	10	1	0	0xd43f5e018b415631
3	0	2	v2	1	2026-07-15T07:03:46Z	2026-07-15T07:03:56Z	59000	59000	1600000	1600000	0	166732	2341.52	19674.9	82536	15205.4	21964	10903.9	4032.52	2477.23	7504.14	822207	0	10	1	0	0xd43f5e018b415631
3	0	2	v2	2	2026-07-15T07:03:46Z	2026-07-15T07:03:56Z	59000	59000	1600000	1600000	0	166520	2246.39	19570.4	82492.4	15206.6	21733.9	11086	4002.35	2464.4	7625.15	838270	0	5	1	0	0xd43f5e018b415631
3	0	2	v2	3	2026-07-15T07:03:46Z	2026-07-15T07:03:56Z	59000	59000	1600000	1600000	0	169712	2176.1	19670.2	85429.1	15405.6	22020.9	10970.3	3869.68	2523.23	7555.15	841264	0	10	1	0	0xd43f5e018b415631
3	0	2	v2	4	2026-07-15T07:03:46Z	2026-07-15T07:03:56Z	59000	59000	1600000	1600000	0	166649	2233.6	19605.6	82605.3	15126.5	22273	11020.2	3775.68	2383.85	7534.85	838495	0	3	1	0	0xd43f5e018b415631
3	0	2	v2	5	2026-07-15T07:03:46Z	2026-07-15T07:03:56Z	59000	59000	1600000	1600000	0	166631	2346.27	19497.4	82527.5	15307.3	21811.8	11000.4	4021.06	2396.68	7634.61	838413	0	4	1	0	0xd43f5e018b415631
3	0	2	v2	6	2026-07-15T07:03:46Z	2026-07-15T07:03:56Z	59000	59000	1600000	1600000	0	166268	2282.76	19790.5	82629.7	15277.3	21630.7	10792.5	3874.89	2406.81	7487.14	821872	0	11	1	0	0xd43f5e018b415631
3	0	2	v2	7	2026-07-15T07:03:46Z	2026-07-15T07:03:56Z	59000	59000	1600000	1600000	0	167067	2249.01	19777.4	82739.5	15225.9	22012.3	11027.1	3864.89	2436.23	7640.15	838668	0	7	1	0	0xd43f5e018b415631
3	0	2	v2	8	2026-07-15T07:03:46Z	2026-07-15T07:03:56Z	59000	59000	1600000	1600000	0	167290	2312.22	19666.8	82852.5	15142.3	22181.7	11117.9	3976.8	2395.06	7551.31	839048	0	5	1	0	0xd43f5e018b415631
3	0	2	v2	9	2026-07-15T07:03:46Z	2026-07-15T07:03:56Z	59000	59000	1600000	1600000	0	165791	2278.43	19603.6	82522.6	15195.7	21171.4	11205.7	3796.8	2389.02	7538.64	837644	0	3	1	0	0xd43f5e018b415631
3	0	2	v2	10	2026-07-15T07:03:46Z	2026-07-15T07:03:56Z	59000	59000	1600000	1600000	0	168697	4298.15	19689.3	82693.4	15300.3	21800.7	10951.1	3923.89	2383.27	7565.81	840462	0	5	1	0	0xd43f5e018b415631
3	0	2	v2	11	2026-07-15T07:03:46Z	2026-07-15T07:03:56Z	59000	59000	1600000	1600000	0	166179	2264.26	19757.5	82622.2	15291.4	21605.4	10803.4	3804.76	2386.6	7554.02	821926	0	5	1	0	0xd43f5e018b415631
3	0	2	v2	12	2026-07-15T07:03:46Z	2026-07-15T07:03:56Z	59000	59000	1600000	1600000	0	167205	2225.05	19810.7	82735.1	15196.9	22098.8	11049	4071.02	2382.89	7544.44	838758	0	12	1	0	0xd43f5e018b415631
3	0	2	v2	13	2026-07-15T07:03:46Z	2026-07-15T07:03:56Z	59000	59000	1600000	1600000	0	166551	2307.14	19661.3	82607.6	15350.3	21680.9	11025.8	3808.97	2446.02	7569.81	838310	0	5	1	0	0xd43f5e018b415631
3	0	2	v2	14	2026-07-15T07:03:46Z	2026-07-15T07:03:56Z	59000	59000	1600000	1600000	0	166239	2286.1	19591.6	82310.1	15684.3	21408.9	10968.9	3927.22	2387.19	7580.85	837624	0	7	1	0	0xd43f5e018b415631
3	0	2	v2	15	2026-07-15T07:03:46Z	2026-07-15T07:03:56Z	59000	59000	1600000	1600000	0	171448	2259.76	19814.7	87045.9	15307.4	21713.4	11435.7	3764.05	2492.11	7523.35	838706	0	14	1	0	0xd43f5e018b415631
3	0	2	v2	16	2026-07-15T07:03:46Z	2026-07-15T07:03:56Z	59000	59000	1600000	1600000	0	166829	2268.1	19966	82516.9	15200.3	21989.7	10945.5	3966.72	2437.27	7449.77	822456	0	5	1	0	0xd43f5e018b415631
3	0	2	v2	17	2026-07-15T07:03:46Z	2026-07-15T07:03:56Z	59000	59000	1600000	1600000	0	167198	2276.06	19950.6	82582.7	15200.1	22364.9	10948.1	3829.05	2394.93	7559.65	838595	0	7	1	0	0xd43f5e018b415631
3	0	2	v2	18	2026-07-15T07:03:46Z	2026-07-15T07:03:56Z	59000	59000	1600000	1600000	0	165680	2300.22	19562.8	82511	15179.1	21215.3	10982.6	3929.97	2380.39	7527.81	837341	0	5	1	0	0xd43f5e018b415631
3	0	2	v2	19	2026-07-15T07:03:46Z	2026-07-15T07:03:56Z	59000	59000	1600000	1600000	0	166685	2258.26	19693.4	82864.3	15367	21812.1	10930.7	3848.39	2495.35	7322.85	822189	0	13	1	0	0xd43f5e018b415631
3	0	2	v2	20	2026-07-15T07:03:46Z	2026-07-15T07:03:56Z	59000	59000	1600000	1600000	0	167401	2360.39	19828.3	82550.5	15253.2	22182.9	11092.4	4050.93	2395.23	7593.77	838844	0	6	1	0	0xd43f5e018b415631
3	0	2	v2	21	2026-07-15T07:03:46Z	2026-07-15T07:03:56Z	59000	59000	1600000	1600000	0	166270	2306.02	19739.9	82616.2	15260.3	21658.9	10933.7	3721.05	2386.18	7557.9	838048	0	4	1	0	0xd43f5e018b415631
3	0	2	v2	22	2026-07-15T07:03:46Z	2026-07-15T07:03:56Z	59000	59000	1600000	1600000	0	166305	2261.51	19722.8	82597.3	15254.2	21681	10859.5	3881.68	2383.06	7573.1	822127	0	4	1	0	0xd43f5e018b415631
3	0	2	v2	23	2026-07-15T07:03:46Z	2026-07-15T07:03:56Z	59000	59000	1600000	1600000	0	166736	2261.47	19586.9	82370	15186.3	22266.2	11201	3863.18	2385.64	7527.44	838554	0	4	1	0	0xd43f5e018b415631
3	0	2	v2	24	2026-07-15T07:03:46Z	2026-07-15T07:03:56Z	59000	59000	1600000	1600000	0	166772	2322.22	19650.4	82836.3	15248.5	21707.2	11085.7	3732.34	2427.39	7669.81	838410	0	7	1	0	0xd43f5e018b415631
3	0	2	v2	25	2026-07-15T07:03:46Z	2026-07-15T07:03:56Z	59000	59000	1600000	1600000	0	166082	2269.26	19616.4	82778.2	15189.1	21502.6	10921.5	3802.22	2387.69	7524.02	821672	0	12	1	0	0xd43f5e018b415631
3	0	2	v2	26	2026-07-15T07:03:46Z	2026-07-15T07:03:56Z	59000	59000	1600000	1600000	0	167058	2218.55	19675.9	82525.9	15173.7	22223.8	11371.7	3860.51	2388.35	7528.73	838681	0	7	1	0	0xd43f5e018b415631
3	0	2	v2	27	2026-07-15T07:03:46Z	2026-07-15T07:03:56Z	59000	59000	1600000	1600000	0	168971	2284.93	22761.1	82339.2	15335.8	21291.8	11097.4	3778.22	2429.02	7559.6	856331	0	13	1	0	0xd43f5e018b415631
3	0	2	v2	28	2026-07-15T07:03:46Z	2026-07-15T07:03:56Z	59000	59000	1600000	1600000	0	166524	2259.93	19608.3	82738.8	15238.3	22026.6	10798.4	3884.06	2498.31	7380.85	822396	0	3	1	0	0xd43f5e018b415631
3	0	2	v2	29	2026-07-15T07:03:46Z	2026-07-15T07:03:56Z	59000	59000	1600000	1600000	0	167322	2322.43	19921	82516.1	15130.1	22230.6	11054.5	4132.73	2382.39	7543.9	839097	0	4	1	0	0xd43f5e018b415631
3	0	2	v2	30	2026-07-15T07:03:46Z	2026-07-15T07:03:56Z	59000	59000	1600000	1600000	0	165708	2300.22	19717.7	82359.2	15276.9	21128.9	10898.9	3994.73	2395.81	7541.9	837461	0	5	1	0	0xd43f5e018b415631
3	0	2	v2	31	2026-07-15T07:03:46Z	2026-07-15T07:03:56Z	59000	59000	1600000	1600000	0	167098	2244.51	19916.3	83051.8	15244.1	21717.6	10937.8	3894.47	2454.02	7545.85	822274	0	12	1	0	0xd43f5e018b415631
3	0	2	v2	32	2026-07-15T07:03:46Z	2026-07-15T07:03:56Z	59000	59000	1600000	1600000	0	166789	2239.43	19721.1	82442.4	15207.5	22190.9	10959.3	3962.06	2396.98	7581.48	838450	0	5	1	0	0xd43f5e018b415631
3	0	2	v2	33	2026-07-15T07:03:46Z	2026-07-15T07:03:56Z	59000	59000	1600000	1600000	0	166642	2281.1	19680.2	82454.6	15330.3	22118.9	10938.3	3767.93	2419.93	7559.52	838217	0	6	1	0	0xd43f5e018b415631
3	0	2	v2	34	2026-07-15T07:03:46Z	2026-07-15T07:03:56Z	59000	59000	1600000	1600000	0	165953	2232.01	19663.1	82514.5	15228	21548.5	11034.4	3756.97	2381.93	7501.35	821714	0	4	1	0	0xd43f5e018b415631
3	0	2	v2	35	2026-07-15T07:03:46Z	2026-07-15T07:03:56Z	59000	59000	1600000	1600000	0	167036	2258.1	19647.7	82757.6	15245.9	22161.1	11016.2	3921.14	2379.48	7556.6	838783	0	4	1	0	0xd43f5e018b415631
3	0	2	v2	36	2026-07-15T07:03:46Z	2026-07-15T07:03:56Z	59000	59000	1600000	1600000	0	167488	2475.48	19801.4	82869.1	15160.8	22255.3	11105.4	3830.22	2372.64	7529.56	839190	0	6	1	0	0xd43f5e018b415631
3	0	2	v2	37	2026-07-15T07:03:46Z	2026-07-15T07:03:56Z	59000	59000	1600000	1600000	0	166469	2250.26	19737.3	82615	15396.5	21752.5	10916.4	3764.8	2403.94	7540.27	837978	0	13	1	0	0xd43f5e018b415631
3	0	2	v2	38	2026-07-15T07:03:46Z	2026-07-15T07:03:56Z	59000	59000	1600000	1600000	0	166355	2265.14	19739.4	82705.7	15192.8	21536.1	10873.3	4009.14	2417.89	7525.69	822156	0	4	1	0	0xd43f5e018b415631
3	0	2	v2	39	2026-07-15T07:03:46Z	2026-07-15T07:03:56Z	59000	59000	1600000	1600000	0	168380	2218.3	21890.6	82774.8	15202.2	21288.4	11170.5	3777.59	2402.56	7564.9	855872	0	11	1	0	0xd43f5e018b415631
3	0	2	v2	40	2026-07-15T07:03:46Z	2026-07-15T07:03:56Z	59000	59000	1600000	1600000	0	166599	2248.85	19637.1	82379.9	15247.7	21927	10910	3988.85	2584.44	7581.48	822354	0	5	1	0	0xd43f5e018b415631
3	0	2	v2	41	2026-07-15T07:03:46Z	2026-07-15T07:03:56Z	59000	59000	1600000	1600000	0	166822	2301.39	19649.6	82431.3	15259.2	22287.3	10845.4	3907.39	2457.64	7591.27	838509	0	6	1	0	0xd43f5e018b415631
3	0	2	v2	42	2026-07-15T07:03:46Z	2026-07-15T07:03:56Z	59000	59000	1600000	1600000	0	166078	2319.72	19755.4	82289.4	15328.2	21214.7	11031.3	4092.64	2373.14	7584.35	837839	0	5	1	0	0xd43f5e018b415631
3	0	2	v2	43	2026-07-15T07:03:46Z	2026-07-15T07:03:56Z	59000	59000	1600000	1600000	0	167415	2193.01	19963.7	82860.8	15168.2	21707	10933	4194.31	2464.73	7837.49	822772	0	13	1	0	0xd43f5e018b415631
3	0	2	v2	44	2026-07-15T07:03:46Z	2026-07-15T07:03:56Z	59000	59000	1600000	1600000	0	166731	2213.43	19667.7	82505.5	15196.3	21930	11188.3	4048.43	2443.35	7446.93	822494	0	5	1	0	0xd43f5e018b415631
3	0	2	v2	45	2026-07-15T07:03:46Z	2026-07-15T07:03:56Z	59000	59000	1600000	1600000	0	167514	2273.18	19587.9	83432.9	15293.7	21615.6	11197.1	4023.68	2385.85	7614.23	838533	0	26	1	0	0xd43f5e018b415631
3	0	2	v2	46	2026-07-15T07:03:46Z	2026-07-15T07:03:56Z	59000	59000	1600000	1600000	0	166777	2282.14	19740.4	82662.7	15269.8	21749.5	11057.7	3895.1	2438.23	7591.9	838591	0	4	1	0	0xd43f5e018b415631
3	0	2	v2	47	2026-07-15T07:03:46Z	2026-07-15T07:03:56Z	59000	59000	1600000	1600000	0	166125	2315.35	19568.2	82523.4	15337.5	21390.6	11200.6	3806.51	2379.18	7510.35	822010	0	4	1	0	0xd43f5e018b415631
3	0	2	v2	48	2026-07-15T07:03:46Z	2026-07-15T07:03:56Z	59000	59000	1600000	1600000	0	166840	2320.89	19829.6	82552.2	15190.2	21955	11049.8	3972.68	2423.56	7452.73	822496	0	7	1	0	0xd43f5e018b415631
3	0	2	v2	49	2026-07-15T07:03:46Z	2026-07-15T07:03:56Z	59000	59000	1600000	1600000	0	167569	2245.6	19828.1	82907.7	15249.8	22218.3	11036.1	3952.47	2427.43	7612.94	839077	0	11	1	0	0xd43f5e018b415631
4	0	3	v1	0	2026-07-15T07:03:57Z	2026-07-15T07:04:07Z	60000	60000	1600000	1600000	0	166482	2298.1	19647.7	82566.9	15172.3	21630.1	10823.9	3922.84	2435.02	7901.07	838235	0	5	1	0	0xd43f5e018b415631
4	0	3	v1	1	2026-07-15T07:03:57Z	2026-07-15T07:04:07Z	60000	60000	1600000	1600000	0	166214	2242.31	19542.5	82668.9	15177.7	21383.5	11087.6	3738.88	2387.1	7899.69	837693	0	9	1	0	0xd43f5e018b415631
4	0	3	v1	2	2026-07-15T07:03:57Z	2026-07-15T07:04:07Z	60000	60000	1600000	1600000	0	166967	2165.34	19714.7	82628.8	15203.5	22024.5	10976.2	3853.76	2448.64	7862.53	822409	0	12	1	0	0xd43f5e018b415631
4	0	3	v1	3	2026-07-15T07:03:57Z	2026-07-15T07:04:07Z	60000	60000	1600000	1600000	0	167199	2236.43	19617	82313.7	15092.6	22248.3	11361.4	3986.72	2384.18	7873.19	838971	0	4	1	0	0xd43f5e018b415631
4	0	3	v1	4	2026-07-15T07:03:57Z	2026-07-15T07:04:07Z	60000	60000	1600000	1600000	0	166476	2227.68	19578.6	82266.3	15237.7	21810.3	11175.4	3798.43	2385.97	7909.74	838332	0	3	1	0	0xd43f5e018b415631
4	0	3	v1	5	2026-07-15T07:03:57Z	2026-07-15T07:04:07Z	60000	60000	1600000	1600000	0	166541	2161.93	19412.2	82972.8	15141.3	21508.3	11071.5	3899.72	2427.43	7863.61	838285	0	5	1	0	0xd43f5e018b415631
4	0	3	v1	6	2026-07-15T07:03:57Z	2026-07-15T07:04:07Z	60000	60000	1600000	1600000	0	167046	2169.72	19720.9	82654.7	15228	22015.9	11065.5	3895.43	2422.06	7791.19	822616	0	7	1	0	0xd43f5e018b415631
4	0	3	v1	7	2026-07-15T07:03:57Z	2026-07-15T07:04:07Z	60000	60000	1600000	1600000	0	167436	2234.3	19675.5	82564.6	15189.1	22175	11368	3858.89	2401.89	7878.15	839128	0	6	1	0	0xd43f5e018b415631
4	0	3	v1	8	2026-07-15T07:03:57Z	2026-07-15T07:04:07Z	60000	60000	1600000	1600000	0	166575	2207.1	19645.5	82503.5	15352.7	21648.2	11050	3773.43	2419.44	7892.9	838230	0	11	1	0	0xd43f5e018b415631
4	0	3	v1	9	2026-07-15T07:03:57Z	2026-07-15T07:04:07Z	60000	60000	1600000	1600000	0	168916	2211.93	19475.1	82519.7	16432.1	23298	10753.9	3813.26	2391.01	7932.9	840772	0	3	1	0	0xd43f5e018b415631
4	0	3	v1	10	2026-07-15T07:03:57Z	2026-07-15T07:04:07Z	60000	60000	1600000	1600000	0	168041	2290.6	19892.3	82826.4	15192.1	22213.5	10982.9	4271.9	2395.48	7886.9	839387	0	13	1	0	0xd43f5e018b415631
4	0	3	v1	11	2026-07-15T07:03:57Z	2026-07-15T07:04:07Z	60000	60000	1600000	1600000	0	167231	2224.39	19722.2	82579.1	15270.4	22255.7	11024.2	3756.76	2434.22	7880.4	838963	0	4	1	0	0xd43f5e018b415631
4	0	3	v1	12	2026-07-15T07:03:57Z	2026-07-15T07:04:07Z	60000	60000	1600000	1600000	0	166836	2212.35	19610.7	82601.9	15292.5	21780	10983.4	3959.64	2402.02	7907.86	838563	0	5	1	0	0xd43f5e018b415631
4	0	3	v1	13	2026-07-15T07:03:57Z	2026-07-15T07:04:07Z	60000	60000	1600000	1600000	0	166573	2165.43	19747.2	82648.7	15206.8	21596.5	10894.6	3915.35	2399.18	7910.32	838300	0	5	1	0	0xd43f5e018b415631
4	0	3	v1	14	2026-07-15T07:03:57Z	2026-07-15T07:04:07Z	60000	60000	1600000	1600000	0	166725	2156.64	19812.7	82527.7	15249.8	21859.5	10933.8	3890.14	2482.44	7725.31	822393	0	10	1	0	0xd43f5e018b415631
4	0	3	v1	15	2026-07-15T07:03:57Z	2026-07-15T07:04:07Z	60000	60000	1600000	1600000	0	167211	2309.85	19748.3	82449.5	15156.3	22245.9	11033.2	3886.14	2392.89	7902.49	839004	0	4	1	0	0xd43f5e018b415631
4	0	3	v1	16	2026-07-15T07:03:57Z	2026-07-15T07:04:07Z	60000	60000	1600000	1600000	0	166591	2214.35	19532.7	82524.9	15239.7	21706.5	11037.4	3944.27	2408.43	7891.86	838586	0	0	1	0	0xd43f5e018b415631
4	0	3	v1	17	2026-07-15T07:03:57Z	2026-07-15T07:04:07Z	60000	60000	1600000	1600000	0	165745	2164.3	19527.4	82363.9	15242.3	21619.9	10899.8	3795.8	2394.18	7652.69	821745	0	0	1	0	0xd43f5e018b415631
4	0	3	v1	18	2026-07-15T07:03:57Z	2026-07-15T07:04:07Z	60000	60000	1600000	1600000	0	166877	2232.51	19539.8	82355.3	15119.8	22314.5	10891.1	3977.47	2446.18	7914.32	838813	0	1	1	0	0xd43f5e018b415631
4	0	3	v1	19	2026-07-15T07:03:57Z	2026-07-15T07:04:07Z	60000	60000	1600000	1600000	0	166046	2205.55	19531	82620.5	15193.7	21283.8	10988	3753.01	2392.56	7962.15	837867	0	3	1	0	0xd43f5e018b415631
4	0	3	v1	20	2026-07-15T07:03:57Z	2026-07-15T07:04:07Z	60000	60000	1600000	1600000	0	166573	2163.3	19724.8	82426.5	15177.7	21752.8	11171.7	3956.51	2479.44	7634.52	822360	0	7	1	0	0xd43f5e018b415631
4	0	3	v1	21	2026-07-15T07:03:57Z	2026-07-15T07:04:07Z	60000	60000	1600000	1600000	0	169658	2222.64	19614.9	83401.6	15427.1	22669.9	12053.1	3876.47	2388.14	7916.65	857594	0	1	1	0	0xd43f5e018b415631
4	0	3	v1	22	2026-07-15T07:03:57Z	2026-07-15T07:04:07Z	60000	60000	1600000	1600000	0	166597	2172.55	19621.5	82579	15240.3	21735	10881.4	4000.35	2404.81	7872.94	838212	0	7	1	0	0xd43f5e018b415631
4	0	3	v1	23	2026-07-15T07:03:57Z	2026-07-15T07:04:07Z	60000	60000	1600000	1600000	0	166663	2158.64	19707.5	82505.8	15186.7	22112.7	10853.8	3767.47	2413.39	7870.28	822665	0	0	1	0	0xd43f5e018b415631
4	0	3	v1	24	2026-07-15T07:03:57Z	2026-07-15T07:04:07Z	60000	60000	1600000	1600000	0	166457	2208.64	19515.4	82643.4	15192	21822	10908.3	3788.89	2398.77	7892.32	838271	0	3	1	0	0xd43f5e018b415631
4	0	3	v1	25	2026-07-15T07:03:57Z	2026-07-15T07:04:07Z	60000	60000	1600000	1600000	0	166511	2172.76	19884	82497.7	15209.4	21431.4	11037.8	3933.72	2391.72	7869.32	838345	0	2	1	0	0xd43f5e018b415631
4	0	3	v1	26	2026-07-15T07:03:57Z	2026-07-15T07:04:07Z	60000	60000	1600000	1600000	0	166522	2160.3	19777	82251.6	15222.1	22139	10713.6	3830.76	2454.48	7886.61	822161	0	8	1	0	0xd43f5e018b415631
4	0	3	v1	27	2026-07-15T07:03:57Z	2026-07-15T07:04:07Z	60000	60000	1600000	1600000	0	166417	2207.6	19475.4	82459.2	15244.3	21645.8	10963.1	4024.1	2423.77	7888.32	838408	0	0	1	0	0xd43f5e018b415631
4	0	3	v1	28	2026-07-15T07:03:57Z	2026-07-15T07:04:07Z	60000	60000	1600000	1600000	0	165958	2212.39	19525.8	82284.6	15202.7	21536.2	10909	3965.35	2369.73	7868.69	821962	0	0	1	0	0xd43f5e018b415631
4	0	3	v1	29	2026-07-15T07:03:57Z	2026-07-15T07:04:07Z	60000	60000	1600000	1600000	0	166618	2167.8	19619.5	82369.8	15142.5	22190.6	10977.5	3750.63	2404.98	7911.2	822618	0	0	1	0	0xd43f5e018b415631
4	0	3	v1	30	2026-07-15T07:03:57Z	2026-07-15T07:04:07Z	60000	60000	1600000	1600000	0	166629	2194.59	19555	82569.5	15180.4	21726.3	11120.4	3912.84	2389.39	7899.4	838501	0	2	1	0	0xd43f5e018b415631
4	0	3	v1	31	2026-07-15T07:03:57Z	2026-07-15T07:04:07Z	60000	60000	1600000	1600000	0	166410	2150.05	19584.7	82571.5	15182.1	21606.4	10914.5	4015.47	2403.56	7894.69	838241	0	3	1	0	0xd43f5e018b415631
4	0	3	v1	32	2026-07-15T07:03:57Z	2026-07-15T07:04:07Z	60000	60000	1600000	1600000	0	166888	2189.84	19654.7	82382.4	15173.9	22007.7	11003.8	4025.76	2475.98	7888.86	822830	0	1	1	0	0xd43f5e018b415631
4	0	3	v1	33	2026-07-15T07:03:57Z	2026-07-15T07:04:07Z	60000	60000	1600000	1600000	0	167223	2219.85	19798.4	82497.2	15114	22268.1	11089.6	3802.93	2404.77	7947.4	839102	0	6	1	0	0xd43f5e018b415631
4	0	3	v1	34	2026-07-15T07:03:57Z	2026-07-15T07:04:07Z	60000	60000	1600000	1600000	0	168642	3426	19618.9	83362	15226.7	21861	10888.3	4022.68	2467.93	7686.4	840323	0	7	1	0	0xd43f5e018b415631
4	0	3	v1	35	2026-07-15T07:03:57Z	2026-07-15T07:04:07Z	60000	60000	1600000	1600000	0	167105	2235.22	19584.9	82499.5	15143	22281.8	10926.4	4058.81	2383.31	7906.24	839094	0	0	1	0	0xd43f5e018b415631
4	0	3	v1	36	2026-07-15T07:03:57Z	2026-07-15T07:04:07Z	60000	60000	1600000	1600000	0	166717	2211.26	19634.6	82484.5	15332.5	21727.4	11223.6	3713.13	2426.52	7880.19	838484	0	4	1	0	0xd43f5e018b415631
4	0	3	v1	37	2026-07-15T07:03:57Z	2026-07-15T07:04:07Z	60000	60000	1600000	1600000	0	166321	2171.6	19418.1	82681.4	15165	21662.7	11017.4	3817.8	2398.81	7900.49	838121	0	3	1	0	0xd43f5e018b415631
4	0	3	v1	38	2026-07-15T07:03:57Z	2026-07-15T07:04:07Z	60000	60000	1600000	1600000	0	166969	2176.43	19709	82572.6	15203	22102.3	11004.9	3782.17	2436.02	7893.07	822902	0	1	1	0	0xd43f5e018b415631
4	0	3	v1	39	2026-07-15T07:03:57Z	2026-07-15T07:04:07Z	60000	60000	1600000	1600000	0	167117	2206.39	19686.9	82424.8	15114.5	22311.5	11058.3	3913.06	2412.23	7906.61	838986	0	6	1	0	0xd43f5e018b415631
4	0	3	v1	40	2026-07-15T07:03:57Z	2026-07-15T07:04:07Z	60000	60000	1600000	1600000	0	165853	2202.01	19574.6	82355.2	15196.2	21175.2	11064.9	3946.27	2391.31	7862.03	837844	0	0	1	0	0xd43f5e018b415631
4	0	3	v1	41	2026-07-15T07:03:57Z	2026-07-15T07:04:07Z	60000	60000	1600000	1600000	0	166378	2176.14	19637.6	82308.4	15177.5	21881.7	10952.1	3899.64	2473.39	7786.19	822376	0	0	1	0	0xd43f5e018b415631
4	0	3	v1	42	2026-07-15T07:03:57Z	2026-07-15T07:04:07Z	60000	60000	1600000	1600000	0	166984	2237.14	19563.2	82494.6	15138.8	22309.8	10741	4018.93	2452.36	7942.07	838918	0	1	1	0	0xd43f5e018b415631
4	0	3	v1	43	2026-07-15T07:03:57Z	2026-07-15T07:04:07Z	60000	60000	1600000	1600000	0	166033	2217.01	19624.4	82527.8	15157.6	21182.2	11112	3861.72	2386.1	7882.19	837836	0	3	1	0	0xd43f5e018b415631
4	0	3	v1	44	2026-07-15T07:03:57Z	2026-07-15T07:04:07Z	60000	60000	1600000	1600000	0	166520	2167.59	19688.5	82696.2	15242	21781.6	10839.6	3933.26	2400.14	7683.77	822454	0	1	1	0	0xd43f5e018b415631
4	0	3	v1	45	2026-07-15T07:03:57Z	2026-07-15T07:04:07Z	60000	60000	1600000	1600000	0	167560	2206.89	19872.9	82484.6	15200.7	22097.1	11234.7	4070.77	2400.02	7908.61	839328	0	7	1	0	0xd43f5e018b415631
4	0	3	v1	46	2026-07-15T07:03:57Z	2026-07-15T07:04:07Z	60000	60000	1600000	1600000	0	169118	2205.89	19767.7	85102.6	15156	21318.9	11418.2	3787.3	2398.89	7876.9	856864	0	6	1	0	0xd43f5e018b415631
4	0	3	v1	47	2026-07-15T07:03:57Z	2026-07-15T07:04:07Z	60000	60000	1600000	1600000	0	167527	3432.54	19936.1	82459.3	15182.5	21420.7	10932.5	3776.22	2397.27	7903.78	839459	0	1	1	0	0xd43f5e018b415631
4	0	3	v1	48	2026-07-15T07:03:57Z	2026-07-15T07:04:07Z	60000	60000	1600000	1600000	0	166966	2184.64	19642.9	82661.6	15216.7	21968.4	10890.6	4006.02	2489.77	7820.78	822686	0	3	1	0	0xd43f5e018b415631
4	0	3	v1	49	2026-07-15T07:03:57Z	2026-07-15T07:04:07Z	60000	60000	1600000	1600000	0	166311	2232.51	19605.8	82321.7	15191.3	21687	11062.4	3754.72	2436.02	7931.32	838167	0	2	1	0	0xd43f5e018b415631
5	1	0	v1	0	2026-07-15T07:04:07Z	2026-07-15T07:04:18Z	59000	59000	1600000	1600000	0	166464	2209.22	19455.2	82669.5	15169.7	21545.7	11049.3	4000.35	2399.01	7882.28	838391	0	1	1	0	0xd43f5e018b415631
5	1	0	v1	1	2026-07-15T07:04:07Z	2026-07-15T07:04:18Z	59000	59000	1600000	1600000	0	166764	2275.22	19625.9	82407.4	15195.4	21949.9	10978.2	3875.89	2484.48	7884.07	822358	0	7	1	0	0xd43f5e018b415631
5	1	0	v1	2	2026-07-15T07:04:07Z	2026-07-15T07:04:18Z	59000	59000	1600000	1600000	0	167311	2259.06	19616.1	82543	15162.3	22264.2	10914	4118.27	2410.18	7940.82	839229	0	1	1	0	0xd43f5e018b415631
5	1	0	v1	3	2026-07-15T07:04:07Z	2026-07-15T07:04:18Z	59000	59000	1600000	1600000	0	166641	2302.14	19696.1	82622.7	15205.5	21619.2	11039.4	3766.97	2384.93	7917.86	838639	0	0	1	0	0xd43f5e018b415631
5	1	0	v1	4	2026-07-15T07:04:07Z	2026-07-15T07:04:18Z	59000	59000	1600000	1600000	0	169597	2336.18	19645.1	82228.5	16039.4	23834.5	11466.5	3848.43	2382.64	7729.02	841009	0	14	1	0	0xd43f5e018b415631
5	1	0	v1	5	2026-07-15T07:04:07Z	2026-07-15T07:04:18Z	59000	59000	1600000	1600000	0	167353	2304.35	19696.3	82580.4	15139.2	22271.7	11075.6	3890.18	2375.14	7935.53	839197	0	2	1	0	0xd43f5e018b415631
5	1	0	v1	6	2026-07-15T07:04:07Z	2026-07-15T07:04:18Z	59000	59000	1600000	1600000	0	166658	2291.43	19713.2	82399.9	15206.1	21720.2	11073.8	3813.84	2433.27	7918.11	838524	0	2	1	0	0xd43f5e018b415631
5	1	0	v1	7	2026-07-15T07:04:07Z	2026-07-15T07:04:18Z	59000	59000	1600000	1600000	0	166033	2278.89	19488.3	82428.4	15183.5	21569.8	10941.2	3791.26	2401.64	7864.99	821862	0	3	1	0	0xd43f5e018b415631
5	1	0	v1	8	2026-07-15T07:04:07Z	2026-07-15T07:04:18Z	59000	59000	1600000	1600000	0	167128	2253.68	19619.6	82477.8	15197.5	22172	10983.2	4012.97	2466.27	7857.53	822904	0	2	1	0	0xd43f5e018b415631
5	1	0	v1	9	2026-07-15T07:04:07Z	2026-07-15T07:04:18Z	59000	59000	1600000	1600000	0	167252	2252.1	19736.9	82352.4	15166	22235.8	11070.6	4047.18	2407.93	7898.74	839242	0	0	1	0	0xd43f5e018b415631
5	1	0	v1	10	2026-07-15T07:04:07Z	2026-07-15T07:04:18Z	59000	59000	1600000	1600000	0	165868	2301.51	19634.7	82367.9	15260.2	21015.1	11103.4	3794.09	2414.77	7889.61	837756	0	6	1	0	0xd43f5e018b415631
5	1	0	v1	11	2026-07-15T07:04:07Z	2026-07-15T07:04:18Z	59000	59000	1600000	1600000	0	166402	2220.93	19684.4	82106.5	15221.5	21791.7	11065.5	4008.89	2467.48	7752.11	822404	0	0	1	0	0xd43f5e018b415631
5	1	0	v1	12	2026-07-15T07:04:07Z	2026-07-15T07:04:18Z	59000	59000	1600000	1600000	0	166928	2287.64	19557.6	82525	15195.4	22227.4	10914.2	3780.84	2425.06	7928.78	838857	0	1	1	0	0xd43f5e018b415631
5	1	0	v1	13	2026-07-15T07:04:07Z	2026-07-15T07:04:18Z	59000	59000	1600000	1600000	0	165893	2270.47	19599	82531.5	15267.9	21142.1	10962.4	3751.92	2395.23	7887.74	837731	0	3	1	0	0xd43f5e018b415631
5	1	0	v1	14	2026-07-15T07:04:07Z	2026-07-15T07:04:18Z	59000	59000	1600000	1600000	0	166377	2233.51	19827.4	82035.8	15170.1	21862.7	10920.6	3909.35	2461.52	7872.49	822378	0	0	1	0	0xd43f5e018b415631
5	1	0	v1	15	2026-07-15T07:04:07Z	2026-07-15T07:04:18Z	59000	59000	1600000	1600000	0	166980	2306.31	19601.7	82406.7	15152.5	22311.2	10941	3835.68	2428.93	7910.69	838823	0	3	1	0	0xd43f5e018b415631
5	1	0	v1	16	2026-07-15T07:04:07Z	2026-07-15T07:04:18Z	59000	59000	1600000	1600000	0	171028	2312.51	19884.6	85704.2	15409	21675.6	11339.7	4217.52	2440.02	7955.65	857977	0	16	1	0	0xd43f5e018b415631
5	1	0	v1	17	2026-07-15T07:04:07Z	2026-07-15T07:04:18Z	59000	59000	1600000	1600000	0	166651	2714.28	19520.4	82595	15155.3	21305.5	11035.6	3827.01	2464.18	7950.94	838645	0	0	1	0	0xd43f5e018b415631
5	1	0	v1	18	2026-07-15T07:04:07Z	2026-07-15T07:04:18Z	59000	59000	1600000	1600000	0	166567	2293.43	19652.2	82295.4	15206.5	21888.5	10869.9	3864.3	2483.89	7924.69	822558	0	0	1	0	0xd43f5e018b415631
5	1	0	v1	19	2026-07-15T07:04:07Z	2026-07-15T07:04:18Z	59000	59000	1600000	1600000	0	167635	2342.72	19630.4	82499.4	15212	22164.3	11218.2	4152.52	2394.68	7931.69	839364	0	4	1	0	0xd43f5e018b415631
5	1	0	v1	20	2026-07-15T07:04:07Z	2026-07-15T07:04:18Z	59000	59000	1600000	1600000	0	166236	2292.81	19650.7	82243.4	15193	21635.1	11058.9	3738.97	2382.85	7953.11	838160	0	1	1	0	0xd43f5e018b415631
5	1	0	v1	21	2026-07-15T07:04:07Z	2026-07-15T07:04:18Z	59000	59000	1600000	1600000	0	166503	2264.06	19682.9	82639.5	15267.3	21525.1	10969.5	3773.88	2386.69	7907.69	838493	0	0	1	0	0xd43f5e018b415631
5	1	0	v1	22	2026-07-15T07:04:07Z	2026-07-15T07:04:18Z	59000	59000	1600000	1600000	0	167021	2258.97	19681	82600.4	15329.7	21918.6	10981.9	3810.55	2469.15	7885.07	822869	0	7	1	0	0xd43f5e018b415631
5	1	0	v1	23	2026-07-15T07:04:07Z	2026-07-15T07:04:18Z	59000	59000	1600000	1600000	0	167143	2310.35	19739.9	82363.5	15135.5	22254.6	10910.7	4038.1	2394.02	7910.74	839139	0	0	1	0	0xd43f5e018b415631
5	1	0	v1	24	2026-07-15T07:04:07Z	2026-07-15T07:04:18Z	59000	59000	1600000	1600000	0	166649	2336.51	19534	82436.4	15250.2	21712.9	11085.8	3909.84	2398.1	7899.74	838575	0	1	1	0	0xd43f5e018b415631
5	1	0	v1	25	2026-07-15T07:04:07Z	2026-07-15T07:04:18Z	59000	59000	1600000	1600000	0	166428	2273.64	19556.4	82678.4	15260	21534.8	10880.6	3830.68	2409.48	7917.53	838280	0	3	1	0	0xd43f5e018b415631
5	1	0	v1	26	2026-07-15T07:04:07Z	2026-07-15T07:04:18Z	59000	59000	1600000	1600000	0	166764	2256.3	19561.3	82354.5	15202.7	22133.1	10921.2	3895.3	2438.36	7914.4	822687	0	1	1	0	0xd43f5e018b415631
5	1	0	v1	27	2026-07-15T07:04:07Z	2026-07-15T07:04:18Z	59000	59000	1600000	1600000	0	166194	2290.72	19518.9	82255.8	15260.4	21617.5	11042.4	3772.97	2402.69	7927.32	838184	0	0	1	0	0xd43f5e018b415631
5	1	0	v1	28	2026-07-15T07:04:07Z	2026-07-15T07:04:18Z	59000	59000	1600000	1600000	0	169668	2306.39	19454.4	85384.2	15191.6	21606.7	11055.1	4468.74	2462.64	7650.56	841152	0	14	1	0	0xd43f5e018b415631
5	1	0	v1	29	2026-07-15T07:04:07Z	2026-07-15T07:04:18Z	59000	59000	1600000	1600000	0	167202	2296.81	19728.9	82297.3	15163	22324.3	11150.3	3852.34	2402.93	7899.94	839024	0	3	1	0	0xd43f5e018b415631
5	1	0	v1	30	2026-07-15T07:04:07Z	2026-07-15T07:04:18Z	59000	59000	1600000	1600000	0	166538	2312.14	19698.2	82395.8	15269.3	21815.4	10819.8	3828.55	2411.27	7903.78	838423	0	2	1	0	0xd43f5e018b415631
5	1	0	v1	31	2026-07-15T07:04:07Z	2026-07-15T07:04:18Z	59000	59000	1600000	1600000	0	166525	2327.14	19583.4	82803.7	15139.1	21465.7	10996.2	3771.22	2389.73	7962.53	838348	0	3	1	0	0xd43f5e018b415631
5	1	0	v1	32	2026-07-15T07:04:07Z	2026-07-15T07:04:18Z	59000	59000	1600000	1600000	0	166840	2264.06	19630.9	82449.4	15244	21958.1	10974.8	4015.64	2425.98	7791.11	822731	0	2	1	0	0xd43f5e018b415631
5	1	0	v1	33	2026-07-15T07:04:07Z	2026-07-15T07:04:18Z	59000	59000	1600000	1600000	0	166797	2267.68	19624.7	82185.9	15112.6	22283.7	10965.4	3908.18	2440.89	7920.19	838793	0	0	1	0	0xd43f5e018b415631
5	1	0	v1	34	2026-07-15T07:04:07Z	2026-07-15T07:04:18Z	59000	59000	1600000	1600000	0	166134	2282.89	19606.8	82639.7	15141.8	21242.6	11040.6	3768.72	2416.1	7911.49	838011	0	6	1	0	0xd43f5e018b415631
5	1	0	v1	35	2026-07-15T07:04:07Z	2026-07-15T07:04:18Z	59000	59000	1600000	1600000	0	166552	2272.31	19531.5	82384.8	15206.8	21808.9	11069.5	3950.68	2475.48	7764.77	822554	0	0	1	0	0xd43f5e018b415631
5	1	0	v1	36	2026-07-15T07:04:07Z	2026-07-15T07:04:18Z	59000	59000	1600000	1600000	0	167326	2286.43	19661.7	82638.3	15109.5	22234.3	11006.4	3996.05	2396.81	7912.9	839252	0	1	1	0	0xd43f5e018b415631
5	1	0	v1	37	2026-07-15T07:04:07Z	2026-07-15T07:04:18Z	59000	59000	1600000	1600000	0	166486	2384.6	19674.5	82375.6	15282.4	21665.8	10925.9	3771.72	2393.01	7921.44	838244	0	4	1	0	0xd43f5e018b415631
5	1	0	v1	38	2026-07-15T07:04:07Z	2026-07-15T07:04:18Z	59000	59000	1600000	1600000	0	166525	2272.51	19497.1	82547.2	15155.4	21514.5	11107.4	4058.23	2402.22	7884.36	838392	0	2	1	0	0xd43f5e018b415631
5	1	0	v1	39	2026-07-15T07:04:07Z	2026-07-15T07:04:18Z	59000	59000	1600000	1600000	0	166805	2286.14	19758.9	82497.9	15217.2	21969.2	10837.7	3797.51	2468.31	7884.65	822808	0	0	1	0	0xd43f5e018b415631
5	1	0	v1	40	2026-07-15T07:04:07Z	2026-07-15T07:04:18Z	59000	59000	1600000	1600000	0	170794	2303.26	19593.4	85281.3	15584.6	22286.1	11212.9	4096.52	2423.77	7922.99	858352	0	13	1	0	0xd43f5e018b415631
5	1	0	v1	41	2026-07-15T07:04:07Z	2026-07-15T07:04:18Z	59000	59000	1600000	1600000	0	165767	2319.64	19673.4	82063.6	15179.6	21250.8	11171.9	3723.59	2394.02	7898.82	837760	0	0	1	0	0xd43f5e018b415631
5	1	0	v1	42	2026-07-15T07:04:07Z	2026-07-15T07:04:18Z	59000	59000	1600000	1600000	0	166622	2215.26	19490.6	82493.6	15177.5	21968.5	10835.1	3930.97	2508.9	7914.99	822495	0	2	1	0	0xd43f5e018b415631
5	1	0	v1	43	2026-07-15T07:04:07Z	2026-07-15T07:04:18Z	59000	59000	1600000	1600000	0	167262	2265.31	19670	82553.9	15142.9	22368.3	11017.3	3804.97	2443.81	7906.61	839026	0	4	1	0	0xd43f5e018b415631
5	1	0	v1	44	2026-07-15T07:04:07Z	2026-07-15T07:04:18Z	59000	59000	1600000	1600000	0	166841	2313.85	19714.4	82554.7	15227	21671.8	11041	3947.97	2387.56	7897.69	838701	0	2	1	0	0xd43f5e018b415631
5	1	0	v1	45	2026-07-15T07:04:07Z	2026-07-15T07:04:18Z	59000	59000	1600000	1600000	0	165705	2287.1	19463.4	82283.3	15236.7	21611.4	10755.6	3931.3	2395.1	7654.4	821710	0	0	1	0	0xd43f5e018b415631
5	1	0	v1	46	2026-07-15T07:04:07Z	2026-07-15T07:04:18Z	59000	59000	1600000	1600000	0	167355	2317.77	19830.6	82472.9	15171.4	22233.3	11144.6	3803.84	2378.19	7917.24	839209	0	6	1	0	0xd43f5e018b415631
5	1	0	v1	47	2026-07-15T07:04:07Z	2026-07-15T07:04:18Z	59000	59000	1600000	1600000	0	166365	2303.76	19617.4	82418.3	15263.7	21613.8	10862.2	3878.68	2402.31	7919.57	838356	0	0	1	0	0xd43f5e018b415631
5	1	0	v1	48	2026-07-15T07:04:07Z	2026-07-15T07:04:18Z	59000	59000	1600000	1600000	0	166518	2278.18	19467.4	82629.1	15190.8	21469	11161.4	3942.84	2390.39	7901.11	838456	0	1	1	0	0xd43f5e018b415631
5	1	0	v1	49	2026-07-15T07:04:07Z	2026-07-15T07:04:18Z	59000	59000	1600000	1600000	0	166717	2275.1	19591.9	82397	15200.7	21985.5	10916.8	3876.55	2467.52	7917.86	822539	0	3	1	0	0xd43f5e018b415631
6	1	1	v2	0	2026-07-15T07:04:18Z	2026-07-15T07:04:29Z	59000	60000	1600000	1600000	0	166677	2178.14	19680.1	82480.7	15150.9	22166.5	11046.6	3924.64	2388.94	7575.48	838527	0	2	1	0	0xd43f5e018b415631
6	1	1	v2	1	2026-07-15T07:04:18Z	2026-07-15T07:04:29Z	59000	60000	1600000	1600000	0	167037	2237.3	19601.3	82851.1	15368.1	21649.9	11262.7	3971.1	2440.02	7567.52	838632	0	8	1	0	0xd43f5e018b415631
6	1	1	v2	2	2026-07-15T07:04:18Z	2026-07-15T07:04:29Z	59000	60000	1600000	1600000	0	166008	2236.18	19585.8	82577.1	15176.3	21282.4	11192.8	3911.81	2408.64	7555.02	837877	0	2	1	0	0xd43f5e018b415631
6	1	1	v2	3	2026-07-15T07:04:18Z	2026-07-15T07:04:29Z	59000	60000	1600000	1600000	0	167142	3660.05	19560.2	82465.4	15195.8	21566.2	10825.7	3815.47	2401.27	7568.14	823148	0	0	1	0	0xd43f5e018b415631
6	1	1	v2	4	2026-07-15T07:04:18Z	2026-07-15T07:04:29Z	59000	60000	1600000	1600000	0	166785	2214.1	19543.3	82551.9	15256.9	22196.6	11118.1	3828.05	2388.68	7601.35	838781	0	0	1	0	0xd43f5e018b415631
6	1	1	v2	5	2026-07-15T07:04:18Z	2026-07-15T07:04:29Z	59000	60000	1600000	1600000	0	166428	2203.72	19633.5	82564.6	15224	21704.6	11154.9	3907.35	2388.27	7563.94	838296	0	6	1	0	0xd43f5e018b415631
6	1	1	v2	6	2026-07-15T07:04:18Z	2026-07-15T07:04:29Z	59000	60000	1600000	1600000	0	165700	2189.01	19435.6	82480.4	15275.6	21719	10761.9	3981.72	2391.93	7383.27	821700	0	0	1	0	0xd43f5e018b415631
6	1	1	v2	7	2026-07-15T07:04:18Z	2026-07-15T07:04:29Z	59000	60000	1600000	1600000	0	166257	2216.01	19556.8	82636.5	15155.3	21682.3	11085.3	3816.18	2434.31	7588.14	838076	0	3	1	0	0xd43f5e018b415631
6	1	1	v2	8	2026-07-15T07:04:18Z	2026-07-15T07:04:29Z	59000	60000	1600000	1600000	0	165528	2171.59	19680.9	82435.2	15300.1	21571.5	10846.4	3831.09	2389.77	7215.64	821448	0	1	1	0	0xd43f5e018b415631
6	1	1	v2	9	2026-07-15T07:04:18Z	2026-07-15T07:04:29Z	59000	60000	1600000	1600000	0	167029	2239.3	19707.2	82753.7	15113.3	22289.1	11070.8	3801.39	2399.47	7570.81	838892	0	2	1	0	0xd43f5e018b415631
6	1	1	v2	10	2026-07-15T07:04:18Z	2026-07-15T07:04:29Z	59000	60000	1600000	1600000	0	165830	2220.93	19686.5	82527.9	15264	21150.7	11148.8	3786.09	2401.56	7556.81	837667	0	3	1	0	0xd43f5e018b415631
6	1	1	v2	11	2026-07-15T07:04:18Z	2026-07-15T07:04:29Z	59000	60000	1600000	1600000	0	169680	2163.68	20035.3	84155.2	15136	22332.2	11551.5	4189.73	2476.77	7557.77	841241	0	13	1	0	0xd43f5e018b415631
6	1	1	v2	12	2026-07-15T07:04:18Z	2026-07-15T07:04:29Z	59000	60000	1600000	1600000	0	166863	2220.39	19755.4	82856.9	15231.5	21734.5	10993.9	4017.18	2385.89	7582.81	838730	0	2	1	0	0xd43f5e018b415631
6	1	1	v2	13	2026-07-15T07:04:18Z	2026-07-15T07:04:29Z	59000	60000	1600000	1600000	0	166156	2183.14	19700.4	82568.4	15236.4	21540	10864.4	3957.51	2390.64	7630.19	822035	0	2	1	0	0xd43f5e018b415631
6	1	1	v2	14	2026-07-15T07:04:18Z	2026-07-15T07:04:29Z	59000	60000	1600000	1600000	0	166860	2187.18	19911.8	82650.9	15161.5	22003.7	10998.7	3882.68	2434.06	7546.85	838742	0	2	1	0	0xd43f5e018b415631
6	1	1	v2	15	2026-07-15T07:04:18Z	2026-07-15T07:04:29Z	59000	60000	1600000	1600000	0	166117	2249.68	19573.3	82408.6	15211.9	21661.8	11004.5	3964.68	2387.43	7570.85	837982	0	2	1	0	0xd43f5e018b415631
6	1	1	v2	16	2026-07-15T07:04:18Z	2026-07-15T07:04:29Z	59000	60000	1600000	1600000	0	166826	2172.47	19507.8	82584	15311.1	22227.7	10988	3983.93	2397.52	7569.15	838627	0	3	1	0	0xd43f5e018b415631
6	1	1	v2	17	2026-07-15T07:04:18Z	2026-07-15T07:04:29Z	59000	60000	1600000	1600000	0	166419	2177.09	19674.6	82455.4	15149.7	22020.9	10959.5	3890.68	2441.39	7562.52	822366	0	1	1	0	0xd43f5e018b415631
6	1	1	v2	18	2026-07-15T07:04:18Z	2026-07-15T07:04:29Z	59000	60000	1600000	1600000	0	166362	2221.85	19758.1	82597.3	15250.8	21619.2	11093.4	3731.84	2438.89	7565.35	838235	0	6	1	0	0xd43f5e018b415631
6	1	1	v2	19	2026-07-15T07:04:18Z	2026-07-15T07:04:29Z	59000	60000	1600000	1600000	0	166160	2183.14	19678	82427.1	15202.5	21599.3	10917.2	4044.06	2388.89	7634.02	821846	0	5	1	0	0xd43f5e018b415631
6	1	1	v2	20	2026-07-15T07:04:18Z	2026-07-15T07:04:29Z	59000	60000	1600000	1600000	0	167057	2261.56	19661.4	82594.4	15202.9	22094.9	11222.1	3966.64	2396.06	7574.6	838967	0	1	1	0	0xd43f5e018b415631
6	1	1	v2	21	2026-07-15T07:04:18Z	2026-07-15T07:04:29Z	59000	60000	1600000	1600000	0	167198	2236.3	19635.6	82911.2	15096.9	22241.5	11219.9	3816.51	2391.56	7568.56	839125	0	1	1	0	0xd43f5e018b415631
6	1	1	v2	22	2026-07-15T07:04:18Z	2026-07-15T07:04:29Z	59000	60000	1600000	1600000	0	165545	2223.43	19596.4	82220.4	15215.9	21332.1	10938.8	3971.14	2389.89	7570.1	821430	0	2	1	0	0xd43f5e018b415631
6	1	1	v2	23	2026-07-15T07:04:18Z	2026-07-15T07:04:29Z	59000	60000	1600000	1600000	0	169882	2165.47	19659.4	85441.7	15167	22271.2	11140	3911.47	2469.93	7571.56	841693	0	5	1	0	0xd43f5e018b415631
6	1	1	v2	24	2026-07-15T07:04:18Z	2026-07-15T07:04:29Z	59000	60000	1600000	1600000	0	166034	2230.1	19866.4	82415.4	15182.9	21105.8	10955.8	4210.94	2407.52	7573.98	837785	0	6	1	0	0xd43f5e018b415631
6	1	1	v2	25	2026-07-15T07:04:18Z	2026-07-15T07:04:29Z	59000	60000	1600000	1600000	0	166527	2214.93	19738.2	82617.1	15247.8	21946.8	10997.3	3800.76	2498.23	7360.01	822343	0	3	1	0	0xd43f5e018b415631
6	1	1	v2	26	2026-07-15T07:04:18Z	2026-07-15T07:04:29Z	59000	60000	1600000	1600000	0	167072	2235.18	19739.4	82587.7	15167.8	22368.4	10812.4	4020.97	2466.18	7570.81	838939	0	2	1	0	0xd43f5e018b415631
6	1	1	v2	27	2026-07-15T07:04:18Z	2026-07-15T07:04:29Z	59000	60000	1600000	1600000	0	165658	2238.47	19640.9	82404.9	15203.8	21184.4	11065.4	3903.06	2393.81	7536.98	837600	0	1	1	0	0xd43f5e018b415631
6	1	1	v2	28	2026-07-15T07:04:18Z	2026-07-15T07:04:29Z	59000	60000	1600000	1600000	0	166520	2203.14	19771.4	82477	15213	21914.8	10887.8	3970.77	2504.77	7493.77	822524	0	0	1	0	0xd43f5e018b415631
6	1	1	v2	29	2026-07-15T07:04:18Z	2026-07-15T07:04:29Z	59000	60000	1600000	1600000	0	167046	2230.93	19691.7	82456.7	15153.4	22321.7	11283.8	3790.42	2448.6	7584.9	839039	0	0	1	0	0xd43f5e018b415631
6	1	1	v2	30	2026-07-15T07:04:18Z	2026-07-15T07:04:29Z	59000	60000	1600000	1600000	0	165942	2272.39	19786.7	82282.4	15199.4	21225.1	11145.8	3990.76	2403.31	7554.35	837774	0	6	1	0	0xd43f5e018b415631
6	1	1	v2	31	2026-07-15T07:04:18Z	2026-07-15T07:04:29Z	59000	60000	1600000	1600000	0	166497	2185.26	19810.2	82393.9	15231.9	21862	10937	4064.39	2487.35	7438.18	822304	0	3	1	0	0xd43f5e018b415631
6	1	1	v2	32	2026-07-15T07:04:18Z	2026-07-15T07:04:29Z	59000	60000	1600000	1600000	0	166615	2266.76	19626.4	82759.6	15207.9	21649.2	10926.7	4091.97	2430.43	7571.19	838532	0	1	1	0	0xd43f5e018b415631
6	1	1	v2	33	2026-07-15T07:04:18Z	2026-07-15T07:04:29Z	59000	60000	1600000	1600000	0	165724	2230.89	19559.1	82324.1	15163	21495.4	10967	3952.05	2397.89	7518.35	821728	0	0	1	0	0xd43f5e018b415631
6	1	1	v2	34	2026-07-15T07:04:18Z	2026-07-15T07:04:29Z	59000	60000	1600000	1600000	0	166466	2192.72	19742.4	82510.9	15134.4	22240	10701.2	3886.93	2369.1	7604.4	838318	0	2	1	0	0xd43f5e018b415631
6	1	1	v2	35	2026-07-15T07:04:18Z	2026-07-15T07:04:29Z	59000	60000	1600000	1600000	0	168641	2231.22	22291.7	82509.8	15332.7	21764.2	10994.7	3829.93	2379.89	7222.64	840393	0	6	1	0	0xd43f5e018b415631
6	1	1	v2	36	2026-07-15T07:04:18Z	2026-07-15T07:04:29Z	59000	60000	1600000	1600000	0	166955	2221.8	19640.4	82499.7	15214.7	22306.5	11087.1	3969.1	2388.47	7547.69	838712	0	8	1	0	0xd43f5e018b415631
6	1	1	v2	37	2026-07-15T07:04:18Z	2026-07-15T07:04:29Z	59000	60000	1600000	1600000	0	165584	2212.76	19696.5	82286.4	15203.4	21330.4	10992.7	3788.84	2385.85	7602.94	837396	0	3	1	0	0xd43f5e018b415631
6	1	1	v2	38	2026-07-15T07:04:18Z	2026-07-15T07:04:29Z	59000	60000	1600000	1600000	0	166745	2196.43	19631.5	82550.5	15164.8	21977.7	11293.8	3879.67	2472.39	7494.64	822615	0	2	1	0	0xd43f5e018b415631
6	1	1	v2	39	2026-07-15T07:04:18Z	2026-07-15T07:04:29Z	59000	60000	1600000	1600000	0	166194	2241.35	19608.8	82342	15264.6	21741.5	11051.4	3896.59	2382.72	7582.39	838187	0	0	1	0	0xd43f5e018b415631
6	1	1	v2	40	2026-07-15T07:04:18Z	2026-07-15T07:04:29Z	59000	60000	1600000	1600000	0	165524	2190.8	19591.5	82338.5	15186.3	21649.5	10862.9	3886.68	2423.69	7307.72	821528	0	0	1	0	0xd43f5e018b415631
6	1	1	v2	41	2026-07-15T07:04:18Z	2026-07-15T07:04:29Z	59000	60000	1600000	1600000	0	166509	2220.68	19665.3	82233.6	15168.5	22318.1	10945.7	3841.43	2429.9	7597.65	838499	0	0	1	0	0xd43f5e018b415631
6	1	1	v2	42	2026-07-15T07:04:18Z	2026-07-15T07:04:29Z	59000	60000	1600000	1600000	0	167520	3284.75	19646.9	82666.3	15122.6	21605.4	10930.8	4172.14	2430.02	7575.44	839363	0	6	1	0	0xd43f5e018b415631
6	1	1	v2	43	2026-07-15T07:04:18Z	2026-07-15T07:04:29Z	59000	60000	1600000	1600000	0	166209	2209.14	19643.4	82642.6	15136.2	21421.5	11220.9	3927.13	2392.81	7526.81	821988	0	4	1	0	0xd43f5e018b415631
6	1	1	v2	44	2026-07-15T07:04:18Z	2026-07-15T07:04:29Z	59000	60000	1600000	1600000	0	166856	2187.68	19574.3	83065	15197.2	21885.5	10921.6	3938.93	2427.85	7574.89	822489	0	1	1	0	0xd43f5e018b415631
6	1	1	v2	45	2026-07-15T07:04:18Z	2026-07-15T07:04:29Z	59000	60000	1600000	1600000	0	166410	2242.51	19644.5	82743.6	15219.5	21621.8	10924.8	3906.26	2428.06	7597.02	838338	0	1	1	0	0xd43f5e018b415631
6	1	1	v2	46	2026-07-15T07:04:18Z	2026-07-15T07:04:29Z	59000	60000	1600000	1600000	0	166113	2243.26	19739.8	82386.7	15253.1	21517.8	10986.5	3928.64	2400.64	7570.48	822006	0	2	1	0	0xd43f5e018b415631
6	1	1	v2	47	2026-07-15T07:04:18Z	2026-07-15T07:04:29Z	59000	60000	1600000	1600000	0	169530	2770.07	20661	83208.9	15162.7	22186.4	11122.1	3933.81	2759.19	7643.52	841314	0	6	1	0	0xd43f5e018b415631
6	1	1	v2	48	2026-07-15T07:04:18Z	2026-07-15T07:04:29Z	59000	60000	1600000	1600000	0	166225	2224.68	19736.2	82550.4	15333.8	21362.6	11152.4	3823.97	2386.02	7565.94	838099	0	6	1	0	0xd43f5e018b415631
6	1	1	v2	49	2026-07-15T07:04:18Z	2026-07-15T07:04:29Z	59000	60000	1600000	1600000	0	166647	2178.09	19647.1	82605	15286	21947.1	11029.7	3932.93	2428.23	7508.6	822453	0	3	1	0	0xd43f5e018b415631
7	1	2	v2	0	2026-07-15T07:04:29Z	2026-07-15T07:04:40Z	60000	59000	1600000	1600000	0	165329	2229.43	19655.8	82334	15164.4	21128.9	10852.6	3974.85	2383.27	7524.19	837317	0	0	1	0	0xd43f5e018b415631
7	1	2	v2	1	2026-07-15T07:04:29Z	2026-07-15T07:04:40Z	60000	59000	1600000	1600000	0	166467	2171.51	19456.9	82496.2	15371.7	21961.4	10902.3	4010.14	2445.93	7560.31	822104	0	11	1	0	0xd43f5e018b415631
7	1	2	v2	2	2026-07-15T07:04:29Z	2026-07-15T07:04:40Z	60000	59000	1600000	1600000	0	166973	2336.64	19691.9	82598.9	15133	22290.4	11005.4	3856.51	2389.31	7558.1	838873	0	1	1	0	0xd43f5e018b415631
7	1	2	v2	3	2026-07-15T07:04:29Z	2026-07-15T07:04:40Z	60000	59000	1600000	1600000	0	165564	2250.35	19487.6	82314.2	15211.4	21355.1	10948.1	4036.68	2386.98	7487.14	821518	0	1	1	0	0xd43f5e018b415631
7	1	2	v2	4	2026-07-15T07:04:29Z	2026-07-15T07:04:40Z	60000	59000	1600000	1600000	0	166835	2160.59	19773.1	82496.7	15196.5	22054.6	11178.1	3982.43	2456.43	7449.64	822724	0	2	1	0	0xd43f5e018b415631
7	1	2	v2	5	2026-07-15T07:04:29Z	2026-07-15T07:04:40Z	60000	59000	1600000	1600000	0	167989	2212.01	19673.6	82576	16832.7	22112.5	11129.6	3779.09	2387.73	7198.72	839753	0	6	1	0	0xd43f5e018b415631
7	1	2	v2	6	2026-07-15T07:04:29Z	2026-07-15T07:04:40Z	60000	59000	1600000	1600000	0	167022	2235.72	19766.7	82619	15094.9	22258.1	11067.1	3911.93	2380.35	7580.1	839020	0	0	1	0	0xd43f5e018b415631
7	1	2	v2	7	2026-07-15T07:04:29Z	2026-07-15T07:04:40Z	60000	59000	1600000	1600000	0	165852	2234.01	19660.8	82628.1	15172.6	21288.6	11065.8	3786.47	2386.06	7544.1	837534	0	9	1	0	0xd43f5e018b415631
7	1	2	v2	8	2026-07-15T07:04:29Z	2026-07-15T07:04:40Z	60000	59000	1600000	1600000	0	166400	2167.01	19680.9	82420.4	15178.3	21949.6	10963.6	3969.39	2553.4	7433.52	822146	0	2	1	0	0xd43f5e018b415631
7	1	2	v2	9	2026-07-15T07:04:29Z	2026-07-15T07:04:40Z	60000	59000	1600000	1600000	0	166362	2260.47	19733	82478.1	15320.9	21681.9	11037.9	3808.59	2421.64	7535.48	838353	0	0	1	0	0xd43f5e018b415631
7	1	2	v2	10	2026-07-15T07:04:29Z	2026-07-15T07:04:40Z	60000	59000	1600000	1600000	0	165497	2172.55	19751.5	82204.3	15217.4	21688.3	10830.1	3909.43	2386.48	7255.3	821499	0	0	1	0	0xd43f5e018b415631
7	1	2	v2	11	2026-07-15T07:04:29Z	2026-07-15T07:04:40Z	60000	59000	1600000	1600000	0	166346	2210.39	19508.9	82560.7	15195.9	21678.1	11142.4	3894.8	2463.06	7607.15	838340	0	0	1	0	0xd43f5e018b415631
7	1	2	v2	12	2026-07-15T07:04:29Z	2026-07-15T07:04:40Z	60000	59000	1600000	1600000	0	165864	2219.51	19620.1	82689.9	15120.2	21456.3	11002.1	3753.76	2388.98	7522.81	821864	0	0	1	0	0xd43f5e018b415631
7	1	2	v2	13	2026-07-15T07:04:29Z	2026-07-15T07:04:40Z	60000	59000	1600000	1600000	0	166879	2217.14	19671.5	82638.9	15209.1	22113	10982.1	4023.89	2395.02	7542.23	838639	0	8	1	0	0xd43f5e018b415631
7	1	2	v2	14	2026-07-15T07:04:29Z	2026-07-15T07:04:40Z	60000	59000	1600000	1600000	0	166061	2227.64	19527.4	82367.7	15261.3	21682.3	11003.1	3846.14	2383.43	7675.23	837899	0	2	1	0	0xd43f5e018b415631
7	1	2	v2	15	2026-07-15T07:04:29Z	2026-07-15T07:04:40Z	60000	59000	1600000	1600000	0	165720	2176.3	19622.4	82366.1	15265.7	21648.2	11178.9	3816.22	2390.81	7167.13	821609	0	2	1	0	0xd43f5e018b415631
7	1	2	v2	16	2026-07-15T07:04:29Z	2026-07-15T07:04:40Z	60000	59000	1600000	1600000	0	166363	2207.55	19604.5	82609.4	15239.3	21633.8	11079.6	3929.47	2426.85	7546.89	838283	0	1	1	0	0xd43f5e018b415631
7	1	2	v2	17	2026-07-15T07:04:29Z	2026-07-15T07:04:40Z	60000	59000	1600000	1600000	0	166119	2229.14	19641	82597.9	15236.2	21391.2	11092.6	3874.72	2385.18	7585.27	822059	0	1	1	0	0xd43f5e018b415631
7	1	2	v2	18	2026-07-15T07:04:29Z	2026-07-15T07:04:40Z	60000	59000	1600000	1600000	0	166780	2165.47	19608	82864.5	15171.2	21932.6	10857.3	4201.94	2479.44	7412.68	822418	0	7	1	0	0xd43f5e018b415631
7	1	2	v2	19	2026-07-15T07:04:29Z	2026-07-15T07:04:40Z	60000	59000	1600000	1600000	0	167271	2231.35	19677.1	82771.9	15232.6	22239.5	11117.7	3913.14	2418.85	7583.64	839061	0	8	1	0	0xd43f5e018b415631
7	1	2	v2	20	2026-07-15T07:04:29Z	2026-07-15T07:04:40Z	60000	59000	1600000	1600000	0	165783	2244.05	19577	82517.4	15246	21229.3	11122.6	3801.84	2407.18	7551.44	837586	0	3	1	0	0xd43f5e018b415631
7	1	2	v2	21	2026-07-15T07:04:29Z	2026-07-15T07:04:40Z	60000	59000	1600000	1600000	0	166193	2174.05	19493	82356.3	15173.2	21985.6	10986.9	3863.8	2498.39	7576.73	822121	0	1	1	0	0xd43f5e018b415631
7	1	2	v2	22	2026-07-15T07:04:29Z	2026-07-15T07:04:40Z	60000	59000	1600000	1600000	0	165438	2227.51	19478.4	82563	15195.8	21093.4	11034.7	3787.59	2412.02	7557.89	837425	0	0	1	0	0xd43f5e018b415631
7	1	2	v2	23	2026-07-15T07:04:29Z	2026-07-15T07:04:40Z	60000	59000	1600000	1600000	0	167772	4284.98	19827.2	82587.8	15164.6	21137	11004.2	3751.26	2380.64	7552.6	839718	0	1	1	0	0xd43f5e018b415631
7	1	2	v2	24	2026-07-15T07:04:29Z	2026-07-15T07:04:40Z	60000	59000	1600000	1600000	0	166328	2164.34	19525.9	82414.9	15247.8	22001.9	10956.8	3889.1	2490.02	7556.1	822325	0	0	1	0	0xd43f5e018b415631
7	1	2	v2	25	2026-07-15T07:04:29Z	2026-07-15T07:04:40Z	60000	59000	1600000	1600000	0	166576	2224.8	19698	82679.1	15268.7	21671.7	11182.9	3780.3	2396.48	7552.31	838461	0	2	1	0	0xd43f5e018b415631
7	1	2	v2	26	2026-07-15T07:04:29Z	2026-07-15T07:04:40Z	60000	59000	1600000	1600000	0	166134	2202.8	19534.1	82847.8	15205	21529.4	11045.1	3783.26	2393.35	7505.89	821991	0	6	1	0	0xd43f5e018b415631
7	1	2	v2	27	2026-07-15T07:04:29Z	2026-07-15T07:04:40Z	60000	59000	1600000	1600000	0	166546	2163.05	19572.1	82597.5	15176.6	22019.9	10958	3958.43	2433.1	7578.85	822495	0	1	1	0	0xd43f5e018b415631
7	1	2	v2	28	2026-07-15T07:04:29Z	2026-07-15T07:04:40Z	60000	59000	1600000	1600000	0	165175	2209.6	19446.3	82285.7	15203.1	21214.6	11077.5	3757.84	2378.77	7512.39	837106	0	1	1	0	0xd43f5e018b415631
7	1	2	v2	29	2026-07-15T07:04:29Z	2026-07-15T07:04:40Z	60000	59000	1600000	1600000	0	166654	2169.47	19673.5	82544.8	15180.6	21943.1	11092.2	3971.18	2418.06	7576.35	822601	0	1	1	0	0xd43f5e018b415631
7	1	2	v2	30	2026-07-15T07:04:29Z	2026-07-15T07:04:40Z	60000	59000	1600000	1600000	0	168788	2225.97	19487.4	85230.5	15183.2	21350.2	11434.3	3873.18	2374.02	7542.94	840605	0	6	1	0	0xd43f5e018b415631
7	1	2	v2	31	2026-07-15T07:04:29Z	2026-07-15T07:04:40Z	60000	59000	1600000	1600000	0	166609	2267.89	19514.3	82538	15211.7	22134.2	10692.8	4057.68	2388.85	7718.98	822302	0	3	1	0	0xd43f5e018b415631
7	1	2	v2	32	2026-07-15T07:04:29Z	2026-07-15T07:04:40Z	60000	59000	1600000	1600000	0	167005	2238.47	19621.6	82512.6	15535.8	21886.7	11085.2	3974.89	2432.14	7631.44	838399	0	9	1	0	0xd43f5e018b415631
7	1	2	v2	33	2026-07-15T07:04:29Z	2026-07-15T07:04:40Z	60000	59000	1600000	1600000	0	165984	2223.97	19599	82890.9	15127.5	21218.3	11144.4	3763.13	2379.27	7552.35	837694	0	1	1	0	0xd43f5e018b415631
7	1	2	v2	34	2026-07-15T07:04:29Z	2026-07-15T07:04:40Z	60000	59000	1600000	1600000	0	166517	2170.05	19686.5	82471.9	15136.3	22101.8	11035.6	3841.09	2437.52	7552.02	822455	0	1	1	0	0xd43f5e018b415631
7	1	2	v2	35	2026-07-15T07:04:29Z	2026-07-15T07:04:40Z	60000	59000	1600000	1600000	0	166277	2212.14	19490.9	82557	15239.4	21714.6	11069.4	3920.1	2421.6	7567.81	838275	0	0	1	0	0xd43f5e018b415631
7	1	2	v2	36	2026-07-15T07:04:29Z	2026-07-15T07:04:40Z	60000	59000	1600000	1600000	0	165691	2171.09	19542.7	82722.7	15169.3	21663.3	10771.3	3966.81	2384.77	7210.55	821688	0	0	1	0	0xd43f5e018b415631
7	1	2	v2	37	2026-07-15T07:04:29Z	2026-07-15T07:04:40Z	60000	59000	1600000	1600000	0	166143	2213.14	19532.4	82653.4	15226.6	21703.6	10948.6	3779.3	2423.9	7574.14	837970	0	3	1	0	0xd43f5e018b415631
7	1	2	v2	38	2026-07-15T07:04:29Z	2026-07-15T07:04:40Z	60000	59000	1600000	1600000	0	166004	2186.39	19816.7	82628	15194	21501.8	10802.3	3881.47	2391.27	7517.23	821759	0	8	1	0	0xd43f5e018b415631
7	1	2	v2	39	2026-07-15T07:04:29Z	2026-07-15T07:04:40Z	60000	59000	1600000	1600000	0	166700	2212.51	19728.8	82303.4	15169.2	22169	11062.4	4002.72	2394.81	7568.98	838697	0	0	1	0	0xd43f5e018b415631
7	1	2	v2	40	2026-07-15T07:04:29Z	2026-07-15T07:04:40Z	60000	59000	1600000	1600000	0	165858	2228.6	19582	82732.6	15187.3	21103.4	11120.7	3800.63	2434.72	7581.64	837706	0	2	1	0	0xd43f5e018b415631
7	1	2	v2	41	2026-07-15T07:04:29Z	2026-07-15T07:04:40Z	60000	59000	1600000	1600000	0	166152	2184.18	19524.6	82830.5	15208.4	21727.7	10874.1	3987.39	2394.48	7337.22	821947	0	2	1	0	0xd43f5e018b415631
7	1	2	v2	42	2026-07-15T07:04:29Z	2026-07-15T07:04:40Z	60000	59000	1600000	1600000	0	170039	2205.6	19668	84682.1	15370.4	21815.7	12076.6	4162.52	2404.81	7563.94	857380	0	64	1	0	0xd43f5e018b415631
7	1	2	v2	43	2026-07-15T07:04:29Z	2026-07-15T07:04:40Z	60000	59000	1600000	1600000	0	165652	2168.09	19561	82474.9	15298.1	21642.4	10816.6	3937.97	2462.02	7203.3	821529	0	2	1	0	0xd43f5e018b415631
7	1	2	v2	44	2026-07-15T07:04:29Z	2026-07-15T07:04:40Z	60000	59000	1600000	1600000	0	166947	2222.01	19735.4	82521.8	15380.5	22409.8	10823.1	3782.22	2420.98	7568.39	838671	0	8	1	0	0xd43f5e018b415631
7	1	2	v2	45	2026-07-15T07:04:29Z	2026-07-15T07:04:40Z	60000	59000	1600000	1600000	0	165771	2214.93	19669.7	82670.8	15160.8	21206.8	10968.2	3879.3	2396.68	7519.14	837635	0	2	1	0	0xd43f5e018b415631
7	1	2	v2	46	2026-07-15T07:04:29Z	2026-07-15T07:04:40Z	60000	59000	1600000	1600000	0	166296	2186.89	19559.3	82592.4	15173.9	22116.8	10821.9	3767.39	2424.89	7563.98	822228	0	1	1	0	0xd43f5e018b415631
7	1	2	v2	47	2026-07-15T07:04:29Z	2026-07-15T07:04:40Z	60000	59000	1600000	1600000	0	165272	2245.22	19596.6	82398.5	15151.4	21206.6	10886.8	3756.88	2414.22	7530.39	837268	0	0	1	0	0xd43f5e018b415631
7	1	2	v2	48	2026-07-15T07:04:29Z	2026-07-15T07:04:40Z	60000	59000	1600000	1600000	0	166527	2167.84	19697.2	82549.4	15231	21978.9	10967.7	3881.76	2424.52	7543.1	822530	0	0	1	0	0xd43f5e018b415631
7	1	2	v2	49	2026-07-15T07:04:29Z	2026-07-15T07:04:40Z	60000	59000	1600000	1600000	0	165406	2226.43	19626	82281.8	15244	21110.4	10986.9	3880.76	2399.06	7563.23	837284	0	2	1	0	0xd43f5e018b415631
8	1	3	v1	0	2026-07-15T07:04:40Z	2026-07-15T07:04:51Z	61000	60000	1600000	1600000	0	170471	2222.55	19578.9	84853.6	15240.2	22407.2	11452.1	4288.27	2428.52	7912.98	858108	0	7	1	0	0xd43f5e018b415631
8	1	3	v1	1	2026-07-15T07:04:40Z	2026-07-15T07:04:51Z	61000	60000	1600000	1600000	0	166029	2228.01	19572.2	82388.3	15145.4	21408.5	11079.8	3828.05	2381.56	7908.15	837813	0	4	1	0	0xd43f5e018b415631
8	1	3	v1	2	2026-07-15T07:04:40Z	2026-07-15T07:04:51Z	61000	60000	1600000	1600000	0	167085	2464.81	19835.4	82579.3	15251.8	21771.2	11022.4	3926.43	2478.19	7669.06	822874	0	4	1	0	0xd43f5e018b415631
8	1	3	v1	3	2026-07-15T07:04:40Z	2026-07-15T07:04:51Z	61000	60000	1600000	1600000	0	167202	2229.6	19553.9	82674	15124.2	22200.8	11071.9	3966.26	2386.6	7907.23	838984	0	7	1	0	0xd43f5e018b415631
8	1	3	v1	4	2026-07-15T07:04:40Z	2026-07-15T07:04:51Z	61000	60000	1600000	1600000	0	166472	2201.39	19635.2	82537.7	15184.1	21746.4	11022.6	3724.71	2390.43	7944.03	838473	0	0	1	0	0xd43f5e018b415631
8	1	3	v1	5	2026-07-15T07:04:40Z	2026-07-15T07:04:51Z	61000	60000	1600000	1600000	0	165767	2194.22	19470.3	82413.2	15187	21615.3	10878.5	3834.84	2378.43	7705.86	821705	0	1	1	0	0xd43f5e018b415631
8	1	3	v1	6	2026-07-15T07:04:40Z	2026-07-15T07:04:51Z	61000	60000	1600000	1600000	0	167035	2234.51	19655.8	82629.2	15156.3	22276.5	10899.6	3802.64	2391.68	7904.53	838981	0	1	1	0	0xd43f5e018b415631
8	1	3	v1	7	2026-07-15T07:04:40Z	2026-07-15T07:04:51Z	61000	60000	1600000	1600000	0	165710	2219.68	19562.9	82400.9	15144.6	21176.4	10847.6	3979.85	2401.23	7888.03	837600	0	2	1	0	0xd43f5e018b415631
8	1	3	v1	8	2026-07-15T07:04:40Z	2026-07-15T07:04:51Z	61000	60000	1600000	1600000	0	166612	2195.85	19490.3	82636.6	15191.8	21937.3	10911.3	3876.26	2429.93	7855.98	822477	0	2	1	0	0xd43f5e018b415631
8	1	3	v1	9	2026-07-15T07:04:40Z	2026-07-15T07:04:51Z	61000	60000	1600000	1600000	0	167168	2238.8	19874.2	82128.9	15135.2	22408.1	11237.6	3778.22	2379.35	7905.03	839071	0	7	1	0	0xd43f5e018b415631
8	1	3	v1	10	2026-07-15T07:04:40Z	2026-07-15T07:04:51Z	61000	60000	1600000	1600000	0	165754	2208.85	19621.9	82491.5	15145.9	21097.9	11062.5	3748.8	2384.02	7906.65	837610	0	1	1	0	0xd43f5e018b415631
8	1	3	v1	11	2026-07-15T07:04:40Z	2026-07-15T07:04:51Z	61000	60000	1600000	1600000	0	166452	2167.34	19616.4	82451.1	15186.6	21935.8	10839.7	3786.72	2470.6	7913.65	822335	0	2	1	0	0xd43f5e018b415631
8	1	3	v1	12	2026-07-15T07:04:40Z	2026-07-15T07:04:51Z	61000	60000	1600000	1600000	0	170222	2238.3	19512.1	84784.5	15715.9	22358.9	11101.6	4066.56	2434.6	7925.65	858033	0	5	1	0	0xd43f5e018b415631
8	1	3	v1	13	2026-07-15T07:04:40Z	2026-07-15T07:04:51Z	61000	60000	1600000	1600000	0	166874	2186.43	20343.7	82657.9	15203.3	21207.6	11054.3	3849.88	2382.89	7898.86	838863	0	0	1	0	0xd43f5e018b415631
8	1	3	v1	14	2026-07-15T07:04:40Z	2026-07-15T07:04:51Z	61000	60000	1600000	1600000	0	166300	2168.14	19560.5	82351.1	15222	21766.6	10903.6	4049.72	2400.93	7792.31	822001	0	5	1	0	0xd43f5e018b415631
8	1	3	v1	15	2026-07-15T07:04:40Z	2026-07-15T07:04:51Z	61000	60000	1600000	1600000	0	167350	2241.18	19529.9	82595.5	15123.4	22302.2	11030.7	4162.27	2391.93	7881.78	838986	0	9	1	0	0xd43f5e018b415631
8	1	3	v1	16	2026-07-15T07:04:40Z	2026-07-15T07:04:51Z	61000	60000	1600000	1600000	0	167398	2204.18	19672.9	82894.6	15140.7	22296.8	10889.4	3878.34	2434.93	7900.9	839101	0	1	1	0	0xd43f5e018b415631
8	1	3	v1	17	2026-07-15T07:04:40Z	2026-07-15T07:04:51Z	61000	60000	1600000	1600000	0	166863	2219.39	19684.2	82511.2	15248.7	21823.7	11032.5	3926.72	2402.18	7927.4	838796	0	1	1	0	0xd43f5e018b415631
8	1	3	v1	18	2026-07-15T07:04:40Z	2026-07-15T07:04:51Z	61000	60000	1600000	1600000	0	166414	2181.18	19488.6	82519.6	15202.7	21454.4	11025.3	4137.68	2381.44	7938.4	838407	0	0	1	0	0xd43f5e018b415631
8	1	3	v1	19	2026-07-15T07:04:40Z	2026-07-15T07:04:51Z	61000	60000	1600000	1600000	0	166960	2160.18	19716.7	82671.1	15204.4	22021	10829.3	3922.06	2438.85	7909.82	822877	0	2	1	0	0xd43f5e018b415631
8	1	3	v1	20	2026-07-15T07:04:40Z	2026-07-15T07:04:51Z	61000	60000	1600000	1600000	0	167148	2235.3	19664.3	82665	15165.4	22287	10886.8	3792.05	2445.35	7924.61	838982	0	3	1	0	0xd43f5e018b415631
8	1	3	v1	21	2026-07-15T07:04:40Z	2026-07-15T07:04:51Z	61000	60000	1600000	1600000	0	167117	2230.26	19696.7	82926.5	15314.3	21756.5	10904	3833.88	2472.97	7897.15	838917	0	7	1	0	0xd43f5e018b415631
8	1	3	v1	22	2026-07-15T07:04:40Z	2026-07-15T07:04:51Z	61000	60000	1600000	1600000	0	166342	2236.8	19500.1	82553.6	15247.3	21404.9	11104.6	3909.51	2391.85	7909.19	838331	0	0	1	0	0xd43f5e018b415631
8	1	3	v1	23	2026-07-15T07:04:40Z	2026-07-15T07:04:51Z	61000	60000	1600000	1600000	0	166695	2159.05	19656	82372.6	15204.6	21946.7	10992.8	3844.09	2511.48	7919.86	822577	0	2	1	0	0xd43f5e018b415631
8	1	3	v1	24	2026-07-15T07:04:40Z	2026-07-15T07:04:51Z	61000	60000	1600000	1600000	0	170748	2238.93	19706.1	85581.9	15127.5	22422.8	11150.1	4037.27	2429.27	7969.32	858318	0	9	1	0	0xd43f5e018b415631
8	1	3	v1	25	2026-07-15T07:04:40Z	2026-07-15T07:04:51Z	61000	60000	1600000	1600000	0	166053	2234.43	19646.9	82437.7	15195.3	21327.4	10859.3	3990.22	2386.85	7887.07	837993	0	1	1	0	0xd43f5e018b415631
8	1	3	v1	26	2026-07-15T07:04:40Z	2026-07-15T07:04:51Z	61000	60000	1600000	1600000	0	166717	2164.84	19687.3	82722.1	15242.4	21822.6	10917.9	3894.18	2435.1	7743.9	822504	0	3	1	0	0xd43f5e018b415631
8	1	3	v1	27	2026-07-15T07:04:40Z	2026-07-15T07:04:51Z	61000	60000	1600000	1600000	0	167134	2219.01	19676.9	82552	15111.4	22214.9	10935.2	4010.85	2382.72	7943.78	838920	0	7	1	0	0xd43f5e018b415631
8	1	3	v1	28	2026-07-15T07:04:40Z	2026-07-15T07:04:51Z	61000	60000	1600000	1600000	0	166417	2226.22	19586.6	82393.9	15245.2	21638.9	11077.6	3848.09	2405.89	7906.73	838348	0	1	1	0	0xd43f5e018b415631
8	1	3	v1	29	2026-07-15T07:04:40Z	2026-07-15T07:04:51Z	61000	60000	1600000	1600000	0	168576	3684.22	19699.3	82781.5	15154.5	21616	11295.2	3905.26	2435.02	7922.28	840452	0	2	1	0	0xd43f5e018b415631
8	1	3	v1	30	2026-07-15T07:04:40Z	2026-07-15T07:04:51Z	61000	60000	1600000	1600000	0	165959	2230.64	19583.4	82372.5	15147.7	21345.8	11059.1	3865.34	2386.93	7879.15	837900	0	1	1	0	0xd43f5e018b415631
8	1	3	v1	31	2026-07-15T07:04:40Z	2026-07-15T07:04:51Z	61000	60000	1600000	1600000	0	166759	2181.26	19604.9	82374.6	15192.6	22080	10952.2	3890.14	2443.98	7955.65	822698	0	1	1	0	0xd43f5e018b415631
8	1	3	v1	32	2026-07-15T07:04:40Z	2026-07-15T07:04:51Z	61000	60000	1600000	1600000	0	166742	2236.93	19517.6	82338.6	15168.1	22357.6	10812.1	3834.3	2480.02	7907.94	838541	0	3	1	0	0xd43f5e018b415631
8	1	3	v1	33	2026-07-15T07:04:40Z	2026-07-15T07:04:51Z	61000	60000	1600000	1600000	0	166000	2201.3	19450.3	82473.3	15234.2	21346.3	11090.3	3805.68	2383.22	7927.23	837862	0	6	1	0	0xd43f5e018b415631
8	1	3	v1	34	2026-07-15T07:04:40Z	2026-07-15T07:04:51Z	61000	60000	1600000	1600000	0	166705	2175.51	19648.8	82345.5	15127.1	21997.4	11187.6	3801.34	2468.43	7869.61	822706	0	0	1	0	0xd43f5e018b415631
8	1	3	v1	35	2026-07-15T07:04:40Z	2026-07-15T07:04:51Z	61000	60000	1600000	1600000	0	167357	2234.85	19579.7	82592	15250.7	22264.5	11035.3	4000.18	2392.93	7923.03	839230	0	2	1	0	0xd43f5e018b415631
8	1	3	v1	36	2026-07-15T07:04:40Z	2026-07-15T07:04:51Z	61000	60000	1600000	1600000	0	169345	2212.55	19585.6	84952.6	15712.8	21160.4	11317.4	3984.64	2439.77	7891.32	857142	0	5	1	0	0xd43f5e018b415631
8	1	3	v1	37	2026-07-15T07:04:40Z	2026-07-15T07:04:51Z	61000	60000	1600000	1600000	0	166615	2160.8	19521.5	82514	15161.5	22131.3	10832.3	3752.59	2489.27	7963.15	822525	0	2	1	0	0xd43f5e018b415631
8	1	3	v1	38	2026-07-15T07:04:40Z	2026-07-15T07:04:51Z	61000	60000	1600000	1600000	0	167285	2237.47	19791.2	82665.9	15155.4	22321.6	10910.4	3803.97	2391.31	7922.23	838997	0	4	1	0	0xd43f5e018b415631
8	1	3	v1	39	2026-07-15T07:04:40Z	2026-07-15T07:04:51Z	61000	60000	1600000	1600000	0	184622	2209.93	19650.9	96622.6	15391.7	22063.7	13231.6	5068.54	2552.69	7737.9	911648	0	51	1	0	0xd43f5e018b415631
8	1	3	v1	40	2026-07-15T07:04:40Z	2026-07-15T07:04:51Z	61000	60000	1600000	1600000	0	179628	3552.84	24689.9	88133.9	15532.6	21621.2	11608.1	3959.72	2608.57	7832.86	898345	0	32	1	0	0xd43f5e018b415631
8	1	3	v1	41	2026-07-15T07:04:40Z	2026-07-15T07:04:51Z	61000	60000	1600000	1600000	0	189116	2293.43	21571.3	90333.1	19765.5	26400.5	13171.6	4285.31	3308.25	7892.57	947366	0	175	1	0	0xd43f5e018b415631
8	1	3	v1	42	2026-07-15T07:04:40Z	2026-07-15T07:04:51Z	61000	60000	1600000	1600000	0	183199	2172.8	20224	95822.6	15503.6	22327.8	11930.6	4575.19	2544.85	8008.82	916747	0	84	1	0	0xd43f5e018b415631
8	1	3	v1	43	2026-07-15T07:04:40Z	2026-07-15T07:04:51Z	61000	60000	1600000	1600000	0	173286	2515.85	25473.5	82838.3	15246.6	21830.5	10994.3	3974.8	2421.39	7902.11	860304	0	21	1	0	0xd43f5e018b415631
8	1	3	v1	44	2026-07-15T07:04:40Z	2026-07-15T07:04:51Z	61000	60000	1600000	1600000	0	177699	2167.55	19559.3	92716.1	15772.3	21405.1	12102.5	3842.14	2423.97	7620.23	880698	0	27	1	0	0xd43f5e018b415631
8	1	3	v1	45	2026-07-15T07:04:40Z	2026-07-15T07:04:51Z	61000	60000	1600000	1600000	0	171771	2233.26	19999.4	83205.7	17213.8	23440.9	11032.4	3977.35	2852.36	7734.44	859197	0	16	1	0	0xd43f5e018b415631
8	1	3	v1	46	2026-07-15T07:04:40Z	2026-07-15T07:04:51Z	61000	60000	1600000	1600000	0	176416	2204.14	19521.8	87954.9	16272.5	23235.8	12162.3	4111.18	3022.78	7844.73	879261	0	21	1	0	0xd43f5e018b415631
8	1	3	v1	47	2026-07-15T07:04:40Z	2026-07-15T07:04:51Z	61000	60000	1600000	1600000	0	171260	2166.93	19818.4	85001.8	15227.2	22721.6	12111	4069.77	2465.02	7589.81	842778	0	12	1	0	0xd43f5e018b415631
8	1	3	v1	48	2026-07-15T07:04:40Z	2026-07-15T07:04:51Z	61000	60000	1600000	1600000	0	176298	2231.72	19538.9	88253.2	16200.7	24440.8	11353.3	3746.8	2573.27	7870.86	879350	0	27	1	0	0xd43f5e018b415631
8	1	3	v1	49	2026-07-15T07:04:40Z	2026-07-15T07:04:51Z	61000	60000	1600000	1600000	0	173254	2187.72	19612.9	87394.3	15241.9	22388.7	11315.2	4664.82	2468.39	7890.11	860637	0	14	1	0	0xd43f5e018b415631
9	2	0	v1	0	2026-07-15T07:04:52Z	2026-07-15T07:05:03Z	60000	60000	1600000	1600000	0	166649	2215.51	20074.9	82435.3	15154.6	21180.5	11265.1	3980.68	2389.31	7863.32	838350	0	6	1	0	0xd43f5e018b415631
9	2	0	v1	1	2026-07-15T07:04:52Z	2026-07-15T07:05:03Z	60000	60000	1600000	1600000	0	167155	2198.18	19618.1	82968.1	15176.1	21933.5	10930.6	3917.01	2391.72	7939.69	838714	0	3	1	0	0xd43f5e018b415631
9	2	0	v1	2	2026-07-15T07:04:52Z	2026-07-15T07:05:03Z	60000	60000	1600000	1600000	0	166886	2307.6	19503.4	82790.2	15215.2	22032.5	10842.1	3748.55	2465.89	7893.4	822886	0	0	1	0	0xd43f5e018b415631
9	2	0	v1	3	2026-07-15T07:04:52Z	2026-07-15T07:05:03Z	60000	60000	1600000	1600000	0	166640	2196.93	19586.7	82518.2	15178.8	21822.2	11005.6	3898.59	2447.89	7895.57	838462	0	7	1	0	0xd43f5e018b415631
9	2	0	v1	4	2026-07-15T07:04:52Z	2026-07-15T07:05:03Z	60000	60000	1600000	1600000	0	166253	2215.68	19722.4	82368.4	15212.4	21344.9	10982.8	3995.14	2391.18	7935.94	838126	0	2	1	0	0xd43f5e018b415631
9	2	0	v1	5	2026-07-15T07:04:52Z	2026-07-15T07:05:03Z	60000	60000	1600000	1600000	0	169187	2162.59	19592.9	83141.1	15664.1	22433.9	11716.6	3984.22	2473.81	7932.61	840792	0	6	1	0	0xd43f5e018b415631
9	2	0	v1	6	2026-07-15T07:04:52Z	2026-07-15T07:05:03Z	60000	60000	1600000	1600000	0	166300	2237.68	19503.4	82520.5	15228	21436.8	11195.6	3702.22	2393.6	7996.61	838125	0	3	1	0	0xd43f5e018b415631
9	2	0	v1	7	2026-07-15T07:04:52Z	2026-07-15T07:05:03Z	60000	60000	1600000	1600000	0	166776	2179.68	19633.7	82550.3	15255.5	21942.8	10910.1	3895.97	2476.73	7846.77	822647	0	2	1	0	0xd43f5e018b415631
9	2	0	v1	8	2026-07-15T07:04:52Z	2026-07-15T07:05:03Z	60000	60000	1600000	1600000	0	166948	2202.89	19650.2	82315.3	15162.8	22372.1	10924.2	3904.93	2422.31	7911.78	838864	0	1	1	0	0xd43f5e018b415631
9	2	0	v1	9	2026-07-15T07:04:52Z	2026-07-15T07:05:03Z	60000	60000	1600000	1600000	0	167564	2936.36	19556.4	82578.1	15167.2	21737.4	11174.1	3928.89	2443.77	7958.19	839447	0	6	1	0	0xd43f5e018b415631
9	2	0	v1	10	2026-07-15T07:04:52Z	2026-07-15T07:05:03Z	60000	60000	1600000	1600000	0	167063	2195.34	19660.5	82634.1	15228.5	21884.4	11116.9	3973.39	2391.19	7892.98	838799	0	4	1	0	0xd43f5e018b415631
9	2	0	v1	11	2026-07-15T07:04:52Z	2026-07-15T07:05:03Z	60000	60000	1600000	1600000	0	165874	2175.43	19605.2	82266.8	15185.6	21649.8	10964.1	3917.1	2403.93	7617.02	821875	0	0	1	0	0xd43f5e018b415631
9	2	0	v1	12	2026-07-15T07:04:52Z	2026-07-15T07:05:03Z	60000	60000	1600000	1600000	0	166848	2203.72	19449.5	82465.2	15103.8	22277.3	11064	3881.05	2404.93	7909.23	838680	0	3	1	0	0xd43f5e018b415631
9	2	0	v1	13	2026-07-15T07:04:52Z	2026-07-15T07:05:03Z	60000	60000	1600000	1600000	0	165909	2284.31	19575.4	82242.2	15311.3	21281.4	11085.3	3775.09	2402.85	7863.73	837731	0	3	1	0	0xd43f5e018b415631
9	2	0	v1	14	2026-07-15T07:04:52Z	2026-07-15T07:05:03Z	60000	60000	1600000	1600000	0	166502	2165.39	19448.3	83000.9	15212.8	21771.1	11032.6	3760.55	2389.02	7633.23	822323	0	3	1	0	0xd43f5e018b415631
9	2	0	v1	15	2026-07-15T07:04:52Z	2026-07-15T07:05:03Z	60000	60000	1600000	1600000	0	166939	2243.05	19560.9	82382.5	15352.3	22319.9	10813.2	3833.01	2434.14	7919.4	838839	0	6	1	0	0xd43f5e018b415631
9	2	0	v1	16	2026-07-15T07:04:52Z	2026-07-15T07:05:03Z	60000	60000	1600000	1600000	0	165819	2213.39	19599.1	82396.2	15163.1	21184.6	11162.5	3735.01	2407.6	7874.53	837686	0	2	1	0	0xd43f5e018b415631
9	2	0	v1	17	2026-07-15T07:04:52Z	2026-07-15T07:05:03Z	60000	60000	1600000	1600000	0	166682	2161.8	19493.4	82857.4	15219.2	21925.6	10866	3875.01	2429.6	7768.9	822436	0	4	1	0	0xd43f5e018b415631
9	2	0	v1	18	2026-07-15T07:04:52Z	2026-07-15T07:05:03Z	60000	60000	1600000	1600000	0	167839	3295.83	19661.8	83077.9	15243.2	21664.4	11038.2	3789.05	2380.77	7604.64	839657	0	3	1	0	0xd43f5e018b415631
9	2	0	v1	19	2026-07-15T07:04:52Z	2026-07-15T07:05:03Z	60000	60000	1600000	1600000	0	167556	2212.22	19744.5	82702.1	15205.7	22160	11178.1	3926.05	2380.02	7959.94	839467	0	1	1	0	0xd43f5e018b415631
9	2	0	v1	20	2026-07-15T07:04:52Z	2026-07-15T07:05:03Z	60000	60000	1600000	1600000	0	167062	2208.47	19512.1	82448.1	15137.2	22496.3	10877	3917.89	2440.39	7942.82	839066	0	0	1	0	0xd43f5e018b415631
9	2	0	v1	21	2026-07-15T07:04:52Z	2026-07-15T07:05:03Z	60000	60000	1600000	1600000	0	166003	2218.93	19562.6	82437.2	15191.4	21214.6	11093.7	3882.72	2390.56	7929.65	837993	0	0	1	0	0xd43f5e018b415631
9	2	0	v1	22	2026-07-15T07:04:52Z	2026-07-15T07:05:03Z	60000	60000	1600000	1600000	0	166620	2174.8	19670.8	82753.1	15249.5	21755.6	11009.8	3900.8	2375.72	7642.73	822458	0	6	1	0	0xd43f5e018b415631
9	2	0	v1	23	2026-07-15T07:04:52Z	2026-07-15T07:05:03Z	60000	60000	1600000	1600000	0	167094	2216.3	19723.1	82287.4	15129.7	22278.3	11199.9	3893.31	2399.1	7884.4	839085	0	0	1	0	0xd43f5e018b415631
9	2	0	v1	24	2026-07-15T07:04:52Z	2026-07-15T07:05:03Z	60000	60000	1600000	1600000	0	165865	2232.72	19579.7	82428.2	15213.8	21187.4	10819.8	3868.17	2400.48	8046.11	837703	0	3	1	0	0xd43f5e018b415631
9	2	0	v1	25	2026-07-15T07:04:52Z	2026-07-15T07:05:03Z	60000	60000	1600000	1600000	0	166402	2178.26	19530.3	82413.8	15254.1	21920.2	10907.7	3838.26	2426.1	7849.94	822282	0	2	1	0	0xd43f5e018b415631
9	2	0	v1	26	2026-07-15T07:04:52Z	2026-07-15T07:05:03Z	60000	60000	1600000	1600000	0	167158	2211.97	19810.7	82431.1	15101.6	22297.7	11091.3	3838.22	2393.39	7899.69	839154	0	0	1	0	0xd43f5e018b415631
9	2	0	v1	27	2026-07-15T07:04:52Z	2026-07-15T07:05:03Z	60000	60000	1600000	1600000	0	166583	2230.8	19598.8	82404.3	15193.1	21716.2	11105.4	3871.97	2434.06	7942.19	838576	0	0	1	0	0xd43f5e018b415631
9	2	0	v1	28	2026-07-15T07:04:52Z	2026-07-15T07:05:03Z	60000	60000	1600000	1600000	0	168052	2227.01	19743.3	83648.5	15247.6	21918.2	10954.9	3856.76	2481.47	7888.15	839579	0	14	1	0	0xd43f5e018b415631
9	2	0	v1	29	2026-07-15T07:04:52Z	2026-07-15T07:05:03Z	60000	60000	1600000	1600000	0	166247	2204.59	19454.9	82924.9	15203.4	21413.1	10909.7	3771.47	2381.1	7896.65	837844	0	6	1	0	0xd43f5e018b415631
9	2	0	v1	30	2026-07-15T07:04:52Z	2026-07-15T07:05:03Z	60000	60000	1600000	1600000	0	169359	2155.8	19616.2	85120.9	15284.3	21741.4	11314.4	3708.88	2430.93	7905.32	841184	0	3	1	0	0xd43f5e018b415631
9	2	0	v1	31	2026-07-15T07:04:52Z	2026-07-15T07:05:03Z	60000	60000	1600000	1600000	0	167575	2418.77	19524.4	82947.3	15363.7	22163.4	10818.6	3956.39	2381.27	7915.07	839118	0	5	1	0	0xd43f5e018b415631
9	2	0	v1	32	2026-07-15T07:04:52Z	2026-07-15T07:05:03Z	60000	60000	1600000	1600000	0	166346	2177.43	19777.7	82653.1	15156	21452.8	10856.4	3892.01	2392.06	7902.82	838261	0	1	1	0	0xd43f5e018b415631
9	2	0	v1	33	2026-07-15T07:04:52Z	2026-07-15T07:05:03Z	60000	60000	1600000	1600000	0	166928	2175.18	19696.1	82635.6	15247.7	21993.9	10844.6	3902.97	2436.77	7909.57	822868	0	1	1	0	0xd43f5e018b415631
9	2	0	v1	34	2026-07-15T07:04:52Z	2026-07-15T07:05:03Z	60000	60000	1600000	1600000	0	167159	2224.64	19620.9	82525.4	15205.6	22349.8	10969.9	3843.85	2379.1	7959.61	838987	0	7	1	0	0xd43f5e018b415631
9	2	0	v1	35	2026-07-15T07:04:52Z	2026-07-15T07:05:03Z	60000	60000	1600000	1600000	0	166594	2217.8	19604.5	82422.8	15195.4	21805	11196.4	3764.26	2400.14	7903.15	838530	0	1	1	0	0xd43f5e018b415631
9	2	0	v1	36	2026-07-15T07:04:52Z	2026-07-15T07:05:03Z	60000	60000	1600000	1600000	0	166561	2185.89	19805.7	82591.3	15187.1	21579.6	10954	3800.46	2396.1	7967.99	838245	0	4	1	0	0xd43f5e018b415631
9	2	0	v1	37	2026-07-15T07:04:52Z	2026-07-15T07:05:03Z	60000	60000	1600000	1600000	0	166665	2204.18	19670	82411.6	15198.2	22155.2	10767.5	3854.47	2427.48	7889.11	822618	0	1	1	0	0xd43f5e018b415631
9	2	0	v1	38	2026-07-15T07:04:52Z	2026-07-15T07:05:03Z	60000	60000	1600000	1600000	0	166456	2242.72	19688.4	82489.8	15272	21693.5	10804.3	3805.18	2387.6	7990.24	838393	0	1	1	0	0xd43f5e018b415631
9	2	0	v1	39	2026-07-15T07:04:52Z	2026-07-15T07:05:03Z	60000	60000	1600000	1600000	0	165660	2182.72	19513.1	82200	15229	21648.6	10866.4	3897.72	2401.89	7637.02	821519	0	1	1	0	0xd43f5e018b415631
9	2	0	v1	40	2026-07-15T07:04:52Z	2026-07-15T07:05:03Z	60000	60000	1600000	1600000	0	167406	2436.18	19646.6	82551.9	15143.6	22206.6	11108.4	3943.97	2383.68	7902.15	839134	0	8	1	0	0xd43f5e018b415631
9	2	0	v1	41	2026-07-15T07:04:52Z	2026-07-15T07:05:03Z	60000	60000	1600000	1600000	0	167385	2214.39	19529.4	82488.1	15092.6	22474.6	11238.5	3843.63	2446.23	7972.4	839064	0	5	1	0	0xd43f5e018b415631
9	2	0	v1	42	2026-07-15T07:04:52Z	2026-07-15T07:05:03Z	60000	60000	1600000	1600000	0	174819	2204.84	24458.3	85395.9	15263.9	21971.8	11039.3	3965.18	2510.15	7921.19	873251	0	13	1	0	0xd43f5e018b415631
9	2	0	v1	43	2026-07-15T07:04:52Z	2026-07-15T07:05:03Z	60000	60000	1600000	1600000	0	166455	2228.1	19535.1	82775.8	15297.7	21425.8	10943.5	3854.8	2392.81	7916.65	838024	0	4	1	0	0xd43f5e018b415631
9	2	0	v1	44	2026-07-15T07:04:52Z	2026-07-15T07:05:03Z	60000	60000	1600000	1600000	0	166854	2195.43	19606.4	82532.6	15506.5	21910.4	10949.7	3884.64	2495.11	7681.9	822585	0	1	1	0	0xd43f5e018b415631
9	2	0	v1	45	2026-07-15T07:04:52Z	2026-07-15T07:05:03Z	60000	60000	1600000	1600000	0	167045	2228.01	19664.5	82423.4	15104.2	22380.1	11039.5	3808.18	2406.27	7910.23	838931	0	2	1	0	0xd43f5e018b415631
9	2	0	v1	46	2026-07-15T07:04:52Z	2026-07-15T07:05:03Z	60000	60000	1600000	1600000	0	167032	2226.43	19448.5	82852.8	15284.7	22017.7	10879.9	3877.38	2429.89	7926.82	838898	0	6	1	0	0xd43f5e018b415631
9	2	0	v1	47	2026-07-15T07:04:52Z	2026-07-15T07:05:03Z	60000	60000	1600000	1600000	0	166285	2208.09	19529.1	82525.1	15173.8	21497.4	11089.3	3873.38	2400.56	7902.94	838285	0	0	1	0	0xd43f5e018b415631
9	2	0	v1	48	2026-07-15T07:04:52Z	2026-07-15T07:05:03Z	60000	60000	1600000	1600000	0	166746	2169.64	19518.7	82387.9	15179.9	22017	10875	4112.98	2528.52	7867.61	822556	0	3	1	0	0xd43f5e018b415631
9	2	0	v1	49	2026-07-15T07:04:52Z	2026-07-15T07:05:03Z	60000	60000	1600000	1600000	0	167246	2224.3	19699.6	82516.6	15157.7	22384.9	11047.3	3839.63	2386.1	7905.03	839126	0	2	1	0	0xd43f5e018b415631
10	2	1	v2	0	2026-07-15T07:05:03Z	2026-07-15T07:05:14Z	60000	60000	1600000	1600000	0	168952	2276.39	19521.8	84993	15283.4	21570.3	11131	4331.06	2410.31	7343.39	840522	0	8	1	0	0xd43f5e018b415631
10	2	1	v2	1	2026-07-15T07:05:03Z	2026-07-15T07:05:14Z	60000	60000	1600000	1600000	0	167017	2271.3	19590.6	82386.6	15173	22349.5	11167.3	4035.18	2395.64	7558.89	838639	0	6	1	0	0xd43f5e018b415631
10	2	1	v2	2	2026-07-15T07:05:03Z	2026-07-15T07:05:14Z	60000	60000	1600000	1600000	0	168584	2225.47	19604.2	84520.4	15209.9	21447.6	11908.8	3888.13	2395.31	7296.3	839091	0	24	1	0	0xd43f5e018b415631
10	2	1	v2	3	2026-07-15T07:05:03Z	2026-07-15T07:05:14Z	60000	60000	1600000	1600000	0	166011	2246.72	19582	82258.3	15204.7	21626.7	11050.8	3974.14	2423.06	7556.23	838004	0	0	1	0	0xd43f5e018b415631
10	2	1	v2	4	2026-07-15T07:05:03Z	2026-07-15T07:05:14Z	60000	60000	1600000	1600000	0	166136	2199.89	19649.2	82558.3	15269.1	21494.2	11127.6	3827.18	2403.81	7520.81	822020	0	2	1	0	0xd43f5e018b415631
10	2	1	v2	5	2026-07-15T07:05:03Z	2026-07-15T07:05:14Z	60000	60000	1600000	1600000	0	166799	2259.3	19772.6	82456.3	15251.5	22134.4	11083.4	3763.05	2425.76	7570.89	838570	0	7	1	0	0xd43f5e018b415631
10	2	1	v2	6	2026-07-15T07:05:03Z	2026-07-15T07:05:14Z	60000	60000	1600000	1600000	0	166415	2261.18	19735	82284.6	15218.1	21791.4	11183.6	3888.64	2389.27	7576.35	838354	0	1	1	0	0xd43f5e018b415631
10	2	1	v2	7	2026-07-15T07:05:03Z	2026-07-15T07:05:14Z	60000	60000	1600000	1600000	0	166262	2193.43	19547.2	83016	15129.9	21526.6	10845.9	3916.1	2411.89	7582.64	821819	0	6	1	0	0xd43f5e018b415631
10	2	1	v2	8	2026-07-15T07:05:03Z	2026-07-15T07:05:14Z	60000	60000	1600000	1600000	0	167001	2478.77	19712.2	82537.5	15191.5	21975.9	10913.1	4049.22	2509.64	7543.31	838888	0	1	1	0	0xd43f5e018b415631
10	2	1	v2	9	2026-07-15T07:05:03Z	2026-07-15T07:05:14Z	60000	60000	1600000	1600000	0	166070	2257.39	19628.3	82267.7	15256.6	21700	11101.7	3803.22	2385.56	7581.6	838063	0	0	1	0	0xd43f5e018b415631
10	2	1	v2	10	2026-07-15T07:05:03Z	2026-07-15T07:05:14Z	60000	60000	1600000	1600000	0	165848	2185.59	19690.2	82584.9	15195.2	21656.6	10841	3920.68	2383.23	7299.8	821648	0	3	1	0	0xd43f5e018b415631
10	2	1	v2	11	2026-07-15T07:05:03Z	2026-07-15T07:05:14Z	60000	60000	1600000	1600000	0	167057	2247.93	19674.6	82612.4	15274.2	22278.3	11027.8	3912.8	2381.39	7557.89	838886	0	7	1	0	0xd43f5e018b415631
10	2	1	v2	12	2026-07-15T07:05:03Z	2026-07-15T07:05:14Z	60000	60000	1600000	1600000	0	169054	2324.22	19553.2	85239.1	15243.5	21335.9	11525.7	3768.13	2452.52	7524.35	840677	0	6	1	0	0xd43f5e018b415631
10	2	1	v2	13	2026-07-15T07:05:03Z	2026-07-15T07:05:14Z	60000	60000	1600000	1600000	0	166680	2242.18	19655.8	82350.8	15149.4	22178.6	11186.9	3891.93	2391.02	7546.81	838455	0	3	1	0	0xd43f5e018b415631
10	2	1	v2	14	2026-07-15T07:05:03Z	2026-07-15T07:05:14Z	60000	60000	1600000	1600000	0	166590	2266.76	19665.1	82462.2	15343.8	21693.6	11184.4	3872.55	2467.64	7545.43	838273	0	5	1	0	0xd43f5e018b415631
10	2	1	v2	15	2026-07-15T07:05:03Z	2026-07-15T07:05:14Z	60000	60000	1600000	1600000	0	165497	2197.01	19602.6	82386.1	15238.4	21580.2	10923.1	3846.51	2388.64	7247.68	821488	0	0	1	0	0xd43f5e018b415631
10	2	1	v2	16	2026-07-15T07:05:03Z	2026-07-15T07:05:14Z	60000	60000	1600000	1600000	0	167337	2244.43	19607.6	82732.9	15116.2	22216.9	11221.6	4123.81	2385.43	7597.89	839277	0	1	1	0	0xd43f5e018b415631
10	2	1	v2	17	2026-07-15T07:05:03Z	2026-07-15T07:05:14Z	60000	60000	1600000	1600000	0	165496	2232.35	19577.1	82265.1	15286	21143.1	10896.2	4082.93	2378.81	7545.77	837323	0	6	1	0	0xd43f5e018b415631
10	2	1	v2	18	2026-07-15T07:05:03Z	2026-07-15T07:05:14Z	60000	60000	1600000	1600000	0	166235	2200.18	19334.8	82687.3	15149.6	22013.5	10918.5	3761.17	2492.19	7588.85	822110	0	2	1	0	0xd43f5e018b415631
10	2	1	v2	19	2026-07-15T07:05:03Z	2026-07-15T07:05:14Z	60000	60000	1600000	1600000	0	165279	2285.26	19574.4	82396.7	15179.1	21218.5	10820.8	3738.68	2393.6	7580.73	837082	0	3	1	0	0xd43f5e018b415631
10	2	1	v2	20	2026-07-15T07:05:03Z	2026-07-15T07:05:14Z	60000	60000	1600000	1600000	0	166286	2170.89	19478.1	82452.6	15199.5	22012.5	10938.8	3889.3	2482.56	7573.64	822290	0	0	1	0	0xd43f5e018b415631
10	2	1	v2	21	2026-07-15T07:05:03Z	2026-07-15T07:05:14Z	60000	60000	1600000	1600000	0	165510	2231.26	19624.3	82693.7	15106.8	21074.6	10925.9	3798.88	2390.89	7573.81	837439	0	1	1	0	0xd43f5e018b415631
10	2	1	v2	22	2026-07-15T07:05:03Z	2026-07-15T07:05:14Z	60000	60000	1600000	1600000	0	166518	2222.89	19735.1	83076.7	15134.7	21792.4	10840.6	3860.05	2441.93	7326.05	822136	0	5	1	0	0xd43f5e018b415631
10	2	1	v2	23	2026-07-15T07:05:03Z	2026-07-15T07:05:14Z	60000	60000	1600000	1600000	0	167142	2276.97	19734.3	82755.6	15116.2	22230.6	11013.9	3946.85	2392.85	7582.6	839024	0	6	1	0	0xd43f5e018b415631
10	2	1	v2	24	2026-07-15T07:05:03Z	2026-07-15T07:05:14Z	60000	60000	1600000	1600000	0	169277	2273.39	19736.4	84550.8	15881.9	21212.6	11488.2	4070.89	2438.52	7535.02	840943	0	5	1	0	0xd43f5e018b415631
10	2	1	v2	25	2026-07-15T07:05:03Z	2026-07-15T07:05:14Z	60000	60000	1600000	1600000	0	166244	2249.01	19620.5	82309.8	15071.2	22289.2	10873	3777.38	2394.1	7569.27	837993	0	4	1	0	0xd43f5e018b415631
10	2	1	v2	26	2026-07-15T07:05:03Z	2026-07-15T07:05:14Z	60000	60000	1600000	1600000	0	167848	3273.45	19659.4	82605	15133.5	22248.6	10938.2	3949.47	2387.51	7565.56	839597	0	2	1	0	0xd43f5e018b415631
10	2	1	v2	27	2026-07-15T07:05:03Z	2026-07-15T07:05:14Z	60000	60000	1600000	1600000	0	165550	2233.35	19674.3	82409.1	15157.5	21213.7	10999.1	3818.34	2392.14	7558.35	837540	0	0	1	0	0xd43f5e018b415631
10	2	1	v2	28	2026-07-15T07:05:03Z	2026-07-15T07:05:14Z	60000	60000	1600000	1600000	0	166497	2272.39	19681.9	82446.3	15155.3	21966.7	10786	4071.85	2497.35	7529.98	822435	0	1	1	0	0xd43f5e018b415631
10	2	1	v2	29	2026-07-15T07:05:03Z	2026-07-15T07:05:14Z	60000	60000	1600000	1600000	0	167151	2245.47	19691.1	82570.5	15334	22255.8	11113.6	3850.13	2443.43	7558.27	839045	0	6	1	0	0xd43f5e018b415631
10	2	1	v2	30	2026-07-15T07:05:03Z	2026-07-15T07:05:14Z	60000	60000	1600000	1600000	0	165698	2257.05	19537.9	82566.3	15168.6	21243.5	11131.7	3781.38	2380.6	7543.14	837618	0	1	1	0	0xd43f5e018b415631
10	2	1	v2	31	2026-07-15T07:05:03Z	2026-07-15T07:05:14Z	60000	60000	1600000	1600000	0	166572	2196.89	19682.1	82404.5	15269.7	21929.5	11047.3	3885.35	2468.35	7602.23	822252	0	5	1	0	0xd43f5e018b415631
10	2	1	v2	32	2026-07-15T07:05:03Z	2026-07-15T07:05:14Z	60000	60000	1600000	1600000	0	166138	2236.89	19645.6	82427.8	15251.7	21682.7	10927.6	3917.76	2390.89	7567.18	838130	0	0	1	0	0xd43f5e018b415631
10	2	1	v2	33	2026-07-15T07:05:03Z	2026-07-15T07:05:14Z	60000	60000	1600000	1600000	0	165553	2195.01	19505.5	82433.8	15150.7	21812.4	10704.7	3769.01	2417.31	7477.14	821547	0	0	1	0	0xd43f5e018b415631
10	2	1	v2	34	2026-07-15T07:05:03Z	2026-07-15T07:05:14Z	60000	60000	1600000	1600000	0	166935	2233.64	19707.1	82597.5	15201.1	22377	10845.7	3843.26	2436.47	7606.69	838659	0	3	1	0	0xd43f5e018b415631
10	2	1	v2	35	2026-07-15T07:05:03Z	2026-07-15T07:05:14Z	60000	60000	1600000	1600000	0	165532	2241.8	19568.5	82356.8	15148.8	21399.9	10990.3	3838.3	2389.52	7506.68	821486	0	1	1	0	0xd43f5e018b415631
10	2	1	v2	36	2026-07-15T07:05:03Z	2026-07-15T07:05:14Z	60000	60000	1600000	1600000	0	170451	2551.48	20016.7	84875.7	15619.1	22130.7	10945.6	4218.44	2435.6	7568.48	857789	0	12	1	0	0xd43f5e018b415631
10	2	1	v2	37	2026-07-15T07:05:03Z	2026-07-15T07:05:14Z	60000	60000	1600000	1600000	0	165704	2246.3	19581.3	82597.1	15216.3	21125.1	10996.5	3865.14	2410.18	7573.68	837514	0	3	1	0	0xd43f5e018b415631
10	2	1	v2	38	2026-07-15T07:05:03Z	2026-07-15T07:05:14Z	60000	60000	1600000	1600000	0	166448	2231.89	19780.1	82418.5	15179	21913.8	10959.2	3802.17	2543.14	7531.23	822300	0	2	1	0	0xd43f5e018b415631
10	2	1	v2	39	2026-07-15T07:05:03Z	2026-07-15T07:05:14Z	60000	60000	1600000	1600000	0	166395	2316.64	19552.9	82444.4	15215.6	21634.4	11070.9	3981.55	2427.01	7664.6	838384	0	0	1	0	0xd43f5e018b415631
10	2	1	v2	40	2026-07-15T07:05:03Z	2026-07-15T07:05:14Z	60000	60000	1600000	1600000	0	166033	2197.8	19520.4	82540.1	15187.4	21568.9	11252.4	3762.09	2384.72	7532.85	821972	0	1	1	0	0xd43f5e018b415631
10	2	1	v2	41	2026-07-15T07:05:03Z	2026-07-15T07:05:14Z	60000	60000	1600000	1600000	0	166303	2200.8	19618.1	82240.5	15115.6	22163.2	11081.3	3854.09	2378.14	7562.1	822172	0	1	1	0	0xd43f5e018b415631
10	2	1	v2	42	2026-07-15T07:05:03Z	2026-07-15T07:05:14Z	60000	60000	1600000	1600000	0	165540	2250.93	19526.1	82661.6	15168	21257.6	10899.5	3764.17	2384.64	7539.39	837420	0	6	1	0	0xd43f5e018b415631
10	2	1	v2	43	2026-07-15T07:05:03Z	2026-07-15T07:05:14Z	60000	60000	1600000	1600000	0	166451	2187.64	19669	82583.9	15189.5	22053.6	10859.9	3786.18	2428.89	7561.1	822211	0	4	1	0	0xd43f5e018b415631
10	2	1	v2	44	2026-07-15T07:05:03Z	2026-07-15T07:05:14Z	60000	60000	1600000	1600000	0	167334	2245.89	19820.6	82786.6	15124.2	22269.7	11019	3990.55	2437.85	7552.52	839328	0	0	1	0	0xd43f5e018b415631
10	2	1	v2	45	2026-07-15T07:05:03Z	2026-07-15T07:05:14Z	60000	60000	1600000	1600000	0	165694	2265.68	19625.2	82354.9	15179	21218.8	11275.6	3747.8	2385.27	7550.14	837617	0	1	1	0	0xd43f5e018b415631
10	2	1	v2	46	2026-07-15T07:05:03Z	2026-07-15T07:05:14Z	60000	60000	1600000	1600000	0	166476	2190.14	19494.8	82637.9	15158.3	22004.4	11032.6	3790.18	2507.73	7571.35	822305	0	3	1	0	0xd43f5e018b415631
10	2	1	v2	47	2026-07-15T07:05:03Z	2026-07-15T07:05:14Z	60000	60000	1600000	1600000	0	166195	2234.72	19605.4	82375.7	15194	21681.2	11231.5	3869.8	2374.02	7538.06	838185	0	0	1	0	0xd43f5e018b415631
10	2	1	v2	48	2026-07-15T07:05:03Z	2026-07-15T07:05:14Z	60000	60000	1600000	1600000	0	169186	2193.59	19749.6	82266	16466.3	23533.1	10953.5	3944.84	2441.35	7547.56	840688	0	11	1	0	0xd43f5e018b415631
10	2	1	v2	49	2026-07-15T07:05:03Z	2026-07-15T07:05:14Z	60000	60000	1600000	1600000	0	166684	2238.05	19569.2	82696.9	15494.8	21718.6	11092.5	3781.72	2435.77	7568.68	838457	0	3	1	0	0xd43f5e018b415631
11	2	2	v2	0	2026-07-15T07:05:14Z	2026-07-15T07:05:24Z	62000	60000	1600000	1600000	0	166052	2207.89	19664.9	82478.3	15239	21734.3	10902.1	3947.97	2419.68	7369.8	821941	0	2	1	0	0xd43f5e018b415631
11	2	2	v2	1	2026-07-15T07:05:14Z	2026-07-15T07:05:24Z	62000	60000	1600000	1600000	0	167305	2551.31	19662.8	82948.7	15108.4	22120	11036	3791.63	2436.85	7560.85	838615	0	15	1	0	0xd43f5e018b415631
11	2	2	v2	2	2026-07-15T07:05:14Z	2026-07-15T07:05:24Z	62000	60000	1600000	1600000	0	166412	2265.35	19628.2	82478.3	15253.6	21737.8	11093.4	3881.22	2408.27	7577.27	838413	0	0	1	0	0xd43f5e018b415631
11	2	2	v2	3	2026-07-15T07:05:14Z	2026-07-15T07:05:24Z	62000	60000	1600000	1600000	0	165581	2223.47	19698.2	82359	15128.9	21592.7	11144.6	3789.38	2388.1	7170.43	821519	0	1	1	0	0xd43f5e018b415631
11	2	2	v2	4	2026-07-15T07:05:14Z	2026-07-15T07:05:24Z	62000	60000	1600000	1600000	0	165898	2279.18	19547.1	82324.4	15261	21629.7	10963.7	3853.8	2381.93	7565.68	837768	0	2	1	0	0xd43f5e018b415631
11	2	2	v2	5	2026-07-15T07:05:14Z	2026-07-15T07:05:24Z	62000	60000	1600000	1600000	0	166208	2169.97	19715.8	82585.9	15230.6	21583.1	10968.6	3936.39	2404.73	7521.43	822217	0	0	1	0	0xd43f5e018b415631
11	2	2	v2	6	2026-07-15T07:05:14Z	2026-07-15T07:05:24Z	62000	60000	1600000	1600000	0	166874	2339.85	19640.5	82446.8	15221.7	22334.9	11077.3	3777.26	2399.1	7548.23	838539	0	5	1	0	0xd43f5e018b415631
11	2	2	v2	7	2026-07-15T07:05:14Z	2026-07-15T07:05:24Z	62000	60000	1600000	1600000	0	168850	2274.05	22554.5	82572.9	15153.3	21476.2	10904.1	3897.05	2417.1	7506.02	840566	0	9	1	0	0xd43f5e018b415631
11	2	2	v2	8	2026-07-15T07:05:14Z	2026-07-15T07:05:24Z	62000	60000	1600000	1600000	0	166747	2257.64	19830.8	82490.8	15181	22090.8	11028.1	3757.59	2443.06	7579.89	838342	0	3	1	0	0xd43f5e018b415631
11	2	2	v2	9	2026-07-15T07:05:14Z	2026-07-15T07:05:24Z	62000	60000	1600000	1600000	0	166320	2271.05	19671.8	82305	15178.6	21785.1	11180.2	3916.8	2375.93	7546.98	838305	0	0	1	0	0xd43f5e018b415631
11	2	2	v2	10	2026-07-15T07:05:14Z	2026-07-15T07:05:24Z	62000	60000	1600000	1600000	0	165784	2226.34	19613.6	82556.4	15197.7	21757.7	10696	3884.51	2414.31	7350.89	821715	0	1	1	0	0xd43f5e018b415631
11	2	2	v2	11	2026-07-15T07:05:14Z	2026-07-15T07:05:24Z	62000	60000	1600000	1600000	0	166786	2263.93	19644.2	82526.8	15159.8	22266.7	10942.5	3877.09	2430.73	7587.64	838784	0	0	1	0	0xd43f5e018b415631
11	2	2	v2	12	2026-07-15T07:05:14Z	2026-07-15T07:05:24Z	62000	60000	1600000	1600000	0	165696	2264.3	19648	82509.8	15266	21273.8	10849.9	3911.14	2394.35	7493.18	821644	0	1	1	0	0xd43f5e018b415631
11	2	2	v2	13	2026-07-15T07:05:14Z	2026-07-15T07:05:24Z	62000	60000	1600000	1600000	0	166636	2236.68	19611.9	82544	15210.6	22098.4	11091.3	3781.09	2427.02	7545.39	822323	0	9	1	0	0xd43f5e018b415631
11	2	2	v2	14	2026-07-15T07:05:14Z	2026-07-15T07:05:24Z	62000	60000	1600000	1600000	0	166665	2265.05	19528.3	82593.5	15109.8	22299.1	10945	3781.47	2469.81	7585.85	838580	0	1	1	0	0xd43f5e018b415631
11	2	2	v2	15	2026-07-15T07:05:14Z	2026-07-15T07:05:24Z	62000	60000	1600000	1600000	0	165818	2260.97	19582.4	82664.8	15157.3	21394.5	10832.2	3891.47	2410.68	7532.27	821724	0	2	1	0	0xd43f5e018b415631
11	2	2	v2	16	2026-07-15T07:05:14Z	2026-07-15T07:05:24Z	62000	60000	1600000	1600000	0	166804	2226.97	19471.8	82610.8	15162.6	22232.3	11072.1	4014.47	2380.98	7540.48	838678	0	2	1	0	0xd43f5e018b415631
11	2	2	v2	17	2026-07-15T07:05:14Z	2026-07-15T07:05:24Z	62000	60000	1600000	1600000	0	166284	2273.6	19564.9	82404.7	15386.5	21663.2	10985.9	3878.05	2405.93	7609.73	838185	0	2	1	0	0xd43f5e018b415631
11	2	2	v2	18	2026-07-15T07:05:14Z	2026-07-15T07:05:24Z	62000	60000	1600000	1600000	0	166261	2218.26	19672.8	82470.7	15265.5	21759.7	11182.3	3724.55	2392.81	7487.31	821932	0	6	1	0	0xd43f5e018b415631
11	2	2	v2	19	2026-07-15T07:05:14Z	2026-07-15T07:05:24Z	62000	60000	1600000	1600000	0	169263	2253.68	19768.6	82526.5	16110.1	23115.9	11172.2	3911.01	2722.28	7584.31	856785	0	10	1	0	0xd43f5e018b415631
11	2	2	v2	20	2026-07-15T07:05:14Z	2026-07-15T07:05:24Z	62000	60000	1600000	1600000	0	166266	2180.68	19614.9	82606.3	15245.1	21604.1	10937.1	4072.14	2409.93	7505.6	822084	0	3	1	0	0xd43f5e018b415631
11	2	2	v2	21	2026-07-15T07:05:14Z	2026-07-15T07:05:24Z	62000	60000	1600000	1600000	0	166850	2264.76	19692.9	82498.8	15153.5	22136.1	11244.6	3827.47	2397.27	7544.98	838846	0	0	1	0	0xd43f5e018b415631
11	2	2	v2	22	2026-07-15T07:05:14Z	2026-07-15T07:05:24Z	62000	60000	1600000	1600000	0	165421	2285.93	19634.1	82335.2	15181.8	21180.3	10975.7	3778.17	2392.89	7563.85	837350	0	1	1	0	0xd43f5e018b415631
11	2	2	v2	23	2026-07-15T07:05:14Z	2026-07-15T07:05:24Z	62000	60000	1600000	1600000	0	166402	2229.22	19624.1	82500.7	15152.6	21937.4	11070.2	3730.05	2498.06	7572.68	822406	0	0	1	0	0xd43f5e018b415631
11	2	2	v2	24	2026-07-15T07:05:14Z	2026-07-15T07:05:24Z	62000	60000	1600000	1600000	0	166200	2330.06	19606.4	82366.1	15213.9	21630.7	11145.2	3762.22	2392.77	7663.85	838070	0	2	1	0	0xd43f5e018b415631
11	2	2	v2	25	2026-07-15T07:05:14Z	2026-07-15T07:05:24Z	62000	60000	1600000	1600000	0	166353	2192.64	19710.4	82781.4	15196.2	21538.9	10987.4	3957.34	2398.81	7503.85	822060	0	9	1	0	0xd43f5e018b415631
11	2	2	v2	26	2026-07-15T07:05:14Z	2026-07-15T07:05:24Z	62000	60000	1600000	1600000	0	166593	2266.3	19714.7	82399.2	15167.6	22191.2	10859.3	3968.43	2395.18	7541.48	838419	0	1	1	0	0xd43f5e018b415631
11	2	2	v2	27	2026-07-15T07:05:14Z	2026-07-15T07:05:24Z	62000	60000	1600000	1600000	0	165439	2269.01	19746.4	82406	15148.2	21121.1	10816.4	3911.8	2383.02	7547.27	837432	0	0	1	0	0xd43f5e018b415631
11	2	2	v2	28	2026-07-15T07:05:14Z	2026-07-15T07:05:24Z	62000	60000	1600000	1600000	0	166492	2215.8	19628.6	82641.8	15162.1	22012.5	10863.2	3850.68	2426.89	7599.14	822300	0	2	1	0	0xd43f5e018b415631
11	2	2	v2	29	2026-07-15T07:05:14Z	2026-07-15T07:05:24Z	62000	60000	1600000	1600000	0	166266	2330.51	19705.6	82435.2	15280.3	21627.6	10974.2	3813.22	2449.02	7563.52	838125	0	2	1	0	0xd43f5e018b415631
11	2	2	v2	30	2026-07-15T07:05:14Z	2026-07-15T07:05:24Z	62000	60000	1600000	1600000	0	166355	2245.64	19593.7	82836.8	15234.3	21525.2	10859.5	4031.81	2405.72	7531.06	822062	0	5	1	0	0xd43f5e018b415631
11	2	2	v2	31	2026-07-15T07:05:14Z	2026-07-15T07:05:24Z	62000	60000	1600000	1600000	0	169835	2202.64	19627.8	83780.8	15212.5	22661.2	12137.1	4019.85	2481.56	7620.52	841503	0	10	1	0	0xd43f5e018b415631
11	2	2	v2	32	2026-07-15T07:05:14Z	2026-07-15T07:05:24Z	62000	60000	1600000	1600000	0	166029	2281.01	19690.5	82796.3	15145.1	21210.2	10888.5	3968.56	2369.39	7586.85	837868	0	2	1	0	0xd43f5e018b415631
11	2	2	v2	33	2026-07-15T07:05:14Z	2026-07-15T07:05:24Z	62000	60000	1600000	1600000	0	166325	2230.39	19593.6	82517.8	15210	22038.5	10850.1	3817.51	2414.39	7565.98	822322	0	0	1	0	0xd43f5e018b415631
11	2	2	v2	34	2026-07-15T07:05:14Z	2026-07-15T07:05:24Z	62000	60000	1600000	1600000	0	165536	2273.8	19606.3	82459.8	15160.5	21113.1	11067	3791.55	2396.06	7578.73	837480	0	1	1	0	0xd43f5e018b415631
11	2	2	v2	35	2026-07-15T07:05:14Z	2026-07-15T07:05:24Z	62000	60000	1600000	1600000	0	166369	2216.84	19644.5	82449.5	15189.5	21831.2	11105.6	3898.43	2434.1	7507.52	822360	0	0	1	0	0xd43f5e018b415631
11	2	2	v2	36	2026-07-15T07:05:14Z	2026-07-15T07:05:24Z	62000	60000	1600000	1600000	0	165964	2288.56	19497.3	82317.3	15231.1	21695.8	11068.5	3810.71	2388.22	7576.69	837861	0	2	1	0	0xd43f5e018b415631
11	2	2	v2	37	2026-07-15T07:05:14Z	2026-07-15T07:05:24Z	62000	60000	1600000	1600000	0	165824	2223.35	19556.5	82331	15371.4	21915.8	10842	3846.72	2387.39	7257.01	821541	0	9	1	0	0xd43f5e018b415631
11	2	2	v2	38	2026-07-15T07:05:14Z	2026-07-15T07:05:24Z	62000	60000	1600000	1600000	0	166804	2272.05	19670.3	82360.9	15181.3	22311	11104.5	3827.72	2432.27	7559.85	838603	0	3	1	0	0xd43f5e018b415631
11	2	2	v2	39	2026-07-15T07:05:14Z	2026-07-15T07:05:24Z	62000	60000	1600000	1600000	0	165872	2269.18	19695.4	82596.5	15141	21289.9	10895	3946.01	2394.31	7556.06	837865	0	0	1	0	0xd43f5e018b415631
11	2	2	v2	40	2026-07-15T07:05:14Z	2026-07-15T07:05:24Z	62000	60000	1600000	1600000	0	166590	2213.76	19589.3	82429.2	15181.3	22123.5	10981.2	3957.01	2448.44	7574.64	822399	0	3	1	0	0xd43f5e018b415631
11	2	2	v2	41	2026-07-15T07:05:14Z	2026-07-15T07:05:24Z	62000	60000	1600000	1600000	0	165901	2248.26	19544.1	82254.2	15249.6	21711.7	10913.2	3939.84	2384.31	7565.93	837897	0	0	1	0	0xd43f5e018b415631
11	2	2	v2	42	2026-07-15T07:05:14Z	2026-07-15T07:05:24Z	62000	60000	1600000	1600000	0	165790	2225.01	19639.1	82561	15283.7	21683.2	10851.6	3814.89	2412.23	7226.26	821661	0	2	1	0	0xd43f5e018b415631
11	2	2	v2	43	2026-07-15T07:05:14Z	2026-07-15T07:05:24Z	62000	60000	1600000	1600000	0	170461	2250.3	19640.4	85017.2	15183.7	22454	11606.5	4188.14	2437.72	7593.39	857811	0	14	1	0	0xd43f5e018b415631
11	2	2	v2	44	2026-07-15T07:05:14Z	2026-07-15T07:05:24Z	62000	60000	1600000	1600000	0	165773	2268.14	19438.8	82522.8	15174.7	21542.7	11043.4	3739.72	2402.1	7553.18	821576	0	3	1	0	0xd43f5e018b415631
11	2	2	v2	45	2026-07-15T07:05:14Z	2026-07-15T07:05:24Z	62000	60000	1600000	1600000	0	166557	2235.97	19689.6	82506.4	15159.3	22184	10947.3	3780.72	2396.68	7566.73	838502	0	1	1	0	0xd43f5e018b415631
11	2	2	v2	46	2026-07-15T07:05:14Z	2026-07-15T07:05:24Z	62000	60000	1600000	1600000	0	168050	3081.87	19670.9	82529	15179.9	22775.4	10969.6	3831.68	2387.48	7534.1	839780	0	4	1	0	0xd43f5e018b415631
11	2	2	v2	47	2026-07-15T07:05:14Z	2026-07-15T07:05:24Z	62000	60000	1600000	1600000	0	165520	2267.72	19627.1	82457.9	15234.8	21084.4	11011.9	3800.97	2368.35	7576.1	837514	0	0	1	0	0xd43f5e018b415631
11	2	2	v2	48	2026-07-15T07:05:14Z	2026-07-15T07:05:24Z	62000	60000	1600000	1600000	0	166489	2224.89	19758.9	82265.2	15184	22193.3	10733.9	3889.72	2560.56	7588.19	822374	0	2	1	0	0xd43f5e018b415631
11	2	2	v2	49	2026-07-15T07:05:14Z	2026-07-15T07:05:24Z	62000	60000	1600000	1600000	0	167132	2271.05	19823.9	82452.1	15180.7	22238.9	10979.3	4109.55	2385.05	7607.27	838865	0	4	1	0	0xd43f5e018b415631
12	2	3	v1	0	2026-07-15T07:05:25Z	2026-07-15T07:05:35Z	60000	61000	1600000	1600000	0	166448	2315.68	19673.9	82471.7	15272.6	21337.8	11004.5	4039.01	2381.76	7867.65	838264	0	3	1	0	0xd43f5e018b415631
12	2	3	v1	1	2026-07-15T07:05:25Z	2026-07-15T07:05:35Z	60000	61000	1600000	1600000	0	166669	2241.68	19681	82390.4	15370.7	22027.6	10777	3871.8	2430.02	7793.31	822025	0	13	1	0	0xd43f5e018b415631
12	2	3	v1	2	2026-07-15T07:05:25Z	2026-07-15T07:05:35Z	60000	61000	1600000	1600000	0	170197	2291.47	19836.2	85141.7	15383.2	21691.9	11493	3909.09	2429.97	7934.61	857917	0	8	1	0	0xd43f5e018b415631
12	2	3	v1	3	2026-07-15T07:05:25Z	2026-07-15T07:05:35Z	60000	61000	1600000	1600000	0	166228	2326.14	19556.9	82498.2	15189	21474.4	10865.5	3915.51	2418.89	7901.32	838221	0	0	1	0	0xd43f5e018b415631
12	2	3	v1	4	2026-07-15T07:05:25Z	2026-07-15T07:05:35Z	60000	61000	1600000	1600000	0	166678	2255.43	19565.1	82493.8	15166.1	22149.2	10692.3	3874.01	2487.15	7909.07	822682	0	0	1	0	0xd43f5e018b415631
12	2	3	v1	5	2026-07-15T07:05:25Z	2026-07-15T07:05:35Z	60000	61000	1600000	1600000	0	167475	2298.72	19636.6	82949.6	15107.4	22245.4	10946.4	3923.47	2391.52	7890.52	839409	0	1	1	0	0xd43f5e018b415631
12	2	3	v1	6	2026-07-15T07:05:25Z	2026-07-15T07:05:35Z	60000	61000	1600000	1600000	0	166662	2315.01	19568.2	82730.1	15198.6	21693.1	10923.6	3851.8	2399.22	7899.19	838594	0	1	1	0	0xd43f5e018b415631
12	2	3	v1	7	2026-07-15T07:05:25Z	2026-07-15T07:05:35Z	60000	61000	1600000	1600000	0	167877	3160.62	19804.6	82459.8	15264.7	21708.3	11028.4	4060.72	2395.14	7907.19	839694	0	3	1	0	0xd43f5e018b415631
12	2	3	v1	8	2026-07-15T07:05:25Z	2026-07-15T07:05:35Z	60000	61000	1600000	1600000	0	166438	2264.6	19647.5	82358	15224	21491.1	11182	3908.59	2383.31	7892.61	838257	0	7	1	0	0xd43f5e018b415631
12	2	3	v1	9	2026-07-15T07:05:25Z	2026-07-15T07:05:35Z	60000	61000	1600000	1600000	0	166897	2277.35	19651.3	82450.1	15175.1	21963.2	11090	3855.93	2500.6	7847.9	822832	0	1	1	0	0xd43f5e018b415631
12	2	3	v1	10	2026-07-15T07:05:25Z	2026-07-15T07:05:35Z	60000	61000	1600000	1600000	0	167144	2313.22	19585.2	82494.9	15108.5	22324.2	10859.9	4061.27	2408.14	7904.82	839150	0	0	1	0	0xd43f5e018b415631
12	2	3	v1	11	2026-07-15T07:05:25Z	2026-07-15T07:05:35Z	60000	61000	1600000	1600000	0	166982	2309.51	19860.3	82605.4	15280.2	21689.7	11011.5	3741.8	2418.98	7976.9	838846	0	2	1	0	0xd43f5e018b415631
12	2	3	v1	12	2026-07-15T07:05:25Z	2026-07-15T07:05:35Z	60000	61000	1600000	1600000	0	166057	2306.89	19624.8	82419.5	15133.9	21448.9	10972.2	3779.01	2409.93	7874.86	822053	0	0	1	0	0xd43f5e018b415631
12	2	3	v1	13	2026-07-15T07:05:25Z	2026-07-15T07:05:35Z	60000	61000	1600000	1600000	0	166910	2188.05	19683.3	82366.6	15484.7	22006.5	10952.9	3800.72	2425.02	7913.44	822526	0	8	1	0	0xd43f5e018b415631
12	2	3	v1	14	2026-07-15T07:05:25Z	2026-07-15T07:05:35Z	60000	61000	1600000	1600000	0	169092	2303.43	19594.3	85394.4	15225.9	21221.7	11027.1	3822.3	2503.6	7914.86	856950	0	2	1	0	0xd43f5e018b415631
12	2	3	v1	15	2026-07-15T07:05:25Z	2026-07-15T07:05:35Z	60000	61000	1600000	1600000	0	166703	2293.35	19736	82921.2	15209.1	21578.9	11027.8	3903.3	2401.31	7544.93	822506	0	8	1	0	0xd43f5e018b415631
12	2	3	v1	16	2026-07-15T07:05:25Z	2026-07-15T07:05:35Z	60000	61000	1600000	1600000	0	167369	2318.39	19733.1	82639.9	15213	22081	11164.8	3817.09	2431.73	7882.98	839304	0	1	1	0	0xd43f5e018b415631
12	2	3	v1	17	2026-07-15T07:05:25Z	2026-07-15T07:05:35Z	60000	61000	1600000	1600000	0	167561	2725.65	19785.2	82547.5	15130.3	22185.5	10993.8	3798.51	2421.18	7885.48	839557	0	0	1	0	0xd43f5e018b415631
12	2	3	v1	18	2026-07-15T07:05:25Z	2026-07-15T07:05:35Z	60000	61000	1600000	1600000	0	167374	2344.06	19649.3	82520.9	15238.9	21804.8	11361.7	3974.85	2429.23	7962.53	839167	0	4	1	0	0xd43f5e018b415631
12	2	3	v1	19	2026-07-15T07:05:25Z	2026-07-15T07:05:35Z	60000	61000	1600000	1600000	0	166145	2302.39	19500.3	82481.2	15245	21229	11118.8	3927.18	2375.22	7877.65	837949	0	3	1	0	0xd43f5e018b415631
12	2	3	v1	20	2026-07-15T07:05:25Z	2026-07-15T07:05:35Z	60000	61000	1600000	1600000	0	167425	3124.74	19691.2	82865.9	15248.5	21343.9	10955.6	3808.05	2393.14	7909.61	839129	0	5	1	0	0xd43f5e018b415631
12	2	3	v1	21	2026-07-15T07:05:25Z	2026-07-15T07:05:35Z	60000	61000	1600000	1600000	0	166813	2250.3	19638.5	82640.6	15221	21842.4	11023.1	3856.26	2433.52	7822.4	822694	0	6	1	0	0xd43f5e018b415631
12	2	3	v1	22	2026-07-15T07:05:25Z	2026-07-15T07:05:35Z	60000	61000	1600000	1600000	0	167261	2337.68	19627	82314.6	15129	22468.3	11031.7	3949.59	2396.26	7920.69	839106	0	1	1	0	0xd43f5e018b415631
12	2	3	v1	23	2026-07-15T07:05:25Z	2026-07-15T07:05:35Z	60000	61000	1600000	1600000	0	167801	2280.76	19908.9	82719	15124	22276.1	11170.6	3911.47	2407.89	7917.07	839671	0	2	1	0	0xd43f5e018b415631
12	2	3	v1	24	2026-07-15T07:05:25Z	2026-07-15T07:05:35Z	60000	61000	1600000	1600000	0	167700	2732.23	19606.7	82648.8	15073.7	22316.7	11139	3812.97	2394.22	7891.11	839570	0	2	1	0	0xd43f5e018b415631
12	2	3	v1	25	2026-07-15T07:05:25Z	2026-07-15T07:05:35Z	60000	61000	1600000	1600000	0	166854	2327.39	19473.9	82497.2	15540.7	21710	11158.9	3762.3	2393.27	7900.48	838372	0	9	1	0	0xd43f5e018b415631
12	2	3	v1	26	2026-07-15T07:05:25Z	2026-07-15T07:05:35Z	60000	61000	1600000	1600000	0	169537	2310.93	19769.1	84053	15163.6	21892	11757.5	4300.6	2454.01	7749.73	841463	0	1	1	0	0xd43f5e018b415631
12	2	3	v1	27	2026-07-15T07:05:25Z	2026-07-15T07:05:35Z	60000	61000	1600000	1600000	0	167098	2289.18	19585	82574.8	15188.7	22287.8	11031.3	3772.42	2403.68	7880.44	838972	0	6	1	0	0xd43f5e018b415631
12	2	3	v1	28	2026-07-15T07:05:25Z	2026-07-15T07:05:35Z	60000	61000	1600000	1600000	0	166515	2300.85	19581.9	82398.2	15224.7	21919.9	10934.4	3758.84	2396.35	7912.44	838506	0	0	1	0	0xd43f5e018b415631
12	2	3	v1	29	2026-07-15T07:05:25Z	2026-07-15T07:05:35Z	60000	61000	1600000	1600000	0	166233	2281.64	19670.6	82488.6	15152.7	21581.9	10840.5	3877.72	2383.72	7867.81	822167	0	1	1	0	0xd43f5e018b415631
12	2	3	v1	30	2026-07-15T07:05:25Z	2026-07-15T07:05:35Z	60000	61000	1600000	1600000	0	166916	2268.97	19594.1	82528.8	15249.2	22073.3	10810.8	3988.35	2421.77	7891.4	822857	0	1	1	0	0xd43f5e018b415631
12	2	3	v1	31	2026-07-15T07:05:25Z	2026-07-15T07:05:35Z	60000	61000	1600000	1600000	0	167213	2309.1	19662.6	82448.1	15100.7	22466.2	10967.6	3830.67	2439.81	7904.48	839047	0	3	1	0	0xd43f5e018b415631
12	2	3	v1	32	2026-07-15T07:05:25Z	2026-07-15T07:05:35Z	60000	61000	1600000	1600000	0	166832	2324.51	19757.9	82581.8	15266.4	21663.5	10939.3	3933.8	2383.39	7894.11	838719	0	2	1	0	0xd43f5e018b415631
12	2	3	v1	33	2026-07-15T07:05:25Z	2026-07-15T07:05:35Z	60000	61000	1600000	1600000	0	166399	2269.05	19550.2	82534.7	15341.9	21465.6	10994.9	3868.05	2429.56	7856.48	838249	0	7	1	0	0xd43f5e018b415631
12	2	3	v1	34	2026-07-15T07:05:25Z	2026-07-15T07:05:35Z	60000	61000	1600000	1600000	0	167104	2261.01	19702.8	82486.7	15323.2	22014.7	11047.4	3830.72	2482.43	7868.69	822948	0	3	1	0	0xd43f5e018b415631
12	2	3	v1	35	2026-07-15T07:05:25Z	2026-07-15T07:05:35Z	60000	61000	1600000	1600000	0	167110	2308.85	19769.7	82551.7	15145.9	22196.7	11013.8	3751.64	2404.02	7881.73	839041	0	1	1	0	0xd43f5e018b415631
12	2	3	v1	36	2026-07-15T07:05:25Z	2026-07-15T07:05:35Z	60000	61000	1600000	1600000	0	166708	2291.89	19789.6	82545.7	15215	21656.3	11033.5	3762.92	2387.72	7935.98	838709	0	0	1	0	0xd43f5e018b415631
12	2	3	v1	37	2026-07-15T07:05:25Z	2026-07-15T07:05:35Z	60000	61000	1600000	1600000	0	166452	2276.47	19582.4	82428.4	15174.5	21639.8	11133.6	3843.51	2419.27	7870.4	838052	0	9	1	0	0xd43f5e018b415631
12	2	3	v1	38	2026-07-15T07:05:25Z	2026-07-15T07:05:35Z	60000	61000	1600000	1600000	0	170458	2251.89	19722.9	85955.3	15081.9	22262.2	11029.2	3795.47	2380.02	7888.15	842319	0	2	1	0	0xd43f5e018b415631
12	2	3	v1	39	2026-07-15T07:05:25Z	2026-07-15T07:05:35Z	60000	61000	1600000	1600000	0	166731	2310.39	19642.6	82314.5	15280.8	21803	11241	3743.05	2400.77	7908.11	838581	0	7	1	0	0xd43f5e018b415631
12	2	3	v1	40	2026-07-15T07:05:25Z	2026-07-15T07:05:35Z	60000	61000	1600000	1600000	0	166464	2323.6	19653.7	82656.7	15276	21619.8	10794.2	3732.01	2421.56	7902.27	838311	0	3	1	0	0xd43f5e018b415631
12	2	3	v1	41	2026-07-15T07:05:25Z	2026-07-15T07:05:35Z	60000	61000	1600000	1600000	0	166643	2250.18	19706.9	82382.6	15200.6	21896.1	11050.6	3843.01	2430.64	7791.15	822651	0	0	1	0	0xd43f5e018b415631
12	2	3	v1	42	2026-07-15T07:05:25Z	2026-07-15T07:05:35Z	60000	61000	1600000	1600000	0	167212	2312.06	19593.4	82472.3	15081.9	22264.5	11089.4	4021.76	2410.02	7881.61	839141	0	1	1	0	0xd43f5e018b415631
12	2	3	v1	43	2026-07-15T07:05:25Z	2026-07-15T07:05:35Z	60000	61000	1600000	1600000	0	166675	2302.56	19718.5	82573.2	15245.4	21684.6	11006.9	3742.46	2397.89	7916.65	838473	0	3	1	0	0xd43f5e018b415631
12	2	3	v1	44	2026-07-15T07:05:25Z	2026-07-15T07:05:35Z	60000	61000	1600000	1600000	0	166407	2201.93	19582.1	82727.6	15138.9	21519.6	10919.9	3920.18	2413.8	7895.44	838274	0	2	1	0	0xd43f5e018b415631
12	2	3	v1	45	2026-07-15T07:05:25Z	2026-07-15T07:05:35Z	60000	61000	1600000	1600000	0	167792	3412.17	19618.6	82594.6	15188	21483.1	11122.9	3994.43	2410.18	7882.57	839641	0	6	1	0	0xd43f5e018b415631
12	2	3	v1	46	2026-07-15T07:05:25Z	2026-07-15T07:05:35Z	60000	61000	1600000	1600000	0	167007	2274.8	19545.3	82613.7	15135.2	22025	11051.9	3935.39	2543.73	7795.73	823010	0	0	1	0	0xd43f5e018b415631
12	2	3	v1	47	2026-07-15T07:05:25Z	2026-07-15T07:05:35Z	60000	61000	1600000	1600000	0	167244	2401.47	19562	82414.7	15139.7	22185.4	11179.3	3982.64	2392.47	7897.27	839090	0	2	1	0	0xd43f5e018b415631
12	2	3	v1	48	2026-07-15T07:05:25Z	2026-07-15T07:05:35Z	60000	61000	1600000	1600000	0	166675	2295.68	19731.2	82460.8	15174	21683.7	11107.8	3813.55	2407.68	7912.36	837927	0	4	1	0	0xd43f5e018b415631
12	2	3	v1	49	2026-07-15T07:05:25Z	2026-07-15T07:05:35Z	60000	61000	1600000	1600000	0	166578	2304.6	19714.3	82800.2	15245	21451.5	10894.3	3783.01	2395.35	7904.07	838119	0	8	1	0	0xd43f5e018b415631
13	3	0	v1	0	2026-07-15T07:05:35Z	2026-07-15T07:05:46Z	60000	61000	1600000	1600000	0	166597	2179.59	19585.2	82619	15219	21454.7	11051.1	4097.93	2381.43	7917.69	838610	0	1	1	0	0xd43f5e018b415631
13	3	0	v1	1	2026-07-15T07:05:35Z	2026-07-15T07:05:46Z	60000	61000	1600000	1600000	0	166716	2196.55	19762.9	82414.8	15282	21754.9	11152.4	3918.34	2439.22	7680.02	822307	0	6	1	0	0xd43f5e018b415631
13	3	0	v1	2	2026-07-15T07:05:35Z	2026-07-15T07:05:46Z	60000	61000	1600000	1600000	0	167262	2207.93	19648.8	82504.1	15095.9	22199	11088.4	4144.52	2395.56	7894.65	839155	0	1	1	0	0xd43f5e018b415631
13	3	0	v1	3	2026-07-15T07:05:35Z	2026-07-15T07:05:46Z	60000	61000	1600000	1600000	0	167198	2313.72	19740.7	82345.8	15179.1	22345.6	10856.5	3981.26	2431.27	7918.61	839193	0	0	1	0	0xd43f5e018b415631
13	3	0	v1	4	2026-07-15T07:05:35Z	2026-07-15T07:05:46Z	60000	61000	1600000	1600000	0	167113	2236.43	19595.9	82878.2	15418.7	21817.8	10856.5	3909.43	2404.56	7905.77	838830	0	8	1	0	0xd43f5e018b415631
13	3	0	v1	5	2026-07-15T07:05:35Z	2026-07-15T07:05:46Z	60000	61000	1600000	1600000	0	165735	2176.68	19580	82594.9	15217.7	21538.4	10753.4	3860.68	2390.56	7535.48	821609	0	2	1	0	0xd43f5e018b415631
13	3	0	v1	6	2026-07-15T07:05:35Z	2026-07-15T07:05:46Z	60000	61000	1600000	1600000	0	167335	2199.05	19525.3	82634.6	15084.4	22237.7	11260.7	4014.6	2387.85	7900.32	839211	0	2	1	0	0xd43f5e018b415631
13	3	0	v1	7	2026-07-15T07:05:35Z	2026-07-15T07:05:46Z	60000	61000	1600000	1600000	0	167615	2220.26	19883.9	82527.6	15393.4	22196.1	10994.5	3978.18	2388.64	7941.94	839221	0	7	1	0	0xd43f5e018b415631
13	3	0	v1	8	2026-07-15T07:05:35Z	2026-07-15T07:05:46Z	60000	61000	1600000	1600000	0	169349	2210.01	19659.4	84643.6	15967.8	21272.3	11267.1	3939.64	2410.26	7890.19	857193	0	2	1	0	0xd43f5e018b415631
13	3	0	v1	9	2026-07-15T07:05:35Z	2026-07-15T07:05:46Z	60000	61000	1600000	1600000	0	166739	2222.59	19558.2	82457.6	15204.5	21999.5	10831.2	3876.34	2558.9	7940.61	822744	0	0	1	0	0xd43f5e018b415631
13	3	0	v1	10	2026-07-15T07:05:35Z	2026-07-15T07:05:46Z	60000	61000	1600000	1600000	0	166645	2213.14	19583.6	82451.2	15262.3	21648.1	10956.4	4079.56	2441.52	7921.77	838484	0	6	1	0	0xd43f5e018b415631
13	3	0	v1	11	2026-07-15T07:05:35Z	2026-07-15T07:05:46Z	60000	61000	1600000	1600000	0	165996	2216.14	19631.1	82377.4	15196.4	21371.9	11011.6	3790.88	2395.47	7918.65	837934	0	1	1	0	0xd43f5e018b415631
13	3	0	v1	12	2026-07-15T07:05:35Z	2026-07-15T07:05:46Z	60000	61000	1600000	1600000	0	166691	2207.8	19625.3	82401.8	15223.9	21950	10927.7	3897.93	2470.56	7895.9	822635	0	1	1	0	0xd43f5e018b415631
13	3	0	v1	13	2026-07-15T07:05:35Z	2026-07-15T07:05:46Z	60000	61000	1600000	1600000	0	167785	2211.64	20040.9	82641.3	15301.5	22129.8	11032.5	3974.77	2456.93	7903.36	839657	0	2	1	0	0xd43f5e018b415631
13	3	0	v1	14	2026-07-15T07:05:35Z	2026-07-15T07:05:46Z	60000	61000	1600000	1600000	0	167233	2223.59	19709.9	82332.4	15085.2	22310.9	11088.8	4062.43	2404.52	7929.61	839146	0	1	1	0	0xd43f5e018b415631
13	3	0	v1	15	2026-07-15T07:05:35Z	2026-07-15T07:05:46Z	60000	61000	1600000	1600000	0	166647	2211.34	19780.3	82544.7	15189.5	21604.2	10981.9	3864.68	2477.69	7901.94	838483	0	3	1	0	0xd43f5e018b415631
13	3	0	v1	16	2026-07-15T07:05:35Z	2026-07-15T07:05:46Z	60000	61000	1600000	1600000	0	166263	2183.18	19566.8	82698.4	15195.3	21574.6	10814.6	3848.26	2392.56	7900.36	838041	0	7	1	0	0xd43f5e018b415631
13	3	0	v1	17	2026-07-15T07:05:35Z	2026-07-15T07:05:46Z	60000	61000	1600000	1600000	0	166953	2185.3	19705.3	82426.7	15273.2	22013.9	10887.1	3915.68	2541.14	7917.4	822829	0	2	1	0	0xd43f5e018b415631
13	3	0	v1	18	2026-07-15T07:05:35Z	2026-07-15T07:05:46Z	60000	61000	1600000	1600000	0	166726	2225.18	19512.1	82442.1	15203.4	21668.7	11114.2	4071.39	2443.35	7958.36	838728	0	0	1	0	0xd43f5e018b415631
13	3	0	v1	19	2026-07-15T07:05:35Z	2026-07-15T07:05:46Z	60000	61000	1600000	1600000	0	167734	2209.84	19992.2	83049.3	15268	21970.9	10962	3866.76	2433.06	7890.9	839292	0	7	1	0	0xd43f5e018b415631
13	3	0	v1	20	2026-07-15T07:05:35Z	2026-07-15T07:05:46Z	60000	61000	1600000	1600000	0	169708	2216.05	19749.4	84768.1	15831.1	21498.4	11249.6	4009.39	2408.81	7890.4	841591	0	2	1	0	0xd43f5e018b415631
13	3	0	v1	21	2026-07-15T07:05:35Z	2026-07-15T07:05:46Z	60000	61000	1600000	1600000	0	167182	2169.72	19752.2	82417	15226	21924.8	11296.2	4015.6	2460.81	7831.4	823180	0	0	1	0	0xd43f5e018b415631
13	3	0	v1	22	2026-07-15T07:05:35Z	2026-07-15T07:05:46Z	60000	61000	1600000	1600000	0	167587	2215.09	19639.3	82912.1	15066.1	22222.2	11343.2	3823.26	2386.22	7892.07	839453	0	6	1	0	0xd43f5e018b415631
13	3	0	v1	23	2026-07-15T07:05:35Z	2026-07-15T07:05:46Z	60000	61000	1600000	1600000	0	165436	2218.01	19692.5	82315.8	15159.1	21033.3	10832.1	3742.26	2434.14	7924.82	837356	0	1	1	0	0xd43f5e018b415631
13	3	0	v1	24	2026-07-15T07:05:35Z	2026-07-15T07:05:46Z	60000	61000	1600000	1600000	0	166506	2166.89	19696.9	82233.9	15198.4	21870.9	11219.1	3862.67	2434.68	7733.02	822508	0	0	1	0	0xd43f5e018b415631
13	3	0	v1	25	2026-07-15T07:05:35Z	2026-07-15T07:05:46Z	60000	61000	1600000	1600000	0	167002	2206.34	19690.4	82174.7	15204.4	22382.2	10957.3	3971.05	2426.93	7902.02	838826	0	3	1	0	0xd43f5e018b415631
13	3	0	v1	26	2026-07-15T07:05:35Z	2026-07-15T07:05:46Z	60000	61000	1600000	1600000	0	166765	2286.22	19573	82342.3	15305	21753.4	11171.8	3945.64	2405.23	7892.52	838690	0	1	1	0	0xd43f5e018b415631
13	3	0	v1	27	2026-07-15T07:05:35Z	2026-07-15T07:05:46Z	60000	61000	1600000	1600000	0	167453	2211.84	20256.4	82676.6	15182.5	21851.4	11061.4	3829.84	2393.6	7904.23	839400	0	1	1	0	0xd43f5e018b415631
13	3	0	v1	28	2026-07-15T07:05:35Z	2026-07-15T07:05:46Z	60000	61000	1600000	1600000	0	165924	2171.22	19652.2	82432.4	15253.5	21682.2	10847.1	3812.39	2418.43	7559.06	821753	0	7	1	0	0xd43f5e018b415631
13	3	0	v1	29	2026-07-15T07:05:35Z	2026-07-15T07:05:46Z	60000	61000	1600000	1600000	0	166874	2243.97	19686.8	82262.4	15216.6	22326.2	11061.2	3658	2427.35	7904.57	838750	0	2	1	0	0xd43f5e018b415631
13	3	0	v1	30	2026-07-15T07:05:35Z	2026-07-15T07:05:46Z	60000	61000	1600000	1600000	0	165976	2225.22	19489.2	82499.6	15265.8	21289.4	11095.1	3735.38	2391.72	7898.65	837850	0	2	1	0	0xd43f5e018b415631
13	3	0	v1	31	2026-07-15T07:05:35Z	2026-07-15T07:05:46Z	60000	61000	1600000	1600000	0	166610	2177.47	19638.3	82555	15304.8	21839.4	11146.2	3774.72	2440.68	7641.89	822194	0	7	1	0	0xd43f5e018b415631
13	3	0	v1	32	2026-07-15T07:05:35Z	2026-07-15T07:05:46Z	60000	61000	1600000	1600000	0	170314	2474.02	19474.6	84770.8	15754.7	22423.1	11034.8	3921.85	2432.06	7942.23	858147	0	2	1	0	0xd43f5e018b415631
13	3	0	v1	33	2026-07-15T07:05:35Z	2026-07-15T07:05:46Z	60000	61000	1600000	1600000	0	166523	2236.01	19677.9	82714.9	15206.8	21300.1	11122.8	3915.64	2390.31	7873.27	838516	0	0	1	0	0xd43f5e018b415631
13	3	0	v1	34	2026-07-15T07:05:35Z	2026-07-15T07:05:46Z	60000	61000	1600000	1600000	0	166481	2180.76	19596.3	82079.2	15209.2	21860.1	11242.6	3915.3	2484.39	7824.15	822484	0	0	1	0	0xd43f5e018b415631
13	3	0	v1	35	2026-07-15T07:05:35Z	2026-07-15T07:05:46Z	60000	61000	1600000	1600000	0	167448	2222.26	19498.5	82598.3	15097.6	22275.8	11388.3	3972.68	2387.01	7917.94	839272	0	7	1	0	0xd43f5e018b415631
13	3	0	v1	36	2026-07-15T07:05:35Z	2026-07-15T07:05:46Z	60000	61000	1600000	1600000	0	166608	2205.26	19658.9	82556.7	15235.7	21728.9	11122.8	3696.38	2397.94	7918.02	838605	0	0	1	0	0xd43f5e018b415631
13	3	0	v1	37	2026-07-15T07:05:35Z	2026-07-15T07:05:46Z	60000	61000	1600000	1600000	0	166288	2220.43	19529.3	82712.3	15183.5	21487.8	11088.1	3701.05	2388.73	7888.32	838111	0	3	1	0	0xd43f5e018b415631
13	3	0	v1	38	2026-07-15T07:05:35Z	2026-07-15T07:05:46Z	60000	61000	1600000	1600000	0	166904	2165.89	19625.1	82639.6	15195.5	22099	10739.1	3966.72	2432.89	7954.98	822790	0	2	1	0	0xd43f5e018b415631
13	3	0	v1	39	2026-07-15T07:05:35Z	2026-07-15T07:05:46Z	60000	61000	1600000	1600000	0	167119	2213.51	19770.1	82297.8	15124.7	22305.7	11084.6	3871.8	2439.93	7924.61	839114	0	0	1	0	0xd43f5e018b415631
13	3	0	v1	40	2026-07-15T07:05:35Z	2026-07-15T07:05:46Z	60000	61000	1600000	1600000	0	167684	2789.07	19683.1	82646.7	15136.3	22367.6	10785.2	3894.8	2399.81	7894.61	839608	0	1	1	0	0xd43f5e018b415631
13	3	0	v1	41	2026-07-15T07:05:35Z	2026-07-15T07:05:46Z	60000	61000	1600000	1600000	0	165778	2199.76	19815.3	82320.8	15204.2	21110.8	10789.6	3942.3	2407.27	7899.86	837512	0	8	1	0	0xd43f5e018b415631
13	3	0	v1	42	2026-07-15T07:05:35Z	2026-07-15T07:05:46Z	60000	61000	1600000	1600000	0	166671	2175.55	19716.1	82798.3	15231.1	21812	10993	3805.34	2435.68	7619.31	822357	0	1	1	0	0xd43f5e018b415631
13	3	0	v1	43	2026-07-15T07:05:35Z	2026-07-15T07:05:46Z	60000	61000	1600000	1600000	0	167489	2202.76	19617.8	82614	15124.2	22383.7	11209.1	3967.47	2392.14	7889.65	839129	0	6	1	0	0xd43f5e018b415631
13	3	0	v1	44	2026-07-15T07:05:35Z	2026-07-15T07:05:46Z	60000	61000	1600000	1600000	0	169216	2213.68	19715.4	82735.5	15745.8	23270.1	10896.6	3835.59	2784.48	7928.27	857016	0	3	1	0	0xd43f5e018b415631
13	3	0	v1	45	2026-07-15T07:05:35Z	2026-07-15T07:05:46Z	60000	61000	1600000	1600000	0	166569	2167.01	19703	82501.9	15207	21892.6	10848.3	3891.68	2413.89	7854.31	822580	0	0	1	0	0xd43f5e018b415631
13	3	0	v1	46	2026-07-15T07:05:35Z	2026-07-15T07:05:46Z	60000	61000	1600000	1600000	0	166215	2233.1	19529	82503.7	15209.2	21668.8	10848.4	3851.93	2372.39	7909.73	838201	0	0	1	0	0xd43f5e018b415631
13	3	0	v1	47	2026-07-15T07:05:35Z	2026-07-15T07:05:46Z	60000	61000	1600000	1600000	0	166304	2197.01	19656.2	82671.8	15234.2	21455.7	10943.5	3715.51	2404.02	7940.4	838053	0	8	1	0	0xd43f5e018b415631
13	3	0	v1	48	2026-07-15T07:05:35Z	2026-07-15T07:05:46Z	60000	61000	1600000	1600000	0	166993	2179.34	19743	82604.7	15262.6	22060.5	10922.9	3888.64	2478.65	7768.02	822931	0	1	1	0	0xd43f5e018b415631
13	3	0	v1	49	2026-07-15T07:05:35Z	2026-07-15T07:05:46Z	60000	61000	1600000	1600000	0	167291	2217.51	19656.8	82464.4	15164.9	22319	11302.8	3744.05	2429.6	7902.82	839093	0	3	1	0	0xd43f5e018b415631
14	3	1	v2	0	2026-07-15T07:05:46Z	2026-07-15T07:05:57Z	60000	60000	1600000	1600000	0	165661	2211.89	19608.6	82428.2	15166.3	21685.9	10892.1	3824.68	2384.48	7372.8	821658	0	0	1	0	0xd43f5e018b415631
14	3	1	v2	1	2026-07-15T07:05:46Z	2026-07-15T07:05:57Z	60000	60000	1600000	1600000	0	166788	2255.97	19675.1	82384.6	15177	22387	10776.3	4072.35	2421.56	7548.85	838541	0	5	1	0	0xd43f5e018b415631
14	3	1	v2	2	2026-07-15T07:05:46Z	2026-07-15T07:05:57Z	60000	60000	1600000	1600000	0	167843	3096.12	19917.4	82603.3	15105.8	22330.8	10843.3	3910.68	2406.31	7540.02	839270	0	7	1	0	0xd43f5e018b415631
14	3	1	v2	3	2026-07-15T07:05:46Z	2026-07-15T07:05:57Z	60000	60000	1600000	1600000	0	168695	2225.76	19571.4	84947.3	15240.8	21668.6	11177.4	4068.64	2438.06	7268.84	840634	0	1	1	0	0xd43f5e018b415631
14	3	1	v2	4	2026-07-15T07:05:46Z	2026-07-15T07:05:57Z	60000	60000	1600000	1600000	0	166914	2245.39	19614.3	82572.5	15143.7	22301.6	11173.8	3815.01	2404.64	7556.43	838914	0	0	1	0	0xd43f5e018b415631
14	3	1	v2	5	2026-07-15T07:05:46Z	2026-07-15T07:05:57Z	60000	60000	1600000	1600000	0	165436	2241.22	19594.4	82310.4	15136.7	21294.2	11106.1	3759.38	2394.85	7514.06	821380	0	1	1	0	0xd43f5e018b415631
14	3	1	v2	6	2026-07-15T07:05:46Z	2026-07-15T07:05:57Z	60000	60000	1600000	1600000	0	166737	2199.22	19575.1	82759.1	15183.9	22116.5	10938.1	3889.39	2450.44	7539.85	838591	0	6	1	0	0xd43f5e018b415631
14	3	1	v2	7	2026-07-15T07:05:46Z	2026-07-15T07:05:57Z	60000	60000	1600000	1600000	0	165415	2237.64	19706.9	82068.2	15154.5	21195.2	11109.5	3921.68	2394.43	7536.06	837303	0	2	1	0	0xd43f5e018b415631
14	3	1	v2	8	2026-07-15T07:05:46Z	2026-07-15T07:05:57Z	60000	60000	1600000	1600000	0	166367	2210.18	19472.1	82542.7	15189.8	21968.8	10983.6	3915.8	2420.73	7578.89	822174	0	3	1	0	0xd43f5e018b415631
14	3	1	v2	9	2026-07-15T07:05:46Z	2026-07-15T07:05:57Z	60000	60000	1600000	1600000	0	166558	2218.8	19680.4	82542	15205.5	21707.1	11013.3	4082.81	2405.47	7614.06	838546	0	0	1	0	0xd43f5e018b415631
14	3	1	v2	10	2026-07-15T07:05:46Z	2026-07-15T07:05:57Z	60000	60000	1600000	1600000	0	165820	2178.43	19496.2	82630.2	15174	21565.4	10878.8	3926.43	2368.02	7512.89	821703	0	1	1	0	0xd43f5e018b415631
14	3	1	v2	11	2026-07-15T07:05:46Z	2026-07-15T07:05:57Z	60000	60000	1600000	1600000	0	166611	2243.51	19537.6	82468.5	15062.3	22342.2	11225.7	3714.46	2379.39	7551.43	838462	0	2	1	0	0xd43f5e018b415631
14	3	1	v2	12	2026-07-15T07:05:46Z	2026-07-15T07:05:57Z	60000	60000	1600000	1600000	0	166971	2237.6	19893.9	82615.1	15231.7	21711.2	10983.9	4166.77	2497.39	7548.64	838730	0	8	1	0	0xd43f5e018b415631
14	3	1	v2	13	2026-07-15T07:05:46Z	2026-07-15T07:05:57Z	60000	60000	1600000	1600000	0	165821	2204.59	19589.1	82375.3	15330.2	21588.1	10813.6	3918.8	2412.1	7506.1	821695	0	2	1	0	0xd43f5e018b415631
14	3	1	v2	14	2026-07-15T07:05:46Z	2026-07-15T07:05:57Z	60000	60000	1600000	1600000	0	166785	2190.18	19812.9	82499.7	15208.6	22139	10920.9	3977.43	2385.27	7561.48	838317	0	7	1	0	0xd43f5e018b415631
14	3	1	v2	15	2026-07-15T07:05:46Z	2026-07-15T07:05:57Z	60000	60000	1600000	1600000	0	172648	2219.76	26142.9	82391.4	15313.6	21604.1	10839.5	4039.43	2407.77	7600.43	854415	0	9	1	0	0xd43f5e018b415631
14	3	1	v2	16	2026-07-15T07:05:46Z	2026-07-15T07:05:57Z	60000	60000	1600000	1600000	0	166555	2226.14	19570.1	82415.5	15104.3	22282.1	10982.1	3941.43	2384.31	7566.23	838551	0	0	1	0	0xd43f5e018b415631
14	3	1	v2	17	2026-07-15T07:05:46Z	2026-07-15T07:05:57Z	60000	60000	1600000	1600000	0	166510	2208.34	19731.2	82603.4	15212.7	21790.2	11128.9	3776.51	2391.31	7581.23	838425	0	1	1	0	0xd43f5e018b415631
14	3	1	v2	18	2026-07-15T07:05:46Z	2026-07-15T07:05:57Z	60000	60000	1600000	1600000	0	166465	2207.8	19627.1	82843	15283	21585.1	10900.1	4028.51	2401.77	7502.39	822023	0	7	1	0	0xd43f5e018b415631
14	3	1	v2	19	2026-07-15T07:05:46Z	2026-07-15T07:05:57Z	60000	60000	1600000	1600000	0	166688	2224.26	19613.8	82632.6	15130	22194.5	11032.9	3823.97	2398.68	7548.81	838473	0	3	1	0	0xd43f5e018b415631
14	3	1	v2	20	2026-07-15T07:05:46Z	2026-07-15T07:05:57Z	60000	60000	1600000	1600000	0	165578	2249.97	19683.1	82414	15188.7	21131.2	11076.3	3825.46	2394.56	7527.93	837425	0	2	1	0	0xd43f5e018b415631
14	3	1	v2	21	2026-07-15T07:05:46Z	2026-07-15T07:05:57Z	60000	60000	1600000	1600000	0	166195	2176.34	19613.3	82455.4	15176.9	22132.9	10789.2	3750.88	2433.39	7578.89	822142	0	1	1	0	0xd43f5e018b415631
14	3	1	v2	22	2026-07-15T07:05:46Z	2026-07-15T07:05:57Z	60000	60000	1600000	1600000	0	166955	2238.68	19630.3	82499.4	15242.3	21713.9	11041.5	4314.11	2429.1	7758.19	838768	0	3	1	0	0xd43f5e018b415631
14	3	1	v2	23	2026-07-15T07:05:46Z	2026-07-15T07:05:57Z	60000	60000	1600000	1600000	0	165676	2269.1	19440.6	82506.1	15199.4	21493.8	10959.7	3838.47	2381.77	7501.72	821464	0	3	1	0	0xd43f5e018b415631
14	3	1	v2	24	2026-07-15T07:05:46Z	2026-07-15T07:05:57Z	60000	60000	1600000	1600000	0	166624	2205.8	19675.9	82300.2	15177.4	22374	11052.6	3823.59	2390.56	7538.43	838481	0	6	1	0	0xd43f5e018b415631
14	3	1	v2	25	2026-07-15T07:05:46Z	2026-07-15T07:05:57Z	60000	60000	1600000	1600000	0	165630	2223.85	19478.9	82471	15161.5	21238.1	11133.6	3883.55	2382.31	7569.77	837499	0	2	1	0	0xd43f5e018b415631
14	3	1	v2	26	2026-07-15T07:05:46Z	2026-07-15T07:05:57Z	60000	60000	1600000	1600000	0	166488	2202.26	20003.1	82397.4	15165.2	21899.4	10885.6	3810.92	2488.81	7551.18	822133	0	6	1	0	0xd43f5e018b415631
14	3	1	v2	27	2026-07-15T07:05:46Z	2026-07-15T07:05:57Z	60000	60000	1600000	1600000	0	168254	2317.76	20135.7	82597	15204.5	22818.5	10972.9	3827.76	2794.15	7499.89	840100	0	2	1	0	0xd43f5e018b415631
14	3	1	v2	28	2026-07-15T07:05:46Z	2026-07-15T07:05:57Z	60000	60000	1600000	1600000	0	166622	2224.05	19505.2	82534.1	15116.8	22365.2	10840.1	3986.6	2399.43	7564.14	838389	0	3	1	0	0xd43f5e018b415631
14	3	1	v2	29	2026-07-15T07:05:46Z	2026-07-15T07:05:57Z	60000	60000	1600000	1600000	0	166503	2231.55	19560.9	82426.7	15287	21791.6	11105.7	4065.8	2389.52	7558.81	838429	0	1	1	0	0xd43f5e018b415631
14	3	1	v2	30	2026-07-15T07:05:46Z	2026-07-15T07:05:57Z	60000	60000	1600000	1600000	0	166863	3421.79	19655.8	82697.1	15168.1	21231.9	10841.2	3842.05	2378.97	7540.81	838724	0	6	1	0	0xd43f5e018b415631
14	3	1	v2	31	2026-07-15T07:05:46Z	2026-07-15T07:05:57Z	60000	60000	1600000	1600000	0	166485	2168.97	19540.7	82479.7	15196.4	22051.6	11008.7	3946.93	2450.6	7554.14	822373	0	2	1	0	0xd43f5e018b415631
14	3	1	v2	32	2026-07-15T07:05:46Z	2026-07-15T07:05:57Z	60000	60000	1600000	1600000	0	166420	2241.89	19545.6	82705.5	15214.3	21685.9	10974.1	3993.35	2437.68	7531.68	838215	0	3	1	0	0xd43f5e018b415631
14	3	1	v2	33	2026-07-15T07:05:46Z	2026-07-15T07:05:57Z	60000	60000	1600000	1600000	0	166115	2190.68	19478.3	82449.5	15320.4	21593.2	11100.7	3994.43	2396.68	7503.64	822125	0	0	1	0	0xd43f5e018b415631
14	3	1	v2	34	2026-07-15T07:05:46Z	2026-07-15T07:05:57Z	60000	60000	1600000	1600000	0	166487	2235.3	19497.8	82471.7	15155.7	22284.3	10972.7	3850.18	2376.22	7553.64	838404	0	1	1	0	0xd43f5e018b415631
14	3	1	v2	35	2026-07-15T07:05:46Z	2026-07-15T07:05:57Z	60000	60000	1600000	1600000	0	165715	2231.14	19557.8	82502	15220.5	21229.2	11010.6	3895.21	2432.72	7551.81	837590	0	2	1	0	0xd43f5e018b415631
14	3	1	v2	36	2026-07-15T07:05:46Z	2026-07-15T07:05:57Z	60000	60000	1600000	1600000	0	166653	2170.47	19641.9	82521.9	15197.4	21844.4	11475.8	3904.14	2484.14	7323.72	822470	0	6	1	0	0xd43f5e018b415631
14	3	1	v2	37	2026-07-15T07:05:46Z	2026-07-15T07:05:57Z	60000	60000	1600000	1600000	0	167170	2261.89	19705.1	82555.7	15118.3	22230	11344.4	3918.22	2404.93	7540.97	838928	0	4	1	0	0xd43f5e018b415631
14	3	1	v2	38	2026-07-15T07:05:46Z	2026-07-15T07:05:57Z	60000	60000	1600000	1600000	0	166541	2233.72	19723.4	82387.5	15565.4	21698	11087.1	3824.43	2400.27	7535.35	838177	0	6	1	0	0xd43f5e018b415631
14	3	1	v2	39	2026-07-15T07:05:46Z	2026-07-15T07:05:57Z	60000	60000	1600000	1600000	0	168599	2181.93	19564.3	82797.6	15201.7	23325.2	11513.4	3872.38	2429.39	7624.6	840535	0	1	1	0	0xd43f5e018b415631
14	3	1	v2	40	2026-07-15T07:05:46Z	2026-07-15T07:05:57Z	60000	60000	1600000	1600000	0	165068	2231.6	19358.4	82208.7	15188.1	21549.8	10705.8	4123.18	2382.64	7228.88	821070	0	0	1	0	0xd43f5e018b415631
14	3	1	v2	41	2026-07-15T07:05:46Z	2026-07-15T07:05:57Z	60000	60000	1600000	1600000	0	166605	2229.64	19714.3	82405.9	15127.9	22314.3	10906.9	3869.01	2420.06	7532.64	838539	0	1	1	0	0xd43f5e018b415631
14	3	1	v2	42	2026-07-15T07:05:46Z	2026-07-15T07:05:57Z	60000	60000	1600000	1600000	0	165924	2254.3	19683.8	82508.2	15173.1	21250.6	11072.3	3968.31	2390.52	7539.18	837799	0	6	1	0	0xd43f5e018b415631
14	3	1	v2	43	2026-07-15T07:05:46Z	2026-07-15T07:05:57Z	60000	60000	1600000	1600000	0	166297	2214.93	19495	82315	15168.5	22093.2	11121.5	3838.34	2437.85	7526.85	822181	0	2	1	0	0xd43f5e018b415631
14	3	1	v2	44	2026-07-15T07:05:46Z	2026-07-15T07:05:57Z	60000	60000	1600000	1600000	0	166502	2241.18	19494.7	82813.5	15262.1	21777.5	10856.9	3986.85	2430.89	7553.1	838322	0	3	1	0	0xd43f5e018b415631
14	3	1	v2	45	2026-07-15T07:05:46Z	2026-07-15T07:05:57Z	60000	60000	1600000	1600000	0	165571	2207.22	19601.1	82371.5	15266.2	21701.2	10829.3	3864.55	2372.56	7270.01	821570	0	0	1	0	0xd43f5e018b415631
14	3	1	v2	46	2026-07-15T07:05:46Z	2026-07-15T07:05:57Z	60000	60000	1600000	1600000	0	167174	2228.76	19672.3	82202.9	15146.3	23008.3	11099.7	3783.47	2391.48	7551.97	838813	0	8	1	0	0xd43f5e018b415631
14	3	1	v2	47	2026-07-15T07:05:46Z	2026-07-15T07:05:57Z	60000	60000	1600000	1600000	0	165616	2210.55	19451.7	82682.1	15138.1	21240.2	11119.1	3765.42	2388.85	7534.06	837480	0	2	1	0	0xd43f5e018b415631
14	3	1	v2	48	2026-07-15T07:05:46Z	2026-07-15T07:05:57Z	60000	60000	1600000	1600000	0	166364	2175.01	19627.7	82278.5	15160.1	22046.2	10997.6	3955.8	2475.31	7561.64	822366	0	0	1	0	0xd43f5e018b415631
14	3	1	v2	49	2026-07-15T07:05:46Z	2026-07-15T07:05:57Z	60000	60000	1600000	1600000	0	165348	2206.39	19407.8	82631.3	15169.6	21123.5	11011.7	3745.84	2401.93	7564.93	837062	0	8	1	0	0xd43f5e018b415631
15	3	2	v2	0	2026-07-15T07:05:57Z	2026-07-15T07:06:08Z	61000	60000	1600000	1600000	0	166588	2172.3	19588.8	82687.5	15145.6	22100.7	10903.9	3949.14	2426.31	7528.47	822387	0	4	1	0	0xd43f5e018b415631
15	3	2	v2	1	2026-07-15T07:05:57Z	2026-07-15T07:06:08Z	61000	60000	1600000	1600000	0	166951	2215.09	19687.6	82606.9	15153.4	22361.1	10966.1	3826.51	2458.02	7586.56	838376	0	15	1	0	0xd43f5e018b415631
15	3	2	v2	2	2026-07-15T07:05:57Z	2026-07-15T07:06:08Z	61000	60000	1600000	1600000	0	165972	2361.01	19722.4	82582.7	15173.2	21313.1	11014	3774.13	2386.22	7559.52	837448	0	9	1	0	0xd43f5e018b415631
15	3	2	v2	3	2026-07-15T07:05:57Z	2026-07-15T07:06:08Z	61000	60000	1600000	1600000	0	166293	2160.64	19549.2	82670.2	15172.9	22063.2	10883.1	3752.21	2426.44	7530.02	822139	0	3	1	0	0xd43f5e018b415631
15	3	2	v2	4	2026-07-15T07:05:57Z	2026-07-15T07:06:08Z	61000	60000	1600000	1600000	0	165408	2344.47	19572.4	82396.2	15215.3	21164.8	10967.3	3745.43	2377.47	7534.81	837186	0	4	1	0	0xd43f5e018b415631
15	3	2	v2	5	2026-07-15T07:05:57Z	2026-07-15T07:06:08Z	61000	60000	1600000	1600000	0	166493	2204.68	19704.8	82379.7	15203.9	22026.3	10824.7	4062.81	2589.52	7409.93	822101	0	6	1	0	0xd43f5e018b415631
15	3	2	v2	6	2026-07-15T07:05:57Z	2026-07-15T07:06:08Z	61000	60000	1600000	1600000	0	167155	2216.89	19733.1	82794.7	15082.1	22315.6	10969.9	3813.92	2578.1	7562.22	838780	0	7	1	0	0xd43f5e018b415631
15	3	2	v2	7	2026-07-15T07:05:57Z	2026-07-15T07:06:08Z	61000	60000	1600000	1600000	0	166013	2208.3	19486.1	82618	15326.2	21277	11143.7	3919.93	2383.55	7560.85	837630	0	11	1	0	0xd43f5e018b415631
15	3	2	v2	8	2026-07-15T07:05:57Z	2026-07-15T07:06:08Z	61000	60000	1600000	1600000	0	166427	2162.05	19642.1	82958	15245.2	21961.6	10769.1	3961.72	2424.64	7215.34	821875	0	10	1	0	0xd43f5e018b415631
15	3	2	v2	9	2026-07-15T07:05:57Z	2026-07-15T07:06:08Z	61000	60000	1600000	1600000	0	167275	2263.47	19676	82713	15224.4	22307.8	11075.2	3986.01	2397.93	7543.22	839027	0	5	1	0	0xd43f5e018b415631
15	3	2	v2	10	2026-07-15T07:05:57Z	2026-07-15T07:06:08Z	61000	60000	1600000	1600000	0	168866	2241.35	19555.7	85180	15263.9	21497.8	11309.9	3843.84	2390.06	7496.85	840571	0	4	1	0	0xd43f5e018b415631
15	3	2	v2	11	2026-07-15T07:05:57Z	2026-07-15T07:06:08Z	61000	60000	1600000	1600000	0	166660	2229.72	19737.9	82280.1	15107.4	22202.5	11110.1	3982.18	2381.06	7544.85	838464	0	4	1	0	0xd43f5e018b415631
15	3	2	v2	12	2026-07-15T07:05:57Z	2026-07-15T07:06:08Z	61000	60000	1600000	1600000	0	165521	2233.72	19755.2	82474.7	15203.9	21126	10928.6	3773.09	2393.76	7549.97	837311	0	4	1	0	0xd43f5e018b415631
15	3	2	v2	13	2026-07-15T07:05:57Z	2026-07-15T07:06:08Z	61000	60000	1600000	1600000	0	166532	2162.59	19648.4	82576.4	15157.2	22067.2	11081.6	3804.43	2424.48	7524.43	822294	0	4	1	0	0xd43f5e018b415631
15	3	2	v2	14	2026-07-15T07:05:57Z	2026-07-15T07:06:08Z	61000	60000	1600000	1600000	0	167106	2210.34	19591.3	83001.1	15118.3	22438	10851.2	3866.18	2400.14	7545.81	838586	0	13	1	0	0xd43f5e018b415631
15	3	2	v2	15	2026-07-15T07:05:57Z	2026-07-15T07:06:08Z	61000	60000	1600000	1600000	0	165364	2217.51	19505.3	82477.7	15291.6	21312.1	10802.6	3784.59	2375.35	7510.39	821130	0	5	1	0	0xd43f5e018b415631
15	3	2	v2	16	2026-07-15T07:05:57Z	2026-07-15T07:06:08Z	61000	60000	1600000	1600000	0	166798	2193.97	19726.9	82595.1	15274.8	21993.1	11146.1	3861.35	2466.52	7454.68	822554	0	5	1	0	0xd43f5e018b415631
15	3	2	v2	17	2026-07-15T07:05:57Z	2026-07-15T07:06:08Z	61000	60000	1600000	1600000	0	166914	2255.3	19800.6	82594.4	15118.7	22361.5	10933	3793.97	2437.68	7532.72	838632	0	5	1	0	0xd43f5e018b415631
15	3	2	v2	18	2026-07-15T07:05:57Z	2026-07-15T07:06:08Z	61000	60000	1600000	1600000	0	165654	2299.97	19635.8	82473.7	15221.6	21286.9	10894	3808.76	2423.44	7522.35	821364	0	5	1	0	0xd43f5e018b415631
15	3	2	v2	19	2026-07-15T07:05:57Z	2026-07-15T07:06:08Z	61000	60000	1600000	1600000	0	166663	2191.3	19508.2	82390	15242	22109.2	11011	4035.93	2509.81	7581.39	822141	0	7	1	0	0xd43f5e018b415631
15	3	2	v2	20	2026-07-15T07:05:57Z	2026-07-15T07:06:08Z	61000	60000	1600000	1600000	0	166806	2242.93	19524.6	83181	15197.9	21794.1	11028.3	3740.26	2426.48	7585.06	837971	0	18	1	0	0xd43f5e018b415631
15	3	2	v2	21	2026-07-15T07:05:57Z	2026-07-15T07:06:08Z	61000	60000	1600000	1600000	0	166060	2226.51	19669.1	82549.8	15256.8	21452.3	10935.9	3973.64	2405.27	7501.14	821796	0	4	1	0	0xd43f5e018b415631
15	3	2	v2	22	2026-07-15T07:05:57Z	2026-07-15T07:06:08Z	61000	60000	1600000	1600000	0	169372	2186.8	19699.2	84556.2	15251.5	21673	11767.2	4186.31	2419.35	7546.56	841159	0	3	1	0	0xd43f5e018b415631
15	3	2	v2	23	2026-07-15T07:05:57Z	2026-07-15T07:06:08Z	61000	60000	1600000	1600000	0	165844	2172.51	19633.8	82612	15287.5	21558.1	10838.4	3742.51	2384.47	7526.02	821641	0	4	1	0	0xd43f5e018b415631
15	3	2	v2	24	2026-07-15T07:05:57Z	2026-07-15T07:06:08Z	61000	60000	1600000	1600000	0	166912	2252.89	19635.9	82750.6	15233.6	22138.5	10998.1	3878.71	2389.98	7546.06	838696	0	4	1	0	0xd43f5e018b415631
15	3	2	v2	25	2026-07-15T07:05:57Z	2026-07-15T07:06:08Z	61000	60000	1600000	1600000	0	166589	2243.1	19656.9	82653.1	15362.5	21789.7	11140.6	3704.13	2393.3	7556.68	838191	0	7	1	0	0xd43f5e018b415631
15	3	2	v2	26	2026-07-15T07:05:57Z	2026-07-15T07:06:08Z	61000	60000	1600000	1600000	0	166176	2174.22	19774.1	82605.1	15169	21556.8	10960.1	3952.43	2395.6	7501.22	821761	0	11	1	0	0xd43f5e018b415631
15	3	2	v2	27	2026-07-15T07:05:57Z	2026-07-15T07:06:08Z	61000	60000	1600000	1600000	0	166636	2276.43	19663.8	82689.1	15177.3	21973.4	10935.2	3851.84	2443.98	7537.56	822370	0	5	1	0	0xd43f5e018b415631
15	3	2	v2	28	2026-07-15T07:05:57Z	2026-07-15T07:06:08Z	61000	60000	1600000	1600000	0	166445	2234.64	19657.4	82647.6	15237.9	21689.7	10982.5	3911.76	2438.85	7560.97	838238	0	4	1	0	0xd43f5e018b415631
15	3	2	v2	29	2026-07-15T07:05:57Z	2026-07-15T07:06:08Z	61000	60000	1600000	1600000	0	165505	2180.97	19520.9	82247.6	15333	21612	11048.2	3742.5	2469.56	7265.22	821192	0	6	1	0	0xd43f5e018b415631
15	3	2	v2	30	2026-07-15T07:05:57Z	2026-07-15T07:06:08Z	61000	60000	1600000	1600000	0	166921	2306.68	19634.6	82439.3	15130.8	22349.3	11051.4	3940.8	2384.02	7599.56	838705	0	4	1	0	0xd43f5e018b415631
15	3	2	v2	31	2026-07-15T07:05:57Z	2026-07-15T07:06:08Z	61000	60000	1600000	1600000	0	165741	2313.31	19566.7	82593	15232.7	21195	11133.1	3663.63	2394.97	7560.31	837404	0	6	1	0	0xd43f5e018b415631
15	3	2	v2	32	2026-07-15T07:05:57Z	2026-07-15T07:06:08Z	61000	60000	1600000	1600000	0	166667	2165.09	19704	82519.4	15301.2	22071	11055.9	3806.51	2422.64	7536.93	822230	0	12	1	0	0xd43f5e018b415631
15	3	2	v2	33	2026-07-15T07:05:57Z	2026-07-15T07:06:08Z	61000	60000	1600000	1600000	0	167346	2250.72	19636.6	82780.3	15156.2	22283.7	11203.5	3975.89	2376.39	7597.81	838816	0	9	1	0	0xd43f5e018b415631
15	3	2	v2	34	2026-07-15T07:05:57Z	2026-07-15T07:06:08Z	61000	60000	1600000	1600000	0	168979	2214.09	19574.1	85131.3	15170.5	21582.7	11308.1	3918.39	2433.26	7557.43	840779	0	4	1	0	0xd43f5e018b415631
15	3	2	v2	35	2026-07-15T07:05:57Z	2026-07-15T07:06:08Z	61000	60000	1600000	1600000	0	166581	2212.09	19558.2	82664.6	15218.5	22258	10791.9	3864.93	2383.31	7545.43	838423	0	3	1	0	0xd43f5e018b415631
15	3	2	v2	36	2026-07-15T07:05:57Z	2026-07-15T07:06:08Z	61000	60000	1600000	1600000	0	166420	2304.8	19598.7	82679.7	15263.5	21746.4	11059.8	3745.47	2395.14	7542.47	838189	0	4	1	0	0xd43f5e018b415631
15	3	2	v2	37	2026-07-15T07:05:57Z	2026-07-15T07:06:08Z	61000	60000	1600000	1600000	0	165847	2205.47	19667.9	82562.8	15238.7	21707.9	10746.5	3897.93	2396.8	7333.64	821577	0	5	1	0	0xd43f5e018b415631
15	3	2	v2	38	2026-07-15T07:05:57Z	2026-07-15T07:06:08Z	61000	60000	1600000	1600000	0	166498	2246.8	19574.6	82388.6	15317.8	21787.9	11025.8	4020.1	2487.81	7566.85	838010	0	12	1	0	0xd43f5e018b415631
15	3	2	v2	39	2026-07-15T07:05:57Z	2026-07-15T07:06:08Z	61000	60000	1600000	1600000	0	166221	2337.6	19508.8	82655.9	15233.5	21300	11135.8	4006.35	2396.39	7559.6	837954	0	5	1	0	0xd43f5e018b415631
15	3	2	v2	40	2026-07-15T07:05:57Z	2026-07-15T07:06:08Z	61000	60000	1600000	1600000	0	166616	2205.59	19559.5	82638.4	15180.1	21952	11172.8	3938.89	2432.1	7451.18	822465	0	3	1	0	0xd43f5e018b415631
15	3	2	v2	41	2026-07-15T07:05:57Z	2026-07-15T07:06:08Z	61000	60000	1600000	1600000	0	167395	2625.61	19588.3	82715	15096.6	22156.9	11193.4	3981.72	2387.64	7560.81	839128	0	5	1	0	0xd43f5e018b415631
15	3	2	v2	42	2026-07-15T07:05:57Z	2026-07-15T07:06:08Z	61000	60000	1600000	1600000	0	166478	2250.76	19586.3	82539.5	15216.8	21748.8	11148.2	3916.76	2426.48	7557.68	838219	0	5	1	0	0xd43f5e018b415631
15	3	2	v2	43	2026-07-15T07:05:57Z	2026-07-15T07:06:08Z	61000	60000	1600000	1600000	0	166441	2174.76	19629.6	82804.5	15265	21495.8	10996.5	4029.1	2410.73	7551.22	822151	0	6	1	0	0xd43f5e018b415631
15	3	2	v2	44	2026-07-15T07:05:57Z	2026-07-15T07:06:08Z	61000	60000	1600000	1600000	0	166602	2167.84	19660.8	82713.6	15169.1	22057.4	10955.7	3808.38	2439.94	7545.14	822165	0	12	1	0	0xd43f5e018b415631
15	3	2	v2	45	2026-07-15T07:05:57Z	2026-07-15T07:06:08Z	61000	60000	1600000	1600000	0	167357	2320.68	19677.4	82884	15143.9	22249.6	11089.2	3973.89	2390.39	7540.06	838761	0	9	1	0	0xd43f5e018b415631
15	3	2	v2	46	2026-07-15T07:05:57Z	2026-07-15T07:06:08Z	61000	60000	1600000	1600000	0	169224	2206.55	22572.8	82543.1	15221.6	21613.3	11030.7	4001.47	2432.56	7512.93	841032	0	4	1	0	0xd43f5e018b415631
15	3	2	v2	47	2026-07-15T07:05:57Z	2026-07-15T07:06:08Z	61000	60000	1600000	1600000	0	166766	2210.47	19818.6	82477.1	15252.5	22101.7	11019.6	3845.88	2378.6	7573.64	838547	0	4	1	0	0xd43f5e018b415631
15	3	2	v2	48	2026-07-15T07:05:57Z	2026-07-15T07:06:08Z	61000	60000	1600000	1600000	0	166320	2238.1	19661.7	82455.4	15210.7	21768.9	11016	3920.64	2388.47	7575.64	838094	0	4	1	0	0xd43f5e018b415631
15	3	2	v2	49	2026-07-15T07:05:57Z	2026-07-15T07:06:08Z	61000	60000	1600000	1600000	0	165812	2158.97	19574.1	82608.4	15232.8	21791.2	10941.6	3847.26	2381.52	7184.55	821525	0	5	1	0	0xd43f5e018b415631
16	3	3	v1	0	2026-07-15T07:06:08Z	2026-07-15T07:06:19Z	61000	61000	1600000	1600000	0	166542	2167.09	19611.2	82254.5	15249	21976.3	10884.4	3875.76	2498.19	7936.69	822407	0	2	1	0	0xd43f5e018b415631
16	3	3	v1	1	2026-07-15T07:06:08Z	2026-07-15T07:06:19Z	61000	61000	1600000	1600000	0	167104	2207.34	19733	82311	15124.7	22505.6	11006.9	3815.84	2393.73	7916.73	838917	0	3	1	0	0xd43f5e018b415631
16	3	3	v1	2	2026-07-15T07:06:08Z	2026-07-15T07:06:19Z	61000	61000	1600000	1600000	0	166507	2307.76	19612.8	82450.9	15221.3	21632.4	11115	3757.42	2419.64	7902.32	838244	0	4	1	0	0xd43f5e018b415631
16	3	3	v1	3	2026-07-15T07:06:08Z	2026-07-15T07:06:19Z	61000	61000	1600000	1600000	0	166774	2156.8	19604.9	83088.2	15482.4	21314.1	11001.7	3750.97	2398.72	7890.48	838237	0	13	1	0	0xd43f5e018b415631
16	3	3	v1	4	2026-07-15T07:06:08Z	2026-07-15T07:06:19Z	61000	61000	1600000	1600000	0	170188	2159.76	19636.5	85218.1	15204.3	22136.5	11530.8	3828.47	2472.85	7910.9	842186	0	0	1	0	0xd43f5e018b415631
16	3	3	v1	5	2026-07-15T07:06:08Z	2026-07-15T07:06:19Z	61000	61000	1600000	1600000	0	165645	2222.09	19525.2	82333.5	15166.4	21168.6	10990.3	3876.93	2401.81	7874.15	837641	0	0	1	0	0xd43f5e018b415631
16	3	3	v1	6	2026-07-15T07:06:08Z	2026-07-15T07:06:19Z	61000	61000	1600000	1600000	0	166541	2156.3	19781.4	82381.3	15257	21841.2	10754.6	4069.52	2435.02	7775.6	822538	0	0	1	0	0xd43f5e018b415631
16	3	3	v1	7	2026-07-15T07:06:08Z	2026-07-15T07:06:19Z	61000	61000	1600000	1600000	0	167568	2457.64	19594.7	82520.4	15180.6	22327.5	11151.1	3929.92	2393.76	7926.86	839516	0	1	1	0	0xd43f5e018b415631
16	3	3	v1	8	2026-07-15T07:06:08Z	2026-07-15T07:06:19Z	61000	61000	1600000	1600000	0	166404	2196.09	19607.9	82527.6	15189.5	21699.7	10921.1	3801.97	2459.98	7910.4	838280	0	2	1	0	0xd43f5e018b415631
16	3	3	v1	9	2026-07-15T07:06:08Z	2026-07-15T07:06:19Z	61000	61000	1600000	1600000	0	166325	2342.97	19662	82672.9	15158.6	21413.4	10940.2	3783.09	2386.06	7877.73	838133	0	7	1	0	0xd43f5e018b415631
16	3	3	v1	10	2026-07-15T07:06:08Z	2026-07-15T07:06:19Z	61000	61000	1600000	1600000	0	166825	2156.26	19624.1	82700.9	15167.7	22254.1	10765.1	3781.76	2414.97	7873.73	822821	0	0	1	0	0xd43f5e018b415631
16	3	3	v1	11	2026-07-15T07:06:08Z	2026-07-15T07:06:19Z	61000	61000	1600000	1600000	0	166502	2219.51	19700.1	82504.5	15239.6	21675.8	10953.7	3747.55	2455.93	7912.94	838445	0	1	1	0	0xd43f5e018b415631
16	3	3	v1	12	2026-07-15T07:06:08Z	2026-07-15T07:06:19Z	61000	61000	1600000	1600000	0	166219	2221.14	19819.9	82494.4	15166.6	21408.7	10838	3912.26	2382.85	7886.06	838075	0	2	1	0	0xd43f5e018b415631
16	3	3	v1	13	2026-07-15T07:06:08Z	2026-07-15T07:06:19Z	61000	61000	1600000	1600000	0	166721	2160.26	19595.4	82624.7	15202.2	22147.4	10684.1	3887.01	2437.85	7894.65	822730	0	0	1	0	0xd43f5e018b415631
16	3	3	v1	14	2026-07-15T07:06:08Z	2026-07-15T07:06:19Z	61000	61000	1600000	1600000	0	167073	2205.97	19538.6	82641.5	15187.6	22291.1	10830	3853.01	2450.64	7984.36	838673	0	7	1	0	0xd43f5e018b415631
16	3	3	v1	15	2026-07-15T07:06:08Z	2026-07-15T07:06:19Z	61000	61000	1600000	1600000	0	165905	2199.97	19616	82351.3	15236.3	21404.9	10913.3	3808.63	2400.39	7886.31	837484	0	10	1	0	0xd43f5e018b415631
16	3	3	v1	16	2026-07-15T07:06:08Z	2026-07-15T07:06:19Z	61000	61000	1600000	1600000	0	169440	2185.09	19613.6	84446.5	15482.1	22180	11067.5	3761.01	2720.65	7895.65	841440	0	0	1	0	0xd43f5e018b415631
16	3	3	v1	17	2026-07-15T07:06:08Z	2026-07-15T07:06:19Z	61000	61000	1600000	1600000	0	166193	2217.39	19770.1	82474	15168.6	21185.8	11087.1	3953.85	2369.18	7880.69	838185	0	0	1	0	0xd43f5e018b415631
16	3	3	v1	18	2026-07-15T07:06:08Z	2026-07-15T07:06:19Z	61000	61000	1600000	1600000	0	166494	2161.55	19760	82259.9	15253.3	21911.4	11000.8	3837.93	2478.47	7742.4	822495	0	0	1	0	0xd43f5e018b415631
16	3	3	v1	19	2026-07-15T07:06:08Z	2026-07-15T07:06:19Z	61000	61000	1600000	1600000	0	166701	2198.97	19463	82195.7	15163.2	22263.3	11022.6	3937.51	2453.6	7914.19	838647	0	1	1	0	0xd43f5e018b415631
16	3	3	v1	20	2026-07-15T07:06:08Z	2026-07-15T07:06:19Z	61000	61000	1600000	1600000	0	166251	2214.72	19649.9	82614.4	15264.2	21133.7	10978.9	4034.01	2373.72	7902.9	838060	0	3	1	0	0xd43f5e018b415631
16	3	3	v1	21	2026-07-15T07:06:08Z	2026-07-15T07:06:19Z	61000	61000	1600000	1600000	0	166559	2197.22	19675.5	82634.9	15227.5	21849.7	11027.7	3803.68	2383.64	7671.23	822325	0	8	1	0	0xd43f5e018b415631
16	3	3	v1	22	2026-07-15T07:06:08Z	2026-07-15T07:06:19Z	61000	61000	1600000	1600000	0	167224	2219.76	19719.3	82340.2	15136.1	22291.8	11082.6	4002.47	2437.68	7907.19	839163	0	1	1	0	0xd43f5e018b415631
16	3	3	v1	23	2026-07-15T07:06:08Z	2026-07-15T07:06:19Z	61000	61000	1600000	1600000	0	166553	2216.05	19818.4	82531.8	15259	21707.7	10915.1	3734.13	2396.56	7884.86	838547	0	0	1	0	0xd43f5e018b415631
16	3	3	v1	24	2026-07-15T07:06:08Z	2026-07-15T07:06:19Z	61000	61000	1600000	1600000	0	166276	2205.76	19540.3	82501.2	15350.5	21601.6	10711.9	4016.05	2385.64	7870.56	822157	0	2	1	0	0xd43f5e018b415631
16	3	3	v1	25	2026-07-15T07:06:08Z	2026-07-15T07:06:19Z	61000	61000	1600000	1600000	0	167091	2187.55	19714	82252.9	15226.5	22018.7	11361.1	3926.01	2507.61	7814.15	822970	0	2	1	0	0xd43f5e018b415631
16	3	3	v1	26	2026-07-15T07:06:08Z	2026-07-15T07:06:19Z	61000	61000	1600000	1600000	0	166977	2237.76	19558.9	82286.5	15171.4	22295.4	11029.4	4014.26	2413.52	7881.65	838753	0	3	1	0	0xd43f5e018b415631
16	3	3	v1	27	2026-07-15T07:06:08Z	2026-07-15T07:06:19Z	61000	61000	1600000	1600000	0	167090	2254.76	19817.7	82776.4	15267.7	21719.1	10953.9	3857.3	2445.06	7909.4	838722	0	6	1	0	0xd43f5e018b415631
16	3	3	v1	28	2026-07-15T07:06:08Z	2026-07-15T07:06:19Z	61000	61000	1600000	1600000	0	169130	2221.22	19597	82616.6	16526.6	22836.1	11134.1	3829.76	2381.81	7897.19	841000	0	6	1	0	0xd43f5e018b415631
16	3	3	v1	29	2026-07-15T07:06:08Z	2026-07-15T07:06:19Z	61000	61000	1600000	1600000	0	166020	2213.89	19516	82144.1	15234.7	21625.8	11109.6	3792.55	2393.68	7904.02	838009	0	0	1	0	0xd43f5e018b415631
16	3	3	v1	30	2026-07-15T07:06:08Z	2026-07-15T07:06:19Z	61000	61000	1600000	1600000	0	165870	2199.34	19541.8	82544.2	15227.9	21601.2	10902.4	3812.64	2381.47	7569.06	821869	0	0	1	0	0xd43f5e018b415631
16	3	3	v1	31	2026-07-15T07:06:08Z	2026-07-15T07:06:19Z	61000	61000	1600000	1600000	0	167226	2227.47	19646.9	82313	15155	22290.8	11208.5	3996.97	2391.97	7907.81	839222	0	0	1	0	0xd43f5e018b415631
16	3	3	v1	32	2026-07-15T07:06:08Z	2026-07-15T07:06:19Z	61000	61000	1600000	1600000	0	166563	2222.68	19555.7	82630.7	15299.2	21697.9	10935.8	3812.63	2413.47	7905.77	838392	0	3	1	0	0xd43f5e018b415631
16	3	3	v1	33	2026-07-15T07:06:08Z	2026-07-15T07:06:19Z	61000	61000	1600000	1600000	0	166573	2163.05	19573.5	82807	15163.2	21348.1	11171.1	3990.43	2387.77	7881.9	838417	0	2	1	0	0xd43f5e018b415631
16	3	3	v1	34	2026-07-15T07:06:08Z	2026-07-15T07:06:19Z	61000	61000	1600000	1600000	0	166821	2150.22	19596.9	82605.8	15326	21975.4	10930.9	3870.13	2529.27	7748.56	822660	0	6	1	0	0xd43f5e018b415631
16	3	3	v1	35	2026-07-15T07:06:08Z	2026-07-15T07:06:19Z	61000	61000	1600000	1600000	0	167094	2225.05	19556.3	82458.4	15189.2	22292.5	11088.3	3891.76	2379.1	7925.4	839091	0	0	1	0	0xd43f5e018b415631
16	3	3	v1	36	2026-07-15T07:06:08Z	2026-07-15T07:06:19Z	61000	61000	1600000	1600000	0	165851	2200.51	19712.5	82471.1	15204.6	21144.3	11031.6	3742.01	2386.14	7870.11	837724	0	2	1	0	0xd43f5e018b415631
16	3	3	v1	37	2026-07-15T07:06:08Z	2026-07-15T07:06:19Z	61000	61000	1600000	1600000	0	166511	2170.22	19555.3	82530.5	15294.9	21870.2	10977.2	3796.96	2483.81	7741.73	822458	0	1	1	0	0xd43f5e018b415631
16	3	3	v1	38	2026-07-15T07:06:08Z	2026-07-15T07:06:19Z	61000	61000	1600000	1600000	0	167265	2235.14	19812.6	82218.6	15164.2	22258.2	11069.4	4145.31	2391.68	7881.4	839106	0	2	1	0	0xd43f5e018b415631
16	3	3	v1	39	2026-07-15T07:06:08Z	2026-07-15T07:06:19Z	61000	61000	1600000	1600000	0	167396	2199.93	19594.6	82931.2	15113.7	22313.8	11012.6	3795.59	2430.14	7912.32	838949	0	7	1	0	0xd43f5e018b415631
16	3	3	v1	40	2026-07-15T07:06:08Z	2026-07-15T07:06:19Z	61000	61000	1600000	1600000	0	167718	2252.3	19517.6	83463.5	15355	21317.2	11408.9	4010.64	2394.56	7910.06	839563	0	6	1	0	0xd43f5e018b415631
16	3	3	v1	41	2026-07-15T07:06:08Z	2026-07-15T07:06:19Z	61000	61000	1600000	1600000	0	165735	2196.64	19659.3	82444.1	15163.9	21238.6	10916.8	3752.05	2398.35	7877.4	837721	0	0	1	0	0xd43f5e018b415631
16	3	3	v1	42	2026-07-15T07:06:08Z	2026-07-15T07:06:19Z	61000	61000	1600000	1600000	0	166642	2154.47	19523.1	82347.1	15198.7	22037.6	10946.9	3938.22	2513.93	7891.06	822643	0	0	1	0	0xd43f5e018b415631
16	3	3	v1	43	2026-07-15T07:06:08Z	2026-07-15T07:06:19Z	61000	61000	1600000	1600000	0	167208	2214.72	19698.7	82334	15205.1	22276.3	10940.4	4094.43	2430.14	7925.44	839211	0	0	1	0	0xd43f5e018b415631
16	3	3	v1	44	2026-07-15T07:06:08Z	2026-07-15T07:06:19Z	61000	61000	1600000	1600000	0	166033	2317.47	19730.8	82449.4	15209.3	21108.5	11043.8	3815.47	2392.31	7877.81	837740	0	4	1	0	0xd43f5e018b415631
16	3	3	v1	45	2026-07-15T07:06:08Z	2026-07-15T07:06:19Z	61000	61000	1600000	1600000	0	166408	2154.26	19663.6	82671.2	15251.9	21795.7	10696.8	3896.05	2452.56	7739.85	822279	0	2	1	0	0xd43f5e018b415631
16	3	3	v1	46	2026-07-15T07:06:08Z	2026-07-15T07:06:19Z	61000	61000	1600000	1600000	0	167142	2215.39	19727.6	82388.1	15115.3	22444.2	10687.9	4174.52	2380.47	7918.98	839039	0	6	1	0	0xd43f5e018b415631
16	3	3	v1	47	2026-07-15T07:06:08Z	2026-07-15T07:06:19Z	61000	61000	1600000	1600000	0	165800	2218.72	19483	82555.1	15225.6	21174.7	10975.8	3760.63	2388.52	7930.36	837796	0	0	1	0	0xd43f5e018b415631
16	3	3	v1	48	2026-07-15T07:06:08Z	2026-07-15T07:06:19Z	61000	61000	1600000	1600000	0	166522	2168.64	19684.1	82521.6	15220.2	21918.8	10766.5	3873.59	2516.27	7762.85	822393	0	2	1	0	0xd43f5e018b415631
16	3	3	v1	49	2026-07-15T07:06:08Z	2026-07-15T07:06:19Z	61000	61000	1600000	1600000	0	167361	2219.09	19776.6	82496.6	15172	22318.9	11121.6	3908.47	2389.39	7870.56	839142	0	4	1	0	0xd43f5e018b415631
17	4	0	v1	0	2026-07-15T07:06:19Z	2026-07-15T07:06:30Z	61000	61000	1600000	1600000	0	166253	2176.39	19392	82299.5	15125.9	22170.9	10955.8	3788.96	2376.01	7882.94	822243	0	0	1	0	0xd43f5e018b415631
17	4	0	v1	1	2026-07-15T07:06:19Z	2026-07-15T07:06:30Z	61000	61000	1600000	1600000	0	165604	2254.47	19525.4	82444.4	15146.1	21142.6	10947.3	3772.63	2390.3	7892.02	837603	0	0	1	0	0xd43f5e018b415631
17	4	0	v1	2	2026-07-15T07:06:19Z	2026-07-15T07:06:30Z	61000	61000	1600000	1600000	0	166689	2204.72	19822.2	82788.9	15231.2	21748.3	10766.2	3791.88	2487.98	7733.4	822358	0	5	1	0	0xd43f5e018b415631
17	4	0	v1	3	2026-07-15T07:06:19Z	2026-07-15T07:06:30Z	61000	61000	1600000	1600000	0	167526	2375.18	19842.2	82590.9	15215.3	22024.7	11031.9	4023.01	2431.81	7900.27	839168	0	3	1	0	0xd43f5e018b415631
17	4	0	v1	4	2026-07-15T07:06:19Z	2026-07-15T07:06:30Z	61000	61000	1600000	1600000	0	167103	2256.26	19566.6	82431.7	15152.4	22243.2	10953.1	4062.14	2449.02	7898.36	839095	0	0	1	0	0xd43f5e018b415631
17	4	0	v1	5	2026-07-15T07:06:19Z	2026-07-15T07:06:30Z	61000	61000	1600000	1600000	0	165816	2210.84	19673	82267.8	15202.3	21224.5	11069.5	3795.88	2388.31	7894.15	837602	0	7	1	0	0xd43f5e018b415631
17	4	0	v1	6	2026-07-15T07:06:19Z	2026-07-15T07:06:30Z	61000	61000	1600000	1600000	0	166680	2209.97	19617.3	82431.1	15245.2	21909.6	10952	3935.3	2475.43	7819.19	822548	0	2	1	0	0xd43f5e018b415631
17	4	0	v1	7	2026-07-15T07:06:19Z	2026-07-15T07:06:30Z	61000	61000	1600000	1600000	0	166998	2218.64	19605.6	82312.6	15142.4	22270.5	11098.6	3823.8	2434.93	8001.53	838825	0	3	1	0	0xd43f5e018b415631
17	4	0	v1	8	2026-07-15T07:06:19Z	2026-07-15T07:06:30Z	61000	61000	1600000	1600000	0	165863	2338.97	19629.4	82278.4	15171.6	21168.8	11078.4	3784.8	2399.22	7926.07	837676	0	3	1	0	0xd43f5e018b415631
17	4	0	v1	9	2026-07-15T07:06:19Z	2026-07-15T07:06:30Z	61000	61000	1600000	1600000	0	166482	2224.09	19440.1	82337.7	15185.9	22027.5	10903.7	3856.51	2505.02	7917.11	822333	0	2	1	0	0xd43f5e018b415631
17	4	0	v1	10	2026-07-15T07:06:19Z	2026-07-15T07:06:30Z	61000	61000	1600000	1600000	0	167535	2722.19	19579.8	82650.1	15189.3	22107.1	11028.9	3900.8	2391.01	7878.06	839053	0	4	1	0	0xd43f5e018b415631
17	4	0	v1	11	2026-07-15T07:06:19Z	2026-07-15T07:06:30Z	61000	61000	1600000	1600000	0	169501	2224.93	19872.8	83001.6	16900.6	22334.6	11031	3762.26	2395.39	7892.36	857138	0	9	1	0	0xd43f5e018b415631
17	4	0	v1	12	2026-07-15T07:06:19Z	2026-07-15T07:06:30Z	61000	61000	1600000	1600000	0	166604	2167.47	19562.1	82590.6	15183.8	21818.9	11209	3823.84	2500.1	7660.18	822608	0	0	1	0	0xd43f5e018b415631
17	4	0	v1	13	2026-07-15T07:06:19Z	2026-07-15T07:06:30Z	61000	61000	1600000	1600000	0	166975	2251.72	19469.8	82469.6	15110.4	22265.7	11044.6	3996.26	2389.1	7887.9	838968	0	0	1	0	0xd43f5e018b415631
17	4	0	v1	14	2026-07-15T07:06:19Z	2026-07-15T07:06:30Z	61000	61000	1600000	1600000	0	166672	2232.59	19760.7	82537.8	15293.5	21700.5	10941.1	3798.55	2395.72	7921.98	838378	0	5	1	0	0xd43f5e018b415631
17	4	0	v1	15	2026-07-15T07:06:19Z	2026-07-15T07:06:30Z	61000	61000	1600000	1600000	0	166776	2195.09	19543.8	82844.8	15228.4	21324.3	11282.2	3981.76	2382.93	7875.86	838532	0	3	1	0	0xd43f5e018b415631
17	4	0	v1	16	2026-07-15T07:06:19Z	2026-07-15T07:06:30Z	61000	61000	1600000	1600000	0	166647	2186.72	19570	82598.2	15259.5	21845	10933.2	3931.39	2513.14	7723.27	822643	0	0	1	0	0xd43f5e018b415631
17	4	0	v1	17	2026-07-15T07:06:19Z	2026-07-15T07:06:30Z	61000	61000	1600000	1600000	0	167032	2229.26	19642.7	82528.9	15111.4	22320.8	10984.9	3797.22	2386.76	7940.86	838914	0	6	1	0	0xd43f5e018b415631
17	4	0	v1	18	2026-07-15T07:06:19Z	2026-07-15T07:06:30Z	61000	61000	1600000	1600000	0	165791	2205.55	19567.4	82419.2	15241.4	21189.1	11026.3	3763.13	2389.43	7902.02	837660	0	2	1	0	0xd43f5e018b415631
17	4	0	v1	19	2026-07-15T07:06:19Z	2026-07-15T07:06:30Z	61000	61000	1600000	1600000	0	166556	2166.22	19586.3	82472.9	15118.6	21935.6	11019.1	3905.18	2435.64	7830.73	822557	0	0	1	0	0xd43f5e018b415631
17	4	0	v1	20	2026-07-15T07:06:19Z	2026-07-15T07:06:30Z	61000	61000	1600000	1600000	0	167220	2223.01	19631	82602.2	15141.5	22291.9	10989.1	3955.8	2391.31	7905.11	839080	0	2	1	0	0xd43f5e018b415631
17	4	0	v1	21	2026-07-15T07:06:19Z	2026-07-15T07:06:30Z	61000	61000	1600000	1600000	0	166567	2295.51	19579.6	82363	15241	21710.6	11239.9	3785.13	2379.47	7888.61	838353	0	3	1	0	0xd43f5e018b415631
17	4	0	v1	22	2026-07-15T07:06:19Z	2026-07-15T07:06:30Z	61000	61000	1600000	1600000	0	166532	2169.84	19751.5	82888.2	15143.4	21328.4	10963.1	3926.55	2394.14	7880.06	838131	0	5	1	0	0xd43f5e018b415631
17	4	0	v1	23	2026-07-15T07:06:19Z	2026-07-15T07:06:30Z	61000	61000	1600000	1600000	0	169886	2194.93	19651.3	83993.7	15150.7	22600.9	11830.2	4020.14	2458.97	7894.31	841769	0	6	1	0	0xd43f5e018b415631
17	4	0	v1	24	2026-07-15T07:06:19Z	2026-07-15T07:06:30Z	61000	61000	1600000	1600000	0	166120	2237.35	19757.3	82458.7	15190.7	21184.8	10876.9	4031.1	2376.68	7918.31	838112	0	0	1	0	0xd43f5e018b415631
17	4	0	v1	25	2026-07-15T07:06:19Z	2026-07-15T07:06:30Z	61000	61000	1600000	1600000	0	166486	2169.26	19473.1	82321.2	15235.7	21957	10976.4	3871.22	2469.14	7922.94	822486	0	0	1	0	0xd43f5e018b415631
17	4	0	v1	26	2026-07-15T07:06:19Z	2026-07-15T07:06:30Z	61000	61000	1600000	1600000	0	166213	2233.01	19508.1	82456	15295	21596.1	10952.4	3773.51	2392.81	7916.65	838138	0	1	1	0	0xd43f5e018b415631
17	4	0	v1	27	2026-07-15T07:06:19Z	2026-07-15T07:06:30Z	61000	61000	1600000	1600000	0	166168	2257.3	19371.3	82464.1	15266.1	21436.8	10931.9	4069.3	2395.01	7886.77	837973	0	3	1	0	0xd43f5e018b415631
17	4	0	v1	28	2026-07-15T07:06:19Z	2026-07-15T07:06:30Z	61000	61000	1600000	1600000	0	166766	2170.89	19611.8	82562.3	15195.2	22062.2	11023.5	3742.47	2427.19	7886.77	822763	0	0	1	0	0xd43f5e018b415631
17	4	0	v1	29	2026-07-15T07:06:19Z	2026-07-15T07:06:30Z	61000	61000	1600000	1600000	0	166419	2249.05	19597.9	82361.5	15216.3	21759.7	10991.3	3817.21	2409.06	7929.86	838303	0	6	1	0	0xd43f5e018b415631
17	4	0	v1	30	2026-07-15T07:06:19Z	2026-07-15T07:06:30Z	61000	61000	1600000	1600000	0	166539	2237.05	19667.8	82685.8	15280.6	21375	10985.4	3920.97	2403.93	7891.69	838397	0	2	1	0	0xd43f5e018b415631
17	4	0	v1	31	2026-07-15T07:06:19Z	2026-07-15T07:06:30Z	61000	61000	1600000	1600000	0	166594	2217.05	19582.2	82559.4	15250.7	21980.3	10757.9	3834.97	2418.56	7905.86	822527	0	1	1	0	0xd43f5e018b415631
17	4	0	v1	32	2026-07-15T07:06:19Z	2026-07-15T07:06:30Z	61000	61000	1600000	1600000	0	167128	2203.39	19694.6	82554.3	15124.9	22279	10978	3871.55	2429.48	7903.27	838773	0	4	1	0	0xd43f5e018b415631
17	4	0	v1	33	2026-07-15T07:06:19Z	2026-07-15T07:06:30Z	61000	61000	1600000	1600000	0	165630	2235.01	19505.1	82296	15158.2	21414.9	10989.3	3646.75	2393.18	7905.52	837489	0	2	1	0	0xd43f5e018b415631
17	4	0	v1	34	2026-07-15T07:06:19Z	2026-07-15T07:06:30Z	61000	61000	1600000	1600000	0	166734	2188.22	19507.3	82792.8	15219.7	21967.1	10818	3844.26	2432.27	7875.73	822403	0	5	1	0	0xd43f5e018b415631
17	4	0	v1	35	2026-07-15T07:06:19Z	2026-07-15T07:06:30Z	61000	61000	1600000	1600000	0	170171	2232.01	19505.4	85233.3	15239.9	22369.5	11307.6	3869.26	2435.52	7890.56	858031	0	6	1	0	0xd43f5e018b415631
17	4	0	v1	36	2026-07-15T07:06:19Z	2026-07-15T07:06:30Z	61000	61000	1600000	1600000	0	166441	2177.55	19662.9	82668.7	15199.4	21455.5	11039.2	3862.8	2384.01	7902.98	838435	0	0	1	0	0xd43f5e018b415631
17	4	0	v1	37	2026-07-15T07:06:19Z	2026-07-15T07:06:30Z	61000	61000	1600000	1600000	0	166880	2233.22	20022.4	82277.6	15186.7	21958.9	10836.6	3893.88	2501.39	7885.15	822832	0	1	1	0	0xd43f5e018b415631
17	4	0	v1	38	2026-07-15T07:06:19Z	2026-07-15T07:06:30Z	61000	61000	1600000	1600000	0	167401	2254.76	19624.6	82742.5	15150.7	22248.7	11065.8	3909.01	2394.43	7927.61	839335	0	1	1	0	0xd43f5e018b415631
17	4	0	v1	39	2026-07-15T07:06:19Z	2026-07-15T07:06:30Z	61000	61000	1600000	1600000	0	166748	2341.14	19598.7	82698.5	15241.4	21717.7	10954.1	3755.63	2422.6	7931.4	838518	0	3	1	0	0xd43f5e018b415631
17	4	0	v1	40	2026-07-15T07:06:19Z	2026-07-15T07:06:30Z	61000	61000	1600000	1600000	0	166194	2226.39	19537.2	82444.6	15208.6	21458.9	11079.3	3856.18	2399.14	7894.11	838190	0	0	1	0	0xd43f5e018b415631
17	4	0	v1	41	2026-07-15T07:06:19Z	2026-07-15T07:06:30Z	61000	61000	1600000	1600000	0	166842	2156.51	19708.5	82498.7	15171.2	21954.7	11039.3	3865.18	2489.61	7868.02	822840	0	0	1	0	0xd43f5e018b415631
17	4	0	v1	42	2026-07-15T07:06:19Z	2026-07-15T07:06:30Z	61000	61000	1600000	1600000	0	167298	2212.34	19546	82539.9	15156.2	22396.7	11090.9	3932.55	2391.1	7942.94	839008	0	8	1	0	0xd43f5e018b415631
17	4	0	v1	43	2026-07-15T07:06:19Z	2026-07-15T07:06:30Z	61000	61000	1600000	1600000	0	165779	2224.68	19616.3	82431.4	15284.1	21079.4	10940.2	3859.09	2377.56	7878.61	837773	0	0	1	0	0xd43f5e018b415631
17	4	0	v1	44	2026-07-15T07:06:19Z	2026-07-15T07:06:30Z	61000	61000	1600000	1600000	0	166385	2165.89	19559.3	82316.8	15237.1	21907.2	10889.5	3963.88	2440.64	7817.06	822188	0	3	1	0	0xd43f5e018b415631
17	4	0	v1	45	2026-07-15T07:06:19Z	2026-07-15T07:06:30Z	61000	61000	1600000	1600000	0	167178	2212.93	19610.6	82559.5	15114.6	22286.2	11157.7	3828.01	2392.14	7930.65	839101	0	1	1	0	0xd43f5e018b415631
17	4	0	v1	46	2026-07-15T07:06:19Z	2026-07-15T07:06:30Z	61000	61000	1600000	1600000	0	166842	2224.22	19637.6	82778.2	15275.6	21713.9	10982	3804.8	2428.72	7912.44	838510	0	5	1	0	0xd43f5e018b415631
17	4	0	v1	47	2026-07-15T07:06:19Z	2026-07-15T07:06:30Z	61000	61000	1600000	1600000	0	169447	2253.43	19506.8	85036.6	15717.4	21638	11142.4	3863.26	2423.1	7773.56	841387	0	1	1	0	0xd43f5e018b415631
17	4	0	v1	48	2026-07-15T07:06:19Z	2026-07-15T07:06:30Z	61000	61000	1600000	1600000	0	167202	2202.59	19679.8	82736.7	15187.4	22245	10986.6	3789.55	2389.39	7898.19	839078	0	6	1	0	0xd43f5e018b415631
17	4	0	v1	49	2026-07-15T07:06:19Z	2026-07-15T07:06:30Z	61000	61000	1600000	1600000	0	166992	2244.43	19570.6	82788.2	15270.8	21710.8	11008.8	3907.51	2459.98	7944.48	838939	0	1	1	0	0xd43f5e018b415631
18	4	1	v2	0	2026-07-15T07:06:30Z	2026-07-15T07:06:41Z	61000	62000	1600000	1600000	0	165783	2319.81	19453.8	82546.9	15247.2	21346.6	11024.8	3804.8	2410.1	7542.39	837565	0	8	1	0	0xd43f5e018b415631
18	4	1	v2	1	2026-07-15T07:06:30Z	2026-07-15T07:06:41Z	61000	62000	1600000	1600000	0	166255	2278.47	19652.3	82389.9	15150.6	22008.8	10882.8	3764.55	2491.6	7552.97	822254	0	0	1	0	0xd43f5e018b415631
18	4	1	v2	2	2026-07-15T07:06:30Z	2026-07-15T07:06:41Z	61000	62000	1600000	1600000	0	165351	2320.93	19540.9	82316.5	15216.4	21182.3	11011.1	3751.13	2387.72	7533.39	837144	0	3	1	0	0xd43f5e018b415631
18	4	1	v2	3	2026-07-15T07:06:30Z	2026-07-15T07:06:41Z	61000	62000	1600000	1600000	0	166515	2268.51	19610.6	82626.8	15173.4	22058.5	10778.8	3925.14	2454.73	7533.93	822378	0	2	1	0	0xd43f5e018b415631
18	4	1	v2	4	2026-07-15T07:06:30Z	2026-07-15T07:06:41Z	61000	62000	1600000	1600000	0	166584	2315.51	19615.9	82443.9	15184.1	21717.9	11401.9	3799.22	2437.81	7575.6	838283	0	5	1	0	0xd43f5e018b415631
18	4	1	v2	5	2026-07-15T07:06:30Z	2026-07-15T07:06:41Z	61000	62000	1600000	1600000	0	165183	2320.72	19410.8	82182.8	15223.4	21618.2	10801.2	3763.59	2427.39	7348.47	821180	0	0	1	0	0xd43f5e018b415631
18	4	1	v2	6	2026-07-15T07:06:30Z	2026-07-15T07:06:41Z	61000	62000	1600000	1600000	0	168983	2299.89	19763	85192.4	15188.4	21305.9	11174.2	3842.88	2554.6	7571.43	856966	0	0	1	0	0xd43f5e018b415631
18	4	1	v2	7	2026-07-15T07:06:30Z	2026-07-15T07:06:41Z	61000	62000	1600000	1600000	0	166493	2265.97	19620.1	82620.1	15226.4	21951.7	10925.7	3806.51	2427.14	7558.06	822386	0	6	1	0	0xd43f5e018b415631
18	4	1	v2	8	2026-07-15T07:06:30Z	2026-07-15T07:06:41Z	61000	62000	1600000	1600000	0	165186	2283.55	19596.8	82529.4	15125.1	21049.9	10792.7	3790.21	2394.39	7533.47	837046	0	2	1	0	0xd43f5e018b415631
18	4	1	v2	9	2026-07-15T07:06:30Z	2026-07-15T07:06:41Z	61000	62000	1600000	1600000	0	166140	2257.76	19654.6	82197.6	15148.4	22079.6	10914.4	3780.93	2485.1	7537.1	821967	0	3	1	0	0xd43f5e018b415631
18	4	1	v2	10	2026-07-15T07:06:30Z	2026-07-15T07:06:41Z	61000	62000	1600000	1600000	0	165557	2287.72	19488.8	82472.6	15161.7	21131.3	11125	3851.51	2397.97	7553.01	837547	0	0	1	0	0xd43f5e018b415631
18	4	1	v2	11	2026-07-15T07:06:30Z	2026-07-15T07:06:41Z	61000	62000	1600000	1600000	0	167363	3855.3	19567.9	82567.6	15167.3	21413.3	10865.3	3942.43	2387.68	7506.93	823318	0	1	1	0	0xd43f5e018b415631
18	4	1	v2	12	2026-07-15T07:06:30Z	2026-07-15T07:06:41Z	61000	62000	1600000	1600000	0	166883	2257.22	19574.2	82741.7	15202.7	22060.1	10962.8	4029.39	2427.85	7542.68	838806	0	1	1	0	0xd43f5e018b415631
18	4	1	v2	13	2026-07-15T07:06:30Z	2026-07-15T07:06:41Z	61000	62000	1600000	1600000	0	167081	2470.64	19597	82625.6	15208.5	22246.8	11036.9	3809.13	2446.31	7551.68	838752	0	9	1	0	0xd43f5e018b415631
18	4	1	v2	14	2026-07-15T07:06:30Z	2026-07-15T07:06:41Z	61000	62000	1600000	1600000	0	166599	2309.55	19586.4	82526.9	15309	21752.4	11204.2	3880.13	2386.47	7551.85	838303	0	5	1	0	0xd43f5e018b415631
18	4	1	v2	15	2026-07-15T07:06:30Z	2026-07-15T07:06:41Z	61000	62000	1600000	1600000	0	165785	2276.05	19483.6	82750.5	15217.6	21683.5	10730.7	3921.14	2384.85	7250.42	821501	0	5	1	0	0xd43f5e018b415631
18	4	1	v2	16	2026-07-15T07:06:30Z	2026-07-15T07:06:41Z	61000	62000	1600000	1600000	0	166655	2263.64	19544.3	82925.9	15158.6	21760.1	10939.8	3993.89	2432.18	7548.14	838210	0	6	1	0	0xd43f5e018b415631
18	4	1	v2	17	2026-07-15T07:06:30Z	2026-07-15T07:06:41Z	61000	62000	1600000	1600000	0	165986	2321.89	19626.6	82347.4	15166.5	21348.9	11180.3	3972.93	2391.14	7543.52	837976	0	0	1	0	0xd43f5e018b415631
18	4	1	v2	18	2026-07-15T07:06:30Z	2026-07-15T07:06:41Z	61000	62000	1600000	1600000	0	169873	2264.93	19629.8	85710.8	15131.4	22317.6	10911.6	3841.97	2439.47	7535.56	841877	0	0	1	0	0xd43f5e018b415631
18	4	1	v2	19	2026-07-15T07:06:30Z	2026-07-15T07:06:41Z	61000	62000	1600000	1600000	0	165796	2332.39	19845.1	82269	15152	21135.4	11007.6	4021.97	2394.97	7546.39	837676	0	6	1	0	0xd43f5e018b415631
18	4	1	v2	20	2026-07-15T07:06:30Z	2026-07-15T07:06:41Z	61000	62000	1600000	1600000	0	166430	2263.47	19680.4	82380.8	15221.3	22113.2	10959.8	3746.84	2443.6	7531.85	822323	0	2	1	0	0xd43f5e018b415631
18	4	1	v2	21	2026-07-15T07:06:30Z	2026-07-15T07:06:41Z	61000	62000	1600000	1600000	0	167175	2453.64	19596.4	82463.3	15322.2	22297.7	11076.9	3885.72	2444.89	7544.47	839040	0	2	1	0	0xd43f5e018b415631
18	4	1	v2	22	2026-07-15T07:06:30Z	2026-07-15T07:06:41Z	61000	62000	1600000	1600000	0	165745	2405.39	19612.4	82479.9	15161.8	21321.5	10932.3	3855.34	2391.47	7498.6	837672	0	1	1	0	0xd43f5e018b415631
18	4	1	v2	23	2026-07-15T07:06:30Z	2026-07-15T07:06:41Z	61000	62000	1600000	1600000	0	166696	2258.14	19562.6	82400.1	15203.2	22035.2	11143.2	4065.34	2472.81	7470.89	822696	0	0	1	0	0xd43f5e018b415631
18	4	1	v2	24	2026-07-15T07:06:30Z	2026-07-15T07:06:41Z	61000	62000	1600000	1600000	0	166298	2331.26	19652.5	82530.4	15353.2	21731.4	10852.4	3733.38	2442.81	7586.47	838231	0	1	1	0	0xd43f5e018b415631
18	4	1	v2	25	2026-07-15T07:06:30Z	2026-07-15T07:06:41Z	61000	62000	1600000	1600000	0	166149	2248.1	19540.8	82575.8	15214.6	21670.5	11015.9	3890.76	2396.47	7509.51	821932	0	8	1	0	0xd43f5e018b415631
18	4	1	v2	26	2026-07-15T07:06:30Z	2026-07-15T07:06:41Z	61000	62000	1600000	1600000	0	166243	2290.01	19561.3	82110.7	15173.4	22324.9	10706	4052.26	2384.89	7556.39	838154	0	1	1	0	0xd43f5e018b415631
18	4	1	v2	27	2026-07-15T07:06:30Z	2026-07-15T07:06:41Z	61000	62000	1600000	1600000	0	165804	2303.14	19648.4	82630.4	15186.4	21181.7	10921.9	3893.92	2398.52	7552.64	837598	0	3	1	0	0xd43f5e018b415631
18	4	1	v2	28	2026-07-15T07:06:30Z	2026-07-15T07:06:41Z	61000	62000	1600000	1600000	0	166574	2252.55	19758.5	82866.2	15280.6	21846.9	10938.8	3728.55	2471.23	7346.38	822249	0	5	1	0	0xd43f5e018b415631
18	4	1	v2	29	2026-07-15T07:06:30Z	2026-07-15T07:06:41Z	61000	62000	1600000	1600000	0	166121	2271.51	19594	82605.4	15226.6	21644.3	10901.1	3784.13	2434.35	7571.35	838121	0	0	1	0	0xd43f5e018b415631
18	4	1	v2	30	2026-07-15T07:06:30Z	2026-07-15T07:06:41Z	61000	62000	1600000	1600000	0	169517	2267.8	22917.3	82463.9	15286.2	21765.8	10878.4	4006.05	2429.31	7414.18	841516	0	0	1	0	0xd43f5e018b415631
18	4	1	v2	31	2026-07-15T07:06:30Z	2026-07-15T07:06:41Z	61000	62000	1600000	1600000	0	166916	2308.64	19606.5	82715	15155.9	22271.3	10968.6	3776.63	2439.31	7585.47	838794	0	6	1	0	0xd43f5e018b415631
18	4	1	v2	32	2026-07-15T07:06:30Z	2026-07-15T07:06:41Z	61000	62000	1600000	1600000	0	165905	2314.47	19796.2	82490.2	15176.4	21173.7	10952.6	3997.72	2389.18	7525.47	837783	0	2	1	0	0xd43f5e018b415631
18	4	1	v2	33	2026-07-15T07:06:30Z	2026-07-15T07:06:41Z	61000	62000	1600000	1600000	0	166556	2226.89	19712.9	82523.5	15164.9	21972.5	11069.8	3825.3	2488.77	7483.39	822408	0	2	1	0	0xd43f5e018b415631
18	4	1	v2	34	2026-07-15T07:06:30Z	2026-07-15T07:06:41Z	61000	62000	1600000	1600000	0	165911	2250.1	19693	82426.4	15204.8	21682.7	10814.7	3748.92	2384.48	7619.1	837901	0	0	1	0	0xd43f5e018b415631
18	4	1	v2	35	2026-07-15T07:06:30Z	2026-07-15T07:06:41Z	61000	62000	1600000	1600000	0	166398	2264.18	19536.1	82537.3	15454.5	21784.3	10952.7	3844.47	2395.43	7540.43	822191	0	3	1	0	0xd43f5e018b415631
18	4	1	v2	36	2026-07-15T07:06:30Z	2026-07-15T07:06:41Z	61000	62000	1600000	1600000	0	166760	2309.89	19588.3	82587.5	15126.5	22148.8	11008.1	3941.17	2393.39	7565.22	838684	0	1	1	0	0xd43f5e018b415631
18	4	1	v2	37	2026-07-15T07:06:30Z	2026-07-15T07:06:41Z	61000	62000	1600000	1600000	0	165677	2401.97	19597	82483.3	15218.8	21126	10914.6	3892.34	2388.89	7566.31	837460	0	7	1	0	0xd43f5e018b415631
18	4	1	v2	38	2026-07-15T07:06:30Z	2026-07-15T07:06:41Z	61000	62000	1600000	1600000	0	166391	2279.72	19913.4	82493.3	15182.7	21811.8	10997.6	3786.76	2427.18	7412.14	822166	0	4	1	0	0xd43f5e018b415631
18	4	1	v2	39	2026-07-15T07:06:30Z	2026-07-15T07:06:41Z	61000	62000	1600000	1600000	0	165160	2318.85	19574.6	82322.9	15200.4	21029	10950.5	3741.8	2394.89	7537.35	836973	0	3	1	0	0xd43f5e018b415631
18	4	1	v2	40	2026-07-15T07:06:30Z	2026-07-15T07:06:41Z	61000	62000	1600000	1600000	0	167041	2283.93	19438.4	82538.6	15634.9	21823	11202.7	4000.89	2479.23	7554.22	822722	0	5	1	0	0xd43f5e018b415631
18	4	1	v2	41	2026-07-15T07:06:30Z	2026-07-15T07:06:41Z	61000	62000	1600000	1600000	0	166506	2273.89	19573.6	82421.5	15171.9	22260.5	10927.5	3861.22	2392.22	7536.31	838500	0	0	1	0	0xd43f5e018b415631
18	4	1	v2	42	2026-07-15T07:06:30Z	2026-07-15T07:06:41Z	61000	62000	1600000	1600000	0	168354	2303.14	21595.5	82518.2	15215.5	21743.6	10957.3	3838.01	2670.02	7427.14	840350	0	0	1	0	0xd43f5e018b415631
18	4	1	v2	43	2026-07-15T07:06:30Z	2026-07-15T07:06:41Z	61000	62000	1600000	1600000	0	167116	2680.61	19508.3	82451.4	15163.7	22351.7	10865.2	4050.8	2414.23	7543.97	838989	0	6	1	0	0xd43f5e018b415631
18	4	1	v2	44	2026-07-15T07:06:30Z	2026-07-15T07:06:41Z	61000	62000	1600000	1600000	0	167075	2317.93	20081.8	82494.9	15241.3	21763.3	11068.6	4034.43	2429.23	7549.39	838702	0	4	1	0	0xd43f5e018b415631
18	4	1	v2	45	2026-07-15T07:06:30Z	2026-07-15T07:06:41Z	61000	62000	1600000	1600000	0	166295	2277.43	19767.6	82729.3	15185.3	21438.5	10879.6	4012.85	2402.35	7510.31	822187	0	2	1	0	0xd43f5e018b415631
18	4	1	v2	46	2026-07-15T07:06:30Z	2026-07-15T07:06:41Z	61000	62000	1600000	1600000	0	166692	2270.93	19666.8	82551.8	15173.7	22021.7	11021.1	3894.63	2491.39	7512.35	822623	0	1	1	0	0xd43f5e018b415631
18	4	1	v2	47	2026-07-15T07:06:30Z	2026-07-15T07:06:41Z	61000	62000	1600000	1600000	0	166674	2294.55	19645.4	82507.1	15307.8	21625.9	11513.9	3696.67	2429.14	7556.27	838459	0	2	1	0	0xd43f5e018b415631
18	4	1	v2	48	2026-07-15T07:06:30Z	2026-07-15T07:06:41Z	61000	62000	1600000	1600000	0	166148	2312.22	19730.8	82488.2	15215.8	21293.6	11188.4	3925.97	2386.68	7517.14	838076	0	1	1	0	0xd43f5e018b415631
18	4	1	v2	49	2026-07-15T07:06:30Z	2026-07-15T07:06:41Z	61000	62000	1600000	1600000	0	166640	2271.39	19731.3	82721.4	15179.9	21994.8	10835.8	3840.01	2426.47	7555.22	822582	0	1	1	0	0xd43f5e018b415631
19	4	2	v2	0	2026-07-15T07:06:41Z	2026-07-15T07:06:52Z	61000	62000	1600000	1600000	0	168779	2584.23	19598.8	82374.4	15818.8	23245.9	10879.8	3958.93	2681.77	7548.76	840787	0	0	1	0	0xd43f5e018b415631
19	4	2	v2	1	2026-07-15T07:06:41Z	2026-07-15T07:06:52Z	61000	62000	1600000	1600000	0	166454	2174.47	19833.2	82390.5	15169.9	22041.6	10784.4	3920.22	2479.26	7575.02	822408	0	1	1	0	0xd43f5e018b415631
19	4	2	v2	2	2026-07-15T07:06:41Z	2026-07-15T07:06:52Z	61000	62000	1600000	1600000	0	166533	2247.97	19725	82649.9	15163.9	21686.3	10984.4	3950.01	2494.02	7545.31	838277	0	7	1	0	0xd43f5e018b415631
19	4	2	v2	3	2026-07-15T07:06:41Z	2026-07-15T07:06:52Z	61000	62000	1600000	1600000	0	166251	2176.51	19641.9	82629.6	15161.5	21908.7	10931.8	3812.13	2405.3	7498.68	822209	0	1	1	0	0xd43f5e018b415631
19	4	2	v2	4	2026-07-15T07:06:41Z	2026-07-15T07:06:52Z	61000	62000	1600000	1600000	0	166370	2178.76	19659.3	82313.9	15200.5	22073	11037.5	3834.38	2436.18	7553.51	822141	0	2	1	0	0xd43f5e018b415631
19	4	2	v2	5	2026-07-15T07:06:41Z	2026-07-15T07:06:52Z	61000	62000	1600000	1600000	0	166909	2239.8	19741.2	83147.8	15179.4	21754.4	10954.2	3773.96	2440.39	7591.43	838821	0	2	1	0	0xd43f5e018b415631
19	4	2	v2	6	2026-07-15T07:06:41Z	2026-07-15T07:06:52Z	61000	62000	1600000	1600000	0	166093	2207.55	19734.2	82679.4	15195.9	21465.6	11084.5	3730.97	2371.43	7538.43	822044	0	1	1	0	0xd43f5e018b415631
19	4	2	v2	7	2026-07-15T07:06:41Z	2026-07-15T07:06:52Z	61000	62000	1600000	1600000	0	168089	3721.51	19896.7	82968.4	15147.6	21264.3	11169.8	3882.34	2383.93	7567.89	839656	0	3	1	0	0xd43f5e018b415631
19	4	2	v2	8	2026-07-15T07:06:41Z	2026-07-15T07:06:52Z	61000	62000	1600000	1600000	0	166675	2190.22	19630.1	82753	15364.7	21983.9	11095.1	3757.67	2442.39	7369.47	822481	0	8	1	0	0xd43f5e018b415631
19	4	2	v2	9	2026-07-15T07:06:41Z	2026-07-15T07:06:52Z	61000	62000	1600000	1600000	0	165913	2220.8	19727	82301.5	15241.4	21636.1	10978.9	3770.67	2386.85	7564.85	837787	0	2	1	0	0xd43f5e018b415631
19	4	2	v2	10	2026-07-15T07:06:41Z	2026-07-15T07:06:52Z	61000	62000	1600000	1600000	0	166291	2226.97	19776.3	82333.7	15345.9	21568.1	11019.6	3986.68	2392.93	7557.06	822238	0	1	1	0	0xd43f5e018b415631
19	4	2	v2	11	2026-07-15T07:06:41Z	2026-07-15T07:06:52Z	61000	62000	1600000	1600000	0	167035	2268.89	19592.6	82669.4	15188.7	21992	11378.6	3861.51	2438.81	7555.72	838756	0	4	1	0	0xd43f5e018b415631
19	4	2	v2	12	2026-07-15T07:06:41Z	2026-07-15T07:06:52Z	61000	62000	1600000	1600000	0	167682	2212.93	19758.7	82630.4	15219.8	22006.7	11863.9	3949.39	2387.51	7561.35	839634	0	1	1	0	0xd43f5e018b415631
19	4	2	v2	13	2026-07-15T07:06:41Z	2026-07-15T07:06:52Z	61000	62000	1600000	1600000	0	165577	2222.26	19585.2	82289.7	15254.1	21241.1	10979.1	3949.14	2381.76	7588.1	837566	0	0	1	0	0xd43f5e018b415631
19	4	2	v2	14	2026-07-15T07:06:41Z	2026-07-15T07:06:52Z	61000	62000	1600000	1600000	0	166180	2184.93	19651.3	82343.2	15274.9	21825.1	11006.6	3884.64	2482.6	7435.8	822056	0	2	1	0	0xd43f5e018b415631
19	4	2	v2	15	2026-07-15T07:06:41Z	2026-07-15T07:06:52Z	61000	62000	1600000	1600000	0	167211	2557.69	19650.6	82493.7	15155.2	22239.9	11276.8	3809.88	2389.1	7549.51	838712	0	10	1	0	0xd43f5e018b415631
19	4	2	v2	16	2026-07-15T07:06:41Z	2026-07-15T07:06:52Z	61000	62000	1600000	1600000	0	165765	2245.76	19657.6	82449	15321.7	21144.9	11035.9	3882.92	2391.14	7550.1	837697	0	1	1	0	0xd43f5e018b415631
19	4	2	v2	17	2026-07-15T07:06:41Z	2026-07-15T07:06:52Z	61000	62000	1600000	1600000	0	166471	2185.84	19629.1	82522.3	15161.9	21954.2	10992.8	3883.93	2476.73	7577.72	822474	0	0	1	0	0xd43f5e018b415631
19	4	2	v2	18	2026-07-15T07:06:41Z	2026-07-15T07:06:52Z	61000	62000	1600000	1600000	0	166150	2233.34	19536.5	82435.8	15338.8	21688.6	10958.6	3900.97	2385.73	7583.39	838140	0	0	1	0	0xd43f5e018b415631
19	4	2	v2	19	2026-07-15T07:06:41Z	2026-07-15T07:06:52Z	61000	62000	1600000	1600000	0	165650	2187.97	19596.9	82490.8	15227.2	21679.4	10830.3	3859.63	2412.85	7277.63	821461	0	3	1	0	0xd43f5e018b415631
19	4	2	v2	20	2026-07-15T07:06:41Z	2026-07-15T07:06:52Z	61000	62000	1600000	1600000	0	166196	2204.05	19555.9	82496.3	15222.8	21682.2	11003.8	3932.59	2458.52	7556.43	837974	0	3	1	0	0xd43f5e018b415631
19	4	2	v2	21	2026-07-15T07:06:41Z	2026-07-15T07:06:52Z	61000	62000	1600000	1600000	0	166128	2170.51	19508	82938.4	15147.1	21521.5	10960.4	3885.05	2376.14	7534.97	821852	0	9	1	0	0xd43f5e018b415631
19	4	2	v2	22	2026-07-15T07:06:41Z	2026-07-15T07:06:52Z	61000	62000	1600000	1600000	0	166472	2183.18	19500.7	82474.6	15086.6	22309.3	10946.9	3944.93	2395.35	7546.89	838390	0	1	1	0	0xd43f5e018b415631
19	4	2	v2	23	2026-07-15T07:06:41Z	2026-07-15T07:06:52Z	61000	62000	1600000	1600000	0	165823	2224.3	19557.3	82522.3	15293.9	21086	11126.5	3966.76	2385.43	7574.77	837566	0	4	1	0	0xd43f5e018b415631
19	4	2	v2	24	2026-07-15T07:06:41Z	2026-07-15T07:06:52Z	61000	62000	1600000	1600000	0	166359	2182.34	19586.6	82338.6	15232.4	21924.8	11079.6	3852.84	2538.35	7537.6	822354	0	0	1	0	0xd43f5e018b415631
19	4	2	v2	25	2026-07-15T07:06:41Z	2026-07-15T07:06:52Z	61000	62000	1600000	1600000	0	168063	2860.78	19510.9	84526.2	15236.2	21568.8	10809.8	3795.63	2389.64	7281.72	839993	0	1	1	0	0xd43f5e018b415631
19	4	2	v2	26	2026-07-15T07:06:41Z	2026-07-15T07:06:52Z	61000	62000	1600000	1600000	0	166949	2222.89	19775.6	82348.5	15121.2	22247.2	11257.4	3900.6	2400.6	7590.06	838887	0	1	1	0	0xd43f5e018b415631
19	4	2	v2	27	2026-07-15T07:06:41Z	2026-07-15T07:06:52Z	61000	62000	1600000	1600000	0	166841	2232.22	19647.6	82415.1	15263.4	22326.2	11100.8	3760.97	2441.64	7569.64	838627	0	7	1	0	0xd43f5e018b415631
19	4	2	v2	28	2026-07-15T07:06:41Z	2026-07-15T07:06:52Z	61000	62000	1600000	1600000	0	166058	2223.18	19626.2	82562.1	15205.4	21426.1	11013.1	4017.22	2382.47	7518.43	822007	0	1	1	0	0xd43f5e018b415631
19	4	2	v2	29	2026-07-15T07:06:41Z	2026-07-15T07:06:52Z	61000	62000	1600000	1600000	0	166334	2182.51	19457.4	82333.5	15170.7	22263.8	10968.5	3925.76	2401.23	7544.06	838320	0	0	1	0	0xd43f5e018b415631
19	4	2	v2	30	2026-07-15T07:06:41Z	2026-07-15T07:06:52Z	61000	62000	1600000	1600000	0	165598	2311.35	19602.1	82358.8	15183.4	21203.8	11185.3	3703.71	2379.98	7580.89	837515	0	1	1	0	0xd43f5e018b415631
19	4	2	v2	31	2026-07-15T07:06:41Z	2026-07-15T07:06:52Z	61000	62000	1600000	1600000	0	166520	2171.34	19612.8	82289	15238.1	22089	11046.4	3977.22	2433.14	7575.68	822318	0	3	1	0	0xd43f5e018b415631
19	4	2	v2	32	2026-07-15T07:06:41Z	2026-07-15T07:06:52Z	61000	62000	1600000	1600000	0	167052	2236.89	19776.8	82811.2	15137.6	22269	10910.3	3796.18	2442.35	7580.18	838941	0	2	1	0	0xd43f5e018b415631
19	4	2	v2	33	2026-07-15T07:06:41Z	2026-07-15T07:06:52Z	61000	62000	1600000	1600000	0	166009	2218.26	19417.3	82794.2	15356.9	21284.1	10969.5	3952.51	2365.39	7562.81	837850	0	6	1	0	0xd43f5e018b415631
19	4	2	v2	34	2026-07-15T07:06:41Z	2026-07-15T07:06:52Z	61000	62000	1600000	1600000	0	166546	2196.47	19631.7	82816.5	15163.5	21950.4	10940.9	3795.75	2419.18	7548.43	822418	0	2	1	0	0xd43f5e018b415631
19	4	2	v2	35	2026-07-15T07:06:41Z	2026-07-15T07:06:52Z	61000	62000	1600000	1600000	0	167060	2222.05	19921.6	82466	15148.2	22244	10988	3983.85	2430.27	7572.14	838800	0	4	1	0	0xd43f5e018b415631
19	4	2	v2	36	2026-07-15T07:06:41Z	2026-07-15T07:06:52Z	61000	62000	1600000	1600000	0	165368	2226.84	19528.1	82304.8	15198	21419	10872.6	3826.92	2394.6	7508.89	821367	0	0	1	0	0xd43f5e018b415631
19	4	2	v2	37	2026-07-15T07:06:41Z	2026-07-15T07:06:52Z	61000	62000	1600000	1600000	0	168034	2195.01	19495.9	85018.4	15209.1	21213.7	11028.6	3772.5	2499.73	7515.51	840042	0	0	1	0	0xd43f5e018b415631
19	4	2	v2	38	2026-07-15T07:06:41Z	2026-07-15T07:06:52Z	61000	62000	1600000	1600000	0	166615	2189.14	19466.8	82562.5	15175.8	22066.2	11065	4027.47	2394.93	7581.43	822471	0	3	1	0	0xd43f5e018b415631
19	4	2	v2	39	2026-07-15T07:06:41Z	2026-07-15T07:06:52Z	61000	62000	1600000	1600000	0	174712	2224.64	19708.8	87574	16151.3	23196.8	11482.9	3890.59	2763.36	7620.27	875395	0	27	1	0	0xd43f5e018b415631
19	4	2	v2	40	2026-07-15T07:06:41Z	2026-07-15T07:06:52Z	61000	62000	1600000	1600000	0	180077	2167.34	19485.3	94393.3	15371.2	21836	12109.1	4494.9	2471.48	7657.93	899447	0	39	1	0	0xd43f5e018b415631
19	4	2	v2	41	2026-07-15T07:06:41Z	2026-07-15T07:06:52Z	61000	62000	1600000	1600000	0	179156	2212.3	25117.9	87100.1	16628.1	22287.3	11439.4	4213.77	2466.1	7599.22	896728	0	51	1	0	0xd43f5e018b415631
19	4	2	v2	42	2026-07-15T07:06:41Z	2026-07-15T07:06:52Z	61000	62000	1600000	1600000	0	181459	2206.18	19605.7	89205.3	18736.7	26140.9	11589.4	3737.13	2771.98	7374.76	900170	0	40	1	0	0xd43f5e018b415631
19	4	2	v2	43	2026-07-15T07:06:41Z	2026-07-15T07:06:52Z	61000	62000	1600000	1600000	0	180947	2221.14	19564.8	93885.9	15579.3	22461.2	12385.7	4543.07	2593.43	7626.14	915761	0	37	1	0	0xd43f5e018b415631
19	4	2	v2	44	2026-07-15T07:06:41Z	2026-07-15T07:06:52Z	61000	62000	1600000	1600000	0	198246	2488.93	24566.1	98453	16037.9	24768.1	14299.2	4150.85	5842.89	7550.72	962451	0	1123	1	0	0xd43f5e018b415631
19	4	2	v2	45	2026-07-15T07:06:41Z	2026-07-15T07:06:52Z	61000	62000	1600000	1600000	0	179283	2219.97	19694.8	89433.8	17527	24446.2	11756.1	4074.89	2449.89	7585.93	896676	0	88	1	0	0xd43f5e018b415631
19	4	2	v2	46	2026-07-15T07:06:41Z	2026-07-15T07:06:52Z	61000	62000	1600000	1600000	0	172002	2226.64	19454	86050.6	15082.9	22294.4	12502.7	4316.19	2419.64	7566.56	859402	0	16	1	0	0xd43f5e018b415631
19	4	2	v2	47	2026-07-15T07:06:41Z	2026-07-15T07:06:52Z	61000	62000	1600000	1600000	0	176516	2219.05	20025.4	88022.9	15683.4	24814.6	11779.1	3889.97	2498.48	7492.85	879866	0	20	1	0	0xd43f5e018b415631
19	4	2	v2	48	2026-07-15T07:06:41Z	2026-07-15T07:06:52Z	61000	62000	1600000	1600000	0	171671	2215.76	19784.2	86848.8	15146.1	21490.3	11538.2	4580.65	2431.77	7546.43	859322	0	10	1	0	0xd43f5e018b415631
19	4	2	v2	49	2026-07-15T07:06:41Z	2026-07-15T07:06:52Z	61000	62000	1600000	1600000	0	173633	2224.76	22934.1	85424.8	15430.4	21847.6	11541	4063.14	2415.8	7666.64	877038	0	17	1	0	0xd43f5e018b415631
20	4	3	v1	0	2026-07-15T07:06:52Z	2026-07-15T07:07:03Z	61000	62000	1600000	1600000	0	167265	2228.8	19575.7	82521.1	15244.7	22269.3	11190.1	3836.8	2402.89	7908.4	839132	0	2	1	0	0xd43f5e018b415631
20	4	3	v1	1	2026-07-15T07:06:52Z	2026-07-15T07:07:03Z	61000	62000	1600000	1600000	0	167173	2232.01	19623.7	82636.1	15215.4	21719.3	11487.8	3789.46	2449.43	7929.44	838507	0	8	1	0	0xd43f5e018b415631
20	4	3	v1	2	2026-07-15T07:06:52Z	2026-07-15T07:07:03Z	61000	62000	1600000	1600000	0	166097	2209.55	19654	82588.8	15160.3	21253.4	10907.1	3926.88	2413.22	7894.27	837955	0	2	1	0	0xd43f5e018b415631
20	4	3	v1	3	2026-07-15T07:06:52Z	2026-07-15T07:07:03Z	61000	62000	1600000	1600000	0	166626	2208.72	19788.9	82600.9	15164.7	21827.2	10920	3916.42	2414.64	7694.56	822332	0	9	1	0	0xd43f5e018b415631
20	4	3	v1	4	2026-07-15T07:06:52Z	2026-07-15T07:07:03Z	61000	62000	1600000	1600000	0	166923	2256.85	19712.6	82437.9	15203.8	22256.5	10854.5	3773.09	2413.52	7920.48	838730	0	5	1	0	0xd43f5e018b415631
20	4	3	v1	5	2026-07-15T07:06:52Z	2026-07-15T07:07:03Z	61000	62000	1600000	1600000	0	165699	2254.68	19471.3	82408.9	15196.2	21257.2	10957	3747.84	2392.98	7920.31	837691	0	0	1	0	0xd43f5e018b415631
20	4	3	v1	6	2026-07-15T07:06:52Z	2026-07-15T07:07:03Z	61000	62000	1600000	1600000	0	168978	2192.64	20617.6	83106.5	15195.3	22316.9	10898.3	3824.05	2806.15	7929.31	840921	0	1	1	0	0xd43f5e018b415631
20	4	3	v1	7	2026-07-15T07:06:52Z	2026-07-15T07:07:03Z	61000	62000	1600000	1600000	0	166436	2196.26	19747.7	82418.6	15351.4	21499.9	10983.5	3828.59	2399.72	7922.77	838322	0	2	1	0	0xd43f5e018b415631
20	4	3	v1	8	2026-07-15T07:06:52Z	2026-07-15T07:07:03Z	61000	62000	1600000	1600000	0	166937	2200.09	19624.1	82464.5	15272.2	22008.8	11023.2	3930.59	2425.06	7900.73	822893	0	1	1	0	0xd43f5e018b415631
20	4	3	v1	9	2026-07-15T07:06:52Z	2026-07-15T07:07:03Z	61000	62000	1600000	1600000	0	167217	2229.22	19618.9	82517.3	15338	22337.1	10791.4	3952.85	2406.35	7937.23	839074	0	6	1	0	0xd43f5e018b415631
20	4	3	v1	10	2026-07-15T07:06:52Z	2026-07-15T07:07:03Z	61000	62000	1600000	1600000	0	166047	2200.97	19674.5	82319.3	15264.4	21079.3	11142.1	3788.88	2388.64	8098.53	837931	0	2	1	0	0xd43f5e018b415631
20	4	3	v1	11	2026-07-15T07:06:52Z	2026-07-15T07:07:03Z	61000	62000	1600000	1600000	0	166209	2206.59	19600.1	82079.3	15167.6	21944.2	10866.3	3887.38	2457.27	7913.52	822196	0	0	1	0	0xd43f5e018b415631
20	4	3	v1	12	2026-07-15T07:06:52Z	2026-07-15T07:07:03Z	61000	62000	1600000	1600000	0	167175	2245.26	19880.1	82505.6	15138.7	22229.2	10892.9	3859.42	2396.68	7937.52	839045	0	2	1	0	0xd43f5e018b415631
20	4	3	v1	13	2026-07-15T07:06:52Z	2026-07-15T07:07:03Z	61000	62000	1600000	1600000	0	166845	2253.47	19691.9	82496.4	15218.4	21702.3	11022.1	4032.05	2437.93	7898.86	838734	0	2	1	0	0xd43f5e018b415631
20	4	3	v1	14	2026-07-15T07:06:52Z	2026-07-15T07:07:03Z	61000	62000	1600000	1600000	0	165884	2276.22	19467.4	82276	15181.2	21605.8	10956.6	3749.67	2406.43	7876.15	821773	0	2	1	0	0xd43f5e018b415631
20	4	3	v1	15	2026-07-15T07:06:52Z	2026-07-15T07:07:03Z	61000	62000	1600000	1600000	0	167137	2204.59	19500.9	82654	15183.3	21895.9	11201.6	4206.77	2472.23	7732.23	822669	0	8	1	0	0xd43f5e018b415631
20	4	3	v1	16	2026-07-15T07:06:52Z	2026-07-15T07:07:03Z	61000	62000	1600000	1600000	0	167778	2203.14	19509.4	83179.7	15267	22163.2	11041.6	4118.31	2388.22	7820.19	839567	0	5	1	0	0xd43f5e018b415631
20	4	3	v1	17	2026-07-15T07:06:52Z	2026-07-15T07:07:03Z	61000	62000	1600000	1600000	0	167443	2213.89	19701.8	82957.3	15136.9	22238.7	11003.1	3817.51	2388.47	7896.98	839433	0	0	1	0	0xd43f5e018b415631
20	4	3	v1	18	2026-07-15T07:06:52Z	2026-07-15T07:07:03Z	61000	62000	1600000	1600000	0	168864	2214.05	19732.9	82517.4	16471.9	22722.4	10882.6	3968.05	2381.68	7878.19	840869	0	0	1	0	0xd43f5e018b415631
20	4	3	v1	19	2026-07-15T07:06:52Z	2026-07-15T07:07:03Z	61000	62000	1600000	1600000	0	167062	2177.8	19614.8	82539.8	15201	22046.5	11081.7	4014.6	2426.93	7865.94	822943	0	2	1	0	0xd43f5e018b415631
20	4	3	v1	20	2026-07-15T07:06:52Z	2026-07-15T07:07:03Z	61000	62000	1600000	1600000	0	167235	2208.14	19740.3	82379.5	15070.7	22429.4	10939.7	4060.72	2382.47	7936.94	839035	0	2	1	0	0xd43f5e018b415631
20	4	3	v1	21	2026-07-15T07:06:52Z	2026-07-15T07:07:03Z	61000	62000	1600000	1600000	0	165853	2227.47	19509.9	82446.5	15274.4	21118.5	10954.5	3955.09	2393.81	7883.44	837728	0	6	1	0	0xd43f5e018b415631
20	4	3	v1	22	2026-07-15T07:06:52Z	2026-07-15T07:07:03Z	61000	62000	1600000	1600000	0	166390	2199.39	19529.8	82442.2	15254	21880.1	10934.5	3843.8	2439.93	7779.9	822397	0	0	1	0	0xd43f5e018b415631
20	4	3	v1	23	2026-07-15T07:06:52Z	2026-07-15T07:07:03Z	61000	62000	1600000	1600000	0	167115	2256.68	19733.4	82493.3	15124.8	22290	10942.7	3896.3	2383.72	7906.98	839107	0	0	1	0	0xd43f5e018b415631
20	4	3	v1	24	2026-07-15T07:06:52Z	2026-07-15T07:07:03Z	61000	62000	1600000	1600000	0	166825	2224.43	19847.8	82594.6	15230.4	21578.8	10978.4	3970.43	2389.93	7917.15	838704	0	2	1	0	0xd43f5e018b415631
20	4	3	v1	25	2026-07-15T07:06:52Z	2026-07-15T07:07:03Z	61000	62000	1600000	1600000	0	166931	2220.59	19621.4	82458	15308.2	22059.7	11199.2	3669.88	2402.97	7901.56	838706	0	4	1	0	0xd43f5e018b415631
20	4	3	v1	26	2026-07-15T07:06:52Z	2026-07-15T07:07:03Z	61000	62000	1600000	1600000	0	167054	2236.72	19630.4	82722.7	15428.6	21815.4	10933.9	3834.09	2472.77	7887.9	822945	0	2	1	0	0xd43f5e018b415631
20	4	3	v1	27	2026-07-15T07:06:52Z	2026-07-15T07:07:03Z	61000	62000	1600000	1600000	0	167607	2193.43	20279.1	82684.5	15244.2	21675.6	11011.9	4062.81	2426.89	7939.65	823368	0	7	1	0	0xd43f5e018b415631
20	4	3	v1	28	2026-07-15T07:06:52Z	2026-07-15T07:07:03Z	61000	62000	1600000	1600000	0	167004	2220.22	19636.8	82376.4	15178.4	22042.4	11264.7	3911.38	2396.1	7887.94	822829	0	5	1	0	0xd43f5e018b415631
20	4	3	v1	29	2026-07-15T07:06:52Z	2026-07-15T07:07:03Z	61000	62000	1600000	1600000	0	167257	2204.22	19619.7	83088.4	15131	21548	11209.2	4062.52	2401.06	7905.56	838961	0	7	1	0	0xd43f5e018b415631
20	4	3	v1	30	2026-07-15T07:06:52Z	2026-07-15T07:07:03Z	61000	62000	1600000	1600000	0	168698	2251.39	20244.3	82734.1	15341.2	22369.1	11770.7	3934.34	2384.39	7577.72	840707	0	0	1	0	0xd43f5e018b415631
20	4	3	v1	31	2026-07-15T07:06:52Z	2026-07-15T07:07:03Z	61000	62000	1600000	1600000	0	167173	2204.05	19640.5	82477.6	15180.3	22185.7	11034.7	4043.05	2412.93	7903.35	839023	0	2	1	0	0xd43f5e018b415631
20	4	3	v1	32	2026-07-15T07:06:52Z	2026-07-15T07:07:03Z	61000	62000	1600000	1600000	0	166901	2220.51	19745	82415.3	15405.8	21703.3	11098.6	3867.8	2409.68	7945.4	838641	0	3	1	0	0xd43f5e018b415631
20	4	3	v1	33	2026-07-15T07:06:52Z	2026-07-15T07:07:03Z	61000	62000	1600000	1600000	0	166567	2246.47	19704.6	82635.6	15170.5	21410.3	11169.7	3793.22	2393.18	7954.65	838329	0	7	1	0	0xd43f5e018b415631
20	4	3	v1	34	2026-07-15T07:06:52Z	2026-07-15T07:07:03Z	61000	62000	1600000	1600000	0	166612	2221.01	19670.4	82436.2	15287.5	21796.2	11106.8	3934.84	2457.06	7613.93	822504	0	2	1	0	0xd43f5e018b415631
20	4	3	v1	35	2026-07-15T07:06:52Z	2026-07-15T07:07:03Z	61000	62000	1600000	1600000	0	167200	2252.14	19695	82247.8	15144.9	22191.4	11216.2	4076.51	2398.85	7885.94	839035	0	1	1	0	0xd43f5e018b415631
20	4	3	v1	36	2026-07-15T07:06:52Z	2026-07-15T07:07:03Z	61000	62000	1600000	1600000	0	166539	2249.59	19586.6	82449.6	15207.4	21627.8	11030.8	3964.18	2396.26	7935.52	838416	0	2	1	0	0xd43f5e018b415631
20	4	3	v1	37	2026-07-15T07:06:52Z	2026-07-15T07:07:03Z	61000	62000	1600000	1600000	0	166428	2167.84	19552.5	82571	15271.8	21438.8	11256.8	3778.84	2379.06	7922.81	838247	0	3	1	0	0xd43f5e018b415631
20	4	3	v1	38	2026-07-15T07:06:52Z	2026-07-15T07:07:03Z	61000	62000	1600000	1600000	0	166880	2193.09	19612.2	82665.8	15206.7	21965.7	10991.8	3835.76	2469.64	7851.98	822753	0	2	1	0	0xd43f5e018b415631
20	4	3	v1	39	2026-07-15T07:06:52Z	2026-07-15T07:07:03Z	61000	62000	1600000	1600000	0	167418	2226.26	19574.8	82517.5	15172.7	22242.2	11209.6	3997.8	2403.93	7980.9	839362	0	1	1	0	0xd43f5e018b415631
20	4	3	v1	40	2026-07-15T07:06:52Z	2026-07-15T07:07:03Z	61000	62000	1600000	1600000	0	166905	2216.51	19763.9	82823.7	15144.7	21626.6	10977.3	3871.72	2457.14	7935.56	838575	0	11	1	0	0xd43f5e018b415631
20	4	3	v1	41	2026-07-15T07:06:52Z	2026-07-15T07:07:03Z	61000	62000	1600000	1600000	0	165983	2261.72	19551.5	82393.3	15160.4	21375.3	10893.7	3915.09	2384.6	7958.23	837984	0	0	1	0	0xd43f5e018b415631
20	4	3	v1	42	2026-07-15T07:06:52Z	2026-07-15T07:07:03Z	61000	62000	1600000	1600000	0	169998	2160.01	19508.9	84714.6	15160.5	22172.2	11272.4	4547.07	2439.85	7930.69	841996	0	0	1	0	0xd43f5e018b415631
20	4	3	v1	43	2026-07-15T07:06:52Z	2026-07-15T07:07:03Z	61000	62000	1600000	1600000	0	166157	2243.76	19566	82426.6	15286.2	21263.6	11152.6	3779.21	2420.72	7931.98	838026	0	2	1	0	0xd43f5e018b415631
20	4	3	v1	44	2026-07-15T07:06:52Z	2026-07-15T07:07:03Z	61000	62000	1600000	1600000	0	166425	2196.51	19603.6	82439	15285.9	21800.4	10958.2	3917.13	2427.43	7708.35	822265	0	3	1	0	0xd43f5e018b415631
20	4	3	v1	45	2026-07-15T07:06:52Z	2026-07-15T07:07:03Z	61000	62000	1600000	1600000	0	167008	2225.68	19553.3	82444.6	15111	22361.7	11005.2	3897.01	2390.93	7927.02	838950	0	1	1	0	0xd43f5e018b415631
20	4	3	v1	46	2026-07-15T07:06:52Z	2026-07-15T07:07:03Z	61000	62000	1600000	1600000	0	166667	2227.76	19520.9	82869	15232.1	21690.6	10984.5	3773.51	2381.02	7895.23	838548	0	6	1	0	0xd43f5e018b415631
20	4	3	v1	47	2026-07-15T07:06:52Z	2026-07-15T07:07:03Z	61000	62000	1600000	1600000	0	166429	2197.97	19578.5	82352.4	15191	21608.3	11115.7	3949.76	2438.27	7908.48	838357	0	1	1	0	0xd43f5e018b415631
20	4	3	v1	48	2026-07-15T07:06:52Z	2026-07-15T07:07:03Z	61000	62000	1600000	1600000	0	166931	2167.59	19486	82510.8	15218.3	22021.7	11291.7	3759.09	2482.77	7902.4	822807	0	2	1	0	0xd43f5e018b415631
20	4	3	v1	49	2026-07-15T07:06:52Z	2026-07-15T07:07:03Z	61000	62000	1600000	1600000	0	167280	2204.26	19552.3	82849.2	15167.2	22375.8	10994.8	3766.26	2386.94	7894.23	839025	0	4	1	0	0xd43f5e018b415631
21	5	0	v1	0	2026-07-15T07:07:03Z	2026-07-15T07:07:14Z	61000	61000	1600000	1600000	0	166203	2293.47	19639.8	82491.3	15170	21416.6	11085.7	3743.42	2396.18	7885.98	838217	0	0	1	0	0xd43f5e018b415631
21	5	0	v1	1	2026-07-15T07:07:03Z	2026-07-15T07:07:14Z	61000	61000	1600000	1600000	0	167585	3305.08	19539.8	82912.7	15291.6	21539.8	10952.8	3703.34	2399.14	7847.6	823289	0	5	1	0	0xd43f5e018b415631
21	5	0	v1	2	2026-07-15T07:07:03Z	2026-07-15T07:07:14Z	61000	61000	1600000	1600000	0	167307	2234.84	19760.9	82447.6	15187.7	22366.9	11236.3	3861.55	2470.68	7659.85	823191	0	2	1	0	0xd43f5e018b415631
21	5	0	v1	3	2026-07-15T07:07:03Z	2026-07-15T07:07:14Z	61000	61000	1600000	1600000	0	167368	2260.64	19573.6	82765.8	15234	22258.2	10953	3948.47	2403.27	7883.02	839213	0	2	1	0	0xd43f5e018b415631
21	5	0	v1	4	2026-07-15T07:07:03Z	2026-07-15T07:07:14Z	61000	61000	1600000	1600000	0	166561	2263.76	19533.8	82429.4	15248.1	21697.8	11166.1	3771.97	2441.56	7922.86	838545	0	0	1	0	0xd43f5e018b415631
21	5	0	v1	5	2026-07-15T07:07:03Z	2026-07-15T07:07:14Z	61000	61000	1600000	1600000	0	166362	2398.6	19673.6	82453.1	15245.4	21292.5	11098.5	3849.88	2383.47	7884.02	838219	0	6	1	0	0xd43f5e018b415631
21	5	0	v1	6	2026-07-15T07:07:03Z	2026-07-15T07:07:14Z	61000	61000	1600000	1600000	0	166811	2240.39	19613.9	82350.3	15221.4	21903.4	11359.4	3855.09	2396.14	7790.69	822667	0	2	1	0	0xd43f5e018b415631
21	5	0	v1	7	2026-07-15T07:07:03Z	2026-07-15T07:07:14Z	61000	61000	1600000	1600000	0	167093	2275.97	19571.3	82482.3	15169.2	22269.6	11048.8	3910.05	2387.39	7886.81	838902	0	4	1	0	0xd43f5e018b415631
21	5	0	v1	8	2026-07-15T07:07:03Z	2026-07-15T07:07:14Z	61000	61000	1600000	1600000	0	165913	2276.76	19464	82451.5	15204.3	21251.4	11030.3	3837.88	2391.22	7921.23	837776	0	2	1	0	0xd43f5e018b415631
21	5	0	v1	9	2026-07-15T07:07:03Z	2026-07-15T07:07:14Z	61000	61000	1600000	1600000	0	166554	2240.72	19682.7	82413.7	15215.4	21805	10787.5	4124.1	2464.85	7736.56	822424	0	2	1	0	0xd43f5e018b415631
21	5	0	v1	10	2026-07-15T07:07:03Z	2026-07-15T07:07:14Z	61000	61000	1600000	1600000	0	167351	2237.97	19573.6	82787.4	15190	22385.5	10992.2	3819.68	2383.81	7895.31	841901	0	6	1	0	0xd43f5e018b415631
21	5	0	v1	11	2026-07-15T07:07:03Z	2026-07-15T07:07:14Z	61000	61000	1600000	1600000	0	167223	2251.59	19694.9	82614.1	15130.6	22268.8	11009.5	3832.09	2431.1	7903.36	836288	0	6	1	0	0xd43f5e018b415631
21	5	0	v1	12	2026-07-15T07:07:03Z	2026-07-15T07:07:14Z	61000	61000	1600000	1600000	0	165852	2260.09	19685.8	82375.8	15180.4	21251.9	10794.7	3924.88	2411.23	7880.73	837846	0	0	1	0	0xd43f5e018b415631
21	5	0	v1	13	2026-07-15T07:07:03Z	2026-07-15T07:07:14Z	61000	61000	1600000	1600000	0	170021	2226.64	19694.8	85036.9	15121.1	22279.9	11378.1	3934.93	2383.68	7879.4	841950	0	1	1	0	0xd43f5e018b415631
21	5	0	v1	14	2026-07-15T07:07:03Z	2026-07-15T07:07:14Z	61000	61000	1600000	1600000	0	166873	2299.93	19560	82712.3	15243.4	21707.4	10955.9	3906.05	2487.47	7914.06	838763	0	2	1	0	0xd43f5e018b415631
21	5	0	v1	15	2026-07-15T07:07:03Z	2026-07-15T07:07:14Z	61000	61000	1600000	1600000	0	166439	2293.97	19693.1	82473.2	15250.6	21444.1	10956.8	3959.34	2399.31	7883.31	838311	0	2	1	0	0xd43f5e018b415631
21	5	0	v1	16	2026-07-15T07:07:03Z	2026-07-15T07:07:14Z	61000	61000	1600000	1600000	0	166559	2230.64	19667.7	82453.3	15172.7	21910.8	10868.2	3844.72	2434.01	7890.98	822552	0	0	1	0	0xd43f5e018b415631
21	5	0	v1	17	2026-07-15T07:07:03Z	2026-07-15T07:07:14Z	61000	61000	1600000	1600000	0	167752	2268.18	20057.5	82744.7	15173.3	22080.2	10994.6	4032.93	2424.26	7893.02	839357	0	9	1	0	0xd43f5e018b415631
21	5	0	v1	18	2026-07-15T07:07:03Z	2026-07-15T07:07:14Z	61000	61000	1600000	1600000	0	167698	2275.26	20227.5	82597.2	15138.8	22187.8	11010.5	3891.26	2386.81	7896.52	839515	0	2	1	0	0xd43f5e018b415631
21	5	0	v1	19	2026-07-15T07:07:03Z	2026-07-15T07:07:14Z	61000	61000	1600000	1600000	0	166368	2276.93	19607.7	82296.9	15208.6	21660.1	11064	3876.72	2386.06	7906.23	838242	0	2	1	0	0xd43f5e018b415631
21	5	0	v1	20	2026-07-15T07:07:03Z	2026-07-15T07:07:14Z	61000	61000	1600000	1600000	0	166155	2234.55	19531.8	82320.7	15215.3	21628.8	11060.5	3744.26	2419.64	7917.19	822081	0	1	1	0	0xd43f5e018b415631
21	5	0	v1	21	2026-07-15T07:07:03Z	2026-07-15T07:07:14Z	61000	61000	1600000	1600000	0	166943	2247.93	19577.6	82524.1	15235.6	22079.4	10940.1	3909.01	2426.27	7920.9	822882	0	1	1	0	0xd43f5e018b415631
21	5	0	v1	22	2026-07-15T07:07:03Z	2026-07-15T07:07:14Z	61000	61000	1600000	1600000	0	166189	2276.76	19508.5	82281.3	15272.2	21694.5	10935.1	3812.34	2408.43	7915.94	838115	0	1	1	0	0xd43f5e018b415631
21	5	0	v1	23	2026-07-15T07:07:03Z	2026-07-15T07:07:14Z	61000	61000	1600000	1600000	0	166718	2246.22	19763.2	82791.4	15284	21336.6	10987.8	3964.43	2399.1	7862.56	838316	0	12	1	0	0xd43f5e018b415631
21	5	0	v1	24	2026-07-15T07:07:03Z	2026-07-15T07:07:14Z	61000	61000	1600000	1600000	0	166758	2246.51	19576.4	82319.6	15210.7	21944.1	11053.6	3890.01	2504.73	7931.06	822756	0	0	1	0	0xd43f5e018b415631
21	5	0	v1	25	2026-07-15T07:07:03Z	2026-07-15T07:07:14Z	61000	61000	1600000	1600000	0	169021	2270.72	19652.4	85090.8	15246.3	21399.4	11080.4	3780.47	2519.18	7890.85	856904	0	2	1	0	0xd43f5e018b415631
21	5	0	v1	26	2026-07-15T07:07:03Z	2026-07-15T07:07:14Z	61000	61000	1600000	1600000	0	166653	2259.97	19500.7	82662.3	15193.5	21868.5	11053.3	3924.01	2411.1	7697.93	822517	0	2	1	0	0xd43f5e018b415631
21	5	0	v1	27	2026-07-15T07:07:03Z	2026-07-15T07:07:14Z	61000	61000	1600000	1600000	0	166739	2303.35	19408.1	82366.4	15184.3	22256	10946.4	3864.42	2432.18	7889.1	838674	0	1	1	0	0xd43f5e018b415631
21	5	0	v1	28	2026-07-15T07:07:03Z	2026-07-15T07:07:14Z	61000	61000	1600000	1600000	0	167149	2298.6	19755.3	82441.1	15299.5	21697.8	11279	3936.05	2440.56	7911.27	839148	0	0	1	0	0xd43f5e018b415631
21	5	0	v1	29	2026-07-15T07:07:03Z	2026-07-15T07:07:14Z	61000	61000	1600000	1600000	0	166332	2294.93	19480.1	82512.3	15249.9	21453.8	11176.3	3779.38	2396.06	7902.77	837889	0	11	1	0	0xd43f5e018b415631
21	5	0	v1	30	2026-07-15T07:07:03Z	2026-07-15T07:07:14Z	61000	61000	1600000	1600000	0	166824	2196.34	19696.8	82418.7	15256.4	21960.3	11073.3	3797.17	2437.81	7903.1	822699	0	2	1	0	0xd43f5e018b415631
21	5	0	v1	31	2026-07-15T07:07:03Z	2026-07-15T07:07:14Z	61000	61000	1600000	1600000	0	166980	2294.14	19557.8	82615.3	15120.8	22367.7	10879.9	3757.68	2424.14	7881.19	838820	0	2	1	0	0xd43f5e018b415631
21	5	0	v1	32	2026-07-15T07:07:03Z	2026-07-15T07:07:14Z	61000	61000	1600000	1600000	0	166967	2357.06	19518.5	82553.6	15415.5	21800.4	11179.8	3761.05	2384.35	7911.23	838578	0	5	1	0	0xd43f5e018b415631
21	5	0	v1	33	2026-07-15T07:07:03Z	2026-07-15T07:07:14Z	61000	61000	1600000	1600000	0	166313	2232.09	19668.3	82477.3	15122.3	21514.1	11036.2	3903.51	2381.06	7891.31	838199	0	2	1	0	0xd43f5e018b415631
21	5	0	v1	34	2026-07-15T07:07:03Z	2026-07-15T07:07:14Z	61000	61000	1600000	1600000	0	166935	2240.18	19625.3	82532.8	15203.8	21914.2	11098.5	3802.17	2550.69	7884.06	822867	0	1	1	0	0xd43f5e018b415631
21	5	0	v1	35	2026-07-15T07:07:03Z	2026-07-15T07:07:14Z	61000	61000	1600000	1600000	0	167499	2288.64	19576.3	82839	15182.1	22210.1	11011.3	4028.6	2382.14	7902.23	839187	0	11	1	0	0xd43f5e018b415631
21	5	0	v1	36	2026-07-15T07:07:03Z	2026-07-15T07:07:14Z	61000	61000	1600000	1600000	0	166443	2276.05	19460.8	82327.7	15182.6	21696.3	11261.1	3848.55	2392.97	7913.48	838433	0	0	1	0	0xd43f5e018b415631
21	5	0	v1	37	2026-07-15T07:07:03Z	2026-07-15T07:07:14Z	61000	61000	1600000	1600000	0	169626	2236.93	19797.5	85060.4	15269.3	21867.7	11167.2	3954.72	2454.01	7734.14	841504	0	2	1	0	0xd43f5e018b415631
21	5	0	v1	38	2026-07-15T07:07:03Z	2026-07-15T07:07:14Z	61000	61000	1600000	1600000	0	167439	2269.68	19794.3	82551.2	15185.7	22156.1	11165	3962.93	2390.68	7882.19	839369	0	1	1	0	0xd43f5e018b415631
21	5	0	v1	39	2026-07-15T07:07:03Z	2026-07-15T07:07:14Z	61000	61000	1600000	1600000	0	166422	2253.72	19479.8	82459.8	15227.2	21706.6	11079.2	3807.88	2384.6	7936.44	838277	0	2	1	0	0xd43f5e018b415631
21	5	0	v1	40	2026-07-15T07:07:03Z	2026-07-15T07:07:14Z	61000	61000	1600000	1600000	0	166771	2199.59	19605.1	82978.2	15169.4	21429.4	11214.5	3839.51	2378.93	7874.44	838771	0	0	1	0	0xd43f5e018b415631
21	5	0	v1	41	2026-07-15T07:07:03Z	2026-07-15T07:07:14Z	61000	61000	1600000	1600000	0	166640	2214.09	19491.7	82582.8	15249.4	21878.8	10926	3839.09	2474.81	7897.6	822394	0	8	1	0	0xd43f5e018b415631
21	5	0	v1	42	2026-07-15T07:07:03Z	2026-07-15T07:07:14Z	61000	61000	1600000	1600000	0	167016	2212.89	19677.3	82191.9	15148.3	22376.5	11181.8	3859.93	2399.97	7885.77	838897	0	2	1	0	0xd43f5e018b415631
21	5	0	v1	43	2026-07-15T07:07:03Z	2026-07-15T07:07:14Z	61000	61000	1600000	1600000	0	166728	2278.97	19656.2	82671.2	15231.3	21636.1	11099.1	3758.46	2390.97	7919.06	838605	0	2	1	0	0xd43f5e018b415631
21	5	0	v1	44	2026-07-15T07:07:03Z	2026-07-15T07:07:14Z	61000	61000	1600000	1600000	0	166236	2229.39	19519	82508.3	15242.6	21626	10953	3804.96	2413.47	7853.56	822163	0	1	1	0	0xd43f5e018b415631
21	5	0	v1	45	2026-07-15T07:07:03Z	2026-07-15T07:07:14Z	61000	61000	1600000	1600000	0	167036	2233.39	19462.8	82742.5	15197.6	22005.8	11031.6	3893.76	2497.23	7890.85	822974	0	1	1	0	0xd43f5e018b415631
21	5	0	v1	46	2026-07-15T07:07:03Z	2026-07-15T07:07:14Z	61000	61000	1600000	1600000	0	167117	2283.01	19490.3	82512.1	15151.5	22258.5	11071.9	4005.05	2376.72	7884.23	839043	0	1	1	0	0xd43f5e018b415631
21	5	0	v1	47	2026-07-15T07:07:03Z	2026-07-15T07:07:14Z	61000	61000	1600000	1600000	0	165991	2264.09	19634.5	82529.1	15152.5	21256.9	11050.4	3723.67	2386.77	7906.36	837665	0	11	1	0	0xd43f5e018b415631
21	5	0	v1	48	2026-07-15T07:07:03Z	2026-07-15T07:07:14Z	61000	61000	1600000	1600000	0	166419	2232.39	19690.7	82249.6	15245.7	21811.8	10859.1	4040.97	2437.18	7767.85	822426	0	0	1	0	0xd43f5e018b415631
21	5	0	v1	49	2026-07-15T07:07:03Z	2026-07-15T07:07:14Z	61000	61000	1600000	1600000	0	169168	2283.3	19597.1	85070.7	15198.8	21223.4	11308.7	4004.43	2500.02	7894.48	857037	0	2	1	0	0xd43f5e018b415631
22	5	1	v2	0	2026-07-15T07:07:14Z	2026-07-15T07:07:25Z	61000	62000	1600000	1600000	0	166930	2236.18	19665.3	82611.8	15187.2	22251.5	10908.5	4024.89	2381.64	7574.56	838672	0	8	1	0	0xd43f5e018b415631
22	5	1	v2	1	2026-07-15T07:07:14Z	2026-07-15T07:07:25Z	61000	62000	1600000	1600000	0	166949	2246.43	19833.3	82379.4	15164.7	22358.6	11094.7	3759.38	2438.52	7582.81	838688	0	5	1	0	0xd43f5e018b415631
22	5	1	v2	2	2026-07-15T07:07:14Z	2026-07-15T07:07:25Z	61000	62000	1600000	1600000	0	165975	2232.55	19527.7	82506.9	15211.7	21542.8	10908.7	4038.64	2393.68	7523.18	821872	0	2	1	0	0xd43f5e018b415631
22	5	1	v2	3	2026-07-15T07:07:14Z	2026-07-15T07:07:25Z	61000	62000	1600000	1600000	0	166647	2211.97	19774.8	82214.6	15182.3	22055.1	11126.4	3960.39	2448.35	7585.89	822585	0	1	1	0	0xd43f5e018b415631
22	5	1	v2	4	2026-07-15T07:07:14Z	2026-07-15T07:07:25Z	61000	62000	1600000	1600000	0	166154	2255.35	19600.4	82405.1	15272.8	21714.5	11078.1	3781.21	2388.02	7570.89	838084	0	1	1	0	0xd43f5e018b415631
22	5	1	v2	5	2026-07-15T07:07:14Z	2026-07-15T07:07:25Z	61000	62000	1600000	1600000	0	165818	2209.22	19588.6	82451.9	15244	21716.2	10842.4	4083.22	2379.56	7216.42	821604	0	5	1	0	0xd43f5e018b415631
22	5	1	v2	6	2026-07-15T07:07:14Z	2026-07-15T07:07:25Z	61000	62000	1600000	1600000	0	166874	2274.85	19639.8	82432.5	15098.4	22287.7	11009	3995.93	2469.14	7578.22	838639	0	6	1	0	0xd43f5e018b415631
22	5	1	v2	7	2026-07-15T07:07:14Z	2026-07-15T07:07:25Z	61000	62000	1600000	1600000	0	168619	2288.68	19578.6	84239.2	15767.8	21616.9	11181.7	4007.93	2382.35	7465.55	840512	0	2	1	0	0xd43f5e018b415631
22	5	1	v2	8	2026-07-15T07:07:14Z	2026-07-15T07:07:25Z	61000	62000	1600000	1600000	0	167134	2260.39	19761.2	82510.8	15126.1	22351.9	11105.7	3963.09	2396.85	7573.18	838988	0	2	1	0	0xd43f5e018b415631
22	5	1	v2	9	2026-07-15T07:07:14Z	2026-07-15T07:07:25Z	61000	62000	1600000	1600000	0	166553	2252.97	19780.7	82355.4	15242.7	21746.5	11270.9	3895.13	2378.39	7545.31	838415	0	2	1	0	0xd43f5e018b415631
22	5	1	v2	10	2026-07-15T07:07:14Z	2026-07-15T07:07:25Z	61000	62000	1600000	1600000	0	165899	2222.68	19618.3	82642.9	15156.9	21763.9	10980	3750.3	2400.22	7277.47	821904	0	0	1	0	0xd43f5e018b415631
22	5	1	v2	11	2026-07-15T07:07:14Z	2026-07-15T07:07:25Z	61000	62000	1600000	1600000	0	166364	2258.93	19605.3	82420.8	15249.9	21684.1	11338.1	3743.67	2425.85	7552.51	838352	0	0	1	0	0xd43f5e018b415631
22	5	1	v2	12	2026-07-15T07:07:14Z	2026-07-15T07:07:25Z	61000	62000	1600000	1600000	0	167424	3579.5	19608.6	82367.7	15177.6	21911.9	10967.8	3729.34	2411.01	7583.85	839262	0	6	1	0	0xd43f5e018b415631
22	5	1	v2	13	2026-07-15T07:07:14Z	2026-07-15T07:07:25Z	61000	62000	1600000	1600000	0	165645	2206.26	19612.1	82314.9	15289.8	21636.6	10983.6	3821.67	2392.56	7296.3	821588	0	1	1	0	0xd43f5e018b415631
22	5	1	v2	14	2026-07-15T07:07:14Z	2026-07-15T07:07:25Z	61000	62000	1600000	1600000	0	166848	2497.52	19554.4	82519.5	15126.9	22236.1	11009.1	3883.34	2384.68	7548.97	838430	0	7	1	0	0xd43f5e018b415631
22	5	1	v2	15	2026-07-15T07:07:14Z	2026-07-15T07:07:25Z	61000	62000	1600000	1600000	0	165755	2238.68	19687.6	82424.9	15183.9	21198	10898.2	4112.85	2389.47	7530.43	837625	0	2	1	0	0xd43f5e018b415631
22	5	1	v2	16	2026-07-15T07:07:14Z	2026-07-15T07:07:25Z	61000	62000	1600000	1600000	0	166399	2207.14	19545.3	82524.7	15118.3	22036	11018.2	3856.63	2424.52	7585.97	822334	0	1	1	0	0xd43f5e018b415631
22	5	1	v2	17	2026-07-15T07:07:14Z	2026-07-15T07:07:25Z	61000	62000	1600000	1600000	0	166722	2270.47	19713.3	82834.6	15224.2	21587.2	11126.8	3887.3	2428.43	7557.93	838504	0	5	1	0	0xd43f5e018b415631
22	5	1	v2	18	2026-07-15T07:07:14Z	2026-07-15T07:07:25Z	61000	62000	1600000	1600000	0	165753	2255.3	19698.9	82324.2	15272.3	21515.3	10901.7	3758.34	2406.52	7534.05	821755	0	0	1	0	0xd43f5e018b415631
22	5	1	v2	19	2026-07-15T07:07:14Z	2026-07-15T07:07:25Z	61000	62000	1600000	1600000	0	170000	2568.77	19621.4	84786.8	15197.9	22333.4	11257.2	4083.06	2433.43	7630.85	857640	0	8	1	0	0xd43f5e018b415631
22	5	1	v2	20	2026-07-15T07:07:14Z	2026-07-15T07:07:25Z	61000	62000	1600000	1600000	0	166226	2232.51	19734.6	82720.9	15225.6	21364.4	10917.3	3973.59	2388.85	7580.43	838156	0	1	1	0	0xd43f5e018b415631
22	5	1	v2	21	2026-07-15T07:07:14Z	2026-07-15T07:07:25Z	61000	62000	1600000	1600000	0	166534	2218.34	19643.9	82405	15203.6	22054.2	10903.8	3979.85	2528.73	7510.6	822430	0	2	1	0	0xd43f5e018b415631
22	5	1	v2	22	2026-07-15T07:07:14Z	2026-07-15T07:07:25Z	61000	62000	1600000	1600000	0	166003	2250.55	19503.6	82543.1	15264.5	21681.6	10931.2	3794.21	2399.31	7545.35	837940	0	1	1	0	0xd43f5e018b415631
22	5	1	v2	23	2026-07-15T07:07:14Z	2026-07-15T07:07:25Z	61000	62000	1600000	1600000	0	165930	2224.76	19550.1	82555.9	15265.8	21747.6	11032.2	3789.47	2376.76	7296.42	821811	0	1	1	0	0xd43f5e018b415631
22	5	1	v2	24	2026-07-15T07:07:14Z	2026-07-15T07:07:25Z	61000	62000	1600000	1600000	0	166967	2277.76	19626.7	82536.2	15132.7	22281.9	11014.7	4033.26	2378.55	7600.72	838834	0	2	1	0	0xd43f5e018b415631
22	5	1	v2	25	2026-07-15T07:07:14Z	2026-07-15T07:07:25Z	61000	62000	1600000	1600000	0	165771	2268.3	19545.5	82661.7	15147.2	21169.2	11047.1	3917.18	2373.35	7550.1	837565	0	7	1	0	0xd43f5e018b415631
22	5	1	v2	26	2026-07-15T07:07:14Z	2026-07-15T07:07:25Z	61000	62000	1600000	1600000	0	166501	2201.18	19843.5	82213.5	15246.7	21890.4	10972.2	4112.14	2524.93	7412.55	822279	0	4	1	0	0xd43f5e018b415631
22	5	1	v2	27	2026-07-15T07:07:14Z	2026-07-15T07:07:25Z	61000	62000	1600000	1600000	0	166904	2284.8	19658.9	82560.4	15114.5	22257.3	11146	3855.51	2388.18	7549.22	838770	0	2	1	0	0xd43f5e018b415631
22	5	1	v2	28	2026-07-15T07:07:14Z	2026-07-15T07:07:25Z	61000	62000	1600000	1600000	0	165598	2253.8	19732.8	82433.9	15240.5	21190.5	10942.1	3797.01	2380.81	7533.68	837499	0	2	1	0	0xd43f5e018b415631
22	5	1	v2	29	2026-07-15T07:07:14Z	2026-07-15T07:07:25Z	61000	62000	1600000	1600000	0	166705	2200.34	19537.1	82583.5	15178.5	21992.6	11168.6	3999.22	2440.64	7496.1	822446	0	6	1	0	0xd43f5e018b415631
22	5	1	v2	30	2026-07-15T07:07:14Z	2026-07-15T07:07:25Z	61000	62000	1600000	1600000	0	166334	2260.89	19668.8	82579.4	15199.2	21697.3	10983.5	3894.76	2423.72	7537.35	838325	0	0	1	0	0xd43f5e018b415631
22	5	1	v2	31	2026-07-15T07:07:14Z	2026-07-15T07:07:25Z	61000	62000	1600000	1600000	0	168715	2261.68	19514.3	82424.5	16643.3	22902.6	10988.5	3973.34	2392.6	7524.64	840387	0	8	1	0	0xd43f5e018b415631
22	5	1	v2	32	2026-07-15T07:07:14Z	2026-07-15T07:07:25Z	61000	62000	1600000	1600000	0	166541	2275.68	19799.8	82419.6	15236.1	21793.8	11036.2	3924.55	2420.3	7550.1	838236	0	3	1	0	0xd43f5e018b415631
22	5	1	v2	33	2026-07-15T07:07:14Z	2026-07-15T07:07:25Z	61000	62000	1600000	1600000	0	165735	2201.76	19528	82455	15217.1	21765.6	10717.5	3990.01	2397.77	7379.63	821619	0	2	1	0	0xd43f5e018b415631
22	5	1	v2	34	2026-07-15T07:07:14Z	2026-07-15T07:07:25Z	61000	62000	1600000	1600000	0	166011	2247.55	19798.3	82302.5	15245	21653.2	10984.7	3740.5	2377.31	7576.01	838006	0	0	1	0	0xd43f5e018b415631
22	5	1	v2	35	2026-07-15T07:07:14Z	2026-07-15T07:07:25Z	61000	62000	1600000	1600000	0	165781	2227.55	19668.3	82246.3	15228.6	21748.3	10940.1	3871.05	2377.35	7383.97	821671	0	2	1	0	0xd43f5e018b415631
22	5	1	v2	36	2026-07-15T07:07:14Z	2026-07-15T07:07:25Z	61000	62000	1600000	1600000	0	166456	2245.93	19395.4	82650.9	15240.5	21717.2	11216.8	3869.47	2493.1	7539.68	838396	0	1	1	0	0xd43f5e018b415631
22	5	1	v2	37	2026-07-15T07:07:14Z	2026-07-15T07:07:25Z	61000	62000	1600000	1600000	0	165973	2621.81	19692.9	82286.3	15243.4	21344.9	10817.5	3985.68	2399.64	7488.89	821737	0	9	1	0	0xd43f5e018b415631
22	5	1	v2	38	2026-07-15T07:07:14Z	2026-07-15T07:07:25Z	61000	62000	1600000	1600000	0	166456	2194.64	19610.1	82360.5	15120.7	22169	11055.1	3891.09	2425.47	7543.85	822279	0	3	1	0	0xd43f5e018b415631
22	5	1	v2	39	2026-07-15T07:07:14Z	2026-07-15T07:07:25Z	61000	62000	1600000	1600000	0	165563	2238.34	19626.1	82465.1	15228.3	21146.2	11051.1	3795.13	2382.85	7538.76	837420	0	2	1	0	0xd43f5e018b415631
22	5	1	v2	40	2026-07-15T07:07:14Z	2026-07-15T07:07:25Z	61000	62000	1600000	1600000	0	166471	2259.09	19673.8	82347.5	15209	21961.9	10932.7	3972.59	2512.35	7518.6	822425	0	1	1	0	0xd43f5e018b415631
22	5	1	v2	41	2026-07-15T07:07:14Z	2026-07-15T07:07:25Z	61000	62000	1600000	1600000	0	167520	2276.39	19637.3	83286.4	15179.2	22098.2	11210.6	3820.26	2381.64	7542.39	839061	0	8	1	0	0xd43f5e018b415631
22	5	1	v2	42	2026-07-15T07:07:14Z	2026-07-15T07:07:25Z	61000	62000	1600000	1600000	0	166559	2264.8	19810.6	82514.2	15240.7	21655.5	11063.6	3896.67	2441.39	7582.22	838549	0	0	1	0	0xd43f5e018b415631
22	5	1	v2	43	2026-07-15T07:07:14Z	2026-07-15T07:07:25Z	61000	62000	1600000	1600000	0	168225	2220.01	19441.6	84163.2	15477.6	21405.9	11417.6	4013.51	2415.39	7579.14	839955	0	8	1	0	0xd43f5e018b415631
22	5	1	v2	44	2026-07-15T07:07:14Z	2026-07-15T07:07:25Z	61000	62000	1600000	1600000	0	166167	2264.97	19680.3	82615.9	15246.1	21247.3	11176.2	3913.22	2390.39	7549.14	838100	0	1	1	0	0xd43f5e018b415631
22	5	1	v2	45	2026-07-15T07:07:14Z	2026-07-15T07:07:25Z	61000	62000	1600000	1600000	0	166400	2195.8	19682.4	82522.8	15241.9	21919.5	10793.3	3956.8	2480.39	7521.22	822223	0	3	1	0	0xd43f5e018b415631
22	5	1	v2	46	2026-07-15T07:07:14Z	2026-07-15T07:07:25Z	61000	62000	1600000	1600000	0	167164	2258.55	19693.6	82686.8	15133.3	22217.9	10949.8	4182.93	2405.64	7549.6	839097	0	1	1	0	0xd43f5e018b415631
22	5	1	v2	47	2026-07-15T07:07:14Z	2026-07-15T07:07:25Z	61000	62000	1600000	1600000	0	165713	2249.76	19591.5	82516.4	15241.1	21314.4	10826.4	3869.05	2401.6	7594.43	837695	0	0	1	0	0xd43f5e018b415631
22	5	1	v2	48	2026-07-15T07:07:14Z	2026-07-15T07:07:25Z	61000	62000	1600000	1600000	0	166396	2207.8	19601	82417.2	15169.2	21991.1	11094.1	3799.46	2468.48	7562.47	822341	0	1	1	0	0xd43f5e018b415631
22	5	1	v2	49	2026-07-15T07:07:14Z	2026-07-15T07:07:25Z	61000	62000	1600000	1600000	0	165374	2239.76	19658.6	82427.8	15178.9	21137.4	10941.8	3758.46	2406.14	7533.01	837080	0	9	1	0	0xd43f5e018b415631
23	5	2	v2	0	2026-07-15T07:07:25Z	2026-07-15T07:07:36Z	61000	62000	1600000	1600000	0	167066	2240.51	19957.5	82756.1	15260.7	21740.6	11268.8	3821.17	2391.43	7541.68	838676	0	9	1	0	0xd43f5e018b415631
23	5	2	v2	1	2026-07-15T07:07:25Z	2026-07-15T07:07:36Z	61000	62000	1600000	1600000	0	166415	2189.34	19911.8	82758.9	15169.1	21476.5	11042.6	3845.22	2398.89	7531.64	822184	0	5	1	0	0xd43f5e018b415631
23	5	2	v2	2	2026-07-15T07:07:25Z	2026-07-15T07:07:36Z	61000	62000	1600000	1600000	0	169269	2204.59	20753	83277.9	15247.9	22453.6	11072.2	3832.76	2759.23	7577.01	856687	0	14	1	0	0xd43f5e018b415631
23	5	2	v2	3	2026-07-15T07:07:25Z	2026-07-15T07:07:36Z	61000	62000	1600000	1600000	0	166717	2184.68	19760.7	82607.1	15237.4	22098.1	10989	3830.46	2389.77	7526.26	838350	0	6	1	0	0xd43f5e018b415631
23	5	2	v2	4	2026-07-15T07:07:25Z	2026-07-15T07:07:36Z	61000	62000	1600000	1600000	0	166651	2179.97	19866.3	82454	15215	21977.6	10951.1	3978.47	2441.02	7495.76	822326	0	5	1	0	0xd43f5e018b415631
23	5	2	v2	5	2026-07-15T07:07:25Z	2026-07-15T07:07:36Z	61000	62000	1600000	1600000	0	166973	2224.68	19697.8	82659.9	15208.9	22305.5	10977.1	3841.47	2420.39	7543.64	838770	0	4	1	0	0xd43f5e018b415631
23	5	2	v2	6	2026-07-15T07:07:25Z	2026-07-15T07:07:36Z	61000	62000	1600000	1600000	0	165526	2228.47	19574.4	82371.1	15210.2	21354	11068.5	3734	2409.31	7484.55	821392	0	3	1	0	0xd43f5e018b415631
23	5	2	v2	7	2026-07-15T07:07:25Z	2026-07-15T07:07:36Z	61000	62000	1600000	1600000	0	166980	2301.01	19952.9	82518.7	15199.4	22035.6	11035.3	4021.22	2423.81	7401.88	838591	0	7	1	0	0xd43f5e018b415631
23	5	2	v2	8	2026-07-15T07:07:25Z	2026-07-15T07:07:36Z	61000	62000	1600000	1600000	0	165920	2227.34	19495.7	82297.9	15320.5	21762	11043.3	3767.38	2382.35	7535.1	837475	0	12	1	0	0xd43f5e018b415631
23	5	2	v2	9	2026-07-15T07:07:25Z	2026-07-15T07:07:36Z	61000	62000	1600000	1600000	0	166439	2180.43	19733.1	82679	15307.8	21636.6	10976.2	3949.72	2391.89	7492.3	822194	0	5	1	0	0xd43f5e018b415631
23	5	2	v2	10	2026-07-15T07:07:25Z	2026-07-15T07:07:36Z	61000	62000	1600000	1600000	0	166717	2230.72	19601.1	82316.5	15105	22377.9	10987.3	4052.89	2388.31	7563.76	838454	0	5	1	0	0xd43f5e018b415631
23	5	2	v2	11	2026-07-15T07:07:25Z	2026-07-15T07:07:36Z	61000	62000	1600000	1600000	0	167161	2249.18	19623.8	82736.8	15251.5	21749.4	11375.3	4096.81	2448.22	7540.72	839014	0	3	1	0	0xd43f5e018b415631
23	5	2	v2	12	2026-07-15T07:07:25Z	2026-07-15T07:07:36Z	61000	62000	1600000	1600000	0	166970	2319.26	19588.9	83004.5	15325.1	21825	11069.9	3819.88	2386.85	7537.93	838561	0	9	1	0	0xd43f5e018b415631
23	5	2	v2	13	2026-07-15T07:07:25Z	2026-07-15T07:07:36Z	61000	62000	1600000	1600000	0	165884	2183.43	19625.2	82535.9	15316.1	21724.6	10814.6	3806.67	2387.39	7399.39	821685	0	4	1	0	0xd43f5e018b415631
23	5	2	v2	14	2026-07-15T07:07:25Z	2026-07-15T07:07:36Z	61000	62000	1600000	1600000	0	168671	2244.43	19729.1	82587.8	15210.4	23793.6	11242.2	3849.01	2396.77	7524.85	856103	0	13	1	0	0xd43f5e018b415631
23	5	2	v2	15	2026-07-15T07:07:25Z	2026-07-15T07:07:36Z	61000	62000	1600000	1600000	0	166579	2216.84	19711.1	82378.5	15188.4	21835.3	11165.2	3993.72	2500.85	7495.6	822136	0	8	1	0	0xd43f5e018b415631
23	5	2	v2	16	2026-07-15T07:07:25Z	2026-07-15T07:07:36Z	61000	62000	1600000	1600000	0	166286	2234.05	19620.7	82794.7	15213.9	21619.9	10915.7	3815.01	2431.81	7547.85	838134	0	3	1	0	0xd43f5e018b415631
23	5	2	v2	17	2026-07-15T07:07:25Z	2026-07-15T07:07:36Z	61000	62000	1600000	1600000	0	167949	3276.87	19807.4	82756.8	15217.6	21732.9	10904.3	4133.1	2479.47	7547.56	839616	0	5	1	0	0xd43f5e018b415631
23	5	2	v2	18	2026-07-15T07:07:25Z	2026-07-15T07:07:36Z	61000	62000	1600000	1600000	0	166118	2185.09	19669.3	82629.3	15119.7	21516.3	11038.4	3916.3	2411.39	7545.18	821935	0	4	1	0	0xd43f5e018b415631
23	5	2	v2	19	2026-07-15T07:07:25Z	2026-07-15T07:07:36Z	61000	62000	1600000	1600000	0	166859	2179.09	19671	82671	15243.5	22057.9	10986	3913.8	2468.35	7576.85	822511	0	7	1	0	0xd43f5e018b415631
23	5	2	v2	20	2026-07-15T07:07:25Z	2026-07-15T07:07:36Z	61000	62000	1600000	1600000	0	166281	2222.34	19595	82628.6	15245.3	21740	10998.1	3787.67	2425.22	7548.64	837836	0	11	1	0	0xd43f5e018b415631
23	5	2	v2	21	2026-07-15T07:07:25Z	2026-07-15T07:07:36Z	61000	62000	1600000	1600000	0	166247	2181.64	19748.5	82615	15244.5	21523.5	11066.4	3887.09	2392.77	7494.68	821857	0	7	1	0	0xd43f5e018b415631
23	5	2	v2	22	2026-07-15T07:07:25Z	2026-07-15T07:07:36Z	61000	62000	1600000	1600000	0	166876	2184.26	19721.8	82535.3	15253.8	22042.7	11195.4	3903.13	2422.85	7524.72	838514	0	5	1	0	0xd43f5e018b415631
23	5	2	v2	23	2026-07-15T07:07:25Z	2026-07-15T07:07:36Z	61000	62000	1600000	1600000	0	166388	2225.26	19715.7	82664.8	15220.4	21646.8	11009.3	3818.38	2463.77	7531.05	838181	0	4	1	0	0xd43f5e018b415631
23	5	2	v2	24	2026-07-15T07:07:25Z	2026-07-15T07:07:36Z	61000	62000	1600000	1600000	0	166582	2179.8	19618	83094	15268	21311.3	11176.6	3899.01	2392.14	7556.01	838150	0	10	1	0	0xd43f5e018b415631
23	5	2	v2	25	2026-07-15T07:07:25Z	2026-07-15T07:07:36Z	61000	62000	1600000	1600000	0	166457	2182.05	19756.3	82398.2	15219	22014.9	10933.9	3885.18	2448.52	7528.93	822306	0	3	1	0	0xd43f5e018b415631
23	5	2	v2	26	2026-07-15T07:07:25Z	2026-07-15T07:07:36Z	61000	62000	1600000	1600000	0	168885	2235.43	19733.6	84883.9	15345.7	21105.5	11438.7	4113.22	2416.98	7522.8	840525	0	12	1	0	0xd43f5e018b415631
23	5	2	v2	27	2026-07-15T07:07:25Z	2026-07-15T07:07:36Z	61000	62000	1600000	1600000	0	166616	2182.22	20036.5	82516.4	15224.7	21822.9	10981.1	3865.38	2434.14	7462.68	822348	0	5	1	0	0xd43f5e018b415631
23	5	2	v2	28	2026-07-15T07:07:25Z	2026-07-15T07:07:36Z	61000	62000	1600000	1600000	0	167106	2245.84	19703.4	82644.9	15096.9	22381	11215.5	3807.55	2396.93	7524.89	838769	0	6	1	0	0xd43f5e018b415631
23	5	2	v2	29	2026-07-15T07:07:25Z	2026-07-15T07:07:36Z	61000	62000	1600000	1600000	0	165867	2236.51	19517.9	82478.4	15282.9	21275.6	11159.1	3859.01	2397.43	7564.97	837614	0	5	1	0	0xd43f5e018b415631
23	5	2	v2	30	2026-07-15T07:07:25Z	2026-07-15T07:07:36Z	61000	62000	1600000	1600000	0	166462	2199.64	19583.6	82576.9	15182.2	21908.7	10999.3	3911.39	2510.69	7499.64	822323	0	3	1	0	0xd43f5e018b415631
23	5	2	v2	31	2026-07-15T07:07:25Z	2026-07-15T07:07:36Z	61000	62000	1600000	1600000	0	167181	2242.39	19812.5	82755.4	15106	22263.5	11136.7	3821.3	2392.72	7559.6	838848	0	6	1	0	0xd43f5e018b415631
23	5	2	v2	32	2026-07-15T07:07:25Z	2026-07-15T07:07:36Z	61000	62000	1600000	1600000	0	166547	2245.09	19952.2	82504.6	15259.1	21786.4	10968.2	3770.34	2391.64	7576.76	838176	0	7	1	0	0xd43f5e018b415631
23	5	2	v2	33	2026-07-15T07:07:25Z	2026-07-15T07:07:36Z	61000	62000	1600000	1600000	0	166337	2196.47	19642.6	82789.5	15266.8	21600.2	11021.3	3840.72	2403.93	7483.72	822038	0	10	1	0	0xd43f5e018b415631
23	5	2	v2	34	2026-07-15T07:07:25Z	2026-07-15T07:07:36Z	61000	62000	1600000	1600000	0	166690	2215.72	19662.5	82669.1	15139.9	22234.9	10926.6	3817.46	2401.51	7530.51	838394	0	5	1	0	0xd43f5e018b415631
23	5	2	v2	35	2026-07-15T07:07:25Z	2026-07-15T07:07:36Z	61000	62000	1600000	1600000	0	165727	2305.35	19800.7	82420.2	15140.8	21099	11167.8	3716.92	2399.02	7559.47	837502	0	4	1	0	0xd43f5e018b415631
23	5	2	v2	36	2026-07-15T07:07:25Z	2026-07-15T07:07:36Z	61000	62000	1600000	1600000	0	166513	2185.43	19707.3	82400.3	15247.7	21868.6	11165.5	3854.8	2615.52	7384.97	822092	0	9	1	0	0xd43f5e018b415631
23	5	2	v2	37	2026-07-15T07:07:25Z	2026-07-15T07:07:36Z	61000	62000	1600000	1600000	0	166992	2235.43	19774.1	82529.4	15220.4	22314.7	11006.2	3839.3	2429.93	7549.26	838836	0	3	1	0	0xd43f5e018b415631
23	5	2	v2	38	2026-07-15T07:07:25Z	2026-07-15T07:07:36Z	61000	62000	1600000	1600000	0	171516	3634.42	19638.1	84946.6	15151.5	22301.1	11608.6	3948.22	2495.81	7701.68	859322	0	3	1	0	0xd43f5e018b415631
23	5	2	v2	39	2026-07-15T07:07:25Z	2026-07-15T07:07:36Z	61000	62000	1600000	1600000	0	165892	2222.47	19666.6	82314	15183.7	21317	11125.1	4097.85	2386.47	7488.89	821667	0	7	1	0	0xd43f5e018b415631
23	5	2	v2	40	2026-07-15T07:07:25Z	2026-07-15T07:07:36Z	61000	62000	1600000	1600000	0	166359	2171.26	19756.8	82367.3	15207.1	22102	10770.4	3888.01	2441.31	7563.39	822309	0	1	1	0	0xd43f5e018b415631
23	5	2	v2	41	2026-07-15T07:07:25Z	2026-07-15T07:07:36Z	61000	62000	1600000	1600000	0	167363	2931.32	19772.1	82377	15103.4	22240.5	11047.4	3881.38	2380.52	7542.22	839359	0	0	1	0	0xd43f5e018b415631
23	5	2	v2	42	2026-07-15T07:07:25Z	2026-07-15T07:07:36Z	61000	62000	1600000	1600000	0	165485	2235.89	19841.7	82216.2	15259	21234.6	10877.5	3797.59	2392.06	7506.93	821500	0	0	1	0	0xd43f5e018b415631
23	5	2	v2	43	2026-07-15T07:07:25Z	2026-07-15T07:07:36Z	61000	62000	1600000	1600000	0	166755	2186.14	19786.3	82596.7	15237.1	22041.4	10941.5	3883.47	2451.18	7540.14	822652	0	2	1	0	0xd43f5e018b415631
23	5	2	v2	44	2026-07-15T07:07:25Z	2026-07-15T07:07:36Z	61000	62000	1600000	1600000	0	166200	2233.55	19740.7	82470.1	15196.5	21653	11155.9	3706.17	2409.85	7544.76	837925	0	4	1	0	0xd43f5e018b415631
23	5	2	v2	45	2026-07-15T07:07:25Z	2026-07-15T07:07:36Z	61000	62000	1600000	1600000	0	165646	2186.14	19908.8	82329	15244.7	21692.6	10683.5	3860.97	2391.22	7255.05	821409	0	7	1	0	0xd43f5e018b415631
23	5	2	v2	46	2026-07-15T07:07:25Z	2026-07-15T07:07:36Z	61000	62000	1600000	1600000	0	166846	2216.26	19649.2	82689.7	15233.7	22253.9	10859.3	3894.34	2431.97	7524.26	838789	0	1	1	0	0xd43f5e018b415631
23	5	2	v2	47	2026-07-15T07:07:25Z	2026-07-15T07:07:36Z	61000	62000	1600000	1600000	0	165850	2243.09	19770.7	82543	15181.7	21198	11055.5	3853.3	2377.3	7534.76	837832	0	0	1	0	0xd43f5e018b415631
23	5	2	v2	48	2026-07-15T07:07:25Z	2026-07-15T07:07:36Z	61000	62000	1600000	1600000	0	166596	2200.3	19619.6	82480.9	15197.2	22011.3	11173.4	3884.84	2425.1	7511.55	822372	0	5	1	0	0xd43f5e018b415631
23	5	2	v2	49	2026-07-15T07:07:25Z	2026-07-15T07:07:36Z	61000	62000	1600000	1600000	0	165990	2231.68	19624	82295.5	15292.4	21576.6	10975.5	3966.01	2383.06	7553.56	837929	0	1	1	0	0xd43f5e018b415631
24	5	3	v1	0	2026-07-15T07:07:36Z	2026-07-15T07:07:47Z	61000	61000	1600000	1600000	0	166784	2495.31	19727.9	82824.2	15181.2	21197.4	11026.5	3914.38	2399.97	7934.35	838452	0	3	1	0	0xd43f5e018b415631
24	5	3	v1	1	2026-07-15T07:07:36Z	2026-07-15T07:07:47Z	61000	61000	1600000	1600000	0	166513	2173.34	19588.7	82749.5	15220.6	21804.7	10899.3	3976.76	2387.02	7626.85	822387	0	2	1	0	0xd43f5e018b415631
24	5	3	v1	2	2026-07-15T07:07:36Z	2026-07-15T07:07:47Z	61000	61000	1600000	1600000	0	167191	2322.68	19616.5	82501.5	15096.4	22214.4	10945.2	3895.88	2400.22	8115.23	838740	0	8	1	0	0xd43f5e018b415631
24	5	3	v1	3	2026-07-15T07:07:36Z	2026-07-15T07:07:47Z	61000	61000	1600000	1600000	0	167774	2853.32	19638.7	82276.7	15159.6	22202.8	11178.5	3994.89	2402.26	7956.73	839533	0	3	1	0	0xd43f5e018b415631
24	5	3	v1	4	2026-07-15T07:07:36Z	2026-07-15T07:07:47Z	61000	61000	1600000	1600000	0	166754	2260.26	19630.8	82745.8	15243.2	21663.7	10918.4	3827.09	2391.22	7988.44	838583	0	7	1	0	0xd43f5e018b415631
24	5	3	v1	5	2026-07-15T07:07:36Z	2026-07-15T07:07:47Z	61000	61000	1600000	1600000	0	166434	2228.51	19438	82678.8	15374.5	21340.2	11004.5	3988.14	2396.97	7901.81	838362	0	1	1	0	0xd43f5e018b415631
24	5	3	v1	6	2026-07-15T07:07:36Z	2026-07-15T07:07:47Z	61000	61000	1600000	1600000	0	166818	2176.97	19726.7	82759.3	15229.4	21837	10733.3	3879.13	2566.89	7823.56	822619	0	5	1	0	0xd43f5e018b415631
24	5	3	v1	7	2026-07-15T07:07:36Z	2026-07-15T07:07:47Z	61000	61000	1600000	1600000	0	167435	2264.76	19600	82684.1	15176.9	22171.6	11158.5	3957.13	2397.68	7936.86	839395	0	1	1	0	0xd43f5e018b415631
24	5	3	v1	8	2026-07-15T07:07:36Z	2026-07-15T07:07:47Z	61000	61000	1600000	1600000	0	166693	2247.72	19727.4	82451.5	15289.5	21672.4	11007.3	3836.01	2411.14	7963.02	838640	0	1	1	0	0xd43f5e018b415631
24	5	3	v1	9	2026-07-15T07:07:36Z	2026-07-15T07:07:47Z	61000	61000	1600000	1600000	0	169459	2222.64	19581.1	85657.5	15255.6	21679.5	11020.1	3946.68	2401.93	7606.56	841389	0	1	1	0	0xd43f5e018b415631
24	5	3	v1	10	2026-07-15T07:07:36Z	2026-07-15T07:07:47Z	61000	61000	1600000	1600000	0	167082	2221.51	19455.5	82801.9	15133	22248.5	11003.1	3852.93	2384.22	7896.44	838744	0	8	1	0	0xd43f5e018b415631
24	5	3	v1	11	2026-07-15T07:07:36Z	2026-07-15T07:07:47Z	61000	61000	1600000	1600000	0	167911	2239.26	20078.9	82588.6	15186.9	22421.4	11047.6	3939.8	2401.22	7915.27	839770	0	1	1	0	0xd43f5e018b415631
24	5	3	v1	12	2026-07-15T07:07:36Z	2026-07-15T07:07:47Z	61000	61000	1600000	1600000	0	165518	2267.43	19602.8	82182.9	15145.9	21069	11052.2	3813.3	2388.55	7908.94	837521	0	0	1	0	0xd43f5e018b415631
24	5	3	v1	13	2026-07-15T07:07:36Z	2026-07-15T07:07:47Z	61000	61000	1600000	1600000	0	166612	2187.01	19555.7	82380.4	15257.4	22018.9	10761	4075.26	2441.31	7849.48	822476	0	2	1	0	0xd43f5e018b415631
24	5	3	v1	14	2026-07-15T07:07:36Z	2026-07-15T07:07:47Z	61000	61000	1600000	1600000	0	167289	2243.39	19624.4	82612.7	15152.9	22135.3	11343.1	3793.55	2380.31	7919.31	839161	0	2	1	0	0xd43f5e018b415631
24	5	3	v1	15	2026-07-15T07:07:36Z	2026-07-15T07:07:47Z	61000	61000	1600000	1600000	0	167404	2341.81	19730.4	82521.3	15216.9	22302.1	10941.4	3804.55	2543.6	7916.23	839151	0	4	1	0	0xd43f5e018b415631
24	5	3	v1	16	2026-07-15T07:07:36Z	2026-07-15T07:07:47Z	61000	61000	1600000	1600000	0	166949	2259.64	19552	82565.9	15260.9	21665.8	11295.9	3934.05	2395.97	7932.23	838663	0	8	1	0	0xd43f5e018b415631
24	5	3	v1	17	2026-07-15T07:07:36Z	2026-07-15T07:07:47Z	61000	61000	1600000	1600000	0	166144	2178.76	19630.4	82401.8	15195.5	21423.6	11091.9	3875.09	2378.51	7883.19	822149	0	0	1	0	0xd43f5e018b415631
24	5	3	v1	18	2026-07-15T07:07:36Z	2026-07-15T07:07:47Z	61000	61000	1600000	1600000	0	167101	2219.8	19639.3	82418.8	15261.9	22024.5	11147.4	4040.01	2458.14	7809.81	822910	0	5	1	0	0xd43f5e018b415631
24	5	3	v1	19	2026-07-15T07:07:36Z	2026-07-15T07:07:47Z	61000	61000	1600000	1600000	0	166414	2273.72	19453.1	82406.7	15312.7	21583.6	10885.1	3906.68	2434.02	8076.57	838313	0	2	1	0	0xd43f5e018b415631
24	5	3	v1	20	2026-07-15T07:07:36Z	2026-07-15T07:07:47Z	61000	61000	1600000	1600000	0	166293	2221.39	19698.1	82700.9	15265.2	21344.8	10867.3	3835.42	2389.56	7884.69	838175	0	2	1	0	0xd43f5e018b415631
24	5	3	v1	21	2026-07-15T07:07:36Z	2026-07-15T07:07:47Z	61000	61000	1600000	1600000	0	169748	2166.72	19695.8	84129.5	15115	22297.7	11579.9	4270.69	2468.52	7936.4	841666	0	1	1	0	0xd43f5e018b415631
24	5	3	v1	22	2026-07-15T07:07:36Z	2026-07-15T07:07:47Z	61000	61000	1600000	1600000	0	167192	2236.51	20105.1	82320.8	15245.1	21880.2	10962.6	3977.68	2430.68	7946.35	838959	0	7	1	0	0xd43f5e018b415631
24	5	3	v1	23	2026-07-15T07:07:36Z	2026-07-15T07:07:47Z	61000	61000	1600000	1600000	0	165636	2298.85	19381.8	82367.3	15248.4	21562.8	10901.3	3620.63	2418.47	7750.48	821638	0	0	1	0	0xd43f5e018b415631
24	5	3	v1	24	2026-07-15T07:07:36Z	2026-07-15T07:07:47Z	61000	61000	1600000	1600000	0	167169	2212.84	19613.3	82727.5	15200.3	22098.6	11080.8	3850.72	2403.31	7896.27	839088	0	1	1	0	0xd43f5e018b415631
24	5	3	v1	25	2026-07-15T07:07:36Z	2026-07-15T07:07:47Z	61000	61000	1600000	1600000	0	165574	2220.34	19594.8	82414.8	15178.1	21142.3	10936.4	3688.01	2394.35	7919.77	837430	0	2	1	0	0xd43f5e018b415631
24	5	3	v1	26	2026-07-15T07:07:36Z	2026-07-15T07:07:47Z	61000	61000	1600000	1600000	0	166472	2168.72	19705.9	82336.6	15206.5	21936.7	10826.5	3806.09	2502.02	7895.94	822259	0	3	1	0	0xd43f5e018b415631
24	5	3	v1	27	2026-07-15T07:07:36Z	2026-07-15T07:07:47Z	61000	61000	1600000	1600000	0	167385	2229.8	19624.5	82618.8	15157.9	22211.5	11122.6	4033.51	2385.6	7920.9	839254	0	2	1	0	0xd43f5e018b415631
24	5	3	v1	28	2026-07-15T07:07:36Z	2026-07-15T07:07:47Z	61000	61000	1600000	1600000	0	166613	2262.93	19488	82693.7	15237.6	21690	11113.2	3694.42	2425.39	7924.6	838426	0	7	1	0	0xd43f5e018b415631
24	5	3	v1	29	2026-07-15T07:07:36Z	2026-07-15T07:07:47Z	61000	61000	1600000	1600000	0	165974	2362.43	19434.6	82250.5	15281.9	21462.7	11009.2	3760.21	2391.81	7918.15	821891	0	1	1	0	0xd43f5e018b415631
24	5	3	v1	30	2026-07-15T07:07:36Z	2026-07-15T07:07:47Z	61000	61000	1600000	1600000	0	166922	2200.22	19529.2	82280.2	15447.7	22067.7	11177.2	3745.84	2434.27	7954.81	822731	0	5	1	0	0xd43f5e018b415631
24	5	3	v1	31	2026-07-15T07:07:36Z	2026-07-15T07:07:47Z	61000	61000	1600000	1600000	0	166194	2210.55	19639.1	82266.1	15212.7	21692.3	11057	3711.13	2386.43	7935.6	838189	0	0	1	0	0xd43f5e018b415631
24	5	3	v1	32	2026-07-15T07:07:36Z	2026-07-15T07:07:47Z	61000	61000	1600000	1600000	0	166361	2241.76	19535.9	82378.1	15251.7	21593	10989.9	3903.63	2450.39	7930.65	822239	0	2	1	0	0xd43f5e018b415631
24	5	3	v1	33	2026-07-15T07:07:36Z	2026-07-15T07:07:47Z	61000	61000	1600000	1600000	0	170137	2169.97	19617.4	85177.4	15200.8	22284.1	11118.5	3871.05	2493.73	8118.65	841997	0	2	1	0	0xd43f5e018b415631
24	5	3	v1	34	2026-07-15T07:07:36Z	2026-07-15T07:07:47Z	61000	61000	1600000	1600000	0	166074	2239.8	19586.8	82583.1	15138.8	21199.5	11021.6	3896.05	2394.18	7926.52	837783	0	8	1	0	0xd43f5e018b415631
24	5	3	v1	35	2026-07-15T07:07:36Z	2026-07-15T07:07:47Z	61000	61000	1600000	1600000	0	166369	2214.34	19530.7	82288.1	15177.1	21919.1	10841.7	3901.84	2495.23	7912.1	822371	0	0	1	0	0xd43f5e018b415631
24	5	3	v1	36	2026-07-15T07:07:36Z	2026-07-15T07:07:47Z	61000	61000	1600000	1600000	0	167194	2215.18	19502.5	82838.8	15138.7	22246.6	10952.3	3831.96	2422.81	7957.27	838842	0	1	1	0	0xd43f5e018b415631
24	5	3	v1	37	2026-07-15T07:07:36Z	2026-07-15T07:07:47Z	61000	61000	1600000	1600000	0	166098	2252.47	19646.8	82632.6	15242.8	21072.9	10862.5	3835.26	2421.02	8047.61	837915	0	3	1	0	0xd43f5e018b415631
24	5	3	v1	38	2026-07-15T07:07:36Z	2026-07-15T07:07:47Z	61000	61000	1600000	1600000	0	166306	2172.68	19593.6	82613	15163.7	21843.2	10833.7	3797.22	2402.35	7800.27	822174	0	2	1	0	0xd43f5e018b415631
24	5	3	v1	39	2026-07-15T07:07:36Z	2026-07-15T07:07:47Z	61000	61000	1600000	1600000	0	167123	2254.47	19662.6	82452.5	15167	22380.6	10784.1	3983.18	2441.77	7913.98	839065	0	1	1	0	0xd43f5e018b415631
24	5	3	v1	40	2026-07-15T07:07:36Z	2026-07-15T07:07:47Z	61000	61000	1600000	1600000	0	165716	2251.26	19577	82221	15212.1	21246	10962.5	3882.43	2382.89	7894.69	837527	0	7	1	0	0xd43f5e018b415631
24	5	3	v1	41	2026-07-15T07:07:36Z	2026-07-15T07:07:47Z	61000	61000	1600000	1600000	0	166168	2166.26	19530.3	82322.3	15185.2	21835.1	10926.1	3873.8	2430.27	7814.81	822102	0	1	1	0	0xd43f5e018b415631
24	5	3	v1	42	2026-07-15T07:07:36Z	2026-07-15T07:07:47Z	61000	61000	1600000	1600000	0	167220	2222.09	19588.5	82808.1	15097.6	22153.7	10988.9	3968.09	2387.02	7917.69	839023	0	5	1	0	0xd43f5e018b415631
24	5	3	v1	43	2026-07-15T07:07:36Z	2026-07-15T07:07:47Z	61000	61000	1600000	1600000	0	165847	2213.72	19611.3	82332.1	15229.2	21125.8	11182.5	3741.05	2399.43	7927.19	837842	0	0	1	0	0xd43f5e018b415631
24	5	3	v1	44	2026-07-15T07:07:36Z	2026-07-15T07:07:47Z	61000	61000	1600000	1600000	0	166512	2176.89	19501.8	82643.6	15248.3	21794.6	10977.5	3855.3	2426.27	7800.73	822394	0	2	1	0	0xd43f5e018b415631
24	5	3	v1	45	2026-07-15T07:07:36Z	2026-07-15T07:07:47Z	61000	61000	1600000	1600000	0	169098	2258.97	22668.6	82558	15196	21173.9	10981.1	3870.26	2391.52	7910.77	857011	0	1	1	0	0xd43f5e018b415631
24	5	3	v1	46	2026-07-15T07:07:36Z	2026-07-15T07:07:47Z	61000	61000	1600000	1600000	0	166507	2205.05	19814.5	82530.5	15181.2	21759.8	10937.6	3813.13	2403.35	7778.81	822387	0	2	1	0	0xd43f5e018b415631
24	5	3	v1	47	2026-07-15T07:07:36Z	2026-07-15T07:07:47Z	61000	61000	1600000	1600000	0	167101	2535.14	19554.4	82230.5	15140.9	22257.7	11141.8	3850.3	2387.14	7918.77	838827	0	7	1	0	0xd43f5e018b415631
24	5	3	v1	48	2026-07-15T07:07:36Z	2026-07-15T07:07:47Z	61000	61000	1600000	1600000	0	165847	2216.59	19577.1	82397.3	15183.6	21180.4	11038.4	3864.76	2382.27	7920.23	837741	0	2	1	0	0xd43f5e018b415631
24	5	3	v1	49	2026-07-15T07:07:36Z	2026-07-15T07:07:47Z	61000	61000	1600000	1600000	0	166363	2228.64	19630.1	82409.6	15195.7	21865.6	10814.4	3789.59	2442.52	7901.27	822192	0	3	1	0	0xd43f5e018b415631
25	6	0	v1	0	2026-07-15T07:07:47Z	2026-07-15T07:07:58Z	62000	62000	1600000	1600000	0	166609	2190.59	19636.5	82547.9	15226.3	21816.4	11082.5	3734.38	2395.18	7898.06	838601	0	0	1	0	0xd43f5e018b415631
25	6	0	v1	1	2026-07-15T07:07:47Z	2026-07-15T07:07:58Z	62000	62000	1600000	1600000	0	166491	2148.34	19579.2	82456.1	15193.5	21454.1	11486.9	3760.88	2404.68	7919.56	838098	0	6	1	0	0xd43f5e018b415631
25	6	0	v1	2	2026-07-15T07:07:47Z	2026-07-15T07:07:58Z	62000	62000	1600000	1600000	0	166814	2132.84	19826.2	82220.1	15132.1	22034.6	11096.6	3918.97	2483.1	7881.85	822682	0	2	1	0	0xd43f5e018b415631
25	6	0	v1	3	2026-07-15T07:07:47Z	2026-07-15T07:07:58Z	62000	62000	1600000	1600000	0	170041	2184.14	19655	83964	16091.8	22460.5	11553	3731.55	2417.81	7898.35	857756	0	3	1	0	0xd43f5e018b415631
25	6	0	v1	4	2026-07-15T07:07:47Z	2026-07-15T07:07:58Z	62000	62000	1600000	1600000	0	166315	2159.34	19588.1	82436.1	15268.7	21574.1	11136.3	3783.92	2397.31	7878.98	822259	0	1	1	0	0xd43f5e018b415631
25	6	0	v1	5	2026-07-15T07:07:47Z	2026-07-15T07:07:58Z	62000	62000	1600000	1600000	0	166834	2143.26	19664.2	82718.5	15228.8	22152.5	10815.1	3704.88	2410.43	7908.85	822705	0	6	1	0	0xd43f5e018b415631
25	6	0	v1	6	2026-07-15T07:07:47Z	2026-07-15T07:07:58Z	62000	62000	1600000	1600000	0	167130	2204.3	19783.3	82487.6	15118.6	22379.2	10927.2	3801.88	2436.47	7904.85	838984	0	1	1	0	0xd43f5e018b415631
25	6	0	v1	7	2026-07-15T07:07:47Z	2026-07-15T07:07:58Z	62000	62000	1600000	1600000	0	165953	2179.68	19641.6	82416.8	15193.7	21334.5	10966.2	3868.13	2389.35	7877.1	837819	0	2	1	0	0xd43f5e018b415631
25	6	0	v1	8	2026-07-15T07:07:47Z	2026-07-15T07:07:58Z	62000	62000	1600000	1600000	0	166655	2139.59	19495.8	82415.2	15207.3	22148.2	11002.6	3856.26	2456.93	7847.48	822462	0	3	1	0	0xd43f5e018b415631
25	6	0	v1	9	2026-07-15T07:07:47Z	2026-07-15T07:07:58Z	62000	62000	1600000	1600000	0	167186	2180.39	19680.9	82712.5	15105.6	22370.4	10946.1	3783.47	2393.93	7924.23	838992	0	3	1	0	0xd43f5e018b415631
25	6	0	v1	10	2026-07-15T07:07:47Z	2026-07-15T07:07:58Z	62000	62000	1600000	1600000	0	165742	2296.22	19666	82532.4	15155.1	21123.2	10772	3789.51	2402.68	7917.44	837601	0	2	1	0	0xd43f5e018b415631
25	6	0	v1	11	2026-07-15T07:07:47Z	2026-07-15T07:07:58Z	62000	62000	1600000	1600000	0	166564	2141.59	19758.9	82455.1	15159.7	21970.3	11093.2	3716.38	2434.1	7745.31	822375	0	7	1	0	0xd43f5e018b415631
25	6	0	v1	12	2026-07-15T07:07:47Z	2026-07-15T07:07:58Z	62000	62000	1600000	1600000	0	167121	2193.55	19644.5	82387	15093.1	22380.7	11085.3	3965.43	2378.26	7911.06	839118	0	0	1	0	0xd43f5e018b415631
25	6	0	v1	13	2026-07-15T07:07:47Z	2026-07-15T07:07:58Z	62000	62000	1600000	1600000	0	166970	2172.3	19664	82742	15258.9	21791.4	11104.8	3806.8	2426.98	7916.4	838759	0	5	1	0	0xd43f5e018b415631
25	6	0	v1	14	2026-07-15T07:07:47Z	2026-07-15T07:07:58Z	62000	62000	1600000	1600000	0	166176	2169.76	19838.5	82222.4	15146.6	21480.5	11019.3	3915.47	2396.01	7898.98	838049	0	2	1	0	0xd43f5e018b415631
25	6	0	v1	15	2026-07-15T07:07:47Z	2026-07-15T07:07:58Z	62000	62000	1600000	1600000	0	169994	2137.51	19817.5	84769.5	15627.3	22176.7	11053.8	3863.92	2553.65	7905.27	841763	0	4	1	0	0xd43f5e018b415631
25	6	0	v1	16	2026-07-15T07:07:47Z	2026-07-15T07:07:58Z	62000	62000	1600000	1600000	0	167302	2171.3	19798.7	82734	15335.2	21764.8	10989.5	4012.55	2496.39	7917.4	839176	0	2	1	0	0xd43f5e018b415631
25	6	0	v1	17	2026-07-15T07:07:47Z	2026-07-15T07:07:58Z	62000	62000	1600000	1600000	0	165954	2186.43	19546.5	82412.5	15152.4	21491.6	11007.2	3773.67	2399.35	7894.31	837886	0	1	1	0	0xd43f5e018b415631
25	6	0	v1	18	2026-07-15T07:07:47Z	2026-07-15T07:07:58Z	62000	62000	1600000	1600000	0	166937	2136.13	19762.2	82434.5	15331.7	22044.2	11046.1	3822.17	2466.48	7802.27	822646	0	9	1	0	0xd43f5e018b415631
25	6	0	v1	19	2026-07-15T07:07:47Z	2026-07-15T07:07:58Z	62000	62000	1600000	1600000	0	167270	2442.97	19633.5	82455	15131.4	22223	11104.9	3896.13	2382.64	7911.15	839148	0	2	1	0	0xd43f5e018b415631
25	6	0	v1	20	2026-07-15T07:07:47Z	2026-07-15T07:07:58Z	62000	62000	1600000	1600000	0	167095	2182.51	19743.8	82716.6	15314.4	21789.1	10993.6	3888.84	2458.35	7920.02	838928	0	2	1	0	0xd43f5e018b415631
25	6	0	v1	21	2026-07-15T07:07:47Z	2026-07-15T07:07:58Z	62000	62000	1600000	1600000	0	166024	2187.3	19533.7	82406	15184	21445.1	10935.3	3944.09	2397.1	7903.6	837939	0	1	1	0	0xd43f5e018b415631
25	6	0	v1	22	2026-07-15T07:07:47Z	2026-07-15T07:07:58Z	62000	62000	1600000	1600000	0	166633	2157.43	19574.8	82253	15226	22154.9	10828.6	4024.55	2428.14	7897.44	822578	0	1	1	0	0xd43f5e018b415631
25	6	0	v1	23	2026-07-15T07:07:47Z	2026-07-15T07:07:58Z	62000	62000	1600000	1600000	0	167290	2206.14	19679	82551.8	15150.4	22371.2	10945.8	3955.35	2432.6	7910.06	839224	0	1	1	0	0xd43f5e018b415631
25	6	0	v1	24	2026-07-15T07:07:47Z	2026-07-15T07:07:58Z	62000	62000	1600000	1600000	0	167822	2188.26	19495	83196.9	15157.1	22346.1	10997.1	3966.89	2425.81	7962.65	839451	0	7	1	0	0xd43f5e018b415631
25	6	0	v1	25	2026-07-15T07:07:47Z	2026-07-15T07:07:58Z	62000	62000	1600000	1600000	0	166881	2182.3	19634	82837.7	15259.3	21755	10925.2	3911.47	2396.64	7895.1	838636	0	6	1	0	0xd43f5e018b415631
25	6	0	v1	26	2026-07-15T07:07:47Z	2026-07-15T07:07:58Z	62000	62000	1600000	1600000	0	166521	2138.51	19424.4	82711.2	15196.8	21606.6	11206.9	3869.43	2391.85	7889.48	838456	0	1	1	0	0xd43f5e018b415631
25	6	0	v1	27	2026-07-15T07:07:47Z	2026-07-15T07:07:58Z	62000	62000	1600000	1600000	0	169145	2135.38	19544.2	82760.5	15492.5	23723.4	10877.8	3765.8	2824.15	7935.02	841048	0	1	1	0	0xd43f5e018b415631
25	6	0	v1	28	2026-07-15T07:07:47Z	2026-07-15T07:07:58Z	62000	62000	1600000	1600000	0	166284	2235.18	19394.6	82492.9	15211.6	21619.8	11013.2	3934.76	2397.77	7893.94	838226	0	1	1	0	0xd43f5e018b415631
25	6	0	v1	29	2026-07-15T07:07:47Z	2026-07-15T07:07:58Z	62000	62000	1600000	1600000	0	166627	2145.63	19668.1	82375.6	15164.4	22142.4	10874.5	3827.05	2417.77	7922.94	822623	0	0	1	0	0xd43f5e018b415631
25	6	0	v1	30	2026-07-15T07:07:47Z	2026-07-15T07:07:58Z	62000	62000	1600000	1600000	0	167268	2185.14	19759.2	82571.7	15137.1	22384.7	11001	3795.26	2449.06	7900.56	839099	0	6	1	0	0xd43f5e018b415631
25	6	0	v1	31	2026-07-15T07:07:47Z	2026-07-15T07:07:58Z	62000	62000	1600000	1600000	0	165895	2175.55	19695.5	82433.7	15206.4	21257	10885	3833.34	2395.18	7926.81	837772	0	2	1	0	0xd43f5e018b415631
25	6	0	v1	32	2026-07-15T07:07:47Z	2026-07-15T07:07:58Z	62000	62000	1600000	1600000	0	166560	2133.97	19553.9	82709.9	15179.4	21915.4	10736.8	3977.8	2517.1	7750.85	822393	0	3	1	0	0xd43f5e018b415631
25	6	0	v1	33	2026-07-15T07:07:47Z	2026-07-15T07:07:58Z	62000	62000	1600000	1600000	0	167406	2273.43	19749.3	82398	15190	22286.6	11057.1	4102.55	2378.35	7888.1	839136	0	4	1	0	0xd43f5e018b415631
25	6	0	v1	34	2026-07-15T07:07:47Z	2026-07-15T07:07:58Z	62000	62000	1600000	1600000	0	167533	2214.8	19862.9	82737	15168	22330.4	11027.6	3775.26	2429.22	7901.56	839471	0	1	1	0	0xd43f5e018b415631
25	6	0	v1	35	2026-07-15T07:07:47Z	2026-07-15T07:07:58Z	62000	62000	1600000	1600000	0	167019	2182.93	19645.3	82682.6	15278.2	21785.6	11102.9	3909.38	2438.89	7906.52	838952	0	1	1	0	0xd43f5e018b415631
25	6	0	v1	36	2026-07-15T07:07:47Z	2026-07-15T07:07:58Z	62000	62000	1600000	1600000	0	166227	2175.72	19463.8	82585.2	15229.8	21580.5	10928.9	3862.93	2408.52	7900.02	838111	0	6	1	0	0xd43f5e018b415631
25	6	0	v1	37	2026-07-15T07:07:47Z	2026-07-15T07:07:58Z	62000	62000	1600000	1600000	0	166917	2138.05	19541	82797.8	15171.2	21937.3	11061.1	3816.92	2424.81	7903.48	822685	0	6	1	0	0xd43f5e018b415631
25	6	0	v1	38	2026-07-15T07:07:47Z	2026-07-15T07:07:58Z	62000	62000	1600000	1600000	0	167267	2190.68	19961.1	82251.4	15115.1	22356.9	11030.5	3895.3	2390.06	7989.02	839198	0	1	1	0	0xd43f5e018b415631
25	6	0	v1	39	2026-07-15T07:07:47Z	2026-07-15T07:07:58Z	62000	62000	1600000	1600000	0	172546	2231.64	19815.1	82442.5	19018	23796.8	10979.8	4021.47	2461.89	7689.43	856848	0	2	1	0	0xd43f5e018b415631
25	6	0	v1	40	2026-07-15T07:07:47Z	2026-07-15T07:07:58Z	62000	62000	1600000	1600000	0	167608	2219.68	19677.8	82765.3	15239.4	22068.5	11256.8	4092.59	2391.56	7807.64	839419	0	3	1	0	0xd43f5e018b415631
25	6	0	v1	41	2026-07-15T07:07:47Z	2026-07-15T07:07:58Z	62000	62000	1600000	1600000	0	167162	2175.97	20116.2	82121.2	15150.4	22272.3	11053	3846.05	2410.68	7928.98	838867	0	1	1	0	0xd43f5e018b415631
25	6	0	v1	42	2026-07-15T07:07:47Z	2026-07-15T07:07:58Z	62000	62000	1600000	1600000	0	167424	2178.01	19742.1	82569.1	15251.2	22385.3	11120.6	3756.8	2424.31	7907.94	839240	0	7	1	0	0xd43f5e018b415631
25	6	0	v1	43	2026-07-15T07:07:47Z	2026-07-15T07:07:58Z	62000	62000	1600000	1600000	0	167421	2203.89	19821.8	82726	15382	21862.8	11061.9	3921.51	2430.1	7921.65	839304	0	2	1	0	0xd43f5e018b415631
25	6	0	v1	44	2026-07-15T07:07:47Z	2026-07-15T07:07:58Z	62000	62000	1600000	1600000	0	166262	2205.51	19573.3	82490.3	15167.9	21428.6	11032.2	3965.1	2389.93	7921.73	838160	0	3	1	0	0xd43f5e018b415631
25	6	0	v1	45	2026-07-15T07:07:47Z	2026-07-15T07:07:58Z	62000	62000	1600000	1600000	0	166652	2132.34	19592.1	82364	15226.7	21990.4	11034.3	3946.18	2460.39	7820.39	822496	0	1	1	0	0xd43f5e018b415631
25	6	0	v1	46	2026-07-15T07:07:47Z	2026-07-15T07:07:58Z	62000	62000	1600000	1600000	0	167097	2183.3	19702.1	82483.7	15156.1	22334.3	10980	3878.05	2382.85	7911.35	839042	0	1	1	0	0xd43f5e018b415631
25	6	0	v1	47	2026-07-15T07:07:47Z	2026-07-15T07:07:58Z	62000	62000	1600000	1600000	0	165995	2204.76	19634.7	82378.5	15203.4	21240.7	10993.9	3925.72	2405.93	7920.69	837926	0	1	1	0	0xd43f5e018b415631
25	6	0	v1	48	2026-07-15T07:07:47Z	2026-07-15T07:07:58Z	62000	62000	1600000	1600000	0	166533	2140.47	19581.1	82779.5	15197.3	21882.6	11013.6	3764.63	2465.23	7596.1	822382	0	6	1	0	0xd43f5e018b415631
25	6	0	v1	49	2026-07-15T07:07:47Z	2026-07-15T07:07:58Z	62000	62000	1600000	1600000	0	167814	2250.8	19615.5	82940.9	15210.4	22112.5	11085.2	4040.97	2507.64	7965.23	839540	0	6	1	0	0xd43f5e018b415631
26	6	1	v2	0	2026-07-15T07:07:58Z	2026-07-15T07:08:09Z	62000	62000	1600000	1600000	0	166838	2223.14	20088.9	82334.3	15132.9	22298.9	10929	3717.8	2448.05	7578.26	838775	0	1	1	0	0xd43f5e018b415631
26	6	1	v2	1	2026-07-15T07:07:58Z	2026-07-15T07:08:09Z	62000	62000	1600000	1600000	0	165724	2221.84	19579.3	82269.6	15280.1	21397.7	11146.4	3810.05	2391.35	7539.43	837489	0	7	1	0	0xd43f5e018b415631
26	6	1	v2	2	2026-07-15T07:07:58Z	2026-07-15T07:08:09Z	62000	62000	1600000	1600000	0	166400	2174.8	19564.1	82271.5	15144.9	22147.9	10956.6	4065.72	2457.35	7533.35	822236	0	3	1	0	0xd43f5e018b415631
26	6	1	v2	3	2026-07-15T07:07:58Z	2026-07-15T07:08:09Z	62000	62000	1600000	1600000	0	166706	2228.59	19599.9	82952.3	15208.1	21739.8	11158.3	3765.46	2427.81	7540.14	838503	0	3	1	0	0xd43f5e018b415631
26	6	1	v2	4	2026-07-15T07:07:58Z	2026-07-15T07:08:09Z	62000	62000	1600000	1600000	0	167885	2173.55	19702.7	82339.1	15241.2	23517.4	10907.6	3931.55	2428.56	7556.22	838942	0	40	1	0	0xd43f5e018b415631
26	6	1	v2	5	2026-07-15T07:07:58Z	2026-07-15T07:08:09Z	62000	62000	1600000	1600000	0	165769	2187.64	19772.8	82504.3	15263.9	21564.6	10697.7	3764.88	2384.35	7545.14	821711	0	1	1	0	0xd43f5e018b415631
26	6	1	v2	6	2026-07-15T07:07:58Z	2026-07-15T07:08:09Z	62000	62000	1600000	1600000	0	166391	2227.68	19627.5	82405.4	15162.5	22274	10887.8	3772.09	2401.39	7547.72	838379	0	0	1	0	0xd43f5e018b415631
26	6	1	v2	7	2026-07-15T07:07:58Z	2026-07-15T07:08:09Z	62000	62000	1600000	1600000	0	166005	2254.76	19469	82796.7	15225.8	21288.9	11121.6	3812.01	2400.31	7549.01	837688	0	11	1	0	0xd43f5e018b415631
26	6	1	v2	8	2026-07-15T07:07:58Z	2026-07-15T07:08:09Z	62000	62000	1600000	1600000	0	166388	2179.34	19497.5	82452.3	15293.9	21998.5	11141.6	3781.76	2429.19	7532.76	822258	0	2	1	0	0xd43f5e018b415631
26	6	1	v2	9	2026-07-15T07:07:58Z	2026-07-15T07:08:09Z	62000	62000	1600000	1600000	0	166120	2240.51	19554.1	82640.7	15279.7	21677.5	10987.8	3696.5	2395.72	7562.43	837992	0	2	1	0	0xd43f5e018b415631
26	6	1	v2	10	2026-07-15T07:07:58Z	2026-07-15T07:08:09Z	62000	62000	1600000	1600000	0	168984	2188.89	20903.1	82761.2	15100.4	22733.9	10733.2	4201.39	2699.02	7580.89	840852	0	3	1	0	0xd43f5e018b415631
26	6	1	v2	11	2026-07-15T07:07:58Z	2026-07-15T07:08:09Z	62000	62000	1600000	1600000	0	165745	2233.3	19741.6	82645.2	15218	21135.2	10962.1	3795.84	2396.06	7533.39	837664	0	1	1	0	0xd43f5e018b415631
26	6	1	v2	12	2026-07-15T07:07:58Z	2026-07-15T07:08:09Z	62000	62000	1600000	1600000	0	166342	2183.43	19576.7	82526.2	15202.9	22083.1	10867.5	3799.51	2431.14	7583.97	822170	0	3	1	0	0xd43f5e018b415631
26	6	1	v2	13	2026-07-15T07:07:58Z	2026-07-15T07:08:09Z	62000	62000	1600000	1600000	0	166112	2222.76	19723.6	82433.6	15242.1	21718.8	10972.1	3730.76	2427.97	7553.85	837917	0	7	1	0	0xd43f5e018b415631
26	6	1	v2	14	2026-07-15T07:07:58Z	2026-07-15T07:08:09Z	62000	62000	1600000	1600000	0	166416	2171.14	19768.5	82810.7	15198.1	21445.6	11059.7	3976.85	2381.22	7515.89	822176	0	4	1	0	0xd43f5e018b415631
26	6	1	v2	15	2026-07-15T07:07:58Z	2026-07-15T07:08:09Z	62000	62000	1600000	1600000	0	166818	2181.34	19726.5	82757.5	15183.1	21977.5	11145.6	3823.01	2427.43	7510.26	822519	0	4	1	0	0xd43f5e018b415631
26	6	1	v2	16	2026-07-15T07:07:58Z	2026-07-15T07:08:09Z	62000	62000	1600000	1600000	0	165957	2217.55	19548	82177.2	15315.7	21680.3	10992	4001.01	2392.85	7547.85	837830	0	2	1	0	0xd43f5e018b415631
26	6	1	v2	17	2026-07-15T07:07:58Z	2026-07-15T07:08:09Z	62000	62000	1600000	1600000	0	166427	2178.51	19668.3	82681.5	15189.3	21648.7	11053.9	3986.59	2384.6	7547.51	822344	0	1	1	0	0xd43f5e018b415631
26	6	1	v2	18	2026-07-15T07:07:58Z	2026-07-15T07:08:09Z	62000	62000	1600000	1600000	0	166867	2204.64	19653.5	82675	15159.9	22066.6	11092.2	3965.1	2403.06	7562.01	838860	0	0	1	0	0xd43f5e018b415631
26	6	1	v2	19	2026-07-15T07:07:58Z	2026-07-15T07:08:09Z	62000	62000	1600000	1600000	0	166588	2247.68	19680.3	82930.3	15177.2	21723.8	10756.8	3951.8	2432.56	7604.22	838239	0	11	1	0	0xd43f5e018b415631
26	6	1	v2	20	2026-07-15T07:07:58Z	2026-07-15T07:08:09Z	62000	62000	1600000	1600000	0	165920	2193.34	19599.5	82512.2	15230.2	21634.9	10827.4	3863.22	2464.39	7512.8	821786	0	2	1	0	0xd43f5e018b415631
26	6	1	v2	21	2026-07-15T07:07:58Z	2026-07-15T07:08:09Z	62000	62000	1600000	1600000	0	166461	2201.72	19642.5	82472.3	15147.2	22271	10781.1	3860.42	2393.81	7603.97	838453	0	0	1	0	0xd43f5e018b415631
26	6	1	v2	22	2026-07-15T07:07:58Z	2026-07-15T07:08:09Z	62000	62000	1600000	1600000	0	168067	2215.97	19677.3	82240.3	15105.9	23960.1	10876.8	3955.59	2385.6	7564.1	839956	0	2	1	0	0xd43f5e018b415631
26	6	1	v2	23	2026-07-15T07:07:58Z	2026-07-15T07:08:09Z	62000	62000	1600000	1600000	0	165457	2237.89	19554.8	82400.7	15160	21135.1	11093.9	3822.67	2378.89	7590.68	837381	0	1	1	0	0xd43f5e018b415631
26	6	1	v2	24	2026-07-15T07:07:58Z	2026-07-15T07:08:09Z	62000	62000	1600000	1600000	0	166427	2185.84	19613.6	82398.4	15165.8	22094	10927.4	3963.22	2444.14	7546.18	822243	0	1	1	0	0xd43f5e018b415631
26	6	1	v2	25	2026-07-15T07:07:58Z	2026-07-15T07:08:09Z	62000	62000	1600000	1600000	0	165522	2222.84	19656.3	82256	15216	21149.1	11110.3	3847.8	2383.14	7597.01	837369	0	6	1	0	0xd43f5e018b415631
26	6	1	v2	26	2026-07-15T07:07:58Z	2026-07-15T07:08:09Z	62000	62000	1600000	1600000	0	166401	2196.84	19462.1	82533	15194	22030.3	11076.6	3978.76	2436.81	7407.43	822281	0	2	1	0	0xd43f5e018b415631
26	6	1	v2	27	2026-07-15T07:07:58Z	2026-07-15T07:08:09Z	62000	62000	1600000	1600000	0	166306	2216.05	19555.4	82574.1	15152.6	21698.6	11050.1	4004.05	2429.81	7538.26	838170	0	2	1	0	0xd43f5e018b415631
26	6	1	v2	28	2026-07-15T07:07:58Z	2026-07-15T07:08:09Z	62000	62000	1600000	1600000	0	165273	2247.47	19561.5	82488.2	15173.5	21523.6	10820.3	3775.51	2383.18	7213.42	821204	0	1	1	0	0xd43f5e018b415631
26	6	1	v2	29	2026-07-15T07:07:58Z	2026-07-15T07:08:09Z	62000	62000	1600000	1600000	0	167057	2337.26	19531.8	82843.6	15137.2	22256.3	10983.3	3918.01	2380.97	7584.6	838988	0	1	1	0	0xd43f5e018b415631
26	6	1	v2	30	2026-07-15T07:07:58Z	2026-07-15T07:08:09Z	62000	62000	1600000	1600000	0	165672	2220.18	19583.3	82454	15174.3	21253.9	10965.2	3996.22	2392.22	7546.8	837596	0	1	1	0	0xd43f5e018b415631
26	6	1	v2	31	2026-07-15T07:07:58Z	2026-07-15T07:08:09Z	62000	62000	1600000	1600000	0	166449	2180.72	19618	82827.1	15150.4	22055	10791.3	3758.55	2437.06	7546.26	822241	0	5	1	0	0xd43f5e018b415631
26	6	1	v2	32	2026-07-15T07:07:58Z	2026-07-15T07:08:09Z	62000	62000	1600000	1600000	0	166922	2220.05	19442.5	82793.6	15196.9	22366.7	11029.8	3798.26	2448.31	7540.47	838677	0	8	1	0	0xd43f5e018b415631
26	6	1	v2	33	2026-07-15T07:07:58Z	2026-07-15T07:08:09Z	62000	62000	1600000	1600000	0	165778	2229.18	19627.5	82246.5	15331.5	21427.1	11210.9	3689.05	2408.76	7522.22	821667	0	2	1	0	0xd43f5e018b415631
26	6	1	v2	34	2026-07-15T07:07:58Z	2026-07-15T07:08:09Z	62000	62000	1600000	1600000	0	169564	2223.89	19671.3	85047.8	15160.2	22263	11115	3890.76	2558.11	7540.85	841388	0	1	1	0	0xd43f5e018b415631
26	6	1	v2	35	2026-07-15T07:07:58Z	2026-07-15T07:08:09Z	62000	62000	1600000	1600000	0	165220	2245.39	19418.7	82141.9	15229.9	21618.1	11029.5	3847.05	2394.18	7211.13	821161	0	1	1	0	0xd43f5e018b415631
26	6	1	v2	36	2026-07-15T07:07:58Z	2026-07-15T07:08:09Z	62000	62000	1600000	1600000	0	166894	2259.59	19645.4	82777.7	15093.4	22287.7	10817.9	3966.93	2401.8	7559.64	838821	0	1	1	0	0xd43f5e018b415631
26	6	1	v2	37	2026-07-15T07:07:58Z	2026-07-15T07:08:09Z	62000	62000	1600000	1600000	0	165836	2253.64	19627.7	82495.2	15145	21206	11153.7	3893.09	2390.93	7580.72	837823	0	0	1	0	0xd43f5e018b415631
26	6	1	v2	38	2026-07-15T07:07:58Z	2026-07-15T07:08:09Z	62000	62000	1600000	1600000	0	166742	2179.34	19541.5	83192.6	15227.7	21779.7	11024.6	3871.47	2636.73	7201.05	822166	0	13	1	0	0xd43f5e018b415631
26	6	1	v2	39	2026-07-15T07:07:58Z	2026-07-15T07:08:09Z	62000	62000	1600000	1600000	0	166216	2268.76	19630.6	82539.7	15230.2	21649.7	10911.8	3901.22	2445.35	7553.64	838031	0	3	1	0	0xd43f5e018b415631
26	6	1	v2	40	2026-07-15T07:07:58Z	2026-07-15T07:08:09Z	62000	62000	1600000	1600000	0	165969	2221.89	19571.5	82601.3	15254.7	21488.3	10918.2	3936.3	2391.43	7495.51	821855	0	2	1	0	0xd43f5e018b415631
26	6	1	v2	41	2026-07-15T07:07:58Z	2026-07-15T07:08:09Z	62000	62000	1600000	1600000	0	166648	2167.38	19468.9	82476.7	15227.4	22197.7	11076.7	4019.1	2394.85	7532.39	822557	0	2	1	0	0xd43f5e018b415631
26	6	1	v2	42	2026-07-15T07:07:58Z	2026-07-15T07:08:09Z	62000	62000	1600000	1600000	0	165306	2264.8	19564.9	82404.7	15133.4	21117	11141.4	3672.38	2395.27	7528.35	837301	0	0	1	0	0xd43f5e018b415631
26	6	1	v2	43	2026-07-15T07:07:58Z	2026-07-15T07:08:09Z	62000	62000	1600000	1600000	0	166697	2184.84	19906.3	82563	15533	21835.7	10898.4	3910.47	2491.89	7289.63	822454	0	6	1	0	0xd43f5e018b415631
26	6	1	v2	44	2026-07-15T07:07:58Z	2026-07-15T07:08:09Z	62000	62000	1600000	1600000	0	166893	2248.05	19615.3	82523.6	15156.9	22261.5	11178.6	3827.25	2426.76	7569.35	838643	0	8	1	0	0xd43f5e018b415631
26	6	1	v2	45	2026-07-15T07:07:58Z	2026-07-15T07:08:09Z	62000	62000	1600000	1600000	0	165788	2243.14	19671.1	82493.1	15148.5	21212.4	11055.1	3943.59	2395.85	7539.93	837786	0	0	1	0	0xd43f5e018b415631
26	6	1	v2	46	2026-07-15T07:07:58Z	2026-07-15T07:08:09Z	62000	62000	1600000	1600000	0	169639	2189.39	19520.3	84565	15628.5	22233.7	11297.1	4056.18	2469.02	7590.22	841578	0	1	1	0	0xd43f5e018b415631
26	6	1	v2	47	2026-07-15T07:07:58Z	2026-07-15T07:08:09Z	62000	62000	1600000	1600000	0	165458	2244.89	19607.4	82223.8	15158	21426.6	10999.1	3801.13	2396.1	7515.64	821391	0	1	1	0	0xd43f5e018b415631
26	6	1	v2	48	2026-07-15T07:07:58Z	2026-07-15T07:08:09Z	62000	62000	1600000	1600000	0	167138	2210.14	20142.9	82430.1	15159.6	21976.6	11035.5	4027.55	2518.02	7551.55	838825	0	4	1	0	0xd43f5e018b415631
26	6	1	v2	49	2026-07-15T07:07:58Z	2026-07-15T07:08:09Z	62000	62000	1600000	1600000	0	166164	2217.55	19520.4	82342	15231.2	21819	11125.7	3869.51	2417.02	7534.14	838103	0	1	1	0	0xd43f5e018b415631
27	6	2	v2	0	2026-07-15T07:08:09Z	2026-07-15T07:08:20Z	62000	62000	1600000	1600000	0	166261	2243.76	19562.5	82593.8	15270.1	21681.2	11039.8	3806.47	2428.43	7549.6	838251	0	0	1	0	0xd43f5e018b415631
27	6	2	v2	1	2026-07-15T07:08:09Z	2026-07-15T07:08:20Z	62000	62000	1600000	1600000	0	166029	2231.97	19649.2	82642.6	15201.1	21429.9	10961.8	3890.01	2391.02	7538.39	822037	0	0	1	0	0xd43f5e018b415631
27	6	2	v2	2	2026-07-15T07:08:09Z	2026-07-15T07:08:20Z	62000	62000	1600000	1600000	0	166872	2188.51	19644.2	82822.3	15149.3	22162.8	10983.6	3881.38	2386.1	7569.68	838553	0	7	1	0	0xd43f5e018b415631
27	6	2	v2	3	2026-07-15T07:08:09Z	2026-07-15T07:08:20Z	62000	62000	1600000	1600000	0	166397	2243.68	19669.1	82557.5	15253.7	21650.6	11052.4	3845.84	2446.68	7590.76	838270	0	6	1	0	0xd43f5e018b415631
27	6	2	v2	4	2026-07-15T07:08:09Z	2026-07-15T07:08:20Z	62000	62000	1600000	1600000	0	166657	2173.84	19565.3	82490.1	15220.1	22115.7	11176.4	3842.88	2403.72	7583.35	838536	0	2	1	0	0xd43f5e018b415631
27	6	2	v2	5	2026-07-15T07:08:09Z	2026-07-15T07:08:20Z	62000	62000	1600000	1600000	0	169065	2214.26	19607.5	85144.6	15286.4	21708.7	10978	3889.26	2547.93	7603.68	840941	0	2	1	0	0xd43f5e018b415631
27	6	2	v2	6	2026-07-15T07:08:09Z	2026-07-15T07:08:20Z	62000	62000	1600000	1600000	0	165916	2183.55	19791.7	82347.7	15188	21549.1	11033.8	3766.5	2404.68	7564.47	821814	0	2	1	0	0xd43f5e018b415631
27	6	2	v2	7	2026-07-15T07:08:09Z	2026-07-15T07:08:20Z	62000	62000	1600000	1600000	0	167099	2240.84	19640.6	82546.5	15214.7	22117.4	11047.6	4203.97	2406.1	7596.72	839035	0	1	1	0	0xd43f5e018b415631
27	6	2	v2	8	2026-07-15T07:08:09Z	2026-07-15T07:08:20Z	62000	62000	1600000	1600000	0	166519	2230.64	19508	82663.5	15212.4	21710.8	11079.8	3960.96	2486.68	7579.35	838314	0	3	1	0	0xd43f5e018b415631
27	6	2	v2	9	2026-07-15T07:08:09Z	2026-07-15T07:08:20Z	62000	62000	1600000	1600000	0	166351	2184.8	19723.5	82615.8	15166	21382.9	11273.2	3970.14	2391.56	7558.55	838109	0	8	1	0	0xd43f5e018b415631
27	6	2	v2	10	2026-07-15T07:08:09Z	2026-07-15T07:08:20Z	62000	62000	1600000	1600000	0	166520	2215.8	19562.8	82435.1	15167.8	22065.8	11018.9	3932.51	2426.35	7610.85	822522	0	0	1	0	0xd43f5e018b415631
27	6	2	v2	11	2026-07-15T07:08:09Z	2026-07-15T07:08:20Z	62000	62000	1600000	1600000	0	166163	2212.89	19636.3	82503	15338.1	21601.4	11015.7	3751.71	2433.39	7583.56	838036	0	2	1	0	0xd43f5e018b415631
27	6	2	v2	12	2026-07-15T07:08:09Z	2026-07-15T07:08:20Z	62000	62000	1600000	1600000	0	165843	2215.8	19580.2	82760.8	15199.4	21655.6	10951.8	3775.72	2388.14	7230.17	821845	0	0	1	0	0xd43f5e018b415631
27	6	2	v2	13	2026-07-15T07:08:09Z	2026-07-15T07:08:20Z	62000	62000	1600000	1600000	0	166046	2250.68	19581.3	82467.9	15229.9	21586.9	10887.4	3954.84	2434.1	7563.18	838041	0	0	1	0	0xd43f5e018b415631
27	6	2	v2	14	2026-07-15T07:08:09Z	2026-07-15T07:08:20Z	62000	62000	1600000	1600000	0	166206	2169.3	19625.4	82918	15255.5	21357.3	10932.8	3933.72	2382.93	7544.22	821905	0	7	1	0	0xd43f5e018b415631
27	6	2	v2	15	2026-07-15T07:08:09Z	2026-07-15T07:08:20Z	62000	62000	1600000	1600000	0	166752	2173.22	19696	82408.5	15287.5	22054.5	11158	3963.97	2412.43	7510.14	822485	0	9	1	0	0xd43f5e018b415631
27	6	2	v2	16	2026-07-15T07:08:09Z	2026-07-15T07:08:20Z	62000	62000	1600000	1600000	0	166153	2224.55	19678.8	82491.7	15262.3	21610.5	10946.3	3789.17	2375.18	7688.39	838090	0	1	1	0	0xd43f5e018b415631
27	6	2	v2	17	2026-07-15T07:08:09Z	2026-07-15T07:08:20Z	62000	62000	1600000	1600000	0	168834	2183.3	19490.6	85122.6	15098.5	22251.4	10785.5	3859.05	2375.76	7582.81	840756	0	1	1	0	0xd43f5e018b415631
27	6	2	v2	18	2026-07-15T07:08:09Z	2026-07-15T07:08:20Z	62000	62000	1600000	1600000	0	165598	2268.51	19557.6	82551.1	15217.7	21263.4	10915.1	3802.63	2384.47	7552.72	837596	0	0	1	0	0xd43f5e018b415631
27	6	2	v2	19	2026-07-15T07:08:09Z	2026-07-15T07:08:20Z	62000	62000	1600000	1600000	0	166609	2176.59	19546.4	82626.5	15173	22041.6	10948.8	3953.14	2432.39	7622.93	822611	0	0	1	0	0xd43f5e018b415631
27	6	2	v2	20	2026-07-15T07:08:09Z	2026-07-15T07:08:20Z	62000	62000	1600000	1600000	0	165326	2250.26	19460.1	82478	15287.3	21176.9	10919.3	3719.3	2399.51	7551.14	837135	0	3	1	0	0xd43f5e018b415631
27	6	2	v2	21	2026-07-15T07:08:09Z	2026-07-15T07:08:20Z	62000	62000	1600000	1600000	0	166485	2181.8	19524.4	82688.3	15196.9	21973.6	11033.6	3882.17	2469.6	7450.3	822271	0	7	1	0	0xd43f5e018b415631
27	6	2	v2	22	2026-07-15T07:08:09Z	2026-07-15T07:08:20Z	62000	62000	1600000	1600000	0	167124	2365.26	19672.8	82813.3	15099.7	22251.6	10923.6	3969.72	2390.18	7555.55	838968	0	2	1	0	0xd43f5e018b415631
27	6	2	v2	23	2026-07-15T07:08:09Z	2026-07-15T07:08:20Z	62000	62000	1600000	1600000	0	165720	2252.59	19566.5	82601.9	15232.1	21137.5	11074.2	3828.05	2377.39	7563.47	837550	0	3	1	0	0xd43f5e018b415631
27	6	2	v2	24	2026-07-15T07:08:09Z	2026-07-15T07:08:20Z	62000	62000	1600000	1600000	0	166445	2186.14	19640.5	82673.5	15176.1	22027.9	10765	3883.88	2414.89	7592.72	822447	0	0	1	0	0xd43f5e018b415631
27	6	2	v2	25	2026-07-15T07:08:09Z	2026-07-15T07:08:20Z	62000	62000	1600000	1600000	0	166054	2264.34	19484.9	82500.9	15236.9	21727	10874	3928.59	2392.93	7560.89	838045	0	0	1	0	0xd43f5e018b415631
27	6	2	v2	26	2026-07-15T07:08:09Z	2026-07-15T07:08:20Z	62000	62000	1600000	1600000	0	165879	2171.93	19781.8	82465.4	15378.2	21568.4	10943.6	3860.63	2380.43	7246.55	821635	0	6	1	0	0xd43f5e018b415631
27	6	2	v2	27	2026-07-15T07:08:09Z	2026-07-15T07:08:20Z	62000	62000	1600000	1600000	0	166762	2244.34	19598.8	82665.1	15072.4	22298.3	10928.1	3902.18	2397.68	7567.89	838634	0	6	1	0	0xd43f5e018b415631
27	6	2	v2	28	2026-07-15T07:08:09Z	2026-07-15T07:08:20Z	62000	62000	1600000	1600000	0	166681	2228.72	19689.4	82515.7	15213.1	21797.3	11218.2	3942.01	2418.89	7571.22	838613	0	1	1	0	0xd43f5e018b415631
27	6	2	v2	29	2026-07-15T07:08:09Z	2026-07-15T07:08:20Z	62000	62000	1600000	1600000	0	169625	2187.3	22720.2	82568.7	15215.9	21987.1	10993.3	3849.26	2425.35	7593.97	841512	0	2	1	0	0xd43f5e018b415631
27	6	2	v2	30	2026-07-15T07:08:09Z	2026-07-15T07:08:20Z	62000	62000	1600000	1600000	0	166013	2229.26	19619.6	82625	15275.7	21637.6	10746.7	3825.72	2405.85	7563.05	838009	0	0	1	0	0xd43f5e018b415631
27	6	2	v2	31	2026-07-15T07:08:09Z	2026-07-15T07:08:20Z	62000	62000	1600000	1600000	0	165784	2396.01	19453.9	82497.9	15218.1	21580.6	11094.1	3730.26	2433.64	7288.42	821778	0	0	1	0	0xd43f5e018b415631
27	6	2	v2	32	2026-07-15T07:08:09Z	2026-07-15T07:08:20Z	62000	62000	1600000	1600000	0	166257	2250.47	19677.2	82557.9	15197.5	21671	10903.6	3898.13	2431.1	7582.85	838021	0	4	1	0	0xd43f5e018b415631
27	6	2	v2	33	2026-07-15T07:08:09Z	2026-07-15T07:08:20Z	62000	62000	1600000	1600000	0	166094	2196.09	19698.9	82448.6	15253.4	21602.8	11042.4	3838.67	2394.18	7527.89	821874	0	8	1	0	0xd43f5e018b415631
27	6	2	v2	34	2026-07-15T07:08:09Z	2026-07-15T07:08:20Z	62000	62000	1600000	1600000	0	166813	2194.76	19619.5	82835.5	15147.6	22134.5	11021.3	3835.25	2385.85	7552.39	838801	0	0	1	0	0xd43f5e018b415631
27	6	2	v2	35	2026-07-15T07:08:09Z	2026-07-15T07:08:20Z	62000	62000	1600000	1600000	0	165396	2221.55	19548.3	82500	15266.9	21067.4	11012.3	3729.05	2380.52	7586.68	837321	0	1	1	0	0xd43f5e018b415631
27	6	2	v2	36	2026-07-15T07:08:09Z	2026-07-15T07:08:20Z	62000	62000	1600000	1600000	0	166455	2172.34	19576.6	82504.8	15146.7	21906.6	11042.3	4046.6	2448.56	7524.72	822389	0	1	1	0	0xd43f5e018b415631
27	6	2	v2	37	2026-07-15T07:08:09Z	2026-07-15T07:08:20Z	62000	62000	1600000	1600000	0	166925	2245.55	19842.1	82450.8	15171.7	22284.6	11068.4	3763.55	2426.89	7588.1	838843	0	1	1	0	0xd43f5e018b415631
27	6	2	v2	38	2026-07-15T07:08:09Z	2026-07-15T07:08:20Z	62000	62000	1600000	1600000	0	166790	2279.89	19747.7	82608.4	15221.6	21895.6	10955.2	4054.88	2380.6	7563.89	838480	0	7	1	0	0xd43f5e018b415631
27	6	2	v2	39	2026-07-15T07:08:09Z	2026-07-15T07:08:20Z	62000	62000	1600000	1600000	0	165920	2184.51	19594	82585.8	15303.4	21630.3	10950.3	3984.43	2391.93	7210.42	821850	0	1	1	0	0xd43f5e018b415631
27	6	2	v2	40	2026-07-15T07:08:09Z	2026-07-15T07:08:20Z	62000	62000	1600000	1600000	0	167212	2217.68	19573.3	82597.2	15100	22248	11232.7	4095.72	2395.98	7669.27	839029	0	7	1	0	0xd43f5e018b415631
27	6	2	v2	41	2026-07-15T07:08:09Z	2026-07-15T07:08:20Z	62000	62000	1600000	1600000	0	168778	2244.59	21667.1	83179.6	15223.3	21534.9	10965	3787.46	2512.23	7574.97	840663	0	2	1	0	0xd43f5e018b415631
27	6	2	v2	42	2026-07-15T07:08:09Z	2026-07-15T07:08:20Z	62000	62000	1600000	1600000	0	166654	2238.51	19705.4	82349.1	15181.4	22149.9	11095	3871.17	2382.26	7598.14	838644	0	0	1	0	0xd43f5e018b415631
27	6	2	v2	43	2026-07-15T07:08:09Z	2026-07-15T07:08:20Z	62000	62000	1600000	1600000	0	166582	2255.01	19641.4	82678.2	15217.1	21765.9	11049.6	3916.51	2379.89	7590.22	838573	0	0	1	0	0xd43f5e018b415631
27	6	2	v2	44	2026-07-15T07:08:09Z	2026-07-15T07:08:20Z	62000	62000	1600000	1600000	0	165707	2183.89	19482.7	82797.6	15207.5	21642.6	10788.6	3875.47	2435.56	7204.13	821450	0	4	1	0	0xd43f5e018b415631
27	6	2	v2	45	2026-07-15T07:08:09Z	2026-07-15T07:08:20Z	62000	62000	1600000	1600000	0	167249	2288.1	19604.1	82916	15141.4	22270.8	11059.1	3947.35	2394.31	7543.72	839116	0	2	1	0	0xd43f5e018b415631
27	6	2	v2	46	2026-07-15T07:08:09Z	2026-07-15T07:08:20Z	62000	62000	1600000	1600000	0	165691	2249.43	19563.1	82698	15228.4	21116.1	10784.5	3963.42	2392.31	7612.1	837409	0	7	1	0	0xd43f5e018b415631
27	6	2	v2	47	2026-07-15T07:08:09Z	2026-07-15T07:08:20Z	62000	62000	1600000	1600000	0	166391	2179.76	19723.5	82319.8	15242.9	21913.2	10974.5	3888.01	2571.19	7493.26	822221	0	2	1	0	0xd43f5e018b415631
27	6	2	v2	48	2026-07-15T07:08:09Z	2026-07-15T07:08:20Z	62000	62000	1600000	1600000	0	166185	2219.68	19701	82462.5	15251.5	21657.5	10927	3835.01	2436.01	7609.76	838179	0	0	1	0	0xd43f5e018b415631
27	6	2	v2	49	2026-07-15T07:08:09Z	2026-07-15T07:08:20Z	62000	62000	1600000	1600000	0	166059	2174.51	19589.3	82487.8	15210.7	21588.5	10951.2	4014.47	2402.72	7554.18	822061	0	0	1	0	0xd43f5e018b415631
28	6	3	v1	0	2026-07-15T07:08:20Z	2026-07-15T07:08:31Z	62000	62000	1600000	1600000	0	167199	2218.18	19769	82455.5	15156.8	22235.7	11158.9	3808.55	2386.56	7921.23	838900	0	6	1	0	0xd43f5e018b415631
28	6	3	v1	1	2026-07-15T07:08:20Z	2026-07-15T07:08:31Z	62000	62000	1600000	1600000	0	166395	2214.09	19484.5	82661.5	15321	21694.6	10911.8	3735.71	2392.77	7890.52	838110	0	6	1	0	0xd43f5e018b415631
28	6	3	v1	2	2026-07-15T07:08:20Z	2026-07-15T07:08:31Z	62000	62000	1600000	1600000	0	166389	2169.09	19657.6	82540.5	15284.9	21526.8	10989.1	3837.26	2425.26	7863.56	838009	0	7	1	0	0xd43f5e018b415631
28	6	3	v1	3	2026-07-15T07:08:20Z	2026-07-15T07:08:31Z	62000	62000	1600000	1600000	0	166928	2174.43	19554.6	82539.2	15179.9	22047.5	10921.2	4097.72	2429.89	7898.31	822641	0	7	1	0	0xd43f5e018b415631
28	6	3	v1	4	2026-07-15T07:08:20Z	2026-07-15T07:08:31Z	62000	62000	1600000	1600000	0	167166	2191.09	19641.2	82804.9	15211.7	22232.2	10822.8	3839.3	2430.72	7902.77	838559	0	12	1	0	0xd43f5e018b415631
28	6	3	v1	5	2026-07-15T07:08:20Z	2026-07-15T07:08:31Z	62000	62000	1600000	1600000	0	165827	2211.18	19560	82491.4	15200.4	21252.6	10966.2	3770.97	2386.35	7902.48	837563	0	5	1	0	0xd43f5e018b415631
28	6	3	v1	6	2026-07-15T07:08:20Z	2026-07-15T07:08:31Z	62000	62000	1600000	1600000	0	166770	2144.84	19515	82484.3	15322	22111	11068.1	3909.01	2505.14	7622.43	822252	0	8	1	0	0xd43f5e018b415631
28	6	3	v1	7	2026-07-15T07:08:20Z	2026-07-15T07:08:31Z	62000	62000	1600000	1600000	0	167375	2202.43	20033.9	82545.3	15165.4	22143.5	11039.8	3810.96	2431.35	7916.23	839165	0	3	1	0	0xd43f5e018b415631
28	6	3	v1	8	2026-07-15T07:08:20Z	2026-07-15T07:08:31Z	62000	62000	1600000	1600000	0	167652	2193.59	19614.9	82997.4	15429.7	22158.4	10836.3	4052.56	2383.14	7899.31	839217	0	10	1	0	0xd43f5e018b415631
28	6	3	v1	9	2026-07-15T07:08:20Z	2026-07-15T07:08:31Z	62000	62000	1600000	1600000	0	167441	2302.18	19624.3	82848	15187.5	22244.9	10903.9	3867.18	2440.39	7934.02	839155	0	5	1	0	0xd43f5e018b415631
28	6	3	v1	10	2026-07-15T07:08:20Z	2026-07-15T07:08:31Z	62000	62000	1600000	1600000	0	165939	2216.14	19523.2	82588.5	15164.4	21198.5	11154.4	3736.09	2389.72	7878.6	837758	0	4	1	0	0xd43f5e018b415631
28	6	3	v1	11	2026-07-15T07:08:20Z	2026-07-15T07:08:31Z	62000	62000	1600000	1600000	0	169889	2161.39	19707.8	82627.6	16511.6	23553.8	10924.1	3997.67	2398.89	7914.85	841338	0	14	1	0	0xd43f5e018b415631
28	6	3	v1	12	2026-07-15T07:08:20Z	2026-07-15T07:08:31Z	62000	62000	1600000	1600000	0	166787	2212.09	19796.4	82535.3	15283.7	21751.7	11106.3	3711.3	2391.47	7913.4	838609	0	4	1	0	0xd43f5e018b415631
28	6	3	v1	13	2026-07-15T07:08:20Z	2026-07-15T07:08:31Z	62000	62000	1600000	1600000	0	165675	2304.72	19504.1	82345	15219.2	21517.2	10965.6	3786.76	2391.51	7550.76	821485	0	4	1	0	0xd43f5e018b415631
28	6	3	v1	14	2026-07-15T07:08:20Z	2026-07-15T07:08:31Z	62000	62000	1600000	1600000	0	167235	2223.3	19555	82757.9	15193.4	22176.1	11075.5	3832.72	2419.1	7912.81	838690	0	9	1	0	0xd43f5e018b415631
28	6	3	v1	15	2026-07-15T07:08:20Z	2026-07-15T07:08:31Z	62000	62000	1600000	1600000	0	166532	2205.89	19525.7	82525.3	15436.1	21690.6	10927.6	3753.71	2436.47	7939.27	838147	0	7	1	0	0xd43f5e018b415631
28	6	3	v1	16	2026-07-15T07:08:20Z	2026-07-15T07:08:31Z	62000	62000	1600000	1600000	0	166366	2226.64	19505.9	82711.9	15324.6	21323.2	11048.4	3837.01	2392.02	7902.69	838111	0	6	1	0	0xd43f5e018b415631
28	6	3	v1	17	2026-07-15T07:08:20Z	2026-07-15T07:08:31Z	62000	62000	1600000	1600000	0	166862	2174.09	19570.3	82545.2	15279.7	21853.1	11108.9	4008.51	2536.85	7698.31	822473	0	10	1	0	0xd43f5e018b415631
28	6	3	v1	18	2026-07-15T07:08:20Z	2026-07-15T07:08:31Z	62000	62000	1600000	1600000	0	167171	2239.8	19779	82254.6	15108.9	22238.3	11059.2	4109.43	2406.89	7886.4	838832	0	5	1	0	0xd43f5e018b415631
28	6	3	v1	19	2026-07-15T07:08:20Z	2026-07-15T07:08:31Z	62000	62000	1600000	1600000	0	166505	2201.68	19600.9	82595.3	15230.3	21771.8	10913	3809.67	2402.89	7891.9	838313	0	4	1	0	0xd43f5e018b415631
28	6	3	v1	20	2026-07-15T07:08:20Z	2026-07-15T07:08:31Z	62000	62000	1600000	1600000	0	166355	2170.13	19605.5	82441.4	15346.1	21561.6	10815.3	3790.59	2692.48	7843.44	837869	0	11	1	0	0xd43f5e018b415631
28	6	3	v1	21	2026-07-15T07:08:20Z	2026-07-15T07:08:31Z	62000	62000	1600000	1600000	0	166605	2165.64	19496.3	82427	15170.5	22209.3	10867.8	3852.84	2401.6	7928.52	822387	0	4	1	0	0xd43f5e018b415631
28	6	3	v1	22	2026-07-15T07:08:20Z	2026-07-15T07:08:31Z	62000	62000	1600000	1600000	0	166816	2303.51	19538.7	82678.3	15315.5	21668.7	11022.3	3856.38	2431.85	7912.06	838619	0	4	1	0	0xd43f5e018b415631
28	6	3	v1	23	2026-07-15T07:08:20Z	2026-07-15T07:08:31Z	62000	62000	1600000	1600000	0	168098	2204.72	19797.1	83829.6	15563.2	21377.6	11138.3	3885.59	2402.76	7810.89	839636	0	12	1	0	0xd43f5e018b415631
28	6	3	v1	24	2026-07-15T07:08:20Z	2026-07-15T07:08:31Z	62000	62000	1600000	1600000	0	166280	2209.55	19624	82458	15192.5	21234.9	11227.4	3966.26	2385.97	7890.98	838072	0	4	1	0	0xd43f5e018b415631
28	6	3	v1	25	2026-07-15T07:08:20Z	2026-07-15T07:08:31Z	62000	62000	1600000	1600000	0	166511	2162.64	19756	82488.3	15218.8	21814.5	10924.6	3816.42	2428.68	7814.14	822325	0	4	1	0	0xd43f5e018b415631
28	6	3	v1	26	2026-07-15T07:08:20Z	2026-07-15T07:08:31Z	62000	62000	1600000	1600000	0	166673	2200.39	19544.6	82476.4	15203.9	21610	11162.5	3994.34	2446.43	7943.06	838402	0	5	1	0	0xd43f5e018b415631
28	6	3	v1	27	2026-07-15T07:08:20Z	2026-07-15T07:08:31Z	62000	62000	1600000	1600000	0	166131	2313.18	19684.9	82667.9	15223.8	21098.9	10954.2	3792.09	2384.89	7926.94	837773	0	6	1	0	0xd43f5e018b415631
28	6	3	v1	28	2026-07-15T07:08:20Z	2026-07-15T07:08:31Z	62000	62000	1600000	1600000	0	166650	2155.97	19690.3	82827.2	15236.8	21746	10897.5	3845.34	2489.64	7669.97	822322	0	6	1	0	0xd43f5e018b415631
28	6	3	v1	29	2026-07-15T07:08:20Z	2026-07-15T07:08:31Z	62000	62000	1600000	1600000	0	166942	2258.3	19654	82291.6	15104.9	22374.5	10877.3	4013.93	2385.97	7896.27	838583	0	11	1	0	0xd43f5e018b415631
28	6	3	v1	30	2026-07-15T07:08:20Z	2026-07-15T07:08:31Z	62000	62000	1600000	1600000	0	166905	2231.51	19649.6	82707.6	15412.3	21696	11002.6	3825.51	2396.72	7895.9	838664	0	5	1	0	0xd43f5e018b415631
28	6	3	v1	31	2026-07-15T07:08:20Z	2026-07-15T07:08:31Z	62000	62000	1600000	1600000	0	166168	2170.88	19553.8	82501.2	15207.7	21516.8	10826.1	3985.55	2391.1	7927.6	822031	0	3	1	0	0xd43f5e018b415631
28	6	3	v1	32	2026-07-15T07:08:20Z	2026-07-15T07:08:31Z	62000	62000	1600000	1600000	0	167219	2160.63	19798.3	82703.5	15480.1	21970.2	11106.8	3799.8	2425.76	7681.56	822700	0	12	1	0	0xd43f5e018b415631
28	6	3	v1	33	2026-07-15T07:08:20Z	2026-07-15T07:08:31Z	62000	62000	1600000	1600000	0	167024	2206.3	19570	82540.3	15116.1	22295	11082.9	3842.42	2393.97	7889.6	838873	0	2	1	0	0xd43f5e018b415631
28	6	3	v1	34	2026-07-15T07:08:20Z	2026-07-15T07:08:31Z	62000	62000	1600000	1600000	0	165829	2208.09	19575.5	82591.7	15144.8	21089.5	11099	3744.13	2398.85	7885.44	837818	0	0	1	0	0xd43f5e018b415631
28	6	3	v1	35	2026-07-15T07:08:20Z	2026-07-15T07:08:31Z	62000	62000	1600000	1600000	0	166591	2171.97	19589.8	82671	15281.6	21716.9	10967.2	3919.51	2538.47	7644.06	822265	0	9	1	0	0xd43f5e018b415631
28	6	3	v1	36	2026-07-15T07:08:20Z	2026-07-15T07:08:31Z	62000	62000	1600000	1600000	0	169079	3077.45	19620.2	84171.9	15260	21632.7	11135.1	3810.09	2410.47	7876.64	857065	0	0	1	0	0xd43f5e018b415631
28	6	3	v1	37	2026-07-15T07:08:20Z	2026-07-15T07:08:31Z	62000	62000	1600000	1600000	0	166457	2154.26	19702.1	82576	15181.2	21856.9	10813.9	3853.13	2475.27	7753.56	822461	0	0	1	0	0xd43f5e018b415631
28	6	3	v1	38	2026-07-15T07:08:20Z	2026-07-15T07:08:31Z	62000	62000	1600000	1600000	0	167159	2203.97	19620.2	82505.5	15145.2	22271.9	11118.4	3873.93	2387.76	7941.65	839001	0	3	1	0	0xd43f5e018b415631
28	6	3	v1	39	2026-07-15T07:08:20Z	2026-07-15T07:08:31Z	62000	62000	1600000	1600000	0	166858	2194.72	19631.5	82656.2	15262.4	21695.3	11038.7	3943.34	2413.72	7935.48	838669	0	3	1	0	0xd43f5e018b415631
28	6	3	v1	40	2026-07-15T07:08:20Z	2026-07-15T07:08:31Z	62000	62000	1600000	1600000	0	166162	2208.22	19625.9	82394	15200.5	21535.1	11025.8	3811.34	2364.35	7867.85	838173	0	0	1	0	0xd43f5e018b415631
28	6	3	v1	41	2026-07-15T07:08:20Z	2026-07-15T07:08:31Z	62000	62000	1600000	1600000	0	166944	2181.09	19813.1	82558.4	15463.4	21906.4	10806.5	3867	2447.43	7813.27	822679	0	8	1	0	0xd43f5e018b415631
28	6	3	v1	42	2026-07-15T07:08:20Z	2026-07-15T07:08:31Z	62000	62000	1600000	1600000	0	167164	2219.43	19583.6	82616.2	15157.5	22302.2	11065.1	3859.84	2388.89	7880.85	839096	0	1	1	0	0xd43f5e018b415631
28	6	3	v1	43	2026-07-15T07:08:20Z	2026-07-15T07:08:31Z	62000	62000	1600000	1600000	0	166790	2228.3	19700.7	82419.7	15263.3	21738.6	11199.3	3829.21	2428.39	7891.15	838785	0	0	1	0	0xd43f5e018b415631
28	6	3	v1	44	2026-07-15T07:08:20Z	2026-07-15T07:08:31Z	62000	62000	1600000	1600000	0	166303	2163.68	19444.3	82633.8	15219.4	21572.7	11056.2	3712.04	2394.26	8016.94	838031	0	7	1	0	0xd43f5e018b415631
28	6	3	v1	45	2026-07-15T07:08:20Z	2026-07-15T07:08:31Z	62000	62000	1600000	1600000	0	166776	2163.09	19419.6	82557.3	15191.5	22108.9	10917.2	4028.72	2391.43	7909.77	822682	0	1	1	0	0xd43f5e018b415631
28	6	3	v1	46	2026-07-15T07:08:20Z	2026-07-15T07:08:31Z	62000	62000	1600000	1600000	0	166657	2190.18	19488.6	82484	15228.3	21715.6	11319.7	3731.92	2479.68	7932.27	838657	0	0	1	0	0xd43f5e018b415631
28	6	3	v1	47	2026-07-15T07:08:20Z	2026-07-15T07:08:31Z	62000	62000	1600000	1600000	0	166308	2238.3	19515.8	82678.4	15166.2	21450.6	10962	3898.59	2396.18	7913.52	838065	0	8	1	0	0xd43f5e018b415631
28	6	3	v1	48	2026-07-15T07:08:20Z	2026-07-15T07:08:31Z	62000	62000	1600000	1600000	0	170393	2157.22	19547.1	85368.6	15146.1	22117.2	11801.3	3855.34	2405.18	7910.48	842337	0	1	1	0	0xd43f5e018b415631
28	6	3	v1	49	2026-07-15T07:08:20Z	2026-07-15T07:08:31Z	62000	62000	1600000	1600000	0	167203	2244.01	19767.8	82398	15146.4	22348.5	11093	3756.3	2453.35	7910.9	839200	0	0	1	0	0xd43f5e018b415631
29	7	0	v1	0	2026-07-15T07:08:31Z	2026-07-15T07:08:42Z	62000	62000	1600000	1600000	0	166586	2160.13	19544.1	82735.7	15243.3	21879.6	10808.8	3862.05	2421.81	7847.77	822421	0	6	1	0	0xd43f5e018b415631
29	7	0	v1	1	2026-07-15T07:08:31Z	2026-07-15T07:08:42Z	62000	62000	1600000	1600000	0	167027	2203.89	19712.8	82493.1	15142.1	22261.9	10981.9	3827.8	2389.43	7928.31	839033	0	0	1	0	0xd43f5e018b415631
29	7	0	v1	2	2026-07-15T07:08:31Z	2026-07-15T07:08:42Z	62000	62000	1600000	1600000	0	165838	2208.3	19597.5	82580.6	15204.5	21125.2	10983.3	3762.38	2385.64	7907.56	837734	0	2	1	0	0xd43f5e018b415631
29	7	0	v1	3	2026-07-15T07:08:31Z	2026-07-15T07:08:42Z	62000	62000	1600000	1600000	0	166582	2156.3	20062.9	82664.9	15291.2	21646.7	10883.5	3839.63	2382.14	7571.85	822061	0	7	1	0	0xd43f5e018b415631
29	7	0	v1	4	2026-07-15T07:08:31Z	2026-07-15T07:08:42Z	62000	62000	1600000	1600000	0	166963	2229.93	19586.1	82711.7	15110.4	22279.8	10817.4	3877.26	2381.85	7889.1	838888	0	1	1	0	0xd43f5e018b415631
29	7	0	v1	5	2026-07-15T07:08:31Z	2026-07-15T07:08:42Z	62000	62000	1600000	1600000	0	165849	2221.18	19550.8	82463.1	15201.1	21153.5	11087.6	3753.09	2421.47	7912.94	837778	0	1	1	0	0xd43f5e018b415631
29	7	0	v1	6	2026-07-15T07:08:31Z	2026-07-15T07:08:42Z	62000	62000	1600000	1600000	0	169776	2162.09	19631.2	84006	15171.9	22480.9	11800.4	4052.26	2487.14	7902.9	841595	0	7	1	0	0xd43f5e018b415631
29	7	0	v1	7	2026-07-15T07:08:31Z	2026-07-15T07:08:42Z	62000	62000	1600000	1600000	0	166786	2202.26	19597.7	82431.6	15279.7	21781.5	11111.6	3953.68	2398.52	7947.73	838787	0	0	1	0	0xd43f5e018b415631
29	7	0	v1	8	2026-07-15T07:08:31Z	2026-07-15T07:08:42Z	62000	62000	1600000	1600000	0	166405	2153.51	19509.6	82560.7	15273.4	21550.4	10951.4	3687.46	2443.81	8187.07	838241	0	3	1	0	0xd43f5e018b415631
29	7	0	v1	9	2026-07-15T07:08:31Z	2026-07-15T07:08:42Z	62000	62000	1600000	1600000	0	166963	2164.13	19696.6	82698.3	15213.1	21998.1	11048.3	3754.97	2427.93	7879.19	822901	0	1	1	0	0xd43f5e018b415631
29	7	0	v1	10	2026-07-15T07:08:31Z	2026-07-15T07:08:42Z	62000	62000	1600000	1600000	0	167386	2231.01	19716.7	82657.9	15239	22341.9	11008.7	3813.97	2388.43	7906.94	839252	0	2	1	0	0xd43f5e018b415631
29	7	0	v1	11	2026-07-15T07:08:31Z	2026-07-15T07:08:42Z	62000	62000	1600000	1600000	0	166705	2228.93	19609.4	82645.7	15244.2	21733.5	10857.5	3988.68	2405.06	7905.94	838585	0	2	1	0	0xd43f5e018b415631
29	7	0	v1	12	2026-07-15T07:08:31Z	2026-07-15T07:08:42Z	62000	62000	1600000	1600000	0	166167	2199.89	19516.2	82465.2	15254.9	21677	10923.3	3771.25	2394.22	7877.27	837968	0	7	1	0	0xd43f5e018b415631
29	7	0	v1	13	2026-07-15T07:08:31Z	2026-07-15T07:08:42Z	62000	62000	1600000	1600000	0	167013	2181.09	19565.3	82433.4	15245.1	22036	11116.9	4017.76	2449.39	7880.14	823014	0	0	1	0	0xd43f5e018b415631
29	7	0	v1	14	2026-07-15T07:08:31Z	2026-07-15T07:08:42Z	62000	62000	1600000	1600000	0	167071	2211.18	19639.1	82449.4	15166.1	22260.8	10949.5	3982.18	2402.6	7929.52	838942	0	2	1	0	0xd43f5e018b415631
29	7	0	v1	15	2026-07-15T07:08:31Z	2026-07-15T07:08:42Z	62000	62000	1600000	1600000	0	167445	2202.72	19884.4	82589.3	15139.4	22311.7	11030.2	3809.63	2459.77	7935.98	839117	0	7	1	0	0xd43f5e018b415631
29	7	0	v1	16	2026-07-15T07:08:31Z	2026-07-15T07:08:42Z	62000	62000	1600000	1600000	0	167011	2208.76	20099.8	82359.8	15296.6	21680.8	11182.3	3773.26	2395.05	7928.56	838998	0	0	1	0	0xd43f5e018b415631
29	7	0	v1	17	2026-07-15T07:08:31Z	2026-07-15T07:08:42Z	62000	62000	1600000	1600000	0	166295	2147.38	19586.5	82628.5	15284.2	21537.2	10873.2	3860.76	2407.76	7882.77	838122	0	3	1	0	0xd43f5e018b415631
29	7	0	v1	18	2026-07-15T07:08:31Z	2026-07-15T07:08:42Z	62000	62000	1600000	1600000	0	170169	2156.38	19497.2	84795.3	15186	22489.7	11012.2	4564.81	2445.93	7938.9	842042	0	6	1	0	0xd43f5e018b415631
29	7	0	v1	19	2026-07-15T07:08:31Z	2026-07-15T07:08:42Z	62000	62000	1600000	1600000	0	165974	2204.89	19593.4	82349.4	15148.6	21213.1	10925.2	4158.18	2391.14	7904.23	837964	0	0	1	0	0xd43f5e018b415631
29	7	0	v1	20	2026-07-15T07:08:31Z	2026-07-15T07:08:42Z	62000	62000	1600000	1600000	0	166695	2155.88	19759.3	82545.8	15220.4	21864.1	10890.7	3972.38	2457.56	7743.35	822601	0	2	1	0	0xd43f5e018b415631
29	7	0	v1	21	2026-07-15T07:08:31Z	2026-07-15T07:08:42Z	62000	62000	1600000	1600000	0	166880	2215.84	19575.9	82373.4	15104.4	22296.6	10927	3993.47	2400.6	7912.6	838675	0	3	1	0	0xd43f5e018b415631
29	7	0	v1	22	2026-07-15T07:08:31Z	2026-07-15T07:08:42Z	62000	62000	1600000	1600000	0	165943	2295.1	19549.1	82726.5	15207.9	21163.5	10833.8	3795.38	2405.35	7878.81	837812	0	2	1	0	0xd43f5e018b415631
29	7	0	v1	23	2026-07-15T07:08:31Z	2026-07-15T07:08:42Z	62000	62000	1600000	1600000	0	166474	2162.63	19651.9	82479.4	15187.4	21846.4	10943.3	3864.68	2425.31	7826.1	822417	0	1	1	0	0xd43f5e018b415631
29	7	0	v1	24	2026-07-15T07:08:31Z	2026-07-15T07:08:42Z	62000	62000	1600000	1600000	0	167137	2215.97	19516.9	82382	15115.2	22321.2	11198.6	4004.55	2389.72	7906.65	839073	0	1	1	0	0xd43f5e018b415631
29	7	0	v1	25	2026-07-15T07:08:31Z	2026-07-15T07:08:42Z	62000	62000	1600000	1600000	0	166677	2198.3	19562	82839.5	15267.4	21620.8	10884.2	3929.55	2390.59	7895.98	838510	0	7	1	0	0xd43f5e018b415631
29	7	0	v1	26	2026-07-15T07:08:31Z	2026-07-15T07:08:42Z	62000	62000	1600000	1600000	0	165824	2158.84	19481.1	82546.6	15277.4	21633.9	10800.7	3824.3	2384.77	7633.01	821771	0	1	1	0	0xd43f5e018b415631
29	7	0	v1	27	2026-07-15T07:08:31Z	2026-07-15T07:08:42Z	62000	62000	1600000	1600000	0	167203	2309.72	19852.8	82442.9	15195.6	22098.9	10935.1	3945.38	2426.26	7910.69	838774	0	8	1	0	0xd43f5e018b415631
29	7	0	v1	28	2026-07-15T07:08:31Z	2026-07-15T07:08:42Z	62000	62000	1600000	1600000	0	167251	2203.26	19710.7	82465.9	15171.7	22252.2	11184	3815.59	2430.1	7931.1	839207	0	1	1	0	0xd43f5e018b415631
29	7	0	v1	29	2026-07-15T07:08:31Z	2026-07-15T07:08:42Z	62000	62000	1600000	1600000	0	165993	2207.93	20049	81914.1	15239.3	21146	11113.4	3972.72	2383.39	7882.69	837926	0	1	1	0	0xd43f5e018b415631
29	7	0	v1	30	2026-07-15T07:08:31Z	2026-07-15T07:08:42Z	62000	62000	1600000	1600000	0	169981	2166.84	19570.6	85197.6	15334.3	22104.9	11023.5	4159.76	2426.93	7909.98	842801	0	3	1	0	0xd43f5e018b415631
29	7	0	v1	31	2026-07-15T07:08:31Z	2026-07-15T07:08:42Z	62000	62000	1600000	1600000	0	167175	2375.56	19512.5	82615.6	15227.4	22248.2	11013.1	3732.71	2430.35	7931.4	837903	0	7	1	0	0xd43f5e018b415631
29	7	0	v1	32	2026-07-15T07:08:31Z	2026-07-15T07:08:42Z	62000	62000	1600000	1600000	0	165714	2208.18	19587.1	82188.2	15157.6	21452.1	10826.3	3910.01	2392.27	7903.56	837604	0	2	1	0	0xd43f5e018b415631
29	7	0	v1	33	2026-07-15T07:08:31Z	2026-07-15T07:08:42Z	62000	62000	1600000	1600000	0	166853	2159.3	19607.7	82434.1	15209.4	22018.2	11146.9	3779.71	2473.1	7937.02	822739	0	2	1	0	0xd43f5e018b415631
29	7	0	v1	34	2026-07-15T07:08:31Z	2026-07-15T07:08:42Z	62000	62000	1600000	1600000	0	167369	2218.51	19654	82699.2	15219.2	22242	11143.6	3787.8	2396.47	7925.77	839242	0	2	1	0	0xd43f5e018b415631
29	7	0	v1	35	2026-07-15T07:08:31Z	2026-07-15T07:08:42Z	62000	62000	1600000	1600000	0	166648	2298.18	19691.2	82631.3	15198.4	21678.7	10943.6	3839.18	2380.05	7904.73	838501	0	2	1	0	0xd43f5e018b415631
29	7	0	v1	36	2026-07-15T07:08:31Z	2026-07-15T07:08:42Z	62000	62000	1600000	1600000	0	166505	2159.01	19664.4	82628.4	15152.7	21478.4	11053.8	3946.34	2394.06	7902.98	838429	0	1	1	0	0xd43f5e018b415631
29	7	0	v1	37	2026-07-15T07:08:31Z	2026-07-15T07:08:42Z	62000	62000	1600000	1600000	0	166817	2233.55	19719.3	82344.8	15228.7	21979.8	11017.6	3813	2449.6	7946.35	822699	0	6	1	0	0xd43f5e018b415631
29	7	0	v1	38	2026-07-15T07:08:31Z	2026-07-15T07:08:42Z	62000	62000	1600000	1600000	0	167230	2205.97	19816.3	82483.5	15118	22361.1	10952.2	3889.63	2419.31	7904.56	839169	0	1	1	0	0xd43f5e018b415631
29	7	0	v1	39	2026-07-15T07:08:31Z	2026-07-15T07:08:42Z	62000	62000	1600000	1600000	0	167101	2207.43	19917.5	82720.2	15186	21637.4	11147.4	3827.51	2455.97	7918.15	838846	0	6	1	0	0xd43f5e018b415631
29	7	0	v1	40	2026-07-15T07:08:31Z	2026-07-15T07:08:42Z	62000	62000	1600000	1600000	0	166017	2203.89	19757.1	82442.4	15166.5	21387.6	10871.9	3778.13	2411.47	7912.48	838012	0	0	1	0	0xd43f5e018b415631
29	7	0	v1	41	2026-07-15T07:08:31Z	2026-07-15T07:08:42Z	62000	62000	1600000	1600000	0	166907	2156.55	19621.3	82532.7	15193.9	21955.1	11034.5	4008.47	2511.93	7806.39	822618	0	3	1	0	0xd43f5e018b415631
29	7	0	v1	42	2026-07-15T07:08:31Z	2026-07-15T07:08:42Z	62000	62000	1600000	1600000	0	170357	2214.89	19667.1	84893.7	15700.6	22411.8	11213.9	3758.46	2449.47	7963.69	858300	0	1	1	0	0xd43f5e018b415631
29	7	0	v1	43	2026-07-15T07:08:31Z	2026-07-15T07:08:42Z	62000	62000	1600000	1600000	0	166224	2221.93	19555.8	82270.4	15243.7	21526.3	10971.9	4053.39	2406.43	7890.06	838107	0	6	1	0	0xd43f5e018b415631
29	7	0	v1	44	2026-07-15T07:08:31Z	2026-07-15T07:08:42Z	62000	62000	1600000	1600000	0	166892	2174.05	19514.9	82595.9	15179.2	21993.9	11038.6	3828.76	2471.31	8013.94	822720	0	3	1	0	0xd43f5e018b415631
29	7	0	v1	45	2026-07-15T07:08:31Z	2026-07-15T07:08:42Z	62000	62000	1600000	1600000	0	167349	2204.47	19701.2	82802.9	15168.1	22151.2	10924.2	3994.01	2393.09	7927.23	839220	0	2	1	0	0xd43f5e018b415631
29	7	0	v1	46	2026-07-15T07:08:31Z	2026-07-15T07:08:42Z	62000	62000	1600000	1600000	0	167412	2372.56	19602.7	82760.5	15104.7	22301.4	10975.6	3830.34	2438.6	7945.52	839360	0	1	1	0	0xd43f5e018b415631
29	7	0	v1	47	2026-07-15T07:08:31Z	2026-07-15T07:08:42Z	62000	62000	1600000	1600000	0	165778	2220.47	19633.5	82396	15195.2	21186.4	11024.6	3738.55	2393.85	7905.35	837699	0	1	1	0	0xd43f5e018b415631
29	7	0	v1	48	2026-07-15T07:08:31Z	2026-07-15T07:08:42Z	62000	62000	1600000	1600000	0	166637	2175.34	19691.3	82285.7	15206.8	21920.7	10906.6	3995.14	2511.52	7859.77	822576	0	1	1	0	0xd43f5e018b415631
29	7	0	v1	49	2026-07-15T07:08:31Z	2026-07-15T07:08:42Z	62000	62000	1600000	1600000	0	167221	2201.39	19615.5	82632.5	15149.9	22291.7	10992.8	3903.34	2403.89	7949.6	839094	0	6	1	0	0xd43f5e018b415631
30	7	1	v2	0	2026-07-15T07:08:42Z	2026-07-15T07:08:53Z	62000	62000	1600000	1600000	0	166296	2171.55	19483	82551.2	15156.3	22156.8	10851.2	3898.17	2379.97	7565.68	822228	0	1	1	0	0xd43f5e018b415631
30	7	1	v2	1	2026-07-15T07:08:42Z	2026-07-15T07:08:53Z	62000	62000	1600000	1600000	0	168775	2214.26	19647.1	84127.6	15569.1	21520.7	11469	4240.73	2398.06	7504.3	840473	0	2	1	0	0xd43f5e018b415631
30	7	1	v2	2	2026-07-15T07:08:42Z	2026-07-15T07:08:53Z	62000	62000	1600000	1600000	0	166885	2163.01	19677.1	82698	15207.2	22001.8	11213.9	3869.3	2422.76	7549.01	838740	0	6	1	0	0xd43f5e018b415631
30	7	1	v2	3	2026-07-15T07:08:42Z	2026-07-15T07:08:53Z	62000	62000	1600000	1600000	0	166137	2204.05	19685	82667.2	15164	21641.6	10996	3743.75	2391.23	7561.3	837942	0	3	1	0	0xd43f5e018b415631
30	7	1	v2	4	2026-07-15T07:08:42Z	2026-07-15T07:08:53Z	62000	62000	1600000	1600000	0	165781	2153.47	19699.3	82449.3	15292.6	21609.8	10980.1	3932.92	2400.68	7183	821606	0	3	1	0	0xd43f5e018b415631
30	7	1	v2	5	2026-07-15T07:08:42Z	2026-07-15T07:08:53Z	62000	62000	1600000	1600000	0	166830	2245.97	19777.8	82504.8	15222	22308.3	10837.8	3875.46	2435.06	7540.35	838765	0	1	1	0	0xd43f5e018b415631
30	7	1	v2	6	2026-07-15T07:08:42Z	2026-07-15T07:08:53Z	62000	62000	1600000	1600000	0	165594	2242.18	19646.1	82607.8	15180.4	21330.3	10841.5	3763.42	2400.68	7498.97	821552	0	1	1	0	0xd43f5e018b415631
30	7	1	v2	7	2026-07-15T07:08:42Z	2026-07-15T07:08:53Z	62000	62000	1600000	1600000	0	166499	2156.68	19709	82598.9	15211.9	22047.1	10804.5	3883.76	2429.18	7575.97	822450	0	1	1	0	0xd43f5e018b415631
30	7	1	v2	8	2026-07-15T07:08:42Z	2026-07-15T07:08:53Z	62000	62000	1600000	1600000	0	166532	2206.55	19801.5	82593.1	15196.1	21814.6	10995.9	3786.42	2403.72	7654.51	838359	0	7	1	0	0xd43f5e018b415631
30	7	1	v2	9	2026-07-15T07:08:42Z	2026-07-15T07:08:53Z	62000	62000	1600000	1600000	0	165621	2154.76	19579.6	82311.4	15477.9	21640.6	10989.2	3814.8	2382.06	7187.34	821359	0	6	1	0	0xd43f5e018b415631
30	7	1	v2	10	2026-07-15T07:08:42Z	2026-07-15T07:08:53Z	62000	62000	1600000	1600000	0	167181	2203.47	19773.3	82529.4	15128.3	22276.5	11264.4	3940.72	2407.72	7571.68	839098	0	1	1	0	0xd43f5e018b415631
30	7	1	v2	11	2026-07-15T07:08:42Z	2026-07-15T07:08:53Z	62000	62000	1600000	1600000	0	165174	2217.39	19663	82102.7	15184.8	21250.8	10993	3784.55	2382.6	7509.59	821122	0	1	1	0	0xd43f5e018b415631
30	7	1	v2	12	2026-07-15T07:08:42Z	2026-07-15T07:08:53Z	62000	62000	1600000	1600000	0	166303	2157.88	19494.3	82489.8	15140.7	22122.6	10974.7	3890.93	2386.51	7566.89	822242	0	1	1	0	0xd43f5e018b415631
30	7	1	v2	13	2026-07-15T07:08:42Z	2026-07-15T07:08:53Z	62000	62000	1600000	1600000	0	168553	2211.22	19652.8	84572.9	15234.4	21619.3	11250.1	4258.23	2459.72	7211.71	840549	0	0	1	0	0xd43f5e018b415631
30	7	1	v2	14	2026-07-15T07:08:42Z	2026-07-15T07:08:53Z	62000	62000	1600000	1600000	0	166845	2327.3	19653.9	82422.1	15118.3	22229.6	11208.8	3847.13	2386.64	7564.85	838474	0	10	1	0	0xd43f5e018b415631
30	7	1	v2	15	2026-07-15T07:08:42Z	2026-07-15T07:08:53Z	62000	62000	1600000	1600000	0	165698	2229.14	19748.8	82451.5	15156.1	21170.5	11060	3849.59	2391.72	7559.97	837485	0	3	1	0	0xd43f5e018b415631
30	7	1	v2	16	2026-07-15T07:08:42Z	2026-07-15T07:08:53Z	62000	62000	1600000	1600000	0	166344	2167.68	19659.8	82451.7	15246.4	22016.3	10842.5	3855.38	2494.64	7530.64	822221	0	2	1	0	0xd43f5e018b415631
30	7	1	v2	17	2026-07-15T07:08:42Z	2026-07-15T07:08:53Z	62000	62000	1600000	1600000	0	166159	2210.3	19610.3	82511.9	15238.9	21670.2	10948	3956.3	2391.22	7541.14	838106	0	1	1	0	0xd43f5e018b415631
30	7	1	v2	18	2026-07-15T07:08:42Z	2026-07-15T07:08:53Z	62000	62000	1600000	1600000	0	166253	2171.3	19577.9	82520.2	15380.6	21624.9	11041.1	3902.42	2391.85	7560.97	822140	0	2	1	0	0xd43f5e018b415631
30	7	1	v2	19	2026-07-15T07:08:42Z	2026-07-15T07:08:53Z	62000	62000	1600000	1600000	0	166823	2204.8	19499.1	82861.4	15155.4	22205.3	11080.1	3796.46	2392.27	7545.05	838812	0	0	1	0	0xd43f5e018b415631
30	7	1	v2	20	2026-07-15T07:08:42Z	2026-07-15T07:08:53Z	62000	62000	1600000	1600000	0	166355	2204.39	19754.8	82200.1	15483.3	21712.2	11009.1	3966.22	2383.43	7557.3	838186	0	7	1	0	0xd43f5e018b415631
30	7	1	v2	21	2026-07-15T07:08:42Z	2026-07-15T07:08:53Z	62000	62000	1600000	1600000	0	165891	2159.76	19714.2	82492.4	15221.1	21938.1	10829	3841.17	2400.77	7212.88	821526	0	8	1	0	0xd43f5e018b415631
30	7	1	v2	22	2026-07-15T07:08:42Z	2026-07-15T07:08:53Z	62000	62000	1600000	1600000	0	166751	2213.05	19644.9	82381.1	15137.4	22272	11084.2	3892.13	2471.26	7574.22	838743	0	0	1	0	0xd43f5e018b415631
30	7	1	v2	23	2026-07-15T07:08:42Z	2026-07-15T07:08:53Z	62000	62000	1600000	1600000	0	165494	2220.64	19574.9	82347.2	15152	21406.2	11025.6	3742.26	2381.22	7561.18	821443	0	1	1	0	0xd43f5e018b415631
30	7	1	v2	24	2026-07-15T07:08:42Z	2026-07-15T07:08:53Z	62000	62000	1600000	1600000	0	166203	2173.39	19611.5	82400	15175.5	22233.1	10791.3	3786.05	2383.18	7567.18	838066	0	2	1	0	0xd43f5e018b415631
30	7	1	v2	25	2026-07-15T07:08:42Z	2026-07-15T07:08:53Z	62000	62000	1600000	1600000	0	168726	2201.18	22302.9	82261.4	15211	21836.1	11189.4	3871.76	2379.05	7388.05	840664	0	1	1	0	0xd43f5e018b415631
30	7	1	v2	26	2026-07-15T07:08:42Z	2026-07-15T07:08:53Z	62000	62000	1600000	1600000	0	167134	2359.97	19637.4	82463.2	15154.6	22334.5	11063.1	4040.01	2397.68	7574.3	839013	0	6	1	0	0xd43f5e018b415631
30	7	1	v2	27	2026-07-15T07:08:42Z	2026-07-15T07:08:53Z	62000	62000	1600000	1600000	0	165599	2219.59	19564.5	82650.2	15203.7	21076.7	11091.5	3771.63	2398.72	7539.68	837407	0	3	1	0	0xd43f5e018b415631
30	7	1	v2	28	2026-07-15T07:08:42Z	2026-07-15T07:08:53Z	62000	62000	1600000	1600000	0	166420	2183.68	19611.5	82372.4	15188.1	21930.3	11007	3942.26	2536.14	7566.34	822246	0	3	1	0	0xd43f5e018b415631
30	7	1	v2	29	2026-07-15T07:08:42Z	2026-07-15T07:08:53Z	62000	62000	1600000	1600000	0	165290	2204.55	19817.5	82289.9	15257.1	21018.4	10974.5	3700.38	2417.14	7527.68	837220	0	1	1	0	0xd43f5e018b415631
30	7	1	v2	30	2026-07-15T07:08:42Z	2026-07-15T07:08:53Z	62000	62000	1600000	1600000	0	168617	4272.48	19786.6	82119.6	15307.7	21763.9	11326.4	3917.38	2389.68	7650.97	840567	0	1	1	0	0xd43f5e018b415631
30	7	1	v2	31	2026-07-15T07:08:42Z	2026-07-15T07:08:53Z	62000	62000	1600000	1600000	0	166202	2174.84	19534.9	82599.6	15208	21783.3	10978.2	3866.05	2392.39	7585.93	822205	0	0	1	0	0xd43f5e018b415631
30	7	1	v2	32	2026-07-15T07:08:42Z	2026-07-15T07:08:53Z	62000	62000	1600000	1600000	0	166731	2195.26	19572.5	82464.1	15145.9	22211.3	11218.9	3815.46	2396.02	7629.93	838688	0	1	1	0	0xd43f5e018b415631
30	7	1	v2	33	2026-07-15T07:08:42Z	2026-07-15T07:08:53Z	62000	62000	1600000	1600000	0	165600	2523.1	19723.5	82347.1	15187.7	21104.5	10966.5	3717.26	2381.06	7564.84	837120	0	12	1	0	0xd43f5e018b415631
30	7	1	v2	34	2026-07-15T07:08:42Z	2026-07-15T07:08:53Z	62000	62000	1600000	1600000	0	167371	3102.99	19759.6	82702.4	15167.5	21472.3	11220.9	3911.97	2393.56	7553.35	823310	0	1	1	0	0xd43f5e018b415631
30	7	1	v2	35	2026-07-15T07:08:42Z	2026-07-15T07:08:53Z	62000	62000	1600000	1600000	0	166372	2173.72	19507.6	82358	15086.9	22285.4	11126.1	3807.88	2383.47	7559.22	838286	0	1	1	0	0xd43f5e018b415631
30	7	1	v2	36	2026-07-15T07:08:42Z	2026-07-15T07:08:53Z	62000	62000	1600000	1600000	0	165675	2212.64	19568.9	82363.6	15218.1	21195.7	11145.6	3953.34	2375.76	7561.89	837610	0	1	1	0	0xd43f5e018b415631
30	7	1	v2	37	2026-07-15T07:08:42Z	2026-07-15T07:08:53Z	62000	62000	1600000	1600000	0	167923	2153.05	19689.7	82417.7	15991.9	22542.4	11095.8	3861.38	2532.35	7554.05	839922	0	0	1	0	0xd43f5e018b415631
30	7	1	v2	38	2026-07-15T07:08:42Z	2026-07-15T07:08:53Z	62000	62000	1600000	1600000	0	166344	2167.55	19593	82385.4	15218	22034.5	10823.2	4027.26	2469.85	7545.01	822339	0	0	1	0	0xd43f5e018b415631
30	7	1	v2	39	2026-07-15T07:08:42Z	2026-07-15T07:08:53Z	62000	62000	1600000	1600000	0	167033	2217.14	19724.5	82747.2	15143.9	22308.9	10750	4056.39	2440.43	7564.51	838781	0	8	1	0	0xd43f5e018b415631
30	7	1	v2	40	2026-07-15T07:08:42Z	2026-07-15T07:08:53Z	62000	62000	1600000	1600000	0	179710	2197.84	26494.3	86840.7	16147.5	22252.7	11674.3	3974.63	2495.1	7549.43	898747	0	28	1	0	0xd43f5e018b415631
30	7	1	v2	41	2026-07-15T07:08:42Z	2026-07-15T07:08:53Z	62000	62000	1600000	1600000	0	181286	2211.47	19855.9	88056.3	18960	26116.1	11638.3	3878.42	2972.28	7511.43	900231	0	33	1	0	0xd43f5e018b415631
30	7	1	v2	42	2026-07-15T07:08:42Z	2026-07-15T07:08:53Z	62000	62000	1600000	1600000	0	181921	2203.89	20317	94464	15590.9	22080.6	12337.8	4650.11	2509.73	7683.64	916799	0	73	1	0	0xd43f5e018b415631
30	7	1	v2	43	2026-07-15T07:08:42Z	2026-07-15T07:08:53Z	62000	62000	1600000	1600000	0	176888	2213.18	25258.7	86656.9	16027.4	21529.5	11268.1	3827.42	2401.1	7619.81	879202	0	20	1	0	0xd43f5e018b415631
30	7	1	v2	44	2026-07-15T07:08:42Z	2026-07-15T07:08:53Z	62000	62000	1600000	1600000	0	176184	2233.18	19788.1	87563.8	17137.9	24355.3	11451.8	3738.01	2661.77	7168.67	879320	0	27	1	0	0xd43f5e018b415631
30	7	1	v2	45	2026-07-15T07:08:42Z	2026-07-15T07:08:53Z	62000	62000	1600000	1600000	0	176789	2227.8	19755.9	86987.2	17310.7	23944.8	11925	4243.72	2765.57	7541.84	895659	0	31	1	0	0xd43f5e018b415631
30	7	1	v2	46	2026-07-15T07:08:42Z	2026-07-15T07:08:53Z	62000	62000	1600000	1600000	0	171397	2159.22	19709.3	86063.7	15213.6	21873.5	12256.5	4056.72	2471.93	7506.89	843075	0	10	1	0	0xd43f5e018b415631
30	7	1	v2	47	2026-07-15T07:08:42Z	2026-07-15T07:08:53Z	62000	62000	1600000	1600000	0	175008	2195.18	19641.1	88563.8	15426.6	22865.5	12284.2	3961.96	2435.43	7551.22	878204	0	22	1	0	0xd43f5e018b415631
30	7	1	v2	48	2026-07-15T07:08:42Z	2026-07-15T07:08:53Z	62000	62000	1600000	1600000	0	171820	2224.01	19621.6	87461.4	15208.2	21518	11667.2	4015.05	2449.1	7576.05	859387	0	11	1	0	0xd43f5e018b415631
30	7	1	v2	49	2026-07-15T07:08:42Z	2026-07-15T07:08:53Z	62000	62000	1600000	1600000	0	172053	2217.3	25231.2	82858.3	15230.3	21799.2	11076.8	3863.46	2385.01	7309.34	859295	0	18	1	0	0xd43f5e018b415631
31	7	2	v2	0	2026-07-15T07:08:53Z	2026-07-15T07:09:04Z	62000	62000	1600000	1600000	0	166629	2211.89	19490.4	82406.9	15092.6	22272.4	10920.6	4039.09	2410.72	7701.43	838555	0	1	1	0	0xd43f5e018b415631
31	7	2	v2	1	2026-07-15T07:08:53Z	2026-07-15T07:09:04Z	62000	62000	1600000	1600000	0	166297	2248.72	19882.6	82430.8	15180.9	21735.5	11037	3730.04	2388.47	7578.89	838291	0	0	1	0	0xd43f5e018b415631
31	7	2	v2	2	2026-07-15T07:08:53Z	2026-07-15T07:09:04Z	62000	62000	1600000	1600000	0	166262	2212.93	19583.3	82348.3	15207	21583.6	10954.6	4335.77	2393.51	7550.85	821744	0	3	1	0	0xd43f5e018b415631
31	7	2	v2	3	2026-07-15T07:08:53Z	2026-07-15T07:09:04Z	62000	62000	1600000	1600000	0	167229	2239.68	19593.8	82888.7	15179.2	22135.8	11294.7	3927.38	2424.6	7459.43	838767	0	11	1	0	0xd43f5e018b415631
31	7	2	v2	4	2026-07-15T07:08:53Z	2026-07-15T07:09:04Z	62000	62000	1600000	1600000	0	165920	2233.18	19731.9	82287.2	15276.8	21602.5	10942.9	3797.76	2404.89	7558.22	837913	0	0	1	0	0xd43f5e018b415631
31	7	2	v2	5	2026-07-15T07:08:53Z	2026-07-15T07:09:04Z	62000	62000	1600000	1600000	0	166357	2225.51	19567.1	82666.7	15244.9	21564.9	11004.2	3999.09	2495.06	7503.09	822184	0	3	1	0	0xd43f5e018b415631
31	7	2	v2	6	2026-07-15T07:08:53Z	2026-07-15T07:09:04Z	62000	62000	1600000	1600000	0	168913	2244.47	19686.5	83191.5	15434.8	22638.7	11935.2	3726.72	2413.1	7557.43	856897	0	0	1	0	0xd43f5e018b415631
31	7	2	v2	7	2026-07-15T07:08:53Z	2026-07-15T07:09:04Z	62000	62000	1600000	1600000	0	166086	2198.64	19570.8	82500.8	15253.6	21806.3	10822.5	4027.01	2429.93	7392.34	821961	0	2	1	0	0xd43f5e018b415631
31	7	2	v2	8	2026-07-15T07:08:53Z	2026-07-15T07:09:04Z	62000	62000	1600000	1600000	0	166041	2236.64	19611.3	82433.5	15285.9	21625.2	11020.7	3761.67	2384.18	7589.43	837856	0	3	1	0	0xd43f5e018b415631
31	7	2	v2	9	2026-07-15T07:08:53Z	2026-07-15T07:09:04Z	62000	62000	1600000	1600000	0	166162	2184.34	19761.7	82521.4	15329.8	21481.8	10912.8	3930.59	2390.01	7563.22	821854	0	8	1	0	0xd43f5e018b415631
31	7	2	v2	10	2026-07-15T07:08:53Z	2026-07-15T07:09:04Z	62000	62000	1600000	1600000	0	167032	2252.43	19907	82444.4	15234.8	21999.6	11269.2	3845.47	2441.77	7555.18	839037	0	0	1	0	0xd43f5e018b415631
31	7	2	v2	11	2026-07-15T07:08:53Z	2026-07-15T07:09:04Z	62000	62000	1600000	1600000	0	166494	2234.93	19766.2	82729.1	15301.7	21601.5	10916.8	3865.8	2420.77	7573.01	838353	0	2	1	0	0xd43f5e018b415631
31	7	2	v2	12	2026-07-15T07:08:53Z	2026-07-15T07:09:04Z	62000	62000	1600000	1600000	0	165531	2201.59	19509.7	82420.4	15236.4	21529.6	11001.4	3929.09	2401.72	7213.96	821470	0	1	1	0	0xd43f5e018b415631
31	7	2	v2	13	2026-07-15T07:08:53Z	2026-07-15T07:09:04Z	62000	62000	1600000	1600000	0	166699	2251.01	19669.3	82468.4	15165.1	22237.4	11017.7	3816.17	2425.97	7563.1	838691	0	0	1	0	0xd43f5e018b415631
31	7	2	v2	14	2026-07-15T07:08:53Z	2026-07-15T07:09:04Z	62000	62000	1600000	1600000	0	165712	2272.76	19789.7	82322.2	15212.1	21170.2	10997.8	3851.21	2408.43	7601.55	837419	0	5	1	0	0xd43f5e018b415631
31	7	2	v2	15	2026-07-15T07:08:53Z	2026-07-15T07:09:04Z	62000	62000	1600000	1600000	0	166365	2207.72	19688.4	82440.7	15171.8	22020.7	10961.4	3817.13	2418.06	7553.85	822017	0	11	1	0	0xd43f5e018b415631
31	7	2	v2	16	2026-07-15T07:08:53Z	2026-07-15T07:09:04Z	62000	62000	1600000	1600000	0	165482	2235.39	19626.2	82435.9	15231.6	21054.8	11074.4	3794.55	2382.31	7562.72	837431	0	1	1	0	0xd43f5e018b415631
31	7	2	v2	17	2026-07-15T07:08:53Z	2026-07-15T07:09:04Z	62000	62000	1600000	1600000	0	166399	2250.47	19660.1	82275.9	15285.7	21944.7	11045.3	3820.63	2475.52	7555.05	822281	0	2	1	0	0xd43f5e018b415631
31	7	2	v2	18	2026-07-15T07:08:53Z	2026-07-15T07:09:04Z	62000	62000	1600000	1600000	0	166521	2233.05	19738	82583.7	15281.7	21634.3	11035.4	3920.55	2430.27	7578.8	838521	0	0	1	0	0xd43f5e018b415631
31	7	2	v2	19	2026-07-15T07:08:53Z	2026-07-15T07:09:04Z	62000	62000	1600000	1600000	0	169067	2323.47	19595.8	85054.9	15209.2	21951.1	10894.3	3851.34	2514.64	7587.14	841005	0	1	1	0	0xd43f5e018b415631
31	7	2	v2	20	2026-07-15T07:08:53Z	2026-07-15T07:09:04Z	62000	62000	1600000	1600000	0	166077	2243.47	19780.3	82523.6	15201.2	21542.3	10890.3	3827.67	2410.39	7572.14	837822	0	4	1	0	0xd43f5e018b415631
31	7	2	v2	21	2026-07-15T07:08:53Z	2026-07-15T07:09:04Z	62000	62000	1600000	1600000	0	165867	2224.43	19711.9	82605.2	15219.8	21769.2	10944.7	3707.5	2379.18	7217.46	821673	0	7	1	0	0xd43f5e018b415631
31	7	2	v2	22	2026-07-15T07:08:53Z	2026-07-15T07:09:04Z	62000	62000	1600000	1600000	0	166920	2260.51	19821.7	82525.4	15187	22307.4	10896.2	3833.92	2404.35	7600.35	838867	0	1	1	0	0xd43f5e018b415631
31	7	2	v2	23	2026-07-15T07:08:53Z	2026-07-15T07:09:04Z	62000	62000	1600000	1600000	0	165782	2250.39	19642.6	82511.8	15175.4	21206.8	10876.2	4050.18	2382.64	7604.6	837706	0	1	1	0	0xd43f5e018b415631
31	7	2	v2	24	2026-07-15T07:08:53Z	2026-07-15T07:09:04Z	62000	62000	1600000	1600000	0	166533	2216.97	19673.9	82572.9	15148.1	22002.9	10974.8	3877.68	2426.22	7556.43	822483	0	1	1	0	0xd43f5e018b415631
31	7	2	v2	25	2026-07-15T07:08:53Z	2026-07-15T07:09:04Z	62000	62000	1600000	1600000	0	167076	2264.01	19786.7	82543.9	15098.5	22261.2	11183.2	3846.47	2427.27	7579.89	839066	0	0	1	0	0xd43f5e018b415631
31	7	2	v2	26	2026-07-15T07:08:53Z	2026-07-15T07:09:04Z	62000	62000	1600000	1600000	0	165823	2211.51	19712.5	82546	15184	21171.5	11044.3	3857.01	2409.97	7599.76	837580	0	3	1	0	0xd43f5e018b415631
31	7	2	v2	27	2026-07-15T07:08:53Z	2026-07-15T07:09:04Z	62000	62000	1600000	1600000	0	166652	2183.93	19713.8	82381.5	15234.6	21805.1	11402.2	3966.6	2508.81	7369.47	822283	0	12	1	0	0xd43f5e018b415631
31	7	2	v2	28	2026-07-15T07:08:53Z	2026-07-15T07:09:04Z	62000	62000	1600000	1600000	0	167061	2250.22	19847.9	82403.1	15184.4	22151.4	11304.7	3899.88	2378.14	7553.97	839001	0	1	1	0	0xd43f5e018b415631
31	7	2	v2	29	2026-07-15T07:08:53Z	2026-07-15T07:09:04Z	62000	62000	1600000	1600000	0	165718	2228.39	19718.5	82520.1	15128.3	21090.5	11018.5	3962.09	2385.93	7574.3	837585	0	2	1	0	0xd43f5e018b415631
31	7	2	v2	30	2026-07-15T07:08:53Z	2026-07-15T07:09:04Z	62000	62000	1600000	1600000	0	166199	2170.55	19685.1	82325.9	15210.8	21931.1	10908.2	3813.21	2493.97	7577.68	822203	0	0	1	0	0xd43f5e018b415631
31	7	2	v2	31	2026-07-15T07:08:53Z	2026-07-15T07:09:04Z	62000	62000	1600000	1600000	0	169124	2233.34	19613.5	85798.7	15186.1	21254	11018.1	3913.68	2476.73	7546.39	856766	0	8	1	0	0xd43f5e018b415631
31	7	2	v2	32	2026-07-15T07:08:53Z	2026-07-15T07:09:04Z	62000	62000	1600000	1600000	0	166654	2305.22	19733.5	82447.2	15239.2	21959	11038.5	3865.21	2422.31	7555.89	822411	0	4	1	0	0xd43f5e018b415631
31	7	2	v2	33	2026-07-15T07:08:53Z	2026-07-15T07:09:04Z	62000	62000	1600000	1600000	0	167779	2799.98	19708.3	82722.8	15145.3	22030.2	11275.8	4074.22	2386.34	7554.51	839382	0	10	1	0	0xd43f5e018b415631
31	7	2	v2	34	2026-07-15T07:08:53Z	2026-07-15T07:09:04Z	62000	62000	1600000	1600000	0	166470	2245.8	19616.3	82779.8	15162.3	21624.1	10964.6	3974.51	2427.68	7587.05	838410	0	1	1	0	0xd43f5e018b415631
31	7	2	v2	35	2026-07-15T07:08:53Z	2026-07-15T07:09:04Z	62000	62000	1600000	1600000	0	165460	2188.72	19615.8	82428.6	15288.2	21566.3	10814.2	3873.72	2390.39	7211.13	821396	0	1	1	0	0xd43f5e018b415631
31	7	2	v2	36	2026-07-15T07:08:53Z	2026-07-15T07:09:04Z	62000	62000	1600000	1600000	0	167218	2217.97	19609.4	82997.4	15120.9	22209.1	11024.3	3995.01	2399.6	7559.51	839149	0	1	1	0	0xd43f5e018b415631
31	7	2	v2	37	2026-07-15T07:08:53Z	2026-07-15T07:09:04Z	62000	62000	1600000	1600000	0	165485	2275.8	19713.6	82397	15189.2	21086.7	11018.3	3776.8	2393.89	7549.89	837484	0	0	1	0	0xd43f5e018b415631
31	7	2	v2	38	2026-07-15T07:08:53Z	2026-07-15T07:09:04Z	62000	62000	1600000	1600000	0	166349	2192.59	19865.5	82209.2	15183.1	21981.8	10863.1	3948.05	2431.47	7590.85	822241	0	2	1	0	0xd43f5e018b415631
31	7	2	v2	39	2026-07-15T07:08:53Z	2026-07-15T07:09:04Z	62000	62000	1600000	1600000	0	166790	2239.72	19649.3	82735.8	15221	21879.8	10942.5	4050.93	2424.68	7563.51	838356	0	13	1	0	0xd43f5e018b415631
31	7	2	v2	40	2026-07-15T07:08:53Z	2026-07-15T07:09:04Z	62000	62000	1600000	1600000	0	165239	2230.68	19503.9	82152.8	15193.9	21613.3	10847.6	3874.55	2407.81	7331.26	821241	0	0	1	0	0xd43f5e018b415631
31	7	2	v2	41	2026-07-15T07:08:53Z	2026-07-15T07:09:04Z	62000	62000	1600000	1600000	0	166782	2219.22	19728.4	82416.3	15087.5	22170	10972.2	4148.85	2400.52	7553.55	838648	0	2	1	0	0xd43f5e018b415631
31	7	2	v2	42	2026-07-15T07:08:53Z	2026-07-15T07:09:04Z	62000	62000	1600000	1600000	0	165486	2249.93	19638.8	82424.2	15176.9	21246.3	10849.8	3812.38	2401.31	7598.97	821434	0	1	1	0	0xd43f5e018b415631
31	7	2	v2	43	2026-07-15T07:08:53Z	2026-07-15T07:09:04Z	62000	62000	1600000	1600000	0	169356	2219.18	19644	85495.6	15325.3	21779.8	10952.9	3823.26	2442.89	7585.3	841310	0	1	1	0	0xd43f5e018b415631
31	7	2	v2	44	2026-07-15T07:08:53Z	2026-07-15T07:09:04Z	62000	62000	1600000	1600000	0	166114	2211.01	19688.3	82643.4	15166.1	21526.8	10929.8	3947.18	2392.97	7517.26	821872	0	4	1	0	0xd43f5e018b415631
31	7	2	v2	45	2026-07-15T07:08:53Z	2026-07-15T07:09:04Z	62000	62000	1600000	1600000	0	167051	2205.8	20040.1	82632.6	15284.4	21932.9	10994.6	3942.72	2474.14	7458.13	838905	0	2	1	0	0xd43f5e018b415631
31	7	2	v2	46	2026-07-15T07:08:53Z	2026-07-15T07:09:04Z	62000	62000	1600000	1600000	0	166944	2251.22	19603.3	82615.6	15092.1	22251.1	10999	3968.3	2497.35	7584.01	838773	0	7	1	0	0xd43f5e018b415631
31	7	2	v2	47	2026-07-15T07:08:53Z	2026-07-15T07:09:04Z	62000	62000	1600000	1600000	0	165682	2254.47	19651.4	82339.4	15206.1	21279.6	10921.8	3974.59	2387.35	7579.97	821631	0	1	1	0	0xd43f5e018b415631
31	7	2	v2	48	2026-07-15T07:08:53Z	2026-07-15T07:09:04Z	62000	62000	1600000	1600000	0	166538	2193.72	20020.6	82386.1	15163.2	21913.6	10919.5	3855.8	2434.27	7563.6	822474	0	1	1	0	0xd43f5e018b415631
31	7	2	v2	49	2026-07-15T07:08:53Z	2026-07-15T07:09:04Z	62000	62000	1600000	1600000	0	167221	2848.11	19661.1	82360.6	15138.3	22232	10928.2	3972.88	2400.77	7593.1	839222	0	0	1	0	0xd43f5e018b415631
32	7	3	v1	0	2026-07-15T07:09:04Z	2026-07-15T07:09:15Z	62000	62000	1600000	1600000	0	166990	2227.09	19720.2	82329.3	15161.1	22276.1	11031.6	3824.88	2434.6	7902.4	838992	0	0	1	0	0xd43f5e018b415631
32	7	3	v1	1	2026-07-15T07:09:04Z	2026-07-15T07:09:15Z	62000	62000	1600000	1600000	0	169213	2198.76	19620.5	85157	15619.4	21410.5	11032.5	3846.3	2395.72	7845.23	841210	0	0	1	0	0xd43f5e018b415631
32	7	3	v1	2	2026-07-15T07:09:04Z	2026-07-15T07:09:15Z	62000	62000	1600000	1600000	0	167147	2155.26	19642.4	82781.2	15157.6	21983.6	11063.8	3893.3	2434.31	7951.65	822956	0	3	1	0	0xd43f5e018b415631
32	7	3	v1	3	2026-07-15T07:09:04Z	2026-07-15T07:09:15Z	62000	62000	1600000	1600000	0	167107	2188.13	19733.2	82402.6	15090.6	22305	10901	4125.3	2396.68	7876.02	839043	0	1	1	0	0xd43f5e018b415631
32	7	3	v1	4	2026-07-15T07:09:04Z	2026-07-15T07:09:15Z	62000	62000	1600000	1600000	0	166701	2210.64	19844.2	82521.7	15216	21749.3	10921.6	3813.63	2388.47	7907.94	838461	0	8	1	0	0xd43f5e018b415631
32	7	3	v1	5	2026-07-15T07:09:04Z	2026-07-15T07:09:15Z	62000	62000	1600000	1600000	0	166389	2156.72	19663.1	82725.8	15138.1	21503.2	10816.5	4023.55	2396.22	7876.52	838257	0	2	1	0	0xd43f5e018b415631
32	7	3	v1	6	2026-07-15T07:09:04Z	2026-07-15T07:09:15Z	62000	62000	1600000	1600000	0	166910	2157.3	19719	82392.3	15233.5	22002.4	11051	3894.47	2492.52	7879.64	822855	0	1	1	0	0xd43f5e018b415631
32	7	3	v1	7	2026-07-15T07:09:04Z	2026-07-15T07:09:15Z	62000	62000	1600000	1600000	0	166334	2210.18	19650.7	82358	15301.5	21676.6	10958.9	3778.84	2433.1	7879.77	838326	0	0	1	0	0xd43f5e018b415631
32	7	3	v1	8	2026-07-15T07:09:04Z	2026-07-15T07:09:15Z	62000	62000	1600000	1600000	0	166385	2226.18	19555.5	82598.5	15233.7	21415.9	11181.8	3817.67	2393.18	7874.14	838218	0	3	1	0	0xd43f5e018b415631
32	7	3	v1	9	2026-07-15T07:09:04Z	2026-07-15T07:09:15Z	62000	62000	1600000	1600000	0	166826	2165.18	19696.4	82443.2	15181.2	21977.5	11016.7	3834.72	2497.31	7927.85	822824	0	0	1	0	0xd43f5e018b415631
32	7	3	v1	10	2026-07-15T07:09:04Z	2026-07-15T07:09:15Z	62000	62000	1600000	1600000	0	167372	2199.84	19573	82724.6	15150.2	22201.9	11091.1	4065.93	2398.64	7885.39	839175	0	5	1	0	0xd43f5e018b415631
32	7	3	v1	11	2026-07-15T07:09:04Z	2026-07-15T07:09:15Z	62000	62000	1600000	1600000	0	167541	2556.18	19864.9	82373.7	15168.5	22301.3	10913.3	4000.05	2407.47	7868.69	839125	0	9	1	0	0xd43f5e018b415631
32	7	3	v1	12	2026-07-15T07:09:04Z	2026-07-15T07:09:15Z	62000	62000	1600000	1600000	0	167125	2224.68	19613.5	82870.2	15245	21769	11168.3	3808.8	2451.43	7884.89	838873	0	3	1	0	0xd43f5e018b415631
32	7	3	v1	13	2026-07-15T07:09:04Z	2026-07-15T07:09:15Z	62000	62000	1600000	1600000	0	169331	2213.51	19681.9	84320.7	16005	21656.9	11336.9	3739.21	2449.81	7841.06	841277	0	1	1	0	0xd43f5e018b415631
32	7	3	v1	14	2026-07-15T07:09:04Z	2026-07-15T07:09:15Z	62000	62000	1600000	1600000	0	167484	2225.59	19647.8	82511.8	15306	22087.9	11159.9	4148.85	2395.26	7907.81	839233	0	4	1	0	0xd43f5e018b415631
32	7	3	v1	15	2026-07-15T07:09:04Z	2026-07-15T07:09:15Z	62000	62000	1600000	1600000	0	167522	2319.43	19845.3	82514.3	15260.7	22199.3	11190.9	3819.67	2402.6	7885.02	839329	0	3	1	0	0xd43f5e018b415631
32	7	3	v1	16	2026-07-15T07:09:04Z	2026-07-15T07:09:15Z	62000	62000	1600000	1600000	0	166864	2311.51	19780.7	82572.1	15263.6	21643.7	10998.3	3862.42	2436.89	7911.31	838665	0	3	1	0	0xd43f5e018b415631
32	7	3	v1	17	2026-07-15T07:09:04Z	2026-07-15T07:09:15Z	62000	62000	1600000	1600000	0	166174	2217.05	19673.9	82639.2	15256.4	21348.4	10849.6	3846.67	2393.06	7861.23	837977	0	7	1	0	0xd43f5e018b415631
32	7	3	v1	18	2026-07-15T07:09:04Z	2026-07-15T07:09:15Z	62000	62000	1600000	1600000	0	166642	2175.18	19625.3	82504.8	15281	21999.6	10805	3878.84	2423.18	7861.98	822593	0	1	1	0	0xd43f5e018b415631
32	7	3	v1	19	2026-07-15T07:09:04Z	2026-07-15T07:09:15Z	62000	62000	1600000	1600000	0	167144	2207.84	19698	82486.9	15156.1	22261.5	10917.5	3971.51	2440.1	7918.15	839141	0	0	1	0	0xd43f5e018b415631
32	7	3	v1	20	2026-07-15T07:09:04Z	2026-07-15T07:09:15Z	62000	62000	1600000	1600000	0	166107	2193.59	19644.6	82686.3	15273.4	21153	10790.2	3995.14	2392.56	7890.85	837945	0	3	1	0	0xd43f5e018b415631
32	7	3	v1	21	2026-07-15T07:09:04Z	2026-07-15T07:09:15Z	62000	62000	1600000	1600000	0	166381	2157.59	19546.4	82388.1	15184.7	21901.6	10951.5	3863.34	2515.43	7787.89	822322	0	1	1	0	0xd43f5e018b415631
32	7	3	v1	22	2026-07-15T07:09:04Z	2026-07-15T07:09:15Z	62000	62000	1600000	1600000	0	167130	2201.64	19638.1	82707.7	15111.9	22273.9	11058.7	3783.42	2385.22	7882.73	838923	0	5	1	0	0xd43f5e018b415631
32	7	3	v1	23	2026-07-15T07:09:04Z	2026-07-15T07:09:15Z	62000	62000	1600000	1600000	0	166998	2219.72	19677.2	82864.4	15177.6	21673.7	11113.6	3836.26	2448.47	7898.85	838832	0	7	1	0	0xd43f5e018b415631
32	7	3	v1	24	2026-07-15T07:09:04Z	2026-07-15T07:09:15Z	62000	62000	1600000	1600000	0	166077	2280.14	19683.7	82346.3	15150.9	21397.8	11061.7	3800	2401.8	7867.85	837999	0	1	1	0	0xd43f5e018b415631
32	7	3	v1	25	2026-07-15T07:09:04Z	2026-07-15T07:09:15Z	62000	62000	1600000	1600000	0	169940	2176.76	19678.2	84957.7	15267.2	22290	11164.4	3946.38	2462.81	7913.81	841941	0	0	1	0	0xd43f5e018b415631
32	7	3	v1	26	2026-07-15T07:09:04Z	2026-07-15T07:09:15Z	62000	62000	1600000	1600000	0	165839	2212.93	19559	82423.1	15305.4	21355.2	10856	3789.17	2390.93	7858.02	837721	0	2	1	0	0xd43f5e018b415631
32	7	3	v1	27	2026-07-15T07:09:04Z	2026-07-15T07:09:15Z	62000	62000	1600000	1600000	0	166764	2173.8	19508.5	82481.6	15242.1	22106.8	11075.6	3864.09	2478.81	7745.77	822648	0	2	1	0	0xd43f5e018b415631
32	7	3	v1	28	2026-07-15T07:09:04Z	2026-07-15T07:09:15Z	62000	62000	1600000	1600000	0	167049	2190.84	19755.6	82447.3	15133.1	22275.1	10884.6	4008.22	2396.01	7871.1	838987	0	1	1	0	0xd43f5e018b415631
32	7	3	v1	29	2026-07-15T07:09:04Z	2026-07-15T07:09:15Z	62000	62000	1600000	1600000	0	168050	2980.32	19794.6	82560.4	15100.6	22299.1	10953	3973.05	2372.39	7929.9	839781	0	8	1	0	0xd43f5e018b415631
32	7	3	v1	30	2026-07-15T07:09:04Z	2026-07-15T07:09:15Z	62000	62000	1600000	1600000	0	166851	2215.89	19623	82693.3	15192.7	21743.9	10979.1	4009.55	2430.85	7879.6	838791	0	1	1	0	0xd43f5e018b415631
32	7	3	v1	31	2026-07-15T07:09:04Z	2026-07-15T07:09:15Z	62000	62000	1600000	1600000	0	166117	2248.72	19533.5	82420.4	15216.7	21492.6	11009	3806.47	2381.26	7876.35	838111	0	0	1	0	0xd43f5e018b415631
32	7	3	v1	32	2026-07-15T07:09:04Z	2026-07-15T07:09:15Z	62000	62000	1600000	1600000	0	167017	2150.43	19721	82765.4	15177.8	21981.9	11043.8	3833.21	2439.1	7817.23	822851	0	3	1	0	0xd43f5e018b415631
32	7	3	v1	33	2026-07-15T07:09:04Z	2026-07-15T07:09:15Z	62000	62000	1600000	1600000	0	166872	2205.47	19547.4	82468.9	15177.3	22367.2	10896.6	3788.26	2434.14	7900.89	838866	0	0	1	0	0xd43f5e018b415631
32	7	3	v1	34	2026-07-15T07:09:04Z	2026-07-15T07:09:15Z	62000	62000	1600000	1600000	0	167009	2192.51	19749.4	82662.8	15252.8	21685.8	11150.7	3944.09	2387.68	7893.1	838815	0	5	1	0	0xd43f5e018b415631
32	7	3	v1	35	2026-07-15T07:09:04Z	2026-07-15T07:09:15Z	62000	62000	1600000	1600000	0	166679	2145.05	19692.9	82622.9	15149.9	21810.9	10944.1	3879.09	2426.06	7919.69	838482	0	8	1	0	0xd43f5e018b415631
32	7	3	v1	36	2026-07-15T07:09:04Z	2026-07-15T07:09:15Z	62000	62000	1600000	1600000	0	166710	2154.93	19611.2	82584.8	15193.5	22042.3	10885.3	3889.93	2455.02	7804.85	822592	0	2	1	0	0xd43f5e018b415631
32	7	3	v1	37	2026-07-15T07:09:04Z	2026-07-15T07:09:15Z	62000	62000	1600000	1600000	0	169162	2224.18	19544.9	84060	15334.3	22091.8	11404.6	3816.72	2702.36	7898.44	857104	0	1	1	0	0xd43f5e018b415631
32	7	3	v1	38	2026-07-15T07:09:04Z	2026-07-15T07:09:15Z	62000	62000	1600000	1600000	0	166467	2186.34	19619.1	82264.9	15173.4	21899.4	11011.6	3861.76	2523.52	7835.39	822246	0	4	1	0	0xd43f5e018b415631
32	7	3	v1	39	2026-07-15T07:09:04Z	2026-07-15T07:09:15Z	62000	62000	1600000	1600000	0	167123	2209.59	19728.9	82251.7	15120.5	22326.9	11100.1	3985.22	2407.93	7908.94	838992	0	2	1	0	0xd43f5e018b415631
32	7	3	v1	40	2026-07-15T07:09:04Z	2026-07-15T07:09:15Z	62000	62000	1600000	1600000	0	166695	2210.22	19677.4	82519.2	15245.2	21711.2	11040	3909.97	2404.39	7889.81	838627	0	1	1	0	0xd43f5e018b415631
32	7	3	v1	41	2026-07-15T07:09:04Z	2026-07-15T07:09:15Z	62000	62000	1600000	1600000	0	166503	2150.8	19546.9	82860.3	15259.7	21441.2	11058.5	3826.93	2399.72	7870.31	838329	0	7	1	0	0xd43f5e018b415631
32	7	3	v1	42	2026-07-15T07:09:04Z	2026-07-15T07:09:15Z	62000	62000	1600000	1600000	0	166762	2174.47	19669.7	82481.6	15211.9	21953.3	10792.1	3940.34	2544.6	7904.77	822701	0	1	1	0	0xd43f5e018b415631
32	7	3	v1	43	2026-07-15T07:09:04Z	2026-07-15T07:09:15Z	62000	62000	1600000	1600000	0	167004	2197.3	19694.7	82237.2	15181.7	22287.2	11061.9	3877.76	2432.23	7946.1	839003	0	0	1	0	0xd43f5e018b415631
32	7	3	v1	44	2026-07-15T07:09:04Z	2026-07-15T07:09:15Z	62000	62000	1600000	1600000	0	165826	2230.51	19808.2	82380.2	15186.5	21239.7	10836.5	3799.92	2408.68	7846.89	837659	0	3	1	0	0xd43f5e018b415631
32	7	3	v1	45	2026-07-15T07:09:04Z	2026-07-15T07:09:15Z	62000	62000	1600000	1600000	0	166769	2293.47	19650.7	82260.3	15297.2	21873.8	10969.6	4027.47	2433.64	7871.69	822693	0	1	1	0	0xd43f5e018b415631
32	7	3	v1	46	2026-07-15T07:09:04Z	2026-07-15T07:09:15Z	62000	62000	1600000	1600000	0	167208	2210.55	19606.8	82815.4	15103.2	22158.7	11044.2	3808.34	2402.22	7971.4	838955	0	6	1	0	0xd43f5e018b415631
32	7	3	v1	47	2026-07-15T07:09:04Z	2026-07-15T07:09:15Z	62000	62000	1600000	1600000	0	166496	2201.34	19611	82683.3	15248.4	21712.6	10927	3734.84	2390.26	7897.89	838317	0	7	1	0	0xd43f5e018b415631
32	7	3	v1	48	2026-07-15T07:09:04Z	2026-07-15T07:09:15Z	62000	62000	1600000	1600000	0	166319	2172.97	19767.8	82640.1	15277.5	21476.6	10857	3785.46	2383.01	7870.52	822261	0	1	1	0	0xd43f5e018b415631
32	7	3	v1	49	2026-07-15T07:09:04Z	2026-07-15T07:09:15Z	62000	62000	1600000	1600000	0	169455	2168.88	19793.7	82265.6	15751.4	24144.4	11127.4	3787.04	2418.6	7911.94	841460	0	0	1	0	0xd43f5e018b415631
33	8	0	v1	0	2026-07-15T07:09:15Z	2026-07-15T07:09:26Z	62000	62000	1600000	1600000	0	166994	2234.55	19537.9	82597.9	15221.1	21876.1	11173.8	3885.34	2459.39	7923.94	838818	0	7	1	0	0xd43f5e018b415631
33	8	0	v1	1	2026-07-15T07:09:15Z	2026-07-15T07:09:26Z	62000	62000	1600000	1600000	0	166106	2206.47	19595.8	82296.6	15252.5	21421.8	10976.8	3964.59	2420.52	7882.69	838099	0	0	1	0	0xd43f5e018b415631
33	8	0	v1	2	2026-07-15T07:09:15Z	2026-07-15T07:09:26Z	62000	62000	1600000	1600000	0	166914	2196.14	19671	82449	15216.9	21875.1	10986.8	4009.3	2521.44	7899.98	822705	0	2	1	0	0xd43f5e018b415631
33	8	0	v1	3	2026-07-15T07:09:15Z	2026-07-15T07:09:26Z	62000	62000	1600000	1600000	0	166541	2242.93	19560.2	82566.4	15130.6	21711.6	10993.1	3931.59	2429.06	7889.56	838388	0	2	1	0	0xd43f5e018b415631
33	8	0	v1	4	2026-07-15T07:09:15Z	2026-07-15T07:09:26Z	62000	62000	1600000	1600000	0	166362	2223.18	19521.8	82970.9	15228	21182.4	10989.8	3862.84	2400.43	7897.39	838077	0	6	1	0	0xd43f5e018b415631
33	8	0	v1	5	2026-07-15T07:09:15Z	2026-07-15T07:09:26Z	62000	62000	1600000	1600000	0	166644	2172.43	19582.6	82654.8	15231.3	21746.9	11038.1	3959.64	2456.6	7716.27	822595	0	1	1	0	0xd43f5e018b415631
33	8	0	v1	6	2026-07-15T07:09:15Z	2026-07-15T07:09:26Z	62000	62000	1600000	1600000	0	167179	2304.43	19707.4	82377.9	15095.5	22197.1	11281.4	3838.76	2407.47	7883.69	838920	0	8	1	0	0xd43f5e018b415631
33	8	0	v1	7	2026-07-15T07:09:15Z	2026-07-15T07:09:26Z	62000	62000	1600000	1600000	0	166506	2211.09	19680.2	82456.2	15230.6	21732.7	10873.4	3936.38	2384.76	7909.73	838503	0	0	1	0	0xd43f5e018b415631
33	8	0	v1	8	2026-07-15T07:09:15Z	2026-07-15T07:09:26Z	62000	62000	1600000	1600000	0	169719	2170.01	22787.3	82533.6	15249.1	21865.6	10997.2	3871.21	2430.6	7728.93	841613	0	2	1	0	0xd43f5e018b415631
33	8	0	v1	9	2026-07-15T07:09:15Z	2026-07-15T07:09:26Z	62000	62000	1600000	1600000	0	166797	2202.8	19515	82585.5	15155.7	22382.9	10727.4	3805.67	2431.81	7905.02	838581	0	3	1	0	0xd43f5e018b415631
33	8	0	v1	10	2026-07-15T07:09:15Z	2026-07-15T07:09:26Z	62000	62000	1600000	1600000	0	166062	2302.8	19654	82423.2	15190.4	21229.3	10958.9	3956.18	2381.64	7879.44	837813	0	4	1	0	0xd43f5e018b415631
33	8	0	v1	11	2026-07-15T07:09:15Z	2026-07-15T07:09:26Z	62000	62000	1600000	1600000	0	166494	2211.8	19653.3	82414.9	15183.7	21848.5	10854.4	3892.55	2448.52	7874.69	822322	0	3	1	0	0xd43f5e018b415631
33	8	0	v1	12	2026-07-15T07:09:15Z	2026-07-15T07:09:26Z	62000	62000	1600000	1600000	0	167177	2227.72	19521.5	82816.1	15156.1	22336.9	10889.8	3828.13	2410.26	7902.89	839022	0	6	1	0	0xd43f5e018b415631
33	8	0	v1	13	2026-07-15T07:09:15Z	2026-07-15T07:09:26Z	62000	62000	1600000	1600000	0	165880	2270.84	19704.9	82369.4	15210.2	21102.7	10869	3982.72	2392.22	7889.94	837875	0	0	1	0	0xd43f5e018b415631
33	8	0	v1	14	2026-07-15T07:09:15Z	2026-07-15T07:09:26Z	62000	62000	1600000	1600000	0	166527	2156.88	19718.3	82436.9	15316.4	21792	10896.7	3919.01	2393.1	7805.14	822191	0	6	1	0	0xd43f5e018b415631
33	8	0	v1	15	2026-07-15T07:09:15Z	2026-07-15T07:09:26Z	62000	62000	1600000	1600000	0	166874	2223.43	19631.9	82251.7	15102.8	22342.7	11124.9	3832.13	2384.85	7894.14	838868	0	0	1	0	0xd43f5e018b415631
33	8	0	v1	16	2026-07-15T07:09:15Z	2026-07-15T07:09:26Z	62000	62000	1600000	1600000	0	166979	2222.3	19632.4	82945.6	15249.8	21730.5	11005.6	3785.8	2433.81	7883.81	838687	0	6	1	0	0xd43f5e018b415631
33	8	0	v1	17	2026-07-15T07:09:15Z	2026-07-15T07:09:26Z	62000	62000	1600000	1600000	0	166242	2243.34	19470.6	82476.5	15245.6	21354.5	11261.8	3832.42	2385.72	7885.39	838180	0	1	1	0	0xd43f5e018b415631
33	8	0	v1	18	2026-07-15T07:09:15Z	2026-07-15T07:09:26Z	62000	62000	1600000	1600000	0	166728	2178.09	19475.2	82631.6	15192.1	22222.9	10880.3	3726.67	2430.43	7905.77	822544	0	7	1	0	0xd43f5e018b415631
33	8	0	v1	19	2026-07-15T07:09:15Z	2026-07-15T07:09:26Z	62000	62000	1600000	1600000	0	165407	2207.72	19546.2	82295.4	15239.5	21046.1	10947.1	3725.38	2421.47	7894.48	837343	0	1	1	0	0xd43f5e018b415631
33	8	0	v1	20	2026-07-15T07:09:15Z	2026-07-15T07:09:26Z	62000	62000	1600000	1600000	0	168839	2160.22	21891	82532.2	15239.2	21697.7	10873.8	4032.51	2419.81	7908.06	840718	0	2	1	0	0xd43f5e018b415631
33	8	0	v1	21	2026-07-15T07:09:15Z	2026-07-15T07:09:26Z	62000	62000	1600000	1600000	0	166396	2251.14	19675.3	82620.2	15210.6	21355.8	10924	3967.05	2382.93	7923.02	838211	0	3	1	0	0xd43f5e018b415631
33	8	0	v1	22	2026-07-15T07:09:15Z	2026-07-15T07:09:26Z	62000	62000	1600000	1600000	0	166763	2174.64	19642.3	82392.4	15213.6	21984.1	11021.4	3899.96	2502.93	7847.89	822621	0	3	1	0	0xd43f5e018b415631
33	8	0	v1	23	2026-07-15T07:09:15Z	2026-07-15T07:09:26Z	62000	62000	1600000	1600000	0	167244	2213.22	19531	82734.2	15127.1	22229.7	10952.9	4038.43	2416.76	7917.14	839092	0	2	1	0	0xd43f5e018b415631
33	8	0	v1	24	2026-07-15T07:09:15Z	2026-07-15T07:09:26Z	62000	62000	1600000	1600000	0	165700	2230.76	19609.9	82430.4	15238.7	21196.9	10871.8	3791.71	2381.39	7861.98	837516	0	7	1	0	0xd43f5e018b415631
33	8	0	v1	25	2026-07-15T07:09:15Z	2026-07-15T07:09:26Z	62000	62000	1600000	1600000	0	166242	2176.63	19483.3	82207.6	15215.4	22024.6	10798.6	3896.55	2469.64	7880.44	822247	0	0	1	0	0xd43f5e018b415631
33	8	0	v1	26	2026-07-15T07:09:15Z	2026-07-15T07:09:26Z	62000	62000	1600000	1600000	0	166571	2213.26	19663.1	82400.9	15214	21677.7	11099.5	3862.84	2429.18	7922.31	838508	0	1	1	0	0xd43f5e018b415631
33	8	0	v1	27	2026-07-15T07:09:15Z	2026-07-15T07:09:26Z	62000	62000	1600000	1600000	0	166356	2208.26	19570.1	82533	15166	21302	11093.2	4049.18	2391.47	7918.89	838220	0	2	1	0	0xd43f5e018b415631
33	8	0	v1	28	2026-07-15T07:09:15Z	2026-07-15T07:09:26Z	62000	62000	1600000	1600000	0	166670	2179.22	19542.5	82726.4	15350.6	21825.2	10736.2	3988.76	2469.22	7767.43	822299	0	7	1	0	0xd43f5e018b415631
33	8	0	v1	29	2026-07-15T07:09:15Z	2026-07-15T07:09:26Z	62000	62000	1600000	1600000	0	167232	2256.14	19586.3	82530.3	15143.6	22431.9	11038.9	3813.96	2402.18	7941.02	839163	0	1	1	0	0xd43f5e018b415631
33	8	0	v1	30	2026-07-15T07:09:15Z	2026-07-15T07:09:26Z	62000	62000	1600000	1600000	0	166516	2249.05	19682.7	82482.5	15241.4	21609.1	11055.8	3784.34	2388.68	7938.1	838458	0	1	1	0	0xd43f5e018b415631
33	8	0	v1	31	2026-07-15T07:09:15Z	2026-07-15T07:09:26Z	62000	62000	1600000	1600000	0	165943	2172.3	19548.9	82553.6	15214.2	21540.7	10822.4	3975.34	2422.89	7604.35	821754	0	6	1	0	0xd43f5e018b415631
33	8	0	v1	32	2026-07-15T07:09:15Z	2026-07-15T07:09:26Z	62000	62000	1600000	1600000	0	168902	2311.18	19571.8	82805.4	16754	22120.2	10954.3	3988.68	2406.64	7901.73	856664	0	4	1	0	0xd43f5e018b415631
33	8	0	v1	33	2026-07-15T07:09:15Z	2026-07-15T07:09:26Z	62000	62000	1600000	1600000	0	166534	2166.01	19568	82582.8	15225.2	21837.1	10892.5	3967.89	2466.64	7742.93	822344	0	3	1	0	0xd43f5e018b415631
33	8	0	v1	34	2026-07-15T07:09:15Z	2026-07-15T07:09:26Z	62000	62000	1600000	1600000	0	167043	2234.05	19625.5	82552.2	15089.2	22311.2	10965.3	3831.92	2402.68	7942.69	838977	0	1	1	0	0xd43f5e018b415631
33	8	0	v1	35	2026-07-15T07:09:15Z	2026-07-15T07:09:26Z	62000	62000	1600000	1600000	0	166778	2209.18	19609	82389.1	15324.4	21803.3	11069.7	3996.51	2382.56	7909.19	838647	0	2	1	0	0xd43f5e018b415631
33	8	0	v1	36	2026-07-15T07:09:15Z	2026-07-15T07:09:26Z	62000	62000	1600000	1600000	0	166490	2166.3	19399	82405.4	15351.1	21709.9	11215.9	3817.17	2468.31	7871.94	838226	0	4	1	0	0xd43f5e018b415631
33	8	0	v1	37	2026-07-15T07:09:15Z	2026-07-15T07:09:26Z	62000	62000	1600000	1600000	0	166974	2181.97	19837.8	82700.2	15211.7	21997.4	10854.7	3859.43	2426.56	7818.73	822827	0	6	1	0	0xd43f5e018b415631
33	8	0	v1	38	2026-07-15T07:09:15Z	2026-07-15T07:09:26Z	62000	62000	1600000	1600000	0	167232	2222.89	19695.3	82616.2	15132.5	22222.1	11038.3	3879.46	2392.56	7945.52	839073	0	3	1	0	0xd43f5e018b415631
33	8	0	v1	39	2026-07-15T07:09:15Z	2026-07-15T07:09:26Z	62000	62000	1600000	1600000	0	166893	2228.72	19566.9	82742.7	15172.2	21691.9	11065.2	3972.3	2437.22	7928.02	838729	0	1	1	0	0xd43f5e018b415631
33	8	0	v1	40	2026-07-15T07:09:15Z	2026-07-15T07:09:26Z	62000	62000	1600000	1600000	0	166274	2234.55	19617.3	82624.2	15254.8	21340.9	10967	3881.51	2386.56	7880.94	838013	0	6	1	0	0xd43f5e018b415631
33	8	0	v1	41	2026-07-15T07:09:15Z	2026-07-15T07:09:26Z	62000	62000	1600000	1600000	0	166669	2270.3	19659.8	82406.8	15178.4	21948.5	11069.7	3788.34	2407.02	7853.27	822612	0	1	1	0	0xd43f5e018b415631
33	8	0	v1	42	2026-07-15T07:09:15Z	2026-07-15T07:09:26Z	62000	62000	1600000	1600000	0	167099	2240.47	19603.3	82700.6	15097.7	22223.4	11065.8	3770.42	2405.6	7907.31	838982	0	2	1	0	0xd43f5e018b415631
33	8	0	v1	43	2026-07-15T07:09:15Z	2026-07-15T07:09:26Z	62000	62000	1600000	1600000	0	165885	2204.93	19615.5	82648.8	15155.3	21154.5	10886.1	3798.75	2412.14	7924.85	837653	0	7	1	0	0xd43f5e018b415631
33	8	0	v1	44	2026-07-15T07:09:15Z	2026-07-15T07:09:26Z	62000	62000	1600000	1600000	0	170117	3588.08	19482.1	83145.2	15094	22168	12059.8	4201.35	2382.47	7906.85	841977	0	2	1	0	0xd43f5e018b415631
33	8	0	v1	45	2026-07-15T07:09:15Z	2026-07-15T07:09:26Z	62000	62000	1600000	1600000	0	167298	2235.97	19607.9	82463.5	15224.6	22320	11250.4	3774.3	2430.51	7903.35	839109	0	3	1	0	0xd43f5e018b415631
33	8	0	v1	46	2026-07-15T07:09:15Z	2026-07-15T07:09:26Z	62000	62000	1600000	1600000	0	165958	2216.59	19798.3	82416.5	15176.8	21157.4	11033.6	3705.04	2406.18	7962.98	837835	0	2	1	0	0xd43f5e018b415631
33	8	0	v1	47	2026-07-15T07:09:15Z	2026-07-15T07:09:26Z	62000	62000	1600000	1600000	0	166623	2173.55	19626.5	82316.4	15208.9	21932.9	10946	4026.26	2423.68	7886.6	822562	0	1	1	0	0xd43f5e018b415631
33	8	0	v1	48	2026-07-15T07:09:15Z	2026-07-15T07:09:26Z	62000	62000	1600000	1600000	0	167098	2311.97	19612.5	82556.6	15076.4	22314.7	11080.1	3769	2394.68	7895.56	839012	0	1	1	0	0xd43f5e018b415631
33	8	0	v1	49	2026-07-15T07:09:15Z	2026-07-15T07:09:26Z	62000	62000	1600000	1600000	0	166854	2219.59	19656.5	82577	15233	21855.4	11104.7	3705	2447.89	7969.06	838730	0	6	1	0	0xd43f5e018b415631
34	8	1	v2	0	2026-07-15T07:09:26Z	2026-07-15T07:09:37Z	62000	62000	1600000	1600000	0	166318	2212.51	19678.4	82586.9	15181.9	21711.7	11124.5	3780.17	2398.18	7555.68	838131	0	3	1	0	0xd43f5e018b415631
34	8	1	v2	1	2026-07-15T07:09:26Z	2026-07-15T07:09:37Z	62000	62000	1600000	1600000	0	166318	2165.3	19663.3	82645.6	15245.4	21541.9	11148.8	3896.26	2424.6	7500.64	822334	0	0	1	0	0xd43f5e018b415631
34	8	1	v2	2	2026-07-15T07:09:26Z	2026-07-15T07:09:37Z	62000	62000	1600000	1600000	0	166675	2181.68	19575.8	82359.3	15132.6	22202.8	11321.6	3824.13	2379.64	7611.55	838394	0	8	1	0	0xd43f5e018b415631
34	8	1	v2	3	2026-07-15T07:09:26Z	2026-07-15T07:09:37Z	62000	62000	1600000	1600000	0	166711	2759.61	19726.8	82603.7	15276	21643.8	10870.3	3747.21	2436.77	7556.68	838492	0	3	1	0	0xd43f5e018b415631
34	8	1	v2	4	2026-07-15T07:09:26Z	2026-07-15T07:09:37Z	62000	62000	1600000	1600000	0	165905	2162.38	19510.1	82359.9	15206.4	21639.5	11005.9	3984.84	2388.85	7562.43	821789	0	2	1	0	0xd43f5e018b415631
34	8	1	v2	5	2026-07-15T07:09:26Z	2026-07-15T07:09:37Z	62000	62000	1600000	1600000	0	166590	2208.89	19686	82488.3	15093	22257.5	11059.1	3785.92	2389.02	7541.18	838589	0	0	1	0	0xd43f5e018b415631
34	8	1	v2	6	2026-07-15T07:09:26Z	2026-07-15T07:09:37Z	62000	62000	1600000	1600000	0	165776	2213.89	19671.2	82507.9	15171.2	21185.4	10927.6	4024.64	2408.81	7578.26	837713	0	1	1	0	0xd43f5e018b415631
34	8	1	v2	7	2026-07-15T07:09:26Z	2026-07-15T07:09:37Z	62000	62000	1600000	1600000	0	166466	2173.63	19668.7	82380.2	15127.4	21978.2	10871.1	4004.09	2503.31	7677.43	822359	0	2	1	0	0xd43f5e018b415631
34	8	1	v2	8	2026-07-15T07:09:26Z	2026-07-15T07:09:37Z	62000	62000	1600000	1600000	0	166971	2228.68	19811.5	82602	15178	22359.1	10843.4	3790.3	2453.14	7621.6	838671	0	8	1	0	0xd43f5e018b415631
34	8	1	v2	9	2026-07-15T07:09:26Z	2026-07-15T07:09:37Z	62000	62000	1600000	1600000	0	165615	2221.68	19500.9	82468.9	15154.1	21393.5	11054.4	3775.67	2407.43	7553.59	821513	0	2	1	0	0xd43f5e018b415631
34	8	1	v2	10	2026-07-15T07:09:26Z	2026-07-15T07:09:37Z	62000	62000	1600000	1600000	0	166529	2166.13	19627	82411	15268.7	22107.9	11084.8	3836.96	2391.77	7546.26	822531	0	0	1	0	0xd43f5e018b415631
34	8	1	v2	11	2026-07-15T07:09:26Z	2026-07-15T07:09:37Z	62000	62000	1600000	1600000	0	167534	2214.64	19716.8	83071.2	15096	22316.1	11081.3	3861.05	2399.26	7693.01	839232	0	7	1	0	0xd43f5e018b415631
34	8	1	v2	12	2026-07-15T07:09:26Z	2026-07-15T07:09:37Z	62000	62000	1600000	1600000	0	165660	2195.63	19725.4	82446.6	15197.1	21202.2	10939.3	3928.05	2400.05	7538.97	837602	0	1	1	0	0xd43f5e018b415631
34	8	1	v2	13	2026-07-15T07:09:26Z	2026-07-15T07:09:37Z	62000	62000	1600000	1600000	0	166558	2167.51	19913.3	82395.3	15195.9	21933.5	11043.4	3867.96	2475.47	7482.26	822406	0	3	1	0	0xd43f5e018b415631
34	8	1	v2	14	2026-07-15T07:09:26Z	2026-07-15T07:09:37Z	62000	62000	1600000	1600000	0	165997	2215.43	19599.8	82319.3	15287.5	21647.5	11130.3	3767.04	2387.68	7553.51	837773	0	9	1	0	0xd43f5e018b415631
34	8	1	v2	15	2026-07-15T07:09:26Z	2026-07-15T07:09:37Z	62000	62000	1600000	1600000	0	169426	2159.3	19533.3	85221.5	15247.8	21931.2	11437.2	3840.59	2421.85	7545.47	841161	0	4	1	0	0xd43f5e018b415631
34	8	1	v2	16	2026-07-15T07:09:26Z	2026-07-15T07:09:37Z	62000	62000	1600000	1600000	0	166424	2229.97	19741	82475.8	15228.3	21683	11082.2	3877.05	2428.01	7590.22	838289	0	2	1	0	0xd43f5e018b415631
34	8	1	v2	17	2026-07-15T07:09:26Z	2026-07-15T07:09:37Z	62000	62000	1600000	1600000	0	165929	2189.59	19509.2	82627.3	15184.6	21506.9	11056.6	3891.26	2388.35	7490.26	821781	0	1	1	0	0xd43f5e018b415631
34	8	1	v2	18	2026-07-15T07:09:26Z	2026-07-15T07:09:37Z	62000	62000	1600000	1600000	0	166736	2200.3	19578.5	82550.3	15149.1	22159.8	11257.3	3815	2384.1	7551.76	838654	0	1	1	0	0xd43f5e018b415631
34	8	1	v2	19	2026-07-15T07:09:26Z	2026-07-15T07:09:37Z	62000	62000	1600000	1600000	0	165498	2215.8	19644.7	82382.9	15216.3	21227.2	10951.8	3855.92	2377.51	7540.8	837429	0	1	1	0	0xd43f5e018b415631
34	8	1	v2	20	2026-07-15T07:09:26Z	2026-07-15T07:09:37Z	62000	62000	1600000	1600000	0	166539	2158.43	19624.4	82512.7	15227.3	22029.7	11007.5	3918.67	2432.14	7542.18	822362	0	7	1	0	0xd43f5e018b415631
34	8	1	v2	21	2026-07-15T07:09:26Z	2026-07-15T07:09:37Z	62000	62000	1600000	1600000	0	165926	2309.85	19620.5	82269.3	15192.9	21696	10949.8	3794.76	2429.93	7544.59	837773	0	2	1	0	0xd43f5e018b415631
34	8	1	v2	22	2026-07-15T07:09:26Z	2026-07-15T07:09:37Z	62000	62000	1600000	1600000	0	165867	2178.76	19641.8	82550.2	15202.6	21657.4	10964.5	3887.05	2416.81	7283.46	821860	0	0	1	0	0xd43f5e018b415631
34	8	1	v2	23	2026-07-15T07:09:26Z	2026-07-15T07:09:37Z	62000	62000	1600000	1600000	0	167069	2207.09	19568.7	83131.7	15118.9	22285.9	10901.3	3824.8	2398.72	7546.26	838825	0	6	1	0	0xd43f5e018b415631
34	8	1	v2	24	2026-07-15T07:09:26Z	2026-07-15T07:09:37Z	62000	62000	1600000	1600000	0	165702	2208.84	19684.5	82532	15181.3	21195.4	11060	3768.01	2441.97	7545.55	837569	0	2	1	0	0xd43f5e018b415631
34	8	1	v2	25	2026-07-15T07:09:26Z	2026-07-15T07:09:37Z	62000	62000	1600000	1600000	0	166135	2160.84	19549.9	82434.6	15192	22160.4	10823.9	3762.79	2412.72	7551.51	822076	0	1	1	0	0xd43f5e018b415631
34	8	1	v2	26	2026-07-15T07:09:26Z	2026-07-15T07:09:37Z	62000	62000	1600000	1600000	0	165674	2214.3	19641.5	82246.3	15251.1	21133.2	11091.9	3999.05	2386.97	7625.1	837365	0	9	1	0	0xd43f5e018b415631
34	8	1	v2	27	2026-07-15T07:09:26Z	2026-07-15T07:09:37Z	62000	62000	1600000	1600000	0	168523	2158.84	19503.3	85030.4	15276.7	21736.1	10803.2	3885.59	2488.35	7555.76	840323	0	3	1	0	0xd43f5e018b415631
34	8	1	v2	28	2026-07-15T07:09:26Z	2026-07-15T07:09:37Z	62000	62000	1600000	1600000	0	165743	2177.26	19741.3	82580	15338	21576.1	10842.9	3789.71	2391.06	7224.46	821630	0	2	1	0	0xd43f5e018b415631
34	8	1	v2	29	2026-07-15T07:09:26Z	2026-07-15T07:09:37Z	62000	62000	1600000	1600000	0	166978	2219.93	19723.5	82729.2	15104.6	22230.9	10991.3	3964.55	2384.31	7544.68	838975	0	0	1	0	0xd43f5e018b415631
34	8	1	v2	30	2026-07-15T07:09:26Z	2026-07-15T07:09:37Z	62000	62000	1600000	1600000	0	165443	2213.55	19812.4	82295.3	15181.3	21328	10832.1	3751.13	2382.51	7562.97	821391	0	1	1	0	0xd43f5e018b415631
34	8	1	v2	31	2026-07-15T07:09:26Z	2026-07-15T07:09:37Z	62000	62000	1600000	1600000	0	166589	2174.14	19606.8	82590.6	15188.2	22013	11192.8	3771.8	2431.1	7535.43	822534	0	1	1	0	0xd43f5e018b415631
34	8	1	v2	32	2026-07-15T07:09:26Z	2026-07-15T07:09:37Z	62000	62000	1600000	1600000	0	166677	2203.89	19619.9	82546.5	15271.8	21914.3	11029.4	4018.13	2429.22	7561.55	838451	0	7	1	0	0xd43f5e018b415631
34	8	1	v2	33	2026-07-15T07:09:26Z	2026-07-15T07:09:37Z	62000	62000	1600000	1600000	0	165965	2771.61	19431.8	82251.6	15221.3	21478.7	11054.5	3737.29	2382.22	7524.72	821850	0	2	1	0	0xd43f5e018b415631
34	8	1	v2	34	2026-07-15T07:09:26Z	2026-07-15T07:09:37Z	62000	62000	1600000	1600000	0	166217	2188.39	19685.7	82331.4	15152.1	22247.2	10728.9	3822.18	2420.18	7555.84	838203	0	0	1	0	0xd43f5e018b415631
34	8	1	v2	35	2026-07-15T07:09:26Z	2026-07-15T07:09:37Z	62000	62000	1600000	1600000	0	165928	2211.97	19825.1	82440.7	15297.4	21206.7	11156.3	3766.63	2389.18	7547.39	837613	0	7	1	0	0xd43f5e018b415631
34	8	1	v2	36	2026-07-15T07:09:26Z	2026-07-15T07:09:37Z	62000	62000	1600000	1600000	0	166491	2158.18	19532.4	82635.3	15225.1	21963.8	11001.6	3883.3	2476.68	7530.8	822429	0	1	1	0	0xd43f5e018b415631
34	8	1	v2	37	2026-07-15T07:09:26Z	2026-07-15T07:09:37Z	62000	62000	1600000	1600000	0	166146	2203.18	19843.2	82321.2	15195.6	21601.5	11145.9	3797.5	2380.8	7575.93	838093	0	1	1	0	0xd43f5e018b415631
34	8	1	v2	38	2026-07-15T07:09:26Z	2026-07-15T07:09:37Z	62000	62000	1600000	1600000	0	166195	2161.84	19811.6	82517.3	15181.1	21466.5	11217.6	3835.01	2384.89	7532.09	822140	0	1	1	0	0xd43f5e018b415631
34	8	1	v2	39	2026-07-15T07:09:26Z	2026-07-15T07:09:37Z	62000	62000	1600000	1600000	0	170361	2197.8	21721	83858.5	15135.1	22284.8	11173.9	3972.72	2385.22	7545.09	857924	0	7	1	0	0xd43f5e018b415631
34	8	1	v2	40	2026-07-15T07:09:26Z	2026-07-15T07:09:37Z	62000	62000	1600000	1600000	0	165666	2211.22	19620.3	82432.5	15180.7	21314.3	10947.3	3968.59	2416.3	7491.26	821610	0	1	1	0	0xd43f5e018b415631
34	8	1	v2	41	2026-07-15T07:09:26Z	2026-07-15T07:09:37Z	62000	62000	1600000	1600000	0	166375	2162.97	19497.2	82804.6	15160.9	21998.3	10845.1	3775.92	2507.97	7539.18	822251	0	2	1	0	0xd43f5e018b415631
34	8	1	v2	42	2026-07-15T07:09:26Z	2026-07-15T07:09:37Z	62000	62000	1600000	1600000	0	166412	2213.68	19628.1	82677.7	15286.5	21693.9	11087	3791.26	2412.85	7538.18	838354	0	1	1	0	0xd43f5e018b415631
34	8	1	v2	43	2026-07-15T07:09:26Z	2026-07-15T07:09:37Z	62000	62000	1600000	1600000	0	165581	2166.38	19631.7	82361.8	15215.7	21618	10890.2	3979.47	2426.26	7206.17	821518	0	1	1	0	0xd43f5e018b415631
34	8	1	v2	44	2026-07-15T07:09:26Z	2026-07-15T07:09:37Z	62000	62000	1600000	1600000	0	166961	2197.89	19708.8	82622.1	15123.3	22371.6	10865.4	4023.26	2425.39	7537.18	838955	0	0	1	0	0xd43f5e018b415631
34	8	1	v2	45	2026-07-15T07:09:26Z	2026-07-15T07:09:37Z	62000	62000	1600000	1600000	0	165837	2350.22	19640.5	82531.3	15159.4	21307.1	11075	3780.17	2393.26	7511.38	837447	0	9	1	0	0xd43f5e018b415631
34	8	1	v2	46	2026-07-15T07:09:26Z	2026-07-15T07:09:37Z	62000	62000	1600000	1600000	0	166366	2166.76	19593.6	82539	15182.2	22112.3	10830.8	3746.8	2498.31	7612.35	822364	0	0	1	0	0xd43f5e018b415631
34	8	1	v2	47	2026-07-15T07:09:26Z	2026-07-15T07:09:37Z	62000	62000	1600000	1600000	0	166315	2202.3	19858.7	82548.9	15223.4	21637.7	11029.3	3751.84	2387.55	7589.97	838049	0	6	1	0	0xd43f5e018b415631
34	8	1	v2	48	2026-07-15T07:09:26Z	2026-07-15T07:09:37Z	62000	62000	1600000	1600000	0	165640	2161.51	19634.3	82487.6	15287.7	21740.9	10762	3770.3	2381.72	7330.09	821524	0	2	1	0	0xd43f5e018b415631
34	8	1	v2	49	2026-07-15T07:09:26Z	2026-07-15T07:09:37Z	62000	62000	1600000	1600000	0	167191	2207.34	20286.3	82326.3	15210.6	22246.8	10807.3	4066.1	2390.85	7565.05	839187	0	0	1	0	0xd43f5e018b415631
35	8	2	v2	0	2026-07-15T07:09:37Z	2026-07-15T07:09:48Z	62000	62000	1600000	1600000	0	166394	2394.31	19769.6	82404.8	15259.7	21707.9	10971.7	3846.84	2394.06	7559.72	838238	0	2	1	0	0xd43f5e018b415631
35	8	2	v2	1	2026-07-15T07:09:37Z	2026-07-15T07:09:48Z	62000	62000	1600000	1600000	0	165947	2263.05	19510.2	82439.6	15390.2	21569.1	11001.8	3803.3	2381.14	7501.76	821893	0	1	1	0	0xd43f5e018b415631
35	8	2	v2	2	2026-07-15T07:09:37Z	2026-07-15T07:09:48Z	62000	62000	1600000	1600000	0	166515	2309.09	19511.9	82240.3	15189.6	22295.8	11145.1	3807.3	2382.97	7549.26	838465	0	1	1	0	0xd43f5e018b415631
35	8	2	v2	3	2026-07-15T07:09:37Z	2026-07-15T07:09:48Z	62000	62000	1600000	1600000	0	166749	2335.97	19754.9	82811.4	15262.6	21788.4	11019.2	3757.92	2378.72	7548.43	838572	0	3	1	0	0xd43f5e018b415631
35	8	2	v2	4	2026-07-15T07:09:37Z	2026-07-15T07:09:48Z	62000	62000	1600000	1600000	0	166284	2289.39	19677.1	82666.3	15179.1	21578.2	10855.6	4044.39	2383.97	7522.72	822166	0	6	1	0	0xd43f5e018b415631
35	8	2	v2	5	2026-07-15T07:09:37Z	2026-07-15T07:09:48Z	62000	62000	1600000	1600000	0	167004	2318.64	19524.1	82841.1	15161.8	22176.1	11010.6	3904.76	2411.47	7571.43	838749	0	6	1	0	0xd43f5e018b415631
35	8	2	v2	6	2026-07-15T07:09:37Z	2026-07-15T07:09:48Z	62000	62000	1600000	1600000	0	166114	2320.1	19607.9	82353.8	15251.1	21763	11020.3	3717.88	2403.43	7586.72	837989	0	2	1	0	0xd43f5e018b415631
35	8	2	v2	7	2026-07-15T07:09:37Z	2026-07-15T07:09:48Z	62000	62000	1600000	1600000	0	165824	2288.68	19643.6	82246.2	15342.5	21678.9	10972.7	3871.59	2431.22	7264.55	821823	0	0	1	0	0xd43f5e018b415631
35	8	2	v2	8	2026-07-15T07:09:37Z	2026-07-15T07:09:48Z	62000	62000	1600000	1600000	0	166921	2314.26	19603.8	82401.4	15153.8	22265.6	11081.2	4093.47	2383.18	7537.89	838863	0	1	1	0	0xd43f5e018b415631
35	8	2	v2	9	2026-07-15T07:09:37Z	2026-07-15T07:09:48Z	62000	62000	1600000	1600000	0	169240	2363.06	19522.1	84840.6	15822.6	21438.8	11280.2	3925.59	2409.27	7546.01	840942	0	5	1	0	0xd43f5e018b415631
35	8	2	v2	10	2026-07-15T07:09:37Z	2026-07-15T07:09:48Z	62000	62000	1600000	1600000	0	167125	2312.47	19728	82689	15209.9	22001.5	11400.1	3812.13	2431.76	7452.93	838928	0	7	1	0	0xd43f5e018b415631
35	8	2	v2	11	2026-07-15T07:09:37Z	2026-07-15T07:09:48Z	62000	62000	1600000	1600000	0	166407	2341.26	19605.2	82569.8	15255.4	21654.2	10980.6	3909.8	2448.22	7557.76	838304	0	1	1	0	0xd43f5e018b415631
35	8	2	v2	12	2026-07-15T07:09:37Z	2026-07-15T07:09:48Z	62000	62000	1600000	1600000	0	165827	2322.72	19522.5	82438.5	15153.8	21481.9	11128.5	3738.46	2399.56	7553.51	821751	0	1	1	0	0xd43f5e018b415631
35	8	2	v2	13	2026-07-15T07:09:37Z	2026-07-15T07:09:48Z	62000	62000	1600000	1600000	0	166814	2251.59	19670.8	82517.6	15336.3	22242.6	10979.6	3798.97	2375.76	7555.09	838742	0	1	1	0	0xd43f5e018b415631
35	8	2	v2	14	2026-07-15T07:09:37Z	2026-07-15T07:09:48Z	62000	62000	1600000	1600000	0	166757	2279.55	19913.2	82373.1	15226.6	21717.9	11196.8	3881.97	2446.26	7633.68	838758	0	0	1	0	0xd43f5e018b415631
35	8	2	v2	15	2026-07-15T07:09:37Z	2026-07-15T07:09:48Z	62000	62000	1600000	1600000	0	165977	2266.89	19553.5	82438.1	15281.7	21353.7	11087.4	3994.43	2408.51	7501.93	821734	0	4	1	0	0xd43f5e018b415631
35	8	2	v2	16	2026-07-15T07:09:37Z	2026-07-15T07:09:48Z	62000	62000	1600000	1600000	0	166892	2292.18	19738.1	82863.6	15205.3	21903.4	10938	3904.76	2495.89	7463.42	822604	0	7	1	0	0xd43f5e018b415631
35	8	2	v2	17	2026-07-15T07:09:37Z	2026-07-15T07:09:48Z	62000	62000	1600000	1600000	0	167103	2319.18	19615.5	82488.9	15148.6	22306.6	10898.9	3971.01	2708.23	7559.55	838864	0	6	1	0	0xd43f5e018b415631
35	8	2	v2	18	2026-07-15T07:09:37Z	2026-07-15T07:09:48Z	62000	62000	1600000	1600000	0	167198	2327.01	19699.3	82685.3	15150.4	22368	11054.1	3837.88	2444.47	7545.89	839083	0	2	1	0	0xd43f5e018b415631
35	8	2	v2	19	2026-07-15T07:09:37Z	2026-07-15T07:09:48Z	62000	62000	1600000	1600000	0	166284	2317.8	19623.5	82645.4	15345.9	21380.6	11039	3904.84	2396.14	7542.3	838201	0	1	1	0	0xd43f5e018b415631
35	8	2	v2	20	2026-07-15T07:09:37Z	2026-07-15T07:09:48Z	62000	62000	1600000	1600000	0	166682	2312.72	19758.9	82707.4	15250.1	21853.2	10906.8	3897.3	2485.02	7425.84	822584	0	2	1	0	0xd43f5e018b415631
35	8	2	v2	21	2026-07-15T07:09:37Z	2026-07-15T07:09:48Z	62000	62000	1600000	1600000	0	167837	2329.8	19552	82424.1	16783.7	22216.1	10813.5	3809.01	2377.35	7444.51	839700	0	2	1	0	0xd43f5e018b415631
35	8	2	v2	22	2026-07-15T07:09:37Z	2026-07-15T07:09:48Z	62000	62000	1600000	1600000	0	167093	2269.05	19758.3	82385.9	15264.2	22481.3	11023.6	3794.63	2435.35	7593.35	838871	0	7	1	0	0xd43f5e018b415631
35	8	2	v2	23	2026-07-15T07:09:37Z	2026-07-15T07:09:48Z	62000	62000	1600000	1600000	0	165651	2299.3	19647.2	82425.1	15212.4	21255.5	11083.3	3731.34	2380.89	7528.3	837529	0	2	1	0	0xd43f5e018b415631
35	8	2	v2	24	2026-07-15T07:09:37Z	2026-07-15T07:09:48Z	62000	62000	1600000	1600000	0	166360	2230.64	19668.9	82415	15237.2	22092.5	10756.3	3917.68	2415.43	7543.18	822302	0	1	1	0	0xd43f5e018b415631
35	8	2	v2	25	2026-07-15T07:09:37Z	2026-07-15T07:09:48Z	62000	62000	1600000	1600000	0	166824	2330.14	19881.3	82510.7	15226.5	21869.1	10952.9	3941.55	2433.81	7588.59	838768	0	1	1	0	0xd43f5e018b415631
35	8	2	v2	26	2026-07-15T07:09:37Z	2026-07-15T07:09:48Z	62000	62000	1600000	1600000	0	165821	2334.14	19661.4	82476	15229.6	21487	10862.5	3733.09	2411.39	7540.84	821822	0	0	1	0	0xd43f5e018b415631
35	8	2	v2	27	2026-07-15T07:09:37Z	2026-07-15T07:09:48Z	62000	62000	1600000	1600000	0	166904	2313.18	19729	82624.3	15270.2	22080.2	10893.8	3928.97	2419.89	7554.76	838717	0	3	1	0	0xd43f5e018b415631
35	8	2	v2	28	2026-07-15T07:09:37Z	2026-07-15T07:09:48Z	62000	62000	1600000	1600000	0	166291	2341.22	19699.2	82341.7	15230.5	21635.2	11001.9	3988.97	2421.6	7543.84	838133	0	6	1	0	0xd43f5e018b415631
35	8	2	v2	29	2026-07-15T07:09:37Z	2026-07-15T07:09:48Z	62000	62000	1600000	1600000	0	166021	2302.47	19634.7	82133	15277.3	21815.3	11031.6	3810.09	2386.81	7545.09	821786	0	6	1	0	0xd43f5e018b415631
35	8	2	v2	30	2026-07-15T07:09:37Z	2026-07-15T07:09:48Z	62000	62000	1600000	1600000	0	166504	2383.72	19568	82225.3	15093.6	22366.7	10964.8	3867.92	2404.77	7543.18	838390	0	2	1	0	0xd43f5e018b415631
35	8	2	v2	31	2026-07-15T07:09:37Z	2026-07-15T07:09:48Z	62000	62000	1600000	1600000	0	166723	2338.85	19575.3	82248.1	15392.3	21978.3	11348.7	3783.13	2405.43	7561.68	838124	0	2	1	0	0xd43f5e018b415631
35	8	2	v2	32	2026-07-15T07:09:37Z	2026-07-15T07:09:48Z	62000	62000	1600000	1600000	0	165813	2306.39	19542	82603.9	15223.7	21712.3	10649.1	3957.3	2378.64	7354.42	821698	0	2	1	0	0xd43f5e018b415631
35	8	2	v2	33	2026-07-15T07:09:37Z	2026-07-15T07:09:48Z	62000	62000	1600000	1600000	0	167773	2324.1	19711.7	83352.5	15308.5	22278.1	11087.8	3960.17	2388.93	7274.75	839556	0	4	1	0	0xd43f5e018b415631
35	8	2	v2	34	2026-07-15T07:09:37Z	2026-07-15T07:09:48Z	62000	62000	1600000	1600000	0	167180	2337.72	19656	82522.4	15230.2	22195.6	11305.2	3841.05	2432.69	7569.26	838989	0	6	1	0	0xd43f5e018b415631
35	8	2	v2	35	2026-07-15T07:09:37Z	2026-07-15T07:09:48Z	62000	62000	1600000	1600000	0	166490	2321.3	19551.5	82627.4	15206	21757.6	11159.4	3827.67	2371.68	7576.39	838485	0	0	1	0	0xd43f5e018b415631
35	8	2	v2	36	2026-07-15T07:09:37Z	2026-07-15T07:09:48Z	62000	62000	1600000	1600000	0	166238	2276.8	19567.9	82507.1	15251.5	21687.2	10967.2	3950.88	2401.26	7544.22	822175	0	1	1	0	0xd43f5e018b415631
35	8	2	v2	37	2026-07-15T07:09:37Z	2026-07-15T07:09:48Z	62000	62000	1600000	1600000	0	167039	2276.72	19861.5	82405	15188.2	22140.1	11124.1	3934.01	2432.26	7593.18	838986	0	1	1	0	0xd43f5e018b415631
35	8	2	v2	38	2026-07-15T07:09:37Z	2026-07-15T07:09:48Z	62000	62000	1600000	1600000	0	165410	2318.47	19473.9	82172.7	15197	21089.4	11187.5	3891.84	2410.14	7585.64	837391	0	0	1	0	0xd43f5e018b415631
35	8	2	v2	39	2026-07-15T07:09:37Z	2026-07-15T07:09:48Z	62000	62000	1600000	1600000	0	166500	2298.8	19727.1	82857.7	15212.5	21770.9	10924.3	3890.63	2449.48	7283.92	822341	0	3	1	0	0xd43f5e018b415631
35	8	2	v2	40	2026-07-15T07:09:37Z	2026-07-15T07:09:48Z	62000	62000	1600000	1600000	0	166538	2331.26	19581.2	82619.3	15379.2	21719.2	10872.3	3888.72	2438.64	7621.6	838370	0	7	1	0	0xd43f5e018b415631
35	8	2	v2	41	2026-07-15T07:09:37Z	2026-07-15T07:09:48Z	62000	62000	1600000	1600000	0	165824	2333.43	19559.8	82347.5	15199.6	21426.8	11002.5	3917.13	2397.27	7553.76	821578	0	6	1	0	0xd43f5e018b415631
35	8	2	v2	42	2026-07-15T07:09:37Z	2026-07-15T07:09:48Z	62000	62000	1600000	1600000	0	166612	2284.22	19511.6	82511.4	15173.5	22152.9	11020.6	3911.05	2385.97	7575.34	822567	0	1	1	0	0xd43f5e018b415631
35	8	2	v2	43	2026-07-15T07:09:37Z	2026-07-15T07:09:48Z	62000	62000	1600000	1600000	0	167021	2332.93	19498.8	82564.4	15191.9	22427.6	10956.4	3915.13	2442.93	7602.39	838913	0	2	1	0	0xd43f5e018b415631
35	8	2	v2	44	2026-07-15T07:09:37Z	2026-07-15T07:09:48Z	62000	62000	1600000	1600000	0	165533	2310.55	19602.3	82378.6	15144	21374.1	10935.8	3813.13	2377.39	7512.97	821479	0	1	1	0	0xd43f5e018b415631
35	8	2	v2	45	2026-07-15T07:09:37Z	2026-07-15T07:09:48Z	62000	62000	1600000	1600000	0	166972	2314.35	19737.5	82377.6	15235.1	22153.6	11244.4	3839.05	2437.56	7542.18	838786	0	3	1	0	0xd43f5e018b415631
35	8	2	v2	46	2026-07-15T07:09:37Z	2026-07-15T07:09:48Z	62000	62000	1600000	1600000	0	168775	2710.9	19669.7	84954.4	15157.2	21472.2	10853.5	3896.34	2387.01	7583.34	841166	0	8	1	0	0xd43f5e018b415631
35	8	2	v2	47	2026-07-15T07:09:37Z	2026-07-15T07:09:48Z	62000	62000	1600000	1600000	0	166868	2217.05	19800.8	82505.6	15186.6	22106.3	11083.6	3879.59	2439.76	7564.14	838103	0	2	1	0	0xd43f5e018b415631
35	8	2	v2	48	2026-07-15T07:09:37Z	2026-07-15T07:09:48Z	62000	62000	1600000	1600000	0	166689	2288.85	19748.7	82591.6	15175.1	21715	11150.3	3944.92	2416.64	7571.39	838515	0	3	1	0	0xd43f5e018b415631
35	8	2	v2	49	2026-07-15T07:09:37Z	2026-07-15T07:09:48Z	62000	62000	1600000	1600000	0	165898	2331.55	19646.4	82514.6	15209.2	21472.8	10885.5	3840.71	2391.14	7517.47	821852	0	1	1	0	0xd43f5e018b415631
36	8	3	v1	0	2026-07-15T07:09:48Z	2026-07-15T07:09:59Z	62000	62000	1600000	1600000	0	166438	2191.93	19779.8	82576.3	15184.4	21593.7	10849.4	3902.47	2386.72	7889.98	838196	0	6	1	0	0xd43f5e018b415631
36	8	3	v1	1	2026-07-15T07:09:48Z	2026-07-15T07:09:59Z	62000	62000	1600000	1600000	0	166898	2199.72	19720.4	82427.3	15259.1	21850	11042.5	3894.59	2607.14	7816.18	822850	0	1	1	0	0xd43f5e018b415631
36	8	3	v1	2	2026-07-15T07:09:48Z	2026-07-15T07:09:59Z	62000	62000	1600000	1600000	0	166693	2238.26	19608.4	82130.6	15096.5	22322.4	11096.1	3763.21	2424.6	7926.89	838689	0	0	1	0	0xd43f5e018b415631
36	8	3	v1	3	2026-07-15T07:09:48Z	2026-07-15T07:09:59Z	62000	62000	1600000	1600000	0	167429	2254.05	19947.6	82666.7	15237.3	21736.1	11064.8	4058.59	2434.1	7944.6	839324	0	2	1	0	0xd43f5e018b415631
36	8	3	v1	4	2026-07-15T07:09:48Z	2026-07-15T07:09:59Z	62000	62000	1600000	1600000	0	169404	3242.45	19658.3	82530.7	15206.4	23973.7	10872.9	3779.51	2380.06	7674.39	841155	0	4	1	0	0xd43f5e018b415631
36	8	3	v1	5	2026-07-15T07:09:48Z	2026-07-15T07:09:59Z	62000	62000	1600000	1600000	0	167168	2244.59	19676	82613.3	15105.9	22196.3	11032	3911.51	2391.39	7912.89	838887	0	8	1	0	0xd43f5e018b415631
36	8	3	v1	6	2026-07-15T07:09:48Z	2026-07-15T07:09:59Z	62000	62000	1600000	1600000	0	166931	2260.39	19895.2	82564.6	15303	21619.1	10946.4	3882.38	2470.72	7908.19	838755	0	3	1	0	0xd43f5e018b415631
36	8	3	v1	7	2026-07-15T07:09:48Z	2026-07-15T07:09:59Z	62000	62000	1600000	1600000	0	166217	2238.22	19514.7	82502.6	15262	21489.8	11092.5	3754.88	2376.93	7902.27	838146	0	1	1	0	0xd43f5e018b415631
36	8	3	v1	8	2026-07-15T07:09:48Z	2026-07-15T07:09:59Z	62000	62000	1600000	1600000	0	166538	2200.05	19532.4	82403.9	15169.9	22041.1	10850.7	3861.05	2467.51	7924.39	822540	0	0	1	0	0xd43f5e018b415631
36	8	3	v1	9	2026-07-15T07:09:48Z	2026-07-15T07:09:59Z	62000	62000	1600000	1600000	0	165547	2242.97	19546	82376.9	15277.9	21112.4	10902.9	3721.13	2395.18	7890.1	837430	0	2	1	0	0xd43f5e018b415631
36	8	3	v1	10	2026-07-15T07:09:48Z	2026-07-15T07:09:59Z	62000	62000	1600000	1600000	0	166566	2207.34	19653.5	82640.3	15207.1	21790.5	10993.7	3871.34	2393.14	7726.85	822430	0	2	1	0	0xd43f5e018b415631
36	8	3	v1	11	2026-07-15T07:09:48Z	2026-07-15T07:09:59Z	62000	62000	1600000	1600000	0	167288	2249.47	19643.5	82456.8	15127.6	22208	11397.8	3847.13	2382.22	7892.35	839092	0	7	1	0	0xd43f5e018b415631
36	8	3	v1	12	2026-07-15T07:09:48Z	2026-07-15T07:09:59Z	62000	62000	1600000	1600000	0	167612	2242.93	19964.5	82614.6	15140.3	22227.2	11091.6	3933.38	2394.64	7916.69	839346	0	6	1	0	0xd43f5e018b415631
36	8	3	v1	13	2026-07-15T07:09:48Z	2026-07-15T07:09:59Z	62000	62000	1600000	1600000	0	165827	2230.55	19555.8	82339	15255	21138.8	11132.2	3796.71	2407.51	7887.77	837704	0	2	1	0	0xd43f5e018b415631
36	8	3	v1	14	2026-07-15T07:09:48Z	2026-07-15T07:09:59Z	62000	62000	1600000	1600000	0	166881	2209.51	19595.9	82857.5	15211.9	21628.1	11028.3	3976.17	2390.6	7899.6	822766	0	2	1	0	0xd43f5e018b415631
36	8	3	v1	15	2026-07-15T07:09:48Z	2026-07-15T07:09:59Z	62000	62000	1600000	1600000	0	167151	2171.01	19602.4	82623.1	15184.8	22034.1	11168.2	4000.72	2429.97	7856.18	822872	0	4	1	0	0xd43f5e018b415631
36	8	3	v1	16	2026-07-15T07:09:48Z	2026-07-15T07:09:59Z	62000	62000	1600000	1600000	0	172808	2227.89	19778	88437.4	15262.7	21723.2	11123.2	3844.97	2442.85	7885.6	872406	0	3	1	0	0xd43f5e018b415631
36	8	3	v1	17	2026-07-15T07:09:48Z	2026-07-15T07:09:59Z	62000	62000	1600000	1600000	0	166630	2183.59	19606	82492.8	15169.9	21950.3	10929.3	3828.51	2473.56	7913.44	822519	0	2	1	0	0xd43f5e018b415631
36	8	3	v1	18	2026-07-15T07:09:48Z	2026-07-15T07:09:59Z	62000	62000	1600000	1600000	0	167326	2225.64	19490.2	82572.8	15108.5	22624.2	11034.2	3879.96	2391.85	7917.85	838834	0	8	1	0	0xd43f5e018b415631
36	8	3	v1	19	2026-07-15T07:09:48Z	2026-07-15T07:09:59Z	62000	62000	1600000	1600000	0	167255	2223.43	19751.8	83163.9	15203.6	21673	10893.4	3883.38	2459.85	7920.52	838949	0	4	1	0	0xd43f5e018b415631
36	8	3	v1	20	2026-07-15T07:09:48Z	2026-07-15T07:09:59Z	62000	62000	1600000	1600000	0	165850	2262.09	19573.2	82229.5	15215.9	21294.7	11079.1	3790.88	2412.18	7903.39	837842	0	0	1	0	0xd43f5e018b415631
36	8	3	v1	21	2026-07-15T07:09:48Z	2026-07-15T07:09:59Z	62000	62000	1600000	1600000	0	166709	2198.01	19643.9	82411.9	15217.1	22063.1	10887.1	3863.92	2434.52	7905.81	822566	0	2	1	0	0xd43f5e018b415631
36	8	3	v1	22	2026-07-15T07:09:48Z	2026-07-15T07:09:59Z	62000	62000	1600000	1600000	0	167668	2314.51	19590.2	82939.9	15112.9	22265.4	11048.8	3991.72	2394.22	7927.56	839533	0	2	1	0	0xd43f5e018b415631
36	8	3	v1	23	2026-07-15T07:09:48Z	2026-07-15T07:09:59Z	62000	62000	1600000	1600000	0	166598	2260.55	19589.2	82519.9	15222.4	21765.6	11115.6	3725.09	2396.93	7921.27	838532	0	1	1	0	0xd43f5e018b415631
36	8	3	v1	24	2026-07-15T07:09:48Z	2026-07-15T07:09:59Z	62000	62000	1600000	1600000	0	166795	2260.43	19522.2	83063.9	15238.1	21165.6	10907.3	4215.18	2386.14	7951.27	838430	0	12	1	0	0xd43f5e018b415631
36	8	3	v1	25	2026-07-15T07:09:48Z	2026-07-15T07:09:59Z	62000	62000	1600000	1600000	0	166555	2228.43	19516.1	82507.6	15255.6	21836.5	10960	3975.22	2451.31	7739.77	822560	0	0	1	0	0xd43f5e018b415631
36	8	3	v1	26	2026-07-15T07:09:48Z	2026-07-15T07:09:59Z	62000	62000	1600000	1600000	0	166919	2244.64	19545.7	82620.8	15127.8	22278.5	10786.2	3916.26	2423.18	7895.52	838911	0	0	1	0	0xd43f5e018b415631
36	8	3	v1	27	2026-07-15T07:09:48Z	2026-07-15T07:09:59Z	62000	62000	1600000	1600000	0	165842	2232.39	19468.9	82368.3	15168.4	21311.1	11039.5	3889.97	2385.93	7892.73	837716	0	2	1	0	0xd43f5e018b415631
36	8	3	v1	28	2026-07-15T07:09:48Z	2026-07-15T07:09:59Z	62000	62000	1600000	1600000	0	169872	2183.09	19709.9	85072.7	15162.9	22014.4	10830.3	4391.85	2530.1	7891.44	841662	0	3	1	0	0xd43f5e018b415631
36	8	3	v1	29	2026-07-15T07:09:48Z	2026-07-15T07:09:59Z	62000	62000	1600000	1600000	0	166933	2223.18	19831.8	82710.5	15326.1	21655.7	10928.6	3797.42	2433.43	7943.14	838796	0	2	1	0	0xd43f5e018b415631
36	8	3	v1	30	2026-07-15T07:09:48Z	2026-07-15T07:09:59Z	62000	62000	1600000	1600000	0	166541	2290.76	19664.4	82956.5	15207.3	21235	10905.9	3863.55	2396.93	7937.23	838319	0	7	1	0	0xd43f5e018b415631
36	8	3	v1	31	2026-07-15T07:09:48Z	2026-07-15T07:09:59Z	62000	62000	1600000	1600000	0	166544	2197.51	19544.4	82492.5	15180	21942.6	10936	3834.92	2427.47	7907.23	822483	0	1	1	0	0xd43f5e018b415631
36	8	3	v1	32	2026-07-15T07:09:48Z	2026-07-15T07:09:59Z	62000	62000	1600000	1600000	0	167265	2245.05	19668.7	82496.5	15090.4	22362.4	10932.5	3993.26	2393.64	8001.9	839222	0	1	1	0	0xd43f5e018b415631
36	8	3	v1	33	2026-07-15T07:09:48Z	2026-07-15T07:09:59Z	62000	62000	1600000	1600000	0	166527	2254.22	19529.9	82615.4	15246.9	21634.3	10926.3	3919.51	2383.89	7931.14	838441	0	1	1	0	0xd43f5e018b415631
36	8	3	v1	34	2026-07-15T07:09:48Z	2026-07-15T07:09:59Z	62000	62000	1600000	1600000	0	166308	2206.01	19614.4	82698.7	15224.9	21629.8	10853.5	3727.75	2383.56	7884.1	822242	0	1	1	0	0xd43f5e018b415631
36	8	3	v1	35	2026-07-15T07:09:48Z	2026-07-15T07:09:59Z	62000	62000	1600000	1600000	0	166940	2216.8	19780.9	82488	15189.3	22006.4	10946.9	3881.01	2425.97	7923.39	822882	0	1	1	0	0xd43f5e018b415631
36	8	3	v1	36	2026-07-15T07:09:48Z	2026-07-15T07:09:59Z	62000	62000	1600000	1600000	0	167699	2654.23	19487.3	82578.3	15395.2	22350.9	10986.6	3878.17	2389.27	7892.52	839361	0	12	1	0	0xd43f5e018b415631
36	8	3	v1	37	2026-07-15T07:09:48Z	2026-07-15T07:09:59Z	62000	62000	1600000	1600000	0	166483	2258.72	19703.2	82554.7	15213.1	21721.6	10924.7	3738.55	2402.6	7886.1	838404	0	1	1	0	0xd43f5e018b415631
36	8	3	v1	38	2026-07-15T07:09:48Z	2026-07-15T07:09:59Z	62000	62000	1600000	1600000	0	165658	2281.8	19548.3	82394.5	15189.5	21670.7	10808.5	3666	2389.35	7625.22	821602	0	1	1	0	0xd43f5e018b415631
36	8	3	v1	39	2026-07-15T07:09:48Z	2026-07-15T07:09:59Z	62000	62000	1600000	1600000	0	167238	2258.05	19608.6	82428.7	15105.5	22208.6	11176.1	4048.97	2395.76	7929.06	839179	0	1	1	0	0xd43f5e018b415631
36	8	3	v1	40	2026-07-15T07:09:48Z	2026-07-15T07:09:59Z	62000	62000	1600000	1600000	0	168911	2257.68	19552.6	85198.2	15582.1	21202.2	11040.8	3713.84	2386.6	7885.98	840763	0	2	1	0	0xd43f5e018b415631
36	8	3	v1	41	2026-07-15T07:09:48Z	2026-07-15T07:09:59Z	62000	62000	1600000	1600000	0	166906	2258.84	19567.1	82633.6	15166.5	21982.6	10963.3	3845.46	2490.64	7916.48	822798	0	2	1	0	0xd43f5e018b415631
36	8	3	v1	42	2026-07-15T07:09:48Z	2026-07-15T07:09:59Z	62000	62000	1600000	1600000	0	167517	2260.3	19498.7	82672.3	15119.2	22155.3	11277.6	4111.89	2391.14	7946.48	839214	0	7	1	0	0xd43f5e018b415631
36	8	3	v1	43	2026-07-15T07:09:48Z	2026-07-15T07:09:59Z	62000	62000	1600000	1600000	0	166350	2233.97	19501.6	82544.6	15240.7	21735.8	10954	3740.84	2390.02	7927.52	838278	0	1	1	0	0xd43f5e018b415631
36	8	3	v1	44	2026-07-15T07:09:48Z	2026-07-15T07:09:59Z	62000	62000	1600000	1600000	0	166210	2204.18	19672.4	82385.1	15219	21589	10935.6	3842.13	2388.22	7888.98	822211	0	0	1	0	0xd43f5e018b415631
36	8	3	v1	45	2026-07-15T07:09:48Z	2026-07-15T07:09:59Z	62000	62000	1600000	1600000	0	167096	2224.14	19645.6	82645.7	15223	22073.2	10873.3	3968.55	2429.85	7927.31	822958	0	2	1	0	0xd43f5e018b415631
36	8	3	v1	46	2026-07-15T07:09:48Z	2026-07-15T07:09:59Z	62000	62000	1600000	1600000	0	167266	2320.72	19710.1	82616.3	15111.5	22243.1	10993.9	3824.46	2400.76	7961.27	839108	0	2	1	0	0xd43f5e018b415631
36	8	3	v1	47	2026-07-15T07:09:48Z	2026-07-15T07:09:59Z	62000	62000	1600000	1600000	0	167674	2249.05	19815.1	83283.6	15161.1	21703	11179.2	3772.13	2469.06	7957.6	839219	0	7	1	0	0xd43f5e018b415631
36	8	3	v1	48	2026-07-15T07:09:48Z	2026-07-15T07:09:59Z	62000	62000	1600000	1600000	0	167378	2245.34	19620.9	83117.6	15230.2	21697.4	11083.9	3923.59	2456.39	7920.85	839023	0	12	1	0	0xd43f5e018b415631
36	8	3	v1	49	2026-07-15T07:09:48Z	2026-07-15T07:09:59Z	62000	62000	1600000	1600000	0	166252	2292.93	19599.9	82832.2	15157	21269.7	10930.4	3783.3	2416.22	7887.48	838186	0	1	1	0	0xd43f5e018b415631
37	9	0	v1	0	2026-07-15T07:09:59Z	2026-07-15T07:10:10Z	62000	62000	1600000	1600000	0	166476	2179.13	19507.2	82593.6	15184	21466.2	11258.9	3852.59	2384.77	7966.52	838471	0	0	1	0	0xd43f5e018b415631
37	9	0	v1	1	2026-07-15T07:09:59Z	2026-07-15T07:10:10Z	62000	62000	1600000	1600000	0	166723	2172.18	19799.1	82344.1	15303.9	21928.9	10844.3	3911.51	2530.39	7800.39	822430	0	8	1	0	0xd43f5e018b415631
37	9	0	v1	2	2026-07-15T07:09:59Z	2026-07-15T07:10:10Z	62000	62000	1600000	1600000	0	167126	2200.43	19746.3	82491.4	15121.5	22326.3	10865.3	3968.59	2405.72	7923.02	839129	0	0	1	0	0xd43f5e018b415631
37	9	0	v1	3	2026-07-15T07:09:59Z	2026-07-15T07:10:10Z	62000	62000	1600000	1600000	0	166915	2198.51	19723	82709.6	15228.3	21765.1	10983.3	3856.96	2429.52	7934.23	838725	0	3	1	0	0xd43f5e018b415631
37	9	0	v1	4	2026-07-15T07:09:59Z	2026-07-15T07:10:10Z	62000	62000	1600000	1600000	0	166435	2196.55	19465.4	82464.5	15196.6	21360.4	11310.5	4052.93	2402.68	7898.56	838182	0	3	1	0	0xd43f5e018b415631
37	9	0	v1	5	2026-07-15T07:09:59Z	2026-07-15T07:10:10Z	62000	62000	1600000	1600000	0	166732	2158.43	19649.2	82412.8	15167.1	22011.3	10941.5	3955.18	2430.56	7918.48	822683	0	1	1	0	0xd43f5e018b415631
37	9	0	v1	6	2026-07-15T07:09:59Z	2026-07-15T07:10:10Z	62000	62000	1600000	1600000	0	167337	2213.68	19608	82368.9	15138.8	22201.8	11417.8	3967.01	2414.01	7919.27	839103	0	6	1	0	0xd43f5e018b415631
37	9	0	v1	7	2026-07-15T07:09:59Z	2026-07-15T07:10:10Z	62000	62000	1600000	1600000	0	167049	2197.64	19668.1	82727	15260.9	21851.5	11026.2	3851.63	2426.76	7953.27	838899	0	6	1	0	0xd43f5e018b415631
37	9	0	v1	8	2026-07-15T07:09:59Z	2026-07-15T07:10:10Z	62000	62000	1600000	1600000	0	166024	2294.76	19606.8	82607.4	15196.7	21315.2	10839	3750.3	2393.6	7937.98	837874	0	2	1	0	0xd43f5e018b415631
37	9	0	v1	9	2026-07-15T07:09:59Z	2026-07-15T07:10:10Z	62000	62000	1600000	1600000	0	166766	2144.59	19755.6	82229.1	15212.9	22262.1	10814.8	3915.68	2442.72	7903.48	822561	0	4	1	0	0xd43f5e018b415631
37	9	0	v1	10	2026-07-15T07:09:59Z	2026-07-15T07:10:10Z	62000	62000	1600000	1600000	0	167258	2184.18	19671.7	82624.1	15142.6	22258.1	11036.1	3971.13	2390.43	7893.27	839069	0	3	1	0	0xd43f5e018b415631
37	9	0	v1	11	2026-07-15T07:09:59Z	2026-07-15T07:10:10Z	62000	62000	1600000	1600000	0	169327	2185.47	19519	85124.3	15209.2	21535.8	11519.2	3843.26	2405.47	7898.89	857209	0	2	1	0	0xd43f5e018b415631
37	9	0	v1	12	2026-07-15T07:09:59Z	2026-07-15T07:10:10Z	62000	62000	1600000	1600000	0	166744	2142.72	19628.9	82378.1	15162.6	22158.9	10729.3	4058.22	2435.43	7964.35	822547	0	1	1	0	0xd43f5e018b415631
37	9	0	v1	13	2026-07-15T07:09:59Z	2026-07-15T07:10:10Z	62000	62000	1600000	1600000	0	167498	2189.26	19661	82441	15165.1	22280.6	11283.2	4077.97	2385.39	7930.56	839119	0	8	1	0	0xd43f5e018b415631
37	9	0	v1	14	2026-07-15T07:09:59Z	2026-07-15T07:10:10Z	62000	62000	1600000	1600000	0	166440	2208.55	19702.1	82395.2	15213.7	21674.1	11039.9	3802.04	2390.72	7928.14	838436	0	0	1	0	0xd43f5e018b415631
37	9	0	v1	15	2026-07-15T07:09:59Z	2026-07-15T07:10:10Z	62000	62000	1600000	1600000	0	166419	2169.89	19658.5	82482.8	15352.4	21582.1	10971.7	3813.63	2387.88	7913.19	838184	0	4	1	0	0xd43f5e018b415631
37	9	0	v1	16	2026-07-15T07:09:59Z	2026-07-15T07:10:10Z	62000	62000	1600000	1600000	0	166896	2153.34	19646.8	82657.9	15153.9	22122.5	10858.8	3807.09	2453.18	7955.44	822839	0	1	1	0	0xd43f5e018b415631
37	9	0	v1	17	2026-07-15T07:09:59Z	2026-07-15T07:10:10Z	62000	62000	1600000	1600000	0	167207	2215.64	19692.1	82616	15111.6	22364.6	11017.7	3796.55	2384.51	7921.31	839206	0	0	1	0	0xd43f5e018b415631
37	9	0	v1	18	2026-07-15T07:09:59Z	2026-07-15T07:10:10Z	62000	62000	1600000	1600000	0	166783	2184.76	19544.2	82537.7	15283.4	21956	10928.6	3974.72	2380.47	7908.98	838549	0	6	1	0	0xd43f5e018b415631
37	9	0	v1	19	2026-07-15T07:09:59Z	2026-07-15T07:10:10Z	62000	62000	1600000	1600000	0	166514	2143.01	19657.6	82590.9	15403.7	21520.3	10993.4	3793.05	2388.55	7937.19	838180	0	9	1	0	0xd43f5e018b415631
37	9	0	v1	20	2026-07-15T07:09:59Z	2026-07-15T07:10:10Z	62000	62000	1600000	1600000	0	166726	2143.8	19617.7	82576	15214.3	22053.9	10798.9	3840.88	2460.85	7934.19	822727	0	0	1	0	0xd43f5e018b415631
37	9	0	v1	21	2026-07-15T07:09:59Z	2026-07-15T07:10:10Z	62000	62000	1600000	1600000	0	167006	2182.26	19723.6	82467.1	15118.1	22333.2	10924.7	3823.09	2445.43	7904.1	838852	0	2	1	0	0xd43f5e018b415631
37	9	0	v1	22	2026-07-15T07:09:59Z	2026-07-15T07:10:10Z	62000	62000	1600000	1600000	0	165978	2181.05	19668.4	82299.9	15162.9	21229.7	11042.3	4011.01	2390.76	7905.27	837685	0	3	1	0	0xd43f5e018b415631
37	9	0	v1	23	2026-07-15T07:09:59Z	2026-07-15T07:10:10Z	62000	62000	1600000	1600000	0	169910	2148.88	19510.2	84902.4	15159.2	22394.7	11452.3	3919.63	2404.68	7936.1	841811	0	2	1	0	0xd43f5e018b415631
37	9	0	v1	24	2026-07-15T07:09:59Z	2026-07-15T07:10:10Z	62000	62000	1600000	1600000	0	165809	2204.3	19563.7	82477.9	15165.5	21219.1	10998.6	3757.88	2412.6	7928.19	837755	0	1	1	0	0xd43f5e018b415631
37	9	0	v1	25	2026-07-15T07:09:59Z	2026-07-15T07:10:10Z	62000	62000	1600000	1600000	0	166583	2142.51	19603.3	82429.7	15167.4	21906.4	11174.6	3885.17	2437.43	7754.85	822353	0	7	1	0	0xd43f5e018b415631
37	9	0	v1	26	2026-07-15T07:09:59Z	2026-07-15T07:10:10Z	62000	62000	1600000	1600000	0	167183	2217.47	19651.5	82437.1	15156.9	22291.6	11231.1	3765.71	2393.51	7953.94	839176	0	0	1	0	0xd43f5e018b415631
37	9	0	v1	27	2026-07-15T07:09:59Z	2026-07-15T07:10:10Z	62000	62000	1600000	1600000	0	166478	2189.72	19773	82196.5	15278.1	21726.1	11078.7	3853.38	2380.52	7915.89	838368	0	2	1	0	0xd43f5e018b415631
37	9	0	v1	28	2026-07-15T07:09:59Z	2026-07-15T07:10:10Z	62000	62000	1600000	1600000	0	166337	2152.38	19495.2	82657.7	15227.4	21673.2	10917.6	3771.63	2393.31	7965.73	838272	0	1	1	0	0xd43f5e018b415631
37	9	0	v1	29	2026-07-15T07:09:59Z	2026-07-15T07:10:10Z	62000	62000	1600000	1600000	0	167078	2165.05	19557.8	82386.4	15283.5	21908.7	11346.6	4041.35	2582.73	7719.72	823058	0	0	1	0	0xd43f5e018b415631
37	9	0	v1	30	2026-07-15T07:09:59Z	2026-07-15T07:10:10Z	62000	62000	1600000	1600000	0	167564	2205.18	19633.6	82299	15334.4	22443	11071.8	3979.22	2390.35	8121.4	839331	0	6	1	0	0xd43f5e018b415631
37	9	0	v1	31	2026-07-15T07:09:59Z	2026-07-15T07:10:10Z	62000	62000	1600000	1600000	0	167343	2195.43	19827.3	82328.3	15109.4	22444.5	11230.7	3811.26	2390.22	7923.94	839226	0	6	1	0	0xd43f5e018b415631
37	9	0	v1	32	2026-07-15T07:09:59Z	2026-07-15T07:10:10Z	62000	62000	1600000	1600000	0	165985	2183.05	19781.7	82377.4	15324.3	21107.9	10906.5	3910.38	2398.35	7906.14	837914	0	1	1	0	0xd43f5e018b415631
37	9	0	v1	33	2026-07-15T07:09:59Z	2026-07-15T07:10:10Z	62000	62000	1600000	1600000	0	166330	2150.97	19554	82441.5	15190.2	21897	10806.9	3918.01	2433.31	7852.64	822223	0	2	1	0	0xd43f5e018b415631
37	9	0	v1	34	2026-07-15T07:09:59Z	2026-07-15T07:10:10Z	62000	62000	1600000	1600000	0	167224	2197.05	19672.1	82833.6	15098.7	22293.6	10877.4	3808.67	2407.1	7955.64	839028	0	3	1	0	0xd43f5e018b415631
37	9	0	v1	35	2026-07-15T07:09:59Z	2026-07-15T07:10:10Z	62000	62000	1600000	1600000	0	169274	2182.3	19649.6	84992.7	15259.9	21572.8	11162.7	3976.22	2434.64	7960.48	857195	0	1	1	0	0xd43f5e018b415631
37	9	0	v1	36	2026-07-15T07:09:59Z	2026-07-15T07:10:10Z	62000	62000	1600000	1600000	0	166811	2165.05	19670.5	82378.4	15257.2	21983	11129.4	3787.29	2447.68	7906.39	822760	0	1	1	0	0xd43f5e018b415631
37	9	0	v1	37	2026-07-15T07:09:59Z	2026-07-15T07:10:10Z	62000	62000	1600000	1600000	0	166441	2167.63	19598.4	82233.6	15278.5	21785.3	11009	3931.43	2446.47	7905.43	838262	0	3	1	0	0xd43f5e018b415631
37	9	0	v1	38	2026-07-15T07:09:59Z	2026-07-15T07:10:10Z	62000	62000	1600000	1600000	0	166411	2245.51	19738.1	82470.8	15240.3	21356.2	11103.2	3879.38	2406.68	7881.35	838280	0	6	1	0	0xd43f5e018b415631
37	9	0	v1	39	2026-07-15T07:09:59Z	2026-07-15T07:10:10Z	62000	62000	1600000	1600000	0	166687	2140.09	19797.5	82296	15149	21977.9	10967.5	3866.26	2484.48	7924.81	822565	0	2	1	0	0xd43f5e018b415631
37	9	0	v1	40	2026-07-15T07:09:59Z	2026-07-15T07:10:10Z	62000	62000	1600000	1600000	0	167297	2190.72	19555.6	82552.2	15088.6	22238.7	11374.9	3889.39	2394.18	7926.35	839296	0	0	1	0	0xd43f5e018b415631
37	9	0	v1	41	2026-07-15T07:09:59Z	2026-07-15T07:10:10Z	62000	62000	1600000	1600000	0	166462	2220.47	19470	82269.8	15317.6	21738.3	11112.5	3902.47	2404.14	7942.73	838459	0	0	1	0	0xd43f5e018b415631
37	9	0	v1	42	2026-07-15T07:09:59Z	2026-07-15T07:10:10Z	62000	62000	1600000	1600000	0	165750	2159.01	19561.9	82350.6	15243	21662.5	10692.6	3962.97	2387.43	7587.09	821526	0	6	1	0	0xd43f5e018b415631
37	9	0	v1	43	2026-07-15T07:09:59Z	2026-07-15T07:10:10Z	62000	62000	1600000	1600000	0	167685	2356.3	19654	82765.6	15391.6	22211.6	10979	4009.3	2383.68	7845.64	839308	0	5	1	0	0xd43f5e018b415631
37	9	0	v1	44	2026-07-15T07:09:59Z	2026-07-15T07:10:10Z	62000	62000	1600000	1600000	0	167323	2199.34	19638.5	82744.5	15281.5	22221.3	10828.8	3998.47	2394.68	7927.52	839173	0	6	1	0	0xd43f5e018b415631
37	9	0	v1	45	2026-07-15T07:09:59Z	2026-07-15T07:10:10Z	62000	62000	1600000	1600000	0	166526	2200.09	19794.3	82374.5	15242.4	21625	11130	3771.13	2385.94	7915.56	838416	0	2	1	0	0xd43f5e018b415631
37	9	0	v1	46	2026-07-15T07:09:59Z	2026-07-15T07:10:10Z	62000	62000	1600000	1600000	0	166739	2194.3	19963.8	82686.8	15168.4	21311.5	11159.3	3864.42	2405.81	7890.23	838552	0	3	1	0	0xd43f5e018b415631
37	9	0	v1	47	2026-07-15T07:09:59Z	2026-07-15T07:10:10Z	62000	62000	1600000	1600000	0	170693	3094.49	19816.8	84640.4	15345.2	21839.3	11434.9	4037.22	2504.35	7893.48	842586	0	2	1	0	0xd43f5e018b415631
37	9	0	v1	48	2026-07-15T07:09:59Z	2026-07-15T07:10:10Z	62000	62000	1600000	1600000	0	167135	2205.93	19707.8	82253.6	15143.8	22353.7	10940.2	4110.64	2382.51	7949.23	839072	0	1	1	0	0xd43f5e018b415631
37	9	0	v1	49	2026-07-15T07:09:59Z	2026-07-15T07:10:10Z	62000	62000	1600000	1600000	0	165669	2188.97	19706.8	82194.7	15146.2	21168.2	10989	3853.67	2382.68	7952.64	837602	0	1	1	0	0xd43f5e018b415631
38	9	1	v2	0	2026-07-15T07:10:10Z	2026-07-15T07:10:21Z	63000	63000	1600000	1600000	0	166168	2203.76	19559.3	82704.9	15178.7	21503.3	11080.1	3946.38	2382.85	7521.09	822175	0	0	1	0	0xd43f5e018b415631
38	9	1	v2	1	2026-07-15T07:10:10Z	2026-07-15T07:10:21Z	63000	63000	1600000	1600000	0	166706	2195.97	19561.4	82827.3	15207.3	21976.1	11045.9	3904.34	2422.43	7475.97	822337	0	8	1	0	0xd43f5e018b415631
38	9	1	v2	2	2026-07-15T07:10:10Z	2026-07-15T07:10:21Z	63000	63000	1600000	1600000	0	167072	2232.14	19605.3	82550.1	15109.3	22646.5	10923.8	3862.97	2432.51	7623.76	838851	0	8	1	0	0xd43f5e018b415631
38	9	1	v2	3	2026-07-15T07:10:10Z	2026-07-15T07:10:21Z	63000	63000	1600000	1600000	0	165980	2249.84	19692.8	82688.2	15168.9	21214.1	11000.8	3872.01	2390.05	7616.01	837793	0	3	1	0	0xd43f5e018b415631
38	9	1	v2	4	2026-07-15T07:10:10Z	2026-07-15T07:10:21Z	63000	63000	1600000	1600000	0	166424	2213.68	19638.3	82519.5	15208.1	21973.1	10772	3945.8	2560.81	7503.51	822243	0	3	1	0	0xd43f5e018b415631
38	9	1	v2	5	2026-07-15T07:10:10Z	2026-07-15T07:10:21Z	63000	63000	1600000	1600000	0	170343	2310.14	19687.4	84434.1	16185.7	22290.4	11284.1	4052.35	2429.56	7580.76	858196	0	2	1	0	0xd43f5e018b415631
38	9	1	v2	6	2026-07-15T07:10:10Z	2026-07-15T07:10:21Z	63000	63000	1600000	1600000	0	165458	2188.89	19558.8	82479.5	15221.4	21567.6	10774.8	3846.22	2457.77	7274.71	821465	0	0	1	0	0xd43f5e018b415631
38	9	1	v2	7	2026-07-15T07:10:10Z	2026-07-15T07:10:21Z	63000	63000	1600000	1600000	0	167064	2240.68	19525.5	82477	15145.8	22245.7	11211.6	4173.43	2395.22	7560.93	838989	0	1	1	0	0xd43f5e018b415631
38	9	1	v2	8	2026-07-15T07:10:10Z	2026-07-15T07:10:21Z	63000	63000	1600000	1600000	0	165885	2217.09	19609.1	82654	15181.5	21158.1	11035.3	3965.88	2382.14	7594.39	837754	0	2	1	0	0xd43f5e018b415631
38	9	1	v2	9	2026-07-15T07:10:10Z	2026-07-15T07:10:21Z	63000	63000	1600000	1600000	0	166420	2191.13	19513.4	82678.2	15119.1	21974.8	10961.7	3955.09	2424.68	7513.47	822177	0	8	1	0	0xd43f5e018b415631
38	9	1	v2	10	2026-07-15T07:10:10Z	2026-07-15T07:10:21Z	63000	63000	1600000	1600000	0	166987	2244.72	19635.5	82827.3	15147.3	22261.1	10972.7	3833.13	2419.31	7558.3	838919	0	1	1	0	0xd43f5e018b415631
38	9	1	v2	11	2026-07-15T07:10:10Z	2026-07-15T07:10:21Z	63000	63000	1600000	1600000	0	165743	2243.18	19639.8	82436.1	15176.1	21248.2	11012	3956.38	2399.31	7547.01	837736	0	0	1	0	0xd43f5e018b415631
38	9	1	v2	12	2026-07-15T07:10:10Z	2026-07-15T07:10:21Z	63000	63000	1600000	1600000	0	166503	2179.68	19741.7	82492.2	15206.2	22034.6	10912.5	3813.8	2472.48	7561.14	822510	0	0	1	0	0xd43f5e018b415631
38	9	1	v2	13	2026-07-15T07:10:10Z	2026-07-15T07:10:21Z	63000	63000	1600000	1600000	0	167495	2227.14	20686.3	82344	15108.6	22189.2	11042.6	3836.26	2406.1	7565.93	839246	0	6	1	0	0xd43f5e018b415631
38	9	1	v2	14	2026-07-15T07:10:10Z	2026-07-15T07:10:21Z	63000	63000	1600000	1600000	0	166466	2237.55	19687	82292.3	15234.5	21702.3	11203.6	3984.84	2469.39	7566.26	838458	0	0	1	0	0xd43f5e018b415631
38	9	1	v2	15	2026-07-15T07:10:10Z	2026-07-15T07:10:21Z	63000	63000	1600000	1600000	0	166617	2379.47	19450.8	83311.4	15163.5	21395.6	11027.4	3846.76	2393.35	7559.93	838301	0	10	1	0	0xd43f5e018b415631
38	9	1	v2	16	2026-07-15T07:10:10Z	2026-07-15T07:10:21Z	63000	63000	1600000	1600000	0	166557	2186.8	19813.6	82473.3	15157.8	22001.2	11029.5	3810.84	2431.47	7565.59	822412	0	2	1	0	0xd43f5e018b415631
38	9	1	v2	17	2026-07-15T07:10:10Z	2026-07-15T07:10:21Z	63000	63000	1600000	1600000	0	168519	2219.22	19632	85015.1	15272.9	21244.7	11282	3810.25	2384.39	7569.43	840520	0	0	1	0	0xd43f5e018b415631
38	9	1	v2	18	2026-07-15T07:10:10Z	2026-07-15T07:10:21Z	63000	63000	1600000	1600000	0	166955	2248.55	19657.6	82559.6	15287.9	22122.8	11101	3941.92	2393.22	7552.05	838801	0	2	1	0	0xd43f5e018b415631
38	9	1	v2	19	2026-07-15T07:10:10Z	2026-07-15T07:10:21Z	63000	63000	1600000	1600000	0	167210	2268.14	19595	82759	15242.7	22306.4	11104.4	3824.34	2436.51	7587.34	839139	0	1	1	0	0xd43f5e018b415631
38	9	1	v2	20	2026-07-15T07:10:10Z	2026-07-15T07:10:21Z	63000	63000	1600000	1600000	0	165407	2234.76	19653	82202.5	15173.4	21434	10920.1	3781.01	2389.39	7535.22	821300	0	2	1	0	0xd43f5e018b415631
38	9	1	v2	21	2026-07-15T07:10:10Z	2026-07-15T07:10:21Z	63000	63000	1600000	1600000	0	166858	2235.51	19775.3	82713.7	15259.2	22119.9	10837.9	3808.96	2457.06	7563.13	838593	0	8	1	0	0xd43f5e018b415631
38	9	1	v2	22	2026-07-15T07:10:10Z	2026-07-15T07:10:21Z	63000	63000	1600000	1600000	0	165429	2240.26	19589.1	82502.1	15171.5	21115.8	11047.2	3728.59	2384.14	7563.68	837430	0	0	1	0	0xd43f5e018b415631
38	9	1	v2	23	2026-07-15T07:10:10Z	2026-07-15T07:10:21Z	63000	63000	1600000	1600000	0	166431	2190.05	19749.9	82418	15190.6	21944.1	10820.1	3894.8	2525.68	7609.51	822379	0	1	1	0	0xd43f5e018b415631
38	9	1	v2	24	2026-07-15T07:10:10Z	2026-07-15T07:10:21Z	63000	63000	1600000	1600000	0	166385	2248.84	19609.1	82743.1	15185.7	21680.9	11037	3775.5	2443.6	7574.01	838378	0	0	1	0	0xd43f5e018b415631
38	9	1	v2	25	2026-07-15T07:10:10Z	2026-07-15T07:10:21Z	63000	63000	1600000	1600000	0	166277	2194.09	19895.5	82581.6	15270.2	21372.6	11009.1	3896.26	2387.81	7577.34	821893	0	9	1	0	0xd43f5e018b415631
38	9	1	v2	26	2026-07-15T07:10:10Z	2026-07-15T07:10:21Z	63000	63000	1600000	1600000	0	166079	2176.72	19487.6	82181.6	15151.6	22239	10782.4	3985.84	2391.26	7598.09	822076	0	0	1	0	0xd43f5e018b415631
38	9	1	v2	27	2026-07-15T07:10:10Z	2026-07-15T07:10:21Z	63000	63000	1600000	1600000	0	166531	2232.51	19655.4	82540.1	15246.7	21819.8	11094.4	3890.01	2396.68	7571.72	838328	0	7	1	0	0xd43f5e018b415631
38	9	1	v2	28	2026-07-15T07:10:10Z	2026-07-15T07:10:21Z	63000	63000	1600000	1600000	0	166345	2196.3	19774	82655.6	15275.6	21698.8	10903.3	3794.84	2397.35	7558.05	822136	0	3	1	0	0xd43f5e018b415631
38	9	1	v2	29	2026-07-15T07:10:10Z	2026-07-15T07:10:21Z	63000	63000	1600000	1600000	0	168610	2243.09	19546.5	82709.3	15653.6	23078.8	11035.3	3937.68	2741.36	7576.39	856485	0	2	1	0	0xd43f5e018b415631
38	9	1	v2	30	2026-07-15T07:10:10Z	2026-07-15T07:10:21Z	63000	63000	1600000	1600000	0	166309	2185.51	19694.8	82463.1	15185.4	21984.6	10799.2	3880.67	2472.64	7555.55	822313	0	0	1	0	0xd43f5e018b415631
38	9	1	v2	31	2026-07-15T07:10:10Z	2026-07-15T07:10:21Z	63000	63000	1600000	1600000	0	165089	2224.89	19658	82283	15115.3	21150.9	10781.8	3833.55	2397.72	7556.88	837004	0	1	1	0	0xd43f5e018b415631
38	9	1	v2	32	2026-07-15T07:10:10Z	2026-07-15T07:10:21Z	63000	63000	1600000	1600000	0	166600	2188.76	19718.6	82607.1	15208.2	21916.7	11029	3908.96	2490.48	7450.01	822535	0	1	1	0	0xd43f5e018b415631
38	9	1	v2	33	2026-07-15T07:10:10Z	2026-07-15T07:10:21Z	63000	63000	1600000	1600000	0	166509	2234.14	19718.6	82572.8	15136.4	21806.3	11063.6	3902.59	2420.47	7567.26	838285	0	8	1	0	0xd43f5e018b415631
38	9	1	v2	34	2026-07-15T07:10:10Z	2026-07-15T07:10:21Z	63000	63000	1600000	1600000	0	166101	2252.14	19534.7	82528.9	15209.2	21537.8	10995.3	3989.26	2403.68	7556.43	822055	0	1	1	0	0xd43f5e018b415631
38	9	1	v2	35	2026-07-15T07:10:10Z	2026-07-15T07:10:21Z	63000	63000	1600000	1600000	0	166770	2192.55	19585.6	82656.6	15198.6	22023.1	11222.2	3850.46	2442.43	7515.84	822773	0	0	1	0	0xd43f5e018b415631
38	9	1	v2	36	2026-07-15T07:10:10Z	2026-07-15T07:10:21Z	63000	63000	1600000	1600000	0	165259	2243.47	19674.6	82276.6	15183.2	21061.9	10960.7	3807.96	2390.55	7571.76	837253	0	0	1	0	0xd43f5e018b415631
38	9	1	v2	37	2026-07-15T07:10:10Z	2026-07-15T07:10:21Z	63000	63000	1600000	1600000	0	166502	2177.97	19841.6	82466.1	15513.3	21832.5	10730	3905.43	2508.85	7440.17	822118	0	8	1	0	0xd43f5e018b415631
38	9	1	v2	38	2026-07-15T07:10:10Z	2026-07-15T07:10:21Z	63000	63000	1600000	1600000	0	166126	2231.26	19550.6	82531.2	15284.4	21585.6	10924	3936.22	2420.47	7576.72	838121	0	0	1	0	0xd43f5e018b415631
38	9	1	v2	39	2026-07-15T07:10:10Z	2026-07-15T07:10:21Z	63000	63000	1600000	1600000	0	166276	2179.14	19637.3	82897.1	15149.5	21540.1	10888.2	3974.34	2394.47	7534.55	822097	0	7	1	0	0xd43f5e018b415631
38	9	1	v2	40	2026-07-15T07:10:10Z	2026-07-15T07:10:21Z	63000	63000	1600000	1600000	0	166599	2200.09	19787.3	82535.8	15185.4	22083	10763.7	3931.22	2422.1	7607.14	838318	0	3	1	0	0xd43f5e018b415631
38	9	1	v2	41	2026-07-15T07:10:10Z	2026-07-15T07:10:21Z	63000	63000	1600000	1600000	0	169156	2252.47	19711.1	83851.9	15463.7	21901.2	12023.9	3844.72	2449.06	7571.8	857085	0	1	1	0	0xd43f5e018b415631
38	9	1	v2	42	2026-07-15T07:10:10Z	2026-07-15T07:10:21Z	63000	63000	1600000	1600000	0	166588	2204.39	19655	82483.8	15245.7	22055.1	10924.9	3877.05	2471.27	7584.09	822417	0	3	1	0	0xd43f5e018b415631
38	9	1	v2	43	2026-07-15T07:10:10Z	2026-07-15T07:10:21Z	63000	63000	1600000	1600000	0	165331	2244.51	19761.4	82294.8	15329.5	21020.7	10917.3	3724.75	2383.93	7567.8	837267	0	1	1	0	0xd43f5e018b415631
38	9	1	v2	44	2026-07-15T07:10:10Z	2026-07-15T07:10:21Z	63000	63000	1600000	1600000	0	166316	2204.34	19621.9	82274.3	15185.3	21956.6	11054.5	3838.8	2514.02	7577.72	822247	0	1	1	0	0xd43f5e018b415631
38	9	1	v2	45	2026-07-15T07:10:10Z	2026-07-15T07:10:21Z	63000	63000	1600000	1600000	0	167431	2249.3	19822.1	82760.7	15100.4	22243.5	11273.7	3899.13	2397.14	7600.18	839181	0	8	1	0	0xd43f5e018b415631
38	9	1	v2	46	2026-07-15T07:10:10Z	2026-07-15T07:10:21Z	63000	63000	1600000	1600000	0	165675	2250.01	19653.5	82464.4	15166	21135.5	11022.4	3954.22	2381.6	7557.89	837661	0	0	1	0	0xd43f5e018b415631
38	9	1	v2	47	2026-07-15T07:10:10Z	2026-07-15T07:10:21Z	63000	63000	1600000	1600000	0	166450	2184.47	19626.5	82342	15177.6	21940	11132.9	3862.67	2466.06	7636.1	822449	0	0	1	0	0xd43f5e018b415631
38	9	1	v2	48	2026-07-15T07:10:10Z	2026-07-15T07:10:21Z	63000	63000	1600000	1600000	0	166303	2221.59	19477.2	82530.7	15221.9	21820.9	11053.8	3872.97	2428.85	7591.64	838298	0	0	1	0	0xd43f5e018b415631
38	9	1	v2	49	2026-07-15T07:10:10Z	2026-07-15T07:10:21Z	63000	63000	1600000	1600000	0	166299	2206.68	19668.1	82648.3	15196.7	21421.7	11259.1	3888.18	2390.64	7530.51	821931	0	8	1	0	0xd43f5e018b415631
39	9	2	v2	0	2026-07-15T07:10:21Z	2026-07-15T07:10:32Z	63000	62000	1600000	1600000	0	168663	2281.05	20017	82918.2	15419.9	22744.9	11078.1	3843.8	2765.19	7507.01	840389	0	5	1	0	0xd43f5e018b415631
39	9	2	v2	1	2026-07-15T07:10:21Z	2026-07-15T07:10:32Z	63000	62000	1600000	1600000	0	166909	2159.43	19909.5	82573.9	15231.7	21971.1	11145	3883.17	2412.85	7529.68	838488	0	6	1	0	0xd43f5e018b415631
39	9	2	v2	2	2026-07-15T07:10:21Z	2026-07-15T07:10:32Z	63000	62000	1600000	1600000	0	167878	2763.82	19670.9	82919.5	15215.5	22114.9	11158.3	4053.93	2478.72	7414.3	839420	0	7	1	0	0xd43f5e018b415631
39	9	2	v2	3	2026-07-15T07:10:21Z	2026-07-15T07:10:32Z	63000	62000	1600000	1600000	0	166914	2208.3	19707.8	82522.7	15147.7	22323.8	10972.6	3825.63	2584.31	7532.34	838597	0	6	1	0	0xd43f5e018b415631
39	9	2	v2	4	2026-07-15T07:10:21Z	2026-07-15T07:10:32Z	63000	62000	1600000	1600000	0	165532	2194.34	19564.7	82251.3	15293.5	21406.4	10993.4	3821.17	2403.68	7514.97	821243	0	9	1	0	0xd43f5e018b415631
39	9	2	v2	5	2026-07-15T07:10:21Z	2026-07-15T07:10:32Z	63000	62000	1600000	1600000	0	167042	2260.22	19705.1	82803	15209.8	22048	11080.8	3782.46	2437.97	7625.26	838811	0	4	1	0	0xd43f5e018b415631
39	9	2	v2	6	2026-07-15T07:10:21Z	2026-07-15T07:10:32Z	63000	62000	1600000	1600000	0	167401	2218.8	19949.5	82375.9	15328.8	22445.6	11083.9	3960.22	2385.76	7565.09	839212	0	4	1	0	0xd43f5e018b415631
39	9	2	v2	7	2026-07-15T07:10:21Z	2026-07-15T07:10:32Z	63000	62000	1600000	1600000	0	166649	2185.05	19719	82480.1	15243.5	21777	11344.1	3839.67	2383.27	7586.22	838170	0	11	1	0	0xd43f5e018b415631
39	9	2	v2	8	2026-07-15T07:10:21Z	2026-07-15T07:10:32Z	63000	62000	1600000	1600000	0	165512	2152.47	19506	82514.1	15238	21627.8	10971.1	3798.8	2383.93	7230.42	821254	0	5	1	0	0xd43f5e018b415631
39	9	2	v2	9	2026-07-15T07:10:21Z	2026-07-15T07:10:32Z	63000	62000	1600000	1600000	0	166861	2215.84	19703.5	82500.1	15156.3	22323.4	10965	3913.05	2426.72	7531.55	838573	0	5	1	0	0xd43f5e018b415631
39	9	2	v2	10	2026-07-15T07:10:21Z	2026-07-15T07:10:32Z	63000	62000	1600000	1600000	0	166082	2270.34	19677.2	82586.8	15211.9	21282.1	11056.5	3968.47	2391.68	7546.13	837480	0	12	1	0	0xd43f5e018b415631
39	9	2	v2	11	2026-07-15T07:10:21Z	2026-07-15T07:10:32Z	63000	62000	1600000	1600000	0	166301	2144.63	19654.8	82331.4	15318.9	21924.6	10872.9	3830.92	2597.06	7536.47	821994	0	5	1	0	0xd43f5e018b415631
39	9	2	v2	12	2026-07-15T07:10:21Z	2026-07-15T07:10:32Z	63000	62000	1600000	1600000	0	167967	2199.68	19832.8	82309.3	15217	23689.9	11039.6	3879.26	2380.97	7333.76	839602	0	6	1	0	0xd43f5e018b415631
39	9	2	v2	13	2026-07-15T07:10:21Z	2026-07-15T07:10:32Z	63000	62000	1600000	1600000	0	167149	2187.43	19680.2	82705.1	15197.5	22295.9	10898.8	4122.39	2389.84	7578.97	838877	0	5	1	0	0xd43f5e018b415631
39	9	2	v2	14	2026-07-15T07:10:21Z	2026-07-15T07:10:32Z	63000	62000	1600000	1600000	0	166320	2217.84	19652.1	82535.1	15272.5	21699	10995	3925.63	2392.88	7537.59	838107	0	4	1	0	0xd43f5e018b415631
39	9	2	v2	15	2026-07-15T07:10:21Z	2026-07-15T07:10:32Z	63000	62000	1600000	1600000	0	166409	2153.55	19676.4	82571.7	15369	21657.7	11069.2	3902.96	2399.06	7517.68	821947	0	9	1	0	0xd43f5e018b415631
39	9	2	v2	16	2026-07-15T07:10:21Z	2026-07-15T07:10:32Z	63000	62000	1600000	1600000	0	166996	2208.43	19835.5	82451.7	15337.3	22108.1	11062.9	3924.97	2411.72	7567.26	838647	0	5	1	0	0xd43f5e018b415631
39	9	2	v2	17	2026-07-15T07:10:21Z	2026-07-15T07:10:32Z	63000	62000	1600000	1600000	0	167338	2200.05	19857.6	83026.7	15096.2	22311.9	10921.5	3881.68	2386.01	7569.09	839031	0	10	1	0	0xd43f5e018b415631
39	9	2	v2	18	2026-07-15T07:10:21Z	2026-07-15T07:10:32Z	63000	62000	1600000	1600000	0	165776	2216.97	19672.3	82702.6	15251.5	21133.3	10826	3912.63	2396.72	7577.76	837578	0	4	1	0	0xd43f5e018b415631
39	9	2	v2	19	2026-07-15T07:10:21Z	2026-07-15T07:10:32Z	63000	62000	1600000	1600000	0	166477	2158.76	19729.3	82523.7	15231.2	21871.9	11070.5	3834.88	2481.14	7485.26	823271	0	9	1	0	0xd43f5e018b415631
39	9	2	v2	20	2026-07-15T07:10:21Z	2026-07-15T07:10:32Z	63000	62000	1600000	1600000	0	165956	2208.09	19650	82389.3	15188.3	21749.8	10882.8	3870.05	2393.43	7537.39	836561	0	4	1	0	0xd43f5e018b415631
39	9	2	v2	21	2026-07-15T07:10:21Z	2026-07-15T07:10:32Z	63000	62000	1600000	1600000	0	166371	2149.72	19627.1	82680.1	15275.2	21632.3	11177.4	3845.05	2382.81	7513.51	822081	0	6	1	0	0xd43f5e018b415631
39	9	2	v2	22	2026-07-15T07:10:21Z	2026-07-15T07:10:32Z	63000	62000	1600000	1600000	0	166831	2199.01	19595.6	82467.7	15157.8	22188	11353.2	3835.55	2391.89	7553.97	838587	0	4	1	0	0xd43f5e018b415631
39	9	2	v2	23	2026-07-15T07:10:21Z	2026-07-15T07:10:32Z	63000	62000	1600000	1600000	0	165537	2342.72	19534.4	82533.9	15268.9	21061.2	10908.8	3817.26	2390.55	7591.47	837075	0	10	1	0	0xd43f5e018b415631
39	9	2	v2	24	2026-07-15T07:10:21Z	2026-07-15T07:10:32Z	63000	62000	1600000	1600000	0	169888	2150.63	19844.3	84971.3	15183.9	22092.8	11112.9	4379.56	2520.47	7543.14	841570	0	6	1	0	0xd43f5e018b415631
39	9	2	v2	25	2026-07-15T07:10:21Z	2026-07-15T07:10:32Z	63000	62000	1600000	1600000	0	166628	2184.09	19819.5	82571.5	15319.6	21786	11002.8	3870.3	2381.64	7603.14	838293	0	6	1	0	0xd43f5e018b415631
39	9	2	v2	26	2026-07-15T07:10:21Z	2026-07-15T07:10:32Z	63000	62000	1600000	1600000	0	166345	2141.26	19656	82765.1	15254.9	21586.8	11098.7	3836.34	2407.89	7512.13	822103	0	5	1	0	0xd43f5e018b415631
39	9	2	v2	27	2026-07-15T07:10:21Z	2026-07-15T07:10:32Z	63000	62000	1600000	1600000	0	166821	2138.59	19755.5	82645.3	15340	21996.6	10980.6	4030.55	2405.06	7438.84	822506	0	6	1	0	0xd43f5e018b415631
39	9	2	v2	28	2026-07-15T07:10:21Z	2026-07-15T07:10:32Z	63000	62000	1600000	1600000	0	167218	2198.76	19829.1	82726.4	15066.5	22236.4	11079.3	3997.39	2460.81	7533.22	839068	0	3	1	0	0xd43f5e018b415631
39	9	2	v2	29	2026-07-15T07:10:21Z	2026-07-15T07:10:32Z	63000	62000	1600000	1600000	0	166588	2292.34	19771.1	82581.4	15298.9	21770.9	11035.1	3794.96	2386.81	7566.47	838246	0	10	1	0	0xd43f5e018b415631
39	9	2	v2	30	2026-07-15T07:10:21Z	2026-07-15T07:10:32Z	63000	62000	1600000	1600000	0	165793	2178.22	19799.5	82346.6	15256.6	21638.6	10966.1	3778.17	2532.68	7203.58	821597	0	4	1	0	0xd43f5e018b415631
39	9	2	v2	31	2026-07-15T07:10:21Z	2026-07-15T07:10:32Z	63000	62000	1600000	1600000	0	167170	2216.26	19839.5	82772.8	15155.5	22179.3	11128.9	3838.55	2389.93	7560.39	838848	0	6	1	0	0xd43f5e018b415631
39	9	2	v2	32	2026-07-15T07:10:21Z	2026-07-15T07:10:32Z	63000	62000	1600000	1600000	0	166555	2210.22	19579.5	82689	15348.4	21693.6	11029.9	3912.3	2395.31	7606.8	838105	0	10	1	0	0xd43f5e018b415631
39	9	2	v2	33	2026-07-15T07:10:21Z	2026-07-15T07:10:32Z	63000	62000	1600000	1600000	0	166388	2167.97	19763.1	82691.7	15218	21539.7	11145.3	3861.26	2406.6	7506.97	822049	0	5	1	0	0xd43f5e018b415631
39	9	2	v2	34	2026-07-15T07:10:21Z	2026-07-15T07:10:32Z	63000	62000	1600000	1600000	0	166895	2179.3	19698.8	82659.6	15220.4	22200.3	10952.3	3930.76	2416.85	7546.09	838563	0	6	1	0	0xd43f5e018b415631
39	9	2	v2	35	2026-07-15T07:10:21Z	2026-07-15T07:10:32Z	63000	62000	1600000	1600000	0	166542	2204.64	19801.4	82373.6	15293	21883.5	10993.5	3850.63	2436.89	7617.51	838160	0	11	1	0	0xd43f5e018b415631
39	9	2	v2	36	2026-07-15T07:10:21Z	2026-07-15T07:10:32Z	63000	62000	1600000	1600000	0	169058	2162.55	19702.5	84944.1	15172.1	21674.5	11359.1	4004.76	2390.56	7556.59	840799	0	5	1	0	0xd43f5e018b415631
39	9	2	v2	37	2026-07-15T07:10:21Z	2026-07-15T07:10:32Z	63000	62000	1600000	1600000	0	167726	2830.73	19644.8	82689	15239.1	22232.7	11091.6	3971.84	2384.18	7549.51	839457	0	5	1	0	0xd43f5e018b415631
39	9	2	v2	38	2026-07-15T07:10:21Z	2026-07-15T07:10:32Z	63000	62000	1600000	1600000	0	166627	2186.93	19677.7	82616.4	15240.9	21677.8	11238.6	3865.09	2455.64	7581.47	838224	0	7	1	0	0xd43f5e018b415631
39	9	2	v2	39	2026-07-15T07:10:21Z	2026-07-15T07:10:32Z	63000	62000	1600000	1600000	0	166118	2142.43	19567.2	82944.2	15131	21548.5	10886.5	3890.3	2391.85	7526.63	821845	0	5	1	0	0xd43f5e018b415631
39	9	2	v2	40	2026-07-15T07:10:21Z	2026-07-15T07:10:32Z	63000	62000	1600000	1600000	0	166483	2169.97	19743.7	82308.5	15164.4	22195.7	11117.3	3755.84	2392.97	7544.22	838218	0	5	1	0	0xd43f5e018b415631
39	9	2	v2	41	2026-07-15T07:10:21Z	2026-07-15T07:10:32Z	63000	62000	1600000	1600000	0	166592	2213.8	19802.9	82784.9	15240	21733.2	10935.9	3807.17	2432.52	7553.72	838237	0	10	1	0	0xd43f5e018b415631
39	9	2	v2	42	2026-07-15T07:10:21Z	2026-07-15T07:10:32Z	63000	62000	1600000	1600000	0	165562	2139.63	19619.6	82362.9	15218.6	21727.3	10868.4	3949.63	2394.22	7192.34	821392	0	3	1	0	0xd43f5e018b415631
39	9	2	v2	43	2026-07-15T07:10:21Z	2026-07-15T07:10:32Z	63000	62000	1600000	1600000	0	167068	2288.39	19728.7	82436.9	15121.9	22256.6	11075.7	4146.68	2378.76	7543.89	838791	0	5	1	0	0xd43f5e018b415631
39	9	2	v2	44	2026-07-15T07:10:21Z	2026-07-15T07:10:32Z	63000	62000	1600000	1600000	0	166666	2207.18	19788.5	82789.9	15285.9	21688.3	11025.5	3851.38	2391.14	7549.3	838207	0	10	1	0	0xd43f5e018b415631
39	9	2	v2	45	2026-07-15T07:10:21Z	2026-07-15T07:10:32Z	63000	62000	1600000	1600000	0	166419	2145.97	19831.9	82826.2	15103.1	21492.2	11085.2	3960.68	2386.76	7496.18	822097	0	6	1	0	0xd43f5e018b415631
39	9	2	v2	46	2026-07-15T07:10:21Z	2026-07-15T07:10:32Z	63000	62000	1600000	1600000	0	167026	2158.09	19682.8	82584.7	15279.7	22081.1	11070	4162.85	2387.97	7526.72	838545	0	6	1	0	0xd43f5e018b415631
39	9	2	v2	47	2026-07-15T07:10:21Z	2026-07-15T07:10:32Z	63000	62000	1600000	1600000	0	167425	2213.18	19666.2	83055.5	15158.2	22211.6	11142.8	3956.72	2389.47	7544.84	839086	0	10	1	0	0xd43f5e018b415631
39	9	2	v2	48	2026-07-15T07:10:21Z	2026-07-15T07:10:32Z	63000	62000	1600000	1600000	0	168791	2288.93	19720.4	84399.7	16054.8	21269.2	11112.8	3919.88	2407.51	7526.76	840474	0	6	1	0	0xd43f5e018b415631
39	9	2	v2	49	2026-07-15T07:10:21Z	2026-07-15T07:10:32Z	63000	62000	1600000	1600000	0	167014	2179.88	19742	82673.7	15196.2	22144.7	11032.3	3994.22	2429.06	7533.76	838666	0	6	1	0	0xd43f5e018b415631
40	9	3	v1	0	2026-07-15T07:10:32Z	2026-07-15T07:10:43Z	62000	63000	1600000	1600000	0	166365	2149.84	19710.8	82600	15214	21472.7	10947.9	3870.92	2393.18	7921.69	838050	0	9	1	0	0xd43f5e018b415631
40	9	3	v1	1	2026-07-15T07:10:32Z	2026-07-15T07:10:43Z	62000	63000	1600000	1600000	0	166896	2154.63	19518.3	82679.6	15244.9	21980.8	11070.3	3846.51	2440.68	7869.64	822570	0	5	1	0	0xd43f5e018b415631
40	9	3	v1	2	2026-07-15T07:10:32Z	2026-07-15T07:10:43Z	62000	63000	1600000	1600000	0	167589	2215.64	19937.2	82651.4	15522.4	22137.7	10997	3749.42	2401.77	7892.31	839190	0	9	1	0	0xd43f5e018b415631
40	9	3	v1	3	2026-07-15T07:10:32Z	2026-07-15T07:10:43Z	62000	63000	1600000	1600000	0	166537	2200.3	19659.1	82633.1	15263.7	21648.8	10957.5	3722.8	2430.93	7936.14	838329	0	4	1	0	0xd43f5e018b415631
40	9	3	v1	4	2026-07-15T07:10:32Z	2026-07-15T07:10:43Z	62000	63000	1600000	1600000	0	166833	2309.8	19723	82823.6	15374.7	21173.6	10983.3	3959.34	2413.68	7985.81	838492	0	6	1	0	0xd43f5e018b415631
40	9	3	v1	5	2026-07-15T07:10:32Z	2026-07-15T07:10:43Z	62000	63000	1600000	1600000	0	166375	2146.88	19705.4	82416.2	15248.9	21793.4	10767.2	3908.05	2541.22	7762.06	822105	0	5	1	0	0xd43f5e018b415631
40	9	3	v1	6	2026-07-15T07:10:32Z	2026-07-15T07:10:43Z	62000	63000	1600000	1600000	0	167711	2213.72	19933.9	82670.8	15187.9	22298.9	11086.7	3931.88	2419.43	7885.43	839289	0	11	1	0	0xd43f5e018b415631
40	9	3	v1	7	2026-07-15T07:10:32Z	2026-07-15T07:10:43Z	62000	63000	1600000	1600000	0	170001	2199.8	19700.2	85648.5	15310.3	21724.1	11285.8	3725.84	2408.81	7910.35	857672	0	5	1	0	0xd43f5e018b415631
40	9	3	v1	8	2026-07-15T07:10:32Z	2026-07-15T07:10:43Z	62000	63000	1600000	1600000	0	166411	2161.55	19481.2	82499.9	15362.3	21571.5	11099.5	3847.13	2412.55	7888.43	838098	0	6	1	0	0xd43f5e018b415631
40	9	3	v1	9	2026-07-15T07:10:32Z	2026-07-15T07:10:43Z	62000	63000	1600000	1600000	0	167025	2152.43	19581.3	82800.1	15251.6	21927.4	11192.2	3749.38	2432.77	7852.18	822721	0	6	1	0	0xd43f5e018b415631
40	9	3	v1	10	2026-07-15T07:10:32Z	2026-07-15T07:10:43Z	62000	63000	1600000	1600000	0	167594	2523.31	19714.4	82844	15179.8	22076.1	11012.5	3882.51	2381.22	7890.56	839452	0	3	1	0	0xd43f5e018b415631
40	9	3	v1	11	2026-07-15T07:10:32Z	2026-07-15T07:10:43Z	62000	63000	1600000	1600000	0	167681	2297.22	19773.7	82690.3	15239.3	22230.8	10963.2	4041.63	2397.43	7958.98	839395	0	5	1	0	0xd43f5e018b415631
40	9	3	v1	12	2026-07-15T07:10:32Z	2026-07-15T07:10:43Z	62000	63000	1600000	1600000	0	166754	2207.55	19601.7	82748	15293.6	21651.1	11044.8	3782.34	2437.69	7899.52	838434	0	10	1	0	0xd43f5e018b415631
40	9	3	v1	13	2026-07-15T07:10:32Z	2026-07-15T07:10:43Z	62000	63000	1600000	1600000	0	166459	2204.26	19701.3	82783	15183.3	21287.1	11164.7	3778.46	2389.47	7876.6	838190	0	5	1	0	0xd43f5e018b415631
40	9	3	v1	14	2026-07-15T07:10:32Z	2026-07-15T07:10:43Z	62000	63000	1600000	1600000	0	166632	2145.76	19733	82833.6	15218.1	21872	10923.7	3705.96	2393.56	7721.22	822053	0	13	1	0	0xd43f5e018b415631
40	9	3	v1	15	2026-07-15T07:10:32Z	2026-07-15T07:10:43Z	62000	63000	1600000	1600000	0	167161	2202.93	19637.2	82540.6	15152	22216.7	11188.8	3819.92	2389.72	7925.98	838874	0	5	1	0	0xd43f5e018b415631
40	9	3	v1	16	2026-07-15T07:10:32Z	2026-07-15T07:10:43Z	62000	63000	1600000	1600000	0	167820	2306.72	19753.8	82814	15167.7	22195.9	11062.3	4073.84	2416.85	7937.02	839462	0	6	1	0	0xd43f5e018b415631
40	9	3	v1	17	2026-07-15T07:10:32Z	2026-07-15T07:10:43Z	62000	63000	1600000	1600000	0	167382	2283.05	19810.3	82630.2	15313.9	22279	10867.3	3785.55	2438.93	7888.27	839011	0	6	1	0	0xd43f5e018b415631
40	9	3	v1	18	2026-07-15T07:10:32Z	2026-07-15T07:10:43Z	62000	63000	1600000	1600000	0	166975	2214.39	19522.7	83019.8	15203.9	21792.4	10802.4	3940.09	2397.47	7994.6	838615	0	11	1	0	0xd43f5e018b415631
40	9	3	v1	19	2026-07-15T07:10:32Z	2026-07-15T07:10:43Z	62000	63000	1600000	1600000	0	169625	2159.8	19640	85086.6	15359.6	21949.7	10976.3	3954.26	2606.77	7804.31	841363	0	5	1	0	0xd43f5e018b415631
40	9	3	v1	20	2026-07-15T07:10:32Z	2026-07-15T07:10:43Z	62000	63000	1600000	1600000	0	167241	2257.64	19826.9	82497.1	15127.8	22271.6	10982.5	3904.63	2417.18	7866.18	839022	0	4	1	0	0xd43f5e018b415631
40	9	3	v1	21	2026-07-15T07:10:32Z	2026-07-15T07:10:43Z	62000	63000	1600000	1600000	0	167272	2310.51	19608	82900.6	15247.3	21753.2	11038.4	3987.55	2425.93	7913.02	838863	0	7	1	0	0xd43f5e018b415631
40	9	3	v1	22	2026-07-15T07:10:32Z	2026-07-15T07:10:43Z	62000	63000	1600000	1600000	0	166297	2206.14	19579	82649.5	15295.3	21226.2	10979.7	3956.76	2404.64	7911.56	838018	0	5	1	0	0xd43f5e018b415631
40	9	3	v1	23	2026-07-15T07:10:32Z	2026-07-15T07:10:43Z	62000	63000	1600000	1600000	0	166632	2158.72	19600.6	82416.1	15227.4	21825.8	11044.2	3943.97	2427.06	7904.6	822370	0	5	1	0	0xd43f5e018b415631
40	9	3	v1	24	2026-07-15T07:10:32Z	2026-07-15T07:10:43Z	62000	63000	1600000	1600000	0	167342	2204.26	19560.7	82770.9	15154.6	22399.6	10943.6	3910.89	2379.72	7933.06	839031	0	10	1	0	0xd43f5e018b415631
40	9	3	v1	25	2026-07-15T07:10:32Z	2026-07-15T07:10:43Z	62000	63000	1600000	1600000	0	166696	2204.47	19523.2	82848.9	15184.9	21667	10985.2	3797.47	2448.68	7948.06	838443	0	5	1	0	0xd43f5e018b415631
40	9	3	v1	26	2026-07-15T07:10:32Z	2026-07-15T07:10:43Z	62000	63000	1600000	1600000	0	167366	2281.97	20162.9	82399.4	15352.7	21898	10969	3921.17	2389.6	7906.31	838723	0	12	1	0	0xd43f5e018b415631
40	9	3	v1	27	2026-07-15T07:10:32Z	2026-07-15T07:10:43Z	62000	63000	1600000	1600000	0	165650	2163.76	19447.5	82568.9	15275.1	21629.4	10792.6	3715.13	2396.35	7573.26	821340	0	6	1	0	0xd43f5e018b415631
40	9	3	v1	28	2026-07-15T07:10:32Z	2026-07-15T07:10:43Z	62000	63000	1600000	1600000	0	167181	2197.22	19860.1	82508	15221.9	22233	10909.8	3870.51	2400.52	7895.31	838982	0	4	1	0	0xd43f5e018b415631
40	9	3	v1	29	2026-07-15T07:10:32Z	2026-07-15T07:10:43Z	62000	63000	1600000	1600000	0	167884	2215.18	19776.8	83064.5	15248.6	22287.2	11017.2	3794.92	2402.14	7987.6	839538	0	6	1	0	0xd43f5e018b415631
40	9	3	v1	30	2026-07-15T07:10:32Z	2026-07-15T07:10:43Z	62000	63000	1600000	1600000	0	166853	2218.18	19673.9	82787.5	15274.2	21598.2	11118.9	3713.38	2441.52	7941.89	838544	0	10	1	0	0xd43f5e018b415631
40	9	3	v1	31	2026-07-15T07:10:32Z	2026-07-15T07:10:43Z	62000	63000	1600000	1600000	0	169246	2273.26	19720.2	84973.6	15339.9	21791.2	11056.5	3910.13	2417.68	7675.47	840913	0	6	1	0	0xd43f5e018b415631
40	9	3	v1	32	2026-07-15T07:10:32Z	2026-07-15T07:10:43Z	62000	63000	1600000	1600000	0	167105	2212.01	19635.6	82616.4	15166.7	22262.2	10984.1	3864.09	2388.81	7889.77	838825	0	5	1	0	0xd43f5e018b415631
40	9	3	v1	33	2026-07-15T07:10:32Z	2026-07-15T07:10:43Z	62000	63000	1600000	1600000	0	166706	2204.09	19676.3	82724.6	15246.2	21698.8	11041	3711.38	2402.22	7912.81	838400	0	6	1	0	0xd43f5e018b415631
40	9	3	v1	34	2026-07-15T07:10:32Z	2026-07-15T07:10:43Z	62000	63000	1600000	1600000	0	166336	2149.63	19472.1	82670	15195.1	21526.3	11168.3	3767.46	2395.89	7905.93	838149	0	5	1	0	0xd43f5e018b415631
40	9	3	v1	35	2026-07-15T07:10:32Z	2026-07-15T07:10:43Z	62000	63000	1600000	1600000	0	167026	2165.97	19672.7	82451	15188.7	22012.6	11100.5	4069.43	2417.47	7861.72	822788	0	3	1	0	0xd43f5e018b415631
40	9	3	v1	36	2026-07-15T07:10:32Z	2026-07-15T07:10:43Z	62000	63000	1600000	1600000	0	167294	2288.47	19611.9	82543.3	15202.5	22238	11086.3	3939.05	2394.8	7898.68	839071	0	4	1	0	0xd43f5e018b415631
40	9	3	v1	37	2026-07-15T07:10:32Z	2026-07-15T07:10:43Z	62000	63000	1600000	1600000	0	167052	2212.64	19711.1	82892.9	15249.9	21667.5	11014	3894.84	2425.27	7895.64	838617	0	12	1	0	0xd43f5e018b415631
40	9	3	v1	38	2026-07-15T07:10:32Z	2026-07-15T07:10:43Z	62000	63000	1600000	1600000	0	166310	2227.72	19688	82820	15209.6	21248.7	10914	3794.71	2399.59	7919.94	837845	0	10	1	0	0xd43f5e018b415631
40	9	3	v1	39	2026-07-15T07:10:32Z	2026-07-15T07:10:43Z	62000	63000	1600000	1600000	0	166639	2150.26	19590.9	82570.6	15271.3	21885	11071.7	3821.46	2425.89	7763.81	822369	0	5	1	0	0xd43f5e018b415631
40	9	3	v1	40	2026-07-15T07:10:32Z	2026-07-15T07:10:43Z	62000	63000	1600000	1600000	0	167067	2197.8	19874.9	82380.2	15097.7	22320.9	10827.8	3947.55	2400.64	7937.19	838830	0	4	1	0	0xd43f5e018b415631
40	9	3	v1	41	2026-07-15T07:10:32Z	2026-07-15T07:10:43Z	62000	63000	1600000	1600000	0	166949	2283.93	19678	82615.8	15358	21686.8	10990.5	3892.09	2440.35	7913.89	838604	0	6	1	0	0xd43f5e018b415631
40	9	3	v1	42	2026-07-15T07:10:32Z	2026-07-15T07:10:43Z	62000	63000	1600000	1600000	0	166250	2185.72	19784.7	82423.9	15327.9	21412.4	10959.8	3755.17	2392.22	7919.89	837875	0	7	1	0	0xd43f5e018b415631
40	9	3	v1	43	2026-07-15T07:10:32Z	2026-07-15T07:10:43Z	62000	63000	1600000	1600000	0	170560	2158.8	19589.4	86035.3	15159.2	22195.9	11077.8	3892.84	2439.6	7926.98	842112	0	11	1	0	0xd43f5e018b415631
40	9	3	v1	44	2026-07-15T07:10:32Z	2026-07-15T07:10:43Z	62000	63000	1600000	1600000	0	167304	2209.68	19647.9	82549.4	15218.8	22343.5	11030.5	3798.59	2439.43	7982.23	839043	0	5	1	0	0xd43f5e018b415631
40	9	3	v1	45	2026-07-15T07:10:32Z	2026-07-15T07:10:43Z	62000	63000	1600000	1600000	0	167038	2201.84	19637.5	82592.9	15343.8	21744.8	11045.7	4007.34	2430.06	7944.27	838761	0	5	1	0	0xd43f5e018b415631
40	9	3	v1	46	2026-07-15T07:10:32Z	2026-07-15T07:10:43Z	62000	63000	1600000	1600000	0	166483	2270.05	19778.5	82602.7	15189.4	21412.4	10949.6	3894.51	2380.55	7914.14	838151	0	5	1	0	0xd43f5e018b415631
40	9	3	v1	47	2026-07-15T07:10:32Z	2026-07-15T07:10:43Z	62000	63000	1600000	1600000	0	166834	2160.13	19785.4	83079.4	15236.1	21714.8	10942.9	3752.13	2374.01	7703.81	822592	0	5	1	0	0xd43f5e018b415631
40	9	3	v1	48	2026-07-15T07:10:32Z	2026-07-15T07:10:43Z	62000	63000	1600000	1600000	0	167689	2215.97	19890.3	82440.1	15235	22132.3	11343.6	4090.27	2384.97	7869.02	839452	0	5	1	0	0xd43f5e018b415631
40	9	3	v1	49	2026-07-15T07:10:32Z	2026-07-15T07:10:43Z	62000	63000	1600000	1600000	0	167829	2213.3	19852.7	82978.8	15235.5	22352.5	11078.1	3792.63	2386.06	7851.93	839449	0	11	1	0	0xd43f5e018b415631
