block	cycle	arm	repeat	run	wall_us	input_us	core_us	dense_us	depthwise_us	attention_us	lut_us	concat_us	transform_us	head_us	process_cpu_us	voluntary_cs	involuntary_cs	affinity_ok	cpu4_7_ime_count	hash
0	0	control	0	0	168075	2151.72	19758.5	83647.6	15257.5	21139.6	10951.9	3790.46	2421.26	8872.03	839679	0	9	1	0	0xd43f5e018b415631
0	0	control	0	1	175053	2143.38	19981.8	82901.7	22395.3	21456.6	10847.5	4128.72	2389.09	8720.32	873034	0	305	1	0	0xd43f5e018b415631
0	0	control	0	2	167735	2178.88	19710.2	83259.8	15257.4	21436.3	10956.2	3800.79	2387.18	8661.44	839196	0	3	1	0	0xd43f5e018b415631
0	0	control	0	3	168223	2155.47	19827.2	83212.2	15488.6	21329.6	11077.6	3778.55	2395.76	8872.49	839332	0	13	1	0	0xd43f5e018b415631
0	0	control	0	4	168030	2149.55	19853.5	83039.1	15267.2	21309.7	11080.3	3871.17	2513.64	8861.95	839810	0	5	1	0	0xd43f5e018b415631
0	0	control	0	5	168207	2168.13	19796	83336.5	15530.3	21124.6	11013.8	3746.09	2389.93	9012	839450	0	10	1	0	0xd43f5e018b415631
0	0	control	0	6	168048	2162.13	19961.7	83423.4	15366.2	20906.2	11035.1	3804.67	2383.01	8915.83	839437	0	13	1	0	0xd43f5e018b415631
0	0	control	0	7	167748	2155.59	19750.6	83330.9	15227.1	21120.5	10974.2	3844.25	2385.84	8873.78	839359	0	7	1	0	0xd43f5e018b415631
0	0	control	0	8	168950	2154.88	19877.1	83307.2	15389.7	21408.2	11226.5	4193.34	2404.26	8901.49	840652	0	4	1	0	0xd43f5e018b415631
0	0	control	0	9	168576	2186.92	19869.6	83329.3	15194.3	22036.4	10846.7	3855.25	2422.89	8751.86	839935	0	8	1	0	0xd43f5e018b415631
0	0	control	0	10	168600	2193.84	19750.9	83096.8	15277.5	21667.7	11271.6	3932.92	2458.85	8864.2	856366	0	3	1	0	0xd43f5e018b415631
0	0	control	0	11	167955	2143.22	19904.4	83122.9	15443.9	21501.8	11012.5	3730.83	2432.35	8575.32	839758	0	2	1	0	0xd43f5e018b415631
0	0	control	0	12	167882	2150.42	19725.9	83188.8	15284.5	21324.7	11107	3957.13	2602.44	8458.36	839589	0	8	1	0	0xd43f5e018b415631
0	0	control	0	13	175657	2146.38	26773.9	83362.7	15257.9	21721.3	10966.8	3950.55	2468.14	8925.41	873952	0	299	1	0	0xd43f5e018b415631
0	0	control	0	14	167829	2155.26	19725	83400	15355.7	21403	10934	3780.5	2420.09	8566.73	839209	0	5	1	0	0xd43f5e018b415631
0	0	control	0	15	167858	2167.8	19603.8	83512.5	15336.2	21399.4	10747.5	3803.13	2392.14	8812.16	839576	0	4	1	0	0xd43f5e018b415631
0	0	control	0	16	167784	2158.26	19731.7	83111.3	15302.4	21400.5	10924.7	3981.38	2384.51	8701.74	839723	0	1	1	0	0xd43f5e018b415631
0	0	control	0	17	174907	2171.63	20027.7	89120.3	15236.3	22022	11167	3809.34	2387.89	8879.58	858163	0	61	1	0	0xd43f5e018b415631
0	0	control	0	18	168515	2209.3	19669.9	83078.7	15247.4	21740.8	11096	4042.01	2445.68	8900.62	856219	0	8	1	0	0xd43f5e018b415631
0	0	control	0	19	167903	2149.34	19608.2	82933.8	15271.2	21599.2	11032.9	4046.3	2455.47	8721.36	839560	0	5	1	0	0xd43f5e018b415631
0	0	control	0	20	167813	2147.84	19691.1	82906	15322.1	21589.5	10829.1	3825.67	2492.68	8920.66	839687	0	2	1	0	0xd43f5e018b415631
0	0	control	0	21	168010	2163.47	20317.3	83028.6	15406.5	21325.5	10803.6	3748.12	2447.68	8685.15	839562	0	6	1	0	0xd43f5e018b415631
0	0	control	0	22	167771	2164.42	19785.2	83290.7	15339.2	21350.1	11030.5	3767.71	2386.8	8568.61	839645	0	2	1	0	0xd43f5e018b415631
0	0	control	0	23	167701	2151.67	19730.8	82968.3	15293	21568.3	10851.8	3809.09	2389.34	8853.49	839697	0	0	1	0	0xd43f5e018b415631
0	0	control	0	24	168043	2152.55	19971.9	83227.7	15324.8	21280	11035.1	3950.67	2413.77	8601.53	839705	0	8	1	0	0xd43f5e018b415631
0	0	control	0	25	171035	2150.47	22870	82802.6	15271.1	21864.4	10880	3864.38	2468.47	8779.78	842779	0	4	1	0	0xd43f5e018b415631
0	0	control	0	26	168239	2194.63	19734.8	82926.3	15268	21766.7	11009.7	4025.38	2424.85	8805.74	856127	0	3	1	0	0xd43f5e018b415631
0	0	control	0	27	167673	2340.8	19782.7	82793.5	15246.9	21554.7	10904.7	3753.37	2399.05	8812.28	839364	0	2	1	0	0xd43f5e018b415631
0	0	control	0	28	167748	2145.05	19745.8	82826.6	15271.1	21664.9	10814.8	3918.96	2473.93	8802.32	839600	0	3	1	0	0xd43f5e018b415631
0	0	control	0	29	168078	2160.92	19770.4	83178.2	15294.8	21446.2	11147.9	3835.71	2441.06	8714.11	839669	0	5	1	0	0xd43f5e018b415631
0	0	control	0	30	167878	2156.26	19888.9	83112.9	15348.4	21437.4	10913.8	3762.92	2492.3	8682.49	839547	0	9	1	0	0xd43f5e018b415631
0	0	control	0	31	167886	2152.76	19602.9	83141	15292.3	21495.9	11021.3	3955.63	2428.43	8712.36	839693	0	3	1	0	0xd43f5e018b415631
0	0	control	0	32	167804	2164.76	19752.4	83210.1	15319.4	21446	10982.5	3795.04	2399.93	8646.99	839584	0	3	1	0	0xd43f5e018b415631
0	0	control	0	33	167861	2147.17	19758.7	83198.4	15400	21390.4	11037.2	3859.04	2390.05	8591.82	839746	0	2	1	0	0xd43f5e018b415631
0	0	control	0	34	168145	2143.17	19615.3	83047.9	15245	21312.2	11369.6	4064.8	2411.43	8851.57	840075	0	1	1	0	0xd43f5e018b415631
0	0	control	0	35	167495	2155.92	19679.5	83206.1	15300.4	21294	10951	3822.08	2388.72	8613.4	839487	0	0	1	0	0xd43f5e018b415631
0	0	control	0	36	167744	2162.59	19605.5	83349.9	15363.7	21414.7	10891.2	3836.04	2398.81	8635.03	839112	0	9	1	0	0xd43f5e018b415631
0	0	control	0	37	171479	2151.05	20967.4	85025.1	15298.1	21794.1	11117.9	3776.3	2434.01	8832.99	859309	0	3	1	0	0xd43f5e018b415631
0	0	control	0	38	168019	2159.09	19634.9	82742.3	15338.6	21667.4	11080.1	4042.05	2491.76	8778.2	839436	0	5	1	0	0xd43f5e018b415631
0	0	control	0	39	168055	2323.01	19721.6	83171.7	15327.3	21414	11160.1	3799	2399.97	8655.94	839702	0	5	1	0	0xd43f5e018b415631
0	0	control	0	40	167698	2150.92	19607.8	83022.7	15335.8	21428.1	11039.7	4034.13	2388.93	8607.69	839633	0	1	1	0	0xd43f5e018b415631
0	0	control	0	41	167770	2158.76	19638.9	83368.9	15287.7	21226.6	11120.2	3869	2403.51	8609.44	839439	0	5	1	0	0xd43f5e018b415631
0	0	control	0	42	168133	2163.13	19707.6	83066.3	15300.7	21374.1	11005	4102.51	2414.72	8914.62	839769	0	9	1	0	0xd43f5e018b415631
0	0	control	0	43	167529	2152.63	19793.3	82775.8	15406.1	21385.7	10949.8	3893.13	2457.8	8629.61	839330	0	3	1	0	0xd43f5e018b415631
0	0	control	0	44	167674	2145.42	19662.2	83097.2	15338.8	21451.4	10994.1	3924.59	2401.18	8571.27	839459	0	3	1	0	0xd43f5e018b415631
0	0	control	0	45	167758	2157.97	19692.1	83042.1	15262.9	21538.4	10849.6	3954.13	2395.55	8780.78	839623	0	2	1	0	0xd43f5e018b415631
0	0	control	0	46	167871	2152.47	19699.3	83060.6	15258.3	21489.6	11040.3	3959.17	2405.05	8719.94	839743	0	2	1	0	0xd43f5e018b415631
0	0	control	0	47	167756	2146.76	19632.1	82969	15303.4	21510.9	10918.5	4023.59	2545.77	8621.48	839755	0	0	1	0	0xd43f5e018b415631
0	0	control	0	48	168073	2153.97	19779.4	83060.3	15524.4	21403.1	10871.2	4127.76	2382.3	8685.49	839643	0	10	1	0	0xd43f5e018b415631
0	0	control	0	49	171640	2157.51	19823.5	86602.4	15272.6	21429.1	11122.6	3890.25	2466.22	8789.03	858712	0	8	1	0	0xd43f5e018b415631
1	0	indexed	0	0	163934	2162.51	19699.1	82981.4	15333.6	21135	7454.83	3853.71	2381.22	8850.28	819869	0	1	1	0	0xd43f5e018b415631
1	0	indexed	0	1	163997	2149.76	19780.4	83062	15242.5	21597.6	7241.03	3856.88	2462.1	8519.11	819864	0	2	1	0	0xd43f5e018b415631
1	0	indexed	0	2	163860	2153.63	19755.5	82919	15243.7	21510.7	7306.7	3932.59	2399.09	8554.73	819797	0	1	1	0	0xd43f5e018b415631
1	0	indexed	0	3	167204	2152.3	19990.1	83174.1	15303.7	23955.7	7378.71	3783.21	2403.97	8976.45	822855	0	11	1	0	0xd43f5e018b415631
1	0	indexed	0	4	164137	2142.38	19616.5	83261.6	15377.8	21168.5	7570.09	3694.29	2393.47	8827.07	819486	0	5	1	0	0xd43f5e018b415631
1	0	indexed	0	5	163743	2146.97	19671.6	82897.4	15330.5	21127.2	7394.34	3818.58	2426.47	8846.78	819639	0	2	1	0	0xd43f5e018b415631
1	0	indexed	0	6	163937	2164.3	19641	83189.3	15320.7	21081.9	7494	3705	2431.68	8823.45	819947	0	1	1	0	0xd43f5e018b415631
1	0	indexed	0	7	163273	2131.26	19663.4	82690.6	15282	21206.1	7233.03	3732.46	2447.93	8801.86	802889	0	6	1	0	0xd43f5e018b415631
1	0	indexed	0	8	163776	2190.84	19846.5	82623.8	15231.3	21280.1	7420.12	3931.13	2376.93	8794.57	819778	0	0	1	0	0xd43f5e018b415631
1	0	indexed	0	9	164231	2310.59	19726.4	82940.8	15267.5	21248.5	7564.25	3736.79	2404.18	8947.12	835637	0	13	1	0	0xd43f5e018b415631
1	0	indexed	0	10	163894	2148.84	19708.9	82943.3	15299.8	21118.8	7697.17	3686.62	2395.68	8808.49	819720	0	3	1	0	0xd43f5e018b415631
1	0	indexed	0	11	163936	2148.67	19658.2	83420.2	15265.7	21049.3	7530.38	3689	2400.09	8689.24	819831	0	2	1	0	0xd43f5e018b415631
1	0	indexed	0	12	163640	2144.71	19588.7	82918.9	15268.7	21116.8	7416.75	3833.5	2422.3	8847.41	819518	0	2	1	0	0xd43f5e018b415631
1	0	indexed	0	13	163859	2157.05	19702.6	83018.7	15268.5	21086.6	7396.63	3852.71	2403.76	8890.2	819785	0	1	1	0	0xd43f5e018b415631
1	0	indexed	0	14	164742	2168.97	19775.1	83348.8	15289.3	21445.2	7577.34	3783.33	2374.76	8894.95	820686	0	1	1	0	0xd43f5e018b415631
1	0	indexed	0	15	163727	2147.01	19617.1	82905.6	15240.7	21482.6	7366.29	3732.75	2387.22	8762.82	819614	0	6	1	0	0xd43f5e018b415631
1	0	indexed	0	16	166795	2151.76	19679.3	85521.1	15361.2	21097.3	7545.63	4148.09	2367.43	8839.69	838623	0	3	1	0	0xd43f5e018b415631
1	0	indexed	0	17	163716	2143.96	19719.9	83013.6	15323.7	21109.5	7334.58	3726.66	2442.18	8815.99	803526	0	3	1	0	0xd43f5e018b415631
1	0	indexed	0	18	163601	2145.21	19599.2	82950.7	15311.3	21214.3	7287.41	3820.38	2392.1	8796.65	803599	0	0	1	0	0xd43f5e018b415631
1	0	indexed	0	19	164908	2151.96	19886.3	83470.2	15243.9	21586.7	7381.75	3888.13	2391.64	8821.03	836726	0	4	1	0	0xd43f5e018b415631
1	0	indexed	0	20	165452	2306.93	19654	83473.7	15288.4	22007.9	7330.41	3871.75	2488.22	8947.57	821208	0	4	1	0	0xd43f5e018b415631
1	0	indexed	0	21	164396	2192.8	19632	83006	15251.9	21662.2	7372	3961.21	2401.18	8834.24	820205	0	2	1	0	0xd43f5e018b415631
1	0	indexed	0	22	164771	2210.8	19657.1	83039.7	15281.9	21289.3	7576.13	4239.47	2400.93	8993.74	836377	0	8	1	0	0xd43f5e018b415631
1	0	indexed	0	23	163866	2160.92	19663.3	82849.7	15345.6	21083.9	7424.12	3924.84	2446.68	8883.66	819862	0	0	1	0	0xd43f5e018b415631
1	0	indexed	0	24	164567	2150.76	19645.7	83168.2	15221.3	21547.4	7518.04	3879.46	2417.8	8936.74	820563	0	0	1	0	0xd43f5e018b415631
1	0	indexed	0	25	164336	2149.09	19790.1	82892.5	15326.5	21396.6	7410.71	3905.67	2438.6	8945.36	820279	0	1	1	0	0xd43f5e018b415631
1	0	indexed	0	26	164802	2135.46	19698.8	82957.2	15286.1	21973.4	7242.49	3950	2487.47	8986.82	820804	0	0	1	0	0xd43f5e018b415631
1	0	indexed	0	27	164427	2193.38	19949.1	83158.9	15216.6	21586.3	7296.04	3771.04	2394.47	8776.74	820288	0	1	1	0	0xd43f5e018b415631
1	0	indexed	0	28	167558	2198.17	21617.1	83602.6	15271.3	21946.6	7240.53	4094.92	2683.31	8817.03	839111	0	10	1	0	0xd43f5e018b415631
1	0	indexed	0	29	164665	2210.84	19786.1	83667.6	15222.2	21220.5	7533.5	3726.92	2393.22	8819.07	819730	0	5	1	0	0xd43f5e018b415631
1	0	indexed	0	30	163873	2189.05	19656.2	83047.6	15265.4	21252.6	7401	3764.46	2400.18	8813.9	819872	0	0	1	0	0xd43f5e018b415631
1	0	indexed	0	31	163989	2188.22	19688.1	82971.7	15323.5	21154.7	7560.62	3757.83	2396.89	8863.86	823925	0	1	1	0	0xd43f5e018b415631
1	0	indexed	0	32	163983	2170.17	19789.9	82997	15322	21120.1	7491.41	3762.79	2450.05	8791.99	819706	0	4	1	0	0xd43f5e018b415631
1	0	indexed	0	33	164730	2154.05	20049.5	83082.3	15254	21579.8	7356.78	3789.87	2393.76	8987.61	820556	0	2	1	0	0xd43f5e018b415631
1	0	indexed	0	34	165315	2149.63	19809.9	83391.1	15263.5	22028.5	7306.08	3757.09	2476.22	9050.41	820962	0	9	1	0	0xd43f5e018b415631
1	0	indexed	0	35	164549	2178.88	19543.8	83103	15247.2	21660.5	7541.17	3841.04	2397.89	8948.32	820374	0	2	1	0	0xd43f5e018b415631
1	0	indexed	0	36	164436	2212.47	19693	83017.6	15289.8	21283.8	7673.21	3839.42	2399.55	8947.45	820132	0	4	1	0	0xd43f5e018b415631
1	0	indexed	0	37	164050	2148.01	19598.4	83190.6	15269	21101.4	7543.92	3709.08	2447.26	8956.36	819988	0	1	1	0	0xd43f5e018b415631
1	0	indexed	0	38	163707	2162.63	19617.4	82903.1	15300.3	21118.6	7409.49	3702.66	2445.14	8963.2	819701	0	0	1	0	0xd43f5e018b415631
1	0	indexed	0	39	164936	2147.17	20166	83149.1	15341	21459.7	7420.21	3937.84	2388.39	8842.28	820815	0	2	1	0	0xd43f5e018b415631
1	0	indexed	0	40	167633	2157.72	19975.1	85844.1	15225.9	21425.6	7535.16	4007.67	2523.72	8850.4	839368	0	8	1	0	0xd43f5e018b415631
1	0	indexed	0	41	165119	2136.92	19737.2	83092.3	15237.9	21971.6	7460.28	4041.01	2476.51	8883.78	820923	0	3	1	0	0xd43f5e018b415631
1	0	indexed	0	42	164569	2209.17	19714.7	82777.7	15221.8	21678.4	7797.8	3891.09	2381.09	8811.9	820571	0	0	1	0	0xd43f5e018b415631
1	0	indexed	0	43	164122	2202.09	19594.5	83040.7	15216.3	21419.3	7623.16	3752.46	2402.3	8786.24	820001	0	2	1	0	0xd43f5e018b415631
1	0	indexed	0	44	164364	2192.51	19659.5	82899	15342.2	21176.3	7552.5	3851.33	2717.97	8887.07	835990	0	5	1	0	0xd43f5e018b415631
1	0	indexed	0	45	164771	2144.46	19747.4	83317.5	15338.8	21545.6	7394.33	3762.54	2449.72	8966.7	820599	0	2	1	0	0xd43f5e018b415631
1	0	indexed	0	46	164103	2138.51	19738.6	82801	15355.2	21378.7	7435.75	3753.54	2534.72	8884.4	819967	0	2	1	0	0xd43f5e018b415631
1	0	indexed	0	47	164969	2137.8	19571.3	83199.7	15426.1	21982.6	7331.58	3868.09	2485.85	8883.99	820657	0	9	1	0	0xd43f5e018b415631
1	0	indexed	0	48	164685	2198.17	19798	83457.8	15214.5	21657.4	7164.41	3946.05	2383.68	8780.32	820242	0	3	1	0	0xd43f5e018b415631
1	0	indexed	0	49	164264	2191.67	19620.7	82971.7	15248.8	21357.8	7535.34	3975.08	2405.97	8850.61	820207	0	1	1	0	0xd43f5e018b415631
2	0	indexed	0	0	164479	2355.59	19701.2	83263.7	15292.6	21086.5	7569.12	3821.58	2398.63	8900.24	835956	0	6	1	0	0xd43f5e018b415631
2	0	indexed	0	1	164327	2151.13	19637.9	83172	15298.1	21493.8	7504.24	3715.71	2396.88	8866.49	820076	0	8	1	0	0xd43f5e018b415631
2	0	indexed	0	2	164261	2153.88	19712	83151.9	15345.6	21481.6	7253.91	3789.25	2385.43	8896.44	820064	0	3	1	0	0xd43f5e018b415631
2	0	indexed	0	3	164967	2140.92	19740.1	83071.3	15286.1	21988.4	7365.25	3906.09	2481.89	8901.03	820856	0	2	1	0	0xd43f5e018b415631
2	0	indexed	0	4	164718	2200.88	19692.3	83089.2	15219.2	21976.3	7389.45	3755.29	2413.68	8892.65	820661	0	1	1	0	0xd43f5e018b415631
2	0	indexed	0	5	164144	2195.26	19770.4	83226	15231.3	21303.2	7391.45	3772.87	2383.01	8782.53	820133	0	0	1	0	0xd43f5e018b415631
2	0	indexed	0	6	164000	2194.55	19657.7	83210	15229.8	21248.8	7284.62	3786.91	2391.97	8904.65	819760	0	5	1	0	0xd43f5e018b415631
2	0	indexed	0	7	167086	2150.3	19742.4	85570	15269.8	21332	7422.25	4306.38	2413.01	8792.4	839008	0	2	1	0	0xd43f5e018b415631
2	0	indexed	0	8	164181	2193.72	19822.4	83130.9	15240.9	21411.5	7291.16	3766.62	2389.39	8846.94	819911	0	8	1	0	0xd43f5e018b415631
2	0	indexed	0	9	164154	2199.8	19807.6	83013.6	15330.3	21201.8	7387.21	3865.54	2404.64	8856.99	820089	0	1	1	0	0xd43f5e018b415631
2	0	indexed	0	10	164088	2146.05	19676.6	83121.4	15307.5	21188.2	7465.66	3832.62	2396.88	8869.4	819813	0	5	1	0	0xd43f5e018b415631
2	0	indexed	0	11	164574	2143.63	19608.2	83208.7	15561.9	21520.2	7329.87	3740.37	2439.01	8933.82	820344	0	4	1	0	0xd43f5e018b415631
2	0	indexed	0	12	164104	2142.46	19666.7	83063.1	15266.3	21411.6	7293.41	3827.79	2435.26	8908.07	819910	0	3	1	0	0xd43f5e018b415631
2	0	indexed	0	13	164872	2152.13	19554.8	83157.7	15348.8	21939.9	7336.54	3827.29	2428.63	9040.36	820669	0	3	1	0	0xd43f5e018b415631
2	0	indexed	0	14	165422	2216.26	20240.5	83274.2	15497.3	21480.7	7461.29	3939.55	2372.8	8848.44	837057	0	9	1	0	0xd43f5e018b415631
2	0	indexed	0	15	166491	3714.83	19803	83026.4	15250.8	21911.3	7458.62	3966.63	2477.76	8792.78	822418	0	1	1	0	0xd43f5e018b415631
2	0	indexed	0	16	164590	2209.17	19811.7	83205.2	15278.3	21461.8	7329.53	3861.17	2398.47	8945.9	820527	0	1	1	0	0xd43f5e018b415631
2	0	indexed	0	17	163805	2188.3	19649.1	82924.5	15239	21341.3	7390.67	3775.67	2390.38	8816.69	819800	0	0	1	0	0xd43f5e018b415631
2	0	indexed	0	18	163986	2189.72	19702.4	82893.1	15240.8	21281.1	7640.42	3785.12	2388.84	8775.48	819922	0	1	1	0	0xd43f5e018b415631
2	0	indexed	0	19	167221	2197.84	19740.8	85555.7	15717.7	21374.1	7393.91	3968.67	2399.51	8781.61	838962	0	4	1	0	0xd43f5e018b415631
2	0	indexed	0	20	164841	2179.97	19809.3	83158.9	15326.5	21262.7	7890.97	3848.25	2410.13	8862.03	835779	0	11	1	0	0xd43f5e018b415631
2	0	indexed	0	21	163838	2149.46	19640.1	83012.9	15329.8	21146	7505.29	3696.29	2395.63	8875.28	819838	0	0	1	0	0xd43f5e018b415631
2	0	indexed	0	22	163833	2148.01	19694.3	82947.5	15294.5	21015.7	7466.58	3928.09	2445.51	8806.82	819772	0	1	1	0	0xd43f5e018b415631
2	0	indexed	0	23	164108	2163.51	19734.9	83617.9	15276.5	20890.4	7390.95	3890.55	2464.3	8590.23	819787	0	5	1	0	0xd43f5e018b415631
2	0	indexed	0	24	163897	2141.63	19778.6	83135	15260.6	21530.5	7208.7	3796.08	2400.13	8557.4	819598	0	3	1	0	0xd43f5e018b415631
2	0	indexed	0	25	164422	2155.05	19641.2	83493.7	15276.8	21465.8	7272.95	3830.12	2395.14	8804.4	820288	0	2	1	0	0xd43f5e018b415631
2	0	indexed	0	26	163909	2146.01	19582.9	83162.2	15265	21431.8	7280.28	3696.41	2388.38	8868.32	819668	0	8	1	0	0xd43f5e018b415631
2	0	indexed	0	27	165005	2149.09	19906.2	83205.1	15239.7	21838.6	7269.03	3942.67	2547.97	8819.48	820871	0	2	1	0	0xd43f5e018b415631
2	0	indexed	0	28	164851	2956.77	19666.6	82804.3	15257.7	21430.1	7640.25	3741.49	2395.84	8867.15	820735	0	2	1	0	0xd43f5e018b415631
2	0	indexed	0	29	163943	2178.8	19747.9	83079.8	15237.6	21223.1	7471.91	3736.42	2393.26	8788.15	819952	0	0	1	0	0xd43f5e018b415631
2	0	indexed	0	30	164039	2177.05	19716.9	83193.9	15313.2	21092.3	7514.29	3736.37	2401.76	8803.36	819813	0	2	1	0	0xd43f5e018b415631
2	0	indexed	0	31	163800	2158.21	19710.6	82736.3	15305.3	21284.4	7362.12	3941.67	2398.13	8815.53	803685	0	2	1	0	0xd43f5e018b415631
2	0	indexed	0	32	167293	3410.57	19686.3	84799.6	15201.4	21593.4	7298.08	3878.92	2396.88	8935.99	822951	0	10	1	0	0xd43f5e018b415631
2	0	indexed	0	33	163828	2213.3	19705.3	82885.5	15231.5	21326.3	7393.16	3732.37	2392.97	8858.03	819820	0	0	1	0	0xd43f5e018b415631
2	0	indexed	0	34	164396	2187.42	19577.3	83039.9	15395.8	21181.8	7705.38	3966.96	2398.47	8855.78	836270	0	2	1	0	0xd43f5e018b415631
2	0	indexed	0	35	164120	2144.55	19723	82929.1	15271.7	21346.1	7484.25	3915.33	2454.93	8761.23	819811	0	5	1	0	0xd43f5e018b415631
2	0	indexed	0	36	163873	2147.67	19742.9	83033.9	15296	21568.3	7253.83	3761.34	2385.72	8598.27	819629	0	3	1	0	0xd43f5e018b415631
2	0	indexed	0	37	163560	2143.76	19640.7	83045.2	15303.3	21034.9	7293.45	3839.5	2387.55	8786.94	819377	0	3	1	0	0xd43f5e018b415631
2	0	indexed	0	38	163836	2144.63	19661.7	82994	15308.1	21060.7	7551.87	3667.08	2418.76	8942.94	819718	0	2	1	0	0xd43f5e018b415631
2	0	indexed	0	39	164144	2160.8	19719.6	83151.1	15256.2	21543.1	7438.45	3763.25	2451.47	8570.6	819914	0	7	1	0	0xd43f5e018b415631
2	0	indexed	0	40	163700	2146.59	19750.8	82910.4	15215.4	21519.9	7369.12	3773.04	2381.26	8543.48	819635	0	1	1	0	0xd43f5e018b415631
2	0	indexed	0	41	164275	2141.59	19610	83120.6	15256.9	21529.8	7359.28	3762.29	2411.01	8997.32	820221	0	1	1	0	0xd43f5e018b415631
2	0	indexed	0	42	164880	2145.59	19721.1	83312.1	15280.7	21912.3	7231.78	3934.12	2429.72	8824.44	820464	0	3	1	0	0xd43f5e018b415631
2	0	indexed	0	43	164757	2195.13	19846.1	83158.8	15211.4	21805.8	7419.91	3827.58	2392.43	8809.44	820648	0	2	1	0	0xd43f5e018b415631
2	0	indexed	0	44	167979	2187.96	20303.8	85202.6	15260	21818	7696.71	4143.22	2435.43	8840.48	839610	0	3	1	0	0xd43f5e018b415631
2	0	indexed	0	45	164314	2198.05	19802.5	83150.6	15223	21275.5	7439.24	3906.63	2407.64	8822.02	820118	0	7	1	0	0xd43f5e018b415631
2	0	indexed	0	46	163968	2179.42	19557.2	82884.2	15345	21271.7	7473.57	3986.92	2382.8	8798.48	819901	0	1	1	0	0xd43f5e018b415631
2	0	indexed	0	47	163594	2190.13	19765.1	82941.7	15237	21269.2	7287.11	3645.41	2387.09	8782.9	819541	0	1	1	0	0xd43f5e018b415631
2	0	indexed	0	48	164385	2190.42	19607.3	83269.2	15298.2	21106	7646.96	3816.83	2437.63	8925.69	835985	0	5	1	0	0xd43f5e018b415631
2	0	indexed	0	49	163919	2139.09	19755.2	82687.3	15343.4	20991.4	7692.96	3910.38	2443.34	8868.44	819788	0	2	1	0	0xd43f5e018b415631
3	0	control	0	0	168403	2177.3	19743.8	83119	15348.2	21561.7	11271.5	3878.08	2472.01	8741.94	856262	0	6	1	0	0xd43f5e018b415631
3	0	control	0	1	167689	2141.01	19715.2	83280.1	15331.4	21442.7	10913.7	3781.16	2403.26	8594.02	839517	0	3	1	0	0xd43f5e018b415631
3	0	control	0	2	167888	2142.26	19729.5	82987.9	15682.5	21468.2	10866	4015.38	2399.8	8511.85	839614	0	4	1	0	0xd43f5e018b415631
3	0	control	0	3	167647	2139.26	19791.4	82995.2	15270.3	21565.4	10891.2	3787.79	2396.34	8723.86	839355	0	5	1	0	0xd43f5e018b415631
3	0	control	0	4	167869	2136.38	19831.8	82996.4	15304	21498	10966.7	4027.09	2440.8	8583.69	839619	0	3	1	0	0xd43f5e018b415631
3	0	control	0	5	167956	2165.71	19782.8	83320.5	15391.1	21404.4	11082	3718.58	2421.84	8583.1	839910	0	2	1	0	0xd43f5e018b415631
3	0	control	0	6	167662	2149.67	19941.2	83087.8	15298	21447.7	10846.8	3743.25	2395.84	8666.1	839442	0	6	1	0	0xd43f5e018b415631
3	0	control	0	7	167835	2137.55	19840.2	82918.4	15327.9	21538.8	10949.7	3913.59	2382.8	8745.27	839700	0	2	1	0	0xd43f5e018b415631
3	0	control	0	8	167960	2138.96	19695.4	83088.6	15301.7	21488.1	10885.5	4006.38	2491.93	8777.02	839953	0	0	1	0	0xd43f5e018b415631
3	0	control	0	9	167822	2144.92	19662.5	83399.2	15402.4	21390.4	10830.5	3892	2419.72	8593.73	839684	0	6	1	0	0xd43f5e018b415631
3	0	control	0	10	169800	2133.67	19770.5	84242.5	15553.6	21495.3	11350.6	3964.92	2402.05	8805.73	841582	0	1	1	0	0xd43f5e018b415631
3	0	control	0	11	168276	2494.3	19692.4	83188.4	15472.4	21398.5	10815.2	3880.67	2457.64	8792.77	839824	0	3	1	0	0xd43f5e018b415631
3	0	control	0	12	168445	2189.88	19750.8	82897	15369.6	21994.2	10916.9	3993.21	2386.51	8862.44	840343	0	6	1	0	0xd43f5e018b415631
3	0	control	0	13	168209	2197.92	19885.1	82730.7	15297.8	21880	10907.9	3985.54	2421.55	8813.27	840075	0	2	1	0	0xd43f5e018b415631
3	0	control	0	14	168082	2139.09	19884.5	82877	15648.3	21505.2	10891.4	4011.63	2417.43	8624.15	839758	0	5	1	0	0xd43f5e018b415631
3	0	control	0	15	167920	2149.26	19694.7	83329.7	15369.6	21417.9	11057.9	3861.87	2391.22	8563.73	839660	0	3	1	0	0xd43f5e018b415631
3	0	control	0	16	167760	2131.34	19853.5	83040.3	15268.3	21474.6	10967.5	3834.29	2456.05	8646.98	839581	0	3	1	0	0xd43f5e018b415631
3	0	control	0	17	168434	2141.38	20002.2	83385.4	15334	21297.7	11186.1	3767.58	2407.18	8828.36	840192	0	3	1	0	0xd43f5e018b415631
3	0	control	0	18	167926	2136.96	19689.7	83408.5	15244	21218.5	11091	3753.04	2400.05	8896.61	839737	0	7	1	0	0xd43f5e018b415631
3	0	control	0	19	169206	3354.16	19645.4	82979	15346.2	21382.5	11135.3	3881.96	2408.88	8988.15	841160	0	1	1	0	0xd43f5e018b415631
3	0	control	0	20	167972	2195.55	19771	83128.3	15251.5	21396.5	11160.6	3777.58	2423.85	8785.23	839966	0	0	1	0	0xd43f5e018b415631
3	0	control	0	21	167587	2194.3	19805.7	82843.3	15315.1	21323.9	10995.5	3736.96	2383.76	8904.61	839417	0	3	1	0	0xd43f5e018b415631
3	0	control	0	22	168939	2191.92	19835.8	83393.4	15324.7	21210.8	11746.9	3935.67	2391.05	8825.32	840939	0	0	1	0	0xd43f5e018b415631
3	0	control	0	23	168610	2176.21	19797.7	83127	15326.8	21684.5	11201.8	3931.17	2430.55	8851.57	856267	0	4	1	0	0xd43f5e018b415631
3	0	control	0	24	167894	2159.21	19737	83136	15386.5	21384.4	11275.7	3758.17	2440.26	8532.98	839679	0	7	1	0	0xd43f5e018b415631
3	0	control	0	25	167650	2139.67	19641.3	82948.2	15265	21511.8	11020.6	3830.62	2416.76	8795.02	839330	0	5	1	0	0xd43f5e018b415631
3	0	control	0	26	168522	2131.13	19829.4	83090.2	15247	21356	11445.3	3970.42	2439.26	8929.07	840286	0	5	1	0	0xd43f5e018b415631
3	0	control	0	27	167583	2136.84	19672.3	83018.8	15386.9	21322.4	10910.1	3832.41	2429.39	8785.27	839286	0	3	1	0	0xd43f5e018b415631
3	0	control	0	28	167855	2144.67	19914.5	83015.1	15423.4	21241.7	11034.4	3763.33	2405.18	8830.32	839733	0	2	1	0	0xd43f5e018b415631
3	0	control	0	29	167909	2136.92	19773.2	83417.1	15245.5	21279.7	10885.3	3862.75	2438.38	8785.56	839646	0	5	1	0	0xd43f5e018b415631
3	0	control	0	30	167726	2135.17	19675.8	83215.4	15302	21188.9	11119.9	3740.79	2386.51	8878.61	839593	0	6	1	0	0xd43f5e018b415631
3	0	control	0	31	168161	2137.92	19799.6	83017.9	15391.7	21250.7	11241.6	3875.12	2435.72	8929.44	840082	0	1	1	0	0xd43f5e018b415631
3	0	control	0	32	166927	2132.88	19665.4	82823.4	15328.4	21273.6	10841.1	3819.33	2394.22	8563.02	838928	0	0	1	0	0xd43f5e018b415631
3	0	control	0	33	168367	2151.71	19752.9	83403.9	15340.2	21389.6	10919.2	4072.3	2383.09	8868.82	840030	0	4	1	0	0xd43f5e018b415631
3	0	control	0	34	170146	2139.21	19581.2	83476.8	15258.3	23475.5	11061	3826.08	2444.59	8801.73	841892	0	2	1	0	0xd43f5e018b415631
3	0	control	0	35	168094	2182.71	19697.5	82796.9	15301	21974.8	11023.3	3882.42	2385.59	8762.15	840032	0	1	1	0	0xd43f5e018b415631
3	0	control	0	36	168250	2213.55	19619.4	83146.3	15242.5	21741.8	10984.1	3976.96	2428.14	8811.32	840119	0	6	1	0	0xd43f5e018b415631
3	0	control	0	37	168046	2154.46	19744.5	83139.3	15275.2	21640.9	10919.4	3843.79	2432.13	8814.86	839918	0	2	1	0	0xd43f5e018b415631
3	0	control	0	38	168423	2141.46	19729.8	83492	15338.7	21500.3	11125	3885.13	2390.17	8738.73	840028	0	5	1	0	0xd43f5e018b415631
3	0	control	0	39	167463	2138.38	19775.8	82915.3	15343.9	21319.1	11045.9	3872.54	2430.17	8538.14	839376	0	1	1	0	0xd43f5e018b415631
3	0	control	0	40	167641	2133.71	19813.3	83143.8	15255.2	21457.3	10942.9	3724.54	2390.09	8693.31	839506	0	2	1	0	0xd43f5e018b415631
3	0	control	0	41	167683	2140.38	19613.6	83240.3	15234.7	21464	11001.8	3814.08	2405.3	8682.94	839591	0	1	1	0	0xd43f5e018b415631
3	0	control	0	42	167753	2133.8	19617.8	82726.7	15458.9	21589.1	11058.1	3879.38	2471.43	8735.44	839603	0	7	1	0	0xd43f5e018b415631
3	0	control	0	43	167752	2139.63	19649	82815.7	15252.7	21593.1	10968.7	3791.87	2628.3	8827.9	839680	0	1	1	0	0xd43f5e018b415631
3	0	control	0	44	167802	2147.42	19744.5	82656.5	15237.9	21645.4	11023.3	3959.42	2466.18	8838.69	839709	0	2	1	0	0xd43f5e018b415631
3	0	control	0	45	168114	2132.92	19782.5	83297.7	15308	21412	11009.5	3986.01	2465.55	8631.18	839915	0	3	1	0	0xd43f5e018b415631
3	0	control	0	46	170883	2162.88	19808	82932.5	16421.3	23264.7	10870.4	4039.25	2422.76	8878.02	842752	0	2	1	0	0xd43f5e018b415631
3	0	control	0	47	168684	2196.51	20206.1	82866.3	15390.7	21477.2	11170.9	4117.13	2525.26	8652.14	856380	0	4	1	0	0xd43f5e018b415631
3	0	control	0	48	167711	2146.92	19638.2	82828.5	15297.5	21589.1	11107.9	3840.71	2487.14	8692.98	839530	0	7	1	0	0xd43f5e018b415631
3	0	control	0	49	167907	2147.42	20005.8	82906	15282.1	21522	11126.4	3770.71	2423.72	8639.31	839791	0	2	1	0	0xd43f5e018b415631
4	1	control	0	0	167956	2146.92	19604.7	83162	15358.7	21604.4	10823.5	4049.71	2430.76	8691.69	839727	0	4	1	0	0xd43f5e018b415631
4	1	control	0	1	170824	2145.8	19678.5	83140.8	15624.3	23343.5	11045.9	4196.88	2773.14	8792.15	842648	0	2	1	0	0xd43f5e018b415631
4	1	control	0	2	168073	2223.38	19689.1	82865.1	15221.3	21827.3	11030.3	3869.87	2428.8	8832.15	839985	0	0	1	0	0xd43f5e018b415631
4	1	control	0	3	168188	2166.17	19638.5	82646.2	15346.9	21835.6	11300.1	3920.58	2433.76	8817.9	855986	0	7	1	0	0xd43f5e018b415631
4	1	control	0	4	168166	2153.59	19682.2	83119	15391.5	21461.3	11063.7	4122.13	2468.05	8621.98	839999	0	3	1	0	0xd43f5e018b415631
4	1	control	0	5	167763	2154.71	19813	83445.2	15267.2	21320.2	10890.9	3921.58	2412.97	8452.14	839046	0	13	1	0	0xd43f5e018b415631
4	1	control	0	6	167776	2150.13	19802.5	82994	15256.5	21457.1	10957	3916.2	2383.8	8771.02	839674	0	2	1	0	0xd43f5e018b415631
4	1	control	0	7	167717	2143.42	19668.5	82781.6	15317.5	21536.9	10827.1	4026.63	2466.68	8864.86	839655	0	1	1	0	0xd43f5e018b415631
4	1	control	0	8	167833	2145.59	19650	83211.5	15296.2	21537.9	10936.9	3859.25	2389.38	8722.85	839754	0	1	1	0	0xd43f5e018b415631
4	1	control	0	9	167757	2144.3	19637.7	82629.4	15275.5	21581.6	11192.4	3920.5	2487.3	8804.69	839482	0	8	1	0	0xd43f5e018b415631
4	1	control	0	10	167832	2139.8	19713.6	83017.5	15290.7	21539.5	10887.9	3929.79	2474.97	8752.52	839834	0	0	1	0	0xd43f5e018b415631
4	1	control	0	11	167787	2145	19763.2	82959.6	15337.8	21573	10803.1	3942.12	2477.05	8701.56	839673	0	2	1	0	0xd43f5e018b415631
4	1	control	0	12	175087	2140.42	19890.2	82926.4	15304	28660.2	10891.5	3983.04	2454.76	8749.48	853699	0	4	1	0	0xd43f5e018b415631
4	1	control	0	13	172339	2684.35	23079.5	83067.6	15275	21803.7	11143.4	3884.71	2483.35	8827.9	855444	0	4	1	0	0xd43f5e018b415631
4	1	control	0	14	167909	2203.05	19892.7	82964.3	15269.4	21496.3	10985.1	3797	2427.55	8784.69	839851	0	1	1	0	0xd43f5e018b415631
4	1	control	0	15	167863	2140.75	19721.2	82911.3	15421.6	21468.2	10980.6	3968.59	2557.51	8609.6	839526	0	8	1	0	0xd43f5e018b415631
4	1	control	0	16	167727	2147.5	19621.1	82829	15295.6	21612	10987.8	3865.83	2445.34	8836.27	839468	0	5	1	0	0xd43f5e018b415631
4	1	control	0	17	168021	2139.67	19835.6	83368.7	15349.6	21457.6	10874.4	3805.54	2381.88	8723.1	839715	0	4	1	0	0xd43f5e018b415631
4	1	control	0	18	170759	2144.55	19742.1	83111.5	17956	21899.1	10779.4	3909.54	2384.05	8742.19	840031	0	3	1	0	0xd43f5e018b415631
4	1	control	0	19	168139	2195.63	19750	82920.9	15264.3	21877.5	10998.3	3884.87	2429.68	8728.6	840074	0	1	1	0	0xd43f5e018b415631
4	1	control	0	20	167938	2176.84	19798.2	82938.3	15252.8	21768.8	10833.6	3820.54	2433.97	8829.48	839938	0	0	1	0	0xd43f5e018b415631
4	1	control	0	21	168004	2165.96	19630.4	82948.2	15348.6	21766.3	10852.4	3913.46	2486.18	8808.06	839832	0	7	1	0	0xd43f5e018b415631
4	1	control	0	22	168164	3024.19	19850.9	83048.2	15343.5	21205.6	10930	3769.91	2386.05	8518.47	840162	0	0	1	0	0xd43f5e018b415631
4	1	control	0	23	168271	2140.3	19730.6	83273.2	15285	21584.1	11142.1	3790.83	2388.63	8851.1	840083	0	3	1	0	0xd43f5e018b415631
4	1	control	0	24	167359	2152.8	19651.6	83012.5	15250.4	21455.9	10797	3847.66	2396.26	8677.68	839016	0	3	1	0	0xd43f5e018b415631
4	1	control	0	25	171414	2146.21	22874.4	83168	15263	21716.2	11107.9	3787.91	2433.26	8829.65	843273	0	2	1	0	0xd43f5e018b415631
4	1	control	0	26	167858	2136.8	19704.5	82938.5	15281.2	21665.5	10886.4	3803.96	2512.22	8840.48	839859	0	0	1	0	0xd43f5e018b415631
4	1	control	0	27	168001	2171.46	19677.2	83056	15299.5	21571.9	10967.7	3914.62	2563.84	8694.52	839762	0	8	1	0	0xd43f5e018b415631
4	1	control	0	28	167864	2144.88	19701.4	82869.9	15291.7	21539.5	11005.1	3911.12	2473.1	8840.98	839471	0	7	1	0	0xd43f5e018b415631
4	1	control	0	29	167787	2139.21	19921.5	83089.2	15317.6	21352.9	11265.8	3706.83	2395.13	8510.35	839608	0	3	1	0	0xd43f5e018b415631
4	1	control	0	30	167869	2141.92	19684.4	83043.7	15344.8	21527.2	11051.7	3758.24	2392.3	8841.44	839689	0	3	1	0	0xd43f5e018b415631
4	1	control	0	31	167654	2144.25	19637.5	82962.9	15248.9	21463.3	11193.2	3847.83	2392.09	8679.98	839534	0	2	1	0	0xd43f5e018b415631
4	1	control	0	32	168448	2147.84	19811.1	82970.3	15247.7	21817.1	11041.6	3830.33	2564.35	8933.15	840310	0	1	1	0	0xd43f5e018b415631
4	1	control	0	33	167279	2146.21	19749	82770.9	15327.3	21290.9	10952	4051.67	2440.38	8465.68	839202	0	1	1	0	0xd43f5e018b415631
4	1	control	0	34	167988	2141.05	19859.6	83095.9	15338.2	21436.9	10942.8	3949.21	2394.59	8745.06	839746	0	7	1	0	0xd43f5e018b415631
4	1	control	0	35	168122	2138.3	19670	83217.4	15262.3	21397.1	11060.5	3995.84	2379.42	8916.48	839924	0	3	1	0	0xd43f5e018b415631
4	1	control	0	36	167475	2148.25	19603.3	82894.9	15328.4	21428.7	11134.8	3844.71	2377.55	8627.6	839299	0	3	1	0	0xd43f5e018b415631
4	1	control	0	37	171428	2145.8	20905.3	84895.6	15371.9	21845.9	10906	3923.04	2431.97	8915.4	859242	0	2	1	0	0xd43f5e018b415631
4	1	control	0	38	167871	2136.71	19683.7	82767.9	15246.3	21590.1	11291.9	3868.21	2422.22	8780.19	839866	0	0	1	0	0xd43f5e018b415631
4	1	control	0	39	167985	2144.17	19869.8	83013.5	15262.4	21455.1	11118.4	3957.13	2500.85	8580.39	839774	0	3	1	0	0xd43f5e018b415631
4	1	control	0	40	167920	2142.67	19636.6	83287.3	15757.9	21576.7	10801.6	3775.45	2395.01	8467.01	839459	0	11	1	0	0xd43f5e018b415631
4	1	control	0	41	168278	2150.96	19811.1	83552.8	15287	21140.3	11259.8	3761.71	2395.09	8832.6	840155	0	2	1	0	0xd43f5e018b415631
4	1	control	0	42	167286	2142.55	19774.6	82913.9	15317.4	21301.9	10994.1	3722.91	2397.22	8633.64	839151	0	2	1	0	0xd43f5e018b415631
4	1	control	0	43	167790	2154.84	19697	83138.3	15334.8	21423.4	10946.7	4120.67	2388.05	8502.39	839605	0	3	1	0	0xd43f5e018b415631
4	1	control	0	44	167703	2154	19779.3	82776.3	15326.5	21501.8	11064.8	3913.33	2391.8	8709.81	839699	0	0	1	0	0xd43f5e018b415631
4	1	control	0	45	168519	2829.68	19715.3	83169.5	15252.3	21283.7	11105.9	3785.91	2385.55	8906.52	840450	0	1	1	0	0xd43f5e018b415631
4	1	control	0	46	168076	2150.84	19768.6	83484.7	15206.8	21185.1	11124.1	3739.91	2390.47	8942.44	839896	0	7	1	0	0xd43f5e018b415631
4	1	control	0	47	166999	2149.8	19546.2	83050.9	15257.7	21239.5	11014.6	3726.62	2402.18	8527.39	838791	0	3	1	0	0xd43f5e018b415631
4	1	control	0	48	168389	2420.13	19701.5	83315.3	15309	21274.3	11284.7	3807.21	2372.05	8818.85	840066	0	3	1	0	0xd43f5e018b415631
4	1	control	0	49	170809	2163.38	19785.6	85083.6	15265.4	21695.2	11368.3	3944.96	2561.93	8854.98	842752	0	1	1	0	0xd43f5e018b415631
5	1	indexed	0	0	164073	2218.46	19870.8	82801.2	15313.3	21190.7	7476.12	3951.95	2374.72	8791.81	820074	0	0	1	0	0xd43f5e018b415631
5	1	indexed	0	1	163826	2340.59	19589.6	82906.3	15320.3	21099.4	7308.57	3846.87	2471.01	8856.56	819461	0	9	1	0	0xd43f5e018b415631
5	1	indexed	0	2	165106	2136.34	20340.7	83136.5	15260.6	21325.7	7679.96	3889.12	2443.8	8808.81	820914	0	3	1	0	0xd43f5e018b415631
5	1	indexed	0	3	165711	2132.42	19854.1	83577.1	15286.2	21767.8	7988.17	3715.49	2473.18	8836.14	821594	0	2	1	0	0xd43f5e018b415631
5	1	indexed	0	4	164011	2192.63	19627.5	83094.2	15182.5	21482	7368.83	3658.82	2383.05	8937.31	819937	0	1	1	0	0xd43f5e018b415631
5	1	indexed	0	5	164076	2177.13	19608.7	83111.5	15233.6	21384.1	7512.7	3745	2380.18	8840.35	819947	0	2	1	0	0xd43f5e018b415631
5	1	indexed	0	6	164326	2188.17	19790.6	83143.8	15355.2	21072.2	7540.2	3838.04	2392.34	8918.52	836254	0	1	1	0	0xd43f5e018b415631
5	1	indexed	0	7	164982	2139.67	19659.2	83865.9	15326.8	21439.3	7397.4	3715.78	2441.76	8911.98	820450	0	15	1	0	0xd43f5e018b415631
5	1	indexed	0	8	165147	2151.42	19897.9	83068.8	15290.4	21927.8	7518.99	3850.25	2531.1	8829.35	820906	0	2	1	0	0xd43f5e018b415631
5	1	indexed	0	9	164493	2194.26	19787	83201	15239	21520.4	7345.99	3892.71	2399.67	8829.98	820365	0	2	1	0	0xd43f5e018b415631
5	1	indexed	0	10	163922	2168	19715.5	82859.6	15231	21397.7	7509.08	3766.75	2418.09	8771.27	819850	0	1	1	0	0xd43f5e018b415631
5	1	indexed	0	11	164064	2185.71	19483.5	82840.9	15303	21409.9	7337.37	4057.67	2381.55	8977.9	820000	0	1	1	0	0xd43f5e018b415631
5	1	indexed	0	12	163767	2186.46	19711.4	82926.2	15214.7	21212.3	7505.66	3751.25	2398.17	8779.39	819772	0	0	1	0	0xd43f5e018b415631
5	1	indexed	0	13	163972	2205.92	19830.3	82709.8	15239.5	21331.7	7583.66	3791.5	2384.63	8813.27	819750	0	8	1	0	0xd43f5e018b415631
5	1	indexed	0	14	196898	2130.5	19599.4	103382	15264.4	21520	19834.5	3683.91	2411.26	8981.19	948610	0	7	1	0	0xd43f5e018b415631
5	1	indexed	0	15	166490	2160.59	19602	84582.4	15452.5	21817.6	7525.7	4001.88	2441.76	8815.56	821660	0	5	1	0	0xd43f5e018b415631
5	1	indexed	0	16	164014	2188.05	19832.1	82872.7	15335.9	21169.7	7447.53	3802.87	2395.97	8883.69	820010	0	0	1	0	0xd43f5e018b415631
5	1	indexed	0	17	164284	2140.71	19687.2	82968.6	15275.9	21519.2	7602.49	3867.12	2444.26	8695.23	820220	0	1	1	0	0xd43f5e018b415631
5	1	indexed	0	18	164673	2140.46	19802.6	83210.6	15311.7	21310.2	7587.91	4018.38	2379.68	8827.02	820606	0	1	1	0	0xd43f5e018b415631
5	1	indexed	0	19	165120	2133.13	19719.4	83507.9	15351.1	21894.1	7237.07	3899.75	2482.76	8808.35	820606	0	12	1	0	0xd43f5e018b415631
5	1	indexed	0	20	164754	2276.34	19870.8	82909.8	15290.4	21600.5	7381.66	3876.37	2380.14	9081.77	820679	0	1	1	0	0xd43f5e018b415631
5	1	indexed	0	21	164502	2257.26	19852.1	83309.5	15351.8	21180.5	7470.36	3775.2	2390.93	8827.35	836015	0	7	1	0	0xd43f5e018b415631
5	1	indexed	0	22	163785	2131.8	19658.5	82905.7	15403.1	20982.6	7405.2	3874.04	2399.01	8942.23	819554	0	2	1	0	0xd43f5e018b415631
5	1	indexed	0	23	163503	2139.63	19600.4	82843.1	15326.1	21194.5	7236.82	3761	2484.63	8835.02	803447	0	1	1	0	0xd43f5e018b415631
5	1	indexed	0	24	163813	2149.92	19805.6	82845.8	15296.7	21151.3	7351.16	3870.04	2401.09	8856.48	803825	0	0	1	0	0xd43f5e018b415631
5	1	indexed	0	25	164091	2137.3	19665.1	82914	15547.2	21154.5	7566.49	3651.95	2404.59	8961.81	819809	0	8	1	0	0xd43f5e018b415631
5	1	indexed	0	26	164480	2131.25	19750.9	83175.8	15274.3	21467	7319.86	3975.63	2451.97	8848.6	820385	0	1	1	0	0xd43f5e018b415631
5	1	indexed	0	27	165145	2130.25	19893.5	83311.7	15447.1	21820.1	7244.11	3777.2	2588.51	8847.31	820791	0	4	1	0	0xd43f5e018b415631
5	1	indexed	0	28	167600	2170.34	19702.4	85893	15243.6	21907.3	7494.24	3854.58	2482.09	8765.81	839530	0	1	1	0	0xd43f5e018b415631
5	1	indexed	0	29	164408	2215.96	19591.9	83076.6	15222.6	21850.3	7315.99	3769.04	2434.55	8842.93	820345	0	1	1	0	0xd43f5e018b415631
5	1	indexed	0	30	164448	2190.5	19716	83039.4	15252.8	21417	7466.7	3841.71	2475.05	8961.98	820325	0	2	1	0	0xd43f5e018b415631
5	1	indexed	0	31	164719	2190.96	19711.7	83342	15415.8	21097.2	7438.2	4290.17	2374.55	8773.73	836221	0	11	1	0	0xd43f5e018b415631
5	1	indexed	0	32	163703	2140	19671.8	83071.4	15311.1	21037.4	7411.28	3765.66	2425.92	8781.68	819572	0	2	1	0	0xd43f5e018b415631
5	1	indexed	0	33	163861	2162.42	19608.5	83105.6	15324.7	21077.1	7643.79	3641.03	2435.64	8778.43	819673	0	3	1	0	0xd43f5e018b415631
5	1	indexed	0	34	164398	2126.17	19678.3	83181.2	15256.3	21538.7	7460.86	3849.24	2407.64	8814.93	820328	0	1	1	0	0xd43f5e018b415631
5	1	indexed	0	35	164328	2128.5	19668	82977.5	15377.4	21410.1	7350.44	4093.09	2395.63	8844.81	820260	0	1	1	0	0xd43f5e018b415631
5	1	indexed	0	36	164923	2128.71	19877.2	83025.8	15228.3	21929.1	7219.99	3982.54	2520.76	8923.65	820872	0	1	1	0	0xd43f5e018b415631
5	1	indexed	0	37	164481	2187.05	19607.5	83335.4	15226.1	21723.4	7241.62	3836.62	2434.51	8803.23	820203	0	3	1	0	0xd43f5e018b415631
5	1	indexed	0	38	164290	2202.84	19656.5	83090.7	15316.4	21401.7	7551.74	3725.83	2382.97	8876.02	820063	0	8	1	0	0xd43f5e018b415631
5	1	indexed	0	39	164455	2190.01	19899	83059	15311.5	21084.7	7615.12	3894.33	2419.97	8898.81	836110	0	3	1	0	0xd43f5e018b415631
5	1	indexed	0	40	167351	2136.88	19643.4	82998.1	16975.4	22912.3	7437.16	3741.45	2469.42	8953.73	822061	0	2	1	0	0xd43f5e018b415631
5	1	indexed	0	41	163870	2135.25	19543.6	82972.5	15361.2	21165.3	7378.15	3964.08	2398.26	8865.81	803811	0	1	1	0	0xd43f5e018b415631
5	1	indexed	0	42	163641	2132.84	19557.3	82963.5	15308.9	21254.6	7306.07	3804.91	2380.59	8847.27	803578	0	1	1	0	0xd43f5e018b415631
5	1	indexed	0	43	163998	2144.46	19796.3	82885.7	15361.3	21101.5	7532.74	3870.21	2375.22	8843.98	819684	0	5	1	0	0xd43f5e018b415631
5	1	indexed	0	44	164931	2132.09	20054.3	83119.5	15370.3	21485.8	7734.41	3719.24	2387.43	8839.06	820475	0	8	1	0	0xd43f5e018b415631
5	1	indexed	0	45	163722	2128.88	19627.2	82865.2	15326	21374.9	7323.65	3763.58	2382.26	8844.23	819522	0	3	1	0	0xd43f5e018b415631
5	1	indexed	0	46	165193	2139.88	19799.7	83201.2	15250.4	21987.2	7297.28	4127.09	2473.1	8832.1	821049	0	1	1	0	0xd43f5e018b415631
5	1	indexed	0	47	164735	2172.34	19565.7	83159.6	15247	21730.5	7367.15	3936.37	2433.13	9039.9	820672	0	1	1	0	0xd43f5e018b415631
5	1	indexed	0	48	164511	2451.55	19760.6	83077.2	15351.3	21098.1	7506.16	3886.58	2391.88	8904.02	836441	0	1	1	0	0xd43f5e018b415631
5	1	indexed	0	49	163866	2136	19625.8	82766.4	15342.4	21103.9	7630.45	3824.2	2446.8	8902.94	819806	0	1	1	0	0xd43f5e018b415631
6	1	indexed	0	0	164453	2207.17	19622.4	83129.3	15166.8	21745.8	7492.61	3758.24	2429.72	8819.48	820275	0	3	1	0	0xd43f5e018b415631
6	1	indexed	0	1	164154	2180.59	19769.8	82993.5	15209.3	21493.5	7330.86	3738.37	2384.22	8969.35	820091	0	1	1	0	0xd43f5e018b415631
6	1	indexed	0	2	163948	2192.88	19698.4	82768.1	15283.8	21387.5	7565.53	3764.62	2400.42	8802.35	819845	0	2	1	0	0xd43f5e018b415631
6	1	indexed	0	3	163994	2203.63	19709.4	82967.8	15264.9	21251.7	7452.28	3806.83	2412.72	8841.02	819999	0	0	1	0	0xd43f5e018b415631
6	1	indexed	0	4	165402	2169.84	19805.3	83808.1	15375.9	21493.3	7458.57	3882.54	2394.26	8927.4	836749	0	5	1	0	0xd43f5e018b415631
6	1	indexed	0	5	164745	2128.3	19694.2	83008.7	15434.3	21908.6	7272.23	3768.16	2494.22	8952.94	820476	0	9	1	0	0xd43f5e018b415631
6	1	indexed	0	6	165029	2278.38	19612.2	83580.5	15200.5	21576.4	7516.78	3837.46	2403.72	8934.02	820671	0	3	1	0	0xd43f5e018b415631
6	1	indexed	0	7	166820	2206.8	21697	83047.6	15200.1	21826	7432.61	3817.87	2735.64	8771.72	838761	0	1	1	0	0xd43f5e018b415631
6	1	indexed	0	8	164436	2177.55	19645.1	83093.4	15221.8	21642.3	7335.28	4025.62	2408.34	8803.23	820368	0	1	1	0	0xd43f5e018b415631
6	1	indexed	0	9	163913	2215.42	19606.2	83046.9	15257.5	21539.7	7253.61	3727.7	2401.17	8779.31	819795	0	2	1	0	0xd43f5e018b415631
6	1	indexed	0	10	164103	2182.5	19576.5	83092.9	15289.9	21486.1	7460.98	3756	2405.22	8765.85	819686	0	7	1	0	0xd43f5e018b415631
6	1	indexed	0	11	164376	2184.63	19844.4	82957.6	15349.8	21220.5	7578.37	3875.71	2422.97	8860.39	836135	0	7	1	0	0xd43f5e018b415631
6	1	indexed	0	12	163963	2158.3	19749.2	82872.3	15285.6	21080.6	7531.53	3940.79	2435.55	8826.1	819781	0	3	1	0	0xd43f5e018b415631
6	1	indexed	0	13	164556	2133	19744	84201.3	15262.3	20850.8	7295.94	3751.95	2382.47	8851.81	820005	0	11	1	0	0xd43f5e018b415631
6	1	indexed	0	14	163986	2135	19723.5	82970.3	15389.5	21316.9	7285.53	3832.25	2427.43	8821.06	819867	0	2	1	0	0xd43f5e018b415631
6	1	indexed	0	15	164635	2131.25	19772.2	82899.7	15331.5	21953.5	7285.82	3772.41	2438.88	8962.73	820637	0	0	1	0	0xd43f5e018b415631
6	1	indexed	0	16	164576	2190.63	19643	83048.5	15229.1	21821	7568.74	3846.29	2427.68	8715.43	820517	0	1	1	0	0xd43f5e018b415631
6	1	indexed	0	17	164918	2185.34	20425.8	83085	15451.1	21148.7	7397.53	3890.12	2396.09	8856.73	820699	0	8	1	0	0xd43f5e018b415631
6	1	indexed	0	18	165979	2146.96	19727.5	84002.2	15311.5	22025	7593.91	3785.12	2414.63	8891.43	821546	0	5	1	0	0xd43f5e018b415631
6	1	indexed	0	19	166907	2182.05	19768.1	85366.8	15463.5	21187.4	7415.82	4134.21	2404.38	8888.85	838843	0	1	1	0	0xd43f5e018b415631
6	1	indexed	0	20	163782	2131.79	19637.2	82930.3	15259.4	21352.2	7349.78	3751.45	2422.63	8860.6	819725	0	1	1	0	0xd43f5e018b415631
6	1	indexed	0	21	164958	2140.13	19836.4	83105.7	15256.7	21947.9	7276.44	3955.71	2479.38	8875.73	820823	0	2	1	0	0xd43f5e018b415631
6	1	indexed	0	22	165223	2196.88	20529.6	83431.5	15382.7	21258.7	7322.57	3826.7	2408.26	8782.85	821043	0	2	1	0	0xd43f5e018b415631
6	1	indexed	0	23	163808	2159.21	19695	83316.8	15269.1	21159.9	7242.57	3677.28	2423.51	8779.64	819496	0	5	1	0	0xd43f5e018b415631
6	1	indexed	0	24	164276	2205.21	19774.1	83420.5	15331.8	21031	7460.28	3721.95	2450.14	8795.06	835912	0	9	1	0	0xd43f5e018b415631
6	1	indexed	0	25	163889	2145.71	19907.9	82997.6	15247.2	21553.7	7357.28	3680.91	2391.34	8519.93	819715	0	3	1	0	0xd43f5e018b415631
6	1	indexed	0	26	164416	2136.75	19781.3	83010.6	15213.3	21580.9	7487.07	3747.29	2418.18	8956.68	820311	0	2	1	0	0xd43f5e018b415631
6	1	indexed	0	27	164007	2127	19734.4	82942.8	15368.9	21311.9	7300.61	3793.2	2436.3	8910.1	819937	0	1	1	0	0xd43f5e018b415631
6	1	indexed	0	28	164858	2132.25	19735.7	83036.1	15256.3	22001.8	7465.62	3758.33	2507.18	8879.93	820864	0	0	1	0	0xd43f5e018b415631
6	1	indexed	0	29	164684	2190.8	19896	83108.8	15257.6	21648.4	7449.37	3881.75	2391.76	8774.81	820509	0	3	1	0	0xd43f5e018b415631
6	1	indexed	0	30	164492	2192.46	20037.3	83014.8	15345.1	21273.9	7528.86	3806.95	2387.05	8818.93	820030	0	9	1	0	0xd43f5e018b415631
6	1	indexed	0	31	166435	2135.79	19760.3	82880.2	17004.7	22027.8	7581.16	3704.91	2391.59	8863.02	822370	0	1	1	0	0xd43f5e018b415631
6	1	indexed	0	32	164481	2198.42	19663.6	82804.9	15190.1	21730.3	7503.49	3913.33	2447.43	8945.14	820445	0	1	1	0	0xd43f5e018b415631
6	1	indexed	0	33	164159	2288.51	19782.4	83055.5	15219.6	21317.6	7468.36	3746.49	2393.38	8801.72	819909	0	3	1	0	0xd43f5e018b415631
6	1	indexed	0	34	163917	2199.92	19742.2	83292.1	15228.8	21196.1	7281.99	3719.04	2389.92	8783.81	819809	0	1	1	0	0xd43f5e018b415631
6	1	indexed	0	35	165238	2174.17	20409.7	83232	15255.1	21508	7402.03	3898.7	2387.63	8888.43	836475	0	8	1	0	0xd43f5e018b415631
6	1	indexed	0	36	166226	2140.05	19615.5	84228.4	15473.5	22101	7501.95	3864.41	2418.3	8796.02	821486	0	12	1	0	0xd43f5e018b415631
6	1	indexed	0	37	164225	2208.17	19920.3	82766.6	15388.8	21245.1	7480.03	3964.79	2396.68	8769.39	820024	0	3	1	0	0xd43f5e018b415631
6	1	indexed	0	38	163912	2152.5	19635	82939.1	15582.9	21172.6	7418.36	3714.16	2397.13	8817.85	819894	0	1	1	0	0xd43f5e018b415631
6	1	indexed	0	39	163749	2136.59	19774.8	82828.5	15328.5	21157.3	7381.61	3848.12	2378.55	8832.89	803665	0	1	1	0	0xd43f5e018b415631
6	1	indexed	0	40	164015	2132.46	19669.9	83062.4	15440.3	21018.7	7587.32	3760.83	2445.09	8809.14	819877	0	1	1	0	0xd43f5e018b415631
6	1	indexed	0	41	164390	2134	19721.4	83180.1	15248	21589.3	7360.19	3757.58	2419.3	8895.48	820188	0	3	1	0	0xd43f5e018b415631
6	1	indexed	0	42	165761	2143.25	19710.2	83517.2	15339.8	22043.9	7859.83	3789.99	2431.3	8838.93	821364	0	8	1	0	0xd43f5e018b415631
6	1	indexed	0	43	164241	2184.92	19714.2	82689.4	15295.1	21523.9	7547.07	3993.67	2393.51	8811.56	820175	0	1	1	0	0xd43f5e018b415631
6	1	indexed	0	44	167448	2205	19792.3	85492.6	15207.2	21754.6	7863.79	3714.28	2428.76	8907.73	839447	0	0	1	0	0xd43f5e018b415631
6	1	indexed	0	45	164504	2196.05	19875	83362.4	15233.4	21416.7	7508.32	3679.99	2381.26	8764.35	820266	0	4	1	0	0xd43f5e018b415631
6	1	indexed	0	46	163998	2196.67	19762.3	83096.1	15303.7	21216.3	7465.73	3708.74	2394.72	8769.68	819890	0	1	1	0	0xd43f5e018b415631
6	1	indexed	0	47	164361	2139.75	19871.7	83627.8	15251.3	20970.6	7548.37	3846.54	2388.71	8633.26	835977	0	7	1	0	0xd43f5e018b415631
6	1	indexed	0	48	164625	2135.5	19868.8	83127.2	15395.3	21424	7402.69	3870.83	2382.47	8933.48	820438	0	7	1	0	0xd43f5e018b415631
6	1	indexed	0	49	164754	2142.84	19769.6	83107	15288.4	22123.2	7200.82	3717.74	2532.22	8785.68	820637	0	2	1	0	0xd43f5e018b415631
7	1	control	0	0	167928	2139.59	19632.9	82874.7	15278.6	21600.4	11089.6	3844.46	2478.63	8906.35	839858	0	1	1	0	0xd43f5e018b415631
7	1	control	0	1	167783	2160.67	19676.3	82698.5	15503.6	21443.1	11005.8	4021.38	2402.17	8791.1	839474	0	6	1	0	0xd43f5e018b415631
7	1	control	0	2	167934	2121.5	19695.2	83512.6	15304.7	21268	11033.1	3886.45	2422.59	8607.55	839589	0	5	1	0	0xd43f5e018b415631
7	1	control	0	3	167776	2134.67	19664.2	82995.7	15482.4	21452.4	11166.8	3862.08	2397.34	8533.93	839531	0	8	1	0	0xd43f5e018b415631
7	1	control	0	4	167797	2144.54	19652.9	83153.4	15275.4	21603.2	10798.4	3960.12	2386.01	8740.14	839660	0	2	1	0	0xd43f5e018b415631
7	1	control	0	5	167693	2270.8	19789.7	82886.1	15249.5	21517.3	10900.8	3775.37	2399.13	8820.01	839627	0	1	1	0	0xd43f5e018b415631
7	1	control	0	6	167775	2127.59	19706.7	83003.6	15251.6	21543.6	10964.1	3947.12	2436.17	8709.35	839766	0	0	1	0	0xd43f5e018b415631
7	1	control	0	7	167935	2132.09	19736.2	82958.9	15379.1	21558.2	10903.3	3907.54	2466.71	8809.31	839708	0	5	1	0	0xd43f5e018b415631
7	1	control	0	8	167762	2136.79	19651.3	82925.8	15294.4	21514.8	11021.7	3893.33	2525.55	8714.14	839697	0	1	1	0	0xd43f5e018b415631
7	1	control	0	9	169963	4390.26	19595.5	83012	15336.4	21328.1	11053.1	3791.58	2398.55	8974.98	841650	0	9	1	0	0xd43f5e018b415631
7	1	control	0	10	169765	2184.59	19759.7	84929.2	15851.2	20917.4	11289.6	3821.33	2388.93	8537.3	857704	0	1	1	0	0xd43f5e018b415631
7	1	control	0	11	167594	2158.38	19707.5	82715.2	15255.9	21587	10982.2	3780.08	2492.26	8831.14	839161	0	2	1	0	0xd43f5e018b415631
7	1	control	0	12	167930	2133.63	19745.1	82743.6	15345.9	21572.8	11142.5	3794.58	2514.84	8849.85	839759	0	3	1	0	0xd43f5e018b415631
7	1	control	0	13	168070	2130.88	20089.3	83093	15378.2	21438.4	10986.5	3944.29	2382.92	8543.67	839792	0	4	1	0	0xd43f5e018b415631
7	1	control	0	14	167565	2138.59	19737.9	83140.6	15339.6	21326.6	10934.9	3864.99	2404.38	8594.97	839275	0	5	1	0	0xd43f5e018b415631
7	1	control	0	15	167772	2133.84	19823.1	83169.8	15346.4	21555	10996.8	3706.49	2394.97	8560.26	839528	0	8	1	0	0xd43f5e018b415631
7	1	control	0	16	167780	2140.42	19751.9	82858.8	15236.1	21557	10968.6	3937.66	2494.51	8748.31	839728	0	1	1	0	0xd43f5e018b415631
7	1	control	0	17	167682	2139.46	19729.3	83078	15264.5	21553.1	10845.8	3807.83	2401.3	8779.18	839617	0	1	1	0	0xd43f5e018b415631
7	1	control	0	18	167900	2137.88	19785.1	82808.7	15288.7	21536.9	11046.9	3875.54	2480.64	8857.6	839900	0	0	1	0	0xd43f5e018b415631
7	1	control	0	19	167959	2131.71	19700.9	82810.2	15260.3	21695.3	10869.4	3955.62	2492.93	8954.64	839782	0	3	1	0	0xd43f5e018b415631
7	1	control	0	20	167756	2150.79	19761.9	83085.6	15183	21734.5	10759.3	3806.54	2384.14	8809.26	839510	0	3	1	0	0xd43f5e018b415631
7	1	control	0	21	167964	2133.63	20284.2	82985.2	15304.9	21378.8	10976.9	3738.87	2424.97	8652.68	839746	0	6	1	0	0xd43f5e018b415631
7	1	control	0	22	170678	2131.25	19615.7	84527.6	16290.9	21761.2	11085.5	3863.08	2481.43	8837.22	842623	0	1	1	0	0xd43f5e018b415631
7	1	control	0	23	168396	2184.71	19749.5	82851.3	15234.7	21865.6	11280.6	3922.37	2431.67	8794.51	840339	0	1	1	0	0xd43f5e018b415631
7	1	control	0	24	167999	2142.46	19627.3	82921.3	15277.6	21745.9	10972.5	4077.12	2443.47	8706.34	839942	0	1	1	0	0xd43f5e018b415631
7	1	control	0	25	167980	2132.46	19666.9	83088.2	15315.5	21556.7	11090.9	3826.41	2429.22	8786.85	839700	0	4	1	0	0xd43f5e018b415631
7	1	control	0	26	168056	2644.89	19721.3	82817.2	15365.2	21362.5	11192	3899.41	2398.51	8572.47	839648	0	5	1	0	0xd43f5e018b415631
7	1	control	0	27	168343	2519.34	19650.1	83619.2	15276.4	21134.1	11028.8	3749.99	2385.59	8895.89	840729	0	8	1	0	0xd43f5e018b415631
7	1	control	0	28	167239	2135.13	19624.7	83120.2	15233.9	21201.5	11106.6	3717.53	2389.13	8626.09	838468	0	2	1	0	0xd43f5e018b415631
7	1	control	0	29	167632	2141.38	19768.2	82912.7	15253.8	21430.9	11116.7	3856.04	2405.8	8665.3	839521	0	2	1	0	0xd43f5e018b415631
7	1	control	0	30	167788	2136.25	19780	83031	15281.9	21501.5	10955.4	3833	2397.96	8789.6	839785	0	0	1	0	0xd43f5e018b415631
7	1	control	0	31	167791	2132.84	19931.6	82752.7	15257.7	21495.6	10944.4	4000.79	2423.59	8768.93	839598	0	3	1	0	0xd43f5e018b415631
7	1	control	0	32	167707	2158.92	19767.2	82866.5	15284	21610.6	10851.2	3943.25	2445.42	8695.09	839624	0	1	1	0	0xd43f5e018b415631
7	1	control	0	33	167814	2149.71	19795.6	82642.4	15324.6	21671.5	11020.1	3856.54	2472.18	8793.93	839758	0	1	1	0	0xd43f5e018b415631
7	1	control	0	34	170951	2136.29	19662.2	85076.1	15664.9	21777.4	11240.8	3978.66	2458.5	8874.1	842829	0	6	1	0	0xd43f5e018b415631
7	1	control	0	35	168282	2192.75	19698	82944.3	15268.8	21849	10928.2	4104.42	2386.01	8826.22	840149	0	2	1	0	0xd43f5e018b415631
7	1	control	0	36	168186	2274.67	19834.3	82834.9	15318.9	21608.9	11091.6	3901.2	2432.59	8805.68	856105	0	1	1	0	0xd43f5e018b415631
7	1	control	0	37	167971	2138.54	19847.8	83080.1	15265.8	21516.6	10975.4	3808.7	2616.3	8641.01	839435	0	8	1	0	0xd43f5e018b415631
7	1	control	0	38	167804	2136.25	19903.1	82911.6	15292	21470.8	11164.1	3803.08	2437.26	8602.05	839743	0	1	1	0	0xd43f5e018b415631
7	1	control	0	39	167881	2131.92	19789.7	83311.2	15290.1	21419.7	10965.6	3779.12	2397.42	8711.59	839816	0	1	1	0	0xd43f5e018b415631
7	1	control	0	40	167761	2140.38	19655	83187.7	15262.5	21457.5	11010.1	3911.04	2391.22	8662.43	839601	0	6	1	0	0xd43f5e018b415631
7	1	control	0	41	167791	2135.29	19637	83151.1	15369.1	21535.4	10841.3	3831.37	2381	8825.01	839608	0	2	1	0	0xd43f5e018b415631
7	1	control	0	42	167668	2153.84	19830.3	82820.6	15290.8	21542.5	10808.5	4007.33	2426.05	8704.93	839666	0	0	1	0	0xd43f5e018b415631
7	1	control	0	43	167982	2143.46	19816.6	83179.4	15244.1	21425.7	11126.7	3777.99	2444.97	8736.59	839674	0	3	1	0	0xd43f5e018b415631
7	1	control	0	44	168223	2141.25	19600	83160.2	15290.9	21419.6	11336.4	4013.83	2386.42	8790.01	839823	0	3	1	0	0xd43f5e018b415631
7	1	control	0	45	167517	2142.88	19820.2	82729.9	15381.1	21377.3	10992.2	3959.75	2391.09	8638.18	839462	0	1	1	0	0xd43f5e018b415631
7	1	control	0	46	171121	2134.09	19763.8	85542.4	15754.7	21558.9	11277.3	3783.04	2386.84	8837.26	842993	0	6	1	0	0xd43f5e018b415631
7	1	control	0	47	168024	2136.38	19810.5	82916.1	15259.7	21620.8	10955	3887.83	2490.21	8863.01	839964	0	1	1	0	0xd43f5e018b415631
7	1	control	0	48	167945	2145.38	19732.4	82861.2	15310.6	21608.7	10923.3	4030.62	2433.84	8816.6	839944	0	0	1	0	0xd43f5e018b415631
7	1	control	0	49	167894	2351.67	19619.9	83081.6	15307.3	21640.2	10854.1	3848.41	2393.55	8712.22	839393	0	7	1	0	0xd43f5e018b415631
8	2	control	0	0	167826	2131.63	19846.6	82972	15272	21502.9	10892.6	3901.33	2402.34	8814.14	839763	0	1	1	0	0xd43f5e018b415631
8	2	control	0	1	171234	2128	19725.9	86054.3	15253	21843.2	11048.6	3821.83	2475.38	8792.84	843156	0	7	1	0	0xd43f5e018b415631
8	2	control	0	2	168346	2155.71	19921.6	83190.5	15318	21544.1	11011.5	4012.16	2457.59	8645.84	856109	0	3	1	0	0xd43f5e018b415631
8	2	control	0	3	167874	2154	19696.3	82966.4	15361.4	21528.4	10912.8	3935.66	2403.38	8826.14	839574	0	5	1	0	0xd43f5e018b415631
8	2	control	0	4	167734	2139.88	19760.6	83032.6	15322.4	21570.7	10836	3800.62	2392.22	8791.55	839381	0	6	1	0	0xd43f5e018b415631
8	2	control	0	5	167751	2135.17	19773	82713.1	15318.9	21517	10872.9	3961.62	2538.47	8834.01	839574	0	3	1	0	0xd43f5e018b415631
8	2	control	0	6	167874	2127.46	19796	83040.7	15281.4	21530.5	10910.2	3880.33	2446.05	8767.59	839809	0	1	1	0	0xd43f5e018b415631
8	2	control	0	7	167888	2135.79	19686.1	83118	15290.9	21528.4	11042.6	3924.16	2421.13	8649.47	839765	0	6	1	0	0xd43f5e018b415631
8	2	control	0	8	167992	2135.38	20107.5	82871	15239.6	21390.2	10906.2	4141.04	2490.76	8619.88	839871	0	2	1	0	0xd43f5e018b415631
8	2	control	0	9	168169	2125.25	19791.9	83285.3	15342.1	21355.1	11141.6	3770.99	2398.59	8867.18	839937	0	5	1	0	0xd43f5e018b415631
8	2	control	0	10	167788	2127.67	19927.8	82927.5	15388.8	21267.5	10947.2	3857.03	2426.64	8827.3	839724	0	2	1	0	0xd43f5e018b415631
8	2	control	0	11	167544	2141.29	19714.5	82926.1	15260.5	21414.4	11092.6	3811.58	2385.38	8705.93	839261	0	1	1	0	0xd43f5e018b415631
8	2	control	0	12	167613	2138.34	19897.9	83211.1	15317.8	21275.1	10837.6	3810.95	2429.68	8600.38	839537	0	1	1	0	0xd43f5e018b415631
8	2	control	0	13	171830	2131.42	20051.2	86228.4	15331.4	21675.6	11080.4	3954.71	2434.67	8852.22	859520	0	8	1	0	0xd43f5e018b415631
8	2	control	0	14	167850	2123.25	19888.5	82991.9	15302.2	21374.4	11014.4	3954.12	2383.05	8729.55	839795	0	1	1	0	0xd43f5e018b415631
8	2	control	0	15	168353	2128.92	19827.9	83196.2	15324.9	21452.5	10939.7	4034.46	2395.46	8932.26	840080	0	3	1	0	0xd43f5e018b415631
8	2	control	0	16	167643	2128.54	19737.2	83015.8	15329.7	21276.3	10907.8	3708.37	2457.71	8990.02	839349	0	5	1	0	0xd43f5e018b415631
8	2	control	0	17	167259	2131.71	19706.1	82740.7	15291	21469.9	10920	3789.7	2399.59	8719.8	839127	0	2	1	0	0xd43f5e018b415631
8	2	control	0	18	167760	2121.63	19830.4	82988.5	15289.9	21498.1	10965.3	3898.33	2466.76	8614.47	839568	0	3	1	0	0xd43f5e018b415631
8	2	control	0	19	167959	2131.13	19990.5	83193.7	15314.1	21347.8	10833	3891	2385.72	8782.05	839831	0	6	1	0	0xd43f5e018b415631
8	2	control	0	20	167785	2129.46	19670.6	83079.8	15284.1	21861.6	10883.6	3776.99	2402.92	8607.97	839670	0	2	1	0	0xd43f5e018b415631
8	2	control	0	21	167993	2121.83	19704.7	82967.1	15340.5	21468.3	11305.7	4010.87	2412.63	8567.59	839810	0	3	1	0	0xd43f5e018b415631
8	2	control	0	22	167624	2120.54	19773.9	82797.7	15301.1	21507.2	10995.8	3912.71	2382.46	8740.84	839609	0	0	1	0	0xd43f5e018b415631
8	2	control	0	23	167831	2129.13	19658.7	83024.6	15261.4	21544.1	10940.2	3984.45	2392.42	8805.97	839695	0	2	1	0	0xd43f5e018b415631
8	2	control	0	24	167627	2132.38	19691.5	82884.3	15309.1	21584.6	10810.1	3879.49	2454.22	8794.22	839558	0	1	1	0	0xd43f5e018b415631
8	2	control	0	25	171125	2153.5	19822.4	85774.3	15157.6	21987.8	11075.5	3784.99	2444.67	8830.68	842795	0	9	1	0	0xd43f5e018b415631
8	2	control	0	26	168290	2183	19949.2	82923.4	15290.1	21733.9	11031.2	3797.58	2437.8	8850.22	840170	0	2	1	0	0xd43f5e018b415631
8	2	control	0	27	168180	2129	19860.2	83597.8	15352.7	21265.2	11078.5	3737.03	2444.26	8623.13	839086	0	7	1	0	0xd43f5e018b415631
8	2	control	0	28	167791	2126.83	20088.8	83059.5	15261.1	21382.3	10963.5	3695.78	2383.59	8742.93	839429	0	5	1	0	0xd43f5e018b415631
8	2	control	0	29	168541	2130.88	19778.7	83367.4	15614.8	21346.8	10982.6	3984.54	2428.3	8813.68	840173	0	5	1	0	0xd43f5e018b415631
8	2	control	0	30	167722	2136.75	19782.2	83163.2	15219.2	21164.2	11076.7	3926.54	2381.88	8783.05	839651	0	1	1	0	0xd43f5e018b415631
8	2	control	0	31	167717	2135.17	19745.6	82997.5	15234.6	21366.1	10944.1	3942.58	2388.76	8873.85	839543	0	7	1	0	0xd43f5e018b415631
8	2	control	0	32	168318	2134.25	19751.4	83656.9	15284.1	21181.6	11006.3	3852.16	2426.88	8932.47	839945	0	1	1	0	0xd43f5e018b415631
8	2	control	0	33	167640	2132.54	19769.5	83080.4	15410.7	21042.2	10894.2	3968.62	2366.8	8885.64	839468	0	3	1	0	0xd43f5e018b415631
8	2	control	0	34	169028	2147.38	19672.5	83805.1	15288.5	21650.9	11346.4	3691.66	2387.59	8945.93	840100	0	7	1	0	0xd43f5e018b415631
8	2	control	0	35	168933	2174.88	19890.9	83215.5	15177.8	22036.9	10952.1	3983.25	2400.76	9009.01	840867	0	1	1	0	0xd43f5e018b415631
8	2	control	0	36	168372	2281.21	19793.3	83151.9	15278.6	21738.3	10869.4	3803.33	2439.76	8924.01	856285	0	1	1	0	0xd43f5e018b415631
8	2	control	0	37	171464	2130.63	19841.8	85284.9	15274.3	22028.7	11588.6	3813.7	2433.17	8978.56	843287	0	7	1	0	0xd43f5e018b415631
8	2	control	0	38	168375	2157.88	19740.1	83614.8	15251.7	21717.4	10846.8	3860.83	2420.88	8672.72	856031	0	2	1	0	0xd43f5e018b415631
8	2	control	0	39	168602	2132.21	20297.7	83085.5	15272.2	21250.3	11019.2	4193.04	2391.71	8873.47	840011	0	3	1	0	0xd43f5e018b415631
8	2	control	0	40	167962	2136.08	20179.6	82911.3	15334.5	21036.7	11010.8	3958.16	2384.05	8918.97	839499	0	7	1	0	0xd43f5e018b415631
8	2	control	0	41	167388	2140.25	19748.6	83127.2	15254.4	21097.3	10976.8	3760.7	2405.3	8789.51	839322	0	1	1	0	0xd43f5e018b415631
8	2	control	0	42	167762	2129	19646.4	83291.2	15265.4	21241.8	10986.8	3785.16	2414.05	8911.47	839624	0	2	1	0	0xd43f5e018b415631
8	2	control	0	43	168189	2127.17	19801.3	83014	15315.7	21212.8	10980.3	4262.75	2475.17	8911.6	839990	0	7	1	0	0xd43f5e018b415631
8	2	control	0	44	167742	2124.92	19817.4	83061.3	15221.2	21175.3	11208.1	3745.45	2380.46	8898.18	839627	0	2	1	0	0xd43f5e018b415631
8	2	control	0	45	167548	2130.13	19734	83288	15271.3	21183.1	10907.7	3777.74	2394.38	8767.8	839203	0	4	1	0	0xd43f5e018b415631
8	2	control	0	46	167768	2133	19635	83201.9	15318.5	21312.7	11043.6	3799.12	2384.46	8849.97	839627	0	2	1	0	0xd43f5e018b415631
8	2	control	0	47	167462	2122.71	19852	83130.5	15330	21256.9	10859.3	3881.41	2386.13	8554.38	839381	0	1	1	0	0xd43f5e018b415631
8	2	control	0	48	167706	2135.42	19765.3	82995.2	15281.5	21433.7	11225.2	3746.16	2388.3	8646.13	839638	0	1	1	0	0xd43f5e018b415631
8	2	control	0	49	171037	2128.21	19659.3	85801.7	15206.6	22027.7	11118.9	3718.49	2514.59	8772.01	842805	0	8	1	0	0xd43f5e018b415631
9	2	indexed	0	0	163653	2166.79	19626.6	82909.7	15307	21247.1	7390.6	3743.37	2372.3	8807.68	819343	0	3	1	0	0xd43f5e018b415631
9	2	indexed	0	1	164136	2169.34	19758.6	83299.1	15280.7	21018.5	7378.48	3836.58	2407.3	8900.39	835876	0	2	1	0	0xd43f5e018b415631
9	2	indexed	0	2	163517	2155.34	19811.4	82651.7	15246.2	21148.9	7456.19	3684.08	2439.05	8838.26	803456	0	1	1	0	0xd43f5e018b415631
9	2	indexed	0	3	166983	2167.13	19749.3	84999.2	15523.9	21511.9	7671.49	3846.12	2615.47	8812.22	838980	0	0	1	0	0xd43f5e018b415631
9	2	indexed	0	4	164497	2181.42	19804.1	83424	15242.5	21340.8	7360.28	3930	2394.55	8734.17	820158	0	9	1	0	0xd43f5e018b415631
9	2	indexed	0	5	164127	2182.25	19823.6	83164	15492.2	21140.8	7339.44	3758.12	2390.3	8747.88	819955	0	3	1	0	0xd43f5e018b415631
9	2	indexed	0	6	163771	2141.83	19703.8	82841.3	15280.4	21168.6	7349.77	3869.2	2397.3	8934.18	805881	0	9	1	0	0xd43f5e018b415631
9	2	indexed	0	7	164766	2147.5	19756.4	83277.4	15269.3	21481.6	7641.28	3713.41	2413.13	8980.26	820193	0	4	1	0	0xd43f5e018b415631
9	2	indexed	0	8	165120	2445.34	19783.7	83049.9	15256.9	21942.4	7387.15	3795.41	2544.67	8828.8	821040	0	1	1	0	0xd43f5e018b415631
9	2	indexed	0	9	164376	2178.09	19742.2	82948.7	15268.2	21778.4	7151.39	3897.7	2456.88	8870.55	820319	0	1	1	0	0xd43f5e018b415631
9	2	indexed	0	10	164642	2217.09	19649.2	83458.3	15238.5	21321.7	7368.06	4024.12	2423.09	8857.64	820356	0	8	1	0	0xd43f5e018b415631
9	2	indexed	0	11	164264	2183.75	19687.3	83099.2	15366.8	21107.5	7458.56	3999.12	2390.05	8887.84	836063	0	4	1	0	0xd43f5e018b415631
9	2	indexed	0	12	164639	2143.38	19710.3	83161.1	15733.6	20827.2	7849.15	3853.62	2447.97	8828.93	819532	0	5	1	0	0xd43f5e018b415631
9	2	indexed	0	13	164057	2138.38	19668	83000.5	15254.6	21493.5	7235.86	3983.08	2381.38	8815.43	819885	0	3	1	0	0xd43f5e018b415631
9	2	indexed	0	14	164682	2140.79	19744.5	83091.9	15234.6	21926.4	7383.85	3692.78	2498.8	8882.93	820558	0	2	1	0	0xd43f5e018b415631
9	2	indexed	0	15	164930	2189.46	19696.3	83172.7	15234.3	21828.6	7367.73	3992.83	2475.55	8883.64	820867	0	1	1	0	0xd43f5e018b415631
9	2	indexed	0	16	168038	2983.31	20017.7	85121.8	15204.2	21695.4	7444.36	4044.41	2402.63	9037.06	839595	0	10	1	0	0xd43f5e018b415631
9	2	indexed	0	17	164089	2182.21	19681.9	82857.9	15394.1	21256.1	7571.65	3883.74	2396.63	8781.63	819977	0	1	1	0	0xd43f5e018b415631
9	2	indexed	0	18	163781	2171.59	19629.2	82943.6	15206.3	21271.6	7236.15	3960.62	2393.25	8885.39	819645	0	2	1	0	0xd43f5e018b415631
9	2	indexed	0	19	164401	2166.92	19686.1	83289.2	15224.3	21643.7	7493.4	3844.04	2393.63	8575.92	835946	0	7	1	0	0xd43f5e018b415631
9	2	indexed	0	20	163890	2140.33	19735.8	82907.3	15226.3	21565.8	7402.57	3955.33	2378.3	8494	819891	0	0	1	0	0xd43f5e018b415631
9	2	indexed	0	21	163837	2142.63	19671	83116.7	15217.8	21526.7	7418.27	3700.36	2386.47	8571.71	819768	0	1	1	0	0xd43f5e018b415631
9	2	indexed	0	22	164209	2144.46	19623.8	83211.8	15256.7	21491.1	7273.98	3897.62	2399.13	8828.84	820145	0	1	1	0	0xd43f5e018b415631
9	2	indexed	0	23	164032	2146.71	19718.2	83079.9	15256.1	21491.5	7312.98	3731.95	2405.59	8807.72	819917	0	6	1	0	0xd43f5e018b415631
9	2	indexed	0	24	164027	2142.17	19692.4	83072.8	15357.9	21475	7242.19	3723.11	2380.51	8855.18	819852	0	3	1	0	0xd43f5e018b415631
9	2	indexed	0	25	165222	2138.54	19724.9	83179.3	15478.7	21927.5	7374.57	3861.62	2531.8	8918.22	820901	0	3	1	0	0xd43f5e018b415631
9	2	indexed	0	26	164373	2207.71	19904.4	82856.4	15195.3	21578.4	7433.9	3889	2394.55	8830.43	820316	0	1	1	0	0xd43f5e018b415631
9	2	indexed	0	27	164356	2200.17	19709.7	83127.4	15350.1	21245	7604.94	3792.2	2387.76	8851.47	820257	0	2	1	0	0xd43f5e018b415631
9	2	indexed	0	28	167144	2146.46	20010.4	85616	15220.8	21524.2	7364.61	3957.12	2410.72	8808.38	823026	0	2	1	0	0xd43f5e018b415631
9	2	indexed	0	29	164189	2288.05	19806.1	83050.6	15232.9	21322.1	7415.86	3727.57	2398.55	8861.39	819977	0	7	1	0	0xd43f5e018b415631
9	2	indexed	0	30	164017	2354.71	19800.5	82933.7	15346.3	21169.7	7486.82	3724.03	2378.26	8737.8	819677	0	4	1	0	0xd43f5e018b415631
9	2	indexed	0	31	164873	2140.58	19662.2	83195.9	15298.8	21441.9	7535.27	3900.24	2768.39	8847.59	820383	0	7	1	0	0xd43f5e018b415631
9	2	indexed	0	32	164269	2138.34	19794.9	83117.2	15280.7	21327.9	7333.94	3815.03	2419.59	8956.18	820209	0	1	1	0	0xd43f5e018b415631
9	2	indexed	0	33	165011	2142.83	19760.1	83035.1	15259.7	22086.6	7405.24	3887.04	2473.34	8872.39	820772	0	4	1	0	0xd43f5e018b415631
9	2	indexed	0	34	164283	2182.71	19779.9	82997	15206.1	21663.5	7279.06	3874.04	2398.18	8820.22	820219	0	1	1	0	0xd43f5e018b415631
9	2	indexed	0	35	164335	2206.04	19659.7	83110.8	15227	21400.8	7510.73	3891.24	2388.59	8854.68	820213	0	6	1	0	0xd43f5e018b415631
9	2	indexed	0	36	163759	2201.34	19759.2	82894.8	15219	21268.8	7412.02	3752.49	2381.09	8783.3	819615	0	2	1	0	0xd43f5e018b415631
9	2	indexed	0	37	164012	2203.59	19765.6	83073.8	15246.5	21287.8	7331.98	3793.99	2399.63	8823.88	819779	0	4	1	0	0xd43f5e018b415631
9	2	indexed	0	38	163767	2165.54	19630.7	82876.2	15260.1	21195.9	7582.03	3721.49	2418.09	8830.59	819765	0	0	1	0	0xd43f5e018b415631
9	2	indexed	0	39	164089	2180.04	19661.9	82913.7	15383.6	21106.4	7663.45	3706.45	2547.34	8842.64	819972	0	2	1	0	0xd43f5e018b415631
9	2	indexed	0	40	166239	2147.17	19748	83617.6	15239.4	21793.6	8249.5	3914.58	2555.51	8892.3	822002	0	3	1	0	0xd43f5e018b415631
9	2	indexed	0	41	164624	2182.75	19717.3	83037.1	15289.9	21676.4	7438.81	3833.12	2408.96	8955.47	820447	0	7	1	0	0xd43f5e018b415631
9	2	indexed	0	42	164113	2202.21	19658.1	83131.9	15218.6	21252.9	7539.78	3798.58	2387.8	8837.26	819853	0	3	1	0	0xd43f5e018b415631
9	2	indexed	0	43	163950	2175.09	19761	83124.5	15322.9	21273	7226.43	3739.16	2394.29	8850.05	819703	0	4	1	0	0xd43f5e018b415631
9	2	indexed	0	44	163700	2148.63	19623	82699.8	15358.4	21149.1	7591.65	3825.74	2433.63	8783.13	803465	0	1	1	0	0xd43f5e018b415631
9	2	indexed	0	45	163708	2169.09	19546	83147.2	15204	21234.7	7358.86	3754.78	2386.84	8819.88	819642	0	1	1	0	0xd43f5e018b415631
9	2	indexed	0	46	163899	2182.75	19698.4	82768.4	15228.7	21635.3	7274.06	3755.53	2380.05	8891.89	819832	0	1	1	0	0xd43f5e018b415631
9	2	indexed	0	47	163953	2181.29	19877	82988.9	15184.3	21197.1	7405.52	3733.7	2390.92	8909.3	819950	0	0	1	0	0xd43f5e018b415631
9	2	indexed	0	48	164032	2142.38	19694.1	82895.3	15512.1	21091.5	7558.98	3712.62	2427.63	8911.72	819449	0	10	1	0	0xd43f5e018b415631
9	2	indexed	0	49	163941	2141.54	19614.3	83265.4	15345.3	20961.9	7624.78	3701.95	2394.21	8807.55	819677	0	2	1	0	0xd43f5e018b415631
10	2	indexed	0	0	163901	2165.46	19642.5	82909.2	15250	21212.9	7593.82	3769.41	2397.13	8874.89	819681	0	2	1	0	0xd43f5e018b415631
10	2	indexed	0	1	163838	2130.54	19615.8	82687.5	15338.4	21166.3	7650.32	3848.03	2428.34	8890.68	803765	0	1	1	0	0xd43f5e018b415631
10	2	indexed	0	2	163960	2131.33	19790	83067.1	15335.9	21134.5	7296.56	3743.49	2392.59	8984.89	819940	0	2	1	0	0xd43f5e018b415631
10	2	indexed	0	3	163784	2129.96	19739.9	82888.3	15327.3	21075.2	7392.03	3907.04	2390.67	8849.55	819363	0	10	1	0	0xd43f5e018b415631
10	2	indexed	0	4	163929	2139.38	19787.8	83110.6	15319.6	21069.3	7418.6	3756.03	2382.38	8863.26	819643	0	4	1	0	0xd43f5e018b415631
10	2	indexed	0	5	164686	2118.62	20081.4	83093.8	15317.2	21564.8	7335.85	3809.57	2433.01	8845.55	820365	0	4	1	0	0xd43f5e018b415631
10	2	indexed	0	6	163982	2126.42	19756.6	82768.8	15353.1	21279.5	7652.4	3782.99	2377.96	8801.17	819929	0	1	1	0	0xd43f5e018b415631
10	2	indexed	0	7	166050	2129.38	19778.6	83121.9	15301	22671.1	7828.12	3802.99	2423.88	8909.14	821928	0	2	1	0	0xd43f5e018b415631
10	2	indexed	0	8	164090	2196.71	19988.4	82768.1	15249.6	21255.5	7448.11	3843.16	2394.46	8865.01	822168	0	2	1	0	0xd43f5e018b415631
10	2	indexed	0	9	164171	2152.92	19792.4	83025	15355.3	21302.1	7441.15	3706.66	2387.25	8925.43	833451	0	13	1	0	0xd43f5e018b415631
10	2	indexed	0	10	164032	2124.67	19733.8	83048.9	15278.6	20879.6	7593.65	4197.17	2394.8	8696.67	819719	0	5	1	0	0xd43f5e018b415631
10	2	indexed	0	11	163528	2128.67	19755.6	82886.7	15300.3	21036.7	7484.44	3657.53	2404.17	8793.13	803285	0	3	1	0	0xd43f5e018b415631
10	2	indexed	0	12	164387	2126.79	19823.6	83074.7	15278.6	21498.9	7619.86	3844.16	2391.59	8647.71	820326	0	1	1	0	0xd43f5e018b415631
10	2	indexed	0	13	164343	2121.54	19591.6	83159.4	15317.8	21663.9	7320.35	3724.53	2404.09	8955.8	820275	0	1	1	0	0xd43f5e018b415631
10	2	indexed	0	14	164982	2125.08	19781.2	83238.7	15274.3	21922.9	7329.52	3904.08	2476.8	8846.72	820985	0	0	1	0	0xd43f5e018b415631
10	2	indexed	0	15	164574	2163.34	19840	83081.8	15410.7	21581.6	7364.36	3872.79	2411.09	8762.59	820325	0	8	1	0	0xd43f5e018b415631
10	2	indexed	0	16	164012	2170.38	19632.6	83002	15234.3	21417.5	7441.61	3752.24	2386.34	8892.67	819940	0	1	1	0	0xd43f5e018b415631
10	2	indexed	0	17	163691	2164.38	19669.9	82949.8	15181	21374.3	7404.68	3742.78	2394.88	8725.17	819631	0	1	1	0	0xd43f5e018b415631
10	2	indexed	0	18	164082	2281.46	19578.7	82910.3	15210.4	21412.9	7472.31	3816.53	2405.34	8911.13	819929	0	2	1	0	0xd43f5e018b415631
10	2	indexed	0	19	167290	2199.17	19731	85562.3	15225.4	21459.2	7846.66	3899.25	2437.96	8844.8	839232	0	1	1	0	0xd43f5e018b415631
10	2	indexed	0	20	164571	2161.79	19770.3	83123.2	15254.2	21371.8	7644.74	3850.83	2421.51	8884.55	820517	0	1	1	0	0xd43f5e018b415631
10	2	indexed	0	21	164241	2163	19695	83103.9	15563.2	21213.5	7477.19	3806.95	2382.96	8753.01	835861	0	9	1	0	0xd43f5e018b415631
10	2	indexed	0	22	164021	2128.25	19719.4	83202.8	15402.9	20920.3	7373.69	3757.82	2447.38	8986.8	819652	0	6	1	0	0xd43f5e018b415631
10	2	indexed	0	23	164258	2121.71	19785.2	83186.8	15239.1	21527.3	7212.6	3861.07	2380.42	8859.92	820130	0	2	1	0	0xd43f5e018b415631
10	2	indexed	0	24	164106	2126.88	19899.8	82930.1	15300.2	21403.7	7321.06	3803.28	2398.3	8838.76	819975	0	2	1	0	0xd43f5e018b415631
10	2	indexed	0	25	164121	2117.67	19780.8	82835	15414.3	21339.3	7290.4	3838.99	2446.01	8975.14	820055	0	1	1	0	0xd43f5e018b415631
10	2	indexed	0	26	165082	2121.71	19823.4	83131.2	15265.4	21947.2	7365.65	4030.37	2456.59	8856.88	821087	0	0	1	0	0xd43f5e018b415631
10	2	indexed	0	27	164513	2171.88	19764.5	83091.2	15210.1	21615.9	7270.93	4008.16	2404.34	8890.17	820240	0	8	1	0	0xd43f5e018b415631
10	2	indexed	0	28	164549	2167.67	19846.7	83158.9	15391.1	21164	7643.57	3747.78	2404.92	8936.01	836434	0	2	1	0	0xd43f5e018b415631
10	2	indexed	0	29	163288	2142.21	19800.9	82707.4	15316.6	21056.1	7289.77	3737.91	2391.63	8762.84	803255	0	1	1	0	0xd43f5e018b415631
10	2	indexed	0	30	163828	2153.38	19602.7	83232.3	15191.2	21194.5	7359.35	3727.65	2392.88	8890.8	819674	0	2	1	0	0xd43f5e018b415631
10	2	indexed	0	31	163860	2155.75	19820.2	82822.8	15238.2	21155.6	7513.9	3824.16	2385.92	8861.47	819803	0	1	1	0	0xd43f5e018b415631
10	2	indexed	0	32	166463	3247.86	19965.2	83573.7	15261.7	21851.8	7291.27	3887.54	2459.84	8842.26	838345	0	2	1	0	0xd43f5e018b415631
10	2	indexed	0	33	164539	2174.42	19848.6	83039.4	15232.7	21667.5	7442.36	3783.24	2381.38	8884.92	820273	0	4	1	0	0xd43f5e018b415631
10	2	indexed	0	34	166848	2165.29	19906.2	82912.3	15251.4	21469.2	10034.9	3688.53	2452.26	8885.8	836531	0	11	1	0	0xd43f5e018b415631
10	2	indexed	0	35	164711	2163.88	19740.1	83055.4	15274.1	21769.3	7492.19	3790.41	2439.17	8903.42	819780	0	3	1	0	0xd43f5e018b415631
10	2	indexed	0	36	164224	2177.63	19685.8	83051.1	15265.9	21444.5	7513.23	3757.41	2400.63	8844.92	820167	0	1	1	0	0xd43f5e018b415631
10	2	indexed	0	37	163944	2171.5	19765.1	82959.2	15230.3	21360.6	7411.9	3755.82	2385.05	8821.84	819943	0	0	1	0	0xd43f5e018b415631
10	2	indexed	0	38	164096	2272.3	19590.8	83103.3	15307.7	21243.5	7508.02	3713.91	2393.29	8879.84	820011	0	1	1	0	0xd43f5e018b415631
10	2	indexed	0	39	164345	2126.5	19856.9	82986.9	15259.6	22080.4	7324.9	3744.78	2384.96	8496.21	819856	0	3	1	0	0xd43f5e018b415631
10	2	indexed	0	40	163828	2130.42	19855.2	82721.2	15223.7	21480.3	7356.1	3962.62	2392.75	8592.38	819644	0	7	1	0	0xd43f5e018b415631
10	2	indexed	0	41	164358	2123.88	19745.1	83287.6	15263.2	21467.3	7342.85	3782.7	2391.88	8872.51	820293	0	1	1	0	0xd43f5e018b415631
10	2	indexed	0	42	165137	2125.25	20006.6	82983.8	15300.9	21931.6	7429.57	3811.78	2498.22	8963.72	820920	0	3	1	0	0xd43f5e018b415631
10	2	indexed	0	43	164647	2191.17	19873.3	83465.8	15208.6	21483.4	7397.85	3747.95	2398.84	8797.63	820582	0	1	1	0	0xd43f5e018b415631
10	2	indexed	0	44	167602	2282.8	19705.1	85919.3	15281.6	21647.3	7346.11	3992.91	2442.8	8901.34	839456	0	2	1	0	0xd43f5e018b415631
10	2	indexed	0	45	163979	2165.54	19593.2	83103.6	15362.7	21485.5	7322.15	3702.7	2405.38	8753.59	819773	0	3	1	0	0xd43f5e018b415631
10	2	indexed	0	46	164456	2175.46	19850	82916.2	15282.5	21321.8	7624.11	3920.24	2406.05	8877.01	820267	0	7	1	0	0xd43f5e018b415631
10	2	indexed	0	47	163651	2139.12	19768.8	82984.8	15301.6	21091.6	7297.23	3798.03	2402.97	8785.71	803297	0	6	1	0	0xd43f5e018b415631
10	2	indexed	0	48	163997	2163.5	19605.5	83113.2	15352.4	21136	7527.19	3808.11	2383.55	8827.26	819918	0	1	1	0	0xd43f5e018b415631
10	2	indexed	0	49	163805	2129.67	19630.5	83024.2	15330	21178.9	7341.19	3880.54	2392.17	8811.72	803814	0	0	1	0	0xd43f5e018b415631
11	2	control	0	0	168129	2131.71	19846.5	83582.4	15285.9	21098.7	10993.1	3778.66	2423.55	8905.51	839704	0	7	1	0	0xd43f5e018b415631
11	2	control	0	1	168005	2134.62	19751.2	83730.4	15236.6	21020.9	11114.1	3673.32	2388.71	8873.3	839460	0	12	1	0	0xd43f5e018b415631
11	2	control	0	2	167229	2130.79	19834.8	83071.5	15239.4	21054.4	10885	3772.74	2395.88	8760.84	839111	0	2	1	0	0xd43f5e018b415631
11	2	control	0	3	168055	2140.04	19805.4	83155.1	15312	21516.9	10864.4	3928.24	2406.59	8843.67	839936	0	1	1	0	0xd43f5e018b415631
11	2	control	0	4	167531	2144.33	19871.3	83029.2	15271.3	21145.9	11081.8	3698.49	2408.47	8799.17	839470	0	1	1	0	0xd43f5e018b415631
11	2	control	0	5	167262	2130.46	19681.3	83163.9	15262.5	21252	11095.1	3780.53	2392.38	8419.08	839261	0	0	1	0	0xd43f5e018b415631
11	2	control	0	6	167695	2125.96	19754.4	82845.5	15310.6	21518.8	11148.2	3932.62	2372.92	8607	839357	0	6	1	0	0xd43f5e018b415631
11	2	control	0	7	167938	2151.08	19642.8	82954	15388	21554.8	11223.9	4013.62	2379.05	8550.17	839709	0	8	1	0	0xd43f5e018b415631
11	2	control	0	8	167812	2139.5	19685.4	83193.6	15243.7	21489	11039	3800.2	2395.59	8740.34	839821	0	1	1	0	0xd43f5e018b415631
11	2	control	0	9	167878	2131.92	19804.3	83104.1	15263.7	21503.1	11003	3913.58	2392.84	8679.5	839730	0	1	1	0	0xd43f5e018b415631
11	2	control	0	10	169659	2135.62	19994.4	83086.2	15276.7	22786.7	11284.2	3727.61	2403.54	8882.34	841597	0	1	1	0	0xd43f5e018b415631
11	2	control	0	11	167405	2187.17	19756.9	82948.7	15302	20734.9	11268.1	3795.24	2383.17	8946.63	839229	0	2	1	0	0xd43f5e018b415631
11	2	control	0	12	167237	2189.04	19671.6	82869	15277.7	20983.1	11215.2	3762.62	2399.13	8786.05	839049	0	3	1	0	0xd43f5e018b415631
11	2	control	0	13	168237	2129.75	19694.7	83527.8	15279.3	21127.4	11428.6	3715.78	2428.67	8821.88	839285	0	12	1	0	0xd43f5e018b415631
11	2	control	0	14	167442	2194.13	19760.5	83062.4	15244.8	20858.8	11140.9	3873.74	2391.8	8833.55	839376	0	1	1	0	0xd43f5e018b415631
11	2	control	0	15	167639	2135.12	19713.8	83242.5	15270.9	21091.1	11181.2	3694.45	2404.63	8825.38	839464	0	3	1	0	0xd43f5e018b415631
11	2	control	0	16	167673	2131.21	19679.3	83151.8	15302.3	21382.4	11020.2	3743.66	2390.88	8791.34	839559	0	2	1	0	0xd43f5e018b415631
11	2	control	0	17	167873	2144.33	19627.5	83180.1	15239.6	21215.2	11239.1	3874.45	2396.42	8873.88	839852	0	0	1	0	0xd43f5e018b415631
11	2	control	0	18	168070	2137.08	19631.6	83615.9	15249.8	21122.4	11144.4	3804.49	2375.25	8902.67	839311	0	5	1	0	0xd43f5e018b415631
11	2	control	0	19	167752	2142.88	19656.3	83344.2	15325.6	21095.7	11023.3	3757.15	2385.13	8943.72	839508	0	8	1	0	0xd43f5e018b415631
11	2	control	0	20	167066	2130.38	19607.5	82946	15340	21283.8	10865.8	3738.57	2389.54	8682.84	839077	0	1	1	0	0xd43f5e018b415631
11	2	control	0	21	167608	2142.96	19572.9	83278.8	15284.3	21491.8	10974.9	3747.45	2390.09	8644.25	839487	0	1	1	0	0xd43f5e018b415631
11	2	control	0	22	170409	2136.67	19939.3	83203.8	15335.1	23426.6	11194.2	3757.28	2379	8951.88	842288	0	2	1	0	0xd43f5e018b415631
11	2	control	0	23	168617	2192.38	19875.3	82913.2	15369.4	21963.1	11146.5	3831.87	2381.8	8860.42	840400	0	3	1	0	0xd43f5e018b415631
11	2	control	0	24	168158	2156.54	19844.5	83052.2	15262.1	21729.6	10897.2	3823.16	2469.97	8838.71	856097	0	1	1	0	0xd43f5e018b415631
11	2	control	0	25	168025	2132.29	19585.8	82991.4	15285.1	21556.8	11352.6	3853.91	2511.47	8673.88	839354	0	12	1	0	0xd43f5e018b415631
11	2	control	0	26	167784	2131.42	19776.1	83005.2	15246.9	21520.3	10960.2	3920.91	2393.09	8745.25	839784	0	0	1	0	0xd43f5e018b415631
11	2	control	0	27	167823	2135.92	19830.4	83319.7	15300.8	21388.7	10984	3774.91	2385.88	8620.42	839759	0	1	1	0	0xd43f5e018b415631
11	2	control	0	28	167708	2132.83	19845.2	83094.3	15322	21430	10947.1	3780.16	2367.38	8708.5	839651	0	1	1	0	0xd43f5e018b415631
11	2	control	0	29	167876	2157.88	19804	83084.7	15471	21404	10773.8	4097.5	2387.8	8613.88	839683	0	2	1	0	0xd43f5e018b415631
11	2	control	0	30	168501	2140.25	19863.8	82969.2	15393	21475.6	11050.4	4159.5	2379.51	8981.42	840240	0	4	1	0	0xd43f5e018b415631
11	2	control	0	31	168407	2130.42	19788.3	83910.6	15302.8	20901.5	11161.8	3905.49	2389.3	8830.34	839776	0	8	1	0	0xd43f5e018b415631
11	2	control	0	32	167478	2131.37	19795	83002.2	15285.6	21025.2	11102.1	3820.95	2384.84	8849.88	839421	0	1	1	0	0xd43f5e018b415631
11	2	control	0	33	167779	2134.58	19742.9	82826.6	15267.8	21082.6	11339.7	4023.33	2396.3	8882.51	839674	0	2	1	0	0xd43f5e018b415631
11	2	control	0	34	170482	2132.29	19995.7	82850.6	16513.7	22659.6	11003.6	3957.41	2407.3	8879.46	842416	0	1	1	0	0xd43f5e018b415631
11	2	control	0	35	168170	2133.54	19680.4	83082.9	15315.8	21598.6	11079.2	3951.32	2488.22	8755.59	840014	0	3	1	0	0xd43f5e018b415631
11	2	control	0	36	167972	2137.67	19830.4	83179.8	15260.1	21410.9	11251.5	3759.24	2407.88	8652.67	839827	0	1	1	0	0xd43f5e018b415631
11	2	control	0	37	168288	2136.21	19707.6	83263.3	15358.1	21546	10910.2	3939.99	2405.13	8942.92	839824	0	11	1	0	0xd43f5e018b415631
11	2	control	0	38	168162	2157.83	19796.3	83341.9	15301	21049.6	11295.6	3939.12	2400.47	8794.75	839707	0	5	1	0	0xd43f5e018b415631
11	2	control	0	39	167724	2135.04	19797.8	83473.9	15313.4	21031.7	10866.5	3792.61	2421.92	8809.38	839673	0	2	1	0	0xd43f5e018b415631
11	2	control	0	40	167693	2134.75	19644.8	83222.4	15347.2	21192.8	10912.1	3852.74	2391.67	8913.84	839531	0	1	1	0	0xd43f5e018b415631
11	2	control	0	41	167665	2136.17	19828.1	83134.1	15238.2	21198.2	10867.3	3940.08	2375.71	8869.55	839608	0	1	1	0	0xd43f5e018b415631
11	2	control	0	42	167955	2137.83	19612.9	83404.6	15304	21196.4	10979.3	3896.2	2381.17	8960.38	839778	0	4	1	0	0xd43f5e018b415631
11	2	control	0	43	167961	2140.83	20192.1	83119.6	15270.8	21044.7	11011.1	3922.33	2403.17	8774.96	838977	0	9	1	0	0xd43f5e018b415631
11	2	control	0	44	167937	2138.58	19737	83141.1	15239.8	21040.3	11081	4154	2395.71	8930.51	839869	0	1	1	0	0xd43f5e018b415631
11	2	control	0	45	167742	2129.96	19870.3	83305.9	15303.2	20923	10936.4	3821.49	2398.51	8969.84	839613	0	3	1	0	0xd43f5e018b415631
11	2	control	0	46	170231	2129	19790.7	83255.6	16611.7	22512.6	10953.6	3702.36	2390.38	8803.88	842028	0	3	1	0	0xd43f5e018b415631
11	2	control	0	47	168213	2212.29	19781.6	83173.7	15270.8	21610.9	10908.5	4031.87	2424.75	8714.13	855969	0	3	1	0	0xd43f5e018b415631
11	2	control	0	48	167972	2147.12	19750.3	83106.6	15344.4	21536.4	10952.9	3798.66	2486.34	8743.75	839915	0	1	1	0	0xd43f5e018b415631
11	2	control	0	49	167814	2145.75	19586.7	83135.9	15417.6	21544.2	10914.7	3834.45	2518.88	8634.92	839435	0	6	1	0	0xd43f5e018b415631
12	3	control	0	0	186519	3156.23	19795.5	94022.2	15522.5	24022.3	13745	4852.64	2500.05	8813.09	919290	0	93	1	0	0xd43f5e018b415631
12	3	control	0	1	180276	2182.79	23371.1	89921.4	15959.4	21583	11769.5	4214.58	2397.42	8788.59	899174	0	28	1	0	0xd43f5e018b415631
12	3	control	0	2	172763	2189.79	25082.1	82993.9	15297.8	21320.1	10940.2	3956.62	2387.76	8508.33	876325	0	12	1	0	0xd43f5e018b415631
12	3	control	0	3	179550	2783.84	19702.2	92253.7	16393.1	21148.6	11970.4	3953.24	2424.01	8835.8	897095	0	202	1	0	0xd43f5e018b415631
12	3	control	0	4	172482	2142.96	22680.9	83349.6	15398.2	22406.5	10971.3	3940.24	2738.39	8765.96	859966	0	17	1	0	0xd43f5e018b415631
12	3	control	0	5	179176	2144.17	19656.2	92926.9	15652.6	21117.3	12312.3	4013.58	2407.51	8859.17	898281	0	21	1	0	0xd43f5e018b415631
12	3	control	0	6	171980	2148.42	19604.4	83170.4	17377.5	23462	10923.1	3900.28	2723.76	8587.29	859613	0	11	1	0	0xd43f5e018b415631
12	3	control	0	7	179595	2138.38	19935.2	92577.6	15859.9	21391.3	11685.9	4151	2858.43	8906.63	898169	0	35	1	0	0xd43f5e018b415631
12	3	control	0	8	172163	2149.96	19783.1	83026.7	17106.2	23957.6	10991.5	3938.29	2553.05	8570.75	859598	0	18	1	0	0xd43f5e018b415631
12	3	control	0	9	178229	2144.67	19671.5	89582.1	16193.9	22913.5	11810.2	4248.16	2764.14	8814.88	881505	0	21	1	0	0xd43f5e018b415631
12	3	control	0	10	172814	2177.75	19828.5	83945.9	15299	24241.9	11895.5	4044.37	2398.04	8898.8	860233	0	18	1	0	0xd43f5e018b415631
12	3	control	0	11	177101	2162.79	19830.3	86811.3	17598.9	23585.3	11705.7	4137.79	2423.63	8759.83	880342	0	21	1	0	0xd43f5e018b415631
12	3	control	0	12	173698	2137.87	19741.5	87832.6	15240	21651.4	11160.2	4539.46	2463.71	8847.75	861366	0	10	1	0	0xd43f5e018b415631
12	3	control	0	13	177839	2194.71	19573	89586.7	15411	23442	12265.7	4100.37	2427.05	8750.59	896968	0	23	1	0	0xd43f5e018b415631
12	3	control	0	14	173961	2132.21	19578.8	87922.4	15199.7	21586.1	11728.2	4384.79	2461.59	8878.67	861570	0	10	1	0	0xd43f5e018b415631
12	3	control	0	15	175837	2194.58	21995.8	87709.1	15599.6	20818.1	11813.4	4372.62	2383.46	8864.46	878636	0	30	1	0	0xd43f5e018b415631
12	3	control	0	16	173978	2414.09	19837.6	87795.1	15549.2	21216.9	11660.9	4131	2447.8	8840.63	877391	0	16	1	0	0xd43f5e018b415631
12	3	control	0	17	174333	2138.67	25388.7	83213.6	15266.8	21737.7	11191	3932.74	2444.09	8934.42	877607	0	17	1	0	0xd43f5e018b415631
12	3	control	0	18	176837	3234.73	19648	88418	16810.8	21582.8	11498.5	4124.33	2426.67	9006.92	880120	0	20	1	0	0xd43f5e018b415631
12	3	control	0	19	173501	2140.04	24567.9	83692	15281.5	21401.2	11118.3	3966.78	2432.96	8815.84	860700	0	19	1	0	0xd43f5e018b415631
12	3	control	0	20	178548	2577.55	19578.6	91253.1	16174.7	21271.7	12189.6	3972.03	2553.59	8891.21	897482	0	21	1	0	0xd43f5e018b415631
12	3	control	0	21	172821	2145.37	21326.7	84026.3	16082.8	22832.8	10859.2	3797.16	2816.26	8850.3	861041	0	32	1	0	0xd43f5e018b415631
12	3	control	0	22	179969	2218.71	19868.9	93802.8	15221	21408.3	11606.3	4259.37	2567.72	8923.17	886208	0	35	1	0	0xd43f5e018b415631
12	3	control	0	23	169315	2202.79	20016.1	83739.3	15369.6	21654	11105.9	3966.24	2436.38	8736.13	856416	0	11	1	0	0xd43f5e018b415631
12	3	control	0	24	171439	3156.56	19720.3	85091.2	15214	21899.2	11086.3	3852.28	2398.67	8933.38	843206	0	3	1	0	0xd43f5e018b415631
12	3	control	0	25	167868	2138.54	19642.8	83063.2	15233.6	21728.9	10933.2	3767.7	2423.29	8850.34	823800	0	1	1	0	0xd43f5e018b415631
12	3	control	0	26	168180	2141.04	19773.2	83131.2	15326	21502.4	11213.5	3975.08	2501.63	8529	839785	0	6	1	0	0xd43f5e018b415631
12	3	control	0	27	167674	2139.67	19757.8	82973.1	15553.8	21387.4	10850.9	3945.54	2391.34	8590.42	839438	0	7	1	0	0xd43f5e018b415631
12	3	control	0	28	167556	2142.04	19721.3	82796.4	15206.4	21540.9	10885.7	3850.58	2438.63	8841.84	839446	0	2	1	0	0xd43f5e018b415631
12	3	control	0	29	167883	2140	19786.5	82848.4	15346.9	21552.2	11126.5	3902.74	2438.92	8659.67	839818	0	1	1	0	0xd43f5e018b415631
12	3	control	0	30	167830	2140.25	19634.4	82856.5	15252.2	21727.5	10963.2	3943.45	2423.25	8802.88	839700	0	2	1	0	0xd43f5e018b415631
12	3	control	0	31	167903	2141.21	19720.1	83078.5	15296.7	21497.6	10848.2	3948.16	2478.09	8806.5	839792	0	3	1	0	0xd43f5e018b415631
12	3	control	0	32	167782	2146.21	19753.3	82575	15330.2	21574.7	11032	3929.66	2447.84	8911.13	839692	0	0	1	0	0xd43f5e018b415631
12	3	control	0	33	167889	2146.75	19606.1	83336.9	15267.5	21524.8	11215.8	3791.07	2390.67	8522.79	839714	0	7	1	0	0xd43f5e018b415631
12	3	control	0	34	167751	2134.54	19644.9	82976	15297.8	21548.2	10805.7	3959.66	2434.13	8865.84	839694	0	1	1	0	0xd43f5e018b415631
12	3	control	0	35	168042	2155.38	19649.7	82926.5	15286	21566.9	10752.4	4204.33	2537.09	8881.55	839935	0	2	1	0	0xd43f5e018b415631
12	3	control	0	36	169794	3250.48	19792.4	83495.4	15448.4	21396	11266.8	3831.16	2426.13	8800.63	841562	0	3	1	0	0xd43f5e018b415631
12	3	control	0	37	167994	2188.42	19777.5	83059.9	15426.3	21350.7	11034.2	3735.2	2436.46	8901.17	839633	0	4	1	0	0xd43f5e018b415631
12	3	control	0	38	168692	2193.42	19871.3	83337.6	15248.5	22010.5	11005.9	3776.36	2392.46	8774.79	840323	0	6	1	0	0xd43f5e018b415631
12	3	control	0	39	168271	2295.42	19570	83021.2	15256.8	21742.9	11020.4	3917.83	2418.05	8941.21	840044	0	8	1	0	0xd43f5e018b415631
12	3	control	0	40	167820	2152.17	19706.5	82927.2	15322.9	21640.7	10888.6	3880.53	2427	8791.54	839788	0	1	1	0	0xd43f5e018b415631
12	3	control	0	41	167706	2143.04	19720.4	82868.9	15248.3	21573.9	10928.7	3837.32	2472.38	8828.42	839636	0	1	1	0	0xd43f5e018b415631
12	3	control	0	42	168034	2142.54	19732.8	82934.4	15272.9	21592.8	11040.1	3994.04	2473.96	8764.79	839927	0	2	1	0	0xd43f5e018b415631
12	3	control	0	43	167682	2146.75	19776.8	82829.3	15269.4	21553.6	10875.1	3787.11	2467.92	8891.96	839542	0	2	1	0	0xd43f5e018b415631
12	3	control	0	44	167780	2145.37	19745	82880.7	15239.2	21689.5	10761	3856.53	2463	8913.34	839778	0	0	1	0	0xd43f5e018b415631
12	3	control	0	45	167809	2154.38	19588.4	82748	15257.6	21657.2	11086.5	3838.74	2565.84	8824.96	839694	0	2	1	0	0xd43f5e018b415631
12	3	control	0	46	167980	2131.08	19716.9	82923.1	15575.3	21439.1	10965.5	4073.08	2494.54	8577.33	839760	0	7	1	0	0xd43f5e018b415631
12	3	control	0	47	167913	2140.54	19858.1	83070.7	15329.4	21488.8	10911.2	3907.37	2410.25	8714.83	839697	0	4	1	0	0xd43f5e018b415631
12	3	control	0	48	167780	2324	19993.8	83036.7	15327.9	21375	10832.2	3747.15	2394.38	8661.42	839558	0	3	1	0	0xd43f5e018b415631
12	3	control	0	49	167760	2140.17	19705.5	83072.5	15406.9	21529.4	10938.2	3775.36	2458.38	8648.08	839642	0	2	1	0	0xd43f5e018b415631
13	3	indexed	0	0	164197	2190.42	19603.5	83122.7	15233.7	21485.2	7409.72	3826.2	2396.05	8846.17	820040	0	7	1	0	0xd43f5e018b415631
13	3	indexed	0	1	163786	2173.17	19661.3	82945.9	15281.5	21286.5	7317.68	3853.7	2398.79	8781.75	819648	0	2	1	0	0xd43f5e018b415631
13	3	indexed	0	2	167695	2186.33	19687.5	85649.6	15933.6	21338.7	7762.69	3859.16	2396	8793.88	839475	0	3	1	0	0xd43f5e018b415631
13	3	indexed	0	3	164441	2290.42	19826.5	83369.4	15359.6	21082.2	7441.39	3721.32	2375.54	8888.63	836158	0	5	1	0	0xd43f5e018b415631
13	3	indexed	0	4	164125	2138.21	19659.2	83102.1	15306.9	21035.8	7613.31	3720.61	2479.3	8987.71	820019	0	2	1	0	0xd43f5e018b415631
13	3	indexed	0	5	164655	2135.04	20180.4	82954.6	15251.3	21451.3	7386.14	3937.99	2401.55	8872.75	820199	0	7	1	0	0xd43f5e018b415631
13	3	indexed	0	6	165182	2157.25	19746.2	83034.3	15317.7	22024.9	7477.77	3977.74	2473.3	8890.67	821125	0	1	1	0	0xd43f5e018b415631
13	3	indexed	0	7	164647	2192.88	19684.2	83130.8	15265	21623.1	7382.94	4054.87	2379.13	8847.54	820481	0	7	1	0	0xd43f5e018b415631
13	3	indexed	0	8	164124	2193.21	19770.9	83016	15225.2	21387.5	7415.19	3776.4	2393.63	8864	820117	0	0	1	0	0xd43f5e018b415631
13	3	indexed	0	9	163844	2171.42	19611.7	83134.6	15196.1	21213.9	7404.3	3861.78	2379.46	8792.96	819492	0	6	1	0	0xd43f5e018b415631
13	3	indexed	0	10	164164	2179.58	19647.7	83076.7	15355.2	21118.1	7562.31	3827.74	2397.84	8917	836061	0	1	1	0	0xd43f5e018b415631
13	3	indexed	0	11	164972	2133.58	19950.9	83147.9	15251.9	21582.4	7423.39	4057.78	2400.75	8940.84	820749	0	2	1	0	0xd43f5e018b415631
13	3	indexed	0	12	163865	2143.33	19689.4	83115.6	15235.8	21310.9	7278.06	3788.95	2435.63	8784.5	819799	0	1	1	0	0xd43f5e018b415631
13	3	indexed	0	13	165085	2136.46	19735.7	82865.8	15252.1	22186.7	7332.93	3986.5	2623.26	8882.79	820832	0	8	1	0	0xd43f5e018b415631
13	3	indexed	0	14	167153	2185.92	19513.4	83017.4	15761	23830.6	7590.1	3946.24	2403.55	8821.13	839087	0	1	1	0	0xd43f5e018b415631
13	3	indexed	0	15	164482	2187.5	19751.7	83123.5	15256	21750.8	7347.93	3747.99	2442.55	8790.63	820266	0	3	1	0	0xd43f5e018b415631
13	3	indexed	0	16	164381	2194	19572.6	82998.1	15206.3	21604.7	7483.94	3912.57	2395.71	8925.8	820257	0	2	1	0	0xd43f5e018b415631
13	3	indexed	0	17	164448	2189.67	19678.5	83288.2	15211	21394.9	7687.19	3699.74	2386.46	8832.33	820025	0	7	1	0	0xd43f5e018b415631
13	3	indexed	0	18	163772	2134.96	19598.9	83062.5	15254.7	21159.7	7464.43	3793.03	2416.5	8802.54	803553	0	4	1	0	0xd43f5e018b415631
13	3	indexed	0	19	163973	2136.83	19736.8	82880.8	15301.6	21213.4	7617.94	3774.74	2394.59	8832.13	819860	0	6	1	0	0xd43f5e018b415631
13	3	indexed	0	20	163798	2138.87	19592.1	82843.1	15328.7	21158.2	7490.85	3837.12	2387.63	8937.84	819695	0	2	1	0	0xd43f5e018b415631
13	3	indexed	0	21	164600	2134.33	19635.1	83175.5	15268	21663.1	7559.98	3752.57	2473.88	8851	820377	0	4	1	0	0xd43f5e018b415631
13	3	indexed	0	22	164203	2139.12	19676.9	83190.2	15276.2	21363	7454.39	3830.95	2395.67	8792.54	820147	0	1	1	0	0xd43f5e018b415631
13	3	indexed	0	23	164690	2139.08	19582.8	83092.3	15275.8	21872.8	7471.27	3764.32	2492.05	8916.3	820691	0	0	1	0	0xd43f5e018b415631
13	3	indexed	0	24	164654	2192.96	19741.4	83111.4	15185.8	21768	7451.9	3866.32	2421.79	8828	820586	0	1	1	0	0xd43f5e018b415631
13	3	indexed	0	25	164313	2180.08	19591.9	83314.9	15198.8	21527	7342.6	3753.07	2368.17	8953.71	820126	0	7	1	0	0xd43f5e018b415631
13	3	indexed	0	26	164283	2196.62	19648.4	82990.2	15242	21272.9	7690.68	3808.65	2401.96	8948.3	820130	0	3	1	0	0xd43f5e018b415631
13	3	indexed	0	27	167251	2131.46	19617.6	85869.5	15238.8	21591.5	7470.14	3756.53	2551.38	8938.5	823003	0	3	1	0	0xd43f5e018b415631
13	3	indexed	0	28	164639	2176	19775.3	83703	15241.2	21109.3	7551.31	3871.61	2396.13	8723.25	836185	0	2	1	0	0xd43f5e018b415631
13	3	indexed	0	29	163776	2133.75	19630.3	83515.3	15291.5	20892.8	7400.39	3722.74	2388.13	8720.29	819331	0	7	1	0	0xd43f5e018b415631
13	3	indexed	0	30	164451	2150.17	19716.7	83380.4	15314.7	21506.7	7429.48	3634.82	2379.92	8853.17	820389	0	1	1	0	0xd43f5e018b415631
13	3	indexed	0	31	165025	2134.87	19802.3	83154.8	15464.7	21949.1	7471.93	3711.11	2420.84	8828.67	820904	0	6	1	0	0xd43f5e018b415631
13	3	indexed	0	32	164461	2215.38	19583.8	83081.7	15274.2	21779.1	7385.14	3836.12	2421.59	8801.33	820392	0	1	1	0	0xd43f5e018b415631
13	3	indexed	0	33	164508	2192.38	19701	83077.7	15195.4	21509.5	7532.81	3915.07	2428.09	8870.71	820369	0	2	1	0	0xd43f5e018b415631
13	3	indexed	0	34	164467	2181.42	19680.5	83197.3	15345.3	21138.6	7626.94	3929.53	2389.59	8893.21	836260	0	2	1	0	0xd43f5e018b415631
13	3	indexed	0	35	164080	2146.29	19738.9	82898.5	15260.9	21518.8	7684.4	3767.11	2436.72	8547.75	820082	0	0	1	0	0xd43f5e018b415631
13	3	indexed	0	36	163998	2142.54	19747.1	83008.4	15228	21517	7326.47	3894.74	2417.25	8634.25	819933	0	1	1	0	0xd43f5e018b415631
13	3	indexed	0	37	164161	2136.58	19656.1	83108.3	15202.6	21488.3	7408.68	3797.16	2398.63	8883.83	820157	0	0	1	0	0xd43f5e018b415631
13	3	indexed	0	38	166104	3488.94	19651.1	83125.4	15234.8	21762.5	7485.31	3826.36	2444.01	9003.8	821817	0	8	1	0	0xd43f5e018b415631
13	3	indexed	0	39	167830	2180.83	22457.2	83319.5	15221.6	21730.5	7595.14	3968.32	2391.54	8878.21	839670	0	2	1	0	0xd43f5e018b415631
13	3	indexed	0	40	164194	2193.21	19676.5	82982.4	15261	21405.7	7400.39	3969.24	2384.42	8837.54	820128	0	1	1	0	0xd43f5e018b415631
13	3	indexed	0	41	164178	2170.46	19690.5	83346.1	15348.2	21170.6	7314.68	3763.37	2383.17	8907.04	835792	0	6	1	0	0xd43f5e018b415631
13	3	indexed	0	42	163824	2136.54	19661.5	83081.3	15239.3	21060.1	7525.1	3716.61	2394.17	8923.63	819736	0	1	1	0	0xd43f5e018b415631
13	3	indexed	0	43	163687	2148.58	19700.4	83016.5	15266.2	21111.7	7317.68	3722.49	2399.34	8920.71	803617	0	1	1	0	0xd43f5e018b415631
13	3	indexed	0	44	163768	2135.04	19769.2	82993.1	15266.4	21112	7442.23	3753.53	2414.21	8799.62	803580	0	7	1	0	0xd43f5e018b415631
13	3	indexed	0	45	163963	2140.91	19866.8	83045.9	15285.9	21062.9	7413.22	3740.28	2444.42	8878.83	819838	0	2	1	0	0xd43f5e018b415631
13	3	indexed	0	46	163876	2129.41	19736.7	82958.7	15273.5	21049.3	7437.89	3870.78	2448.38	8886.5	819753	0	2	1	0	0xd43f5e018b415631
13	3	indexed	0	47	164633	2137.33	20320.3	82966.5	15217	21496	7361.1	3687.7	2463.3	8900.42	820630	0	0	1	0	0xd43f5e018b415631
13	3	indexed	0	48	164047	2137.25	19627.9	83139.9	15370.9	21387.7	7355.94	3770.2	2379.3	8792.37	819984	0	1	1	0	0xd43f5e018b415631
13	3	indexed	0	49	163948	2138.5	19688.7	82915.9	15324.8	21268.3	7387.6	3861.7	2439	8838.71	819945	0	0	1	0	0xd43f5e018b415631
14	3	indexed	0	0	164734	2189.21	19727.3	83285.3	15232	21785.3	7193.18	4013.12	2412.59	8807.71	820407	0	6	1	0	0xd43f5e018b415631
14	3	indexed	0	1	164601	2193.83	19748.2	83192.5	15269.7	21228.6	7470.47	4039.87	2391.21	8924.96	836522	0	1	1	0	0xd43f5e018b415631
14	3	indexed	0	2	163677	2146.75	19554.1	82839.3	15294	21144.6	7402.51	3902.57	2460.92	8843.54	803682	0	0	1	0	0xd43f5e018b415631
14	3	indexed	0	3	163968	2145.21	19804.3	82860.2	15350	21092.2	7441.43	3906.07	2399.75	8875.17	819914	0	1	1	0	0xd43f5e018b415631
14	3	indexed	0	4	164174	2145.08	19931.8	83106.2	15250.5	21565.5	7360.72	3738.28	2390.92	8595.45	820110	0	1	1	0	0xd43f5e018b415631
14	3	indexed	0	5	164566	2136.12	19783.2	83080.9	15320.3	21516	7457.97	3926.74	2391.3	8861.71	820460	0	6	1	0	0xd43f5e018b415631
14	3	indexed	0	6	168986	3320.85	22845	82901.1	15271.2	22000.1	7399.93	3854.28	2477.55	8823.42	840573	0	6	1	0	0xd43f5e018b415631
14	3	indexed	0	7	164414	2213.33	19646.3	82958	15178.1	21699.1	7518.6	3811.36	2488.01	8809.54	820358	0	1	1	0	0xd43f5e018b415631
14	3	indexed	0	8	164714	2197.71	19661	83047.6	15620	21361.2	7540.48	4029.24	2397.33	8769.62	820337	0	7	1	0	0xd43f5e018b415631
14	3	indexed	0	9	163858	2143.54	19628.3	82852.7	15316.6	21188.7	7492.43	3867.45	2396.96	8878.17	803730	0	2	1	0	0xd43f5e018b415631
14	3	indexed	0	10	163735	2146.21	19815	82826.9	15313.5	21100.4	7441.85	3853.37	2383.04	8760.42	803739	0	0	1	0	0xd43f5e018b415631
14	3	indexed	0	11	163939	2140	19740.9	83280.4	15438.2	21044.1	7299.6	3724.36	2395.09	8787.83	819743	0	7	1	0	0xd43f5e018b415631
14	3	indexed	0	12	163623	2140.04	19615.6	82672	15268.2	21229.6	7494.72	3869.37	2392.42	8850.67	803463	0	3	1	0	0xd43f5e018b415631
14	3	indexed	0	13	163770	2166.25	19733.5	82817.4	15432.6	21094.8	7521.76	3727.99	2446.42	8736.54	803507	0	2	1	0	0xd43f5e018b415631
14	3	indexed	0	14	164007	2144.5	19647.5	83335	15310	21006.4	7518.72	3758.03	2402.46	8793.75	820006	0	0	1	0	0xd43f5e018b415631
14	3	indexed	0	15	163668	2138.83	19580.7	83011.8	15300.2	21031.7	7412.8	3772.74	2395.63	8934.17	819608	0	1	1	0	0xd43f5e018b415631
14	3	indexed	0	16	163927	2149.33	19917.7	82704.5	15241.4	21598.2	7382.89	3746.49	2497.09	8601.5	819924	0	0	1	0	0xd43f5e018b415631
14	3	indexed	0	17	164786	2155.75	19723.6	83576.1	15266.2	21436.7	7297.97	4005.45	2395.42	8837.21	820563	0	8	1	0	0xd43f5e018b415631
14	3	indexed	0	18	167029	2142.83	19789.5	85650.5	15272.9	21468.5	7371.3	4225.29	2471.84	8543.41	838804	0	3	1	0	0xd43f5e018b415631
14	3	indexed	0	19	164391	2141.5	19634.6	83330.6	15231.4	21548.5	7371.84	3812.12	2393.29	8834.79	820277	0	2	1	0	0xd43f5e018b415631
14	3	indexed	0	20	164745	2135.04	19676.9	83016.1	15437.2	21951.5	7459.64	3811.03	2375.75	8767.79	820634	0	2	1	0	0xd43f5e018b415631
14	3	indexed	0	21	165250	2198.04	19652.7	83292.5	15294.6	21641.4	7950.94	3819.24	2436.63	8872.54	820733	0	7	1	0	0xd43f5e018b415631
14	3	indexed	0	22	164343	2229.96	19832.2	83052.7	15360.7	21167.7	7553.39	3793.36	2403.46	8855.75	820342	0	0	1	0	0xd43f5e018b415631
14	3	indexed	0	23	164043	2143.29	19758.4	82976.5	15379.4	21101.1	7409.48	3896.95	2400.21	8887.42	819978	0	1	1	0	0xd43f5e018b415631
14	3	indexed	0	24	164114	2147.41	19736	83328	15199.3	21568	7374.14	3719.74	2422.71	8529.91	819887	0	8	1	0	0xd43f5e018b415631
14	3	indexed	0	25	165562	2141.08	19810.7	83236.9	15253	21985.8	7478.85	4282.87	2435.84	8846.21	821487	0	1	1	0	0xd43f5e018b415631
14	3	indexed	0	26	164564	2184.79	19636.4	83080.6	15224.3	21775.9	7300.8	3825.07	2541.71	8903.04	820428	0	1	1	0	0xd43f5e018b415631
14	3	indexed	0	27	164140	2203.38	19584.6	83159.3	15266.9	21518.3	7336.14	3758.74	2401.5	8819.92	820034	0	2	1	0	0xd43f5e018b415631
14	3	indexed	0	28	164117	2218.62	19754.3	82962.7	15243.1	21235.9	7420.38	3983.58	2385.8	8825.37	820117	0	0	1	0	0xd43f5e018b415631
14	3	indexed	0	29	164030	2182.62	19631.9	82886.6	15257.9	21361.9	7432.64	3888.7	2391.29	8905.58	819894	0	2	1	0	0xd43f5e018b415631
14	3	indexed	0	30	167291	2157.96	19803	85902.5	15565.3	21209.2	7410.89	3946.08	2405.17	8785.79	822907	0	9	1	0	0xd43f5e018b415631
14	3	indexed	0	31	164351	2194.71	19653.7	83029.8	15313	21191.2	7904.15	3797.32	2395.42	8783.62	820294	0	1	1	0	0xd43f5e018b415631
14	3	indexed	0	32	163879	2145.25	19713.4	82910.3	15276.4	21132	7380.72	3974.82	2409.55	8847.33	819696	0	3	1	0	0xd43f5e018b415631
14	3	indexed	0	33	164809	2139.66	19966	83057.1	15383.5	21444.9	7540.14	3889.49	2439.34	8861.42	820504	0	6	1	0	0xd43f5e018b415631
14	3	indexed	0	34	164170	2138	19657.9	83065.4	15345.3	21375.7	7390.93	3772.15	2433.79	8899.38	820028	0	2	1	0	0xd43f5e018b415631
14	3	indexed	0	35	164808	2142.87	19722.3	82863.2	15271.3	22007.2	7199.68	3975.62	2593	8940.38	820750	0	1	1	0	0xd43f5e018b415631
14	3	indexed	0	36	164755	2192.96	19703.8	83039.1	15228.2	21692.4	7494.64	4124.03	2384.59	8803.67	820329	0	8	1	0	0xd43f5e018b415631
14	3	indexed	0	37	164430	2205.08	19764.1	83037.2	15275.2	21345.4	7497.39	3789.07	2434.42	8991.38	820322	0	2	1	0	0xd43f5e018b415631
14	3	indexed	0	38	163920	2144.04	19637.1	82966.8	15294.8	21154.1	7501.27	3806.45	2394.88	8931.21	819868	0	1	1	0	0xd43f5e018b415631
14	3	indexed	0	39	163879	2155	19528.1	82934.1	15324.3	21193.6	7497.81	3862.2	2398.05	8898.79	819811	0	1	1	0	0xd43f5e018b415631
14	3	indexed	0	40	164159	2143.66	19795.1	82874.5	15212.2	21695.3	7374.18	3841.28	2439.71	8693.04	820096	0	1	1	0	0xd43f5e018b415631
14	3	indexed	0	41	164052	2143.17	19726	83019.1	15288.8	21551.9	7262.59	3731.03	2379.08	8856.62	819992	0	1	1	0	0xd43f5e018b415631
14	3	indexed	0	42	165053	2135.66	19767.6	83262.1	15466.8	21938.6	7224.26	3823.07	2406	8936.38	820575	0	9	1	0	0xd43f5e018b415631
14	3	indexed	0	43	166811	3304.02	19692.2	84456.2	15260.5	21492.9	7552.89	3699.03	2395.25	8864.33	838746	0	1	1	0	0xd43f5e018b415631
14	3	indexed	0	44	165276	2137.91	19678.7	83295.1	15226.5	22061.7	7341.76	4004.03	2525.83	8909.83	821037	0	3	1	0	0xd43f5e018b415631
14	3	indexed	0	45	164676	2383.54	19704.3	83051.3	15215.2	21593.6	7436.43	3905.36	2403.25	8888.33	820204	0	7	1	0	0xd43f5e018b415631
14	3	indexed	0	46	164224	2190.46	19642	83164.7	15280.7	21258.2	7661.56	3724.03	2418.92	8794	820110	0	1	1	0	0xd43f5e018b415631
14	3	indexed	0	47	163962	2151.12	19663	82910.1	15345.4	21126.7	7547.65	3798.32	2401.46	8927.5	819837	0	1	1	0	0xd43f5e018b415631
14	3	indexed	0	48	164929	2150.5	19845.4	83041.9	15236.7	21533.7	7831.06	3838.86	2391.96	8969.08	820817	0	2	1	0	0xd43f5e018b415631
14	3	indexed	0	49	165259	2155.67	19851.4	83142.8	15273.2	21968.2	7329.1	4010.53	2520.38	8911.83	820951	0	8	1	0	0xd43f5e018b415631
15	3	control	0	0	168473	2165.04	19834.6	83379.1	15340.2	21526.8	11106.2	3929.53	2458.01	8645.91	856114	0	7	1	0	0xd43f5e018b415631
15	3	control	0	1	167729	2153.21	19586.9	83034.9	15330.6	21413.6	10945.7	4052.49	2394.62	8732.25	839624	0	2	1	0	0xd43f5e018b415631
15	3	control	0	2	168072	2154.5	19745.6	83056.8	15326.8	21366.4	11025.8	4160.87	2398.42	8752.58	839965	0	2	1	0	0xd43f5e018b415631
15	3	control	0	3	168165	2132.87	19825.9	83203.9	15283.7	21283.2	11084.5	4051.83	2423.34	8787.12	839746	0	11	1	0	0xd43f5e018b415631
15	3	control	0	4	167747	2136	20036.1	83030.8	15287	21214.8	10971.3	3838.66	2391.75	8761.12	839694	0	1	1	0	0xd43f5e018b415631
15	3	control	0	5	167499	2139.37	19843.7	82783.1	15356.2	21295	11090.9	3795.53	2439.34	8668.41	839452	0	1	1	0	0xd43f5e018b415631
15	3	control	0	6	167618	2140.21	19744.3	82895.6	15413.7	21383.2	11124.3	3917.49	2399.42	8515.95	839570	0	1	1	0	0xd43f5e018b415631
15	3	control	0	7	167819	2124.62	19699.3	83114.5	15245.2	21498.3	11061	3913.16	2400.29	8677.41	839757	0	1	1	0	0xd43f5e018b415631
15	3	control	0	8	168571	2136.83	19951.7	83644.4	15332.8	21407.3	10921	3762.45	2394.96	8931.17	840430	0	3	1	0	0xd43f5e018b415631
15	3	control	0	9	170971	2136.79	19804.6	85247.7	15823.3	21445.1	11344.8	3913.24	2413.29	8755.04	858503	0	11	1	0	0xd43f5e018b415631
15	3	control	0	10	167819	2134.46	19799	82861	15297.8	21504.4	11086.3	3957.03	2496.67	8591.7	839748	0	1	1	0	0xd43f5e018b415631
15	3	control	0	11	167922	2150.58	19759.1	83186.7	15292.2	21494.9	10888.7	3848.15	2438.5	8776.08	839746	0	3	1	0	0xd43f5e018b415631
15	3	control	0	12	167924	2146.58	19870.5	83293.8	15336	21319.1	10841.2	4028.7	2409.96	8587.66	839606	0	7	1	0	0xd43f5e018b415631
15	3	control	0	13	167834	2139.37	19744.5	83244.5	15319.5	21408	10724.6	4124.91	2373.08	8668.58	839833	0	0	1	0	0xd43f5e018b415631
15	3	control	0	14	167675	2139.21	19802	83209.1	15330.9	21315.4	10928.1	3814.57	2380.88	8669.66	839613	0	1	1	0	0xd43f5e018b415631
15	3	control	0	15	168412	2144.29	19780.7	83363.5	15250.4	21287.6	11349.9	3852.28	2431.09	8866.33	840102	0	8	1	0	0xd43f5e018b415631
15	3	control	0	16	167777	2132.5	20206	82875.6	15299.2	21133.4	11019.1	3736.65	2405.84	8881.12	839778	0	0	1	0	0xd43f5e018b415631
15	3	control	0	17	167249	2135.58	19710.9	82819.9	15332.1	21281.7	10948.5	3810.87	2418.67	8709.79	839246	0	0	1	0	0xd43f5e018b415631
15	3	control	0	18	167649	2129.41	19662.2	83100.3	15251.6	21504.1	11009.2	3754.03	2387.17	8767.75	839600	0	2	1	0	0xd43f5e018b415631
15	3	control	0	19	167774	2133	19783	82928.4	15285.2	21471.3	11005	4029.2	2439.05	8611.53	839625	0	1	1	0	0xd43f5e018b415631
15	3	control	0	20	167857	2134.54	19906.3	82859.4	15242.8	21578.6	10878.1	3943.2	2448.04	8780	839745	0	2	1	0	0xd43f5e018b415631
15	3	control	0	21	171296	2143.62	19776.2	85672	15789.3	21675.4	11092.4	3789.78	2389.01	8880.37	843117	0	2	1	0	0xd43f5e018b415631
15	3	control	0	22	168361	2503.76	19708.6	82969.2	15303.8	21544.5	10958.5	3956.53	2464.67	8867.33	856065	0	7	1	0	0xd43f5e018b415631
15	3	control	0	23	167950	2133.5	19777.4	83062.5	15262.3	21466.8	11097.9	3895.24	2385.92	8784.75	839905	0	6	1	0	0xd43f5e018b415631
15	3	control	0	24	167795	2136.58	19751.1	82965.7	15339.7	21534.1	10943.2	3888.16	2388.54	8761.58	839372	0	1	1	0	0xd43f5e018b415631
15	3	control	0	25	167791	2136.25	19825.5	83036.4	15279.5	21395.6	11139	3877.57	2398.09	8617.83	839633	0	2	1	0	0xd43f5e018b415631
15	3	control	0	26	167965	2141.29	19891.1	82906.5	15311.1	21431.6	11017.5	4143.7	2425.88	8613.95	839778	0	3	1	0	0xd43f5e018b415631
15	3	control	0	27	167541	2133.12	19794.7	83088.7	15308.2	21355.1	11160.7	3754.74	2392.88	8467.45	839368	0	3	1	0	0xd43f5e018b415631
15	3	control	0	28	167737	2133.91	19736.9	82961	15250.9	21517.3	10960.2	3854.32	2411.13	8792	839338	0	9	1	0	0xd43f5e018b415631
15	3	control	0	29	167847	2134.66	19941	83093.7	15254.6	21555.5	10863.8	3737.28	2453.42	8727.41	839843	0	0	1	0	0xd43f5e018b415631
15	3	control	0	30	167790	2136.12	19866.1	82841.2	15264.9	21521.9	10769.7	4077.2	2473.96	8749.7	839664	0	2	1	0	0xd43f5e018b415631
15	3	control	0	31	168013	2135	20170	83077.7	15393.6	21353.1	10902.4	3799.4	2470.46	8624.49	839896	0	2	1	0	0xd43f5e018b415631
15	3	control	0	32	167758	2133.71	19833.5	82857.8	15296.6	21518.1	10937.8	3978.57	2363.71	8754.33	839685	0	3	1	0	0xd43f5e018b415631
15	3	control	0	33	171294	2143.96	19807	85787.4	15221.4	21626.5	11341.4	3966.33	2432.38	8882.62	843041	0	2	1	0	0xd43f5e018b415631
15	3	control	0	34	168202	2130.75	19814	82859.9	15263.3	21547.9	11166.4	3956.57	2417.5	8959.96	840032	0	7	1	0	0xd43f5e018b415631
15	3	control	0	35	167741	2140.21	19752.1	82746.9	15299.6	21586.9	10707.6	4033.07	2600.63	8786.41	839311	0	6	1	0	0xd43f5e018b415631
15	3	control	0	36	167847	2136.5	19741.2	82899.1	15277.4	21535.6	11005.5	3879.41	2487.59	8803.08	839790	0	1	1	0	0xd43f5e018b415631
15	3	control	0	37	167848	2136.62	19743.9	83092.6	15254.9	21506.1	11133.4	3729.53	2388.42	8776.7	839784	0	1	1	0	0xd43f5e018b415631
15	3	control	0	38	167879	2136.37	19842.6	83076.4	15322.2	21514.5	11063.2	3854.45	2384.29	8599.87	839813	0	1	1	0	0xd43f5e018b415631
15	3	control	0	39	168016	2135.83	19689	83124	15242.5	21508.4	10963.3	3983.15	2399.92	8886.16	839931	0	1	1	0	0xd43f5e018b415631
15	3	control	0	40	167673	2133.5	19849.9	83187.5	15265.7	21340.1	11178.5	3783.2	2443.58	8406.86	839494	0	7	1	0	0xd43f5e018b415631
15	3	control	0	41	167601	2136.87	19678.4	83026.1	15263.9	21488.4	11020.2	3758.48	2407.96	8733.7	839600	0	0	1	0	0xd43f5e018b415631
15	3	control	0	42	167725	2136.33	19694.8	82673.1	15252.3	21607.8	10940.8	3976.66	2474.63	8886.12	839658	0	1	1	0	0xd43f5e018b415631
15	3	control	0	43	167791	2141.83	19743.9	82922.8	15312.7	21613.6	10762.5	3886.86	2485.3	8835.91	839720	0	1	1	0	0xd43f5e018b415631
15	3	control	0	44	168085	2124.25	19752.6	83260.5	15307.5	21680.6	11086	3880.57	2446.71	8459.07	839831	0	3	1	0	0xd43f5e018b415631
15	3	control	0	45	171744	2129.16	19708.5	85991.4	15295	21321.6	11453.9	4503.2	2443.46	8810.75	858840	0	8	1	0	0xd43f5e018b415631
15	3	control	0	46	167758	2138.79	19834.7	83221.2	15240.7	21411	11010.5	3728.99	2420	8666.03	839501	0	7	1	0	0xd43f5e018b415631
15	3	control	0	47	167772	2134.79	19810.1	83025.8	15258.3	21540.4	10900.1	3935.4	2397.92	8686.12	839383	0	6	1	0	0xd43f5e018b415631
15	3	control	0	48	167732	2137.25	19660.9	83005.5	15262.2	21633.1	10920.9	3817.61	2473.76	8735.04	839646	0	1	1	0	0xd43f5e018b415631
15	3	control	0	49	167876	2133.5	19766.1	82899.3	15216.1	21573	10936.1	3903.03	2465.96	8897.46	839748	0	2	1	0	0xd43f5e018b415631
16	4	control	0	0	171008	2159.83	19797.8	85618.9	15209.4	22112.1	10970.7	3910.7	2384.62	8761.91	842820	0	3	1	0	0xd43f5e018b415631
16	4	control	0	1	168503	2180.5	19717.4	82885.7	15374.7	21568.7	11458	3909.61	2436.17	8885.83	856120	0	8	1	0	0xd43f5e018b415631
16	4	control	0	2	167777	2137.21	19647.1	82900.2	15283.8	21706.3	10894.2	3780.07	2436.09	8908.66	839448	0	5	1	0	0xd43f5e018b415631
16	4	control	0	3	167839	2130.66	19898.1	82933.4	15319.2	21539.2	10971.1	3913.99	2393.05	8654.53	839837	0	0	1	0	0xd43f5e018b415631
16	4	control	0	4	167929	2154.33	19764.7	83051.6	15308.4	21506.4	10932.2	3879.99	2395.88	8851	839816	0	2	1	0	0xd43f5e018b415631
16	4	control	0	5	167736	2141.91	19625.7	83105	15275.6	21522.6	10748.3	3910.41	2404.96	8920	839490	0	5	1	0	0xd43f5e018b415631
16	4	control	0	6	167656	2143.41	19684.6	82895.9	15282.4	21571.1	10836.5	3866.45	2483.59	8807.75	839510	0	2	1	0	0xd43f5e018b415631
16	4	control	0	7	167956	2137.75	19621.7	83301.5	15283.8	21446.9	10927.2	3893.15	2474.59	8783.83	839783	0	7	1	0	0xd43f5e018b415631
16	4	control	0	8	167804	2139.37	19781.8	82866.7	15277	21583.7	10802.1	3969.95	2472.5	8825.75	839747	0	1	1	0	0xd43f5e018b415631
16	4	control	0	9	167934	2138.46	19720.1	83188.7	15362	21362.2	10978.1	3968.74	2417.17	8713.41	839739	0	4	1	0	0xd43f5e018b415631
16	4	control	0	10	167855	2142.08	19754.4	83039.3	15340	21460.5	11021.1	3783.49	2408.17	8821.33	839744	0	2	1	0	0xd43f5e018b415631
16	4	control	0	11	167711	2141.21	19740.4	83085.4	15284.4	21489.3	10977	3809.78	2406.88	8694.41	839498	0	2	1	0	0xd43f5e018b415631
16	4	control	0	12	171176	2146.87	19591.6	85555.1	15205.9	21866.7	11460.5	3891.65	2438.5	8932.96	843105	0	1	1	0	0xd43f5e018b415631
16	4	control	0	13	168427	2180.04	19889.9	83096.2	15386	21549.7	10950.9	4061.58	2423.29	8807.75	856178	0	8	1	0	0xd43f5e018b415631
16	4	control	0	14	167796	2138.96	19988.5	82935.3	15313.7	21245.9	11147.3	3973.9	2439.67	8530.95	839322	0	8	1	0	0xd43f5e018b415631
16	4	control	0	15	167965	2141	19648.3	83255.2	15309	21389.9	11122.3	3801.9	2419.59	8791.29	839964	0	0	1	0	0xd43f5e018b415631
16	4	control	0	16	167588	2149.5	19743	82855.4	15327.4	21400.8	10896.5	3951.12	2414.05	8765.29	839520	0	1	1	0	0xd43f5e018b415631
16	4	control	0	17	167746	2154.58	19667.9	83105.4	15267.5	21470.6	10900.5	3983.45	2379.71	8728.91	839598	0	2	1	0	0xd43f5e018b415631
16	4	control	0	18	167974	2137.96	19813.9	83121.9	15261.6	21432.1	11144.8	3855.45	2400.59	8719.33	839845	0	2	1	0	0xd43f5e018b415631
16	4	control	0	19	168250	2136.71	20260.6	82895.6	15278.9	21365.1	11071.5	3919.24	2405.8	8836.04	839846	0	9	1	0	0xd43f5e018b415631
16	4	control	0	20	167359	2145.04	19785.6	82902.8	15343.8	21286.6	10971.9	3897.32	2415.79	8528.74	839298	0	1	1	0	0xd43f5e018b415631
16	4	control	0	21	167670	2138.58	19594.7	83150	15268.2	21571.7	10757.8	4024.62	2394.83	8684.66	839670	0	0	1	0	0xd43f5e018b415631
16	4	control	0	22	167911	2151.25	19517.8	82917.7	15289.7	21525	10937.7	4246.12	2402.25	8840.41	839653	0	4	1	0	0xd43f5e018b415631
16	4	control	0	23	167938	2151.91	19754.3	83071.2	15306.1	21481.3	10960.6	3965.91	2412.33	8748.99	839769	0	2	1	0	0xd43f5e018b415631
16	4	control	0	24	171079	2134.91	19627.4	85886.2	15206.7	21832.5	10867.6	4046.41	2514.09	8881.33	843004	0	1	1	0	0xd43f5e018b415631
16	4	control	0	25	168302	2173.62	19539.7	83141.8	15270.5	21736.7	10944.2	4112.28	2539.34	8758.29	856039	0	8	1	0	0xd43f5e018b415631
16	4	control	0	26	167923	2138.04	20054.7	83090.7	15270.4	21448.6	10966.5	3785.74	2463.59	8622.16	839610	0	5	1	0	0xd43f5e018b415631
16	4	control	0	27	167664	2144.25	19622	83157.9	15274.4	21498.8	10945.8	3910.99	2397.09	8628.37	839664	0	0	1	0	0xd43f5e018b415631
16	4	control	0	28	167821	2138.29	19697.7	82961.4	15239.6	21615.9	10872.2	3899.28	2392.21	8922.83	839757	0	1	1	0	0xd43f5e018b415631
16	4	control	0	29	167973	2134.29	19783.2	83121.6	15377.2	21461.5	10937.5	3950.33	2539.96	8582.66	839799	0	4	1	0	0xd43f5e018b415631
16	4	control	0	30	167529	2134.12	19583.3	82925.3	15303.6	21562.8	10893.1	3843.61	2387.59	8809.5	839455	0	0	1	0	0xd43f5e018b415631
16	4	control	0	31	167977	2516.25	19682.2	83196.9	15270.8	21470.2	10962.8	3840.61	2376.67	8579.57	839826	0	7	1	0	0xd43f5e018b415631
16	4	control	0	32	167792	2162.46	19733.7	82922.9	15246.4	21518.5	10977.2	3746.36	2479.59	8918.12	839726	0	1	1	0	0xd43f5e018b415631
16	4	control	0	33	167850	2146.62	19684.7	82900	15452.5	21490	11139	3858.32	2495.59	8599.32	839796	0	1	1	0	0xd43f5e018b415631
16	4	control	0	34	167868	2144.83	19943.3	82929.7	15280.2	21395.1	10885	4027.74	2485.3	8693.16	839667	0	4	1	0	0xd43f5e018b415631
16	4	control	0	35	167836	2154.54	19752.2	83050.9	15374.3	21431.7	10930.5	4062.41	2389.71	8606.03	839657	0	2	1	0	0xd43f5e018b415631
16	4	control	0	36	171422	2143.79	19715	85755.3	15299.9	21801	11473.6	3840.07	2436.92	8867.79	843423	0	0	1	0	0xd43f5e018b415631
16	4	control	0	37	168033	2150.91	19765.6	82834.7	15306	21584.8	10891.2	4227.03	2423.13	8767.66	839589	0	9	1	0	0xd43f5e018b415631
16	4	control	0	38	167920	2145.04	19606.7	83513.6	15287.1	21462.3	10888.3	3824.61	2432.84	8675.83	839508	0	6	1	0	0xd43f5e018b415631
16	4	control	0	39	167859	2144.5	19811.3	82627	15322.3	21594.1	10969.6	3888.57	2487.59	8931.5	839857	0	0	1	0	0xd43f5e018b415631
16	4	control	0	40	167704	2142.79	19637.8	83113.4	15266.2	21598.3	10920.7	3873.07	2432.55	8634.28	839635	0	1	1	0	0xd43f5e018b415631
16	4	control	0	41	167846	2142.96	19722.2	83306	15346.2	21510	10999.4	3836.49	2398.17	8499.78	839665	0	3	1	0	0xd43f5e018b415631
16	4	control	0	42	167667	2153.87	19610	83047.1	15289.2	21562	10891.3	3915.82	2396.13	8716.12	839586	0	1	1	0	0xd43f5e018b415631
16	4	control	0	43	167813	2144.83	19739.8	82650	15506.5	21558.4	10911.8	3904.65	2497.46	8813.99	839697	0	6	1	0	0xd43f5e018b415631
16	4	control	0	44	167868	2134.04	19658	82902.1	15312.6	21545.5	10988.2	3937.78	2465.46	8839.7	839783	0	1	1	0	0xd43f5e018b415631
16	4	control	0	45	167872	2148.12	20036.9	82839	15302.9	21431.9	11034.9	3798.61	2482.75	8711.95	839717	0	3	1	0	0xd43f5e018b415631
16	4	control	0	46	167818	2141.91	19733.9	83258.9	15301.3	21402.6	11006.3	3951.57	2394.46	8544.2	839539	0	4	1	0	0xd43f5e018b415631
16	4	control	0	47	169549	2144.33	19575	82940.3	15302.3	23261.4	10975.2	3955.45	2499.05	8810.03	838753	0	1	1	0	0xd43f5e018b415631
16	4	control	0	48	170257	2197.62	19720.9	85590	15432.8	21372.3	10872	4078.62	2385.5	8517.07	858132	0	2	1	0	0xd43f5e018b415631
16	4	control	0	49	167651	2155.66	19715.8	82988.2	15240.9	21423.1	11159.7	3944.36	2401.46	8539.95	839404	0	8	1	0	0xd43f5e018b415631
17	4	indexed	0	0	164041	2140.83	19747.9	82825.5	15338.4	21049.8	7649.14	3896.95	2443.92	8865.04	819920	0	2	1	0	0xd43f5e018b415631
17	4	indexed	0	1	163972	2128.04	19788.7	82945	15267.7	21511.4	7383.72	3905.95	2413.29	8543.03	819591	0	6	1	0	0xd43f5e018b415631
17	4	indexed	0	2	167457	2160.29	19702.8	85163.5	15883.5	21811.4	7561.31	3880.32	2399.88	8810.24	839395	0	1	1	0	0xd43f5e018b415631
17	4	indexed	0	3	163597	2147.25	19640.8	82816.8	15350.6	21176.3	7317.97	3813.9	2405.8	8808.87	803495	0	2	1	0	0xd43f5e018b415631
17	4	indexed	0	4	164245	2168.75	19639.7	83085.5	15313.9	21141.5	7420.18	4114.28	2381.33	8899.12	835806	0	11	1	0	0xd43f5e018b415631
17	4	indexed	0	5	164012	2130.7	19630.1	82911.8	15232.2	21592.1	7386.43	3914.61	2414	8716.87	819877	0	2	1	0	0xd43f5e018b415631
17	4	indexed	0	6	163738	2129.41	19736.5	82663.6	15248.4	21597.3	7482.8	3771.77	2403.46	8622.11	819677	0	1	1	0	0xd43f5e018b415631
17	4	indexed	0	7	164539	2131.5	19900.9	83175.6	15214.4	21495.5	7323.09	3980.91	2391.96	8836.95	820293	0	5	1	0	0xd43f5e018b415631
17	4	indexed	0	8	164765	2130.79	19615	83122.1	15322.1	21921.6	7394.34	3872.9	2426.12	8873.04	820520	0	4	1	0	0xd43f5e018b415631
17	4	indexed	0	9	164412	2181.21	19609.1	83108.7	15203.2	21830.1	7242.8	3891.7	2433.71	8800.37	820412	0	0	1	0	0xd43f5e018b415631
17	4	indexed	0	10	164329	2186.21	19581.8	82919.2	15351.6	21589.2	7526.97	3874.4	2390.59	8827.28	820173	0	7	1	0	0xd43f5e018b415631
17	4	indexed	0	11	164290	2476.55	19802.7	82846	15234.4	21352.8	7366.59	3764.4	2404.04	8935.66	820294	0	0	1	0	0xd43f5e018b415631
17	4	indexed	0	12	164464	2172.29	19757.9	83012.9	15331.4	21180.6	7660.01	3849.48	2411.08	9003.33	836240	0	4	1	0	0xd43f5e018b415631
17	4	indexed	0	13	163834	2126.95	19783	83162.9	15316.8	20955.6	7362.26	3902.91	2431.42	8707.49	819660	0	2	1	0	0xd43f5e018b415631
17	4	indexed	0	14	164376	2127.91	19711.5	83253.3	15266.3	21490.6	7277.3	3854.07	2378.96	8934.33	820293	0	1	1	0	0xd43f5e018b415631
17	4	indexed	0	15	165089	2122.87	19847	83166	15252.1	22001.1	7394.17	3920.7	2466.17	8836.37	821028	0	1	1	0	0xd43f5e018b415631
17	4	indexed	0	16	164825	2189.66	19927.5	83231.3	15212.4	21583.5	7355.67	4040.16	2407	8796.99	820720	0	2	1	0	0xd43f5e018b415631
17	4	indexed	0	17	164356	2173.12	19779.3	83282.5	15232.9	21279.3	7640.6	3689.03	2380.29	8815.24	819904	0	11	1	0	0xd43f5e018b415631
17	4	indexed	0	18	163966	2179.29	19593.9	83026.8	15286.6	21222	7608.35	3753.24	2391.04	8823.83	819902	0	1	1	0	0xd43f5e018b415631
17	4	indexed	0	19	163920	2132.08	19629.5	83170.4	15315.1	21161.4	7336.84	3821.24	2403.33	8867.41	819775	0	2	1	0	0xd43f5e018b415631
17	4	indexed	0	20	163706	2137.91	19845.7	82888.6	15327.4	21157.7	7212.55	3830.28	2374.09	8847.7	803556	0	2	1	0	0xd43f5e018b415631
17	4	indexed	0	21	163741	2131.83	19745.8	82946.1	15279	21137.6	7385.63	3724.03	2424.17	8882.41	803746	0	0	1	0	0xd43f5e018b415631
17	4	indexed	0	22	163689	2132.04	19811.9	82828.6	15324.4	21060	7445.1	3770.82	2413.83	8820.12	803696	0	0	1	0	0xd43f5e018b415631
17	4	indexed	0	23	163979	2128.25	19969.5	82909.8	15398.6	21080	7345.8	3753.11	2382.29	8925.62	819783	0	7	1	0	0xd43f5e018b415631
17	4	indexed	0	24	164060	2129.45	19868.2	82859.4	15257.8	20973.3	7736.89	3887.16	2432.09	8833.95	819996	0	1	1	0	0xd43f5e018b415631
17	4	indexed	0	25	164369	2145.83	19641.1	83406.8	15299.4	21482	7310.8	3797.49	2405.79	8795.28	820077	0	4	1	0	0xd43f5e018b415631
17	4	indexed	0	26	164328	2135.37	19794.5	82770.3	15515.4	21348.8	7562.51	3837.36	2386.04	8894.2	820271	0	1	1	0	0xd43f5e018b415631
17	4	indexed	0	27	167419	2134.75	19799.7	86187.3	15211.8	21444	7268.25	3970.32	2443.96	8876.58	839291	0	2	1	0	0xd43f5e018b415631
17	4	indexed	0	28	163764	2144.33	19543	83067.2	15315.6	21414.2	7132.26	3882.61	2383.96	8797.99	819645	0	2	1	0	0xd43f5e018b415631
17	4	indexed	0	29	165350	2131.37	20218.4	83070.3	15236.2	21821.4	7382.22	3956.53	2479.29	8967.66	820779	0	12	1	0	0xd43f5e018b415631
17	4	indexed	0	30	164655	2190.58	19649	83170.3	15199.4	21630.6	7513.47	3898.19	2391.92	8928.45	820602	0	1	1	0	0xd43f5e018b415631
17	4	indexed	0	31	164471	2193.16	19784.4	82968.9	15391.3	21227.8	7735.81	3807.11	2388.04	8890.83	836349	0	2	1	0	0xd43f5e018b415631
17	4	indexed	0	32	163513	2127.37	19717.2	82690.9	15277.4	21233.8	7301.21	3834.53	2396.13	8848.83	803454	0	1	1	0	0xd43f5e018b415631
17	4	indexed	0	33	163984	2177.21	19579.7	83057.2	15344.9	21162.2	7490.8	3949.7	2377.25	8761.16	819916	0	1	1	0	0xd43f5e018b415631
17	4	indexed	0	34	163752	2145.04	19772.5	83020.8	15291.7	21134	7272	3773.36	2388.54	8872.99	803760	0	0	1	0	0xd43f5e018b415631
17	4	indexed	0	35	163755	2129.75	19599	83117.2	15275	21164.5	7389.51	3827.78	2390.67	8778.91	803554	0	7	1	0	0xd43f5e018b415631
17	4	indexed	0	36	163948	2135.54	19849.5	82801.4	15305.4	21152.6	7391.93	3912.32	2393.88	8924.12	819897	0	1	1	0	0xd43f5e018b415631
17	4	indexed	0	37	163720	2135.04	19618.5	83031.2	15354.9	21102	7162.42	3977.7	2454.21	8797.78	819427	0	5	1	0	0xd43f5e018b415631
17	4	indexed	0	38	163995	2137.41	19708.3	82889	15361.3	21136.4	7350.3	3911.2	2432.54	8988.54	819987	0	0	1	0	0xd43f5e018b415631
17	4	indexed	0	39	166129	2128.25	19778.7	82933	15203	23704.6	7200.42	3789.61	2480.25	8824.7	822072	0	1	1	0	0xd43f5e018b415631
17	4	indexed	0	40	164540	2169.75	19547.3	83143.1	15217.9	21723.3	7553.22	3874.9	2384	8845.53	820360	0	3	1	0	0xd43f5e018b415631
17	4	indexed	0	41	164314	2190.96	19725.9	83241.2	15295.9	21225.7	7478.63	3762.32	2390.5	8923.41	819995	0	5	1	0	0xd43f5e018b415631
17	4	indexed	0	42	165980	2399.09	20555.4	82948.8	15271.7	21969.6	7402.59	3887.78	2552.3	8906.62	821745	0	5	1	0	0xd43f5e018b415631
17	4	indexed	0	43	164645	2185.46	19889.1	83007.4	15173.6	21862.1	7403.38	3758.99	2438.08	8841.08	820463	0	3	1	0	0xd43f5e018b415631
17	4	indexed	0	44	165028	2176.71	19898.3	83382	15192.7	21413.6	7592.39	3798.36	2411.34	9073.16	836968	0	1	1	0	0xd43f5e018b415631
17	4	indexed	0	45	164114	2134.12	19604.4	83035.1	15251.9	21567	7595.18	3780.94	2415.46	8643.49	819890	0	2	1	0	0xd43f5e018b415631
17	4	indexed	0	46	164317	2124.91	19692	83074.2	15266.3	21492.4	7419.76	3842.11	2391.96	8933.7	820315	0	0	1	0	0xd43f5e018b415631
17	4	indexed	0	47	165138	2128.58	19776.1	83454.9	15240.7	21915.3	7350.38	3721.23	2584.51	8884.49	821086	0	1	1	0	0xd43f5e018b415631
17	4	indexed	0	48	164814	2276.88	19722.6	83418.1	15226.4	21589.3	7286.97	3918.91	2403.92	8889.24	820575	0	8	1	0	0xd43f5e018b415631
17	4	indexed	0	49	164121	2168	19716.6	82975	15225.1	21401.4	7494.81	3737.61	2384.25	8937.25	819956	0	2	1	0	0xd43f5e018b415631
18	4	indexed	0	0	164050	2188.75	19598.6	82819	15242.1	21526.4	7656.97	3740.15	2384.5	8808.99	820044	0	0	1	0	0xd43f5e018b415631
18	4	indexed	0	1	163843	2194.87	19645.9	83011.5	15199.4	21339.5	7415.72	3730.36	2386.58	8831.16	819843	0	0	1	0	0xd43f5e018b415631
18	4	indexed	0	2	164198	2178.12	19617.6	82978.1	15300.2	21281.8	7628.94	3942.2	2392.63	8794.16	820142	0	1	1	0	0xd43f5e018b415631
18	4	indexed	0	3	163871	2140.41	19706.9	82731.7	15412	21133.7	7510.26	3802.69	2439.09	8908.83	819586	0	9	1	0	0xd43f5e018b415631
18	4	indexed	0	4	163733	2142.95	19585.7	83063.8	15435.5	21175.3	7339.42	3739.07	2388.96	8776.62	803327	0	7	1	0	0xd43f5e018b415631
18	4	indexed	0	5	163741	2144.04	19680.2	82888.1	15273.5	21120.9	7556.6	3700.78	2436.88	8854.58	803744	0	0	1	0	0xd43f5e018b415631
18	4	indexed	0	6	167021	2141.79	19936.5	83208.7	16550.8	22720.6	7276.04	3842.15	2394.04	8860.99	822969	0	1	1	0	0xd43f5e018b415631
18	4	indexed	0	7	163953	2290.67	19643.3	83000.7	15231.8	21418.1	7416.92	3731.61	2386.46	8747.07	819808	0	2	1	0	0xd43f5e018b415631
18	4	indexed	0	8	164081	2196.33	19665.9	82761.6	15263.9	21390.9	7422.09	4000.99	2388	8903.53	819778	0	6	1	0	0xd43f5e018b415631
18	4	indexed	0	9	164328	2173.54	19957.6	83000.8	15323.3	21173.5	7418.75	3865.44	2389.75	8941.41	836153	0	7	1	0	0xd43f5e018b415631
18	4	indexed	0	10	164089	2141.25	19806.8	82867.6	15246.9	21666.3	7351.47	3763.94	2432.33	8726.07	819975	0	2	1	0	0xd43f5e018b415631
18	4	indexed	0	11	163815	2132.54	19596.7	83011.2	15334.8	21631.8	7340.55	3717.32	2404.96	8558.49	819701	0	2	1	0	0xd43f5e018b415631
18	4	indexed	0	12	163249	2141.95	19612.6	82768.9	15327.3	21102.3	7288.55	3767.82	2372.54	8783.82	803207	0	1	1	0	0xd43f5e018b415631
18	4	indexed	0	13	164257	2162.62	19886.9	82838.7	15306	21073.7	7511.76	3950.86	2402.92	9038	836251	0	0	1	0	0xd43f5e018b415631
18	4	indexed	0	14	166590	4215.74	19819.9	82947.9	15193.7	21613	7552.26	3952.86	2395.04	8815.87	822483	0	2	1	0	0xd43f5e018b415631
18	4	indexed	0	15	164234	2199.58	19700.6	83094.4	15246.5	21417.6	7601.8	3632.19	2434.17	8822.91	820037	0	7	1	0	0xd43f5e018b415631
18	4	indexed	0	16	164100	2182.54	19618.3	83226.7	15266.4	21277.6	7503.13	3728.15	2381.83	8827.62	819901	0	3	1	0	0xd43f5e018b415631
18	4	indexed	0	17	163647	2146.75	19624.4	82907.8	15276.1	21170.9	7448.67	3783.48	2398.92	8804.99	803580	0	1	1	0	0xd43f5e018b415631
18	4	indexed	0	18	166791	2167.91	19672.9	84335.2	16338.3	21442.2	7698.84	3770.99	2465.5	8811.32	838793	0	0	1	0	0xd43f5e018b415631
18	4	indexed	0	19	164268	2185.5	19540.5	83016.7	15204	21685.3	7414.47	3906.57	2393.5	8840.28	820145	0	2	1	0	0xd43f5e018b415631
18	4	indexed	0	20	164491	2181.5	19685.7	82795.9	15575.1	21580.8	7184.21	4060.24	2407.54	8934.66	820155	0	6	1	0	0xd43f5e018b415631
18	4	indexed	0	21	164152	2146.2	19849.6	82959.6	15345.6	20983.8	7642.14	3926.86	2393.84	8815.33	819949	0	7	1	0	0xd43f5e018b415631
18	4	indexed	0	22	164011	2141.87	19643	83177.6	15245.5	21565.9	7481.67	3770.19	2400.17	8498.49	819790	0	3	1	0	0xd43f5e018b415631
18	4	indexed	0	23	164494	2138.29	19769.8	83165.6	15234.4	21429.7	7448.22	3955.24	2392.29	8877.87	820418	0	1	1	0	0xd43f5e018b415631
18	4	indexed	0	24	164826	2145.75	19703.4	83159.1	15307.9	21916.4	7378.21	3779.36	2435.29	8913.62	820761	0	1	1	0	0xd43f5e018b415631
18	4	indexed	0	25	164457	2184.96	19603.6	82983.7	15228.1	21821.5	7302.33	4045.03	2428.83	8774.78	820460	0	0	1	0	0xd43f5e018b415631
18	4	indexed	0	26	164353	2182.12	19602.1	83217.9	15239.4	21686.3	7250.13	3795.69	2391.59	8903.74	820295	0	1	1	0	0xd43f5e018b415631
18	4	indexed	0	27	164065	2181.29	19672	83006.1	15198.9	21342	7543.09	3807.15	2382.83	8847.03	820070	0	0	1	0	0xd43f5e018b415631
18	4	indexed	0	28	165335	2544.63	20080.1	83235.5	15269.6	21551.5	7443.01	3796.48	2453.21	8874.37	836797	0	11	1	0	0xd43f5e018b415631
18	4	indexed	0	29	163844	2154.87	19632.6	83152.7	15352.5	21282.2	7277.22	3666.65	2427.29	8814.82	819718	0	1	1	0	0xd43f5e018b415631
18	4	indexed	0	30	166290	2134.29	19798.8	83522.8	15247.1	22309.3	7989.01	3858.4	2570.05	8772.61	822165	0	2	1	0	0xd43f5e018b415631
18	4	indexed	0	31	163964	2185.58	19665.4	82880.7	15407.9	21163.8	7576.01	3812.86	2383.92	8806.28	819837	0	2	1	0	0xd43f5e018b415631
18	4	indexed	0	32	164020	2133.79	19660.2	82855.4	15324	21366.4	7483.09	3928.74	2420.38	8766.82	819737	0	6	1	0	0xd43f5e018b415631
18	4	indexed	0	33	163786	2137.25	19690.9	82979.8	15302.3	21062.4	7403.17	3823.49	2436.33	8867.95	819788	0	0	1	0	0xd43f5e018b415631
18	4	indexed	0	34	164045	2151.33	19589	83335.9	15281.8	20990.3	7462.47	3787.32	2396.5	8964.16	819841	0	9	1	0	0xd43f5e018b415631
18	4	indexed	0	35	164376	2139.45	19769.5	83072.7	15240.5	21477.1	7529.59	3845.36	2378.08	8841.74	820164	0	2	1	0	0xd43f5e018b415631
18	4	indexed	0	36	165230	2148.33	19751.1	83343.4	15318	21971.6	7522.13	3749.57	2477.17	8861.12	821176	0	1	1	0	0xd43f5e018b415631
18	4	indexed	0	37	164893	2899.43	19661.4	82937.8	15232.7	21534.9	7474.8	3786.4	2468.09	8814.32	820898	0	0	1	0	0xd43f5e018b415631
18	4	indexed	0	38	163939	2200.83	19642.6	82935	15209.2	21350.8	7635.31	3724.27	2397.5	8759.7	819884	0	1	1	0	0xd43f5e018b415631
18	4	indexed	0	39	164204	2183.75	19709.6	82911.4	15282	21257.7	7557.93	3927.74	2525.3	8763.45	820203	0	0	1	0	0xd43f5e018b415631
18	4	indexed	0	40	163830	2149.91	19591.4	82745.8	15302.6	21328	7647.39	3751.03	2388.25	8844.07	819628	0	8	1	0	0xd43f5e018b415631
18	4	indexed	0	41	163647	2143.12	19869.1	82929.6	15312.6	21025.5	7267.42	3742.78	2433.58	8840.16	803424	0	3	1	0	0xd43f5e018b415631
18	4	indexed	0	42	163832	2141.95	19819.1	82954.4	15315.6	21094.8	7389.72	3808.73	2439.92	8781.82	803748	0	0	1	0	0xd43f5e018b415631
18	4	indexed	0	43	167306	2138.7	19778	85414.4	15216.8	21535.4	7650.01	4187.86	2389	8907.45	823112	0	3	1	0	0xd43f5e018b415631
18	4	indexed	0	44	164216	2179.7	19646.1	83082.4	15347.9	21215.1	7586.18	3864.53	2384.33	8827.32	820141	0	1	1	0	0xd43f5e018b415631
18	4	indexed	0	45	164720	2147.91	19708.1	83595	15263.1	21473.8	7416.09	3768.36	2403.88	8859.66	820414	0	7	1	0	0xd43f5e018b415631
18	4	indexed	0	46	164192	2141.5	19619.2	83199.9	15366.1	21463.2	7331.09	3750.53	2375.08	8857.87	819959	0	8	1	0	0xd43f5e018b415631
18	4	indexed	0	47	163851	2140.66	19597.1	82995	15299	21347.1	7270.46	3823.28	2426.87	8864.99	819789	0	1	1	0	0xd43f5e018b415631
18	4	indexed	0	48	164768	2136.79	20022.9	82976.4	15211.1	21846.3	7343.42	3796.07	2520.59	8829.07	820639	0	2	1	0	0xd43f5e018b415631
18	4	indexed	0	49	164429	2183.62	19522.8	83000.1	15211.6	21801.2	7280.34	4039.82	2441.46	8864.24	820429	0	0	1	0	0xd43f5e018b415631
19	4	control	0	0	167155	2135.87	19799.9	82857.3	15383.1	21244	10933.4	3698.19	2407.17	8610.99	839088	0	1	1	0	0xd43f5e018b415631
19	4	control	0	1	167608	2137.95	19594.1	82967.6	15298.9	21682	10934.5	3771.44	2389.33	8746.24	839488	0	6	1	0	0xd43f5e018b415631
19	4	control	0	2	167773	2144.12	19755.8	83118.1	15289.5	21535.5	10785.3	3932.74	2410.21	8719.41	839638	0	2	1	0	0xd43f5e018b415631
19	4	control	0	3	167771	2146.7	19668.7	82768.1	15304.1	21606	10948.8	3945.82	2476.09	8820.99	839772	0	0	1	0	0xd43f5e018b415631
19	4	control	0	4	167830	2145.87	19714.1	83040	15283.9	21592	10840.5	3879.49	2452.38	8795.32	839828	0	0	1	0	0xd43f5e018b415631
19	4	control	0	5	168073	2139.04	19759.5	83194.1	15272.3	21547.5	10907.1	3765.07	2399.42	9004.12	839914	0	2	1	0	0xd43f5e018b415631
19	4	control	0	6	167667	2136.08	19607.1	83024.3	15322.2	21477.7	11094.8	3983.41	2394.42	8540.28	839622	0	1	1	0	0xd43f5e018b415631
19	4	control	0	7	167891	2145.91	19701.4	83015.8	15276	21452.5	10914.6	4116.12	2490.59	8689.53	839360	0	12	1	0	0xd43f5e018b415631
19	4	control	0	8	167782	2137.5	19726.8	82982.3	15233.9	21402.3	11376	3834.19	2393.12	8611.82	839729	0	1	1	0	0xd43f5e018b415631
19	4	control	0	9	170697	2135.62	19683.6	82914.9	16185.6	23498.9	11004.6	3934.28	2437.5	8815.03	842518	0	3	1	0	0xd43f5e018b415631
19	4	control	0	10	168364	2174.91	19755.5	82942.6	15271.4	21841	10974.7	3965.99	2511.33	8841.28	840236	0	2	1	0	0xd43f5e018b415631
19	4	control	0	11	168240	2158.83	19826.5	83140.8	15313.7	21562.1	10988.8	3983.95	2436.13	8740.86	855858	0	6	1	0	0xd43f5e018b415631
19	4	control	0	12	167756	2133.04	19713.7	82938.5	15329.8	21575	10829.9	3964.61	2457.21	8726.86	839647	0	2	1	0	0xd43f5e018b415631
19	4	control	0	13	168030	2143.79	19788.3	82877.5	15329.6	21500.1	11170.6	3917.78	2444.71	8771.53	839650	0	10	1	0	0xd43f5e018b415631
19	4	control	0	14	167526	2148.58	19714.6	82642.7	15393.6	21491.7	11013.7	3913.61	2408.88	8710.9	839436	0	1	1	0	0xd43f5e018b415631
19	4	control	0	15	167814	2136.08	19664.4	82875.2	15345.1	21592	10861.6	4021.95	2430	8801.49	839758	0	1	1	0	0xd43f5e018b415631
19	4	control	0	16	167953	2138.87	19649.1	83130.8	15306	21475	11123.8	3891.24	2394.46	8757.24	839949	0	0	1	0	0xd43f5e018b415631
19	4	control	0	17	167858	2134.33	19909.6	82969.1	15278	21445.9	11004.3	3968.74	2397	8666.4	839755	0	2	1	0	0xd43f5e018b415631
19	4	control	0	18	167728	2135.2	19770.6	83010.6	15365.7	21437.9	11128.6	3771.94	2396.25	8604.99	839624	0	3	1	0	0xd43f5e018b415631
19	4	control	0	19	167957	2144	19758.1	83530.7	15286.7	21440.5	10959.5	3773.69	2379.96	8594.57	839598	0	9	1	0	0xd43f5e018b415631
19	4	control	0	20	167638	2158.79	19635.6	83200.9	15279.9	21460.8	10913.7	3842.57	2388.5	8668.65	839578	0	1	1	0	0xd43f5e018b415631
19	4	control	0	21	170743	2148.33	19975.2	82948.2	16844.2	22455.4	10972.9	4109.91	2408.04	8793.07	842690	0	1	1	0	0xd43f5e018b415631
19	4	control	0	22	168285	2292.83	19603.5	82926.2	15165.6	21792.7	11182.9	3981.57	2395.34	8810.86	840143	0	2	1	0	0xd43f5e018b415631
19	4	control	0	23	168423	2169.25	19806.6	83100	15322.7	21615.3	11117.7	3947.86	2427	8831.91	856077	0	5	1	0	0xd43f5e018b415631
19	4	control	0	24	167959	2146.66	19804.2	83252.1	15380.9	21387.7	11334.3	3674.73	2402.67	8490.19	839895	0	1	1	0	0xd43f5e018b415631
19	4	control	0	25	167625	2139.5	19706	82706.2	15415.7	21498.3	10959.7	3965.36	2451.75	8692.86	839301	0	9	1	0	0xd43f5e018b415631
19	4	control	0	26	167956	2137.33	19661.3	83066.5	15433.9	21553.3	10967.3	3894.57	2458.5	8696.32	839829	0	2	1	0	0xd43f5e018b415631
19	4	control	0	27	168477	2142.91	19654.1	83345.5	15470.7	21246.8	11415.5	3875.53	2391.62	8847.78	840231	0	3	1	0	0xd43f5e018b415631
19	4	control	0	28	167700	2137.25	19822.2	83137.8	15248.8	21057.2	11160.2	3868.61	2380.04	8800.16	839694	0	0	1	0	0xd43f5e018b415631
19	4	control	0	29	167728	2159.83	19722.6	83121.5	15285.5	21190.2	11076.1	3742.11	2395.04	8949.7	839600	0	2	1	0	0xd43f5e018b415631
19	4	control	0	30	167328	2148.5	19763.7	83017	15374.9	21235.8	10834.4	3896.24	2419.71	8552.44	839274	0	1	1	0	0xd43f5e018b415631
19	4	control	0	31	167764	2137.2	19664.4	82945.2	15315.5	21439.9	11100.6	3934.7	2391.12	8751.36	839479	0	9	1	0	0xd43f5e018b415631
19	4	control	0	32	167993	2139.95	19713.8	83221	15445	21363.9	11088.6	3822.73	2378.21	8733.82	839859	0	2	1	0	0xd43f5e018b415631
19	4	control	0	33	170739	2285.58	19680.1	83597.3	15641.4	22926.2	10994.2	3813.86	2742.72	8969.74	842741	0	0	1	0	0xd43f5e018b415631
19	4	control	0	34	168309	2272.25	19932.1	82962	15278.3	21710.7	11131.7	3679.11	2443.79	8809.36	840165	0	2	1	0	0xd43f5e018b415631
19	4	control	0	35	168276	2137.29	19868.9	83298.6	15361.1	21378.1	11188.6	3885.61	2538.88	8534.07	839799	0	6	1	0	0xd43f5e018b415631
19	4	control	0	36	167749	2136.04	19767.2	82998.7	15331.3	21363.6	11254.4	3853.36	2389.17	8566.86	839568	0	2	1	0	0xd43f5e018b415631
19	4	control	0	37	167916	2138.91	19936	82920.7	15299.7	21408.2	11048.9	3773.94	2443.96	8858.78	840124	0	7	1	0	0xd43f5e018b415631
19	4	control	0	38	167743	2145.08	19669	83134.3	15270.6	21437.3	11144	3811.07	2371.58	8675.28	839037	0	1	1	0	0xd43f5e018b415631
19	4	control	0	39	167604	2147.58	19713.4	82943.7	15289.7	21489.2	10875.8	3992.28	2397.54	8667.94	839600	0	0	1	0	0xd43f5e018b415631
19	4	control	0	40	167984	2143.62	19663.2	82983.5	15264	21484	11137	4021.7	2397.33	8809.99	839983	0	0	1	0	0xd43f5e018b415631
19	4	control	0	41	167521	2132.75	19611	82794.3	15247.7	21556.9	10886.9	3955.61	2468.96	8778.61	839457	0	1	1	0	0xd43f5e018b415631
19	4	control	0	42	167955	2137.54	19815.2	82950	15322.6	21535.1	10832.5	3922.28	2484.33	8871.32	839837	0	2	1	0	0xd43f5e018b415631
19	4	control	0	43	167753	2136.91	19748.8	83157.1	15297.1	21517.2	10899.1	3809.86	2393.79	8707.28	839584	0	3	1	0	0xd43f5e018b415631
19	4	control	0	44	167855	2141.41	19759	83071.2	15275.6	21444.8	11270.8	3729.94	2397.75	8676.24	839472	0	8	1	0	0xd43f5e018b415631
19	4	control	0	45	172597	4267.57	19666.3	85321.6	15787.9	20871.5	11286.1	4075.44	2405.58	8832.82	860536	0	1	1	0	0xd43f5e018b415631
19	4	control	0	46	167638	2132.08	19663.3	83192.7	15242.1	21195	11129.7	3722.52	2412	8861.61	839576	0	1	1	0	0xd43f5e018b415631
19	4	control	0	47	167886	2132.2	19938.2	83416.2	15238.5	21152.7	10804.4	3870.03	2442	8804.24	839501	0	6	1	0	0xd43f5e018b415631
19	4	control	0	48	167901	2151.91	19836.1	83290.5	15275.4	21247.3	10835.5	3808.98	2393.12	8976.95	839789	0	2	1	0	0xd43f5e018b415631
19	4	control	0	49	167649	2147.79	19838.6	83042.4	15204	21261.8	11093.8	3696.32	2388.5	8891.53	839511	0	2	1	0	0xd43f5e018b415631
