surface	repeat	run	wall_us	input_us	core_us	dense_us	depthwise_us	attention_us	lut_us	concat_us	transform_us	head_us	process_cpu_us	voluntary_cs	involuntary_cs	affinity_ok	cpu4_7_ime_count	hash
stage54_condition_variable	0	0	179468	2360.49	22340.5	86854.6	15537.3	21815.6	13602.4	5977.97	3204.89	7601.23	642677	1200	8	1	0	0xd43f5e018b415631
stage54_condition_variable	0	1	178709	2326.74	21701.6	87192.2	15676.7	21897.5	12893.4	5883.93	3283.97	7679.57	640087	1225	5	1	0	0xd43f5e018b415631
stage54_condition_variable	0	2	181180	2360.16	21733.4	89304.5	15629.9	21825.1	13361.9	5817.43	3348.35	7630.73	643798	1194	14	1	0	0xd43f5e018b415631
stage54_condition_variable	0	3	178562	2369.91	21706.4	86616.2	15695.4	21646.8	13738.7	5804.68	3209.64	7602.94	641187	1206	5	1	0	0xd43f5e018b415631
stage54_condition_variable	0	4	179319	2354.91	21839.2	87157.6	15645.7	21979.7	13415.9	5899.22	3283.72	7571.56	641124	1211	8	1	0	0xd43f5e018b415631
stage54_condition_variable	0	5	179779	2335.36	22210.1	87096.8	15734.6	22077.3	13297.8	6054.31	3232.06	7567.86	642472	1215	8	1	0	0xd43f5e018b415631
stage54_condition_variable	0	6	178844	2325.99	21877.1	86544.4	15659.9	22136	13112.2	6077.35	3374.14	7568.44	640000	1206	4	1	0	0xd43f5e018b415631
stage54_condition_variable	0	7	179508	2416.95	21851.2	86806.4	15699.9	22321.9	13177.5	6008.85	3400.19	7661.36	641437	1225	4	1	0	0xd43f5e018b415631
stage54_condition_variable	0	8	179391	2385.66	21804.8	86794.9	15739.5	22267.6	13318.6	6051.64	3182.6	7666.82	641182	1211	7	1	0	0xd43f5e018b415631
stage54_condition_variable	0	9	179109	2376.74	22163	86727.7	15577.3	21880.3	13428.4	5911.72	3261.73	7615.82	641281	1204	11	1	0	0xd43f5e018b415631
stage54_condition_variable	0	10	178853	2399.78	21872	86767.9	15791.6	21877.3	13317.9	5740.6	3311.23	7594.23	641235	1227	7	1	0	0xd43f5e018b415631
stage54_condition_variable	0	11	178938	2308.61	21846.7	86978.9	15707.6	22073.9	13166.2	5916.56	3203.76	7570.48	640105	1227	6	1	0	0xd43f5e018b415631
stage54_condition_variable	0	12	179192	2365.82	22310.6	86568.4	15678.4	22181.1	12973.9	6014.89	3369.6	7559.19	639877	1230	6	1	0	0xd43f5e018b415631
stage54_condition_variable	0	13	181241	2410.57	24396.8	86552.1	15549.6	21752.7	13592.2	5882.56	3275.97	7659.86	643989	1225	5	1	0	0xd43f5e018b415631
stage54_condition_variable	0	14	179288	2373.11	21795.9	87329.8	15760.4	21942.8	13049.7	5976.77	3270.6	7614.52	641497	1217	3	1	0	0xd43f5e018b415631
stage54_condition_variable	0	15	178753	2340.9	21901	86777.6	15698.5	22088.4	13149.8	5887.01	3325.98	7395.6	640156	1218	7	1	0	0xd43f5e018b415631
stage54_condition_variable	0	16	178937	2387.2	21999.7	86427.3	15570	22297.6	13392.2	5802.55	3234.52	7655.86	640907	1201	3	1	0	0xd43f5e018b415631
stage54_condition_variable	0	17	178115	2392.11	21914	86431.8	15611.7	21602.7	13160.4	5989.93	3193.43	7639.07	640205	1198	0	1	0	0xd43f5e018b415631
stage54_condition_variable	0	18	179751	3109.68	21823.7	86690.3	15742.3	22162.8	13381.2	5747.09	3293.43	7623.61	641145	1209	3	1	0	0xd43f5e018b415631
stage54_condition_variable	0	19	179119	2326.03	21916.8	86947.4	15644.9	22049.8	13250.7	5984.35	3264.97	7556.23	642269	1209	3	1	0	0xd43f5e018b415631
stage54_condition_variable	0	20	179205	2479.08	22165.7	86789.9	15693.4	22116.5	13006.7	6051.56	3327.6	7399.18	640628	1205	9	1	0	0xd43f5e018b415631
stage54_condition_variable	0	21	178922	2425.91	21732.2	86834	15595.5	22175.1	13067.2	5996.93	3292.85	7629.82	640361	1232	9	1	0	0xd43f5e018b415631
stage54_condition_variable	0	22	178618	2364.74	21811.7	86866.4	15576.9	21659.3	13315.1	5931.6	3288.31	7637.86	640597	1206	5	1	0	0xd43f5e018b415631
stage54_condition_variable	0	23	178754	2321.36	21956.2	86399.2	15706.9	21870.7	13361.3	6110.85	3281.35	7576.31	641447	1209	2	1	0	0xd43f5e018b415631
stage54_condition_variable	0	24	181390	2320.49	21745.1	89023.3	15592.8	21743.4	13636.2	6213.73	3325.85	7613.98	644012	1227	0	1	0	0xd43f5e018b415631
stage54_condition_variable	0	25	178527	2370.53	21753.7	86763.1	15636.8	21803	13325.1	5830.39	3267.68	7606.94	640296	1222	1	1	0	0xd43f5e018b415631
stage54_condition_variable	0	26	178636	2334.45	21626.2	86669.5	15614.3	22202.8	13280.9	5878.31	3336.85	7528.85	640133	1203	0	1	0	0xd43f5e018b415631
stage54_condition_variable	0	27	179431	2432.66	21904.7	86839.4	15825.8	22245.3	13090.5	6004.1	3308.72	7601.36	641507	1201	8	1	0	0xd43f5e018b415631
stage54_condition_variable	0	28	179669	2374.07	21702.2	86923.9	15646.3	22250.9	13608.5	6126.9	3241.14	7632.86	643705	1206	1	1	0	0xd43f5e018b415631
stage54_condition_variable	0	29	179437	2431.99	22094	86800.8	15647.8	22257.6	13344	5853.72	3231.68	7603.9	642992	1206	1	1	0	0xd43f5e018b415631
stage54_condition_variable	0	30	179173	2385.74	21970.6	87193	15555.2	21811	13390.4	5883.47	3182.51	7627.77	642083	1204	1	1	0	0xd43f5e018b415631
stage54_condition_variable	0	31	178701	2357.82	21668	86565.4	15984	21707	13696.5	5742.13	3200.22	7602.65	641445	1201	5	1	0	0xd43f5e018b415631
stage54_condition_variable	0	32	178906	2342.61	21770.7	86612.7	15580.4	22007	13598.3	5916.76	3298.18	7611.81	642083	1215	2	1	0	0xd43f5e018b415631
stage54_condition_variable	0	33	179056	2380.49	21909.6	86519.5	15624.4	22173	13170.8	6126.06	3357.97	7622.4	641985	1206	3	1	0	0xd43f5e018b415631
stage54_condition_variable	0	34	178597	2438.66	21726.2	86753.7	15560.7	21819.7	13257.6	5946.6	3250.18	7679.07	639970	1206	0	1	0	0xd43f5e018b415631
stage54_condition_variable	0	35	180741	2367.2	21940.1	87979.9	15835.9	22215.7	13387.3	5699.59	3513.4	7629.11	642027	1228	0	1	0	0xd43f5e018b415631
stage54_condition_variable	0	36	179746	2422.24	21815.6	86761.3	16063.9	22282.1	13607	5824.47	3202.68	7605.27	642744	1214	2	1	0	0xd43f5e018b415631
stage54_condition_variable	0	37	178672	2407.53	22057.8	86555.3	15614.5	21865.2	13031.1	6160.35	3192.35	7614.36	641040	1206	1	1	0	0xd43f5e018b415631
stage54_condition_variable	0	38	179423	2375.74	21961.3	86834	16035.7	21921.1	13071.7	5933.6	3375.4	7740.32	642276	1214	12	1	0	0xd43f5e018b415631
stage54_condition_variable	0	39	179557	2310.95	21996.3	87545.2	15625.6	21666.9	13328.2	5969.01	3303.85	7635.07	642756	1210	7	1	0	0xd43f5e018b415631
stage54_condition_variable	0	40	179158	2319.24	21814.4	87139.5	15642.1	21891.8	13372.2	5862.85	3245.43	7699.15	642207	1220	5	1	0	0xd43f5e018b415631
stage54_condition_variable	0	41	178815	2357.7	21776.9	86912.4	15707.1	22173.9	13248.4	5858.89	3263.98	7342.93	641172	1202	1	1	0	0xd43f5e018b415631
stage54_condition_variable	0	42	178901	2392.2	21808.2	86872.6	15604.6	22251.9	13217.9	5726.97	3235.56	7621.56	640655	1212	4	1	0	0xd43f5e018b415631
stage54_condition_variable	0	43	178523	2587.66	21564.4	86642.6	15619.4	21667	13600	5763.51	3219.43	7681.4	640465	1199	11	1	0	0xd43f5e018b415631
stage54_condition_variable	0	44	179795	2331.57	21829.5	86901.3	15696.6	22109.3	13707.9	6011.6	3221.6	7807.57	643169	1216	12	1	0	0xd43f5e018b415631
stage54_condition_variable	0	45	179086	2342.78	21867.8	86940.5	15671.8	22136	12986.5	5922.76	3277.56	7771.65	640139	1209	2	1	0	0xd43f5e018b415631
stage54_condition_variable	0	46	179068	2383.24	21996.6	86714.6	15594.9	22144.1	13119.7	5956.35	3299.18	7639.65	641265	1223	2	1	0	0xd43f5e018b415631
stage54_condition_variable	0	47	181383	2368.28	21915	89087.9	15564.3	21976.2	13260	6113.18	3232.27	7693.9	643805	1185	4	1	0	0xd43f5e018b415631
stage54_condition_variable	0	48	179299	2296.4	21771.2	87036.6	15742.8	22159.2	13198.3	5887.01	3272.43	7764.99	641554	1215	4	1	0	0xd43f5e018b415631
stage54_condition_variable	0	49	178755	2346.28	21827.8	86645.3	15826.9	22117.7	13294.2	5793.55	3255.35	7478.94	640442	1216	9	1	0	0xd43f5e018b415631
stage54_condition_variable	0	50	179315	2420.36	21838.3	86399.5	15603.3	22264.8	13558.6	6017.72	3271.97	7760.86	642319	1213	2	1	0	0xd43f5e018b415631
stage54_condition_variable	0	51	177777	2383.78	21742.5	86617.1	15656.1	21567.7	12914.1	5871.3	3235.27	7610.73	638887	1214	0	1	0	0xd43f5e018b415631
stage54_condition_variable	0	52	178965	2338.07	21875.1	86867.3	15652.6	22006.5	13230.8	6045.26	3207.97	7568.31	641441	1198	0	1	0	0xd43f5e018b415631
stage54_condition_variable	0	53	178666	2405.82	21905	86389.3	15652.5	22112	13146.2	6058.56	3326.81	7496.89	640691	1222	1	1	0	0xd43f5e018b415631
stage54_condition_variable	0	54	179243	2373.03	21716.1	86669.5	15651.9	22324.1	13566.5	5848.01	3330.64	7594.19	641660	1212	6	1	0	0xd43f5e018b415631
stage54_condition_variable	0	55	178926	2427.86	21842.6	86792.7	15604.5	21797.8	13378.8	6088.89	3210.01	7600.81	641893	1208	7	1	0	0xd43f5e018b415631
stage54_condition_variable	0	56	178590	2393.61	21718.7	86632.5	15728.6	22026.3	13218.3	5855.59	3199.85	7639.48	639670	1211	1	1	0	0xd43f5e018b415631
stage54_condition_variable	0	57	178542	2317.61	21843.9	86748.5	15644	22119.5	13051.6	5878.68	3262.02	7510.06	639500	1208	1	1	0	0xd43f5e018b415631
stage54_condition_variable	0	58	182471	2388.95	25078.9	86623.5	15530.8	21890	13843.8	5996.51	3213.89	7724.94	645734	1227	3	1	0	0xd43f5e018b415631
stage54_condition_variable	0	59	179506	3588.73	21924.1	86643.4	15530.9	21899.5	12970.1	5862.8	3212.56	7706.44	640052	1213	1	1	0	0xd43f5e018b415631
stage54_condition_variable	0	60	178928	2319.9	21672	87181.5	15547.5	21682.1	13024.4	6257.4	3309.98	7758.32	639974	1209	6	1	0	0xd43f5e018b415631
stage54_condition_variable	0	61	178757	2328.2	21982.4	86851.6	15586.1	21995.3	13196.2	5915.64	3237.85	7491.06	639644	1215	9	1	0	0xd43f5e018b415631
stage54_condition_variable	0	62	179313	2362.11	21990.9	86832.1	15682	22261.9	13052.4	5898.76	3300.72	7763.44	641774	1227	1	1	0	0xd43f5e018b415631
stage54_condition_variable	0	63	178258	2364.07	21758	86614.1	15560.3	21841.6	13219.9	5854.68	3191.89	7683.61	640173	1201	1	1	0	0xd43f5e018b415631
stage54_condition_variable	0	64	179942	3238.51	21972.9	86874.8	15588.8	21868.5	13233.1	6071.89	3213.3	7710.44	642504	1213	6	1	0	0xd43f5e018b415631
stage54_condition_variable	0	65	178982	2342.61	21863	86850.3	15861.4	21602.7	13476.8	5983.18	3228.72	7602.02	640640	1199	10	1	0	0xd43f5e018b415631
stage54_condition_variable	0	66	178386	2330.99	21775.2	86426.1	15619.3	22104.1	13224.3	5911.97	3373.23	7446.02	639672	1203	4	1	0	0xd43f5e018b415631
stage54_condition_variable	0	67	178928	2391.57	21728.8	86867.7	15618.7	22202.5	13213.2	5831.72	3307.23	7596.31	640536	1204	11	1	0	0xd43f5e018b415631
stage54_condition_variable	0	68	178765	2385.2	21849.3	86740.3	15531.7	21863.3	13117.3	6136.6	3302.81	7672.57	640944	1204	1	1	0	0xd43f5e018b415631
stage54_condition_variable	0	69	183040	2325.65	21979.8	89688.5	15664.3	21740.2	14089.1	6477.07	3221.31	7633.86	644784	1219	34	1	0	0xd43f5e018b415631
stage54_condition_variable	0	70	178432	2336.03	21929.9	86729.8	15630.1	22042.7	13111.6	5913.76	3259.43	7304.68	640572	1215	2	1	0	0xd43f5e018b415631
stage54_condition_variable	0	71	179609	2383.53	22050.5	86685.5	15632.8	22229.8	13464	5999.35	3378.35	7618.94	643263	1215	5	1	0	0xd43f5e018b415631
stage54_condition_variable	0	72	179731	2382.86	21911.9	87111.9	15693.4	22269.3	13331.7	5934.34	3297.43	7621.48	641241	1213	11	1	0	0xd43f5e018b415631
stage54_condition_variable	0	73	179044	2386.95	21887	86820.3	15566.6	22289.6	13067.4	6017.6	3209.97	7627.44	640491	1227	1	1	0	0xd43f5e018b415631
stage54_condition_variable	0	74	178608	2438.61	21757.5	86720.4	15662.6	21580.8	13357.6	6068.31	3219.72	7626.02	641294	1213	0	1	0	0xd43f5e018b415631
stage54_condition_variable	0	75	179049	2311.7	21784	86611.4	15590.8	21920.1	13516.3	6182.86	3350.23	7605.11	640914	1215	3	1	0	0xd43f5e018b415631
stage54_condition_variable	0	76	178944	2364.03	21719.9	86861	15668.4	22195.2	13216.6	5812.05	3336.35	7607.19	639925	1210	6	1	0	0xd43f5e018b415631
stage54_condition_variable	0	77	179481	2409.41	21987.3	86741.2	15649.9	22208.3	13230.3	6135.56	3271.35	7639.77	641532	1219	2	1	0	0xd43f5e018b415631
stage54_condition_variable	0	78	178372	2410.49	21730.9	86789.3	15590.2	21954	13054	5823.76	3217.8	7632.69	639782	1208	7	1	0	0xd43f5e018b415631
stage54_condition_variable	0	79	178794	2336.7	21796.5	86840.8	15634.8	21792.5	13391.7	5927.43	3260.43	7642.86	640261	1214	0	1	0	0xd43f5e018b415631
stage54_condition_variable	0	80	182006	2328.78	21735.8	89459.8	15816.6	22187.5	13343.9	5998.76	3369.52	7591.94	644397	1240	2	1	0	0xd43f5e018b415631
stage54_condition_variable	0	81	178439	2445.41	21991.8	86697.4	15659.9	21906.1	12938.9	5834.59	3175.47	7619.15	639815	1202	3	1	0	0xd43f5e018b415631
stage54_condition_variable	0	82	178751	2337.4	21786.4	86967.9	15743.7	21760.4	13276.2	5928.8	3179.22	7598.31	641228	1215	1	1	0	0xd43f5e018b415631
stage54_condition_variable	0	83	179468	2419.03	21908.4	86935.4	15688.4	21945	13526.4	6023.72	3246.22	7602.19	643140	1206	2	1	0	0xd43f5e018b415631
stage54_condition_variable	0	84	179012	2348.36	21949	86727.9	15645.2	22115.1	13409	6025.89	3303.85	7323.1	641545	1213	0	1	0	0xd43f5e018b415631
stage54_condition_variable	0	85	179168	2396.7	21753.1	86681.9	15650.3	22250.8	13363.4	6001.43	3262.89	7630.23	641246	1209	0	1	0	0xd43f5e018b415631
stage54_condition_variable	0	86	179578	2379.36	21941.2	86930.8	15560	22342.5	13519.7	5855.97	3253.68	7620.52	642623	1204	0	1	0	0xd43f5e018b415631
stage54_condition_variable	0	87	178236	2417.91	21955	86632.3	15574.5	21695	13042	5953.31	3175.68	7615.44	639810	1201	5	1	0	0xd43f5e018b415631
stage54_condition_variable	0	88	179036	2327.61	21898.2	86644.5	15664.1	22013.5	13248.8	6147.23	3304.39	7608.81	642179	1220	0	1	0	0xd43f5e018b415631
stage54_condition_variable	0	89	178955	2321.03	21810.6	86668.6	15672.3	22290.1	13201.2	6054.1	3412.56	7356.35	640389	1210	3	1	0	0xd43f5e018b415631
stage54_condition_variable	0	90	179340	2458.95	21781.2	87072.2	15571.1	22275.4	13047.5	6020.27	3292.68	7655.11	642220	1223	0	1	0	0xd43f5e018b415631
stage54_condition_variable	0	91	179349	2379.45	22000.7	86770.2	15573.9	22297.9	13347.5	5967.47	3215.6	7631.9	642150	1204	1	1	0	0xd43f5e018b415631
stage54_condition_variable	0	92	179208	3113.34	21664.5	86847	15610.4	21866	13289	5799.51	3224.14	7620.23	641121	1196	1	1	0	0xd43f5e018b415631
stage54_condition_variable	0	93	180813	3717.9	22068	86719.3	15659.8	22477.1	13137.5	5895.47	3226.6	7737.15	642307	1208	1	1	0	0xd43f5e018b415631
stage54_condition_variable	0	94	180024	2421.86	21990.7	87467.7	15619.3	22228.6	13016.3	6156.98	3353.73	7597.48	643464	1198	4	1	0	0xd43f5e018b415631
stage54_condition_variable	0	95	179379	2478.37	21977.1	86573.5	15563.5	22268.7	13502.1	5964.72	3237.52	7632.44	641290	1205	5	1	0	0xd43f5e018b415631
stage54_condition_variable	0	96	178692	2403.03	21873.9	86683.6	15556.5	21861.9	13210.6	6064.23	3252.97	7611.94	641010	1225	0	1	0	0xd43f5e018b415631
stage54_condition_variable	0	97	178500	2363.57	21915.8	86753.8	15707.3	21990.5	12921.1	5907.22	3212.51	7552.31	640271	1201	0	1	0	0xd43f5e018b415631
stage54_condition_variable	0	98	178869	2342.53	21816.4	86783.5	15636.7	22138.2	13271.9	5991.93	3262.18	7455.52	641342	1214	1	1	0	0xd43f5e018b415631
stage54_condition_variable	0	99	179196	2363.66	21982.1	86908.8	15639.7	22232.8	13072.6	5959.43	3252.6	7612.81	641446	1217	6	1	0	0xd43f5e018b415631
stage54_condition_variable	1	0	181313	2377.11	22067.6	87285.6	15742.2	22274.9	13733.9	6769.37	3271.3	7604.6	646055	1213	3	1	0	0xd43f5e018b415631
stage54_condition_variable	1	1	178954	2330.24	21642.7	87034.9	15581	22146.1	13583.7	5764.55	3346.89	7360.93	641567	1225	3	1	0	0xd43f5e018b415631
stage54_condition_variable	1	2	179102	2485.99	21731.7	86644	15634.9	22251.1	13236.6	6056.1	3267.48	7625.23	641718	1213	0	1	0	0xd43f5e018b415631
stage54_condition_variable	1	3	182012	2589.37	21923.7	89716.7	15659.4	21622.4	13329.4	6131.44	3253.68	7614.98	644497	1226	3	1	0	0xd43f5e018b415631
stage54_condition_variable	1	4	178430	2325.24	21793.3	86635.4	15695.1	22058.8	13283	5979.3	3232.93	7248.26	640217	1206	0	1	0	0xd43f5e018b415631
stage54_condition_variable	1	5	179309	2448.7	21783.5	86721.4	15717.9	22195.1	13336.2	6043.1	3284.77	7617.44	642510	1214	3	1	0	0xd43f5e018b415631
stage54_condition_variable	1	6	179224	2437.12	21749.4	86626.6	15698.8	22281.3	13490.5	5905.26	3211.34	7648.23	642101	1219	7	1	0	0xd43f5e018b415631
stage54_condition_variable	1	7	178704	2405.03	21920.7	86824.7	15650.3	21594.8	13311.2	5881.26	3301.39	7647.19	641715	1227	1	1	0	0xd43f5e018b415631
stage54_condition_variable	1	8	179091	2320.28	21689.1	86731.4	15634.2	21794.2	13754.1	6110.23	3257.47	7631.98	642580	1213	1	1	0	0xd43f5e018b415631
stage54_condition_variable	1	9	179150	2348.45	22071.5	86877.7	15650.8	22032.6	13328.4	5868.1	3207.22	7592.15	641742	1222	1	1	0	0xd43f5e018b415631
stage54_condition_variable	1	10	179071	2355.03	21717.9	86741.6	15619.3	22043.3	13601.2	6046.77	3236.8	7542.52	640622	1212	6	1	0	0xd43f5e018b415631
stage54_condition_variable	1	11	179155	2398.45	21956.9	87034.4	15585.1	22245	13080.6	5825.84	3212.26	7643.48	641355	1210	2	1	0	0xd43f5e018b415631
stage54_condition_variable	1	12	179860	2401.53	21991.8	87108.3	15683	22174.3	13497.4	5927.6	3264.89	7647.77	642757	1225	6	1	0	0xd43f5e018b415631
stage54_condition_variable	1	13	178297	2369.61	21890.1	86337.1	15599.4	21552.5	13550.1	6000.06	3179.68	7649.36	641292	1188	0	1	0	0xd43f5e018b415631
stage54_condition_variable	1	14	181669	2371.28	21662.3	87025.8	17562.6	22591.3	13544	5908.22	3230.14	7598.65	645051	1209	1	1	0	0xd43f5e018b415631
stage54_condition_variable	1	15	178695	2384.2	21840.4	86754.2	15584.6	21921.6	13217	5933.47	3285.27	7601.52	640933	1217	2	1	0	0xd43f5e018b415631
stage54_condition_variable	1	16	178691	2366.7	21917.2	86759.3	15614.1	21785.5	13295.6	5916.68	3260.35	7603.4	641198	1213	1	1	0	0xd43f5e018b415631
stage54_condition_variable	1	17	178549	2330.32	21902.3	86622.4	15557.7	22135.1	13176.7	5946.39	3338.35	7372.85	640691	1207	1	1	0	0xd43f5e018b415631
stage54_condition_variable	1	18	179429	2409.45	22107.5	86824.9	15553.6	22208.8	13338.1	5884.64	3309.39	7623.31	642831	1208	6	1	0	0xd43f5e018b415631
stage54_condition_variable	1	19	179400	2427.57	22123.1	86795.2	15574.8	22303.3	13076.5	5984.6	3191.76	7751.86	641332	1223	1	1	0	0xd43f5e018b415631
stage54_condition_variable	1	20	178637	2396.95	21780.3	86722.6	15666.6	21921.7	13162.9	5919.52	3207.97	7690.52	640175	1217	2	1	0	0xd43f5e018b415631
stage54_condition_variable	1	21	180104	3347.64	21972.2	86678.4	15768.3	21855.2	13589.4	5816.88	3196.8	7705.86	643372	1220	7	1	0	0xd43f5e018b415631
stage54_condition_variable	1	22	178647	2368.78	21768.6	86449	15730.5	22102.8	13194.2	5851.01	3259.89	7754.73	640731	1195	5	1	0	0xd43f5e018b415631
stage54_condition_variable	1	23	179141	2316.78	22002.2	87002.6	15637	22137.3	13138.7	5917.97	3225.22	7587.69	640163	1215	1	1	0	0xd43f5e018b415631
stage54_condition_variable	1	24	179180	2379.78	21788.6	87027.3	15624.2	22269.2	13244	5924.76	3284.77	7471.68	640667	1214	7	1	0	0xd43f5e018b415631
stage54_condition_variable	1	25	182165	2435.16	21946.1	88585.1	16359.9	22368.9	13406.4	6057.52	3222.05	7614.4	645593	1199	1	1	0	0xd43f5e018b415631
stage54_condition_variable	1	26	178494	2332.28	21676.4	86969.2	15646.8	21901	13104.3	5880.89	3224.51	7589.94	639506	1214	0	1	0	0xd43f5e018b415631
stage54_condition_variable	1	27	178481	2360.24	21803.7	86582.1	15601.8	22163.4	13083.7	5809.51	3270.22	7634.48	639391	1203	1	1	0	0xd43f5e018b415631
stage54_condition_variable	1	28	179817	2395.95	21867.5	86838.9	15612.8	22306	13578.3	6104.1	3337.39	7602.02	643511	1233	2	1	0	0xd43f5e018b415631
stage54_condition_variable	1	29	179250	2376.49	21922	86942.1	15614.9	22249.5	13201.9	5911.89	3241.14	7629.77	641001	1206	6	1	0	0xd43f5e018b415631
stage54_condition_variable	1	30	178422	2374.28	21601.7	86901.5	15613.1	21599.8	13089.7	6172.02	3199.1	7705.69	640044	1199	1	1	0	0xd43f5e018b415631
stage54_condition_variable	1	31	178172	2332.15	21594.4	86445	15611.5	22125.5	13180.8	6075.43	3263.14	7375.68	639835	1195	1	1	0	0xd43f5e018b415631
stage54_condition_variable	1	32	179128	2391.36	21800.7	86437.1	15866.9	22248.3	13437.8	5912.51	3246.6	7610.52	641725	1195	6	1	0	0xd43f5e018b415631
stage54_condition_variable	1	33	178897	2381.78	21864.9	86784.3	15630.4	21829.2	13445.2	5927.14	3205.93	7663.98	642063	1198	5	1	0	0xd43f5e018b415631
stage54_condition_variable	1	34	178597	2359.9	21788.3	86950.7	15633.6	21704.9	13376.5	5785.76	3196.14	7630.52	640163	1195	5	1	0	0xd43f5e018b415631
stage54_condition_variable	1	35	178511	2321.49	21752.2	86618.6	15606.8	22144.7	13191	5942.72	3383.77	7381.18	640867	1192	1	1	0	0xd43f5e018b415631
stage54_condition_variable	1	36	181155	2398.66	21634.7	86998.3	16204.9	22888.3	13855.9	6141.56	3255.39	7613.06	643726	1212	4	1	0	0xd43f5e018b415631
stage54_condition_variable	1	37	178558	2333.78	21853.1	86967.9	15634.6	22069.3	13174.6	5906.31	3225.81	7218.05	641064	1209	3	1	0	0xd43f5e018b415631
stage54_condition_variable	1	38	179591	2395.49	21788.2	86977.2	15608.2	22297.2	13277.6	6188.14	3246.93	7643.73	642337	1214	6	1	0	0xd43f5e018b415631
stage54_condition_variable	1	39	179868	2400.53	21729.1	87116.1	15649.8	22198.7	13545.9	5929.22	3357.31	7773.65	642836	1201	4	1	0	0xd43f5e018b415631
stage54_condition_variable	1	40	179384	2399.91	21911.3	86762.3	15622.5	22349.2	13334.8	5887.47	3235.59	7713.94	642763	1217	1	1	0	0xd43f5e018b415631
stage54_condition_variable	1	41	179640	2379.32	21906.9	86796	15721.1	22272.8	13375.4	6054.35	3252.93	7710.94	643095	1215	7	1	0	0xd43f5e018b415631
stage54_condition_variable	1	42	178769	2384.53	21888.2	86608.4	15590.8	21988.5	13267.2	5932.39	3225.93	7717.19	640930	1216	3	1	0	0xd43f5e018b415631
stage54_condition_variable	1	43	179265	2354.36	21941	87072.3	15864.8	21611.7	13339.4	6041.98	3264.22	7598.1	642228	1223	5	1	0	0xd43f5e018b415631
stage54_condition_variable	1	44	178752	2350.74	21956	86799.6	15691.4	21932.7	13092.2	5945.85	3246.6	7569.64	641508	1215	2	1	0	0xd43f5e018b415631
stage54_condition_variable	1	45	178842	2364.74	21859	86560.3	15616.8	22191.3	13063.3	5976.6	3368.4	7667.9	641189	1201	0	1	0	0xd43f5e018b415631
stage54_condition_variable	1	46	179369	2369.86	21990.6	86774.3	15623.6	22237.9	13344.9	6027.93	3198.55	7636.73	641738	1227	4	1	0	0xd43f5e018b415631
stage54_condition_variable	1	47	178339	2389.2	21694.3	86736.3	15587.5	21471.8	13389.9	5963.18	3296.97	7599.44	639783	1210	1	1	0	0xd43f5e018b415631
stage54_condition_variable	1	48	181690	2372.32	21769.4	88249.5	15625.8	22181.4	14067.9	6303.61	3315.56	7631.94	644605	1228	0	1	0	0xd43f5e018b415631
stage54_condition_variable	1	49	178693	2400.11	21758	86706.2	15589.7	21849	13461	5785.3	3303.47	7636.48	640554	1208	0	1	0	0xd43f5e018b415631
stage54_condition_variable	1	50	178513	2350.45	21718.2	86641.2	15671.7	21729.3	13425.1	5898.39	3237.51	7674.23	640944	1204	2	1	0	0xd43f5e018b415631
stage54_condition_variable	1	51	178317	2343.45	21824.9	86437	15623.5	22073.9	13030.8	5882.72	3310.73	7621.4	639686	1198	0	1	0	0xd43f5e018b415631
stage54_condition_variable	1	52	179860	2378.07	21983.5	86988.7	15632.3	22252.2	13374	6156.1	3320.3	7605.98	643176	1218	6	1	0	0xd43f5e018b415631
stage54_condition_variable	1	53	179385	2430.95	21803.9	86810.6	15757.5	22252.3	13343	5921.14	3251.26	7644.77	642180	1213	1	1	0	0xd43f5e018b415631
stage54_condition_variable	1	54	178222	2377.49	21791.5	86686.8	15676.2	21548.6	13190.1	5924.22	3226.43	7630.4	640536	1204	0	1	0	0xd43f5e018b415631
stage54_condition_variable	1	55	178662	2329.9	21808.4	86954.5	15717.3	22052.8	12928.7	5861.13	3224.3	7615.48	640181	1210	5	1	0	0xd43f5e018b415631
stage54_condition_variable	1	56	179135	2354.78	21767.4	86640.1	15713.1	22187.4	13383.1	6132.18	3238.93	7550.44	641821	1221	0	1	0	0xd43f5e018b415631
stage54_condition_variable	1	57	178448	2379.99	21774.4	86468.3	15591.8	21893.3	13323.1	5914.22	3286.89	7640.65	641331	1202	0	1	0	0xd43f5e018b415631
stage54_condition_variable	1	58	178784	2378.7	21730.3	86878.7	15654	21702.2	13380.7	5998.89	3216.18	7625.23	641299	1210	2	1	0	0xd43f5e018b415631
stage54_condition_variable	1	59	181233	2343.9	22988.1	87247	15611.7	22770.1	13174.7	5676.46	3618.24	7627.02	643526	1220	1	1	0	0xd43f5e018b415631
stage54_condition_variable	1	60	178547	2360.45	22034.8	86503.1	15525.2	21567.3	13261	6244.94	3274.01	7601.19	641631	1205	0	1	0	0xd43f5e018b415631
stage54_condition_variable	1	61	179089	2362.65	21722.4	86943.7	15774.7	21846.7	13397.5	6035.81	3200.22	7625.65	641965	1214	2	1	0	0xd43f5e018b415631
stage54_condition_variable	1	62	179274	2317.74	21994.4	86985.2	15618.1	22009.2	13341.9	6008.47	3245.34	7576.6	642867	1214	1	1	0	0xd43f5e018b415631
stage54_condition_variable	1	63	179068	2373.2	21652.9	86429.2	15625.1	22242.7	13407.2	6116.68	3428.77	7626.98	642080	1191	1	1	0	0xd43f5e018b415631
stage54_condition_variable	1	64	179531	2816.17	21927.9	86567.4	15605.2	22214.6	13438.5	5898.85	3261.81	7627.9	642332	1207	6	1	0	0xd43f5e018b415631
stage54_condition_variable	1	65	179412	2398.49	21983.2	86664.5	15620.4	22361	13323.3	6050.51	3225.56	7609.31	642204	1218	0	1	0	0xd43f5e018b415631
stage54_condition_variable	1	66	179245	2430.24	22096.5	86890	15551.2	21998	13299.6	5924.22	3260.34	7623.85	641713	1213	6	1	0	0xd43f5e018b415631
stage54_condition_variable	1	67	179039	2343.32	21765.1	87248	15607.7	21640.9	13355.9	6046.97	3239.35	7620.23	640464	1212	7	1	0	0xd43f5e018b415631
stage54_condition_variable	1	68	178824	2324.2	21726.6	86815.9	15624.6	22066.1	13306.2	5911.88	3276.64	7601.77	641636	1210	1	1	0	0xd43f5e018b415631
stage54_condition_variable	1	69	179056	2412.82	21982.9	86651.1	15587.4	22150.9	13270.2	6063.06	3285.64	7475.85	640623	1202	6	1	0	0xd43f5e018b415631
stage54_condition_variable	1	70	181531	2399.99	21933.3	88959.5	15538	21939.4	13529.2	6214.69	3224.35	7616.19	644023	1226	2	1	0	0xd43f5e018b415631
stage54_condition_variable	1	71	178240	2335.78	21937.6	86478.7	15609.7	22059.4	13214.3	5842.38	3335.02	7252.93	640158	1220	2	1	0	0xd43f5e018b415631
stage54_condition_variable	1	72	179150	2362.32	21916.5	86717.3	15580.9	22249.4	13190.9	6061.27	3286.6	7615.65	641280	1216	2	1	0	0xd43f5e018b415631
stage54_condition_variable	1	73	178271	2381.7	21849.1	86709.8	15601.7	21457.1	13227.1	5944.97	3288.39	7636.31	640052	1214	1	1	0	0xd43f5e018b415631
stage54_condition_variable	1	74	180111	3705.2	21947.4	86538.5	15570	21862.5	13531.8	5939.64	3229.97	7613.6	643136	1219	0	1	0	0xd43f5e018b415631
stage54_condition_variable	1	75	179190	2329.15	21877.2	87235.4	15637.7	21815.3	13359.9	5953.81	3185.18	7626.4	641415	1219	6	1	0	0xd43f5e018b415631
stage54_condition_variable	1	76	179123	2344.86	21902.6	87155	15637.8	21908	13329.2	5856.55	3244.68	7574.77	642242	1211	1	1	0	0xd43f5e018b415631
stage54_condition_variable	1	77	179776	2347.7	21932.8	87271	15695.9	21954.3	13814	5758.05	3259.93	7563.31	642395	1219	10	1	0	0xd43f5e018b415631
stage54_condition_variable	1	78	179371	2372.7	21961.8	86908.8	15711.8	22046.5	13282.9	5955.31	3428.98	7533.77	641507	1229	2	1	0	0xd43f5e018b415631
stage54_condition_variable	1	79	179241	2395.53	21777.5	86849.6	15661	22115.4	13333.4	6085.94	3293.85	7563.64	642110	1212	1	1	0	0xd43f5e018b415631
stage54_condition_variable	1	80	179008	2383.95	21756.3	86599.8	15664.6	22264.8	13350.2	5920.3	3197.05	7679.56	641291	1207	0	1	0	0xd43f5e018b415631
stage54_condition_variable	1	81	180745	2383.16	21969.3	86652.7	17199.2	22625.8	13264.8	5889.26	3220.26	7367.97	643516	1209	5	1	0	0xd43f5e018b415631
stage54_condition_variable	1	82	178782	2416.66	21998.9	86359.9	15583	22223.8	13227.1	5953.68	3189.77	7655.81	641486	1181	1	1	0	0xd43f5e018b415631
stage54_condition_variable	1	83	178604	2382.53	21780.8	87162.1	15732.9	21496	13351.3	5716.67	3174.81	7621.73	640339	1210	3	1	0	0xd43f5e018b415631
stage54_condition_variable	1	84	178791	2375.53	21946.3	86911.7	15676.4	21912.7	13295.3	5745.34	3193.1	7563.02	641214	1196	0	1	0	0xd43f5e018b415631
stage54_condition_variable	1	85	178819	2334.11	21860.5	86398.1	15587.2	22170.4	13515.8	5769.71	3375.06	7634.98	641311	1206	0	1	0	0xd43f5e018b415631
stage54_condition_variable	1	86	179774	2391.36	22013.2	86866.9	15568.5	22231.5	13404.7	5969.89	3451.35	7707.69	642513	1210	4	1	0	0xd43f5e018b415631
stage54_condition_variable	1	87	179130	2432.86	21832.3	86653.3	15599	22267.2	13427.1	5859.05	3259.89	7633.48	641455	1220	0	1	0	0xd43f5e018b415631
stage54_condition_variable	1	88	179175	2490.7	21684.1	86859.3	15790.3	21765.7	13487.7	6061.31	3232.85	7628.98	642372	1212	7	1	0	0xd43f5e018b415631
stage54_condition_variable	1	89	178891	2340.7	21745.9	86784.9	15655.5	21651.9	13718	5953.26	3266.18	7599.06	641709	1222	0	1	0	0xd43f5e018b415631
stage54_condition_variable	1	90	178948	2316.07	21888.9	86933.3	15659.4	21916.9	13215.4	6041.27	3235.6	7574.52	640306	1204	1	1	0	0xd43f5e018b415631
stage54_condition_variable	1	91	179007	2361.2	21816.6	86814.7	15701.7	22175.2	13017.1	6019.93	3321.89	7605.56	640229	1216	0	1	0	0xd43f5e018b415631
stage54_condition_variable	1	92	179462	2394.49	21789.5	86798.8	15640.8	22301.5	13385.4	6046.89	3302.31	7641.73	641722	1211	7	1	0	0xd43f5e018b415631
stage54_condition_variable	1	93	181564	2413.24	21632.3	89808.1	15619	21894.4	13173.9	6032.89	3197.93	7626.9	642954	1213	0	1	0	0xd43f5e018b415631
stage54_condition_variable	1	94	178594	2376.2	21946.7	86760.9	15591	22187.1	13011.1	5885.8	3278.89	7382.97	640575	1221	1	1	0	0xd43f5e018b415631
stage54_condition_variable	1	95	179283	2391.11	22020.8	86798.6	15638.4	22171.2	13217.6	5980.02	3284.1	7607.31	642436	1210	3	1	0	0xd43f5e018b415631
stage54_condition_variable	1	96	178708	2402.2	21942.9	86668.5	15643.8	21811.8	13589.3	5679.29	3192.18	7610.15	641936	1204	1	1	0	0xd43f5e018b415631
stage54_condition_variable	1	97	178585	2358.95	21702	86727.4	15654.7	21780.9	13281.7	6099.06	3184.85	7625.44	641564	1206	0	1	0	0xd43f5e018b415631
stage54_condition_variable	1	98	178633	2340.36	21709.4	86468.7	15688.3	22143	13181.4	6261.44	3247.39	7424.56	639385	1214	12	1	0	0xd43f5e018b415631
stage54_condition_variable	1	99	179425	2392.03	21886.8	86581.8	15620.9	22339.7	13358.4	6189.4	3290.93	7596.35	642671	1206	2	1	0	0xd43f5e018b415631
stage54_condition_variable	2	0	179653	2377.28	21964.8	87165.2	15579.1	22263.3	13330.9	5916.68	3275.39	7603.56	641469	1222	3	1	0	0xd43f5e018b415631
stage54_condition_variable	2	1	179572	2379.11	21902	87036.1	15686	22321.3	13387.7	5817.8	3243.18	7623.44	642405	1219	2	1	0	0xd43f5e018b415631
stage54_condition_variable	2	2	178509	2367.07	21852.6	86595.4	15713.8	21607.9	13092.4	6201.52	3247.89	7661.6	640156	1214	0	1	0	0xd43f5e018b415631
stage54_condition_variable	2	3	178418	2322.53	21789.2	86755.6	15663.6	21970.5	12983.8	5947.55	3234.64	7576.19	639742	1220	1	1	0	0xd43f5e018b415631
stage54_condition_variable	2	4	180893	2374.91	24476.3	86601.9	15611.4	21591.9	13222.9	5956.51	3256.18	7635.94	642696	1226	0	1	0	0xd43f5e018b415631
stage54_condition_variable	2	5	178959	2324.61	22152.1	86930.7	15666.8	21990.1	12946.1	5948.8	3251.51	7583.06	640477	1217	0	1	0	0xd43f5e018b415631
stage54_condition_variable	2	6	178948	2367.07	21823.4	86434	15593.1	22217.6	13240.4	6055.1	3278.14	7768.94	640582	1209	2	1	0	0xd43f5e018b415631
stage54_condition_variable	2	7	179155	2372.99	21990.7	86722.8	15663.8	22253.7	13244.7	5920.8	3213.68	7609.06	642215	1207	0	1	0	0xd43f5e018b415631
stage54_condition_variable	2	8	178367	2380.11	21953	86887.3	15572.9	21509.2	13055.8	5955.3	3269.93	7613.52	641600	1211	0	1	0	0xd43f5e018b415631
stage54_condition_variable	2	9	178928	2436.86	21829.9	86888	15788.7	21909.1	13134.7	5965.76	3233.47	7567.6	641174	1208	6	1	0	0xd43f5e018b415631
stage54_condition_variable	2	10	178699	2311.53	21899.9	86447.7	15617.5	22218.7	13121.3	6047.06	3335.52	7531.48	641031	1202	1	1	0	0xd43f5e018b415631
stage54_condition_variable	2	11	179360	2385.57	21916	86869.1	15629.2	22301.4	13184.5	6053.64	3202.35	7644.15	642477	1213	6	1	0	0xd43f5e018b415631
stage54_condition_variable	2	12	178345	2411.57	21624.5	86597.8	15646.9	21406.3	13385.7	6051.05	3408.98	7638.6	640816	1208	0	1	0	0xd43f5e018b415631
stage54_condition_variable	2	13	178499	2316.65	21699	86817.1	15641.9	21917.9	13063.8	6099.77	3199.76	7570.06	640490	1210	1	1	0	0xd43f5e018b415631
stage54_condition_variable	2	14	178950	2379.41	21877.2	86677	15659.6	22270.1	13107.7	5861.47	3285.68	7654.9	640656	1212	0	1	0	0xd43f5e018b415631
stage54_condition_variable	2	15	181780	2379.91	22109.4	89068.7	15660	21913.7	13224.4	6381.32	3221.26	7643.31	644107	1221	7	1	0	0xd43f5e018b415631
stage54_condition_variable	2	16	179024	2327.57	21867.9	86870.9	15667.7	21896.2	13260.7	6055.26	3301.72	7603.69	640526	1208	2	1	0	0xd43f5e018b415631
stage54_condition_variable	2	17	178779	2322.95	21831.3	86705.8	15643.6	22145	13293.7	5873.47	3354.64	7440.22	640534	1199	1	1	0	0xd43f5e018b415631
stage54_condition_variable	2	18	179534	2373.53	21987.9	86748.6	15625.2	22293.7	13432.1	6024.72	3277.35	7605.39	642853	1209	1	1	0	0xd43f5e018b415631
stage54_condition_variable	2	19	178429	2380.07	21787.6	86595.6	15650.2	21861	13102.8	5993.47	3214.34	7676.69	639768	1209	1	1	0	0xd43f5e018b415631
stage54_condition_variable	2	20	178853	2344.61	21752.9	86993.2	15642.7	21779.3	13342.2	5944.1	3275.22	7608.64	641367	1227	0	1	0	0xd43f5e018b415631
stage54_condition_variable	2	21	178457	2324.24	21665.9	86735	15637.4	22125	13256.3	5860.97	3294.43	7388.8	639906	1213	5	1	0	0xd43f5e018b415631
stage54_condition_variable	2	22	179760	2397.78	21940.4	86800.6	15632.1	22203.7	13844.8	5934.3	3334.18	7504.93	644206	1215	7	1	0	0xd43f5e018b415631
stage54_condition_variable	2	23	179675	2368.24	22029.5	87144.4	15612.2	22246	13291.9	5915.47	3262.47	7628.77	641694	1217	4	1	0	0xd43f5e018b415631
stage54_condition_variable	2	24	178699	2419.16	21776.4	86826.4	15607.1	21840.4	13306.1	5875.93	3222.93	7653.27	640572	1209	0	1	0	0xd43f5e018b415631
stage54_condition_variable	2	25	178459	2367.07	21816	86572.6	15674.9	21725.4	13313.4	6019.01	3178.72	7617.19	641116	1209	0	1	0	0xd43f5e018b415631
stage54_condition_variable	2	26	181762	2323.36	21831.4	88173.9	16075.9	22411.2	13543.3	5959.64	3644.73	7626.15	644564	1226	4	1	0	0xd43f5e018b415631
stage54_condition_variable	2	27	178295	2372.57	21868.8	86882.7	15748.9	21487.5	13325.7	5651.96	3202.81	7588.06	640169	1224	1	1	0	0xd43f5e018b415631
stage54_condition_variable	2	28	178786	2376.66	22176.7	86424	15657.3	21896.9	13416.9	5853.47	3225.76	7583.1	642058	1185	1	1	0	0xd43f5e018b415631
stage54_condition_variable	2	29	178985	2331.44	21740.9	86952.9	15599.6	22101.3	13374.5	5994.26	3304.26	7412.22	641055	1210	1	1	0	0xd43f5e018b415631
stage54_condition_variable	2	30	178925	2399.99	21808.7	86720.6	15598.5	22276.5	13136.7	5911.84	3268.85	7629.31	641142	1203	1	1	0	0xd43f5e018b415631
stage54_condition_variable	2	31	178808	2379.7	22005.8	86510.5	15644.2	21497.1	13649.7	5987.97	3270.85	7692.19	642663	1210	0	1	0	0xd43f5e018b415631
stage54_condition_variable	2	32	179189	2319.57	22106.2	86898.5	15753.7	21778.1	13220.2	6083.68	3223.14	7634.15	641446	1231	0	1	0	0xd43f5e018b415631
stage54_condition_variable	2	33	178303	2316.65	21628.1	86302.4	15616.1	22134.8	13175.6	6085.64	3350.06	7529.68	639233	1212	5	1	0	0xd43f5e018b415631
stage54_condition_variable	2	34	178946	2374.15	21726.7	86607.7	15625.3	22297.2	13341.8	5935.3	3258.02	7608.39	641382	1209	1	1	0	0xd43f5e018b415631
stage54_condition_variable	2	35	178710	2390.11	21903.9	86830.6	15639.3	21526.1	13451.9	5919.59	3260.55	7622.89	641503	1212	0	1	0	0xd43f5e018b415631
stage54_condition_variable	2	36	178883	2351.32	21689.9	87154.3	15668.6	21919.2	13135.3	6012.47	3183.89	7602.31	640922	1214	1	1	0	0xd43f5e018b415631
stage54_condition_variable	2	37	178531	2336.61	21687.6	86655.1	15693.1	22171	12944.3	5901.34	3344.68	7627.02	639632	1210	1	1	0	0xd43f5e018b415631
stage54_condition_variable	2	38	181894	2392.45	21872.7	89509.8	15541.3	21618.1	13875	6050.51	3234.6	7637.02	644329	1214	4	1	0	0xd43f5e018b415631
stage54_condition_variable	2	39	178426	2316.57	21678.3	86960.6	15635.8	21916	13043.3	5892.88	3244.93	7567.06	640243	1220	2	1	0	0xd43f5e018b415631
stage54_condition_variable	2	40	179142	2387.86	21714.5	86448.8	15680.9	22194.3	13469.6	6164.89	3390.85	7518.89	641471	1215	1	1	0	0xd43f5e018b415631
stage54_condition_variable	2	41	179588	2363.99	21937.9	86776.7	15645.3	22385.7	13337.9	5969.39	3386.35	7619.27	642589	1208	0	1	0	0xd43f5e018b415631
stage54_condition_variable	2	42	178569	2412.28	21808.9	86498.2	15562	21878.3	13282.4	5963.97	3304.06	7690.27	640207	1213	0	1	0	0xd43f5e018b415631
stage54_condition_variable	2	43	179081	2330.36	21811	87094.3	15573.8	21754.1	13467.5	6011.47	3245.64	7622.14	641146	1223	1	1	0	0xd43f5e018b415631
stage54_condition_variable	2	44	178290	2340.95	21723.2	86605.5	15866.9	22075.7	12917.1	6041.39	3277.52	7269.43	639098	1209	5	1	0	0xd43f5e018b415631
stage54_condition_variable	2	45	178890	2403.24	21709.3	86499	15615.6	22270	13297.5	6020.18	3273.89	7636.9	640855	1194	3	1	0	0xd43f5e018b415631
stage54_condition_variable	2	46	178561	2430.24	21881.2	86737.4	15654.2	21669.2	13269.9	5829.92	3276.35	7636.6	640297	1209	3	1	0	0xd43f5e018b415631
stage54_condition_variable	2	47	178534	2371.78	21665.3	86964.3	15726.7	22039.7	12866.6	5911.51	3227.76	7592.56	639779	1202	1	1	0	0xd43f5e018b415631
stage54_condition_variable	2	48	178864	2375.95	21822.2	86427.4	15574	22134.2	13328.2	6037.64	3374.98	7616.73	640870	1211	0	1	0	0xd43f5e018b415631
stage54_condition_variable	2	49	181444	2381.24	24822.4	86697.3	15779.4	21794.3	13201.2	5730.3	3252.85	7611.6	643271	1219	25	1	0	0xd43f5e018b415631
stage54_condition_variable	2	50	180693	4130.33	21870.4	87203.9	15636.7	21445.7	13250.4	6093.26	3274.72	7619.98	642672	1208	2	1	0	0xd43f5e018b415631
stage54_condition_variable	2	51	178914	2353.45	21979.2	86723.5	15639.8	21800	13330.9	6085.93	3239.1	7589.64	642134	1218	2	1	0	0xd43f5e018b415631
stage54_condition_variable	2	52	178488	2382.57	21820.3	86744.7	15608.7	22069.5	13122.4	5878.09	3355.23	7339.01	640843	1214	0	1	0	0xd43f5e018b415631
stage54_condition_variable	2	53	179213	2397.86	21968.1	86480.5	15597.5	22321	13506.4	5860.13	3261.76	7644.48	641931	1206	0	1	0	0xd43f5e018b415631
stage54_condition_variable	2	54	178747	2422.86	21864.8	86551.3	15631.9	21854.7	13476.2	5824.34	3341.77	7606.19	640748	1225	2	1	0	0xd43f5e018b415631
stage54_condition_variable	2	55	179079	2406.78	21839.7	86985.1	16002.1	21660.3	13054.7	6024.93	3305.64	7634.39	640123	1231	8	1	0	0xd43f5e018b415631
stage54_condition_variable	2	56	178756	2284.4	21817.1	86909	15662.5	22013.4	13206.8	5924.89	3188.55	7577.31	641612	1212	1	1	0	0xd43f5e018b415631
stage54_condition_variable	2	57	179064	2356.61	21778.1	86522.7	15617.9	22198.2	13359.7	6084.22	3353.18	7623.1	640585	1203	3	1	0	0xd43f5e018b415631
stage54_condition_variable	2	58	179430	2397.86	21990.6	86849.3	15610.7	22277.6	13187.9	6099.35	3258.14	7593.27	642000	1208	2	1	0	0xd43f5e018b415631
stage54_condition_variable	2	59	178907	2387.15	21989.2	86748.3	15582.5	21823.5	13389.2	5928.42	3274.31	7614.64	641792	1204	1	1	0	0xd43f5e018b415631
stage54_condition_variable	2	60	181836	2384.86	21861.2	89440.8	15666.5	21900.8	13555.5	6041.3	3233.93	7572.73	645027	1239	1	1	0	0xd43f5e018b415631
stage54_condition_variable	2	61	179147	2347.9	21938.8	86547.2	15700.3	22303.5	13041.2	6123.06	3359.98	7573.73	640539	1215	9	1	0	0xd43f5e018b415631
stage54_condition_variable	2	62	178304	2384.57	21835.8	86596.4	15534.5	21806.6	13183.2	5891.22	3244.84	7657.31	639551	1202	1	1	0	0xd43f5e018b415631
stage54_condition_variable	2	63	178487	2331.11	21760.4	86749.3	15674.1	21850.1	13055.3	5996.18	3258.56	7641.98	640113	1233	0	1	0	0xd43f5e018b415631
stage54_condition_variable	2	64	180214	4214.83	21915.1	86900.6	15591.2	21613.4	13006.3	5977.39	3242.93	7582.69	642573	1185	0	1	0	0xd43f5e018b415631
stage54_condition_variable	2	65	178378	2325.15	21881.7	86539.1	15618.5	22056.4	13322.8	5919.93	3242.14	7295.09	640693	1213	0	1	0	0xd43f5e018b415631
stage54_condition_variable	2	66	179387	2410.91	21787	86996	15592.5	22226.2	13378.9	5902.47	3302.56	7619.19	641871	1217	0	1	0	0xd43f5e018b415631
stage54_condition_variable	2	67	179279	2411.57	21859.9	86703.1	15570.4	22265.5	13327.6	5933.76	3323.77	7647.89	641988	1214	6	1	0	0xd43f5e018b415631
stage54_condition_variable	2	68	178756	2439.95	21869.2	86806.8	15713.4	21987.3	13116.8	5751.17	3265.6	7636.98	640459	1210	4	1	0	0xd43f5e018b415631
stage54_condition_variable	2	69	178515	2350.61	21693.1	87019.6	15593.3	21902.2	13120.3	5901.8	3203.18	7553.73	640210	1201	0	1	0	0xd43f5e018b415631
stage54_condition_variable	2	70	179105	2365.07	21741.8	86944	15727.1	22107.3	13450.2	5941.64	3258.31	7403.22	641535	1204	1	1	0	0xd43f5e018b415631
stage54_condition_variable	2	71	181169	2414.86	21746.8	88996.6	15859.4	21983.8	13177.3	5841.01	3285.97	7688.31	643213	1206	1	1	0	0xd43f5e018b415631
stage54_condition_variable	2	72	178382	2325.53	21983.1	86584.1	15660.9	22162.9	13037.1	5812.09	3298.43	7342.72	639965	1223	1	1	0	0xd43f5e018b415631
stage54_condition_variable	2	73	178859	2443.45	21883.4	86520.7	15551.6	22238.7	13195	5874.05	3249.1	7697.48	641048	1212	0	1	0	0xd43f5e018b415631
stage54_condition_variable	2	74	178507	2514.7	21847.9	86600.3	15557.7	21629.6	13338.3	6005.6	3217.64	7631.89	641076	1210	1	1	0	0xd43f5e018b415631
stage54_condition_variable	2	75	178662	2322.99	21827.4	86984.5	15697.8	21967.3	12913.3	6005.01	3217.34	7551.1	640761	1211	0	1	0	0xd43f5e018b415631
stage54_condition_variable	2	76	179087	2359.86	21942.7	86762.4	15570.3	22198.9	13014.2	6164.02	3265.51	7642.89	642002	1200	0	1	0	0xd43f5e018b415631
stage54_condition_variable	2	77	178199	2407.16	21778.7	86324.4	15590.7	21842.8	13294.6	5903.72	3204.89	7641.31	639495	1198	0	1	0	0xd43f5e018b415631
stage54_condition_variable	2	78	178765	2341.4	21628	86812.8	15967.7	21705.4	13343.1	5912.93	3246.01	7636.77	640193	1218	12	1	0	0xd43f5e018b415631
stage54_condition_variable	2	79	178683	2323.86	21805.5	86881.7	15806.1	22117.2	12954.2	5920.72	3329.31	7374.34	639933	1232	3	1	0	0xd43f5e018b415631
stage54_condition_variable	2	80	179485	2640.87	21995.2	86618.8	15568.6	22208.3	13184.1	6116.18	3330.14	7649.39	642009	1221	1	1	0	0xd43f5e018b415631
stage54_condition_variable	2	81	179321	2378.24	21752.6	87037.3	15600.2	22213.6	13188	6132.68	3227.55	7616.06	642010	1211	1	1	0	0xd43f5e018b415631
stage54_condition_variable	2	82	180224	2422.66	21852.8	86841.3	15598	22721.8	13336.5	6086.72	3578.65	7614.23	642154	1233	1	1	0	0xd43f5e018b415631
stage54_condition_variable	2	83	181596	3152.89	22004.3	88545.6	15690.1	21689.9	13575.2	5918.09	3238.97	7613.35	645322	1210	8	1	0	0xd43f5e018b415631
stage54_condition_variable	2	84	178430	2375.53	21878.5	86553.7	15544.1	22061	13252.8	5975.85	3295.51	7315.76	640524	1189	1	1	0	0xd43f5e018b415631
stage54_condition_variable	2	85	179252	2390.32	22003.6	86762.7	15648.1	22196.7	13308.9	5873.13	3266.01	7627.73	641762	1209	1	1	0	0xd43f5e018b415631
stage54_condition_variable	2	86	179352	2380.82	21872.4	86914	15666.9	22204.8	13544.1	5753.13	3237.97	7606.27	642308	1203	1	1	0	0xd43f5e018b415631
stage54_condition_variable	2	87	179087	2384.95	21949	86836.2	15531.4	21880.2	13375.2	5972.47	3332.56	7655.44	642255	1213	1	1	0	0xd43f5e018b415631
stage54_condition_variable	2	88	178654	2384.15	21761.8	86774.4	15611	21755.5	13180.8	6021.14	3380.73	7618.31	640977	1210	0	1	0	0xd43f5e018b415631
stage54_condition_variable	2	89	178626	2310.07	21580.4	86886.2	15638.8	22276.2	13148.2	5898.38	3303.6	7406.64	639324	1213	11	1	0	0xd43f5e018b415631
stage54_condition_variable	2	90	179698	2375.86	21710	87103.1	15639.2	22314.7	13509.5	5982.97	3259.64	7640.64	641884	1222	6	1	0	0xd43f5e018b415631
stage54_condition_variable	2	91	179441	2375.82	21626.3	86985.3	15704.9	22289	13450.9	5937.8	3273.27	7626.19	642178	1222	4	1	0	0xd43f5e018b415631
stage54_condition_variable	2	92	179566	2379.78	21748.1	86952.6	15617.8	22190.8	13621.9	5932.43	3320.14	7633.94	642937	1215	3	1	0	0xd43f5e018b415631
stage54_condition_variable	2	93	180369	3116.8	22280.3	86735.2	15658.6	22122.7	13495.3	6012.22	3301.68	7481.35	643482	1220	5	1	0	0xd43f5e018b415631
stage54_condition_variable	2	94	181151	2403.7	21849.1	88655.6	15713.8	21772.5	13823.4	5891.88	3245.35	7618.89	642982	1224	1	1	0	0xd43f5e018b415631
stage54_condition_variable	2	95	200250	2326.24	22063.9	93876	16291.3	24826.9	17792.1	11950.8	3316.97	7622.73	653912	1246	595	1	0	0xd43f5e018b415631
stage54_condition_variable	2	96	195838	2334.74	22592.8	97516.7	16381.6	22421.8	15823.5	6891.91	3817.07	7875.69	658478	1254	75	1	0	0xd43f5e018b415631
stage54_condition_variable	2	97	191313	2295.74	27526.3	91408.3	16800.3	22171.7	13710.7	6356.69	3211.68	7651.1	654853	1234	15	1	0	0xd43f5e018b415631
stage54_condition_variable	2	98	195500	3417.98	27143.3	94512.1	17728.4	21728.1	14031.1	5960.55	3259.6	7541.77	658193	1261	124	1	0	0xd43f5e018b415631
stage54_condition_variable	2	99	191666	3211.59	24784.7	92038.9	15718.6	23573.1	14514	6299.36	3752.52	7600.64	653629	1242	109	1	0	0xd43f5e018b415631
stage54_condition_variable	3	0	191224	3612.4	22294.9	95540.3	16374.1	22042.4	14310.1	6389.4	3229.8	7264.22	652360	1241	83	1	0	0xd43f5e018b415631
stage54_condition_variable	3	1	188097	2385.45	26138.9	89789.5	15949.9	22739.2	14221.2	6139.31	3243.93	7312.55	651560	1260	16	1	0	0xd43f5e018b415631
stage54_condition_variable	3	2	184086	2365.95	21920.7	91077.2	15687.6	22149.3	13263.2	6588.45	3280.18	7585.85	645672	1240	7	1	0	0xd43f5e018b415631
stage54_condition_variable	3	3	188529	2362.78	21910.5	92234.2	17757.1	23465.9	13117.6	5982.13	3908.91	7620.23	650257	1232	20	1	0	0xd43f5e018b415631
stage54_condition_variable	3	4	183184	2324.53	21884.7	86929.8	15970.9	25283.1	13884.7	5971.68	3208.22	7557.43	645603	1228	13	1	0	0xd43f5e018b415631
stage54_condition_variable	3	5	190273	2309.53	21940.7	96356.3	15905.8	21877.7	14350	6211.35	3396.68	7744.27	653337	1251	23	1	0	0xd43f5e018b415631
stage54_condition_variable	3	6	183665	2379.45	25397.3	86962.5	15647.8	22418.7	13421.6	5879.55	3691.94	7694.1	648328	1230	10	1	0	0xd43f5e018b415631
stage54_condition_variable	3	7	188618	3536.69	21876	94443.2	16329.7	22230.8	13562.1	5988.64	3235.51	7246.92	651819	1230	10	1	0	0xd43f5e018b415631
stage54_condition_variable	3	8	187392	2394.2	27411.3	88314.9	15967.3	22044.2	14283.5	5951.22	3189.97	7669.19	651237	1260	9	1	0	0xd43f5e018b415631
stage54_condition_variable	3	9	184900	2366.28	21958.9	91518.3	15642.4	22134.5	13774.2	6429.69	3323.73	7586.52	647629	1244	11	1	0	0xd43f5e018b415631
stage54_condition_variable	3	10	189159	2383.65	21934.6	91717.3	17780.6	24147.1	13801.8	6101.35	3269.43	7855.82	652277	1236	13	1	0	0xd43f5e018b415631
stage54_condition_variable	3	11	183272	2305.74	21717.1	88321.8	15611	23882.6	14274.9	6102.14	3254.47	7600.73	645576	1239	19	1	0	0xd43f5e018b415631
stage54_condition_variable	3	12	188575	2319.74	21665.8	94614.8	16228.2	21520.4	14316	6588.32	3518.02	7628.39	651095	1230	22	1	0	0xd43f5e018b415631
stage54_condition_variable	3	13	183025	2322.94	21791.3	86883.9	17803.3	23329	13441.6	5921.47	3738.61	7621.81	646015	1223	9	1	0	0xd43f5e018b415631
stage54_condition_variable	3	14	189011	2383.11	21713	95016.9	16758.9	21491.7	13960.4	6170.73	3288.18	8065.95	649561	1216	18	1	0	0xd43f5e018b415631
stage54_condition_variable	3	15	183512	2350.86	26275.5	86778.6	15565	21896.9	13478.8	5941.64	3393.77	7664.48	647303	1224	11	1	0	0xd43f5e018b415631
stage54_condition_variable	3	16	187511	3447.69	21896.1	93303.8	16381.7	21697.7	13610.9	6165.52	3185.55	7642.48	649642	1228	14	1	0	0xd43f5e018b415631
stage54_condition_variable	3	17	189100	2341.61	27355.7	88776.6	15961.5	22887.1	14679	6105.51	3285.47	7535.89	653703	1251	21	1	0	0xd43f5e018b415631
stage54_condition_variable	3	18	190486	2398.82	21784.8	95239.2	15722.9	21895.7	15843.9	6522.82	3248.05	7647.39	650216	1246	23	1	0	0xd43f5e018b415631
stage54_condition_variable	3	19	178689	2316.19	21783.9	86863.2	15723.5	21890.4	13232	5869.8	3219.22	7617.1	640790	1212	5	1	0	0xd43f5e018b415631
stage54_condition_variable	3	20	179935	2303.53	21808.1	87960	15588.7	21826.7	13433.7	5944.01	3264.05	7637.06	643050	1206	18	1	0	0xd43f5e018b415631
stage54_condition_variable	3	21	178760	2329.44	21775.5	86848.4	15605.6	22162.6	13252.4	5941.76	3276.26	7399.18	640475	1207	4	1	0	0xd43f5e018b415631
stage54_condition_variable	3	22	179892	2455.16	21859.4	86943.3	15624.8	22263.5	13645.4	5988.72	3268.39	7677.27	642817	1223	11	1	0	0xd43f5e018b415631
stage54_condition_variable	3	23	179105	2379.07	21915.5	86587.1	15656.4	22295.8	13369.8	5881.38	3245.1	7601.31	641772	1214	0	1	0	0xd43f5e018b415631
stage54_condition_variable	3	24	179552	2392.9	22034.8	86913.7	15670.8	22302.2	13246.2	5964.22	3216.3	7641.02	642412	1223	4	1	0	0xd43f5e018b415631
stage54_condition_variable	3	25	178400	2383.9	21969.6	86837.4	15585.2	21571.6	13212.7	5812.17	3228.97	7625.68	641431	1201	1	1	0	0xd43f5e018b415631
stage54_condition_variable	3	26	181779	2302.69	21903.2	88705.9	16005.8	22182.4	13519.5	6092.43	3289.52	7606.31	643939	1208	5	1	0	0xd43f5e018b415631
stage54_condition_variable	3	27	178738	2373.74	21807.4	86991.8	15563.2	21948.8	13256.5	5812.76	3175.26	7646.64	640890	1192	6	1	0	0xd43f5e018b415631
stage54_condition_variable	3	28	178514	2424.49	21744.8	86868.5	15672.9	21628.4	13379.1	5836.34	3199.43	7597.06	640676	1213	12	1	0	0xd43f5e018b415631
stage54_condition_variable	3	29	178556	2349.49	21719.6	86370.3	15694.3	22142.6	13480	5928.55	3280.26	7423.47	639860	1216	3	1	0	0xd43f5e018b415631
stage54_condition_variable	3	30	179350	2402.45	21918.1	86611	15666.5	22206.3	13421	6022.26	3296.97	7633.68	642296	1203	5	1	0	0xd43f5e018b415631
stage54_condition_variable	3	31	178689	2396.7	21826.5	86381.4	15632.8	21898.9	13492.6	5992.18	3256.51	7638.89	641513	1196	2	1	0	0xd43f5e018b415631
stage54_condition_variable	3	32	178732	2348.2	22006.4	86835.3	15599.2	21725.1	13252.9	5930.63	3177.51	7680.44	640749	1222	3	1	0	0xd43f5e018b415631
stage54_condition_variable	3	33	178922	2366.57	21884.6	86910.4	15640	21989.2	13127.4	5996.09	3287.05	7549.77	640794	1224	5	1	0	0xd43f5e018b415631
stage54_condition_variable	3	34	178970	2354.11	22047.5	86737.4	15539.5	22156.4	12965	5969.84	3407.22	7618.06	640747	1195	1	1	0	0xd43f5e018b415631
stage54_condition_variable	3	35	179459	2406.36	21886.6	86617.3	15645.1	22332	13561.6	5948.63	3238.43	7639.81	642572	1213	1	1	0	0xd43f5e018b415631
stage54_condition_variable	3	36	178854	2428.03	21800.8	86745.9	15653	21835.6	13391.3	5907.26	3252.18	7668.48	640774	1225	1	1	0	0xd43f5e018b415631
stage54_condition_variable	3	37	181276	2384.53	22148.3	87828.6	15646.5	22087.7	14068.4	6080.3	3309.39	7542.43	644933	1231	0	1	0	0xd43f5e018b415631
stage54_condition_variable	3	38	179111	2383.28	21710.3	86839.2	15591.3	22219.5	13517.2	5820.59	3242.31	7621.52	641258	1217	2	1	0	0xd43f5e018b415631
stage54_condition_variable	3	39	178730	2370.57	21775.3	86859.6	15597.3	21481	13495.4	6116.85	3241.3	7621.98	641335	1206	10	1	0	0xd43f5e018b415631
stage54_condition_variable	3	40	178564	2379.74	21833.3	86821.6	15610.1	21913.5	13099.5	5947.55	3224.93	7561.64	640122	1215	0	1	0	0xd43f5e018b415631
stage54_condition_variable	3	41	178835	2336.53	21734.7	86488.4	15686.9	22204.3	13028.8	6109.14	3452.77	7623.27	639937	1204	1	1	0	0xd43f5e018b415631
stage54_condition_variable	3	42	179453	2532.03	21871.3	86752.2	15655.5	21831	13369	5968.26	3280.31	8013.24	641097	1231	3	1	0	0xd43f5e018b415631
stage54_condition_variable	3	43	179320	2382.32	21776.4	86902	15806.3	22401.2	13172.5	5836.75	3241.01	7624.1	641102	1198	3	1	0	0xd43f5e018b415631
stage54_condition_variable	3	44	178670	2432.49	21771.7	86641.1	15611.3	21438.3	13509	5889.3	3549.94	7661.48	641565	1219	6	1	0	0xd43f5e018b415631
stage54_condition_variable	3	45	179024	2328.07	21808.2	87104.2	15758.5	21762.9	13395.6	5777.3	3311.76	7601.68	641799	1223	8	1	0	0xd43f5e018b415631
stage54_condition_variable	3	46	178663	2361.78	21883.9	86806.3	15579.3	22111.6	13284.5	5919.26	3192.93	7351.47	641653	1209	0	1	0	0xd43f5e018b415631
stage54_condition_variable	3	47	179016	2410.36	21847.6	86865.8	15594.3	22217.3	13023.9	5983.38	3284.64	7623.73	638938	1226	1	1	0	0xd43f5e018b415631
stage54_condition_variable	3	48	178555	2380.07	21857.1	86752	15624.2	21412.3	13546.1	5941.8	3262.39	7607.64	641366	1213	2	1	0	0xd43f5e018b415631
stage54_condition_variable	3	49	181760	2319.94	21842.4	88922	15611.9	22120.2	13469.5	6332.27	3346.39	7626.85	644885	1206	3	1	0	0xd43f5e018b415631
stage54_condition_variable	3	50	179115	2429.36	21830.1	86549.7	15584.3	22336.9	13460.7	5900.88	3211.14	7642.85	641804	1212	3	1	0	0xd43f5e018b415631
stage54_condition_variable	3	51	178736	2408.61	21778.3	86876.9	15665.4	21551.8	13264.3	6094.97	3299.14	7627.31	641038	1202	6	1	0	0xd43f5e018b415631
stage54_condition_variable	3	52	178989	2325.74	21844.2	87099.6	15687.1	21814.2	13273.4	5968.01	3204.05	7603.39	641267	1218	1	1	0	0xd43f5e018b415631
stage54_condition_variable	3	53	179203	2323.11	21883.4	86754.3	15725.9	22034.5	13614.7	5906.18	3238.47	7557.14	642479	1206	1	1	0	0xd43f5e018b415631
stage54_condition_variable	3	54	178766	2369.32	21832.9	86650.6	15552.5	22164.4	13065.6	6002.14	3220.09	7745.4	639543	1232	1	1	0	0xd43f5e018b415631
stage54_condition_variable	3	55	179751	2787.75	21852.5	87098.7	15664.1	22236	13086.9	5976.13	3265.34	7608.85	641440	1217	7	1	0	0xd43f5e018b415631
stage54_condition_variable	3	56	179623	2401.07	21789.1	87127.9	15625.8	22333.6	13287.8	5964.13	3281.18	7641.64	641475	1240	7	1	0	0xd43f5e018b415631
stage54_condition_variable	3	57	177953	2390.15	21920.2	86612.3	15661.2	21574.8	13005.8	5754.92	3218.93	7642.89	639092	1209	0	1	0	0xd43f5e018b415631
stage54_condition_variable	3	58	178948	2321.99	21776.4	87035.4	15629.3	22080.6	13315.5	5810.17	3242.22	7567.27	641861	1216	1	1	0	0xd43f5e018b415631
stage54_condition_variable	3	59	178665	2340.65	21731.1	86684.2	15606.7	22201.2	12982.5	5942.26	3351.89	7660.48	639731	1220	0	1	0	0xd43f5e018b415631
stage54_condition_variable	3	60	181282	2373.45	22116.8	87479.8	15771	23104.3	13152.1	5811.97	3691.86	7612.68	643275	1213	2	1	0	0xd43f5e018b415631
stage54_condition_variable	3	61	179714	3213.26	21985	86965.6	15567.7	21858.6	13265.5	5861.38	3201.63	7579.14	642222	1199	1	1	0	0xd43f5e018b415631
stage54_condition_variable	3	62	178699	2300.69	21709.4	86658.7	15584.2	22172.7	13333.9	5776.21	3386.1	7612.89	640598	1205	1	1	0	0xd43f5e018b415631
stage54_condition_variable	3	63	179852	2673.99	21957.6	86616.8	15710.3	22109.1	13472.7	6104.51	3408.72	7622.64	643199	1207	1	1	0	0xd43f5e018b415631
stage54_condition_variable	3	64	179873	2421.95	22185.1	86820.4	15624.2	22269.9	13429.1	5998.51	3390.06	7530.89	643100	1221	0	1	0	0xd43f5e018b415631
stage54_condition_variable	3	65	178871	2394.57	21869.8	86594.5	15567.3	22279.3	13400.9	5783.92	3199.01	7613.52	641008	1196	0	1	0	0xd43f5e018b415631
stage54_condition_variable	3	66	178640	2370.32	22011.9	86881.4	15539.5	21554.5	13405	5753.46	3320.51	7634.35	640861	1206	6	1	0	0xd43f5e018b415631
stage54_condition_variable	3	67	178934	2325.07	21930	86687.8	15638.9	21878.8	13454.8	6048.8	3218.43	7584.6	641806	1208	1	1	0	0xd43f5e018b415631
stage54_condition_variable	3	68	178941	2347.44	22002.2	86880.6	15568.4	21978.8	13428.3	5908.18	3260.97	7396.68	642323	1206	7	1	0	0xd43f5e018b415631
stage54_condition_variable	3	69	179271	2381.82	22004.6	86638.5	15709.8	22355.5	13190.7	5967.01	3222.09	7630.35	641785	1216	0	1	0	0xd43f5e018b415631
stage54_condition_variable	3	70	179538	2614.74	21763.3	87111.6	15605.2	22246.8	13223.8	5917.8	3238.59	7639.85	641727	1216	5	1	0	0xd43f5e018b415631
stage54_condition_variable	3	71	181574	2394.86	21985.3	88604.9	15753	22142.6	13530.7	6085.76	3279.72	7613.89	644228	1218	2	1	0	0xd43f5e018b415631
stage54_condition_variable	3	72	178685	2377.86	21868.5	86422.3	15687.6	22066.7	13500.8	5875.55	3274.47	7441.01	641824	1198	2	1	0	0xd43f5e018b415631
stage54_condition_variable	3	73	179187	2398.7	21847.4	86659	15636.8	22229.2	13329.3	6021.93	3272.34	7627.14	640780	1227	8	1	0	0xd43f5e018b415631
stage54_condition_variable	3	74	178074	2418.45	21622.6	86795.8	15619.5	21618.3	12936.4	6036.51	3238.72	7619.23	639297	1214	1	1	0	0xd43f5e018b415631
stage54_condition_variable	3	75	179420	2361.2	22006.8	86917.5	15724.3	21875.1	13379.8	6136.39	3227.97	7618.52	643040	1210	1	1	0	0xd43f5e018b415631
stage54_condition_variable	3	76	179202	2346.9	21675.5	87100.7	15710.9	22132.5	13324.7	5828.59	3324.39	7584.35	640705	1221	0	1	0	0xd43f5e018b415631
stage54_condition_variable	3	77	179389	2491.45	21981	86889.6	15624.6	22126.5	13365.1	6183.06	3289.01	7234.3	641915	1222	2	1	0	0xd43f5e018b415631
stage54_condition_variable	3	78	178795	2373.78	21842.7	86643.3	15616.4	22259.5	13280.6	5777.09	3179.93	7654.14	639880	1205	8	1	0	0xd43f5e018b415631
stage54_condition_variable	3	79	178376	2396.7	21668.8	86778.2	15590	21575.7	13371.6	5970.3	3210.51	7642.64	639997	1202	4	1	0	0xd43f5e018b415631
stage54_condition_variable	3	80	178818	2334.57	22043.9	86785.9	15728.7	21881.3	13200.5	5936.21	3199.51	7537.39	640920	1208	1	1	0	0xd43f5e018b415631
stage54_condition_variable	3	81	178966	2356.4	21964.9	86552	15635.9	22159.4	13273.1	5917.97	3350.56	7584.56	641098	1209	0	1	0	0xd43f5e018b415631
stage54_condition_variable	3	82	181160	2378.57	21885.4	86645.2	17246	22963.6	13238.2	5760.17	3263.51	7602.72	642871	1204	3	1	0	0xd43f5e018b415631
stage54_condition_variable	3	83	178508	2305.86	21949.7	86714.8	15657.8	22053.4	12942.6	5784.96	3334.89	7595.18	639987	1205	1	1	0	0xd43f5e018b415631
stage54_condition_variable	3	84	179078	2405.11	21916.4	86488.1	15592.7	22292.4	13385.5	5970.59	3207.47	7655.35	641036	1218	1	1	0	0xd43f5e018b415631
stage54_condition_variable	3	85	178852	2391.57	21958.6	86967.1	15577.3	21887.9	13148.7	5916.55	3212.39	7616.6	641212	1207	6	1	0	0xd43f5e018b415631
stage54_condition_variable	3	86	178495	2354.82	21919.6	86773.7	15611.9	21835.6	12970.2	6053.8	3255.35	7554.39	640941	1205	1	1	0	0xd43f5e018b415631
stage54_condition_variable	3	87	180026	2334.19	22710.8	87187.5	15800.4	21797.3	13199.4	5935.05	3243.39	7637.06	643594	1209	1	1	0	0xd43f5e018b415631
stage54_condition_variable	3	88	178698	2314.99	21680.6	86722.6	15608.4	22116.4	13373.7	5924.67	3395.56	7381.34	640334	1199	1	1	0	0xd43f5e018b415631
stage54_condition_variable	3	89	179332	2440.49	21931.5	86664.9	15607.6	22203.9	13519.6	5888.17	3281.68	7623.52	641631	1206	5	1	0	0xd43f5e018b415631
stage54_condition_variable	3	90	178604	2388.65	21848.9	86812.3	15617.3	21869.1	13161.4	5921.51	3212.43	7604.06	640637	1207	0	1	0	0xd43f5e018b415631
stage54_condition_variable	3	91	178877	2329.61	21868.3	87070.6	15672.4	21757.7	13296.8	5855.3	3252.01	7600.56	641330	1221	2	1	0	0xd43f5e018b415631
stage54_condition_variable	3	92	178547	2324.65	21945.1	86601.3	15697.5	22077.4	13276.5	5820.05	3275.76	7356.59	640294	1212	0	1	0	0xd43f5e018b415631
stage54_condition_variable	3	93	179061	2433.11	21777.9	86741.5	15614.3	22292.6	13293.5	5874.84	3230.93	7628.68	641313	1216	2	1	0	0xd43f5e018b415631
stage54_condition_variable	3	94	181581	2413.7	21634	89639.4	15695.1	21965.5	13044.5	6054.1	3328.64	7628.43	643798	1228	2	1	0	0xd43f5e018b415631
stage54_condition_variable	3	95	178675	2355.45	21651.5	86517.5	15629	22158.9	13380.2	5930.88	3248.85	7634.81	640814	1209	2	1	0	0xd43f5e018b415631
stage54_condition_variable	3	96	178936	2411.86	21685.5	86770.6	15616	22279.4	13304.4	5817.17	3222.64	7654.43	641241	1210	7	1	0	0xd43f5e018b415631
stage54_condition_variable	3	97	178100	2373.82	21751.3	86861.1	15633.6	21540	13241.6	5703.54	3197.05	7623.02	640233	1207	1	1	0	0xd43f5e018b415631
stage54_condition_variable	3	98	178918	2328.4	21934.6	86712.6	15752.9	22068.4	13214.6	5941.71	3220.64	7575.97	641509	1218	3	1	0	0xd43f5e018b415631
stage54_condition_variable	3	99	179030	2351.03	21897.9	86673.9	15600.2	22205.8	13105.6	6082.68	3271.34	7674.31	640716	1204	3	1	0	0xd43f5e018b415631
stage54_condition_variable	4	0	178510	2382.82	21825.8	86788.9	15550	21982.1	13040.1	5883.09	3231.3	7655.02	640078	1206	7	1	0	0xd43f5e018b415631
stage54_condition_variable	4	1	178945	2332.57	22011.7	86786.6	15604.4	21739.6	13494.5	5943.8	3234.93	7620.1	641833	1207	2	1	0	0xd43f5e018b415631
stage54_condition_variable	4	2	179073	2364.74	21893.8	86903.3	15704.5	22005.3	13070.6	6097.05	3276.8	7588.35	641835	1214	0	1	0	0xd43f5e018b415631
stage54_condition_variable	4	3	178889	2329.19	21854.6	86798.9	15612.5	22157.1	13230.5	5918.63	3377.72	7434.84	640505	1196	1	1	0	0xd43f5e018b415631
stage54_condition_variable	4	4	179265	2418.03	21842.8	86800.3	15586.5	22293.2	13172.5	6118.26	3247.85	7618.85	641419	1218	1	1	0	0xd43f5e018b415631
stage54_condition_variable	4	5	181459	2428.45	24090.1	87149.1	15750.6	21923.6	13039.3	5991.01	3275.59	7642.93	644995	1240	1	1	0	0xd43f5e018b415631
stage54_condition_variable	4	6	178466	2319.32	21702	86622.4	15571.3	22184.7	13143.2	5781.59	3373.35	7596.14	639798	1217	2	1	0	0xd43f5e018b415631
stage54_condition_variable	4	7	180265	2372.53	22022.4	86845.1	15720.7	22068.8	14023.3	6516.23	3258.35	7262.21	643103	1218	9	1	0	0xd43f5e018b415631
stage54_condition_variable	4	8	179113	2440.32	21927.1	86780.5	15676.7	22192.7	13200.1	5878.3	3225.43	7620.72	640344	1213	4	1	0	0xd43f5e018b415631
stage54_condition_variable	4	9	178255	2418.28	21762.6	86788.1	15663.6	21520.1	13103.3	5923.67	3252.05	7650.68	640714	1214	3	1	0	0xd43f5e018b415631
stage54_condition_variable	4	10	178615	2375.36	21845.2	86949.4	15629.2	21875.3	13244.6	5731.79	3201.8	7560.56	640711	1213	1	1	0	0xd43f5e018b415631
stage54_condition_variable	4	11	179045	2366.28	22020.9	86758.8	15600.1	22087.3	13338.4	5974.92	3391.56	7338.38	641382	1232	7	1	0	0xd43f5e018b415631
stage54_condition_variable	4	12	179041	2370.99	21864.4	86702.2	15707.3	22200.2	13252.4	5892.59	3239.14	7633.93	641621	1199	2	1	0	0xd43f5e018b415631
stage54_condition_variable	4	13	178050	2385.49	21724.7	86667.6	15548.1	21642.7	13172.1	5826.46	3277.05	7638.52	640234	1206	1	1	0	0xd43f5e018b415631
stage54_condition_variable	4	14	178320	2329.69	21616.6	86569.8	15637	22167.5	13349.3	5737.71	3297.35	7446.72	639813	1200	1	1	0	0xd43f5e018b415631
stage54_condition_variable	4	15	179166	2407.07	21750.2	87070.1	15640.1	22244.5	13198.9	5865.63	3207.1	7613.1	641252	1215	4	1	0	0xd43f5e018b415631
stage54_condition_variable	4	16	181236	2381.03	21785.4	88704	15616.2	21770.6	13902.1	6100.76	3247.26	7551.18	643918	1233	1	1	0	0xd43f5e018b415631
stage54_condition_variable	4	17	179030	2367.9	21815.6	86659.7	15666.1	22165.2	13365.7	6192.8	3273.89	7355.8	642309	1211	1	1	0	0xd43f5e018b415631
stage54_condition_variable	4	18	179027	2411.61	21881.4	86720.6	15625.7	22243.6	13192.5	5894.88	3261.8	7620.85	641229	1206	1	1	0	0xd43f5e018b415631
stage54_condition_variable	4	19	179169	2374.45	22072.9	86755.5	15614.6	21907.5	13491.2	5935.42	3215.59	7622.81	642618	1211	1	1	0	0xd43f5e018b415631
stage54_condition_variable	4	20	178582	2394.36	21753.3	86775.9	15688	21674.7	13425.6	5801.3	3274.84	7619.27	641790	1213	2	1	0	0xd43f5e018b415631
stage54_condition_variable	4	21	178677	2549.45	21731.9	86710.3	15568.1	22146.9	13120	5957.13	3259.35	7424.55	641287	1195	0	1	0	0xd43f5e018b415631
stage54_condition_variable	4	22	179625	2369.28	21848.9	86951.5	15638	22450.5	13259.8	6132.89	3309.76	7444.97	641792	1231	7	1	0	0xd43f5e018b415631
stage54_condition_variable	4	23	179327	2414.11	21931.4	86912.2	15586.8	22263.9	13135	6040.97	3264.72	7612.56	641810	1225	2	1	0	0xd43f5e018b415631
stage54_condition_variable	4	24	178484	2377.74	21934.2	86565.8	15560.2	21899.6	13214.1	5861.05	3269.64	7626.64	640902	1209	0	1	0	0xd43f5e018b415631
stage54_condition_variable	4	25	180668	3347.31	22182.7	86961.6	15656.1	22245.4	13418.7	5809.92	3265.85	7608.1	643370	1234	7	1	0	0xd43f5e018b415631
stage54_condition_variable	4	26	178561	2411.49	21729.6	86833	15749.7	21499.2	13516.6	5838.71	3198.89	7616.14	641058	1203	0	1	0	0xd43f5e018b415631
stage54_condition_variable	4	27	181512	2345.53	21760.1	87319.4	15976.6	23801.8	12977.7	5799.55	3752.11	7608.68	643082	1221	5	1	0	0xd43f5e018b415631
stage54_condition_variable	4	28	179990	2381.78	21964	87029.6	15758.8	22308	13515.6	5920.92	3302.01	7639.31	643292	1217	2	1	0	0xd43f5e018b415631
stage54_condition_variable	4	29	179241	2404.78	21862.2	86686.7	15597.5	22283.9	13148.8	6164.68	3259.68	7660.89	641770	1220	1	1	0	0xd43f5e018b415631
stage54_condition_variable	4	30	178416	2431.28	21728.3	86780.5	15568.5	21591.8	13260.5	5996.42	3302.85	7591.43	641142	1209	0	1	0	0xd43f5e018b415631
stage54_condition_variable	4	31	179197	2313.15	22016.9	86706.2	15802.7	21809.1	13613.5	5926.51	3225.13	7609.72	642456	1217	7	1	0	0xd43f5e018b415631
stage54_condition_variable	4	32	178743	2320.74	21849.3	86758.2	15638.6	22172.9	13156.3	5946.72	3281.01	7445.51	640429	1204	1	1	0	0xd43f5e018b415631
stage54_condition_variable	4	33	181005	2402.24	22041.4	88004.6	15647.3	22227.7	13522.6	6004.8	3325.35	7640.14	643756	1220	4	1	0	0xd43f5e018b415631
stage54_condition_variable	4	34	178659	2316.11	21968.9	86712.5	15641.8	22112.4	13193.1	5842.25	3345.14	7354.17	640989	1220	7	1	0	0xd43f5e018b415631
stage54_condition_variable	4	35	179123	2414.24	21948.9	86596.6	15588.8	22307.5	13333.6	5916.55	3232.55	7612.14	642047	1204	1	1	0	0xd43f5e018b415631
stage54_condition_variable	4	36	178449	2380.53	21619.5	86777.7	15570.4	21494.7	13464.3	6051.26	3287.39	7628.18	640658	1218	7	1	0	0xd43f5e018b415631
stage54_condition_variable	4	37	178573	2307.69	21852.8	86487.7	15644.5	21868.6	13406.6	6003.84	3232.09	7602.77	640861	1211	1	1	0	0xd43f5e018b415631
stage54_condition_variable	4	38	178754	2315.82	21759.2	86703.7	15637	22134.2	13202.9	5973.68	3246.59	7602.52	640712	1213	1	1	0	0xd43f5e018b415631
stage54_condition_variable	4	39	181274	2372.36	21776.8	89152	15672.7	21739.8	13713.3	5850.34	3218.26	7599.64	642823	1212	1	1	0	0xd43f5e018b415631
stage54_condition_variable	4	40	178594	2354.07	21779.8	86932.6	15596.9	22081.9	13221.7	5908.3	3310.76	7232.88	640048	1224	2	1	0	0xd43f5e018b415631
stage54_condition_variable	4	41	179636	2430.24	22144.1	86742.3	15629.5	22256.3	13445.9	5926.97	3293.85	7599.93	643620	1204	1	1	0	0xd43f5e018b415631
stage54_condition_variable	4	42	178400	2439.32	21709.5	86649.9	15723.7	21874.7	13082.3	5801.05	3277.89	7666.6	639613	1213	7	1	0	0xd43f5e018b415631
stage54_condition_variable	4	43	178922	2348.49	22004.4	86662.6	15622.8	21730	13513.3	5937.17	3276.59	7655.1	642172	1215	0	1	0	0xd43f5e018b415631
stage54_condition_variable	4	44	179079	2431.45	22063.4	86738.7	15673.2	21968.9	13254.7	5947.71	3221.8	7602.35	641749	1213	1	1	0	0xd43f5e018b415631
stage54_condition_variable	4	45	178982	2361.4	21990.2	86790.3	15656.9	22192.8	13360.9	5770.55	3352.6	7331.67	640885	1210	5	1	0	0xd43f5e018b415631
stage54_condition_variable	4	46	179679	2379.74	21950.5	86831.7	15579.7	22213.2	13700.2	5930.92	3339.01	7584.93	642170	1218	0	1	0	0xd43f5e018b415631
stage54_condition_variable	4	47	179098	2413.9	21721.8	86768	15682.5	22238.2	13314.5	5917.88	3230.72	7632.22	641289	1211	2	1	0	0xd43f5e018b415631
stage54_condition_variable	4	48	178180	2372.49	21824.6	86493.3	15694.5	21606.5	13218.7	5869.59	3278.89	7647.68	639510	1214	5	1	0	0xd43f5e018b415631
stage54_condition_variable	4	49	179135	2334.15	21815.7	86790.7	15735.3	21974.6	13432.1	6011.05	3295.01	7566.89	642573	1217	0	1	0	0xd43f5e018b415631
stage54_condition_variable	4	50	182143	2374.61	24946.8	86822.8	15589.9	22239.7	13206.9	5867.17	3251.97	7636.14	644401	1220	1	1	0	0xd43f5e018b415631
stage54_condition_variable	4	51	178815	2380.53	22003.3	86717.7	15535.2	21877.3	13379.4	5947.51	3187.3	7615.85	641891	1208	1	1	0	0xd43f5e018b415631
stage54_condition_variable	4	52	179111	2331.99	21827.3	87248.1	15625.7	21793.3	13171.2	6006.59	3316.35	7625.93	640758	1236	0	1	0	0xd43f5e018b415631
stage54_condition_variable	4	53	178221	2328.69	21709.9	86387.8	15819.9	22088	13112.1	5956.34	3341.6	7305.17	638201	1212	6	1	0	0xd43f5e018b415631
stage54_condition_variable	4	54	179485	2423.49	22032.9	86846.2	15596.5	22298.6	13346.1	5875.8	3294.55	7609.85	642882	1214	1	1	0	0xd43f5e018b415631
stage54_condition_variable	4	55	178538	2367.2	21826.6	86782.3	15609.3	21817.8	13235	5876.3	3215.34	7633.14	639951	1204	2	1	0	0xd43f5e018b415631
stage54_condition_variable	4	56	178860	2408.45	21833.4	86738.7	15686.5	21719	13336.2	6123.18	3236.76	7602.93	640628	1208	6	1	0	0xd43f5e018b415631
stage54_condition_variable	4	57	179264	2334.28	22044.3	87046.5	15687.7	21940.4	13119.2	6173.72	3209.55	7540.05	642752	1220	3	1	0	0xd43f5e018b415631
stage54_condition_variable	4	58	178843	2331.99	21887.4	86846.6	15615.7	22103.7	13164.1	5905.34	3254.56	7560.56	640263	1197	0	1	0	0xd43f5e018b415631
stage54_condition_variable	4	59	179346	2382.99	22036.9	86655.7	15652.9	22275.9	13276.1	5997.05	3291.35	7604.64	642391	1213	7	1	0	0xd43f5e018b415631
stage54_condition_variable	4	60	179593	2465.16	22012.1	86537.4	15619.6	22320.6	13631.3	5832.13	3242.59	7757.89	642967	1193	2	1	0	0xd43f5e018b415631
stage54_condition_variable	4	61	181478	2362.74	21784.3	89542.9	15730.7	21720.8	13387.6	5924.51	3231.01	7619.68	643509	1224	3	1	0	0xd43f5e018b415631
stage54_condition_variable	4	62	179506	3510.98	21803.3	86532.1	15684.1	21968.1	12957.2	6017.76	3273.43	7553.1	641047	1193	1	1	0	0xd43f5e018b415631
stage54_condition_variable	4	63	178888	2321.9	21875.9	86583.3	15768.4	22200.3	13192.9	5878.67	3351.39	7544.1	639793	1226	0	1	0	0xd43f5e018b415631
stage54_condition_variable	4	64	179731	2661.33	21934.4	86763.7	15613.8	22248.7	13306.9	6123.93	3295.72	7607.72	642480	1224	2	1	0	0xd43f5e018b415631
stage54_condition_variable	4	65	179583	2392.11	22040.5	87044.5	15647.3	22232.8	13195.2	5956.34	3232.05	7666.64	642330	1221	6	1	0	0xd43f5e018b415631
stage54_condition_variable	4	66	178304	2382.36	21874.7	86612.7	15739.1	21470.8	13399.1	5771.63	3256.3	7617.76	640541	1200	1	1	0	0xd43f5e018b415631
stage54_condition_variable	4	67	179239	2335.32	21860.2	87108.1	15618.5	21736.1	13507.5	6016.01	3242.93	7639.68	642083	1214	6	1	0	0xd43f5e018b415631
stage54_condition_variable	4	68	178869	2318.65	21769.2	86798.6	15713.7	22000	13315.9	5915.13	3260.85	7608.06	640302	1212	2	1	0	0xd43f5e018b415631
stage54_condition_variable	4	69	179295	2401.57	21816	86922.1	15611.9	22185.6	13442.3	5975.72	3390.35	7376.26	641556	1212	1	1	0	0xd43f5e018b415631
stage54_condition_variable	4	70	178399	2393.03	21640.5	86532.1	15585.6	21836.5	13510.8	5887.88	3210.09	7624.1	639408	1200	2	1	0	0xd43f5e018b415631
stage54_condition_variable	4	71	178781	2355.44	21910.7	86630.3	15795.2	21628.3	13447.1	5981.05	3193.05	7663.22	641689	1222	1	1	0	0xd43f5e018b415631
stage54_condition_variable	4	72	181636	2385.32	21708.8	88819.3	15999.6	22171.4	13289.8	6177.6	3281.72	7628.56	644275	1235	0	1	0	0xd43f5e018b415631
stage54_condition_variable	4	73	178608	2440.57	21750.1	86992.2	15556.1	21429.5	13256.4	6147.05	3212.59	7657.47	641831	1208	1	1	0	0xd43f5e018b415631
stage54_condition_variable	4	74	179051	2360.4	21710.6	86846	15683.1	21854.8	13336.5	6171.51	3274.89	7642.93	641442	1233	0	1	0	0xd43f5e018b415631
stage54_condition_variable	4	75	179247	2312.98	21990.1	86963.7	15609.7	22008	13400.7	5978.39	3258.89	7560.68	642631	1224	3	1	0	0xd43f5e018b415631
stage54_condition_variable	4	76	179090	2332.69	21953.5	86779.2	15569.1	22125.6	13340.2	6092.59	3336.26	7387.47	641488	1211	5	1	0	0xd43f5e018b415631
stage54_condition_variable	4	77	178741	2432.41	21785	86401.5	15604.7	22293	13230.3	5912.3	3261.35	7644.81	640172	1199	2	1	0	0xd43f5e018b415631
stage54_condition_variable	4	78	179396	2392.7	21678.1	87402.9	15665.2	21956.2	13501.8	5815.96	3188.72	7616.51	641672	1205	9	1	0	0xd43f5e018b415631
stage54_condition_variable	4	79	178873	2364.19	21730.6	86891	15631.7	21660.7	13575.4	6005.38	3210.26	7634.89	642495	1211	2	1	0	0xd43f5e018b415631
stage54_condition_variable	4	80	179357	2321.28	22122.6	86735.7	15675.9	21792.2	13828.2	5838.71	3264.47	7603.6	642875	1214	2	1	0	0xd43f5e018b415631
stage54_condition_variable	4	81	178603	2372.44	21706.6	86652.5	15555	22099.6	13576.6	5761.75	3351.18	7356.8	641290	1198	1	1	0	0xd43f5e018b415631
stage54_condition_variable	4	82	179342	2392.45	21868.2	86993.4	15598.7	22297.4	13115	5898.96	3284.18	7680.97	641591	1226	8	1	0	0xd43f5e018b415631
stage54_condition_variable	4	83	178548	2374.99	21776.7	86634	15568.2	21927.3	13257.1	5897.76	3231.05	7702.02	640604	1204	2	1	0	0xd43f5e018b415631
stage54_condition_variable	4	84	181135	3418.72	21717.9	87829.9	15645.3	22187.2	13253.8	6051.01	3245.6	7618.06	642930	1203	0	1	0	0xd43f5e018b415631
stage54_condition_variable	4	85	178727	2377.61	21861.1	86869.4	15596.6	21864.8	13287.6	5872.17	3183.59	7640.76	640099	1210	2	1	0	0xd43f5e018b415631
stage54_condition_variable	4	86	178327	2364.36	21819.2	86567.3	15667.7	21815.6	13034.9	5966.09	3297.84	7617.43	640581	1198	1	1	0	0xd43f5e018b415631
stage54_condition_variable	4	87	178816	2326.03	21692.6	86811.8	15643.6	22125.1	13504.2	5781.75	3365.31	7396.97	640667	1213	1	1	0	0xd43f5e018b415631
stage54_condition_variable	4	88	179126	2373.4	21864	86849.6	15679.7	22219.6	13063.3	6045.34	3269.43	7598.01	640826	1218	8	1	0	0xd43f5e018b415631
stage54_condition_variable	4	89	178848	2549.53	21857.5	86810.1	15606.9	21832.6	13351.7	5804.42	3231.13	7639.52	641442	1212	2	1	0	0xd43f5e018b415631
stage54_condition_variable	4	90	178677	2322.9	21843.6	86586.9	15654.3	21732.7	13303.2	6215.43	3241.05	7600.85	639976	1233	6	1	0	0xd43f5e018b415631
stage54_condition_variable	4	91	178542	2303.07	21880.6	86826.2	15661.7	22110.4	13312.5	5831.92	3238.34	7209.88	640352	1208	0	1	0	0xd43f5e018b415631
stage54_condition_variable	4	92	179185	2387.36	21924.4	86573	15664.4	22247.9	13269.5	6046.26	3278.01	7624.35	642329	1202	0	1	0	0xd43f5e018b415631
stage54_condition_variable	4	93	178201	2391.2	21836.3	86813	15581.3	21478.6	13014.3	5886.21	3239.59	7793.6	639003	1203	6	1	0	0xd43f5e018b415631
stage54_condition_variable	4	94	179042	2378.11	21749.8	87096.6	15750.5	21915.3	13206.8	5994.05	3192.14	7594.35	641700	1213	1	1	0	0xd43f5e018b415631
stage54_condition_variable	4	95	182487	2589.37	22487.8	88837.4	15575.4	22249.1	13581.7	6127.85	3281.14	7588.26	646054	1210	0	1	0	0xd43f5e018b415631
stage54_condition_variable	4	96	179501	2386.86	21724.4	86901.1	15666.3	22332.4	13502.7	5957.84	3235.38	7617.6	642216	1218	1	1	0	0xd43f5e018b415631
stage54_condition_variable	4	97	178356	2393.36	21816.7	86680.1	15609.1	21530.5	13324	5892.38	3304.05	7630.56	640162	1215	1	1	0	0xd43f5e018b415631
stage54_condition_variable	4	98	178784	2340.03	21892.8	86351.3	15761.4	21858.4	13561.3	6040.34	3233.05	7577.1	641350	1211	0	1	0	0xd43f5e018b415631
stage54_condition_variable	4	99	178938	2346.36	21689.6	86945.9	15528.8	22170.5	13369.5	6069.34	3313.26	7329.3	641443	1224	5	1	0	0xd43f5e018b415631
stage54_epoch_spin	0	0	165854	2176.27	19593.4	82378.5	15378.2	21421.1	10904.4	3979.78	2403.53	7539.72	837716	0	2	1	0	0xd43f5e018b415631
stage54_epoch_spin	0	1	165656	2222.98	19700.5	82349.2	15202.5	21465.1	11089.2	3791.61	2441.28	7305.13	821491	0	3	1	0	0xd43f5e018b415631
stage54_epoch_spin	0	2	166932	2346.4	19881.9	82783.1	15111.9	21805.5	10991.7	3996.99	2389.4	7540.85	838457	0	8	1	0	0xd43f5e018b415631
stage54_epoch_spin	0	3	168591	2178.23	19691.5	84999.9	15158.7	21351.8	11114.8	4023.83	2428.07	7558.51	840581	0	0	1	0	0xd43f5e018b415631
stage54_epoch_spin	0	4	165746	2174.4	19539.3	82365.5	15205.1	21437.9	11118.9	3889.86	2397.98	7534.14	837674	0	1	1	0	0xd43f5e018b415631
stage54_epoch_spin	0	5	165611	2151.98	19704	82239	15146.6	21595.7	10754.1	3880.74	2509.41	7549.39	821603	0	0	1	0	0xd43f5e018b415631
stage54_epoch_spin	0	6	165440	2267.32	19635	82396	15180.4	21064.1	11071.7	3831.53	2389.41	7520.55	837351	0	1	1	0	0xd43f5e018b415631
stage54_epoch_spin	0	7	166036	2129.73	19618.7	82386.3	15153.8	21712.4	10944.8	3982.91	2491.7	7533.64	821868	0	3	1	0	0xd43f5e018b415631
stage54_epoch_spin	0	8	165647	2206.44	19560.7	82689.4	15160.4	21103.8	10934.9	3966.99	2387.28	7552.51	837397	0	7	1	0	0xd43f5e018b415631
stage54_epoch_spin	0	9	166159	2137.48	19704.3	82516	15179	21660.1	10899.7	3933.61	2526.07	7518.72	821940	0	2	1	0	0xd43f5e018b415631
stage54_epoch_spin	0	10	165404	2185.73	19622.6	82467.7	15173.4	21070.2	11055.9	3821.15	2396.15	7525.26	837075	0	7	1	0	0xd43f5e018b415631
stage54_epoch_spin	0	11	166133	2153.77	19713.2	82506.3	15139.3	21750.5	10955.4	3849.03	2445.78	7538.76	822083	0	1	1	0	0xd43f5e018b415631
stage54_epoch_spin	0	12	165330	2202.48	19537.3	82443.4	15151.9	21160.4	11026	3807.15	2393.95	7524.18	837296	0	1	1	0	0xd43f5e018b415631
stage54_epoch_spin	0	13	166267	2134.23	19753.3	82561.3	15175.2	21711.7	11104.3	3779.11	2431.74	7533.43	822204	0	1	1	0	0xd43f5e018b415631
stage54_epoch_spin	0	14	166088	2261.15	19615.2	82196.2	15368.9	21461	11275.9	3816.36	2480.24	7526.39	837853	0	8	1	0	0xd43f5e018b415631
stage54_epoch_spin	0	15	169035	2139.56	19673.2	84519.2	15639.6	21671.4	11430.5	3927.19	2438.65	7515.8	841031	0	0	1	0	0xd43f5e018b415631
stage54_epoch_spin	0	16	165218	2188.52	19582.9	82114.6	15197.3	21322.2	10911.6	3848.82	2414.03	7552.72	821152	0	1	1	0	0xd43f5e018b415631
stage54_epoch_spin	0	17	166098	2205.86	19739	82343.8	15133.7	21813.7	10916.8	3858.94	2420.86	7585.3	838087	0	0	1	0	0xd43f5e018b415631
stage54_epoch_spin	0	18	165619	2205.52	19463.3	82568.3	15184.3	21340.3	10954.3	3945.11	2389.7	7484.89	821572	0	1	1	0	0xd43f5e018b415631
stage54_epoch_spin	0	19	166198	2195.81	19698.9	82292	15174	21818.5	10927.4	4022.53	2422.44	7559.8	838118	0	1	1	0	0xd43f5e018b415631
stage54_epoch_spin	0	20	166850	2176.48	20573.9	82425.2	15345.5	21405.1	11094.1	3771.48	2390.57	7587.14	838620	0	8	1	0	0xd43f5e018b415631
stage54_epoch_spin	0	21	165918	2566.07	19692.9	82723.7	15210.6	21365.7	10730.3	3893.03	2388.44	7265.59	821857	0	1	1	0	0xd43f5e018b415631
stage54_epoch_spin	0	22	166923	2182.36	19719.9	82858.7	15173.6	21851.4	11028.4	4021.37	2416.28	7586.76	838630	0	7	1	0	0xd43f5e018b415631
stage54_epoch_spin	0	23	165784	2237.94	19772	82444.6	15221.3	21112.9	11138.8	3831.32	2394.52	7544.55	837751	0	0	1	0	0xd43f5e018b415631
stage54_epoch_spin	0	24	165886	2128.19	19571.1	82264.6	15128.5	21902.3	10864.4	3977.16	2425.57	7540.72	821828	0	1	1	0	0xd43f5e018b415631
stage54_epoch_spin	0	25	165513	2201.81	19425.3	82413.2	15187.2	21184.7	11188.2	3919.86	2382.36	7526.89	821392	0	2	1	0	0xd43f5e018b415631
stage54_epoch_spin	0	26	166737	2232.11	19811.7	82693.3	15176.6	21640.5	11287	3829.73	2465.61	7516.72	822420	0	2	1	0	0xd43f5e018b415631
stage54_epoch_spin	0	27	169605	2540.82	19625.6	84681.4	15665.1	21834.5	11317.4	3884.9	2409.94	7564.39	857385	0	6	1	0	0xd43f5e018b415631
stage54_epoch_spin	0	28	165840	2330.48	19670.3	82431.9	15231.2	21547.9	10884.6	3813.45	2384.7	7462.47	821769	0	1	1	0	0xd43f5e018b415631
stage54_epoch_spin	0	29	166556	2640.74	19682.9	82310.3	15169.8	21796.8	11035	3857.11	2443.99	7538.51	838545	0	0	1	0	0xd43f5e018b415631
stage54_epoch_spin	0	30	165917	2250.86	19589.8	82527.4	15126	21381.7	10989.5	3962.61	2368.65	7634.35	821700	0	3	1	0	0xd43f5e018b415631
stage54_epoch_spin	0	31	166082	2184.56	19545.2	82464.9	15113.4	21882.1	10884.1	3980.7	2395.95	7549.93	838069	0	0	1	0	0xd43f5e018b415631
stage54_epoch_spin	0	32	165467	2317.9	19644.4	82092.2	15213.3	21239	11136.4	3825.4	2396.36	7516.64	821229	0	3	1	0	0xd43f5e018b415631
stage54_epoch_spin	0	33	166698	2192.81	19651.6	82677.4	15184	21772.1	11112	4033.37	2431.15	7560.72	838177	0	9	1	0	0xd43f5e018b415631
stage54_epoch_spin	0	34	165393	2278.4	19521	82359.1	15172.4	21076.7	11162.3	3797.23	2398.15	7545.34	837056	0	7	1	0	0xd43f5e018b415631
stage54_epoch_spin	0	35	166104	2133.73	19572.8	82390.7	15178.3	21751.1	11110.1	3853.07	2455.36	7577.35	822035	0	1	1	0	0xd43f5e018b415631
stage54_epoch_spin	0	36	165366	2177.31	19649.8	82451.6	15202.1	21134.7	10989.5	3775.86	2382.9	7518.18	821382	0	0	1	0	0xd43f5e018b415631
stage54_epoch_spin	0	37	168023	4417.67	19687.7	82510	15157.2	21445	11013.6	3763.44	2409.61	7532.05	839840	0	3	1	0	0xd43f5e018b415631
stage54_epoch_spin	0	38	165993	2355.74	19574.4	82238	15207.5	21769.7	10840.9	3813.69	2587.54	7520.76	821730	0	3	1	0	0xd43f5e018b415631
stage54_epoch_spin	0	39	168328	2279.73	19825.7	82297	15303.9	23379.6	11243.8	4001.74	2375.9	7537.84	840153	0	6	1	0	0xd43f5e018b415631
stage54_epoch_spin	0	40	165319	2265.11	19616.4	82321.3	15335.9	20990	11049.6	3734.82	2382.19	7540.14	837245	0	1	1	0	0xd43f5e018b415631
stage54_epoch_spin	0	41	165828	2128.77	19483.6	82264.9	15196.9	21691	10873.8	4092.12	2479.32	7532.18	821823	0	0	1	0	0xd43f5e018b415631
stage54_epoch_spin	0	42	165681	2181.4	19699.4	82781	15211.3	21007	10992.1	3789.19	2390.23	7548.43	837476	0	4	1	0	0xd43f5e018b415631
stage54_epoch_spin	0	43	166026	2205.44	19586.7	82496.8	15145.5	21692.4	10721.1	4026.62	2521.82	7546.01	821904	0	2	1	0	0xd43f5e018b415631
stage54_epoch_spin	0	44	166152	2342.15	19664.7	82453.7	15235.4	21415.6	11081.6	3923.95	2399.9	7554.64	837992	0	2	1	0	0xd43f5e018b415631
stage54_epoch_spin	0	45	165794	2141.31	19520.5	82366.1	15307.1	21544	10932.9	3945.11	2423.11	7529.51	821573	0	8	1	0	0xd43f5e018b415631
stage54_epoch_spin	0	46	165870	2209.31	19846.2	82458	15215.6	21379.5	11026.7	3746.11	2382.28	7525.01	837473	0	7	1	0	0xd43f5e018b415631
stage54_epoch_spin	0	47	165693	2132.81	19579.4	82518.5	15165.6	21596.3	10846	3781.94	2447.74	7543.34	821687	0	0	1	0	0xd43f5e018b415631
stage54_epoch_spin	0	48	166257	2233.73	19746.9	82544.1	15184.2	21400.1	11038.8	4053.58	2441.28	7529.34	838189	0	1	1	0	0xd43f5e018b415631
stage54_epoch_spin	0	49	165605	2132.64	19638.7	82505.2	15159.3	21406.3	10981.8	3876.78	2420.69	7398.76	821483	0	2	1	0	0xd43f5e018b415631
stage54_epoch_spin	0	50	167027	2221.23	19644.7	83154.9	15241.1	21892.3	10977.4	3825.57	2457.74	7528.47	839896	0	32	1	0	0xd43f5e018b415631
stage54_epoch_spin	0	51	165695	2741.83	19553.6	82325.4	15143.6	21022.2	11119.9	3774.57	2398.86	7536.01	834708	0	15	1	0	0xd43f5e018b415631
stage54_epoch_spin	0	52	168707	3253.8	19718.4	83983.8	15302.9	21427.7	11099.1	3869.9	2387.74	7582.43	840634	0	1	1	0	0xd43f5e018b415631
stage54_epoch_spin	0	53	165756	2137.19	19632.5	82381.5	15185.3	21517.1	10998.2	3933.82	2402.78	7486.43	821745	0	0	1	0	0xd43f5e018b415631
stage54_epoch_spin	0	54	166647	2295.53	19765.1	82510.1	15118.7	21814	11039.8	4020.32	2434.74	7566.93	838594	0	1	1	0	0xd43f5e018b415631
stage54_epoch_spin	0	55	165557	2181.15	19643.7	82282.3	15211.8	21275.6	11160.7	3838.53	2389.86	7488.47	821508	0	1	1	0	0xd43f5e018b415631
stage54_epoch_spin	0	56	166271	2160.15	19621.3	82510.4	15116.3	21842.3	11140.2	3831.82	2411.19	7556.26	838027	0	3	1	0	0xd43f5e018b415631
stage54_epoch_spin	0	57	165682	2178.73	19591.4	82583.8	15220.5	21218.9	11006.3	3930.28	2386.32	7481.26	821561	0	6	1	0	0xd43f5e018b415631
stage54_epoch_spin	0	58	166664	2134.56	19717.4	82656.5	15292.7	21806	10895.4	4156.04	2415.78	7506.39	822309	0	8	1	0	0xd43f5e018b415631
stage54_epoch_spin	0	59	166102	2216.56	19632.7	82472.3	15285.8	21462	11164.1	3828.24	2425.78	7531.76	837983	0	2	1	0	0xd43f5e018b415631
stage54_epoch_spin	0	60	165548	2133.94	19512.1	82530.4	15110.9	21532.8	10830.4	3866.15	2405.7	7540.34	821539	0	0	1	0	0xd43f5e018b415631
stage54_epoch_spin	0	61	166031	2297.57	19696.5	82225	15230.7	21338.2	11147	4040.16	2447.19	7523.76	837860	0	3	1	0	0xd43f5e018b415631
stage54_epoch_spin	0	62	165692	2134.35	19668.8	82515.4	15151.6	21481.7	10886.6	3929.07	2385.28	7454.01	821235	0	4	1	0	0xd43f5e018b415631
stage54_epoch_spin	0	63	165912	2180.94	19676.7	82267	15187.6	21404.3	11200.1	3976.28	2397.61	7538.51	837787	0	6	1	0	0xd43f5e018b415631
stage54_epoch_spin	0	64	168929	2152.64	19621.6	84895.8	15147.1	21915.1	11188.9	3881.78	2501.08	7540.3	840867	0	1	1	0	0xd43f5e018b415631
stage54_epoch_spin	0	65	165636	2230.48	19557.7	82616.9	15179.1	21230.9	10993.9	3829.36	2408.99	7503.22	821590	0	1	1	0	0xd43f5e018b415631
stage54_epoch_spin	0	66	166041	2160.4	19598.5	82449.1	15108.3	21842.3	10946.8	3813.74	2385.9	7654.64	821982	0	1	1	0	0xd43f5e018b415631
stage54_epoch_spin	0	67	165706	2173.9	19759.5	82418.8	15136.3	21098.7	11105.9	3993.41	2403.11	7535.64	837694	0	0	1	0	0xd43f5e018b415631
stage54_epoch_spin	0	68	166070	2447.95	19523.3	82358.4	15168	21704.4	11002.4	3768.69	2447.69	7563.72	821928	0	2	1	0	0xd43f5e018b415631
stage54_epoch_spin	0	69	165620	2303.36	19644	82468.3	15145.1	21088.5	11180.8	3765.24	2397.53	7542.18	837609	0	0	1	0	0xd43f5e018b415631
stage54_epoch_spin	0	70	166572	2132.48	19585.7	83114.1	15279.5	21501.2	11405.2	3793.53	2386.57	7290.5	821931	0	13	1	0	0xd43f5e018b415631
stage54_epoch_spin	0	71	165788	2219.69	19653.9	82423.6	15237.2	21371.5	11070.7	3763.9	2398.15	7565.8	837773	0	0	1	0	0xd43f5e018b415631
stage54_epoch_spin	0	72	165960	2145.52	19552.5	82427.2	15139.2	21516.5	11453.4	4070.33	2390.23	7183.21	821892	0	1	1	0	0xd43f5e018b415631
stage54_epoch_spin	0	73	165072	2173.02	19645.7	82153	15245.2	20990.4	11058.8	3758.28	2386.69	7573.89	836939	0	2	1	0	0xd43f5e018b415631
stage54_epoch_spin	0	74	166337	2176.94	19778.6	82444.4	15253.2	21580.9	11214.3	3905.28	2426.99	7473.88	822057	0	2	1	0	0xd43f5e018b415631
stage54_epoch_spin	0	75	165865	2193.02	19603.5	82526	15170.7	21402.7	11088.3	3803.36	2409.32	7583.22	837857	0	0	1	0	0xd43f5e018b415631
stage54_epoch_spin	0	76	169663	2213.52	19561.9	85477.9	15205.9	21654.4	11338.6	4069.87	2484.66	7574.84	841315	0	8	1	0	0xd43f5e018b415631
stage54_epoch_spin	0	77	166170	2221.94	19883.7	82478.9	15195	21359.1	11003.2	3941.74	2430.07	7575.22	838156	0	0	1	0	0xd43f5e018b415631
stage54_epoch_spin	0	78	165672	2131.69	19682.6	82305.6	15154.9	21514.3	11036	3882.74	2390.9	7490.38	821659	0	0	1	0	0xd43f5e018b415631
stage54_epoch_spin	0	79	165736	2200.81	19527	82535.9	15229.9	21404.5	10885.6	3925.12	2393.9	7548.01	837607	0	2	1	0	0xd43f5e018b415631
stage54_epoch_spin	0	80	165820	2140.27	19663.4	82373.3	15162.7	21687.2	10946	3818.07	2394.86	7551.26	821683	0	2	1	0	0xd43f5e018b415631
stage54_epoch_spin	0	81	165743	2256.15	19652.7	82420.4	15237.7	21342.4	11030.7	3782.9	2389.74	7550.51	837727	0	0	1	0	0xd43f5e018b415631
stage54_epoch_spin	0	82	165994	2206.31	19805.2	82505.7	15171.1	21472.4	11073.7	4058.87	2395.44	7221.79	821460	0	14	1	0	0xd43f5e018b415631
stage54_epoch_spin	0	83	165665	2193.19	19485.2	82241.4	15263.2	21450.6	11275.6	3734.61	2394.94	7540.43	837605	0	1	1	0	0xd43f5e018b415631
stage54_epoch_spin	0	84	165598	2231.69	19587.6	82299.3	15132.9	21539.2	10938.5	3822.19	2435.24	7530.47	821569	0	0	1	0	0xd43f5e018b415631
stage54_epoch_spin	0	85	165951	2257.69	19650.2	82338.1	15218.2	21495.7	10933.5	4035.82	2406.4	7532.47	837882	0	1	1	0	0xd43f5e018b415631
stage54_epoch_spin	0	86	166018	2171.56	19549.6	82968.3	15172.8	21521.2	10989	3876.9	2394.65	7290.92	821671	0	4	1	0	0xd43f5e018b415631
stage54_epoch_spin	0	87	166718	2462.53	19722.9	82390	15140.8	21909.8	11024.3	4021.24	2416.95	7543.22	838550	0	2	1	0	0xd43f5e018b415631
stage54_epoch_spin	0	88	168922	3347.89	22150.9	82470.2	15277.7	21355.6	10815.8	3751.06	2391.48	7277.75	840660	0	8	1	0	0xd43f5e018b415631
stage54_epoch_spin	0	89	165610	2196.94	19617.5	82381.3	15293.9	21361.3	11005.7	3734.31	2387.15	7551.55	837599	0	0	1	0	0xd43f5e018b415631
stage54_epoch_spin	0	90	166811	3902.95	19535.2	82359.4	15195.4	21137	10974.7	3720.65	2402.53	7500.59	822761	0	1	1	0	0xd43f5e018b415631
stage54_epoch_spin	0	91	166485	2138.98	19686.4	82578.6	15181.9	21769.2	11049.1	3834.73	2532.91	7628.55	822371	0	2	1	0	0xd43f5e018b415631
stage54_epoch_spin	0	92	165654	2298.98	19602.7	82455	15212.7	21110.5	10891.8	3989.41	2418.9	7592.3	837498	0	2	1	0	0xd43f5e018b415631
stage54_epoch_spin	0	93	166174	2303.27	19672	82597.6	15129.4	21664.7	10885.8	3841.49	2440.57	7552.47	822057	0	2	1	0	0xd43f5e018b415631
stage54_epoch_spin	0	94	166098	2203.81	19503.4	82619.9	15221.3	21420.7	11113.8	3934.36	2436.45	7560.18	837654	0	13	1	0	0xd43f5e018b415631
stage54_epoch_spin	0	95	165568	2135.27	19617.5	82372.3	15176.6	21520.4	10874.1	3945.78	2399.32	7446.34	821493	0	1	1	0	0xd43f5e018b415631
stage54_epoch_spin	0	96	165217	2360.94	19591.9	82436.8	15208.7	21009	10873.5	3724.56	2383.49	7545.09	837142	0	1	1	0	0xd43f5e018b415631
stage54_epoch_spin	0	97	165776	2131.19	19603	82197.1	15145.1	21755.6	10974	3890.61	2440.78	7557.43	821719	0	1	1	0	0xd43f5e018b415631
stage54_epoch_spin	0	98	165672	2176.98	19502.8	82427.9	15206.1	21095.5	11117	4142.37	2383.78	7535.26	837081	0	4	1	0	0xd43f5e018b415631
stage54_epoch_spin	0	99	166254	2340.32	19758.4	82503.6	15203.7	21684.8	10773.4	3830.86	2479.57	7599.18	822252	0	0	1	0	0xd43f5e018b415631
stage54_epoch_spin	1	0	167855	2179.77	19628.2	82496.6	15105	23853.6	10809.9	3772.53	2395.61	7528.22	839684	0	7	1	0	0xd43f5e018b415631
stage54_epoch_spin	1	1	165333	2175.94	19615.1	82316.8	15182.5	21091.2	10993.4	3912.91	2402.91	7557.18	837315	0	0	1	0	0xd43f5e018b415631
stage54_epoch_spin	1	2	166014	2134.69	19566.4	82430.1	15138.6	21777.5	10923.6	3985.11	2427.49	7549.14	822008	0	0	1	0	0xd43f5e018b415631
stage54_epoch_spin	1	3	165513	2286.69	19515.1	82505.9	15160.4	21139.8	11076.9	3858.86	2390.78	7493.47	837302	0	4	1	0	0xd43f5e018b415631
stage54_epoch_spin	1	4	166392	2153.56	19677.8	82483.6	15208.3	21772.2	11105.1	3948.32	2427.15	7530.43	822250	0	2	1	0	0xd43f5e018b415631
stage54_epoch_spin	1	5	165375	2277.02	19630	82407.8	15127.1	21116.7	10897.6	3930.61	2388.32	7517.59	837358	0	0	1	0	0xd43f5e018b415631
stage54_epoch_spin	1	6	166571	2144.94	19696.3	82630.6	15188.1	21649.3	11080.7	4170.79	2443.74	7487.09	822270	0	7	1	0	0xd43f5e018b415631
stage54_epoch_spin	1	7	166753	2662.41	19566.4	82631.4	15097.4	21876.2	10913.6	3968.12	2389.15	7566.43	838451	0	7	1	0	0xd43f5e018b415631
stage54_epoch_spin	1	8	164931	2178.69	19485.5	82321.3	15209.5	21320.1	10861	3868.12	2401.78	7201.62	820925	0	0	1	0	0xd43f5e018b415631
stage54_epoch_spin	1	9	166240	2185.35	19768.1	82330.3	15254.6	21827.2	10796	4001.91	2448.03	7547.26	838168	0	1	1	0	0xd43f5e018b415631
stage54_epoch_spin	1	10	166185	2524.49	19680.2	82717.1	15193	21212.7	11006.7	3843.86	2386.82	7534.64	822035	0	3	1	0	0xd43f5e018b415631
stage54_epoch_spin	1	11	166025	2141.48	19565.4	82576.3	15121.2	21845.5	10920.3	3802.02	2407.19	7564.09	821897	0	2	1	0	0xd43f5e018b415631
stage54_epoch_spin	1	12	168642	2281.48	19659.7	84842.5	15221.6	21293.5	11474.5	3942.4	2440.78	7405.84	840573	0	1	1	0	0xd43f5e018b415631
stage54_epoch_spin	1	13	166457	2195.31	19539.2	82704.1	15337.6	21469.7	11151	3986.86	2436.07	7554.05	838026	0	7	1	0	0xd43f5e018b415631
stage54_epoch_spin	1	14	165291	2135.35	19658.4	82181.8	15208.6	21363	11208.5	3791.07	2443.86	7217.88	821286	0	0	1	0	0xd43f5e018b415631
stage54_epoch_spin	1	15	166623	2182.48	19570	82996.9	15159	21929	10884.6	3822.03	2435.49	7561.93	838216	0	3	1	0	0xd43f5e018b415631
stage54_epoch_spin	1	16	165491	2187.31	19540.1	82389.9	15189.8	21304.2	10878.6	3923.78	2388.48	7559.55	821416	0	1	1	0	0xd43f5e018b415631
stage54_epoch_spin	1	17	166125	2179.44	19569	82352.9	15143.7	21852	10938.2	4034.03	2424.32	7550.59	838062	0	1	1	0	0xd43f5e018b415631
stage54_epoch_spin	1	18	165772	2215.31	19473.5	82432.8	15196.7	21545.1	11200.7	3745.86	2386.4	7491.3	821395	0	7	1	0	0xd43f5e018b415631
stage54_epoch_spin	1	19	166332	2150.23	19787.7	82493.2	15158.8	21790.5	11063.2	3821.07	2431.11	7551.93	838183	0	6	1	0	0xd43f5e018b415631
stage54_epoch_spin	1	20	165491	2338.32	19574.9	82462.5	15240.6	21129	10862.9	3889.86	2405.07	7504.13	821446	0	1	1	0	0xd43f5e018b415631
stage54_epoch_spin	1	21	166035	2125.94	19595.6	82511	15222.9	21698.5	10987.1	3775.9	2494.03	7538.34	821863	0	2	1	0	0xd43f5e018b415631
stage54_epoch_spin	1	22	166339	2345.61	19594.2	82604.4	15439.2	21473.6	11046.9	3801.36	2383.32	7563.89	837948	0	4	1	0	0xd43f5e018b415631
stage54_epoch_spin	1	23	165762	2132.98	19704.4	82307.3	15110.4	21623.8	10999	3867.7	2396.99	7531.8	821760	0	0	1	0	0xd43f5e018b415631
stage54_epoch_spin	1	24	168057	2197.02	19574.2	84509.6	15752.9	21270.2	11174.6	3863.87	2400.48	7232.67	839988	0	1	1	0	0xd43f5e018b415631
stage54_epoch_spin	1	25	165824	2178.73	19599.2	82360.7	15180.1	21601.3	10941.2	3882.15	2439.15	7559.89	837684	0	6	1	0	0xd43f5e018b415631
stage54_epoch_spin	1	26	165658	2128.23	19643.5	82243.6	15137.2	21627.6	10964.5	3898.61	2384.02	7547.26	821655	0	0	1	0	0xd43f5e018b415631
stage54_epoch_spin	1	27	165340	2205.73	19656.8	82335.2	15164.4	20960.7	11098.7	3803.11	2386.15	7644.43	837093	0	4	1	0	0xd43f5e018b415631
stage54_epoch_spin	1	28	166156	2149.98	19696.2	82426.6	15218.5	21745.3	10815.3	3951.91	2481.11	7585.64	822017	0	2	1	0	0xd43f5e018b415631
stage54_epoch_spin	1	29	165250	2327.9	19667.9	82314.3	15171.8	21016.2	10986.5	3792.07	2388.07	7502.26	837233	0	0	1	0	0xd43f5e018b415631
stage54_epoch_spin	1	30	166317	2189.81	19620.7	82260.3	15318.9	21706.5	11052.1	4123.33	2438.49	7523.63	822017	0	7	1	0	0xd43f5e018b415631
stage54_epoch_spin	1	31	165497	2192.1	19592.4	82395.6	15254.2	21123.3	10989	3938.78	2386.86	7542.68	837299	0	7	1	0	0xd43f5e018b415631
stage54_epoch_spin	1	32	166098	2135.31	19458.9	82531.4	15197	21696.8	11021.8	3933.95	2497.24	7543.43	821946	0	2	1	0	0xd43f5e018b415631
stage54_epoch_spin	1	33	165450	2290.02	19623.6	82327.9	15208.2	21042.9	11079.7	3783.69	2400.53	7612.14	837295	0	2	1	0	0xd43f5e018b415631
stage54_epoch_spin	1	34	166003	2126.02	19560.9	82528	15241.2	21699.6	10868	3878.82	2476.9	7539.43	821860	0	2	1	0	0xd43f5e018b415631
stage54_epoch_spin	1	35	166099	2187.06	19665.9	82293.4	15285.7	21442.7	11221.9	3955.95	2403.15	7559.84	837969	0	2	1	0	0xd43f5e018b415631
stage54_epoch_spin	1	36	168664	2136.56	19675.4	82179.9	17029.3	22463.3	11034.5	4018.66	2454.94	7558.97	839396	0	1	1	0	0xd43f5e018b415631
stage54_epoch_spin	1	37	165975	2252.44	19677.6	82514.1	15319	21264.2	11055.7	3948.16	2366.11	7492.55	821799	0	7	1	0	0xd43f5e018b415631
stage54_epoch_spin	1	38	166249	2260.65	19627.9	82265	15178.3	21795.9	11127.4	3903.91	2433.57	7570.64	822198	0	1	1	0	0xd43f5e018b415631
stage54_epoch_spin	1	39	166177	2182.4	19860.7	82335	15229.1	21661.7	10856.7	4020.03	2391.74	7555.09	838030	0	3	1	0	0xd43f5e018b415631
stage54_epoch_spin	1	40	165747	2131.19	19697.7	82282.2	15164.1	21654.5	10737.8	3948.11	2517.36	7530.76	821674	0	1	1	0	0xd43f5e018b415631
stage54_epoch_spin	1	41	166190	2248.9	19690.8	82713.9	15262	21553.7	10806.1	3889.49	2399.52	7541.88	837696	0	3	1	0	0xd43f5e018b415631
stage54_epoch_spin	1	42	165735	2129.52	19596.8	82320	15214.7	21598.5	10737	3977.16	2569.36	7510.26	821553	0	2	1	0	0xd43f5e018b415631
stage54_epoch_spin	1	43	166179	2296.65	19456.9	82779.9	15292.1	21393	11133.7	3755.49	2426.61	7564.13	837838	0	11	1	0	0xd43f5e018b415631
stage54_epoch_spin	1	44	165380	2137.44	19540.9	82345	15155.3	21625.1	10749.7	3812.86	2391.24	7536.18	821325	0	1	1	0	0xd43f5e018b415631
stage54_epoch_spin	1	45	165242	2198.94	19481.8	82409.2	15201.9	21107.5	11033.4	3817.61	2392.28	7513.34	837055	0	3	1	0	0xd43f5e018b415631
stage54_epoch_spin	1	46	165989	2143.56	19635.5	82689.2	15140.1	21790.2	10749.9	3789.86	2428.53	7540.88	821714	0	2	1	0	0xd43f5e018b415631
stage54_epoch_spin	1	47	165292	2197.61	19636.9	82348.2	15194.8	21180	10973.4	3787.44	2395.53	7495.13	821297	0	0	1	0	0xd43f5e018b415631
stage54_epoch_spin	1	48	166572	2225.48	19686.4	82441.1	15169.3	21721.9	10970	4068.61	2427.74	7779.93	822461	0	2	1	0	0xd43f5e018b415631
stage54_epoch_spin	1	49	165314	2761.54	19492	82136.5	15280.8	20914.4	10948.3	3760.4	2397.61	7539.47	837192	0	1	1	0	0xd43f5e018b415631
stage54_epoch_spin	1	50	166137	2135.85	19707.8	82507.2	15203.3	21659	10878.1	3851.9	2574.82	7536.43	821998	0	6	1	0	0xd43f5e018b415631
stage54_epoch_spin	1	51	165429	2168.4	19559.9	82344.3	15191.7	21108.8	11095.5	3885.24	2460.36	7530.93	837292	0	2	1	0	0xd43f5e018b415631
stage54_epoch_spin	1	52	165901	2131.85	19471.5	82329.3	15136	21796	10958	3998.83	2425.03	7572.88	821780	0	2	1	0	0xd43f5e018b415631
stage54_epoch_spin	1	53	165548	2304.98	19547.5	82503.8	15150.8	21216.4	11035.2	3749.36	2395.15	7559.8	837382	0	2	1	0	0xd43f5e018b415631
stage54_epoch_spin	1	54	166254	2127.81	19661.9	82442.4	15174.6	21773.5	11236.2	3751.61	2435.53	7533.3	822070	0	3	1	0	0xd43f5e018b415631
stage54_epoch_spin	1	55	166259	2410.74	19639.2	82643.5	15229.5	21398.4	10990.7	3917.69	2391.78	7556.93	838055	0	5	1	0	0xd43f5e018b415631
stage54_epoch_spin	1	56	165973	2132.14	19739.2	82545.1	15275.9	21483.2	11004.2	4009.24	2397.24	7301.71	821674	0	8	1	0	0xd43f5e018b415631
stage54_epoch_spin	1	57	165660	2171.44	19527.8	82305.8	15203.7	21440	11040.6	3959.36	2392.11	7539.38	837586	0	1	1	0	0xd43f5e018b415631
stage54_epoch_spin	1	58	165976	3266.89	19451.3	82299.6	15218.8	21346.7	10856.6	3810.73	2386.65	7255.83	821727	0	3	1	0	0xd43f5e018b415631
stage54_epoch_spin	1	59	165036	2276.15	19591.3	82421.6	15172.2	20943.9	10838.9	3781.99	2383.44	7545.3	836907	0	2	1	0	0xd43f5e018b415631
stage54_epoch_spin	1	60	166268	2153.27	19609	82507.7	15153.3	21626.2	11041.1	4153.62	2419.53	7521.3	822266	0	0	1	0	0xd43f5e018b415631
stage54_epoch_spin	1	61	168078	2267.52	19656.1	85032.1	15197.9	21317.6	10949.3	3879.48	2507.32	7181.33	839941	0	2	1	0	0xd43f5e018b415631
stage54_epoch_spin	1	62	166220	2179.56	19623.7	82319.1	15334.7	21378.6	11379.1	3945.44	2432.78	7546.76	838105	0	6	1	0	0xd43f5e018b415631
stage54_epoch_spin	1	63	165285	2142.94	19681.1	82337.9	15199.9	21444.2	10845.1	3814.19	2390.74	7343.79	821218	0	1	1	0	0xd43f5e018b415631
stage54_epoch_spin	1	64	165963	2298.82	19606.9	82409.7	15244.6	21380.4	11088	3857.07	2433.36	7563.09	837767	0	3	1	0	0xd43f5e018b415631
stage54_epoch_spin	1	65	165567	2157.52	19607.6	82289.6	15156.3	21563	10932.1	3842.9	2389.07	7546.59	821486	0	1	1	0	0xd43f5e018b415631
stage54_epoch_spin	1	66	166073	2313.78	19698.7	82386.5	15264.9	21381.6	11102.2	3883.82	2402.74	7557.38	837876	0	2	1	0	0xd43f5e018b415631
stage54_epoch_spin	1	67	166899	2137.1	19955.6	82582.2	15194.2	21932.1	10971.5	4089.7	2411.98	7538.38	838372	0	10	1	0	0xd43f5e018b415631
stage54_epoch_spin	1	68	166382	2137.39	19735	82643.8	15245.3	21666.5	10994.9	3794.86	2537.45	7545.68	822258	0	7	1	0	0xd43f5e018b415631
stage54_epoch_spin	1	69	165469	2334.11	19753.8	82180.1	15232.3	20961.1	11068.3	3922.07	2376.61	7555.09	837266	0	2	1	0	0xd43f5e018b415631
stage54_epoch_spin	1	70	165915	2140.27	19616.9	82418.2	15132.8	21769.9	10862.1	3820.44	2494.03	7574.93	821619	0	5	1	0	0xd43f5e018b415631
stage54_epoch_spin	1	71	166192	2262.77	19580.8	82544.8	15204.8	21511.9	11241.6	3838.94	2383.2	7540.13	837881	0	1	1	0	0xd43f5e018b415631
stage54_epoch_spin	1	72	165879	2141.85	19657.1	82400.1	15153.5	21533.9	10981.1	3984.49	2379.82	7561.22	821871	0	0	1	0	0xd43f5e018b415631
stage54_epoch_spin	1	73	168632	2223.23	19455	85131.4	15169.4	21313.5	11451.8	3818.19	2440.32	7543.55	840502	0	2	1	0	0xd43f5e018b415631
stage54_epoch_spin	1	74	166219	2132.14	19751	82519.9	15195.9	21788.1	10933.8	3793.65	2440.53	7582.55	822100	0	6	1	0	0xd43f5e018b415631
stage54_epoch_spin	1	75	165328	2214.11	19683	82306.8	15196.3	21166.7	11033	3711.27	2395.73	7535.97	821208	0	2	1	0	0xd43f5e018b415631
stage54_epoch_spin	1	76	166747	2251.23	19790.7	82565.3	15366.3	21774.1	10869.4	4082.53	2427.45	7534.01	822444	0	5	1	0	0xd43f5e018b415631
stage54_epoch_spin	1	77	166905	2367.78	20039	82504.1	15150.3	21862	11020.4	3897.86	2431.78	7547.97	838643	0	2	1	0	0xd43f5e018b415631
stage54_epoch_spin	1	78	166146	2283.02	20452.3	82306.7	15172.1	21020.7	10947	3902.07	2399.03	7578.3	837865	0	4	1	0	0xd43f5e018b415631
stage54_epoch_spin	1	79	166590	2170.81	19886.5	82483.7	15195.5	21565.2	11254.7	3953.95	2414.78	7584.63	822408	0	5	1	0	0xd43f5e018b415631
stage54_epoch_spin	1	80	165161	2241.65	19603.7	82430.1	15182.5	21057.9	10912.8	3717.02	2401.78	7529.22	836990	0	7	1	0	0xd43f5e018b415631
stage54_epoch_spin	1	81	166151	2130.06	19542.4	82527.7	15276.3	21683.9	11084.3	3864.03	2448.4	7512.97	822079	0	1	1	0	0xd43f5e018b415631
stage54_epoch_spin	1	82	165538	2258.52	19680.7	82656.9	15150.6	21006.1	11018.6	3762.94	2398.15	7521.63	837397	0	2	1	0	0xd43f5e018b415631
stage54_epoch_spin	1	83	166035	2305.86	19571.6	82410.3	15260.3	21733.9	10714.9	3920.4	2487.61	7548.68	821900	0	2	1	0	0xd43f5e018b415631
stage54_epoch_spin	1	84	165407	2309.98	19666	82340.8	15170.4	21000.6	11028.7	3846.61	2409.57	7555.01	837338	0	1	1	0	0xd43f5e018b415631
stage54_epoch_spin	1	85	167863	2435.11	22185.8	82392	15152.5	20958.1	10843.5	3822.49	2460.2	7536.01	839794	0	1	1	0	0xd43f5e018b415631
stage54_epoch_spin	1	86	166265	2284.98	19481.1	82377.8	15170	21694.7	11089.2	4041.2	2480.82	7560.38	822261	0	0	1	0	0xd43f5e018b415631
stage54_epoch_spin	1	87	165384	2188.35	19536.9	82444	15168.5	21038.1	11049.7	3921.36	2418.99	7532.76	837187	0	7	1	0	0xd43f5e018b415631
stage54_epoch_spin	1	88	166089	2190.52	19548.5	82394.1	15221.9	21690.5	10941.7	3888.4	2578.49	7552.47	821964	0	2	1	0	0xd43f5e018b415631
stage54_epoch_spin	1	89	165493	2306.73	19557.2	82234.8	15164.7	21072.8	11091.2	4037.58	2397.53	7545.68	837444	0	2	1	0	0xd43f5e018b415631
stage54_epoch_spin	1	90	166146	2203.36	19494.3	82514.5	15205.3	21652.8	11169.3	3801.73	2478.36	7545.55	821952	0	2	1	0	0xd43f5e018b415631
stage54_epoch_spin	1	91	165471	2191.52	19681.2	82379.6	15209.7	21168.8	11042.1	3756.73	2402.61	7553.01	837191	0	6	1	0	0xd43f5e018b415631
stage54_epoch_spin	1	92	166044	2135.6	19774.6	82446.9	15175.8	21715.7	10812.6	3944.32	2421.2	7536.8	822034	0	0	1	0	0xd43f5e018b415631
stage54_epoch_spin	1	93	165751	2180.98	19625.1	82668.2	15169.1	21028.9	11197.7	3773.65	2387.23	7637.55	837268	0	8	1	0	0xd43f5e018b415631
stage54_epoch_spin	1	94	165822	2136.94	19613.1	82372.1	15131	21713.1	10981.9	3758.15	2502.99	7529.68	821746	0	1	1	0	0xd43f5e018b415631
stage54_epoch_spin	1	95	165730	2208.69	19689.4	82586.3	15149.4	21139.2	10915.7	4020.74	2388.74	7551.26	837492	0	1	1	0	0xd43f5e018b415631
stage54_epoch_spin	1	96	165917	2131.44	19653.1	82329.7	15205.2	21733.5	10902.2	3880.94	2432.36	7568.51	821907	0	0	1	0	0xd43f5e018b415631
stage54_epoch_spin	1	97	168097	2278.15	19585.3	82400.9	15196.8	23644.3	11138.2	3776.65	2413.86	7540.22	840031	0	1	1	0	0xd43f5e018b415631
stage54_epoch_spin	1	98	166165	2329.65	19752.9	82419.3	15219.4	21396.6	11044.6	3951.78	2396.4	7571.97	838160	0	0	1	0	0xd43f5e018b415631
stage54_epoch_spin	1	99	165869	2134.81	19741.1	82610.8	15205.9	21445.9	11068.1	3918.4	2395.94	7267.42	821661	0	7	1	0	0xd43f5e018b415631
stage54_epoch_spin	2	0	165597	2229.61	19683	82372.1	15215.1	21407.6	10929.5	3740.4	2392.44	7540.97	837446	0	2	1	0	0xd43f5e018b415631
stage54_epoch_spin	2	1	165808	2154.27	19628.9	82427.1	15205.3	21533.8	10966.1	3996.2	2387.78	7425.42	821666	0	2	1	0	0xd43f5e018b415631
stage54_epoch_spin	2	2	166142	2175.23	19849.9	82542.7	15163.8	21420.8	10879.3	4019.49	2455.32	7552.26	838130	0	0	1	0	0xd43f5e018b415631
stage54_epoch_spin	2	3	166726	3348.1	19595.2	82804.8	15149.2	21126.6	10898.4	3809.74	2386.82	7525.38	838398	0	7	1	0	0xd43f5e018b415631
stage54_epoch_spin	2	4	166101	2135.35	19718.1	82430.6	15168.8	21736.1	10855.4	3874.28	2499.49	7603.84	821980	0	2	1	0	0xd43f5e018b415631
stage54_epoch_spin	2	5	166219	2392.19	19635.6	82671.7	15189.9	21408.7	11015.2	3887.03	2396.19	7539.97	837961	0	7	1	0	0xd43f5e018b415631
stage54_epoch_spin	2	6	165847	2133.19	19623.6	82438.8	15141	21575.7	10987.7	3991.53	2381.4	7488.63	821730	0	2	1	0	0xd43f5e018b415631
stage54_epoch_spin	2	7	166737	2313.32	19644.6	82624.2	15193.1	21889.7	11068.9	3969.82	2418.02	7534.17	838605	0	2	1	0	0xd43f5e018b415631
stage54_epoch_spin	2	8	165740	2184.73	19732.4	82448.4	15140.7	21243.5	11113.7	3893.99	2395.32	7504.34	821743	0	0	1	0	0xd43f5e018b415631
stage54_epoch_spin	2	9	169812	2163.48	19682.6	85160.3	15179.2	21825	11382.3	4211.45	2533.45	7590.43	857739	0	1	1	0	0xd43f5e018b415631
stage54_epoch_spin	2	10	165152	2174.52	19529	82343.2	15226.5	21405.9	10786.3	3897.53	2428.65	7278.21	821143	0	0	1	0	0xd43f5e018b415631
stage54_epoch_spin	2	11	166799	2382.94	19686.2	82803.4	15130	21873.7	11014.4	3879.86	2389.94	7549.97	838516	0	8	1	0	0xd43f5e018b415631
stage54_epoch_spin	2	12	165836	2178.9	19706.6	82258.4	15275.9	21205.2	11082.8	4102.49	2377.15	7563.38	837700	0	2	1	0	0xd43f5e018b415631
stage54_epoch_spin	2	13	166448	2132.14	19752.3	82403.1	15201.1	21703.5	11088	4077.74	2439.69	7565.51	822458	0	0	1	0	0xd43f5e018b415631
stage54_epoch_spin	2	14	165765	2178.4	19591.2	82335.5	15237.9	21370.2	10892	4148.95	2400.86	7526.8	837666	0	1	1	0	0xd43f5e018b415631
stage54_epoch_spin	2	15	165930	2275.15	19666.7	82394.9	15162.6	21570.5	10970.4	3807.9	2454.61	7542.67	821611	0	7	1	0	0xd43f5e018b415631
stage54_epoch_spin	2	16	165871	2205.48	19564.9	82407.8	15330	21385.9	11027.7	3929.4	2386.07	7549.72	837859	0	0	1	0	0xd43f5e018b415631
stage54_epoch_spin	2	17	165948	2138.19	19529.8	82599.6	15188.8	21682.2	11029.7	3950.82	2416.23	7328.13	821705	0	8	1	0	0xd43f5e018b415631
stage54_epoch_spin	2	18	165722	2210.27	19585.4	82301.6	15242	21502.7	11014.2	3788.57	2386.28	7604.72	837437	0	3	1	0	0xd43f5e018b415631
stage54_epoch_spin	2	19	165914	2151.1	19480.7	82722.3	15236.7	21557	10922.3	3947.99	2404.86	7408.25	821687	0	1	1	0	0xd43f5e018b415631
stage54_epoch_spin	2	20	166509	2369.03	19822.3	82226	15160.8	21902.6	11146.2	3832.23	2435.53	7532.3	838496	0	0	1	0	0xd43f5e018b415631
stage54_epoch_spin	2	21	168701	2223.56	19614	84164.8	16091.2	21549.3	11110.4	3895.07	2439.53	7527.05	840629	0	1	1	0	0xd43f5e018b415631
stage54_epoch_spin	2	22	166093	2198.86	19559.7	82444.9	15238.7	21823.9	11037.3	3779.86	2380.74	7546.59	838085	0	0	1	0	0xd43f5e018b415631
stage54_epoch_spin	2	23	165838	2136.27	19651	82291.7	15227.9	21573.5	10857.1	3875.69	2563.78	7577.59	821672	0	2	1	0	0xd43f5e018b415631
stage54_epoch_spin	2	24	167142	3049.46	19730.4	82282.7	15214.3	21843.7	10914	4067.53	2396.86	7558.88	838765	0	9	1	0	0xd43f5e018b415631
stage54_epoch_spin	2	25	165522	2182.65	19594.6	82441	15228.4	21143.4	11136.1	3804.73	2380.86	7529.38	821400	0	2	1	0	0xd43f5e018b415631
stage54_epoch_spin	2	26	165949	2153.52	19613.4	82295	15134.2	21805.9	11031.4	3876.28	2391.36	7563.59	821893	0	1	1	0	0xd43f5e018b415631
stage54_epoch_spin	2	27	165801	2186.77	19610.7	82487.9	15162.5	21168.7	11393.7	3784.78	2397.86	7522.84	837455	0	7	1	0	0xd43f5e018b415631
stage54_epoch_spin	2	28	166291	2228.31	19593.6	82492.6	15154.4	21697.2	10971.7	3934.95	2543.28	7592.97	822108	0	3	1	0	0xd43f5e018b415631
stage54_epoch_spin	2	29	165992	2208.15	19668.8	82833	15197.5	21411.4	10874.6	3790.24	2379.49	7542.72	837538	0	2	1	0	0xd43f5e018b415631
stage54_epoch_spin	2	30	165882	2131.48	19587.6	82655	15164.5	21604.6	10832.4	3923.28	2388.11	7510.88	821530	0	10	1	0	0xd43f5e018b415631
stage54_epoch_spin	2	31	165960	2218.69	19623.3	82656.5	15247.4	21367.4	11003.3	3770.86	2435.36	7555.01	837829	0	2	1	0	0xd43f5e018b415631
stage54_epoch_spin	2	32	165821	2185.52	19768.3	82671.3	15171.4	21461.4	10769.4	3960.95	2388.98	7360.09	821812	0	0	1	0	0xd43f5e018b415631
stage54_epoch_spin	2	33	167844	2284.57	19543.4	83493.1	15250.9	22116.4	11234.4	3758.24	2779.58	7302.67	839776	0	1	1	0	0xd43f5e018b415631
stage54_epoch_spin	2	34	165591	2205.02	19637.6	82321.5	15220.4	21404.1	11029.6	3764.78	2384.02	7541.68	837582	0	0	1	0	0xd43f5e018b415631
stage54_epoch_spin	2	35	165792	2137.39	19733.4	82144.8	15167.5	21566.3	11099.4	3771.9	2528.15	7560.01	821608	0	2	1	0	0xd43f5e018b415631
stage54_epoch_spin	2	36	166965	2224.44	20301.7	82545.2	15086.6	21949.5	10966.4	3857.82	2408.4	7544.59	838662	0	8	1	0	0xd43f5e018b415631
stage54_epoch_spin	2	37	165826	2716.45	19596.2	82529.4	15180.4	21116.4	10978.4	3751.07	2381.11	7494.05	821836	0	0	1	0	0xd43f5e018b415631
stage54_epoch_spin	2	38	165987	2128.98	19640.3	82262.4	15122.5	21792	11143.6	3835.11	2447.69	7532.67	821987	0	0	1	0	0xd43f5e018b415631
stage54_epoch_spin	2	39	165818	2290.15	19610.8	82604.7	15209.8	21130	11015.7	3978.49	2383.44	7510.51	837448	0	7	1	0	0xd43f5e018b415631
stage54_epoch_spin	2	40	165846	2134.64	19644.9	82305.9	15147	21851	10846.2	3837.44	2436.91	7558.59	821845	0	0	1	0	0xd43f5e018b415631
stage54_epoch_spin	2	41	165580	2270.15	19739.6	82424.1	15147.5	21208.1	11044.3	3760.19	2380.4	7525.67	837434	0	2	1	0	0xd43f5e018b415631
stage54_epoch_spin	2	42	166027	2136.23	19594.4	82274.1	15335.5	21800.7	11021.8	3816.11	2415.4	7546.05	821783	0	7	1	0	0xd43f5e018b415631
stage54_epoch_spin	2	43	165487	2204.23	19643.3	82601.9	15132.9	21039.8	11170.6	3721.02	2406.9	7486.13	821494	0	0	1	0	0xd43f5e018b415631
stage54_epoch_spin	2	44	165781	2132.06	19597.2	82380.9	15146.6	21796.8	10861	3788.15	2435.99	7558.76	821782	0	0	1	0	0xd43f5e018b415631
stage54_epoch_spin	2	45	167411	2227.86	19446.5	83731.2	15415.4	21296	11236.6	3996.61	2406.19	7570.51	839282	0	2	1	0	0xd43f5e018b415631
stage54_epoch_spin	2	46	165365	2147.19	19711	82387.1	15187.1	21393	11028.4	3808.48	2422.03	7200.37	821359	0	0	1	0	0xd43f5e018b415631
stage54_epoch_spin	2	47	166504	2274.48	19803.8	82460.9	15140.6	21881	10922.1	3957.99	2438.03	7537.42	838436	0	1	1	0	0xd43f5e018b415631
stage54_epoch_spin	2	48	165784	2191.69	19606.5	82603.8	15183.6	21382.4	10979.4	3840.53	2403.99	7508.59	821453	0	10	1	0	0xd43f5e018b415631
stage54_epoch_spin	2	49	166192	2255.52	19586.1	82540.7	15134.3	21894.2	10899.4	3859.32	2396.9	7543.72	838096	0	1	1	0	0xd43f5e018b415631
stage54_epoch_spin	2	50	164812	2239.27	19417.1	82207.4	15231.9	21298.8	10878.2	3799.32	2386.27	7271	820809	0	0	1	0	0xd43f5e018b415631
stage54_epoch_spin	2	51	165872	2185.81	19579.3	82393.1	15218.8	21439	11047.7	3950.91	2386.65	7587.84	837566	0	7	1	0	0xd43f5e018b415631
stage54_epoch_spin	2	52	165778	2289.77	19625.3	82405.2	15202.9	21500.1	10923.6	4119.99	2384.23	7245.75	821708	0	1	1	0	0xd43f5e018b415631
stage54_epoch_spin	2	53	165750	2343.53	19617.6	82422.4	15210.1	21343	10988.5	3811.36	2387.9	7539.13	837740	0	0	1	0	0xd43f5e018b415631
stage54_epoch_spin	2	54	166265	2145.94	19659.8	82808.3	15440.9	21326.7	10950.6	3977.95	2386.94	7482.13	821954	0	9	1	0	0xd43f5e018b415631
stage54_epoch_spin	2	55	166192	2170.35	19663.9	82478.9	15108	21893.4	11050.6	3799.86	2384.28	7562.76	838056	0	2	1	0	0xd43f5e018b415631
stage54_epoch_spin	2	56	165538	2183.52	19695.9	82400.1	15183.4	21276.4	10979.5	3850.44	2383.19	7501.22	821435	0	1	1	0	0xd43f5e018b415631
stage54_epoch_spin	2	57	166146	2187.98	19637.1	82521.9	15087.7	21844.9	10941.9	3833.52	2397.98	7609.43	838070	0	1	1	0	0xd43f5e018b415631
stage54_epoch_spin	2	58	168698	2349.15	19644	85146.5	15189.2	21464.3	11158.5	3878.98	2400.82	7381.34	840691	0	0	1	0	0xd43f5e018b415631
stage54_epoch_spin	2	59	165749	2218.61	19580	82270.2	15254	21420.9	11003.5	3962.95	2406.65	7548.59	837601	0	2	1	0	0xd43f5e018b415631
stage54_epoch_spin	2	60	166010	2133.98	19830.7	82563	15198.6	21570.7	10990.6	3840.98	2408.23	7387.42	821705	0	9	1	0	0xd43f5e018b415631
stage54_epoch_spin	2	61	165659	2175.02	19634	82185.2	15241.3	21379.1	11028.4	4017.74	2386.19	7527.59	837650	0	0	1	0	0xd43f5e018b415631
stage54_epoch_spin	2	62	165871	2435.53	19707.6	82271.6	15141.6	21438.7	10927.2	3985.03	2377.03	7502.63	821863	0	0	1	0	0xd43f5e018b415631
stage54_epoch_spin	2	63	165758	2302.94	19598.9	82274.8	15300.7	21370.2	10929	3963.82	2383.24	7554.05	837622	0	2	1	0	0xd43f5e018b415631
stage54_epoch_spin	2	64	165904	2154.52	19678.7	82904.7	15285.3	21460.8	10792.2	3830.07	2380.74	7332.79	821557	0	7	1	0	0xd43f5e018b415631
stage54_epoch_spin	2	65	167100	2308.4	20120.7	82842	15132.4	21827.7	10938	3899.95	2399.07	7547.17	838388	0	4	1	0	0xd43f5e018b415631
stage54_epoch_spin	2	66	165637	2212.44	19640.4	82615.4	15206.8	21165.6	10948.2	3832.44	2377.9	7554.63	837511	0	2	1	0	0xd43f5e018b415631
stage54_epoch_spin	2	67	166576	2160.94	19575.7	82871.3	15214.3	21626.7	11114.3	3917.53	2484.66	7526.51	822176	0	9	1	0	0xd43f5e018b415631
stage54_epoch_spin	2	68	165632	2248.82	19795.2	82304.6	15195.9	21418.4	10921.4	3737.98	2387.11	7538.92	837563	0	1	1	0	0xd43f5e018b415631
stage54_epoch_spin	2	69	165714	2136.1	19589.6	82307.3	15195.9	21746.9	10808.4	3832.61	2469.74	7544.59	821653	0	1	1	0	0xd43f5e018b415631
stage54_epoch_spin	2	70	168223	2180.69	19675.6	85216.8	15240.4	21346.2	11068.6	3776.07	2399.11	7236.08	840225	0	0	1	0	0xd43f5e018b415631
stage54_epoch_spin	2	71	165551	2203.19	19708.6	82238.7	15178.8	21536.1	10806.6	3790.27	2431.44	7575.3	837488	0	1	1	0	0xd43f5e018b415631
stage54_epoch_spin	2	72	165924	2128.98	19662.7	82149.7	15203.5	21710.5	10982.7	4078.45	2404.9	7522.67	821821	0	2	1	0	0xd43f5e018b415631
stage54_epoch_spin	2	73	167354	2367.65	19782.7	83494.8	15170.3	21814.5	10819.1	3851.65	2425.36	7532.42	838071	0	13	1	0	0xd43f5e018b415631
stage54_epoch_spin	2	74	165524	2300.36	19616.8	82431.5	15129.8	21077.7	11126.2	3825.9	2389.53	7539.84	837449	0	1	1	0	0xd43f5e018b415631
stage54_epoch_spin	2	75	166221	2191.31	19706.4	82384.9	15246	21726	10953.7	3899.82	2433.86	7599.3	822097	0	2	1	0	0xd43f5e018b415631
stage54_epoch_spin	2	76	165634	2220.94	19664.8	82479	15324.6	21049.2	10926.3	3928.95	2408.65	7549.84	837307	0	7	1	0	0xd43f5e018b415631
stage54_epoch_spin	2	77	166482	2131.85	19844.4	82638.1	15230.2	21721.5	10976.6	3991.66	2493.49	7371.29	822415	0	1	1	0	0xd43f5e018b415631
stage54_epoch_spin	2	78	166769	2348.86	19573.2	82602	15224.4	21897.7	10970.9	4021.08	2457.03	7588.55	838230	0	6	1	0	0xd43f5e018b415631
stage54_epoch_spin	2	79	165654	2206.23	19560.8	82635.2	15178.9	21201	10990.9	3921.49	2398.2	7480.88	821476	0	6	1	0	0xd43f5e018b415631
stage54_epoch_spin	2	80	165689	2150.39	19643.4	82079.6	15162.7	21897.3	10797.4	3809.19	2504.78	7564.34	837662	0	0	1	0	0xd43f5e018b415631
stage54_epoch_spin	2	81	166881	3421.93	19763.7	82167	15214.5	21383.2	10959.8	3926.11	2397.9	7559.8	838821	0	1	1	0	0xd43f5e018b415631
stage54_epoch_spin	2	82	169102	2131.52	22742	82422.2	15152.1	21840.9	10916.9	3854.28	2426.03	7531.34	841089	0	0	1	0	0xd43f5e018b415631
stage54_epoch_spin	2	83	165349	2226.69	19502.5	82329	15121.8	21265.8	10883.7	4058.08	2372.9	7504.51	821296	0	1	1	0	0xd43f5e018b415631
stage54_epoch_spin	2	84	166432	2159.39	19592.7	82803.2	15105.3	21802.6	11063	3894.99	2388.53	7539.51	838172	0	4	1	0	0xd43f5e018b415631
stage54_epoch_spin	2	85	165831	2317.32	19594.9	82484.1	15145.9	21157.4	11042.3	4041.03	2402.9	7559.17	837560	0	8	1	0	0xd43f5e018b415631
stage54_epoch_spin	2	86	165860	2173.73	19573.6	82371.8	15173.8	21727.8	10760.6	3966.95	2499.66	7530.51	821851	0	0	1	0	0xd43f5e018b415631
stage54_epoch_spin	2	87	166322	2232.65	19581.5	82533.6	15190.4	21475.1	11262.6	4009.36	2400.69	7557.17	838185	0	2	1	0	0xd43f5e018b415631
stage54_epoch_spin	2	88	165920	2140.27	19473.8	82713.9	15205.8	21524.3	11099.4	3877.61	2384.9	7417.3	821642	0	6	1	0	0xd43f5e018b415631
stage54_epoch_spin	2	89	166561	2363.23	19674.7	82507.6	15142.8	21822.8	11043.1	3946.61	2434.49	7543.3	838438	0	2	1	0	0xd43f5e018b415631
stage54_epoch_spin	2	90	165819	2139.02	19778.1	82811.7	15171.4	21266.9	10886.7	3801.36	2386.28	7491.05	821647	0	3	1	0	0xd43f5e018b415631
stage54_epoch_spin	2	91	166375	2356.32	19712.7	82464.6	15090.7	21811.7	10976.8	3934.99	2395.15	7554.8	838145	0	6	1	0	0xd43f5e018b415631
stage54_epoch_spin	2	92	165483	2248.69	19747	82265.7	15266.2	21120.7	10891.7	3940.32	2384.24	7530.01	821486	0	0	1	0	0xd43f5e018b415631
stage54_epoch_spin	2	93	166096	2177.02	19651.8	82533.3	15086.9	21800.3	10853.8	3978.41	2405.11	7528.05	822034	0	1	1	0	0xd43f5e018b415631
stage54_epoch_spin	2	94	168150	2196.94	19622.1	82838.5	15441.1	23015.8	10865.3	3777.32	2739.83	7571.34	840144	0	0	1	0	0xd43f5e018b415631
stage54_epoch_spin	2	95	165055	2331.86	19548.2	81979.2	15242.2	21187.8	10898.5	3899.15	2383.4	7501.8	821008	0	1	1	0	0xd43f5e018b415631
stage54_epoch_spin	2	96	166017	2156.89	19526.6	82534.2	15144.3	21922.8	10895.4	3810.9	2388.19	7552.38	821834	0	3	1	0	0xd43f5e018b415631
stage54_epoch_spin	2	97	166777	2228.69	19749.4	82801.7	15422.8	21515.2	11030.5	3912.36	2404.78	7628.97	838425	0	8	1	0	0xd43f5e018b415631
stage54_epoch_spin	2	98	165787	2130.56	19668.9	82656.1	15220.7	21412.2	11047.2	3920.94	2383.4	7263.91	821781	0	0	1	0	0xd43f5e018b415631
stage54_epoch_spin	2	99	166711	2179.27	19757.1	82617.7	15175.3	22011.5	10959.2	3946.36	2437.91	7547.13	838561	0	2	1	0	0xd43f5e018b415631
stage54_epoch_spin	3	0	165818	2359.86	19416.5	82850.9	15205.6	21182	11022.8	3782.73	2397.69	7519.76	821501	0	7	1	0	0xd43f5e018b415631
stage54_epoch_spin	3	1	165659	2132.85	19503	82413.7	15121.4	21843.5	10876.2	3699.94	2440.41	7545.92	821537	0	1	1	0	0xd43f5e018b415631
stage54_epoch_spin	3	2	165820	2198.56	19805.5	82379.6	15166.8	21300.7	10898.9	4066.78	2411.86	7505.46	821636	0	3	1	0	0xd43f5e018b415631
stage54_epoch_spin	3	3	166086	2144.69	19592.6	82404	15179.9	21809.2	11014	3921.61	2395.27	7542.51	822009	0	1	1	0	0xd43f5e018b415631
stage54_epoch_spin	3	4	165754	2466.03	19583.4	82529.1	15156.1	21189.1	10902.4	3887.49	2404.36	7550.42	837561	0	6	1	0	0xd43f5e018b415631
stage54_epoch_spin	3	5	165943	2133.73	19680.8	82310.2	15153.7	21821.8	10850.8	3962.99	2383.03	7562.59	821881	0	1	1	0	0xd43f5e018b415631
stage54_epoch_spin	3	6	168685	2218.86	19631	85196.4	15158.4	21293.4	11468.7	3912.4	2425.11	7295.08	840673	0	0	1	0	0xd43f5e018b415631
stage54_epoch_spin	3	7	165091	2258.73	19557.2	82489.9	15208.7	20898.2	10846	3832.11	2389.9	7529.34	837036	0	1	1	0	0xd43f5e018b415631
stage54_epoch_spin	3	8	166209	2133.69	19475.9	83019.3	15139.7	21581.9	10976.1	3882.28	2384.48	7527.34	821657	0	4	1	0	0xd43f5e018b415631
stage54_epoch_spin	3	9	166037	2342.82	19657.7	82621	15244.4	21443.1	10876.9	3806.73	2395.36	7565.51	837961	0	1	1	0	0xd43f5e018b415631
stage54_epoch_spin	3	10	165509	2141.19	19607.3	82513.9	15124.7	21598.1	10760.1	3772.81	2382.15	7528.38	821386	0	6	1	0	0xd43f5e018b415631
stage54_epoch_spin	3	11	165971	2318.65	19677.4	82488.8	15259	21386.9	10998.9	3827.86	2392.65	7539.59	837785	0	3	1	0	0xd43f5e018b415631
stage54_epoch_spin	3	12	165801	2156.35	19814.1	82436.9	15164.9	21571.4	10818.9	3872.86	2384.77	7499.21	821557	0	6	1	0	0xd43f5e018b415631
stage54_epoch_spin	3	13	165937	2171.14	19541	82671.7	15234.8	21476.8	10876.7	3957.4	2391.4	7534.59	837815	0	2	1	0	0xd43f5e018b415631
stage54_epoch_spin	3	14	165788	2138.98	19585.1	82697.1	15192.5	21689.2	10832	3806.9	2390.19	7372.88	821610	0	3	1	0	0xd43f5e018b415631
stage54_epoch_spin	3	15	165091	2211.56	19764.1	82236.9	15207.3	21002.8	10863.1	3774.6	2416.11	7530.13	837081	0	0	1	0	0xd43f5e018b415631
stage54_epoch_spin	3	16	166140	2265.86	19774.6	82278.6	15267.8	21691.2	10842.5	3949.74	2426.45	7562.76	821993	0	6	1	0	0xd43f5e018b415631
stage54_epoch_spin	3	17	166044	2190.35	19675.2	82285	15175.5	21449.8	11226.8	4013.91	2397.15	7550.34	837967	0	1	1	0	0xd43f5e018b415631
stage54_epoch_spin	3	18	169252	2208.85	19767.3	84887.3	15716.2	21720.5	10871.1	3976.61	2446.9	7577.84	841239	0	0	1	0	0xd43f5e018b415631
stage54_epoch_spin	3	19	166087	2211.27	19638.3	82658.1	15222.9	21120.3	11095.5	3939.65	2402.32	7718.14	838013	0	1	1	0	0xd43f5e018b415631
stage54_epoch_spin	3	20	165704	2141.14	19518.1	82435.2	15125.6	21776.7	10757.1	3786.53	2522.28	7560.59	821574	0	2	1	0	0xd43f5e018b415631
stage54_epoch_spin	3	21	166360	2275.9	19765.2	82419.3	15192	21466.8	11199.7	3975.61	2414.28	7566.42	838037	0	3	1	0	0xd43f5e018b415631
stage54_epoch_spin	3	22	165881	2130.93	19598.7	82364.1	15257.8	21645.7	11165.9	4031.62	2382.23	7225.12	821699	0	7	1	0	0xd43f5e018b415631
stage54_epoch_spin	3	23	166606	2213.73	19778.1	82701.9	15164.2	21872.9	10856.1	3926.61	2432.36	7580.47	838477	0	2	1	0	0xd43f5e018b415631
stage54_epoch_spin	3	24	165577	2178.35	19400.4	82741.6	15467.6	21229.1	10734.1	3853.32	2387.69	7502.63	821281	0	7	1	0	0xd43f5e018b415631
stage54_epoch_spin	3	25	166316	2544.82	19594.6	82424.3	15079.3	21785	10951.2	3894.32	2414.15	7545.42	838300	0	0	1	0	0xd43f5e018b415631
stage54_epoch_spin	3	26	165423	2273.36	19452.5	82171.4	15133.2	21265.1	11327.3	3789.82	2405.11	7520.21	821273	0	3	1	0	0xd43f5e018b415631
stage54_epoch_spin	3	27	166161	2178.48	19560.4	82502	15105.3	21937.3	11073.4	3767.44	2383.73	7566.26	838070	0	1	1	0	0xd43f5e018b415631
stage54_epoch_spin	3	28	165944	2196.1	19792.4	82477.5	15141.5	21177.4	11089.1	3961.45	2390.86	7636.3	837812	0	6	1	0	0xd43f5e018b415631
stage54_epoch_spin	3	29	166122	2138.27	19563.4	82567.1	15189.2	21798.7	10990.3	3719.31	2410.82	7659.05	821944	0	2	1	0	0xd43f5e018b415631
stage54_epoch_spin	3	30	168700	2246.06	19635.2	84784.4	15387.6	21201.9	11397.7	4006.24	2412.78	7543.38	840690	0	0	1	0	0xd43f5e018b415631
stage54_epoch_spin	3	31	166077	2262.56	19626.2	82319.4	15140.4	21820.5	10918.8	3874.94	2442.69	7588.17	838073	0	0	1	0	0xd43f5e018b415631
stage54_epoch_spin	3	32	165304	2160.27	19553.7	82319.6	15306.8	21374.6	11004.6	3818.82	2396.53	7286.25	821060	0	4	1	0	0xd43f5e018b415631
stage54_epoch_spin	3	33	165645	2221.36	19531.9	82267.3	15270.6	21435.9	11002.3	3906.65	2391.4	7533.26	837503	0	2	1	0	0xd43f5e018b415631
stage54_epoch_spin	3	34	165907	2232.44	19553.9	82388.9	15291.8	21529.1	11091.5	3950.99	2432.86	7356.88	821767	0	6	1	0	0xd43f5e018b415631
stage54_epoch_spin	3	35	166206	2285.15	19615.5	82201.1	15263.3	21829.5	11062	3858.9	2437.86	7567.97	838062	0	2	1	0	0xd43f5e018b415631
stage54_epoch_spin	3	36	166226	2131.14	19558.8	82785	15273.7	21672.8	11016.2	3827.15	2382.36	7494.8	821985	0	6	1	0	0xd43f5e018b415631
stage54_epoch_spin	3	37	166609	2128.35	19787.9	82745.6	15290.1	21721.2	11084.1	3802.69	2423.57	7544.67	822487	0	2	1	0	0xd43f5e018b415631
stage54_epoch_spin	3	38	165943	2180.52	19646.3	82429.5	15212.7	21466.5	11089.4	3909.36	2385.99	7536.01	837582	0	5	1	0	0xd43f5e018b415631
stage54_epoch_spin	3	39	165817	2141.56	19509.8	82451.8	15125.5	21528.4	10986.8	3989.11	2386.65	7616.59	821815	0	0	1	0	0xd43f5e018b415631
stage54_epoch_spin	3	40	164899	2170.98	19604.9	82215.1	15234.2	21126.6	10797	3773.81	2399.32	7491.92	836786	0	6	1	0	0xd43f5e018b415631
stage54_epoch_spin	3	41	166752	3388.22	19538.5	82376.8	15103.1	21814.5	10871.9	3819.4	2379.28	7374.54	822597	0	3	1	0	0xd43f5e018b415631
stage54_epoch_spin	3	42	167633	2180.1	19606.8	82535.1	15248.1	23241.9	10984.6	3808.73	2387.86	7550.92	839618	0	0	1	0	0xd43f5e018b415631
stage54_epoch_spin	3	43	166027	2179.85	19886.3	82531.9	15226.6	21408.1	10885.8	3899.11	2375.32	7550.3	838016	0	0	1	0	0xd43f5e018b415631
stage54_epoch_spin	3	44	167748	3325.43	19632.9	82724.8	15354.7	21567.1	11048.7	4072.66	2396.28	7540.13	839106	0	6	1	0	0xd43f5e018b415631
stage54_epoch_spin	3	45	165737	2134.02	19516	82406.8	15193.1	21615.7	10854.4	3974.94	2425.03	7536.34	821671	0	1	1	0	0xd43f5e018b415631
stage54_epoch_spin	3	46	165825	2230.81	19686	82344	15249.9	21471.8	11017.3	3772.73	2394.91	7577.55	837685	0	1	1	0	0xd43f5e018b415631
stage54_epoch_spin	3	47	166071	2385.94	19626.1	82660.5	15293.9	21507.6	10855.9	3901.36	2386.65	7370.79	821808	0	8	1	0	0xd43f5e018b415631
stage54_epoch_spin	3	48	166662	2533.07	19616.8	82694.3	15103.4	21903.5	10984.8	3809.19	2392.98	7536.34	838384	0	6	1	0	0xd43f5e018b415631
stage54_epoch_spin	3	49	165382	2239.94	19665.1	82362.8	15122.8	21225.6	10976	3821.65	2398.74	7489.63	821387	0	0	1	0	0xd43f5e018b415631
stage54_epoch_spin	3	50	166670	2189.02	19716.3	82425.7	15311.8	21742.4	11222.4	4043.74	2374.61	7560.34	838493	0	3	1	0	0xd43f5e018b415631
stage54_epoch_spin	3	51	166183	2268.02	19614.2	82677.9	15239.3	21495.3	11063.1	3825.36	2389.23	7522.51	838030	0	2	1	0	0xd43f5e018b415631
stage54_epoch_spin	3	52	165850	2137.43	19708.7	82401.7	15207.1	21553	10959.7	3910.95	2385.36	7506.05	821848	0	0	1	0	0xd43f5e018b415631
stage54_epoch_spin	3	53	166274	2290.23	19575.3	82748.6	15242.8	21382.5	10824.2	4013.61	2541.83	7571.3	838083	0	7	1	0	0xd43f5e018b415631
stage54_epoch_spin	3	54	166122	2137.89	19845.5	82580.8	15183.5	21311.2	10927.9	4142.08	2384.19	7529.01	822121	0	0	1	0	0xd43f5e018b415631
stage54_epoch_spin	3	55	167146	3385.3	19574.7	82827.4	15191.8	21444.6	10990.5	3799.07	2395.03	7455.21	838936	0	4	1	0	0xd43f5e018b415631
stage54_epoch_spin	3	56	165932	2208.73	19703.2	82586.6	15333.9	21366.2	10792.8	3891.95	2425.49	7537.38	837740	0	3	1	0	0xd43f5e018b415631
stage54_epoch_spin	3	57	165857	2135.52	19994.3	82361.7	15384	21344.6	11076.5	3760.15	2524.82	7195.45	821454	0	5	1	0	0xd43f5e018b415631
stage54_epoch_spin	3	58	165886	2176.19	19538.2	82293.4	15291.4	21408	11071.9	3947.03	2507.19	7568.59	837771	0	2	1	0	0xd43f5e018b415631
stage54_epoch_spin	3	59	166200	2134.64	19690.5	82746.2	15351.5	21492.6	10847.1	3894.57	2458.61	7500.8	821859	0	9	1	0	0xd43f5e018b415631
stage54_epoch_spin	3	60	166049	2190.94	19537.7	82539.5	15146.6	21831.5	10848.4	3892.99	2430.9	7549.71	837839	0	5	1	0	0xd43f5e018b415631
stage54_epoch_spin	3	61	165675	2220.02	19645.1	82305.5	15213.8	21543.7	10952.9	3843.11	2380.61	7487.25	821576	0	2	1	0	0xd43f5e018b415631
stage54_epoch_spin	3	62	166467	2336.48	19673.6	82411	15143.8	21797	11168.9	3795.06	2500.2	7558.59	838199	0	3	1	0	0xd43f5e018b415631
stage54_epoch_spin	3	63	165339	2204.31	19621	82415.6	15150.6	21125.3	11078.5	3748.11	2387.7	7493.5	821346	0	0	1	0	0xd43f5e018b415631
stage54_epoch_spin	3	64	166057	2133.98	19691.1	82462	15109.4	21811	10879.3	3847.86	2446.61	7593.3	822055	0	0	1	0	0xd43f5e018b415631
stage54_epoch_spin	3	65	165301	2253.73	19477.7	82393	15163.8	21263.5	10947.5	3844.06	2390.23	7482.96	821120	0	7	1	0	0xd43f5e018b415631
stage54_epoch_spin	3	66	166260	2207.48	19581.7	82478.8	15214.5	21780.5	11081.6	3893.45	2393.28	7545.3	838240	0	0	1	0	0xd43f5e018b415631
stage54_epoch_spin	3	67	168278	2181.35	19474.4	84981.4	15173.1	21589.4	10897.4	3789.86	2573.28	7535.17	840267	0	0	1	0	0xd43f5e018b415631
stage54_epoch_spin	3	68	165340	2205.35	19519.4	82324.9	15156.5	21152	11136.4	3842.07	2390.45	7528.05	837071	0	5	1	0	0xd43f5e018b415631
stage54_epoch_spin	3	69	166046	2153.89	19564.4	82557.2	15159.1	21809.7	10745.4	3875.28	2567.16	7530.17	821916	0	2	1	0	0xd43f5e018b415631
stage54_epoch_spin	3	70	165617	2224.85	19761.3	82358.3	15197	21104.8	11059.7	3893.94	2387.44	7544.01	837554	0	1	1	0	0xd43f5e018b415631
stage54_epoch_spin	3	71	166076	2166.6	19576.6	82623.2	15119.7	21732.1	10911.7	3879.36	2436.03	7546.67	821839	0	8	1	0	0xd43f5e018b415631
stage54_epoch_spin	3	72	165649	2201.6	19528.8	82671.9	15170.4	21285.9	11005.2	3747.65	2388.4	7565.09	837391	0	6	1	0	0xd43f5e018b415631
stage54_epoch_spin	3	73	165995	2138.19	19731.3	82398.9	15158.7	21702.7	10987.3	3833.36	2437.69	7525.3	821997	0	0	1	0	0xd43f5e018b415631
stage54_epoch_spin	3	74	165689	2498.78	19589.2	82267.3	15142.9	21143.3	11228.5	3811.98	2385.86	7539.51	837551	0	2	1	0	0xd43f5e018b415631
stage54_epoch_spin	3	75	166972	2217.19	19468.6	83400.5	15093.5	21419.9	11588.7	3753.19	2428.57	7518.59	822328	0	3	1	0	0xd43f5e018b415631
stage54_epoch_spin	3	76	166266	2262.86	19691.6	82218.7	15123.5	21861.4	11096.9	3927.32	2430.98	7568.96	838262	0	0	1	0	0xd43f5e018b415631
stage54_epoch_spin	3	77	165668	2217.9	19520.6	82475.9	15156.1	21344.6	11145.2	3827.61	2385.31	7508.88	821346	0	8	1	0	0xd43f5e018b415631
stage54_epoch_spin	3	78	165880	2151.02	19622	82297.3	15165.6	21862.8	10931.6	3779.31	2426.11	7562.72	821883	0	0	1	0	0xd43f5e018b415631
stage54_epoch_spin	3	79	168752	2207.69	19629.7	84643.6	15165.3	21604.4	11394	3960.99	2487.2	7574.42	840740	0	0	1	0	0xd43f5e018b415631
stage54_epoch_spin	3	80	165238	2189.85	19646.8	82270.2	15226.6	21021.2	11023.4	3855.48	2397.69	7522.5	837050	0	3	1	0	0xd43f5e018b415631
stage54_epoch_spin	3	81	166334	2494.45	19613.3	82229.5	15178.8	21539.3	11142.4	3942.49	2542.24	7565.88	822286	0	1	1	0	0xd43f5e018b415631
stage54_epoch_spin	3	82	164890	2196.35	19651.7	82248.5	15200.2	21092.2	10763.8	3749.98	2407.03	7499.75	820900	0	0	1	0	0xd43f5e018b415631
stage54_epoch_spin	3	83	166592	2239.56	20231.4	82425.8	15197.2	21635.4	10987	3846.48	2414.82	7531.8	822044	0	3	1	0	0xd43f5e018b415631
stage54_epoch_spin	3	84	166208	2363.07	19515.2	82568.9	15181.5	21476.9	11264.3	3782.86	2388.36	7551.01	837892	0	11	1	0	0xd43f5e018b415631
stage54_epoch_spin	3	85	165387	2134.1	19639.3	82262.5	15137.2	21599.6	10695.7	3826.11	2432.53	7572.13	821261	0	2	1	0	0xd43f5e018b415631
stage54_epoch_spin	3	86	166287	2196.14	19555.8	82421.4	15406.3	21458.1	11005	4133.83	2448.36	7578.88	838103	0	3	1	0	0xd43f5e018b415631
stage54_epoch_spin	3	87	165700	2132.14	19532.6	82412.4	15195.4	21651.3	10971.4	4000.03	2396.52	7324.87	821691	0	0	1	0	0xd43f5e018b415631
stage54_epoch_spin	3	88	166362	2222.27	19666.9	82594.7	15128.3	21873.5	10988.2	3797.32	2434.36	7573.3	838354	0	0	1	0	0xd43f5e018b415631
stage54_epoch_spin	3	89	165788	2234.77	19809.6	82475.8	15140.3	21329	10902.9	3925.69	2390.03	7495.75	821789	0	0	1	0	0xd43f5e018b415631
stage54_epoch_spin	3	90	165981	2465.74	19587.4	82318.5	15142.6	21869.1	10799.1	3772.73	2410.44	7535.01	837785	0	7	1	0	0xd43f5e018b415631
stage54_epoch_spin	3	91	169511	3424.35	21997.3	82475.3	15221.8	21343.8	10972.1	4036.53	2413.77	7543.17	841390	0	1	1	0	0xd43f5e018b415631
stage54_epoch_spin	3	92	166260	2202.19	19688.2	82386.4	15198.6	21899.1	11057.1	3764.36	2434.82	7547.3	838012	0	4	1	0	0xd43f5e018b415631
stage54_epoch_spin	3	93	164946	2217.73	19559.9	82208.4	15218	21321.4	10866.3	3837.19	2406.49	7224	820868	0	1	1	0	0xd43f5e018b415631
stage54_epoch_spin	3	94	165629	2223.73	19498.7	82545.8	15201.6	21344.6	10787.7	3973.61	2400.78	7570.55	837618	0	0	1	0	0xd43f5e018b415631
stage54_epoch_spin	3	95	165836	2132.23	19624.6	82536.9	15177.7	21522.7	10910.8	3982.2	2394.32	7471.84	821644	0	3	1	0	0xd43f5e018b415631
stage54_epoch_spin	3	96	165304	2222.6	19599.7	82392.2	15140.1	21062.8	10879.7	3930.07	2386.31	7609.42	837076	0	7	1	0	0xd43f5e018b415631
stage54_epoch_spin	3	97	166126	2174.27	19657.6	82641.3	15180.3	21665.7	10972.1	3775.19	2426.86	7550.92	821904	0	5	1	0	0xd43f5e018b415631
stage54_epoch_spin	3	98	165414	2206.9	19691.3	82366	15140.1	21125.2	10920.8	3947.61	2408.11	7520.67	837252	0	3	1	0	0xd43f5e018b415631
stage54_epoch_spin	3	99	165838	2154.94	19580.6	82460	15156.7	21752.4	10736.1	3879.69	2503.53	7532.92	821565	0	3	1	0	0xd43f5e018b415631
stage54_epoch_spin	4	0	165191	2181.64	19606.2	82342.5	15149.1	21221	10769.3	3935.73	2387.77	7515.13	821188	0	0	1	0	0xd43f5e018b415631
stage54_epoch_spin	4	1	166111	2157.81	19620.3	82409.8	15146.8	21854.4	10983.9	3878.78	2384.73	7592.05	838041	0	1	1	0	0xd43f5e018b415631
stage54_epoch_spin	4	2	165517	2179.48	19541.4	82556.8	15115.6	21247.9	11074.9	3806.15	2397.74	7512.46	821386	0	6	1	0	0xd43f5e018b415631
stage54_epoch_spin	4	3	167141	2203.02	19709.7	82520.7	15267.8	22263.8	11662.4	3790.4	2386.65	7250.41	839072	0	1	1	0	0xd43f5e018b415631
stage54_epoch_spin	4	4	165476	2306.98	19637.8	82322.9	15138.1	21493.5	10825.1	3724.36	2384.94	7559.63	837299	0	3	1	0	0xd43f5e018b415631
stage54_epoch_spin	4	5	165929	2130.98	19537.2	82516.5	15184.4	21576.3	10948.6	3974.15	2441.9	7534.67	821882	0	1	1	0	0xd43f5e018b415631
stage54_epoch_spin	4	6	166041	2309.11	19627	82487.1	15248.6	21348.7	11140.5	3787.82	2459.24	7548.88	837830	0	3	1	0	0xd43f5e018b415631
stage54_epoch_spin	4	7	165654	2137.52	19652.1	82613.3	15109.4	21535.1	10852	3842.53	2396.48	7433.17	821525	0	2	1	0	0xd43f5e018b415631
stage54_epoch_spin	4	8	165966	2206.81	19555.6	82622.9	15219.3	21370.6	11156.9	3759.9	2445.27	7547.63	837839	0	6	1	0	0xd43f5e018b415631
stage54_epoch_spin	4	9	165678	2206.27	19534	82261.8	15200.6	21543.9	11071.1	3879.48	2401.73	7495.34	821414	0	6	1	0	0xd43f5e018b415631
stage54_epoch_spin	4	10	165869	2180.77	19643	82492.2	15320.9	21401.3	10913.4	3877.32	2418.57	7539.59	837631	0	4	1	0	0xd43f5e018b415631
stage54_epoch_spin	4	11	165765	2138.64	19737.4	82301	15154.6	21552.2	10963.1	3824.82	2436.19	7574.8	821699	0	1	1	0	0xd43f5e018b415631
stage54_epoch_spin	4	12	165780	2301.52	19649.6	82297.9	15206.8	21356.9	11186.4	3740.1	2390.11	7567.42	837770	0	0	1	0	0xd43f5e018b415631
stage54_epoch_spin	4	13	165760	2165.14	19492.9	82320	15169.4	21691.9	10954.9	3819.07	2530.15	7533.42	821754	0	0	1	0	0xd43f5e018b415631
stage54_epoch_spin	4	14	165926	2227.48	19528.5	82435.3	15369.2	21487.5	10932	3931.98	2394.9	7537.55	837757	0	7	1	0	0xd43f5e018b415631
stage54_epoch_spin	4	15	168914	2136.68	19550.8	84916.3	15111.1	21663	11264	4215.49	2396.07	7578.46	840906	0	0	1	0	0xd43f5e018b415631
stage54_epoch_spin	4	16	165972	2236.56	19801.8	82735.6	15124.4	21044.9	11060.8	3946.53	2403.44	7531.34	837742	0	4	1	0	0xd43f5e018b415631
stage54_epoch_spin	4	17	166224	2158.02	19573.5	82638.8	15177.1	21640.9	10806.7	4103.12	2485.99	7561.3	822136	0	1	1	0	0xd43f5e018b415631
stage54_epoch_spin	4	18	166069	2324.02	19548.3	82543.1	15206.4	21439.6	11072.5	3921.9	2389.94	7542.63	838057	0	0	1	0	0xd43f5e018b415631
stage54_epoch_spin	4	19	165942	2223.27	19569.1	82630.7	15165.5	21549.8	11056.9	3998.82	2383.86	7280.2	821874	0	1	1	0	0xd43f5e018b415631
stage54_epoch_spin	4	20	166010	2293.44	19599.5	82498.2	15186.3	21361.9	11138.8	3845.69	2427.61	7575.42	837931	0	1	1	0	0xd43f5e018b415631
stage54_epoch_spin	4	21	165634	2156.94	19532.1	82855.1	15184.8	21394.4	10872.6	3871.27	2389.15	7293.21	821247	0	12	1	0	0xd43f5e018b415631
stage54_epoch_spin	4	22	164946	2212.31	19609.2	82410	15161.1	20972.6	10816.6	3732.86	2406.86	7542.76	836730	0	3	1	0	0xd43f5e018b415631
stage54_epoch_spin	4	23	166372	2161.02	19604.5	82551.9	15181.8	21660.7	11088.8	4075.65	2428.24	7537.75	822297	0	1	1	0	0xd43f5e018b415631
stage54_epoch_spin	4	24	166305	2347.15	19715.1	82562.5	15192.3	21462.2	11153.5	3783.57	2456.48	7549.63	838291	0	0	1	0	0xd43f5e018b415631
stage54_epoch_spin	4	25	165556	2258.77	19545.9	82272.1	15186	21506.3	10894.5	3899.15	2382.69	7528.09	821554	0	0	1	0	0xd43f5e018b415631
stage54_epoch_spin	4	26	165772	2200.19	19700.5	82321.2	15272.1	21486.8	11012.9	3761.81	2405.53	7530.59	837683	0	1	1	0	0xd43f5e018b415631
stage54_epoch_spin	4	27	168866	2130.56	19656.1	85049.7	15202.5	21680.7	11181.4	3927.45	2424.94	7531.55	840746	0	6	1	0	0xd43f5e018b415631
stage54_epoch_spin	4	28	165945	2340.9	19623.2	82335.8	15172.6	21571.4	10906.5	3950.15	2390.73	7571.26	837767	0	3	1	0	0xd43f5e018b415631
stage54_epoch_spin	4	29	166121	2134.56	19675.2	82378.5	15088.1	21678.5	11152.2	3890.07	2484.86	7557.01	822112	0	0	1	0	0xd43f5e018b415631
stage54_epoch_spin	4	30	165548	2176.98	19525.6	82583.6	15177.8	21106.5	11190.2	3772.94	2408.07	7524.05	837424	0	2	1	0	0xd43f5e018b415631
stage54_epoch_spin	4	31	166214	2142.31	19785.1	82661.8	15126.8	21657.8	10827.4	3964.65	2416.61	7548.84	821934	0	2	1	0	0xd43f5e018b415631
stage54_epoch_spin	4	32	165963	2352.82	19521.9	82363.4	15245.7	21451.2	11127.5	3882.57	2398.98	7533.71	837887	0	1	1	0	0xd43f5e018b415631
stage54_epoch_spin	4	33	166017	2128.85	19991.7	82576.6	15147.9	21506.8	10873.7	3872.94	2389.82	7447.79	821615	0	12	1	0	0xd43f5e018b415631
stage54_epoch_spin	4	34	165853	2269.19	19457.5	82475.6	15308.3	21383.4	11225.6	3744.61	2385.94	7518.21	837569	0	4	1	0	0xd43f5e018b415631
stage54_epoch_spin	4	35	165850	2138.18	19700.2	82605.2	15275.3	21438.2	11053.3	3816.69	2390.15	7349.62	821841	0	0	1	0	0xd43f5e018b415631
stage54_epoch_spin	4	36	166350	2375.15	19688.6	82241.1	15205.2	21830	11072.9	3835.36	2445.82	7573.21	838227	0	1	1	0	0xd43f5e018b415631
stage54_epoch_spin	4	37	165180	2135.81	19610.3	82267.1	15184	21478.9	10774.8	3750.23	2397.69	7501.55	821129	0	1	1	0	0xd43f5e018b415631
stage54_epoch_spin	4	38	165703	2297.86	19565.8	82383.6	15187.1	21469.8	11043.3	3744.56	2387.36	7541.88	837624	0	1	1	0	0xd43f5e018b415631
stage54_epoch_spin	4	39	168718	2313.27	19553	82185.8	16000.3	23840	10811.1	3969.69	2426.74	7534.3	840591	0	6	1	0	0xd43f5e018b415631
stage54_epoch_spin	4	40	165152	2242.69	19576	82396.8	15168.5	21425	10829.8	3701.4	2379.07	7347.29	821027	0	2	1	0	0xd43f5e018b415631
stage54_epoch_spin	4	41	166166	2296.73	19723.2	82470.7	15164.8	21797.7	10855.9	3742.06	2471.4	7559.92	838006	0	2	1	0	0xd43f5e018b415631
stage54_epoch_spin	4	42	165427	2132.85	19500.3	82322.1	15411.8	21424.4	10970.1	3940.65	2426.02	7215.25	821414	0	0	1	0	0xd43f5e018b415631
stage54_epoch_spin	4	43	166326	2180.48	19799.8	82765	15302.4	21463.4	11004.8	3758.94	2421.36	7546.84	837977	0	2	1	0	0xd43f5e018b415631
stage54_epoch_spin	4	44	165678	2141.23	19666.2	82189.6	15259.8	21385.1	10924.8	4077.7	2397.06	7551.96	821609	0	1	1	0	0xd43f5e018b415631
stage54_epoch_spin	4	45	167024	2174.64	19792.1	82571.4	15466.1	21694.4	11375.4	3885.27	2421.65	7560.8	838634	0	12	1	0	0xd43f5e018b415631
stage54_epoch_spin	4	46	166945	2899.37	19597.9	82405.8	15161.1	21843.6	11006.6	3841.19	2486.61	7622.46	838671	0	4	1	0	0xd43f5e018b415631
stage54_epoch_spin	4	47	165984	2178.64	19523.3	82940.8	15238.2	21310.1	11058.8	3703.06	2417.57	7528.75	821697	0	4	1	0	0xd43f5e018b415631
stage54_epoch_spin	4	48	166127	2127.98	19554.6	82499.7	15159.7	21782.9	11052	3872.61	2426.65	7564.92	822076	0	1	1	0	0xd43f5e018b415631
stage54_epoch_spin	4	49	165352	2242.23	19684.8	82429.6	15288.2	21204.1	10750.6	3786.82	2382.69	7500.25	821301	0	1	1	0	0xd43f5e018b415631
stage54_epoch_spin	4	50	166193	2433.49	19566.6	82394.9	15180.8	21832.1	10889.1	3848.69	2423.74	7540.09	822131	0	1	1	0	0xd43f5e018b415631
stage54_epoch_spin	4	51	165568	2281.65	19556.9	82381.9	15144	21102	11085.6	4017.36	2386.65	7524.5	837446	0	6	1	0	0xd43f5e018b415631
stage54_epoch_spin	4	52	167363	3238.84	19455.5	83132.3	15218.9	21394.9	11009.9	3880.02	2436.45	7510.34	823202	0	2	1	0	0xd43f5e018b415631
stage54_epoch_spin	4	53	166399	2170.35	19591.9	82521.6	15153	21891	10890.4	4147.2	2395.74	7555.38	838393	0	0	1	0	0xd43f5e018b415631
stage54_epoch_spin	4	54	165549	2223.85	19567.9	82483.9	15216.7	21158.1	11056.9	3866.9	2404.95	7482.75	821500	0	1	1	0	0xd43f5e018b415631
stage54_epoch_spin	4	55	166436	2166.89	19744.7	82516.8	15196.3	21647.5	11215.6	3841.39	2503.15	7523.8	822315	0	2	1	0	0xd43f5e018b415631
stage54_epoch_spin	4	56	165474	2324.4	19752.9	82274.1	15256.3	21081.9	11052.7	3730.61	2389.4	7527.63	837316	0	2	1	0	0xd43f5e018b415631
stage54_epoch_spin	4	57	166525	2135.93	19855.3	82941.6	15192.8	21540.9	10982.7	4047.49	2440.03	7304.58	822128	0	12	1	0	0xd43f5e018b415631
stage54_epoch_spin	4	58	165700	2201.48	19603.7	82200.3	15289.8	21375	11149.7	3846.49	2392.78	7558.42	837465	0	4	1	0	0xd43f5e018b415631
stage54_epoch_spin	4	59	165907	2298.15	19465.8	82476.5	15234.9	21535.5	10941.5	3976.36	2454.4	7439.46	821752	0	1	1	0	0xd43f5e018b415631
stage54_epoch_spin	4	60	165682	2163.52	19624.4	82311.1	15237.1	21425.1	11120.7	3778.31	2380.44	7558.88	837669	0	0	1	0	0xd43f5e018b415631
stage54_epoch_spin	4	61	165775	2149.64	19565.3	82208.5	15174.6	21639.6	10968.4	3856.4	2489.15	7640.26	821718	0	1	1	0	0xd43f5e018b415631
stage54_epoch_spin	4	62	165932	2305.15	19624.2	82340.4	15194.5	21798.9	10823.1	3764.61	2432.36	7567.71	837785	0	2	1	0	0xd43f5e018b415631
stage54_epoch_spin	4	63	165894	2306.36	19558	82608.4	15235.7	21436.8	10969.3	3851.69	2408.53	7436.13	821886	0	0	1	0	0xd43f5e018b415631
stage54_epoch_spin	4	64	168429	2221.81	19474.8	85068.8	15330.9	21311	11030.8	3840.31	2569.74	7496.84	840141	0	8	1	0	0xd43f5e018b415631
stage54_epoch_spin	4	65	166683	2182.44	19800.6	82569.3	15149.2	21726.6	11022.8	4182.32	2402.98	7563.55	838428	0	4	1	0	0xd43f5e018b415631
stage54_epoch_spin	4	66	165536	2241.44	19592.1	82364.9	15162.8	21137.6	11074.1	3931.44	2398.98	7550.55	837517	0	0	1	0	0xd43f5e018b415631
stage54_epoch_spin	4	67	166139	2153.64	19535.6	82432	15134.6	21749.6	11164.9	3877.19	2438.15	7571.13	822086	0	1	1	0	0xd43f5e018b415631
stage54_epoch_spin	4	68	165240	2196.77	19588.4	82346	15155	21084.7	10912.6	3950.49	2393.19	7530.09	837165	0	1	1	0	0xd43f5e018b415631
stage54_epoch_spin	4	69	166432	2157.68	19728	82370.4	15147.6	21785.4	11304.1	3845.98	2453.07	7555.46	822149	0	6	1	0	0xd43f5e018b415631
stage54_epoch_spin	4	70	166088	2263.52	19702.2	82582.2	15253	21499.1	10933.4	3779.98	2378.9	7611.59	837791	0	9	1	0	0xd43f5e018b415631
stage54_epoch_spin	4	71	165764	2132.93	19548.9	82428.3	15229.4	21518	10862.7	4004.16	2423.49	7536.84	821619	0	2	1	0	0xd43f5e018b415631
stage54_epoch_spin	4	72	166162	2331.32	19608.6	82431.3	15190.7	21471.9	11312.4	3745.56	2444.82	7543.8	837863	0	1	1	0	0xd43f5e018b415631
stage54_epoch_spin	4	73	165662	2179.02	19528.5	82307.7	15216.7	21486.2	11419.1	3788.86	2397.36	7256.83	821370	0	1	1	0	0xd43f5e018b415631
stage54_epoch_spin	4	74	166826	2605.95	19684.3	82653.2	15110	21835.4	11133.5	3801.19	2372.48	7547.59	838764	0	1	1	0	0xd43f5e018b415631
stage54_epoch_spin	4	75	165610	2235.85	19482.7	82413.9	15220.8	21275.3	11036.3	3969.11	2383.61	7511.42	821616	0	0	1	0	0xd43f5e018b415631
stage54_epoch_spin	4	76	168834	2135.23	19664.2	85293.9	15208.6	21442.9	11045.9	3939.36	2443.78	7575.42	840559	0	8	1	0	0xd43f5e018b415631
stage54_epoch_spin	4	77	165698	2155.14	19693.1	82343.9	15184.1	21525.7	10863	3907.69	2391.28	7548.46	821694	0	0	1	0	0xd43f5e018b415631
stage54_epoch_spin	4	78	166142	2319.57	19599.6	82513	15237.6	21453	11073.8	3873.27	2424.15	7569.3	838074	0	1	1	0	0xd43f5e018b415631
stage54_epoch_spin	4	79	165741	2181.48	19640.5	82513.2	15265	21488.8	10719.1	3885.98	2378.44	7552.05	821669	0	1	1	0	0xd43f5e018b415631
stage54_epoch_spin	4	80	166820	2178.94	19680.7	82779.1	15107.1	21877.4	11418	3752.4	2386.74	7556.63	838682	0	2	1	0	0xd43f5e018b415631
stage54_epoch_spin	4	81	165876	2293.19	19695.6	82786.9	15164.3	21070.8	11026.2	3801.23	2379.69	7575.96	837492	0	7	1	0	0xd43f5e018b415631
stage54_epoch_spin	4	82	166427	2445.07	19662.6	82649.7	15155.3	21625.8	10872.4	3839.27	2482.11	7611.92	822078	0	10	1	0	0xd43f5e018b415631
stage54_epoch_spin	4	83	165289	2186.69	19547.2	82538.5	15234.2	20993.8	10827.8	3956.11	2387.4	7533.42	837278	0	0	1	0	0xd43f5e018b415631
stage54_epoch_spin	4	84	165968	2133.56	19536.8	82554.4	15167.6	21752	10956.4	3816.36	2440.74	7529.92	821961	0	0	1	0	0xd43f5e018b415631
stage54_epoch_spin	4	85	165572	2406.03	19692	82291.4	15218.1	21049.3	10996.4	3822.94	2396.98	7617.34	837554	0	0	1	0	0xd43f5e018b415631
stage54_epoch_spin	4	86	165834	2141.48	19545.1	82323.1	15188.1	21791	10851.3	3858.61	2528.7	7522.59	821778	0	1	1	0	0xd43f5e018b415631
stage54_epoch_spin	4	87	165360	2173.23	19526.7	82396	15170.5	21339.3	10824.7	3898.94	2403.65	7543.46	821361	0	0	1	0	0xd43f5e018b415631
stage54_epoch_spin	4	88	167904	2191.94	22167.1	82375.6	15311.9	21168.6	10928.9	3782.86	2381.32	7513.04	839647	0	8	1	0	0xd43f5e018b415631
stage54_epoch_spin	4	89	167726	2130.81	19573.5	82543.9	15169.1	21758.1	11149.1	3909.15	2403.78	9009.17	823319	0	17	1	0	0xd43f5e018b415631
stage54_epoch_spin	4	90	182155	2741.62	19578.4	89679.5	18105.7	25753.7	11639.8	3923.9	3064.88	7581.05	914365	0	26	1	0	0xd43f5e018b415631
stage54_epoch_spin	4	91	181891	2184.98	20127.1	94532.1	15554.1	22318.1	12245.1	4816.26	2490.65	7537	916828	0	31	1	0	0xd43f5e018b415631
stage54_epoch_spin	4	92	177365	2136.48	25549.2	86085.1	16629.3	21563.9	11367.9	3927.61	2462.9	7562.34	880514	0	21	1	0	0xd43f5e018b415631
stage54_epoch_spin	4	93	182048	2176.39	19671.2	90978.4	17977.3	25072.2	11859	3864.19	2829.24	7517.63	900856	0	37	1	0	0xd43f5e018b415631
stage54_epoch_spin	4	94	176047	2133.6	19725.4	87113	17556.2	24071.1	11215.2	4211.99	2404.78	7530.34	879196	0	27	1	0	0xd43f5e018b415631
stage54_epoch_spin	4	95	172991	2144.1	19582.3	88199	15124.8	21753.4	11012.9	4850.89	2692.16	7548.67	860458	0	11	1	0	0xd43f5e018b415631
stage54_epoch_spin	4	96	174761	2126.6	21167.6	87657.8	15468.2	21918.4	12139	4087.82	2486.15	7630.38	877915	0	25	1	0	0xd43f5e018b415631
stage54_epoch_spin	4	97	171652	2126.85	19688.3	87397.5	15463.6	21343.7	11588.7	3965.95	2436.49	7557.96	859265	0	11	1	0	0xd43f5e018b415631
stage54_epoch_spin	4	98	171124	2136.98	25285.2	82310.7	15159.9	21309.3	10809.1	4001.82	2449.82	7580	843516	0	15	1	0	0xd43f5e018b415631
stage54_epoch_spin	4	99	175222	3438.89	19605	88678.4	16801.9	21657.7	11344.4	3899.53	2415.86	7292.75	877660	0	17	1	0	0xd43f5e018b415631
