surface	repeat	run	wall_us	input_us	core_us	dense_us	depthwise_us	attention_us	lut_us	concat_us	transform_us	head_us	process_cpu_us	voluntary_cs	involuntary_cs	affinity_ok	cpu4_7_ime_count	hash
stage53_condition_variable_safe_default	0	0	260139	12419.4	23862.7	140153	22567.9	25019.5	17155.7	5902.23	4926.53	7998.63	934513	1319	3	1	0	0xd43f5e018b415631
stage53_condition_variable_safe_default	0	1	264196	12313.8	24950.9	146678	20291.5	21980.2	19522.3	6069.35	4264.66	7991.13	938532	1335	2	1	0	0xd43f5e018b415631
stage53_condition_variable_safe_default	0	2	262516	12295.1	21738.9	149030	20736.5	22319	18044.1	5938.36	4299	7991.38	936214	1326	9	1	0	0xd43f5e018b415631
stage53_condition_variable_safe_default	0	3	263749	12295.7	21770.2	149993	20277.1	22369.2	18103.6	6360.93	4448.62	8002.67	940939	1326	2	1	0	0xd43f5e018b415631
stage53_condition_variable_safe_default	0	4	272559	15233.8	21690.9	149249	20579.7	27769.4	19663.5	5977.15	4312.12	7955.09	943678	1329	160	1	0	0xd43f5e018b415631
stage53_condition_variable_safe_default	0	5	266540	12262.3	31131.3	143328	20115.9	22322.1	17462.8	5991.89	5758.07	8025.59	935674	1340	6	1	0	0xd43f5e018b415631
stage53_condition_variable_safe_default	0	6	255818	12327.5	21551.8	143455	20062.6	22209	17417.9	6327.18	4299.75	8022.58	927704	1306	6	1	0	0xd43f5e018b415631
stage53_condition_variable_safe_default	0	7	252747	12286.7	21765	139897	20269.6	22028.1	17956	6019.57	4292.29	8092.63	927806	1318	7	1	0	0xd43f5e018b415631
stage53_condition_variable_safe_default	0	8	251206	12307.1	21785.8	139417	20100.2	22001.8	17210.8	5956.44	4299.45	7996.04	924376	1301	1	1	0	0xd43f5e018b415631
stage53_condition_variable_safe_default	0	9	252852	12256.6	21648.8	140387	20240.7	21966.8	17747.8	6182.85	4303.58	7982.46	928263	1316	14	1	0	0xd43f5e018b415631
stage53_condition_variable_safe_default	0	10	252626	12314.1	21827.4	140220	20207.2	22028.4	17627.9	6018.27	4247.58	8001	929529	1301	5	1	0	0xd43f5e018b415631
stage53_condition_variable_safe_default	0	11	253273	12428.2	21745.1	140527	20123.5	22247.1	17906.4	5877.86	4262.25	8020.84	927231	1296	5	1	0	0xd43f5e018b415631
stage53_condition_variable_safe_default	0	12	252340	12283.7	21772.9	139955	20191.5	22220.9	17523.9	5963.52	4254.25	8039.17	926263	1311	3	1	0	0xd43f5e018b415631
stage53_condition_variable_safe_default	0	13	252349	12346.3	21652.9	140003	20322.9	22147.9	17504.2	5846.36	4359.71	8034.88	927496	1309	9	1	0	0xd43f5e018b415631
stage53_condition_variable_safe_default	0	14	253751	12268.4	21854.4	141792	20130.1	21924.7	17514.1	5878.9	4228.75	8025.09	926897	1294	9	1	0	0xd43f5e018b415631
stage53_condition_variable_safe_default	0	15	252003	12278.7	21735	139711	20233.9	21950.1	17659.7	5883.15	4253.5	8164.88	926271	1328	4	1	0	0xd43f5e018b415631
stage53_condition_variable_safe_default	0	16	253568	12324.5	21793.1	141282	19977.1	22087	17662.5	5959.6	4310.04	8042.84	927337	1316	1	1	0	0xd43f5e018b415631
stage53_condition_variable_safe_default	0	17	251067	12247	21686.9	139031	19921.1	22045.2	17893.9	5869.61	4196.83	8045.59	924579	1297	1	1	0	0xd43f5e018b415631
stage53_condition_variable_safe_default	0	18	252252	12340.6	21910.7	139734	20077.5	22233.5	17526	6027.14	4283.37	7988.46	927776	1308	6	1	0	0xd43f5e018b415631
stage53_condition_variable_safe_default	0	19	252626	12300.2	21639	139995	20284	22368.4	17593.3	6053.31	4295.25	7956	926993	1306	6	1	0	0xd43f5e018b415631
stage53_condition_variable_safe_default	0	20	251939	12316	21683.7	140209	20240.5	21652.3	17741.9	5718.81	4258.75	7987.21	927035	1318	2	1	0	0xd43f5e018b415631
stage53_condition_variable_safe_default	0	21	252787	12289.5	21691.4	140633	20112.3	22122.6	17656.5	5937.85	4235.83	7977.42	926933	1299	1	1	0	0xd43f5e018b415631
stage53_condition_variable_safe_default	0	22	255767	12250.2	21642.2	142859	20074.3	22069.5	18575.1	5935.56	4233.21	8001.25	931916	1316	0	1	0	0xd43f5e018b415631
stage53_condition_variable_safe_default	0	23	260134	12378.8	21808.3	141788	20198.9	22884.2	22399.1	6234.89	4193.37	8077.84	933197	1312	19	1	0	0xd43f5e018b415631
stage53_condition_variable_safe_default	0	24	252735	12356.2	21897	139981	20124.6	22250.3	17742.2	5854.4	4386.87	8015.46	928211	1315	4	1	0	0xd43f5e018b415631
stage53_condition_variable_safe_default	0	25	252402	12491.7	21769.1	139824	20076.7	22176.6	17734.2	5890.19	4283.08	8026.88	926174	1305	4	1	0	0xd43f5e018b415631
stage53_condition_variable_safe_default	0	26	253211	12254.3	21573.1	141492	19983.3	21815.7	17714.5	5979.98	4245.37	8028.84	926398	1330	7	1	0	0xd43f5e018b415631
stage53_condition_variable_safe_default	0	27	251592	12350.6	21520	140145	19959.1	21782.3	17528.2	5950.98	4218.54	8007.59	925746	1300	7	1	0	0xd43f5e018b415631
stage53_condition_variable_safe_default	0	28	251591	12325.8	21838.6	139805	20136	21763.2	17459.9	5900.06	4197.58	8006.63	925311	1310	6	1	0	0xd43f5e018b415631
stage53_condition_variable_safe_default	0	29	251746	12269.5	21623	139992	19990.1	21866.5	17539.2	6030.69	4260.5	8041.42	926555	1302	7	1	0	0xd43f5e018b415631
stage53_condition_variable_safe_default	0	30	254792	12307	21692.3	142403	20130.1	22221.9	17580.2	5968.57	4288.75	8068.79	928971	1302	7	1	0	0xd43f5e018b415631
stage53_condition_variable_safe_default	0	31	252263	12440.6	21641.7	139852	20113.3	22121.7	17611.4	6018.69	4328	8005.8	926915	1313	4	1	0	0xd43f5e018b415631
stage53_condition_variable_safe_default	0	32	252175	12304.1	21798.2	139606	20290.8	22152.1	17761.6	5883.98	4261.87	7991.13	926592	1305	0	1	0	0xd43f5e018b415631
stage53_condition_variable_safe_default	0	33	252181	12465.4	21645.4	139563	20109.8	22079.1	17477.5	5849.69	4764.12	8094.71	925059	1315	2	1	0	0xd43f5e018b415631
stage53_condition_variable_safe_default	0	34	252290	12278	21755	139885	20138	21743.2	18013.4	6132.85	4258.87	7956.42	929032	1329	7	1	0	0xd43f5e018b415631
stage53_condition_variable_safe_default	0	35	252398	12310.3	21845.4	140408	19937	22184.7	17371.4	5947.07	4275.04	7985	927153	1312	3	1	0	0xd43f5e018b415631
stage53_condition_variable_safe_default	0	36	252120	12303.4	21841.2	139952	20202.6	22025.2	17561.4	5904.02	4195.45	7999.25	927106	1314	2	1	0	0xd43f5e018b415631
stage53_condition_variable_safe_default	0	37	252869	12339.5	21820.5	140082	20075	22341.7	17687	6087.15	4249.62	8045.55	928912	1316	2	1	0	0xd43f5e018b415631
stage53_condition_variable_safe_default	0	38	254203	12265.2	21697.6	141160	20156.3	22093.8	18400.8	6011.86	4264.88	8019.13	927886	1315	8	1	0	0xd43f5e018b415631
stage53_condition_variable_safe_default	0	39	253147	12331	21673.3	140242	20148.5	22397.6	17891.2	6014.06	4252.38	8069.63	928025	1316	5	1	0	0xd43f5e018b415631
stage53_condition_variable_safe_default	0	40	252587	12325.3	22004.1	140112	20062.3	22093.2	17528.7	5969.44	4291.42	8059.75	926474	1325	1	1	0	0xd43f5e018b415631
stage53_condition_variable_safe_default	0	41	251386	12274	21646.5	139046	20137.2	22101.5	17812.8	5869.4	4338.21	8032.09	925612	1300	1	1	0	0xd43f5e018b415631
stage53_condition_variable_safe_default	0	42	252404	12330.1	21899.1	139847	20138.9	22114.9	17514.4	6016.31	4284.75	8126.84	927199	1312	3	1	0	0xd43f5e018b415631
stage53_condition_variable_safe_default	0	43	252103	12333	21719.9	139757	20185.4	22419.9	17324.7	5807.07	4288.12	8130.34	924673	1314	4	1	0	0xd43f5e018b415631
stage53_condition_variable_safe_default	0	44	251774	12265.8	21711	139867	20120.8	21963.6	17569.9	5893.11	4274.5	7979.21	926569	1297	3	1	0	0xd43f5e018b415631
stage53_condition_variable_safe_default	0	45	252149	12310.2	21979.8	139987	20058.1	21949.4	17507.3	5944.23	4297.33	7987.84	926398	1302	0	1	0	0xd43f5e018b415631
stage53_condition_variable_safe_default	0	46	254861	12338.5	21834.7	142152	20017.1	22235.4	17659.1	6124.9	4335.25	8035.59	929007	1312	8	1	0	0xd43f5e018b415631
stage53_condition_variable_safe_default	0	47	252632	12314	21863.1	140054	20314.5	22118.2	17585.4	5968.27	4259.08	8024.25	926267	1332	1	1	0	0xd43f5e018b415631
stage53_condition_variable_safe_default	0	48	252634	12386.8	21682.2	140474	20267.3	21619.8	18129.9	5770.32	4211.29	7956.25	925500	1304	0	1	0	0xd43f5e018b415631
stage53_condition_variable_safe_default	0	49	251430	12303	21651.5	139662	20177.8	21728.3	17449.7	6065.11	4267.54	7996.84	925907	1306	1	1	0	0xd43f5e018b415631
stage53_condition_variable_safe_default	0	50	251791	12345.7	21949	139888	20193.7	21770.9	17473.9	5848.86	4203.21	7988.21	925780	1309	1	1	0	0xd43f5e018b415631
stage53_condition_variable_safe_default	0	51	252296	12269.4	21753.2	140195	20328.4	21717.4	17686.7	5917.19	4210.83	8092.34	927589	1334	4	1	0	0xd43f5e018b415631
stage53_condition_variable_safe_default	0	52	252177	12315.4	21736.7	139837	20146.7	22080.8	17984.4	5711.03	4239.88	8000.67	928288	1299	1	1	0	0xd43f5e018b415631
stage53_condition_variable_safe_default	0	53	252019	12264.9	21662.7	140183	20071.5	22073.1	17384.3	6128.69	4177.17	7946.09	927146	1309	0	1	0	0xd43f5e018b415631
stage53_condition_variable_safe_default	0	54	259497	12309.3	21929.9	147252	20157.3	22082.7	17664.6	5746.61	4172.79	8056.75	929837	1317	305	1	0	0xd43f5e018b415631
stage53_condition_variable_safe_default	0	55	251777	12297.7	21870.4	139818	19932.3	22032.4	17331.8	6136.65	4201.21	8024.34	925225	1311	3	1	0	0xd43f5e018b415631
stage53_condition_variable_safe_default	0	56	253984	12397.5	21999.9	139815	20222.7	22095.9	18961.9	5981.15	4385.75	7998.67	929695	1311	5	1	0	0xd43f5e018b415631
stage53_condition_variable_safe_default	0	57	251734	12331.5	21820.1	139383	19919.9	22093.1	17749.6	6006.9	4252.34	8041.71	926179	1310	1	1	0	0xd43f5e018b415631
stage53_condition_variable_safe_default	0	58	252416	12371.9	21935.3	139748	20249	22156.4	17671	5923.94	4231.58	7992.84	927332	1312	8	1	0	0xd43f5e018b415631
stage53_condition_variable_safe_default	0	59	252509	12412.8	21878.4	140160	20090.9	21804.7	17756.8	5921.15	4228.46	8118.34	928178	1318	3	1	0	0xd43f5e018b415631
stage53_condition_variable_safe_default	0	60	251684	12330.1	21722.2	139806	20159.7	21713	17720.6	5844.23	4231.08	8022.26	927247	1305	2	1	0	0xd43f5e018b415631
stage53_condition_variable_safe_default	0	61	251687	12328.6	21555.8	140201	20068.5	21929.7	17401.8	5881.15	4222.29	7972.05	925126	1321	1	1	0	0xd43f5e018b415631
stage53_condition_variable_safe_default	0	62	255120	12288	21813.6	142258	20370.6	22103.2	17852.3	5990.15	4315.41	8000.17	929701	1311	8	1	0	0xd43f5e018b415631
stage53_condition_variable_safe_default	0	63	251727	12262.2	21847.5	139497	20093.7	22045.8	17580.5	5870.48	4345.08	8050.63	925487	1305	0	1	0	0xd43f5e018b415631
stage53_condition_variable_safe_default	0	64	251838	12268.7	21658.5	139596	20109.3	22165.5	17489.3	6017.07	4307.79	8097.88	926119	1308	0	1	0	0xd43f5e018b415631
stage53_condition_variable_safe_default	0	65	251958	12312.1	21644.1	139846	20104.1	21939.2	17949.6	5765.36	4271.25	7994.96	928149	1300	0	1	0	0xd43f5e018b415631
stage53_condition_variable_safe_default	0	66	252231	12271.8	22028.5	139909	20076.7	21845.7	17633.4	6077.23	4253.96	7998.13	927464	1288	1	1	0	0xd43f5e018b415631
stage53_condition_variable_safe_default	0	67	252149	12606.9	21609.6	139889	20175	21761.1	17833	6002.53	4200.33	7941.96	927289	1309	6	1	0	0xd43f5e018b415631
stage53_condition_variable_safe_default	0	68	252516	12323.9	21697.8	140236	20103	21999	17564.7	6072.98	4370.79	8016.38	927681	1312	1	1	0	0xd43f5e018b415631
stage53_condition_variable_safe_default	0	69	251534	12272.3	21620	139665	20101.9	21995.1	17442.9	6071.4	4199.71	8001.46	925922	1311	0	1	0	0xd43f5e018b415631
stage53_condition_variable_safe_default	0	70	254317	12255.2	21683.3	142156	20052.6	22115.8	17767.5	5809.74	4329.62	8012.01	927975	1305	7	1	0	0xd43f5e018b415631
stage53_condition_variable_safe_default	0	71	251954	12307.8	21736.2	139845	20287.8	22082.8	17472.9	5823.49	4282.25	7983.51	925142	1309	8	1	0	0xd43f5e018b415631
stage53_condition_variable_safe_default	0	72	251656	12284.7	21623	139518	20164.8	22074.7	17586.1	5988.53	4266	8019.17	924934	1291	1	1	0	0xd43f5e018b415631
stage53_condition_variable_safe_default	0	73	251909	12295.1	21721	139742	20117.5	22067.2	17426.2	6102.61	4282.08	8026.71	926106	1298	0	1	0	0xd43f5e018b415631
stage53_condition_variable_safe_default	0	74	252789	12302.6	21829	140260	20228.8	21833.7	17861.1	6121.81	4258.16	7968.09	929899	1324	2	1	0	0xd43f5e018b415631
stage53_condition_variable_safe_default	0	75	252792	12282.9	21892.3	140166	20105.1	22064	17813.5	6084.69	4239.13	8006.92	929482	1321	9	1	0	0xd43f5e018b415631
stage53_condition_variable_safe_default	0	76	251824	12465.5	21618.2	140018	20026.6	21953.9	17553	5870.73	4196.92	7993.21	926392	1303	3	1	0	0xd43f5e018b415631
stage53_condition_variable_safe_default	0	77	251959	12322	21718	139690	20112.1	21867.2	17887.9	6037.52	4195.88	8003.88	927216	1311	2	1	0	0xd43f5e018b415631
stage53_condition_variable_safe_default	0	78	254368	12779.2	21700.7	142037	20121.3	21765.8	17667	5937.94	4228.09	8002.38	928539	1318	3	1	0	0xd43f5e018b415631
stage53_condition_variable_safe_default	0	79	253288	12319	21855.7	140538	20188.6	22013.3	17980.3	5973.23	4278.96	8008.17	929508	1329	8	1	0	0xd43f5e018b415631
stage53_condition_variable_safe_default	0	80	252858	12392.7	21925.5	139903	20049.6	22362.9	17928.6	5945.53	4210.83	8014.59	927790	1314	1	1	0	0xd43f5e018b415631
stage53_condition_variable_safe_default	0	81	252364	12328.8	21917.5	139630	20130	22191	17916.6	5869.07	4251.58	7990.84	928281	1296	0	1	0	0xd43f5e018b415631
stage53_condition_variable_safe_default	0	82	251991	12307.8	21845.9	139440	20050.2	22013.2	18057.9	5899.69	4243.58	8003.76	927599	1306	2	1	0	0xd43f5e018b415631
stage53_condition_variable_safe_default	0	83	251486	12301.7	21715.2	139625	20135.7	22084.8	17215.4	5998.9	4273.96	8001.38	924093	1299	7	1	0	0xd43f5e018b415631
stage53_condition_variable_safe_default	0	84	251932	12258.9	21823.2	139672	20129.1	22133.7	17632	5885.24	4259	8001.76	925909	1319	0	1	0	0xd43f5e018b415631
stage53_condition_variable_safe_default	0	85	252268	12343.4	21750.9	139568	20173.8	22038.3	17898.2	6063.06	4278.96	8029.84	926693	1310	1	1	0	0xd43f5e018b415631
stage53_condition_variable_safe_default	0	86	254534	14836.1	21697.3	139734	20025.5	22368	17622	5882.82	4233	8003.88	927903	1324	3	1	0	0xd43f5e018b415631
stage53_condition_variable_safe_default	0	87	251971	12333.9	21633.5	139154	20253.6	22281.1	17906.4	5982.57	4269.83	8030.26	926448	1308	4	1	0	0xd43f5e018b415631
stage53_condition_variable_safe_default	0	88	252524	12329.1	21673.9	139803	20271.1	22154.8	17822.7	5965.57	4351	8024.8	927282	1314	1	1	0	0xd43f5e018b415631
stage53_condition_variable_safe_default	0	89	251854	12337.4	21653.6	139948	20130.1	22168.6	17332.3	5889.28	4249.67	8016.05	926788	1310	0	1	0	0xd43f5e018b415631
stage53_condition_variable_safe_default	0	90	252193	12319.9	21681.6	139668	20122.3	21959.2	17914.2	6086.02	4290.29	8013.38	926981	1298	2	1	0	0xd43f5e018b415631
stage53_condition_variable_safe_default	0	91	252055	12283.9	21611	139780	20151.2	21933.8	17853.1	5991.36	4269.09	8050.13	926410	1309	7	1	0	0xd43f5e018b415631
stage53_condition_variable_safe_default	0	92	252072	12306.1	21641.7	140261	20243.3	21830.5	17421.4	5942.94	4311.16	7985.3	926262	1315	0	1	0	0xd43f5e018b415631
stage53_condition_variable_safe_default	0	93	251695	12255.3	21601.7	139949	20084.3	21781	17784.2	5854.24	4241.17	8011.59	925628	1304	0	1	0	0xd43f5e018b415631
stage53_condition_variable_safe_default	0	94	254518	14842.7	21790.3	140021	19997.1	22181.1	17385.5	5906.11	4270.62	7992.09	928606	1298	2	1	0	0xd43f5e018b415631
stage53_condition_variable_safe_default	0	95	251748	12303.2	21633.6	139623	20186.5	22235.7	17525.7	5949.11	4198.38	7965.38	926442	1300	2	1	0	0xd43f5e018b415631
stage53_condition_variable_safe_default	0	96	252315	12298.5	21887.5	139778	20099.6	22165.7	17769.4	5874.82	4317.37	7992.84	927534	1298	2	1	0	0xd43f5e018b415631
stage53_condition_variable_safe_default	0	97	252411	12288.7	21740.8	139816	20171.1	21898.2	18027	6003.65	4342.71	7996.59	928077	1319	0	1	0	0xd43f5e018b415631
stage53_condition_variable_safe_default	0	98	251767	12313.3	21821.9	139413	20382.2	21868.6	17506.4	6019.32	4305.75	8007.63	925868	1312	3	1	0	0xd43f5e018b415631
stage53_condition_variable_safe_default	0	99	251907	12344.2	21756.5	139603	20085.9	21942.7	17726.6	6001.4	4323.75	7993.09	927240	1314	6	1	0	0xd43f5e018b415631
stage53_condition_variable_safe_default	1	0	251291	12271.3	21531.1	139328	20179.6	22095.1	17625.7	5847.28	4240.33	8050.01	924858	1283	0	1	0	0xd43f5e018b415631
stage53_condition_variable_safe_default	1	1	251767	12298.7	21777.8	139795	20129.2	22071.9	17218.8	6039.02	4306.5	7997.09	924189	1308	3	1	0	0xd43f5e018b415631
stage53_condition_variable_safe_default	1	2	254623	14869.6	21734.3	139402	20052.3	22155.5	18135.4	5866.69	4215.96	8063.47	929862	1299	1	1	0	0xd43f5e018b415631
stage53_condition_variable_safe_default	1	3	252154	12245.4	21950	140019	20095.4	22397.2	17317.9	5739.82	4265.29	7996.26	926377	1321	2	1	0	0xd43f5e018b415631
stage53_condition_variable_safe_default	1	4	251704	12347.6	21737.7	139343	20021.1	22189	17762.8	5908.49	4255.13	8008.63	927016	1298	2	1	0	0xd43f5e018b415631
stage53_condition_variable_safe_default	1	5	252442	12279.2	22015.3	139869	20027.9	22132.3	17810.7	5848.57	4289.79	8037.17	927892	1303	0	1	0	0xd43f5e018b415631
stage53_condition_variable_safe_default	1	6	252123	12335.7	21787.9	139988	20135.6	22175.8	17322.3	5946.74	4290.67	8017.63	926821	1311	1	1	0	0xd43f5e018b415631
stage53_condition_variable_safe_default	1	7	252081	12290.8	21835.9	139623	20203.2	22062.8	17921.3	5750.91	4260.17	8011.22	927127	1316	10	1	0	0xd43f5e018b415631
stage53_condition_variable_safe_default	1	8	251672	12263.1	21713.5	139669	20137.1	22002.7	17688.2	5842.28	4261.83	7966.13	926163	1309	1	1	0	0xd43f5e018b415631
stage53_condition_variable_safe_default	1	9	252372	12260.8	21992.7	140143	20107.4	21901.3	17641.3	5825.2	4313.79	8053.51	927031	1319	2	1	0	0xd43f5e018b415631
stage53_condition_variable_safe_default	1	10	252045	12436.3	21713.8	140093	20290.1	21715.7	17495.6	6028.19	4204.88	7936.68	926252	1301	3	1	0	0xd43f5e018b415631
stage53_condition_variable_safe_default	1	11	252931	12361.1	21882.3	140428	20087.5	22057.2	17777	5977.07	4240.84	7982.22	929489	1308	8	1	0	0xd43f5e018b415631
stage53_condition_variable_safe_default	1	12	251895	12334.5	21604.7	139730	20011.1	21978.6	17829.1	6014.98	4244.63	8019.38	927678	1317	1	1	0	0xd43f5e018b415631
stage53_condition_variable_safe_default	1	13	256500	12288.3	21854.6	143790	20070.9	22432.3	17808.5	5884.32	4158.13	8077.92	928323	1308	8	1	0	0xd43f5e018b415631
stage53_condition_variable_safe_default	1	14	252044	12309.9	21748.4	139563	20127.6	22230.1	17704.5	5979.19	4210.09	8041.76	927619	1322	2	1	0	0xd43f5e018b415631
stage53_condition_variable_safe_default	1	15	252498	12308.1	21723.8	140124	20225	22173.4	17478.8	6060.4	4276.42	7998.26	927225	1324	7	1	0	0xd43f5e018b415631
stage53_condition_variable_safe_default	1	16	251919	12338.6	21730.6	139825	20069.7	22070.2	17711.8	5803.32	4331.09	7912.72	926422	1306	0	1	0	0xd43f5e018b415631
stage53_condition_variable_safe_default	1	17	254254	12277.1	21751.7	141069	20678.7	22052.5	17966.4	6019.03	4296.92	8009.3	930182	1328	4	1	0	0xd43f5e018b415631
stage53_condition_variable_safe_default	1	18	252559	12336.2	22151.2	140040	20118	22213.3	17535.4	5778.61	4249.83	8011.09	927038	1302	3	1	0	0xd43f5e018b415631
stage53_condition_variable_safe_default	1	19	251820	12385.1	21653.3	139995	20088.4	22366.2	17149.4	5872.19	4172.38	8004.8	924773	1302	3	1	0	0xd43f5e018b415631
stage53_condition_variable_safe_default	1	20	252795	12326.2	21759.1	139955	20269.3	22050.2	17951	6062.15	4297.38	7989.26	928088	1326	2	1	0	0xd43f5e018b415631
stage53_condition_variable_safe_default	1	21	252390	12767.5	21784.8	139881	20128.4	21881.3	17455.7	5902.03	4309.25	8101.8	925580	1321	3	1	0	0xd43f5e018b415631
stage53_condition_variable_safe_default	1	22	251463	12288.7	21765.1	139761	20089.4	21916.3	17223.3	5958.28	4314.33	8016.13	924892	1302	0	1	0	0xd43f5e018b415631
stage53_condition_variable_safe_default	1	23	252162	12300.8	21688.1	140009	20309.9	21802.5	17818.8	5810.45	4245.08	8056.63	926445	1310	8	1	0	0xd43f5e018b415631
stage53_condition_variable_safe_default	1	24	251647	12277.2	21745.8	140218	19898.9	21867.1	17478.3	5882.99	4192.46	7950.84	925628	1324	0	1	0	0xd43f5e018b415631
stage53_condition_variable_safe_default	1	25	254324	12269.8	21850.7	140635	20240	22233.7	18820.1	5852.74	4248.63	8046.47	929478	1311	3	1	0	0xd43f5e018b415631
stage53_condition_variable_safe_default	1	26	251646	12269.4	21646.2	139573	20105.9	22178.5	17656.7	5879.2	4230.29	7974.97	925743	1299	1	1	0	0xd43f5e018b415631
stage53_condition_variable_safe_default	1	27	251125	12272.9	21559.7	139294	20095.8	21812	17654.1	6038.36	4285.83	7986.59	924453	1299	1	1	0	0xd43f5e018b415631
stage53_condition_variable_safe_default	1	28	252578	12272.3	21728.7	139888	20251.7	22335.8	17902.3	5869.57	4173.58	8025.22	928409	1314	1	1	0	0xd43f5e018b415631
stage53_condition_variable_safe_default	1	29	252401	12317	21761.4	139712	19981.3	22145.1	18123.3	5941.78	4252.09	8032.93	928376	1309	2	1	0	0xd43f5e018b415631
stage53_condition_variable_safe_default	1	30	251552	12261.2	21714.3	139221	20011.3	22241.5	17672	5924.57	4338.25	8033.59	926367	1305	1	1	0	0xd43f5e018b415631
stage53_condition_variable_safe_default	1	31	252621	12263.5	21700.9	139670	20351.1	22240.3	18090.7	5906.4	4259.25	8013.93	928783	1307	8	1	0	0xd43f5e018b415631
stage53_condition_variable_safe_default	1	32	252352	12337.8	21816.8	140175	20005.8	21848.2	17928.5	5839.07	4276.71	7989.55	926968	1309	0	1	0	0xd43f5e018b415631
stage53_condition_variable_safe_default	1	33	255404	12290.3	21665.7	141132	20076.9	24354.1	17506.5	6010.28	4243.92	7991.84	929761	1303	10	1	0	0xd43f5e018b415631
stage53_condition_variable_safe_default	1	34	251709	12262.2	21744	139716	20100	21970.9	17696	5813.28	4263.46	7999.8	925173	1299	5	1	0	0xd43f5e018b415631
stage53_condition_variable_safe_default	1	35	251376	12279.7	21761.5	139423	19886.6	21989.8	17757.9	5817.99	4319.5	8007.76	925073	1304	1	1	0	0xd43f5e018b415631
stage53_condition_variable_safe_default	1	36	252432	12417.6	21546.8	139810	20169.1	21999.2	18112.8	6008.24	4248.71	7989.47	928468	1303	2	1	0	0xd43f5e018b415631
stage53_condition_variable_safe_default	1	37	251890	12279.1	21756.2	139753	20181.4	21996.5	17632.6	5888.07	4291.21	7977.18	926186	1338	2	1	0	0xd43f5e018b415631
stage53_condition_variable_safe_default	1	38	252684	12291.7	22506.3	139963	20251.1	22170	17237.3	5855.74	4287.5	7984.51	926846	1308	7	1	0	0xd43f5e018b415631
stage53_condition_variable_safe_default	1	39	251941	12300.6	21678.8	139871	20086.8	22178.6	17452.9	5931.95	4272	8035.97	926539	1305	2	1	0	0xd43f5e018b415631
stage53_condition_variable_safe_default	1	40	251678	12307.8	21851	139887	20138.6	22108.7	17170.9	5859.28	4211.04	8010.51	925534	1304	0	1	0	0xd43f5e018b415631
stage53_condition_variable_safe_default	1	41	255299	12254.4	21778.8	140001	21347.1	23249	18079.7	6184.94	4262.79	8001.64	931818	1318	2	1	0	0xd43f5e018b415631
stage53_condition_variable_safe_default	1	42	251791	12333.5	21841.7	139855	20265.1	21753.4	17528	5898.94	4180.29	8004.8	926183	1303	1	1	0	0xd43f5e018b415631
stage53_condition_variable_safe_default	1	43	251421	12235.2	21837.2	139585	20257.6	21996.5	17177.2	5960.9	4290.67	7953.01	924727	1317	2	1	0	0xd43f5e018b415631
stage53_condition_variable_safe_default	1	44	251994	12535.9	21955.2	139533	20163.4	21838	17692.7	5889.78	4265.12	7991.18	926887	1319	6	1	0	0xd43f5e018b415631
stage53_condition_variable_safe_default	1	45	251380	12291.2	21693	139682	19946.5	21912.8	17542.2	5917.53	4291.92	7973.39	925093	1316	1	1	0	0xd43f5e018b415631
stage53_condition_variable_safe_default	1	46	252024	12320.1	21702.5	139863	19924.1	22007.3	17837.7	5904.53	4335.63	8000.26	927435	1311	1	1	0	0xd43f5e018b415631
stage53_condition_variable_safe_default	1	47	252041	12268.3	21606.1	140002	20119.9	21792.3	17981.3	5911.32	4221.63	8014.68	927670	1311	1	1	0	0xd43f5e018b415631
stage53_condition_variable_safe_default	1	48	251738	12321.2	21806.8	140349	19971.1	21749.3	17226.6	5817.57	4347.04	8016.09	924134	1327	9	1	0	0xd43f5e018b415631
stage53_condition_variable_safe_default	1	49	254282	12270.4	21737.5	139942	22138.3	22250	17726.4	5856.11	4210.83	8025.09	928928	1322	2	1	0	0xd43f5e018b415631
stage53_condition_variable_safe_default	1	50	251944	12342.3	21736.9	139603	20156.9	22263	17400.9	5976.07	4250.71	8040.26	927062	1297	2	1	0	0xd43f5e018b415631
stage53_condition_variable_safe_default	1	51	252705	12320.4	22053.4	139761	20259.5	22047.5	17806.2	6074.78	4269.29	7988.55	927595	1307	3	1	0	0xd43f5e018b415631
stage53_condition_variable_safe_default	1	52	251950	12477.3	21844.7	139475	20015.9	21924	17777.2	6032.36	4278.42	7993.01	926762	1315	7	1	0	0xd43f5e018b415631
stage53_condition_variable_safe_default	1	53	252053	12297.8	21776.1	139779	20001.8	21919.1	17735.1	6147.57	4270.42	7998.09	927260	1321	1	1	0	0xd43f5e018b415631
stage53_condition_variable_safe_default	1	54	252056	12340.5	21483.2	140266	20223.9	21879.9	17784.5	5701.03	4277.76	7971.8	926738	1310	1	1	0	0xd43f5e018b415631
stage53_condition_variable_safe_default	1	55	251201	12314.1	21769.1	139484	20031.1	22007.2	17344.9	5812.82	4309.21	7998.47	924844	1305	4	1	0	0xd43f5e018b415631
stage53_condition_variable_safe_default	1	56	252369	12308.9	21617.2	139928	20115.4	21813.8	18091.1	6060.03	4283.96	8013.18	929983	1315	6	1	0	0xd43f5e018b415631
stage53_condition_variable_safe_default	1	57	254076	12251.8	21671.6	140060	20847.7	23364.5	17242	5807.36	4677.96	8023.59	927219	1303	5	1	0	0xd43f5e018b415631
stage53_condition_variable_safe_default	1	58	252168	12264.9	21824.7	139585	20215.7	22179.1	17905.7	5830.57	4215.34	8023.59	927441	1293	0	1	0	0xd43f5e018b415631
stage53_condition_variable_safe_default	1	59	252003	12300.3	21872.8	139220	20064.6	22287.9	17814.1	6037.11	4267.63	7998.34	927015	1306	3	1	0	0xd43f5e018b415631
stage53_condition_variable_safe_default	1	60	251775	12291	21932.4	139637	19944.1	22123.7	17490.8	5965.49	4251.71	8003.05	925863	1309	6	1	0	0xd43f5e018b415631
stage53_condition_variable_safe_default	1	61	252507	12338.8	21928.7	139898	20097	21979.8	18020.1	5830.53	4258.34	8024.18	927911	1319	1	1	0	0xd43f5e018b415631
stage53_condition_variable_safe_default	1	62	251539	12442.8	21707.3	139365	20088.8	22163.6	17376.3	5924.82	4329.92	8006.47	925433	1307	1	1	0	0xd43f5e018b415631
stage53_condition_variable_safe_default	1	63	251746	12292.4	21832	139501	20149.3	22049.3	17540.9	5892.9	4331.67	8021.26	926124	1307	1	1	0	0xd43f5e018b415631
stage53_condition_variable_safe_default	1	64	251917	12330.8	21810.7	139511	20269.2	22092.9	17489.3	5959.49	4289.71	8005.09	926570	1313	7	1	0	0xd43f5e018b415631
stage53_condition_variable_safe_default	1	65	254623	12295.5	21975.3	141119	19924.4	22387.2	18123.4	5893.95	4800.29	7971.43	931070	1312	3	1	0	0xd43f5e018b415631
stage53_condition_variable_safe_default	1	66	251124	12302.7	21731.2	139514	20103.8	21780.4	17387.4	5935.15	4314.54	7927.64	924382	1301	2	1	0	0xd43f5e018b415631
stage53_condition_variable_safe_default	1	67	251683	12261.4	21805.4	139653	20110.8	22018.3	17567.5	5932.11	4204.26	7999.55	926733	1303	3	1	0	0xd43f5e018b415631
stage53_condition_variable_safe_default	1	68	251974	12299	21995	139633	20167.3	21920.1	17652.4	6002.15	4190.71	7992.43	925999	1312	6	1	0	0xd43f5e018b415631
stage53_condition_variable_safe_default	1	69	252616	12312.9	21776.5	139914	20174	22295.2	17812.1	6014.9	4196.25	7983.64	928493	1315	1	1	0	0xd43f5e018b415631
stage53_condition_variable_safe_default	1	70	252302	12300.4	21678.8	139915	20028.4	22243.8	17731.1	6003.65	4235.09	8031.72	926583	1314	1	1	0	0xd43f5e018b415631
stage53_condition_variable_safe_default	1	71	251890	12301.3	21783.6	139255	19979.7	22166.7	17818.1	6040.4	4318	8033.6	927330	1305	4	1	0	0xd43f5e018b415631
stage53_condition_variable_safe_default	1	72	251514	12302.9	21666.9	139510	20045.2	22218.1	17345.7	5962.66	4320.04	8011.26	924895	1302	6	1	0	0xd43f5e018b415631
stage53_condition_variable_safe_default	1	73	253880	12288	21803.8	141218	20549.1	21905	17764	5878.82	4355.84	7992.01	928187	1311	3	1	0	0xd43f5e018b415631
stage53_condition_variable_safe_default	1	74	255209	15620.1	21744.1	139669	20049.7	21915.6	17558.1	5966.99	4276.84	8273.93	925930	1322	2	1	0	0xd43f5e018b415631
stage53_condition_variable_safe_default	1	75	251963	12282.4	21702.1	140334	20127.6	21807.8	17352.4	6034.7	4215.88	7979.8	927241	1300	2	1	0	0xd43f5e018b415631
stage53_condition_variable_safe_default	1	76	252454	12330.2	21779.2	139845	20049.9	22356.5	17837.5	5928.41	4206.13	7993.35	928015	1318	6	1	0	0xd43f5e018b415631
stage53_condition_variable_safe_default	1	77	253380	12279.6	21740.2	140297	20352.9	22432	17898.2	5989.49	4187.59	8076.1	929765	1298	5	1	0	0xd43f5e018b415631
stage53_condition_variable_safe_default	1	78	251890	12321.6	21713.6	139406	20093	22231.6	17630	6113.24	4271.67	7978.47	926007	1303	0	1	0	0xd43f5e018b415631
stage53_condition_variable_safe_default	1	79	251997	12319.4	21751.2	139677	20024.5	22200.5	17593.6	5959.7	4318.88	8012.72	927091	1316	1	1	0	0xd43f5e018b415631
stage53_condition_variable_safe_default	1	80	252219	12278.9	21757.5	139726	20276.9	22228.7	17316.5	6262.74	4245.3	7997.35	926588	1305	1	1	0	0xd43f5e018b415631
stage53_condition_variable_safe_default	1	81	254950	12277.2	21742.4	141807	20695.6	22140.7	17937.9	5985.95	4229.09	8005.01	930630	1323	2	1	0	0xd43f5e018b415631
stage53_condition_variable_safe_default	1	82	251816	12322.1	21766.1	140061	20044.5	22200.3	17274.1	5744.82	4264.42	8011.47	925326	1305	0	1	0	0xd43f5e018b415631
stage53_condition_variable_safe_default	1	83	251847	12314.8	21712.8	139248	20157.4	22254.9	17934.7	5830.66	4226.71	7988.8	926481	1303	3	1	0	0xd43f5e018b415631
stage53_condition_variable_safe_default	1	84	252280	12298.2	21952.7	139861	20021.7	22251.9	17466.5	5942.91	4299.29	8051.97	927104	1291	6	1	0	0xd43f5e018b415631
stage53_condition_variable_safe_default	1	85	251648	12277.4	21690.6	139499	20041.9	22237.8	17549.8	5930.99	4283.71	8009.26	925656	1295	1	1	0	0xd43f5e018b415631
stage53_condition_variable_safe_default	1	86	251756	12320.5	21718	139772	20108.8	22295.5	17290.6	5853.95	4259.63	8004.39	924725	1317	2	1	0	0xd43f5e018b415631
stage53_condition_variable_safe_default	1	87	252438	12289.2	21847	139946	20185.3	22150.1	17765.1	5827.45	4280.09	8019.35	927856	1305	3	1	0	0xd43f5e018b415631
stage53_condition_variable_safe_default	1	88	251909	12344.7	21806.8	139296	20127.9	22047.3	17745.3	6099.32	4305.33	8004.1	925986	1311	5	1	0	0xd43f5e018b415631
stage53_condition_variable_safe_default	1	89	255052	12353.8	21725.1	141819	20165.5	22221.3	18234.1	6124.9	4257.17	8014.47	931018	1315	4	1	0	0xd43f5e018b415631
stage53_condition_variable_safe_default	1	90	252235	12237.2	21624.8	139670	20143.8	22192.1	17988.6	6020.66	4233.92	7997.22	926323	1312	1	1	0	0xd43f5e018b415631
stage53_condition_variable_safe_default	1	91	252099	12288.9	21860.4	139712	19931.6	22074.3	17810	6013.69	4274.79	8009.93	927324	1313	1	1	0	0xd43f5e018b415631
stage53_condition_variable_safe_default	1	92	252123	12328.1	21864.5	139667	20248.1	22025.4	17617.5	5882.07	4322.34	8036.76	925837	1310	6	1	0	0xd43f5e018b415631
stage53_condition_variable_safe_default	1	93	252008	12249.3	21812.2	139700	20098.7	21957.1	17978.8	5875.82	4216.63	7991.31	928709	1312	3	1	0	0xd43f5e018b415631
stage53_condition_variable_safe_default	1	94	251523	12285.2	21763.2	139145	20213.9	22000.3	17530.5	6125.03	4283.88	8046.35	926343	1317	0	1	0	0xd43f5e018b415631
stage53_condition_variable_safe_default	1	95	251499	12331	21619	139575	19943.2	22071.4	17494.2	6042.78	4272.21	8024.56	925617	1304	1	1	0	0xd43f5e018b415631
stage53_condition_variable_safe_default	1	96	251791	12315.3	21872.1	139585	20215.6	22162.4	17374.7	5900.82	4267.5	7970.26	925744	1303	6	1	0	0xd43f5e018b415631
stage53_condition_variable_safe_default	1	97	255576	12444.2	21749	142329	20377.7	22088	18104	6018.32	4304	8022.68	931069	1335	8	1	0	0xd43f5e018b415631
stage53_condition_variable_safe_default	1	98	251838	12317.9	22030.7	139354	20054.5	22183.1	17361.2	6112.03	4241.21	8054.93	925645	1321	1	1	0	0xd43f5e018b415631
stage53_condition_variable_safe_default	1	99	251879	12295.7	21651.6	139291	20329.2	22371.4	17535.4	5985.99	4251.17	8038.47	925719	1308	2	1	0	0xd43f5e018b415631
stage53_condition_variable_safe_default	2	0	252077	12326.8	21994.2	139766	20110.9	21955.6	17734.4	5859.49	4207.55	7989.43	926726	1305	6	1	0	0xd43f5e018b415631
stage53_condition_variable_safe_default	2	1	251881	12316.3	21575.1	139569	20204.2	22032.3	17963.2	5835.99	4244.3	8004.89	926865	1309	2	1	0	0xd43f5e018b415631
stage53_condition_variable_safe_default	2	2	252003	12331.7	21737	139520	20087.9	21917.4	17935.6	6041.41	4285.63	8014.68	926751	1300	1	1	0	0xd43f5e018b415631
stage53_condition_variable_safe_default	2	3	251744	12315.5	21595.4	139845	20085.4	22014.2	17293.9	6224.53	4274.92	7964.43	925563	1317	2	1	0	0xd43f5e018b415631
stage53_condition_variable_safe_default	2	4	251714	12332.5	21771.6	139631	20053.8	22061.6	17381.7	6006.4	4336.05	8012.85	925100	1299	3	1	0	0xd43f5e018b415631
stage53_condition_variable_safe_default	2	5	254906	12318.3	21759.3	141948	20254.7	22058.7	18315.2	5872.57	4198.22	8051.72	931044	1313	1	1	0	0xd43f5e018b415631
stage53_condition_variable_safe_default	2	6	252109	12314.9	21822.3	139397	20124.3	22158.3	18006.2	5829.24	4313.17	8009.47	927225	1307	0	1	0	0xd43f5e018b415631
stage53_condition_variable_safe_default	2	7	252269	12307.4	21811.1	139843	20150.1	22134.4	17362.8	6187.07	4329.96	8010.51	927417	1311	1	1	0	0xd43f5e018b415631
stage53_condition_variable_safe_default	2	8	251904	12334.3	21779.3	139544	20219.7	22087.6	17676.5	5910.03	4214.38	8004.1	926645	1312	0	1	0	0xd43f5e018b415631
stage53_condition_variable_safe_default	2	9	253845	12354.4	21869.1	140427	20329.7	21700.5	18280.9	6399.98	4260.5	8056.97	931607	1306	3	1	0	0xd43f5e018b415631
stage53_condition_variable_safe_default	2	10	251953	12344.2	21728.8	139882	20147.9	21990.3	17756.5	5806.78	4196.96	7975.72	926362	1314	1	1	0	0xd43f5e018b415631
stage53_condition_variable_safe_default	2	11	252615	12303.9	21822.3	139848	20143	22324	17831.3	5957.7	4233.34	7970.35	928114	1311	0	1	0	0xd43f5e018b415631
stage53_condition_variable_safe_default	2	12	252042	12280.6	21776.1	139768	20101	22329.3	17426.6	5950.16	4223.09	8061.31	926689	1306	3	1	0	0xd43f5e018b415631
stage53_condition_variable_safe_default	2	13	254420	12382.9	21819.8	141034	21521	21772.3	17565	5934.41	4291.17	7968.14	928026	1331	2	1	0	0xd43f5e018b415631
stage53_condition_variable_safe_default	2	14	251612	12308.8	21676.8	139683	20152.5	22099.9	17388.8	5959.66	4226.13	7990.68	926962	1308	1	1	0	0xd43f5e018b415631
stage53_condition_variable_safe_default	2	15	252025	12318.5	21802.7	140054	20052.2	22023.1	17439.3	5942.91	4258.21	8005.39	927375	1310	1	1	0	0xd43f5e018b415631
stage53_condition_variable_safe_default	2	16	251606	12291.2	21930.4	139912	19935.8	22003.9	17407.5	5796.7	4211.76	7987.6	925065	1306	0	1	0	0xd43f5e018b415631
stage53_condition_variable_safe_default	2	17	253296	12607.4	22033.1	139946	20128	22447	17768.5	6025.78	4187.42	8021.47	927444	1307	9	1	0	0xd43f5e018b415631
stage53_condition_variable_safe_default	2	18	252553	12300.5	21896.2	140225	20279.9	22165.7	17346.3	5872.78	4315.3	8022.39	926848	1308	1	1	0	0xd43f5e018b415631
stage53_condition_variable_safe_default	2	19	251923	12342	21747	139665	20123.5	21995.8	17882.3	5785.91	4231.3	8019.39	927118	1302	0	1	0	0xd43f5e018b415631
stage53_condition_variable_safe_default	2	20	252187	12274.6	21726.4	139767	20039.3	21991	17985.8	5982.65	4256.21	8026.89	926215	1315	4	1	0	0xd43f5e018b415631
stage53_condition_variable_safe_default	2	21	254993	12314.9	21811.5	142049	20470.7	21942.6	18127.5	5876.2	4206.75	8030.39	929490	1320	7	1	0	0xd43f5e018b415631
stage53_condition_variable_safe_default	2	22	251981	12333.7	21735.1	139678	20257.7	22205.9	17375.2	6023.49	4264.71	7977.35	925623	1311	1	1	0	0xd43f5e018b415631
stage53_condition_variable_safe_default	2	23	251574	12260.4	21790.3	139445	20009.5	22189.8	17667.9	5814.7	4231.46	8023.18	925455	1297	1	1	0	0xd43f5e018b415631
stage53_condition_variable_safe_default	2	24	252004	12258.8	21730	139662	20327.3	22084.4	17687.4	5815.87	4284.54	8023.51	925593	1321	0	1	0	0xd43f5e018b415631
stage53_condition_variable_safe_default	2	25	252080	12321.4	21768	139913	20073	22129.5	17606.2	5837.74	4316.42	7990.14	927119	1315	2	1	0	0xd43f5e018b415631
stage53_condition_variable_safe_default	2	26	252186	12339	21857.9	139848	20248.1	21956.1	17629.9	5882.29	4282.13	8012.02	926628	1320	1	1	0	0xd43f5e018b415631
stage53_condition_variable_safe_default	2	27	251420	12330.8	21628.2	139385	20076.9	21952.5	17824.9	5761.62	4321.76	8002.06	925695	1293	1	1	0	0xd43f5e018b415631
stage53_condition_variable_safe_default	2	28	252281	12280.5	21795	140010	20287.9	22064.3	17421.4	6006.86	4254.21	8031.43	925747	1299	4	1	0	0xd43f5e018b415631
stage53_condition_variable_safe_default	2	29	253506	12265.9	21625.2	141976	20008.5	21505.9	17740.2	6037.41	4235.46	7982.06	928110	1314	8	1	0	0xd43f5e018b415631
stage53_condition_variable_safe_default	2	30	252386	12323.7	21957	139552	20110.6	22313.2	17879.3	5926.2	4180.34	8006.18	927771	1307	1	1	0	0xd43f5e018b415631
stage53_condition_variable_safe_default	2	31	252317	12264.2	21911.3	139886	20086.6	22224.8	17568.4	5934.41	4306.51	8006.68	925329	1318	2	1	0	0xd43f5e018b415631
stage53_condition_variable_safe_default	2	32	252306	12310.7	21915	139580	20156	22300.7	17725.8	5891.62	4328.17	7967.02	927020	1307	2	1	0	0xd43f5e018b415631
stage53_condition_variable_safe_default	2	33	251839	12271.9	21843.7	139404	19992.1	22049.4	17717.9	6053.28	4346.8	8024.43	926575	1312	7	1	0	0xd43f5e018b415631
stage53_condition_variable_safe_default	2	34	252622	12271.4	21909.5	139921	20047.1	22415.4	17752.1	5913.37	4242.51	8024.52	926509	1321	7	1	0	0xd43f5e018b415631
stage53_condition_variable_safe_default	2	35	251706	12380.6	21636.2	139745	20185	21843.6	17682	5831.37	4276.8	7999.35	927022	1307	1	1	0	0xd43f5e018b415631
stage53_condition_variable_safe_default	2	36	251685	12304.9	21565.1	139596	20199.6	21990.7	17553.3	6039.78	4316.84	7983.77	925738	1314	4	1	0	0xd43f5e018b415631
stage53_condition_variable_safe_default	2	37	254852	12299.7	21890.2	141583	21260.2	21954.7	17546.1	6022.03	4167.71	7996.85	929591	1318	9	1	0	0xd43f5e018b415631
stage53_condition_variable_safe_default	2	38	252369	12295.4	22010.3	139619	20055.5	22158.3	17523.9	6236.11	4296.67	8043.22	927717	1315	1	1	0	0xd43f5e018b415631
stage53_condition_variable_safe_default	2	39	252171	12334.6	21756.9	139983	20273	21877.5	17745.3	5826.16	4255.42	7990.47	926087	1311	1	1	0	0xd43f5e018b415631
stage53_condition_variable_safe_default	2	40	252323	12282.6	21677.9	139671	20115.6	21826.6	18058.9	6337.57	4196.01	7972.1	927964	1314	1	1	0	0xd43f5e018b415631
stage53_condition_variable_safe_default	2	41	252121	12308.9	21797	139729	20124.4	22321	17570.6	5885.41	4267.05	7986.85	927822	1311	8	1	0	0xd43f5e018b415631
stage53_condition_variable_safe_default	2	42	251877	12289.8	21688.7	140072	20091.8	22122	17462.7	5812.04	4199	8008.22	926438	1306	2	1	0	0xd43f5e018b415631
stage53_condition_variable_safe_default	2	43	251877	12232.1	21670.5	139863	20086.4	22080	17732.4	5861.49	4211	8006.02	926611	1297	0	1	0	0xd43f5e018b415631
stage53_condition_variable_safe_default	2	44	252040	12233.4	21817.5	140276	20167.2	22005.6	17294.9	5899.91	4222.09	7996.31	926121	1306	1	1	0	0xd43f5e018b415631
stage53_condition_variable_safe_default	2	45	255209	12337.4	21832.1	142694	20193.8	22136.8	17910.2	5909.33	4167.38	7900.27	931936	1311	3	1	0	0xd43f5e018b415631
stage53_condition_variable_safe_default	2	46	251557	12333.9	21698.1	139686	20134.2	21793.4	17542.5	5968.74	4244.71	8019.14	926234	1307	0	1	0	0xd43f5e018b415631
stage53_condition_variable_safe_default	2	47	251904	12324.8	21728.2	140075	20326.1	21838	17373.4	5920.37	4183.63	8001.02	926092	1320	1	1	0	0xd43f5e018b415631
stage53_condition_variable_safe_default	2	48	251779	12273.3	21687.4	140121	20242.2	21832.8	17407.5	5844.78	4237.92	8000.64	926566	1301	0	1	0	0xd43f5e018b415631
stage53_condition_variable_safe_default	2	49	252309	12313.8	21811.4	140077	20105.2	21857.1	17831.7	5974.91	4200.63	8006.93	926577	1324	8	1	0	0xd43f5e018b415631
stage53_condition_variable_safe_default	2	50	250871	12266.9	21693.7	139453	20020.7	21840.9	17316.4	5870.99	4234.38	8035.39	924017	1307	2	1	0	0xd43f5e018b415631
stage53_condition_variable_safe_default	2	51	251202	12258.8	21713.9	138953	20254.3	22192.7	17411.9	5974.41	4303.01	8001.89	924746	1299	0	1	0	0xd43f5e018b415631
stage53_condition_variable_safe_default	2	52	252748	12333.5	21883.8	140140	20156	21836.4	18231.9	5802.66	4263.51	7968.18	929565	1310	3	1	0	0xd43f5e018b415631
stage53_condition_variable_safe_default	2	53	254412	12334.4	21688.7	142298	20188.2	21948.4	17597.1	5935.07	4279.96	8010.89	927846	1328	6	1	0	0xd43f5e018b415631
stage53_condition_variable_safe_default	2	54	251713	12346.4	21789.9	139470	20216.4	22301.2	17299.4	5850.24	4229.34	8072.89	925373	1309	1	1	0	0xd43f5e018b415631
stage53_condition_variable_safe_default	2	55	251471	12348.9	21790.4	139468	19972	22196.4	17409.1	5942.28	4214.55	7995.02	925543	1291	0	1	0	0xd43f5e018b415631
stage53_condition_variable_safe_default	2	56	252161	12332.7	21849	139696	20027.3	22200.7	17720.1	6004.62	4197.96	7998.85	926882	1303	1	1	0	0xd43f5e018b415631
stage53_condition_variable_safe_default	2	57	252490	12320.2	21992.9	139701	20210	22009.8	17904.4	5964.74	4272.01	7979.6	928536	1312	1	1	0	0xd43f5e018b415631
stage53_condition_variable_safe_default	2	58	252231	12339.9	22054.2	139870	20053.6	21953.1	17693.9	5835.99	4248.59	8038.89	926323	1310	0	1	0	0xd43f5e018b415631
stage53_condition_variable_safe_default	2	59	252011	12342	21683.3	139864	20111.7	21874.6	17617	6112.49	4277.8	7995.02	926759	1317	1	1	0	0xd43f5e018b415631
stage53_condition_variable_safe_default	2	60	251170	12322.5	21682.2	139474	19918.3	22134.7	17354.8	5877.53	4240.38	8036.43	924589	1295	4	1	0	0xd43f5e018b415631
stage53_condition_variable_safe_default	2	61	253832	12327.9	21650.1	141334	20048.9	21781.4	17998.9	6243.7	4273.84	8049.72	928511	1317	9	1	0	0xd43f5e018b415631
stage53_condition_variable_safe_default	2	62	252631	12281.6	21864.4	139905	20145.9	22292.5	17707.6	5964.95	4264.96	8071.1	928827	1332	2	1	0	0xd43f5e018b415631
stage53_condition_variable_safe_default	2	63	251267	12295.9	21800.9	139399	20097.2	21867.2	17499.8	5966.74	4251.38	7963.64	924441	1306	0	1	0	0xd43f5e018b415631
stage53_condition_variable_safe_default	2	64	252539	12284.5	21737.6	140450	20158.7	22345.1	17371.2	5932.66	4171.96	7964.64	926153	1313	1	1	0	0xd43f5e018b415631
stage53_condition_variable_safe_default	2	65	252034	12318.6	21497.2	139427	20193.9	22233.9	18190.6	5875.03	4214.92	7957.77	927528	1311	7	1	0	0xd43f5e018b415631
stage53_condition_variable_safe_default	2	66	251939	12324.8	22001.2	139688	20002.5	22149.9	17279.9	5987.78	4303.88	8063.98	925531	1311	2	1	0	0xd43f5e018b415631
stage53_condition_variable_safe_default	2	67	251913	12321.6	21824.8	139574	20219.6	22114	17264.6	6089.82	4347.43	8026.98	925876	1302	2	1	0	0xd43f5e018b415631
stage53_condition_variable_safe_default	2	68	252429	12260.3	22035.2	139683	19911	22218.4	18053.4	5925.07	4247.13	7964.52	927857	1311	3	1	0	0xd43f5e018b415631
stage53_condition_variable_safe_default	2	69	254553	12291.4	22065.2	141605	20251.4	22130.2	18008	5815.74	4240.88	8009.1	928237	1329	0	1	0	0xd43f5e018b415631
stage53_condition_variable_safe_default	2	70	252437	12282.7	22197.8	139894	20165.5	22205.9	17240.8	6005.45	4292.46	8019.6	926450	1318	0	1	0	0xd43f5e018b415631
stage53_condition_variable_safe_default	2	71	252864	12338.6	21754	139554	20233	22481.1	18305.9	5765.37	4339.42	7963.02	927772	1311	1	1	0	0xd43f5e018b415631
stage53_condition_variable_safe_default	2	72	251742	12328.5	21844.5	139701	20162.7	21931	17524.1	5900.28	4255.76	7962.35	926662	1315	3	1	0	0xd43f5e018b415631
stage53_condition_variable_safe_default	2	73	251751	12317.4	21923.2	139766	19913.8	21930.3	17579.6	5903.99	4305.92	7972.14	926147	1321	4	1	0	0xd43f5e018b415631
stage53_condition_variable_safe_default	2	74	251604	12239.9	21893.7	139414	20045.9	21987.9	17730	5866.7	4335.18	7960.1	926291	1314	0	1	0	0xd43f5e018b415631
stage53_condition_variable_safe_default	2	75	252036	12332.1	21825.4	140213	19971.3	21919.5	17525.2	5870.7	4237.05	8009.85	926900	1316	0	1	0	0xd43f5e018b415631
stage53_condition_variable_safe_default	2	76	251696	12315.1	21558.8	139707	20223	21927.2	17470.1	6105.2	4268.84	7993.73	925853	1299	5	1	0	0xd43f5e018b415631
stage53_condition_variable_safe_default	2	77	254964	12263.2	21916.2	142359	19976.2	22256.4	17874.3	5860.45	4302.92	8017.6	929128	1311	4	1	0	0xd43f5e018b415631
stage53_condition_variable_safe_default	2	78	252284	12332.5	21874.2	139645	20270.3	22139.6	17740.1	5878.95	4284.09	7982.44	927537	1298	2	1	0	0xd43f5e018b415631
stage53_condition_variable_safe_default	2	79	251745	12279.5	21906.5	139435	20217.7	22189.8	17339.2	5955.99	4302.96	7986.94	925821	1302	0	1	0	0xd43f5e018b415631
stage53_condition_variable_safe_default	2	80	252011	12330.6	21852	139554	20104.2	22029.6	17749.4	6043.79	4258.05	7953.77	927717	1306	0	1	0	0xd43f5e018b415631
stage53_condition_variable_safe_default	2	81	252140	12259.9	21809.6	139904	20309.7	21849.9	17737.1	5846.08	4282.84	8008.14	927139	1297	3	1	0	0xd43f5e018b415631
stage53_condition_variable_safe_default	2	82	251732	12265.5	21642.9	139922	20156.2	21882	17650.9	5821.12	4260.8	7995.43	925753	1293	1	1	0	0xd43f5e018b415631
stage53_condition_variable_safe_default	2	83	251204	12260.4	21652.9	139591	20103.1	22102.7	17233.8	5901.78	4250.63	7981.1	924116	1287	1	1	0	0xd43f5e018b415631
stage53_condition_variable_safe_default	2	84	252287	12349.7	21761.9	139985	20100.5	21980.5	17773.1	5838.78	4350.51	8020.27	926203	1307	2	1	0	0xd43f5e018b415631
stage53_condition_variable_safe_default	2	85	254889	12252.7	21795	142772	20006.3	22078.9	17492.5	6074.87	4245.05	8037.69	928019	1301	4	1	0	0xd43f5e018b415631
stage53_condition_variable_safe_default	2	86	251650	12267.9	21817.3	139496	20058.1	22305.4	17376.4	5867.7	4322.3	8003.56	926351	1293	2	1	0	0xd43f5e018b415631
stage53_condition_variable_safe_default	2	87	252014	12363.7	21914.7	139651	20225.1	22319.9	17381.7	5757.2	4262.42	8007.98	925872	1310	0	1	0	0xd43f5e018b415631
stage53_condition_variable_safe_default	2	88	252564	12280.1	21732	139951	20125.7	22428.7	17683.2	5932.08	4270.75	8032.89	927379	1307	2	1	0	0xd43f5e018b415631
stage53_condition_variable_safe_default	2	89	251966	12272.1	21662.3	139952	20233.7	21960.9	17732.2	5772.58	4236.26	8008.77	926360	1299	0	1	0	0xd43f5e018b415631
stage53_condition_variable_safe_default	2	90	252074	12563.9	21674.4	139783	20201	21964.1	17517.8	5890.74	4376.01	7975.94	925579	1318	7	1	0	0xd43f5e018b415631
stage53_condition_variable_safe_default	2	91	251868	12334.4	21755.8	139580	20266.8	21881.2	17777.5	5829.54	4312.71	7996.77	926364	1319	0	1	0	0xd43f5e018b415631
stage53_condition_variable_safe_default	2	92	252179	12312.1	21638.5	140601	20150.7	21664.5	17588.9	5892.45	4207.05	7987.35	925396	1315	5	1	0	0xd43f5e018b415631
stage53_condition_variable_safe_default	2	93	254727	12334.3	21737.8	142042	20245.9	21869.4	17623	6425.74	4316.84	7995.98	929351	1320	4	1	0	0xd43f5e018b415631
stage53_condition_variable_safe_default	2	94	252122	12341.6	21780.3	139670	20161.7	21980.9	17799.9	5997.7	4252.34	8004.69	926615	1297	9	1	0	0xd43f5e018b415631
stage53_condition_variable_safe_default	2	95	252157	12316.1	21652.6	139872	20244.1	21833.5	18038.6	5869.54	4229.92	7974.89	928028	1304	0	1	0	0xd43f5e018b415631
stage53_condition_variable_safe_default	2	96	251996	12301.7	21829.2	140042	20293.6	21726	17513.2	5734.7	4302.14	8121.69	926106	1316	6	1	0	0xd43f5e018b415631
stage53_condition_variable_safe_default	2	97	251674	12301.2	21611.8	139903	20135.9	21766.8	17645.9	5908.12	4323.8	7955.02	925585	1317	0	1	0	0xd43f5e018b415631
stage53_condition_variable_safe_default	2	98	251567	12275.7	21656	139769	20002.3	21918.9	17673.3	5872.53	4269.01	7997.44	925243	1307	5	1	0	0xd43f5e018b415631
stage53_condition_variable_safe_default	2	99	251452	12270.6	21907.5	139262	20008.2	22033	17559.1	5913.16	4345.3	8011.98	925351	1300	2	1	0	0xd43f5e018b415631
stage53_condition_variable_safe_default	3	0	251951	12275.2	21786.2	139538	20301.3	21994	17493.1	6186.03	4238.59	8010.69	924340	1307	3	1	0	0xd43f5e018b415631
stage53_condition_variable_safe_default	3	1	254982	12307.7	21916.7	142195	20023	22005.9	18204	5887.49	4325.88	7990.98	930657	1323	1	1	0	0xd43f5e018b415631
stage53_condition_variable_safe_default	3	2	252587	12336.3	21760.5	140060	20040.7	22028.8	17942.5	6021.87	4276.84	7992.31	928089	1320	6	1	0	0xd43f5e018b415631
stage53_condition_variable_safe_default	3	3	252053	12252.1	21776.9	139721	20076.6	21912.4	18042.4	5929.49	4235.64	7972.89	928882	1304	0	1	0	0xd43f5e018b415631
stage53_condition_variable_safe_default	3	4	251945	12320.2	21774.5	139782	20199	22002.1	17498.4	5983.45	4252.38	7996.81	925959	1319	2	1	0	0xd43f5e018b415631
stage53_condition_variable_safe_default	3	5	251630	12277.9	21749.5	139754	20007.3	21900.7	17587.6	6004.7	4190.97	8034.85	926023	1302	1	1	0	0xd43f5e018b415631
stage53_condition_variable_safe_default	3	6	252346	12314.9	21814.3	140535	20146	21702.2	17607.8	6008.49	4182.09	7903.31	927607	1311	6	1	0	0xd43f5e018b415631
stage53_condition_variable_safe_default	3	7	252654	12978	21697.7	140186	20082.6	22020.2	17513.1	5880.41	4180.26	7988.1	926895	1321	1	1	0	0xd43f5e018b415631
stage53_condition_variable_safe_default	3	8	252717	12351.7	22011.1	139782	20153.2	22415	17619.2	5990.49	4240.3	8019.31	927259	1328	7	1	0	0xd43f5e018b415631
stage53_condition_variable_safe_default	3	9	255129	12825.4	21665.8	141662	20136.6	21765.1	18559.9	6168.2	4203.43	8010.02	932293	1316	3	1	0	0xd43f5e018b415631
stage53_condition_variable_safe_default	3	10	252662	12327.3	21691.8	139830	20071.9	22467.8	17905.7	6013.45	4246.88	7978.48	928368	1318	6	1	0	0xd43f5e018b415631
stage53_condition_variable_safe_default	3	11	252277	12332.9	21731.4	139605	19980.8	22260.5	17803.4	6068.74	4350.38	8008.85	926768	1304	0	1	0	0xd43f5e018b415631
stage53_condition_variable_safe_default	3	12	251897	12399.3	21684.9	139779	19937.4	22156.1	17773.4	5793.16	4223.92	8029.98	927198	1299	2	1	0	0xd43f5e018b415631
stage53_condition_variable_safe_default	3	13	252012	12344.1	21813.8	139432	20030	22131.7	17907.7	5976.45	4242.71	8001.23	928669	1303	2	1	0	0xd43f5e018b415631
stage53_condition_variable_safe_default	3	14	252372	12343	21835	139879	20087.6	21907	17973.9	5971.41	4246.8	7999.19	928078	1306	6	1	0	0xd43f5e018b415631
stage53_condition_variable_safe_default	3	15	251970	12239.2	21814.9	139788	20083.6	21855.7	17903.7	5896.91	4256.84	7998.27	926877	1311	1	1	0	0xd43f5e018b415631
stage53_condition_variable_safe_default	3	16	252298	12444.2	21965.4	140130	20194.8	21768.1	17571.2	5846.91	4262.8	7983.56	927380	1327	3	1	0	0xd43f5e018b415631
stage53_condition_variable_safe_default	3	17	252920	12279.7	21701.9	140297	19914.2	22106.2	18434.4	5751.16	4236.26	8072.39	926545	1310	3	1	0	0xd43f5e018b415631
stage53_condition_variable_safe_default	3	18	251439	12334.2	21726	139523	20166.2	22037.3	17296	5943.32	4287.51	7998.23	925692	1305	6	1	0	0xd43f5e018b415631
stage53_condition_variable_safe_default	3	19	252229	12289.1	21892.7	139867	20116.9	22001.9	17771.5	5965.83	4165.43	8018.31	928664	1300	1	1	0	0xd43f5e018b415631
stage53_condition_variable_safe_default	3	20	252731	12332.4	21764.8	140088	20104.8	22436.2	17527.1	6068.87	4217.55	8052.4	928037	1312	0	1	0	0xd43f5e018b415631
stage53_condition_variable_safe_default	3	21	252167	12301.6	21938.5	139371	20251.3	22199.6	17834.4	5837.04	4293.26	8007.27	927149	1313	1	1	0	0xd43f5e018b415631
stage53_condition_variable_safe_default	3	22	251879	12300.4	21625.5	139771	20016.1	22151	17554.9	5881.08	4404.09	8044.56	925140	1306	7	1	0	0xd43f5e018b415631
stage53_condition_variable_safe_default	3	23	251990	12285.8	21873.5	139802	20226.6	22167.3	17367	5844.96	4267.97	8023.94	926020	1301	3	1	0	0xd43f5e018b415631
stage53_condition_variable_safe_default	3	24	252040	12301.6	22042.4	139497	20318.4	22199.3	17324.6	5947.54	4280.88	8000.56	927431	1305	2	1	0	0xd43f5e018b415631
stage53_condition_variable_safe_default	3	25	253557	12336.5	21658.7	139532	20186.1	23791.1	17992.4	5688.83	4253.47	7994.65	927955	1305	2	1	0	0xd43f5e018b415631
stage53_condition_variable_safe_default	3	26	252223	12272.6	21628.3	140127	20277.4	22110.3	17630.9	5831.45	4232.76	7984.44	927161	1308	6	1	0	0xd43f5e018b415631
stage53_condition_variable_safe_default	3	27	251303	12294.6	21801.9	139526	19995.6	22163.8	17146.5	5968.91	4276.22	8002.48	925380	1315	4	1	0	0xd43f5e018b415631
stage53_condition_variable_safe_default	3	28	251821	12326.4	21654.4	140032	20143.4	22074.5	17379.6	5842.5	4236.3	8001.1	926025	1300	5	1	0	0xd43f5e018b415631
stage53_condition_variable_safe_default	3	29	251869	12241.5	21589.6	139940	20145.6	22073.6	17560.2	5988.96	4223.3	7976.9	926306	1301	2	1	0	0xd43f5e018b415631
stage53_condition_variable_safe_default	3	30	252252	12331.9	21723.1	140148	20046.6	22013.3	17654.9	5958.95	4216.5	8025.52	927017	1317	8	1	0	0xd43f5e018b415631
stage53_condition_variable_safe_default	3	31	251727	12315.9	21623.6	139822	20145.3	21997.2	17661.9	5759.37	4233.93	8044.4	926469	1299	3	1	0	0xd43f5e018b415631
stage53_condition_variable_safe_default	3	32	252798	12326.4	21847.7	139910	20263	22436	17713.2	5993.2	4177.42	7997.44	928333	1327	1	1	0	0xd43f5e018b415631
stage53_condition_variable_safe_default	3	33	253979	12328.7	21788	140015	20190.7	23217.6	18143.5	5952.83	4287.38	7920.15	928903	1315	2	1	0	0xd43f5e018b415631
stage53_condition_variable_safe_default	3	34	251629	12305.7	21839.2	139882	20142.3	21618.3	17510.7	6030.95	4195.38	7981.69	925154	1307	6	1	0	0xd43f5e018b415631
stage53_condition_variable_safe_default	3	35	251491	12292.7	21612.6	139998	19989.8	21755.5	17700.9	5749.25	4234.09	8023.9	925973	1315	1	1	0	0xd43f5e018b415631
stage53_condition_variable_safe_default	3	36	251916	12301.1	21801.3	139966	20115.2	21864.2	17752.9	5781.58	4202.8	8001.81	925468	1309	2	1	0	0xd43f5e018b415631
stage53_condition_variable_safe_default	3	37	251585	12282.6	21919.7	139751	19917.4	21982.4	17370.4	5957.45	4273.97	7999.69	924687	1330	2	1	0	0xd43f5e018b415631
stage53_condition_variable_safe_default	3	38	252493	12311.4	21935.8	140471	20149.8	21644.8	17602.4	6113.74	4212.84	7917.4	928600	1304	6	1	0	0xd43f5e018b415631
stage53_condition_variable_safe_default	3	39	251584	12289.6	21543	140184	20185.3	21729.6	17446.7	5808.25	4235.93	8028.44	924843	1294	3	1	0	0xd43f5e018b415631
stage53_condition_variable_safe_default	3	40	251912	12304.8	21773.2	139975	20312.6	21698	17606.6	5951.83	4182.05	7979.69	927843	1296	3	1	0	0xd43f5e018b415631
stage53_condition_variable_safe_default	3	41	254499	12256.1	21738.7	139708	21171.5	23837.3	17367.3	6055.03	4207.14	8025.77	928774	1310	2	1	0	0xd43f5e018b415631
stage53_condition_variable_safe_default	3	42	251711	12310.3	21753	139772	19960.2	22159.2	17424.2	5934.7	4235.68	8023.6	926571	1304	2	1	0	0xd43f5e018b415631
stage53_condition_variable_safe_default	3	43	252004	12333.7	21628	139921	19993.7	22135.1	17567.4	5980.95	4299.76	8007.56	924932	1310	1	1	0	0xd43f5e018b415631
stage53_condition_variable_safe_default	3	44	251763	12298.5	21720.3	139304	19991.6	22178	18087.7	5784.37	4263.21	8003.23	926586	1313	0	1	0	0xd43f5e018b415631
stage53_condition_variable_safe_default	3	45	251584	12261.7	21712.1	139360	20101.7	22067.3	17799.6	5920.66	4206.51	7995.27	925752	1309	0	1	0	0xd43f5e018b415631
stage53_condition_variable_safe_default	3	46	252468	12307	21830.1	139969	20256	21974.7	17708.6	5927.41	4363.8	7998.06	927685	1326	0	1	0	0xd43f5e018b415631
stage53_condition_variable_safe_default	3	47	252263	12318.8	21813.8	140420	20084.8	21724.5	17721	5847.49	4268.09	7929.52	927371	1316	1	1	0	0xd43f5e018b415631
stage53_condition_variable_safe_default	3	48	251955	12399.2	21671.7	139911	20092.8	21870.3	17677	5972.87	4216.97	8015.65	927000	1293	2	1	0	0xd43f5e018b415631
stage53_condition_variable_safe_default	3	49	254239	12304.7	21679.6	139390	22062.5	22769.8	17749	5914.37	4277.34	7959.9	928114	1321	0	1	0	0xd43f5e018b415631
stage53_condition_variable_safe_default	3	50	254229	12276.9	21725.5	140791	20388.8	22068.2	18001.7	6391.95	4230.93	8197.35	931733	1310	8	1	0	0xd43f5e018b415631
stage53_condition_variable_safe_default	3	51	267110	12395.7	22577.2	145587	22416.4	22589.4	19578.3	9598.72	4270.59	7896.06	940034	1326	11	1	0	0xd43f5e018b415631
stage53_condition_variable_safe_default	3	52	252048	12447.2	21714.8	140235	20184.3	21677.5	17385.5	6086.5	4205.47	7971.11	926929	1321	3	1	0	0xd43f5e018b415631
stage53_condition_variable_safe_default	3	53	252184	12284.3	22062.5	139516	20067.3	22380.6	17373.9	6071.16	4272.22	8020.48	927098	1315	2	1	0	0xd43f5e018b415631
stage53_condition_variable_safe_default	3	54	252436	12271.3	21879.5	139824	20100.1	21993.5	17856.8	6056.29	4204.97	8123.65	927142	1296	6	1	0	0xd43f5e018b415631
stage53_condition_variable_safe_default	3	55	254708	12293.5	21889.1	140290	19988.8	22108.9	18273	7475.74	4291.43	7949.44	926275	1326	6	1	0	0xd43f5e018b415631
stage53_condition_variable_safe_default	3	56	253253	12299.6	21745.1	140585	20120.8	22500.6	17632	6024.08	4213.14	8002.52	928011	1301	6	1	0	0xd43f5e018b415631
stage53_condition_variable_safe_default	3	57	256477	12368.5	25407.3	139582	20196.1	22351.5	18032.2	5940.54	4272.42	8188.1	931224	1308	8	1	0	0xd43f5e018b415631
stage53_condition_variable_safe_default	3	58	251936	12334.4	21770.2	139442	19948.1	22119.7	17834.1	6025	4241.8	8028.36	926446	1305	0	1	0	0xd43f5e018b415631
stage53_condition_variable_safe_default	3	59	251993	12286.8	21629.8	139507	20128.4	22178.6	17865.2	5982.95	4268.26	8016.61	927384	1312	2	1	0	0xd43f5e018b415631
stage53_condition_variable_safe_default	3	60	251680	12296.7	21791.2	139584	19935.8	22182.4	17495.1	5983.08	4322.18	7954.73	925534	1319	0	1	0	0xd43f5e018b415631
stage53_condition_variable_safe_default	3	61	252400	12280.1	21690.7	139875	20220.3	22104.9	17896.1	5833.54	4287.01	8071.6	926614	1316	1	1	0	0xd43f5e018b415631
stage53_condition_variable_safe_default	3	62	251866	12305	21736.5	139874	20036.3	21972.6	17749.4	5852.41	4259.13	7952.65	925303	1308	0	1	0	0xd43f5e018b415631
stage53_condition_variable_safe_default	3	63	251690	12319.9	21682	139240	20263.9	21967.1	17768.4	6002.04	4330.43	7979.94	925236	1315	1	1	0	0xd43f5e018b415631
stage53_condition_variable_safe_default	3	64	251921	12264.2	21480	139688	20293.9	22002.8	17784.5	5953.16	4285.05	8040.27	926280	1309	0	1	0	0xd43f5e018b415631
stage53_condition_variable_safe_default	3	65	254937	12276	22711.9	141923	20013.9	22186.5	17417	6005.96	4259.59	8006.44	929714	1305	5	1	0	0xd43f5e018b415631
stage53_condition_variable_safe_default	3	66	252310	12337.9	21656.6	139874	20376.2	22169	17626	5823.12	4323.8	7995.61	927183	1310	6	1	0	0xd43f5e018b415631
stage53_condition_variable_safe_default	3	67	251985	12348.4	21816.9	139867	20139.1	22032.3	17460.2	5917.42	4266.13	8009.19	925526	1309	3	1	0	0xd43f5e018b415631
stage53_condition_variable_safe_default	3	68	251990	12290.3	21730.3	139450	20247.3	21996.5	17881.5	5968.08	4283.13	8005.11	925628	1321	0	1	0	0xd43f5e018b415631
stage53_condition_variable_safe_default	3	69	251707	12329.2	21742.7	139268	20285.6	21914.7	17793.7	5980.46	4276.51	7984.9	926209	1311	1	1	0	0xd43f5e018b415631
stage53_condition_variable_safe_default	3	70	252407	12283.1	22006	139881	20202.3	21831.5	17857.2	5932.24	4276.51	8010.02	928534	1312	0	1	0	0xd43f5e018b415631
stage53_condition_variable_safe_default	3	71	255178	12434	21699.6	143016	20093.5	22030.6	17657.6	5873.79	4258.43	7980.81	926930	1307	45	1	0	0xd43f5e018b415631
stage53_condition_variable_safe_default	3	72	251980	12325.6	21579.4	140065	20000	21905.4	17785.7	5905.87	4277.05	8004.94	927138	1301	2	1	0	0xd43f5e018b415631
stage53_condition_variable_safe_default	3	73	255376	12240.8	21656.7	142082	20267.1	22046.2	18157.2	6179.24	4519.67	8017.11	929477	1312	19	1	0	0xd43f5e018b415631
stage53_condition_variable_safe_default	3	74	252016	12268.8	21914.9	139519	20097.5	22072	17729.8	5925.16	4264.09	8042.86	927329	1309	1	1	0	0xd43f5e018b415631
stage53_condition_variable_safe_default	3	75	252014	12288.9	21760.8	139658	19905	21865.4	18166.5	5971.54	4286.89	7980.98	926868	1320	6	1	0	0xd43f5e018b415631
stage53_condition_variable_safe_default	3	76	252390	12317.6	21823.4	140048	20331.9	21739.6	17941.8	5923.13	4180.35	7949.27	929055	1315	2	1	0	0xd43f5e018b415631
stage53_condition_variable_safe_default	3	77	251451	12313.8	21627.9	139673	20170.2	21855.7	17622.1	5812.41	4246.34	7995.27	925165	1314	2	1	0	0xd43f5e018b415631
stage53_condition_variable_safe_default	3	78	252311	12290.2	21937.8	140037	20071.3	21756.3	17938.7	5907.74	4205.76	8030.61	928123	1310	3	1	0	0xd43f5e018b415631
stage53_condition_variable_safe_default	3	79	252146	12261	21799.5	140202	20076.6	22028.2	17678.9	5774.33	4227.34	7967.48	926832	1310	9	1	0	0xd43f5e018b415631
stage53_condition_variable_safe_default	3	80	252177	12310.3	21733.8	140104	20086.9	22012.7	17753	5838.25	4200.85	7997.44	927432	1300	1	1	0	0xd43f5e018b415631
stage53_condition_variable_safe_default	3	81	254690	12269.1	21677.5	142594	20045.2	21782.8	17774.2	5948.29	4459.18	7991.36	929628	1308	9	1	0	0xd43f5e018b415631
stage53_condition_variable_safe_default	3	82	252011	12290.9	21722	139937	20140.9	21673	17843.5	6103.08	4254.76	7863.9	926945	1318	0	1	0	0xd43f5e018b415631
stage53_condition_variable_safe_default	3	83	251890	12264.9	21841	140154	20163.7	21683.5	17558.8	5885.88	4321.76	7884.69	925994	1314	8	1	0	0xd43f5e018b415631
stage53_condition_variable_safe_default	3	84	251735	12314.7	21719.1	140456	20062.1	21727.2	17276.2	5944.5	4181.3	7922.86	926038	1308	0	1	0	0xd43f5e018b415631
stage53_condition_variable_safe_default	3	85	252379	12370.1	21707.5	140263	20071.3	22132	17551.9	5821.41	4262.92	8067.94	927442	1303	2	1	0	0xd43f5e018b415631
stage53_condition_variable_safe_default	3	86	252198	12312.9	21802.6	139841	20152.1	21974.4	17740.6	6120.91	4180.97	7936.52	926873	1332	3	1	0	0xd43f5e018b415631
stage53_condition_variable_safe_default	3	87	252525	12270.1	21655.3	140372	20194.7	22394	17416.2	5903.91	4172.26	8013.27	926691	1306	10	1	0	0xd43f5e018b415631
stage53_condition_variable_safe_default	3	88	252363	12350.7	21604.4	139963	20181.5	22310.1	17557.2	5985.67	4275.22	7999.82	927507	1310	4	1	0	0xd43f5e018b415631
stage53_condition_variable_safe_default	3	89	255663	12272.6	21818.7	142933	20081.4	22294.2	17959.6	5917.87	4237.81	8004.36	929930	1308	4	1	0	0xd43f5e018b415631
stage53_condition_variable_safe_default	3	90	252589	12274.4	21778.6	140230	20008.5	22224.3	17652.3	5954.33	4307.47	8018.65	927344	1321	0	1	0	0xd43f5e018b415631
stage53_condition_variable_safe_default	3	91	261732	12273	21871.1	142000	20157.2	21675.7	17917.9	9059.98	8665.89	7972.36	928803	1308	10	1	0	0xd43f5e018b415631
stage53_condition_variable_safe_default	3	92	251828	12339.1	21992.5	139799	20059.1	21933	17527.5	5797.5	4229.84	8013.73	926755	1314	1	1	0	0xd43f5e018b415631
stage53_condition_variable_safe_default	3	93	252866	12236.2	21777.7	140109	20089.8	22361	17954	5993.58	4221.47	7988.65	928282	1313	0	1	0	0xd43f5e018b415631
stage53_condition_variable_safe_default	3	94	252301	12277.4	21822.3	139577	20175.2	22293.5	17826.1	5971.45	4199.64	8027.36	927251	1304	1	1	0	0xd43f5e018b415631
stage53_condition_variable_safe_default	3	95	252483	12409.8	21890	139980	20204.4	22057.2	17199.1	6207.62	4395.76	7995.11	926304	1313	5	1	0	0xd43f5e018b415631
stage53_condition_variable_safe_default	3	96	252676	12331.9	21571.3	140374	19960.1	21808.1	18335	5876.16	4292.51	7995.48	929451	1311	0	1	0	0xd43f5e018b415631
stage53_condition_variable_safe_default	3	97	254971	12316.2	21805.2	141311	20146.4	22167.5	18384.7	6396.74	4303.51	8005.73	929942	1325	7	1	0	0xd43f5e018b415631
stage53_condition_variable_safe_default	3	98	251951	12292.1	21911.3	139491	20094.9	22007.4	17912.2	5825.37	4245.09	8038.4	926311	1303	3	1	0	0xd43f5e018b415631
stage53_condition_variable_safe_default	3	99	251835	12332	21683.1	139836	19881.2	21923.3	17552.2	6020.95	4322.93	8153.86	925183	1308	10	1	0	0xd43f5e018b415631
stage53_condition_variable_safe_default	4	0	251643	12284.2	21733.3	139565	20145.5	22023.7	17641.1	5848.17	4251.47	8007.32	925256	1316	0	1	0	0xd43f5e018b415631
stage53_condition_variable_safe_default	4	1	251579	12295.4	21674	139471	20084.8	22070.7	17602.1	5913.25	4317.76	8016.86	924786	1318	1	1	0	0xd43f5e018b415631
stage53_condition_variable_safe_default	4	2	251953	12330.5	21895.4	139371	20103.1	22040.1	17779.7	5960.83	4343.84	7999.11	927180	1303	2	1	0	0xd43f5e018b415631
stage53_condition_variable_safe_default	4	3	251797	12309.2	21614.8	139464	20141.1	21932.2	17830.7	5998.33	4352.51	8023.82	926699	1305	8	1	0	0xd43f5e018b415631
stage53_condition_variable_safe_default	4	4	251808	12421.9	21878.8	139482	20031.9	21948.2	17858.9	5834.67	4225.26	8005.86	926850	1304	1	1	0	0xd43f5e018b415631
stage53_condition_variable_safe_default	4	5	254818	12455.2	21780	141427	20180.6	22226.3	18256.7	6089.12	4265.34	8005.94	929260	1310	2	1	0	0xd43f5e018b415631
stage53_condition_variable_safe_default	4	6	252186	12345.5	21732.2	139259	20234.4	22292	18002.8	5847.79	4318.01	8024.23	927224	1312	1	1	0	0xd43f5e018b415631
stage53_condition_variable_safe_default	4	7	252379	12274.5	21613.4	139889	20292.1	22192	17584.1	6024.25	4386.97	7987.11	927169	1315	10	1	0	0xd43f5e018b415631
stage53_condition_variable_safe_default	4	8	252303	12453.7	21983.3	139540	20080.9	21882.1	17993.5	5868.96	4304.64	8012.98	926735	1317	2	1	0	0xd43f5e018b415631
stage53_condition_variable_safe_default	4	9	251878	12282	21663.1	139774	20214.9	21967	17585.7	5915.33	4298.43	8009.82	925739	1310	1	1	0	0xd43f5e018b415631
stage53_condition_variable_safe_default	4	10	252108	12271.2	21727.7	139956	20256	21869	17759	5914.5	4242.97	7979.73	927141	1314	2	1	0	0xd43f5e018b415631
stage53_condition_variable_safe_default	4	11	254067	12311.1	21775.2	142542	20041.2	22009.5	17229.5	5804.08	4226.55	8000.69	924764	1311	2	1	0	0xd43f5e018b415631
stage53_condition_variable_safe_default	4	12	252802	12321.2	21789.7	140098	20341.8	22051.6	17738.7	6011.62	4261.63	8064.11	928384	1312	2	1	0	0xd43f5e018b415631
stage53_condition_variable_safe_default	4	13	254956	12310.7	21920.3	142341	19995.3	22136.4	17758.4	5958.79	4367.34	8039.44	929963	1300	3	1	0	0xd43f5e018b415631
stage53_condition_variable_safe_default	4	14	252159	12295.3	21891.4	139832	20118.3	22192.6	17350.3	5901.66	4421.39	8022.23	927092	1313	1	1	0	0xd43f5e018b415631
stage53_condition_variable_safe_default	4	15	252482	12403	22027	139783	20229.9	22046.9	17436.2	6004.79	4394.72	8018.19	925586	1324	15	1	0	0xd43f5e018b415631
stage53_condition_variable_safe_default	4	16	252026	12303.8	22011.8	139598	20012.3	21893	17836.9	5951.33	4286.84	8001.44	928915	1308	1	1	0	0xd43f5e018b415631
stage53_condition_variable_safe_default	4	17	252846	12316.2	21907.5	140354	20223.7	21584.8	18000.8	5998.67	4294.6	8036.27	929201	1315	1	1	0	0xd43f5e018b415631
stage53_condition_variable_safe_default	4	18	252160	12285.5	21680.3	139706	20138.4	22475.5	17586.8	5887.29	4258.18	8007.9	926492	1308	3	1	0	0xd43f5e018b415631
stage53_condition_variable_safe_default	4	19	252970	12298.8	21880.3	139913	20201.2	22418.4	18035.7	5912.08	4190.59	7978.73	929307	1334	9	1	0	0xd43f5e018b415631
stage53_condition_variable_safe_default	4	20	252456	12336.4	21677.1	139735	20044.8	22184.7	17934.6	5965.95	4341.68	8105.32	926731	1305	3	1	0	0xd43f5e018b415631
stage53_condition_variable_safe_default	4	21	255447	12292.2	21691	142757	20045.9	22246	18070.1	5986.54	4202.72	8029.4	931424	1307	1	1	0	0xd43f5e018b415631
stage53_condition_variable_safe_default	4	22	251841	12278.7	21692.2	139579	19981.6	22195.3	17664	5988.33	4334.39	7993.73	925854	1302	1	1	0	0xd43f5e018b415631
stage53_condition_variable_safe_default	4	23	251737	12315.2	21706.7	139385	20106.4	22268.5	17737	5782.5	4275.55	8032.65	925434	1291	5	1	0	0xd43f5e018b415631
stage53_condition_variable_safe_default	4	24	251978	12332.2	21805	139522	19954.3	22150	17831.2	5908	4310.59	8032.23	926573	1319	1	1	0	0xd43f5e018b415631
stage53_condition_variable_safe_default	4	25	252497	12459	21914.8	139351	20046.3	22014.3	18290.2	5929.58	4279.68	8084.52	927453	1313	2	1	0	0xd43f5e018b415631
stage53_condition_variable_safe_default	4	26	252163	12515.2	21772.7	139797	20326	21760.4	17728.5	5908	4274.93	7953.32	927384	1320	2	1	0	0xd43f5e018b415631
stage53_condition_variable_safe_default	4	27	252932	12318.4	21503.3	140450	20229.5	21975.1	18106.7	6026.37	4216.09	7973.32	928818	1319	8	1	0	0xd43f5e018b415631
stage53_condition_variable_safe_default	4	28	251969	12292.9	21854.4	139855	20114.9	21963.3	17629.8	5945.71	4183.6	7993.65	927547	1301	2	1	0	0xd43f5e018b415631
stage53_condition_variable_safe_default	4	29	254790	12283.3	21637.7	142314	20135.7	21825	18069.4	6086.33	4277.97	8025.44	928326	1314	0	1	0	0xd43f5e018b415631
stage53_condition_variable_safe_default	4	30	251380	12294.9	21637.3	139706	20200.6	21925.2	17126.6	6022.79	4324.05	8009.48	924943	1305	1	1	0	0xd43f5e018b415631
stage53_condition_variable_safe_default	4	31	251823	12275.2	21612.6	139911	20057.1	21917.1	17673.4	5911.79	4267.76	8066.94	926336	1311	5	1	0	0xd43f5e018b415631
stage53_condition_variable_safe_default	4	32	252274	12542.3	21781.7	140286	20242.8	21741.4	17396.1	5941.66	4220.26	7987.53	926634	1317	2	1	0	0xd43f5e018b415631
stage53_condition_variable_safe_default	4	33	251806	12392.9	21707.1	139766	20289.3	21740.6	17513.3	6100.38	4178.68	7986.15	927213	1300	1	1	0	0xd43f5e018b415631
stage53_condition_variable_safe_default	4	34	251274	12328.8	21565.6	139812	20225.2	21859	17147.5	6004.75	4209.64	7991.82	923956	1311	2	1	0	0xd43f5e018b415631
stage53_condition_variable_safe_default	4	35	252416	12449.8	21955.7	140611	20061.8	21789	17353	5863.87	4290.64	7913.65	927594	1320	11	1	0	0xd43f5e018b415631
stage53_condition_variable_safe_default	4	36	252072	12329	21670.9	139647	20302.9	22003.2	17868.5	5947.96	4200.81	7968.65	927332	1317	1	1	0	0xd43f5e018b415631
stage53_condition_variable_safe_default	4	37	254844	12241.2	21740.5	142405	20104.4	22024.1	17955.1	5888.62	4343.76	7978.28	930347	1307	1	1	0	0xd43f5e018b415631
stage53_condition_variable_safe_default	4	38	252378	12292	21897	139869	20223	21821.9	17954.8	5900.08	4318.6	7973.78	927831	1323	3	1	0	0xd43f5e018b415631
stage53_condition_variable_safe_default	4	39	251787	12258.5	21837.6	140001	20160	21715.5	17517.1	5947.41	4239.85	7979.44	926544	1315	9	1	0	0xd43f5e018b415631
stage53_condition_variable_safe_default	4	40	251364	12298.4	21667.9	139754	20066.1	21765.4	17624.2	5845.13	4245.1	7969.73	925517	1312	2	1	0	0xd43f5e018b415631
stage53_condition_variable_safe_default	4	41	251156	12310.5	21752.3	139489	19934.1	21959.3	17402.2	5858.21	4286.55	8034.4	924205	1296	0	1	0	0xd43f5e018b415631
stage53_condition_variable_safe_default	4	42	252383	12501.3	21714	139680	20084.8	21924.3	18065.9	5952.67	4269.05	8052.73	926562	1326	4	1	0	0xd43f5e018b415631
stage53_condition_variable_safe_default	4	43	251274	12326.6	21868.8	139272	20201.5	22068.3	17320	5799.46	4241.05	8004.19	924643	1297	6	1	0	0xd43f5e018b415631
stage53_condition_variable_safe_default	4	44	252011	12327.5	22014.7	139683	20091.5	22025.9	17597.8	5887.58	4259.35	7992.69	924998	1313	1	1	0	0xd43f5e018b415631
stage53_condition_variable_safe_default	4	45	254667	12321.8	21867.2	142408	20046.7	22325.6	17407.9	5834.21	4206.64	8116.23	928462	1307	1	1	0	0xd43f5e018b415631
stage53_condition_variable_safe_default	4	46	252738	12290.5	21803.6	139470	19979.5	22424.8	17954.2	6118.75	4353.3	8168.65	928317	1314	1	1	0	0xd43f5e018b415631
stage53_condition_variable_safe_default	4	47	252308	12483.9	21626.6	139974	20191.6	21906.8	17840.8	5828.75	4325.01	7997.07	928313	1316	8	1	0	0xd43f5e018b415631
stage53_condition_variable_safe_default	4	48	251393	12266.5	21554.9	139597	20272.4	22109.8	17360.6	5814.71	4256.93	8024.48	925373	1316	1	1	0	0xd43f5e018b415631
stage53_condition_variable_safe_default	4	49	251939	12281	21917.9	139264	20190.6	21962.3	18124.3	5869.29	4208.34	7991.36	927012	1311	0	1	0	0xd43f5e018b415631
stage53_condition_variable_safe_default	4	50	252071	12293.9	22096.8	139592	20047.9	21893.7	17797.3	5974.37	4224.97	8017.69	927036	1313	3	1	0	0xd43f5e018b415631
stage53_condition_variable_safe_default	4	51	251833	12494.6	21704.2	139400	20276.8	21847.2	17971.9	5761.87	4165.84	8078.65	926185	1308	2	1	0	0xd43f5e018b415631
stage53_condition_variable_safe_default	4	52	251721	12405.7	21613.9	139924	20033.7	21878.6	17588.3	5862.38	4312.18	7964.44	926358	1307	8	1	0	0xd43f5e018b415631
stage53_condition_variable_safe_default	4	53	254837	13995.9	21903.5	140527	20195.8	22079.5	17905.8	5874.42	4237.3	7985.4	929008	1304	1	1	0	0xd43f5e018b415631
stage53_condition_variable_safe_default	4	54	252273	12306.2	21807.5	139852	20174.9	22127.7	17688.9	5860.71	4307.84	8012.53	927202	1288	3	1	0	0xd43f5e018b415631
stage53_condition_variable_safe_default	4	55	252034	12271.2	21752.2	139597	20159.6	22010.8	17859.8	5897.08	4311.59	8037.73	925828	1301	5	1	0	0xd43f5e018b415631
stage53_condition_variable_safe_default	4	56	251989	12332.2	21926.8	139743	19939.7	21924.8	17650.1	5985.13	4349.97	8004.28	925974	1314	9	1	0	0xd43f5e018b415631
stage53_condition_variable_safe_default	4	57	251860	12297.3	21810.8	139455	20201.6	22161.6	17743.1	5762.38	4267.76	8026.73	925170	1305	2	1	0	0xd43f5e018b415631
stage53_condition_variable_safe_default	4	58	252104	12285.4	21715.7	140242	19888.9	21934	17490.6	6062.96	4266.51	8078.07	926783	1300	5	1	0	0xd43f5e018b415631
stage53_condition_variable_safe_default	4	59	252149	12276.1	21996.9	139960	20164.1	22215.8	17268.5	5858.38	4290.64	7977.74	925765	1296	1	1	0	0xd43f5e018b415631
stage53_condition_variable_safe_default	4	60	251454	12300.4	21713.8	139750	20033.9	21785.6	17466.9	5953.87	4284.56	8031.07	925977	1305	8	1	0	0xd43f5e018b415631
stage53_condition_variable_safe_default	4	61	254288	14866.2	21709.3	139679	20075.8	22324.9	17403.6	5873.96	4230.59	7995.11	927549	1307	1	1	0	0xd43f5e018b415631
stage53_condition_variable_safe_default	4	62	251228	12301.2	21634.6	139250	20139	21813.8	17584.3	5830	4206.34	8334.48	924705	1302	5	1	0	0xd43f5e018b415631
stage53_condition_variable_safe_default	4	63	251623	12251.1	21762.6	139953	20300	21930.4	17253.4	5818.75	4178.06	8040.9	924458	1300	1	1	0	0xd43f5e018b415631
stage53_condition_variable_safe_default	4	64	252464	12256.3	21852.4	139594	20202.9	22323.5	17850.5	5972.75	4245.39	8029.15	926354	1329	7	1	0	0xd43f5e018b415631
stage53_condition_variable_safe_default	4	65	252003	12309.9	21638.3	139564	20030	22278.1	17783.9	5940.04	4270.52	8048.03	926648	1301	0	1	0	0xd43f5e018b415631
stage53_condition_variable_safe_default	4	66	257621	12289.6	21773.1	140952	20638.1	22038.5	21269.8	6098.42	4353.22	8067.69	930841	1328	5	1	0	0xd43f5e018b415631
stage53_condition_variable_safe_default	4	67	268110	14006.5	21686.4	148261	22134.5	24915.5	18837.8	5880.58	4248.93	7991.65	941885	1321	8	1	0	0xd43f5e018b415631
stage53_condition_variable_safe_default	4	68	270876	15017.9	21641.7	150307	20821.8	24928.6	19560.8	6110.08	4251.97	8096.44	945744	1328	15	1	0	0xd43f5e018b415631
stage53_condition_variable_safe_default	4	69	270986	15276.7	21756.4	151324	20154.1	24677.5	19439.7	5891.83	4299.22	8029.9	945948	1329	1	1	0	0xd43f5e018b415631
stage53_condition_variable_safe_default	4	70	262198	12331.1	21761.1	148390	21033.9	21644	18329	6310.91	4262.35	8001.32	937200	1310	2	1	0	0xd43f5e018b415631
stage53_condition_variable_safe_default	4	71	262744	12317.5	21884.2	149598	20118.7	22016.5	17689.8	6665.62	4342.76	7974.86	937671	1334	1	1	0	0xd43f5e018b415631
stage53_condition_variable_safe_default	4	72	264617	17006.4	21729.5	140730	21325.4	27124.2	18550.4	5849.21	4171.59	8003.36	939523	1325	1	1	0	0xd43f5e018b415631
stage53_condition_variable_safe_default	4	73	261831	12265.4	26634.9	143074	20545.5	22404.6	18027	5827.83	4881.97	8042.32	938803	1340	0	1	0	0xd43f5e018b415631
stage53_condition_variable_safe_default	4	74	261646	12337.6	21609.2	149083	20129.1	21640.4	18450.5	6012.04	4237.89	8008.15	936079	1318	4	1	0	0xd43f5e018b415631
stage53_condition_variable_safe_default	4	75	262405	12321.8	21908.8	149090	20020	22354.1	18011.6	6301.66	4268.93	7995.24	937826	1308	8	1	0	0xd43f5e018b415631
stage53_condition_variable_safe_default	4	76	263030	12304.2	21651.7	149430	19963.2	22406.5	18380.3	6479.21	4200.51	8084.32	938295	1331	0	1	0	0xd43f5e018b415631
stage53_condition_variable_safe_default	4	77	264632	16578.1	21679	141260	22095.8	25551.2	19071	5969.46	4257.05	8032.44	939929	1337	2	1	0	0xd43f5e018b415631
stage53_condition_variable_safe_default	4	78	262366	12292.6	26504.4	142839	20561.8	23065.1	18182.9	5824.5	4926.18	8035.74	940646	1366	2	1	0	0xd43f5e018b415631
stage53_condition_variable_safe_default	4	79	261787	12345.1	21928.1	148888	19884.6	21911.3	18218.7	6079.21	4419.93	7980.74	936045	1313	8	1	0	0xd43f5e018b415631
stage53_condition_variable_safe_default	4	80	262345	12525.7	21717.1	148267	21147.4	22435.8	17891.3	6000.46	4214.6	8010.45	937768	1311	1	1	0	0xd43f5e018b415631
stage53_condition_variable_safe_default	4	81	263783	12342.6	21710.7	150474	20139.9	22383.1	17860.3	6494.29	4182.89	8059.94	938408	1314	3	1	0	0xd43f5e018b415631
stage53_condition_variable_safe_default	4	82	265808	16676.1	22009.8	142458	21103.9	25624.6	19683	5902.17	4220.1	7999.57	942251	1338	1	1	0	0xd43f5e018b415631
stage53_condition_variable_safe_default	4	83	262048	12295.7	25523.3	141072	22376.7	24647.6	17700.6	5854.59	4388.93	8048.78	936130	1325	12	1	0	0xd43f5e018b415631
stage53_condition_variable_safe_default	4	84	256266	12277.9	21739	143252	20292.1	22250.3	17933.3	5996.91	4380.76	8008.24	931520	1304	1	1	0	0xd43f5e018b415631
stage53_condition_variable_safe_default	4	85	251916	12334.3	21687.9	139585	20142.5	21967.2	18070	5772.21	4232.35	8000.61	927119	1293	3	1	0	0xd43f5e018b415631
stage53_condition_variable_safe_default	4	86	252371	12467	21874.8	139591	20285	21957.3	17795	5973.96	4323.18	7974.32	927121	1306	3	1	0	0xd43f5e018b415631
stage53_condition_variable_safe_default	4	87	251837	12245.1	21907.7	139915	20098.4	21861	17316.7	6024.29	4342.35	7988.11	924761	1314	1	1	0	0xd43f5e018b415631
stage53_condition_variable_safe_default	4	88	252099	12301.1	21745.9	139819	20243.3	21824.6	17866	5895.17	4285.43	7986.15	927568	1314	0	1	0	0xd43f5e018b415631
stage53_condition_variable_safe_default	4	89	252380	12282.7	21681.3	139900	20157.6	22119	17822	6034	4268.93	7985.32	927776	1307	2	1	0	0xd43f5e018b415631
stage53_condition_variable_safe_default	4	90	251870	12264.8	21662.9	139952	20118.9	22195.4	17502.5	5830.09	4197.47	8016.11	926106	1313	1	1	0	0xd43f5e018b415631
stage53_condition_variable_safe_default	4	91	251916	12315.2	21723.1	140050	20202.3	22024.1	17302.2	5981.76	4163.22	8027.15	926084	1317	9	1	0	0xd43f5e018b415631
stage53_condition_variable_safe_default	4	92	254439	12295.2	21605.5	142184	20231	21884.5	17747	6065.5	4275.72	8022.32	928486	1321	0	1	0	0xd43f5e018b415631
stage53_condition_variable_safe_default	4	93	251912	12282.8	21788.9	139833	20098.2	21947.4	17765.8	5855.54	4209.43	7995.9	927287	1314	4	1	0	0xd43f5e018b415631
stage53_condition_variable_safe_default	4	94	251704	12264.2	21935.1	139563	20168.2	21889.7	17555.2	5879.42	4267.85	8044.82	925793	1306	2	1	0	0xd43f5e018b415631
stage53_condition_variable_safe_default	4	95	252076	12442	21912.4	139944	19889.3	21734.4	17697.1	6072.5	4237.72	8015.78	927512	1311	8	1	0	0xd43f5e018b415631
stage53_condition_variable_safe_default	4	96	252098	12307.7	21608.7	139925	20128.8	21868.6	17884	5916.88	4208.68	8116.32	927869	1311	3	1	0	0xd43f5e018b415631
stage53_condition_variable_safe_default	4	97	251810	12331.3	21659.1	139996	20201.7	21734.6	17609.1	5942.13	4230.76	7979.7	926952	1307	3	1	0	0xd43f5e018b415631
stage53_condition_variable_safe_default	4	98	251761	12299.1	21566.6	139979	20338.3	21753.6	17674.5	5841.17	4196.43	7980.95	926476	1302	3	1	0	0xd43f5e018b415631
stage53_condition_variable_safe_default	4	99	251768	12290.7	21643.1	139915	19961.9	21785.5	17703.3	5916.09	4390.68	8018.99	926630	1308	7	1	0	0xd43f5e018b415631
stage53_epoch_spin_research	0	0	239841	12175	19558.3	136306	19691.1	22498.5	14290.3	3838.89	3368.47	8032.49	1199470.0	0	7	1	0	0xd43f5e018b415631
stage53_epoch_spin_research	0	1	239508	12245.5	19519.8	136011	19888	22489	14168.2	3741.22	3377.18	7987.03	1199050.0	0	14	1	0	0xd43f5e018b415631
stage53_epoch_spin_research	0	2	239860	12156.3	19440.7	135932	19651.6	22516.7	14777.8	3966.98	3396.93	7939.95	1199400.0	0	5	1	0	0xd43f5e018b415631
stage53_epoch_spin_research	0	3	241098	12184.9	19627.2	135639	21055	22739.5	14524.3	3845.02	3409.43	7992.11	1200760.0	0	7	1	0	0xd43f5e018b415631
stage53_epoch_spin_research	0	4	240434	13950.6	19413.6	136164	19607.2	21477.4	14558.8	3815.93	3383.39	7981.78	1199520.0	0	7	1	0	0xd43f5e018b415631
stage53_epoch_spin_research	0	5	239666	12158.3	19482.2	136934	19538.1	21704	14588.6	3836.39	3386.26	7955.57	1198200.0	0	8	1	0	0xd43f5e018b415631
stage53_epoch_spin_research	0	6	238916	12274.3	19772.7	135709	19637	22044	14113.1	3746.35	3509.59	8028.95	1198700.0	0	1	1	0	0xd43f5e018b415631
stage53_epoch_spin_research	0	7	239698	12317.5	19451.1	136168	19745.8	22362.7	14260.6	3729.26	3514.3	8067.49	1199220.0	0	8	1	0	0xd43f5e018b415631
stage53_epoch_spin_research	0	8	240178	12191	19631.4	136377	20069.2	22067.9	14348.6	3959.77	3453.14	7997.41	1198980.0	0	7	1	0	0xd43f5e018b415631
stage53_epoch_spin_research	0	9	238847	12198	19415	135483	19836.7	22487.6	14106.1	3909.22	3366.84	7964.61	1198700.0	0	2	1	0	0xd43f5e018b415631
stage53_epoch_spin_research	0	10	240405	12335.9	20708.2	135944	19677.1	22205.5	14321	3754.89	3449.72	7925.86	1198970.0	0	10	1	0	0xd43f5e018b415631
stage53_epoch_spin_research	0	11	238676	12172.8	19441.5	135568	19634.2	22434.4	14268.1	3766.14	3380.8	7931.11	1198580.0	0	2	1	0	0xd43f5e018b415631
stage53_epoch_spin_research	0	12	241933	12672.5	21975	136294	19635	21740.7	14458.7	3674.31	3411.72	7984.32	1201290.0	0	6	1	0	0xd43f5e018b415631
stage53_epoch_spin_research	0	13	239424	12164	19533.1	136433	19667.6	21933.8	14346.5	3733.06	3532.1	7998.49	1198980.0	0	3	1	0	0xd43f5e018b415631
stage53_epoch_spin_research	0	14	239456	12244	19577.4	135906	20023	22094.7	14292.1	3779.68	3446.05	8011.91	1199080.0	0	8	1	0	0xd43f5e018b415631
stage53_epoch_spin_research	0	15	240312	12168.4	19573.3	135727	19620.9	21902.6	14806.4	3781.31	4701.06	7946.61	1198800.0	0	5	1	0	0xd43f5e018b415631
stage53_epoch_spin_research	0	16	239389	12247.5	19539	135891	19785.7	21976	14537.6	3808.72	3550.64	7965.91	1199040.0	0	5	1	0	0xd43f5e018b415631
stage53_epoch_spin_research	0	17	239387	12214.7	19435	135475	19848.6	22405	14249.7	4071.43	3465.64	8137.66	1199210.0	0	2	1	0	0xd43f5e018b415631
stage53_epoch_spin_research	0	18	239419	12285.5	19470.6	135914	19749.7	22442.5	14128.6	3908.31	3410.22	8027.7	1199160.0	0	8	1	0	0xd43f5e018b415631
stage53_epoch_spin_research	0	19	238222	12173.2	19391	135487	19716	21895.6	14280.3	3886.22	3393.14	7918.03	1182040.0	0	3	1	0	0xd43f5e018b415631
stage53_epoch_spin_research	0	20	242107	12300.3	19429.5	137745	20244	21899.9	14975.2	3931.77	3500.43	7995.95	1216890.0	0	4	1	0	0xd43f5e018b415631
stage53_epoch_spin_research	0	21	239600	12679.1	19479	136336	19643.5	22165.5	14002.6	3798.89	3467.31	7944.12	1198320.0	0	6	1	0	0xd43f5e018b415631
stage53_epoch_spin_research	0	22	239710	12268.9	19530.5	136197	19700.8	22410.3	14526.9	3692.01	3369.81	7930.86	1198760.0	0	9	1	0	0xd43f5e018b415631
stage53_epoch_spin_research	0	23	239774	12309.4	19700.5	135990	19879.2	22219.8	14135.8	3954.43	3498.22	8003.49	1198550.0	0	7	1	0	0xd43f5e018b415631
stage53_epoch_spin_research	0	24	239658	12178.5	19783.6	135750	19798.4	22442.4	14296.2	3923.18	3439.47	7962.95	1199250.0	0	3	1	0	0xd43f5e018b415631
stage53_epoch_spin_research	0	25	240638	13522.2	19739.3	135704	19546.6	21914.8	14516.6	4058.01	3599.43	7952.95	1199010.0	0	5	1	0	0xd43f5e018b415631
stage53_epoch_spin_research	0	26	240244	13426.4	19521.3	135892	19587.9	22118.4	14403.3	3803.47	3458.76	7950.61	1198870.0	0	3	1	0	0xd43f5e018b415631
stage53_epoch_spin_research	0	27	239489	12260.5	19466.5	136644	19526.8	21669.4	14480	3910.64	3376.39	8072.12	1198630.0	0	10	1	0	0xd43f5e018b415631
stage53_epoch_spin_research	0	28	238841	12255	19535.1	135513	19658.7	22215.7	14385.1	3738.81	3491.76	7965.16	1198720.0	0	2	1	0	0xd43f5e018b415631
stage53_epoch_spin_research	0	29	288609	12159.8	19592.4	183964	19587.4	23182.5	14849.8	3830.93	3387.93	7959.37	1392560.0	0	29	1	0	0xd43f5e018b415631
stage53_epoch_spin_research	0	30	239531	12185.3	19536.9	136550	19742	22035.6	14194	3715.43	3455.76	8036.37	1199120.0	0	2	1	0	0xd43f5e018b415631
stage53_epoch_spin_research	0	31	240151	13675.1	19636	136204	19609.5	21567.1	14367.9	3712.39	3366.43	7930.2	1197870.0	0	14	1	0	0xd43f5e018b415631
stage53_epoch_spin_research	0	32	239444	12332.8	19524	135985	19836.6	21974.7	14292.6	3888.22	3538.64	7986.28	1199230.0	0	4	1	0	0xd43f5e018b415631
stage53_epoch_spin_research	0	33	239701	12270.4	19650.6	135608	19876.6	22146.5	14716.1	3903.14	3439.1	8003.99	1199550.0	0	2	1	0	0xd43f5e018b415631
stage53_epoch_spin_research	0	34	239399	12183.5	19639.3	135783	19773.2	22220.4	14335.6	4005.72	3418.18	7958.66	1199350.0	0	1	1	0	0xd43f5e018b415631
stage53_epoch_spin_research	0	35	239239	12152.3	19438.2	135695	19758.6	22484	14327.1	3930.6	3386.55	7980.86	1198890.0	0	9	1	0	0xd43f5e018b415631
stage53_epoch_spin_research	0	36	240729	12169.4	20180.4	137087	19867.6	21983.8	14142.7	3854.64	3463.18	7893.86	1199170.0	0	8	1	0	0xd43f5e018b415631
stage53_epoch_spin_research	0	37	242446	12148	21795	137285	19604.5	21951.6	14211.8	4008.97	3394.76	7963.57	1216990.0	0	4	1	0	0xd43f5e018b415631
stage53_epoch_spin_research	0	38	238583	12307	19574.5	135633	19748.8	21832.2	14194.5	3886.1	3380.89	7944.12	1182340.0	0	4	1	0	0xd43f5e018b415631
stage53_epoch_spin_research	0	39	239169	12170.9	19483.8	136381	19637.7	21823.2	14437.4	3759.64	3411.97	7982.91	1198610.0	0	7	1	0	0xd43f5e018b415631
stage53_epoch_spin_research	0	40	239017	12256.5	19616	135768	19841.2	22097.2	14130.4	3761.81	3477.02	7984.49	1198830.0	0	3	1	0	0xd43f5e018b415631
stage53_epoch_spin_research	0	41	240459	12268.9	19648.3	135769	19614.5	22866.2	14761.8	4057.72	3399.76	7992.24	1198680.0	0	14	1	0	0xd43f5e018b415631
stage53_epoch_spin_research	0	42	262000	12213.8	23538.7	151059	21255.5	22358	16037.2	3886.72	3628.35	7935.95	1316300.0	0	3	1	0	0xd43f5e018b415631
stage53_epoch_spin_research	0	43	254138	12179.6	19610.3	143482	23363	24456.5	15378.9	4150.77	3396.6	8037.12	1261940.0	0	8	1	0	0xd43f5e018b415631
stage53_epoch_spin_research	0	44	258445	15115	19623	149539	19860	22163.4	16405.2	4234.44	3428.35	7983.41	1298260.0	0	4	1	0	0xd43f5e018b415631
stage53_epoch_spin_research	0	45	249679	14762.1	19555.9	142342	19773.9	21996.9	15672.4	4004.52	3433.81	8050.62	1241430.0	0	7	1	0	0xd43f5e018b415631
stage53_epoch_spin_research	0	46	252969	16896.9	21130.8	137320	21827.5	24975.6	15515.1	3825.43	3370.1	8022.95	1274800.0	0	10	1	0	0xd43f5e018b415631
stage53_epoch_spin_research	0	47	247362	12146.6	20615	136343	21663.3	25780.5	14962.1	3821.6	4039.52	7906.78	1239250.0	0	6	1	0	0xd43f5e018b415631
stage53_epoch_spin_research	0	48	248909	12199.9	24548.8	136653	21323.5	23786.7	14267.4	3976.35	4003.14	8068.07	1240780.0	0	2	1	0	0xd43f5e018b415631
stage53_epoch_spin_research	0	49	249459	12215.7	20840.2	143560	20730.4	21736.3	14816.9	4061.6	3428.18	7985.7	1241300.0	0	3	1	0	0xd43f5e018b415631
stage53_epoch_spin_research	0	50	248179	12303.1	19401.3	144310	19807.7	21348	15523.2	4038.93	3448.73	7912.91	1240050.0	0	2	1	0	0xd43f5e018b415631
stage53_epoch_spin_research	0	51	250720	12277.8	20669.9	144243	21011.8	22136.7	15059.4	3771.98	3497.6	7962.82	1257410.0	0	12	1	0	0xd43f5e018b415631
stage53_epoch_spin_research	0	52	248643	12364.2	19502.7	144468	20741.3	21612.6	14543.8	3894.72	3464.26	7965.87	1240370.0	0	2	1	0	0xd43f5e018b415631
stage53_epoch_spin_research	0	53	250760	12249.5	19742.1	145213	19672.7	21651.3	16426.6	4242.52	3515.68	7957.37	1257230.0	0	7	1	0	0xd43f5e018b415631
stage53_epoch_spin_research	0	54	249190	12259.6	19564.5	145644	19858.1	21447.3	14701.3	4244.68	3421.06	7959.99	1241000.0	0	3	1	0	0xd43f5e018b415631
stage53_epoch_spin_research	0	55	249933	12261.6	19483.7	145267	19616.8	21666.7	15709.4	4386.52	3479.72	7979.57	1257210.0	0	3	1	0	0xd43f5e018b415631
stage53_epoch_spin_research	0	56	249616	16551.8	20886	137822	19685.9	23904.7	15431.3	3869.06	3393.68	7988.99	1240070.0	0	12	1	0	0xd43f5e018b415631
stage53_epoch_spin_research	0	57	249577	14748.1	19445.1	138097	21688.8	24860.4	15358	3850.52	3407.14	8036.28	1257170.0	0	4	1	0	0xd43f5e018b415631
stage53_epoch_spin_research	0	58	247215	12159	20590.6	136946	20229.1	26121.4	15259.9	3906.81	4002.93	7917.57	1239160.0	0	1	1	0	0xd43f5e018b415631
stage53_epoch_spin_research	0	59	246115	12790	23964.8	136115	19699.1	23424	14621.1	3838.06	3544.31	8026.16	1219900.0	0	6	1	0	0xd43f5e018b415631
stage53_epoch_spin_research	0	60	239253	12284.7	19639.9	136066	19533.2	21976.7	14320.3	3778.14	3577.06	7987.16	1198390.0	0	12	1	0	0xd43f5e018b415631
stage53_epoch_spin_research	0	61	242851	12261.8	19685.8	137679	20710.5	22055.1	14828	4162.98	3455.56	7928.99	1217550.0	0	6	1	0	0xd43f5e018b415631
stage53_epoch_spin_research	0	62	239768	12253.3	19548.6	135727	19794.1	22506.6	14503.5	3962.1	3414.93	7972.95	1199310.0	0	3	1	0	0xd43f5e018b415631
stage53_epoch_spin_research	0	63	239764	12325.4	19499.7	135992	19670.6	22437.7	14409.1	3880.98	3392.43	8075.41	1199540.0	0	1	1	0	0xd43f5e018b415631
stage53_epoch_spin_research	0	64	239749	12173	19458	136379	19767.7	22545.1	14052.8	3953.56	3383.06	7956.03	1199390.0	0	10	1	0	0xd43f5e018b415631
stage53_epoch_spin_research	0	65	239405	12230.8	19620.7	135841	19726	22608.3	14100.4	3841.77	3381.68	7975.16	1199250.0	0	2	1	0	0xd43f5e018b415631
stage53_epoch_spin_research	0	66	239619	12406.5	19474.2	136695	19640.2	21824.4	14380.1	3783.39	3408.22	7930.74	1198310.0	0	4	1	0	0xd43f5e018b415631
stage53_epoch_spin_research	0	67	238440	12275.6	19466.6	135843	19773.9	21254.4	14514.5	3880.68	3370.64	7980.12	1182340.0	0	2	1	0	0xd43f5e018b415631
stage53_epoch_spin_research	0	68	239151	12181.2	19512.9	135712	19706.8	21768	14794.3	3945.31	3496.89	7951.41	1198690.0	0	9	1	0	0xd43f5e018b415631
stage53_epoch_spin_research	0	69	239020	12262.5	19735.1	135782	19640.3	21976.9	14383.6	3783.85	3450.64	7920.95	1198900.0	0	2	1	0	0xd43f5e018b415631
stage53_epoch_spin_research	0	70	241015	12254.1	19432	137341	19696.6	21338.5	15354.2	4157.64	3381.68	7980.45	1200460.0	0	6	1	0	0xd43f5e018b415631
stage53_epoch_spin_research	0	71	239647	12152.8	19512.7	135870	20747.6	21683.1	14346.9	3769.1	3455.85	8023.57	1198530.0	0	2	1	0	0xd43f5e018b415631
stage53_epoch_spin_research	0	72	239076	12170.8	19418	136191	19634.2	21921.6	14301.8	3933.06	3455.56	7967.49	1198610.0	0	9	1	0	0xd43f5e018b415631
stage53_epoch_spin_research	0	73	239339	12168.5	19584	135718	19816.4	22371	14068.4	4000.31	3423.89	8102.37	1199100.0	0	4	1	0	0xd43f5e018b415631
stage53_epoch_spin_research	0	74	239244	12241.7	19719.5	135520	19629.1	22439.8	14449.9	3842.72	3372.77	7947.82	1198980.0	0	2	1	0	0xd43f5e018b415631
stage53_epoch_spin_research	0	75	238492	12279.4	19678.6	135715	19749	21881.9	14031.9	3732.1	3366.56	7980.82	1182440.0	0	1	1	0	0xd43f5e018b415631
stage53_epoch_spin_research	0	76	238369	12168.6	19483.7	135330	19726.6	21796.3	14333.8	3990.73	3462.06	7991.32	1198270.0	0	2	1	0	0xd43f5e018b415631
stage53_epoch_spin_research	0	77	240563	12156	19470.3	137740	19786.7	21615.8	14612.7	3793.97	3383.85	7919.2	1198860.0	0	12	1	0	0xd43f5e018b415631
stage53_epoch_spin_research	0	78	242031	12169.5	19543.2	139013	19702	22122.1	14205.1	3722.1	3521.01	7949.82	1217520.0	0	5	1	0	0xd43f5e018b415631
stage53_epoch_spin_research	0	79	238979	12180.9	19692.4	135658	19707.7	22447.9	14059.6	3850.23	3378.18	7925.7	1198920.0	0	1	1	0	0xd43f5e018b415631
stage53_epoch_spin_research	0	80	238322	12264.6	19512.9	135301	19769.2	21397.7	14583.1	4067.22	3370.18	7975.49	1182290.0	0	1	1	0	0xd43f5e018b415631
stage53_epoch_spin_research	0	81	238924	12184	19512.7	136153	19564.5	21856.2	14376.5	3792.1	3450.93	7951.7	1198700.0	0	7	1	0	0xd43f5e018b415631
stage53_epoch_spin_research	0	82	240061	12316.3	19545	135850	19711.9	21823.8	15513.5	3744.35	3522.05	7946.7	1198510.0	0	5	1	0	0xd43f5e018b415631
stage53_epoch_spin_research	0	83	238888	12166	19537.8	135853	19653.6	22274.1	14156.4	3793.81	3437.39	7933.07	1198830.0	0	1	1	0	0xd43f5e018b415631
stage53_epoch_spin_research	0	84	238990	12181.6	19456.8	135759	19755.8	22514.4	14046	3892.31	3377.26	7926.2	1198650.0	0	3	1	0	0xd43f5e018b415631
stage53_epoch_spin_research	0	85	238484	12284.5	19674.5	136264	19736.5	21259.8	14165.7	3698.85	3357.31	7958.7	1182200.0	0	9	1	0	0xd43f5e018b415631
stage53_epoch_spin_research	0	86	239516	12148.3	19387.2	136988	19932.2	21686.5	14132	3774.52	3443.39	7940.74	1198140.0	0	5	1	0	0xd43f5e018b415631
stage53_epoch_spin_research	0	87	243014	14765	19566.4	135804	19595.3	22258.2	15691.2	3926.72	3393.85	7930.49	1217660.0	0	4	1	0	0xd43f5e018b415631
stage53_epoch_spin_research	0	88	239257	12168.3	19550.8	135743	19641.1	22195.3	14657.2	3849.72	3417.85	7949.53	1198760.0	0	2	1	0	0xd43f5e018b415631
stage53_epoch_spin_research	0	89	239251	12245.6	19453.6	135891	19618.3	22542.7	14178.1	3885.94	3379.14	7972.7	1199090.0	0	3	1	0	0xd43f5e018b415631
stage53_epoch_spin_research	0	90	238361	12243.6	19507.8	135708	19593.7	21810	14296	3833.39	3358.1	7931.28	1182160.0	0	7	1	0	0xd43f5e018b415631
stage53_epoch_spin_research	0	91	238930	12222	19473.1	136308	19719.8	21534.2	14334	3907.18	3385.01	7964.32	1198260.0	0	5	1	0	0xd43f5e018b415631
stage53_epoch_spin_research	0	92	240058	12139.3	19531.5	137097	19897.3	21766.1	14203.3	3888.51	3466.39	7981.45	1198930.0	0	3	1	0	0xd43f5e018b415631
stage53_epoch_spin_research	0	93	239352	12416.2	19613.3	136052	19609	21652.3	14787.8	3778.31	3372.56	7983.66	1198950.0	0	4	1	0	0xd43f5e018b415631
stage53_epoch_spin_research	0	94	238785	12161.1	19371.7	135694	19643.2	22132	14269.6	3923.56	3525.22	7981.74	1198560.0	0	8	1	0	0xd43f5e018b415631
stage53_epoch_spin_research	0	95	243697	12261.9	21590.3	137560	20063.6	22389.2	14243.6	3923.93	3569.56	7999.33	1218250.0	0	14	1	0	0xd43f5e018b415631
stage53_epoch_spin_research	0	96	239359	12291.1	19589.2	135587	19643	22425	14207.9	3891.68	3629.6	8013.66	1199100.0	0	2	1	0	0xd43f5e018b415631
stage53_epoch_spin_research	0	97	240863	12169.7	19447.9	137340	19768.8	22424.1	14456.1	3808.39	3379.31	7986.41	1199480.0	0	2	1	0	0xd43f5e018b415631
stage53_epoch_spin_research	0	98	239428	12200.6	19521.5	135631	19925.1	22205.5	14337.8	3983.48	3560.43	7980.03	1198920.0	0	13	1	0	0xd43f5e018b415631
stage53_epoch_spin_research	0	99	239834	12219.8	19698.2	135941	19813.8	22345	14389.6	3977.77	3412.6	7953.07	1199220.0	0	3	1	0	0xd43f5e018b415631
stage53_epoch_spin_research	1	0	240555	12299.2	19470.5	136085	19659.4	21840.9	15848.1	3850.1	3406.23	8009.24	1200510.0	0	1	1	0	0xd43f5e018b415631
stage53_epoch_spin_research	1	1	239244	12322.7	19490.3	135970	19690.6	22145.1	14335.6	3791.93	3457.18	7958.74	1198940.0	0	5	1	0	0xd43f5e018b415631
stage53_epoch_spin_research	1	2	239485	12184.8	19408.8	135728	19945.8	22491.1	14129.3	3961.27	3557.51	7995.83	1199330.0	0	7	1	0	0xd43f5e018b415631
stage53_epoch_spin_research	1	3	243521	12236.7	19484.4	139360	19754.8	22223.9	14654.1	4177.89	3521.73	8021.95	1217990.0	0	6	1	0	0xd43f5e018b415631
stage53_epoch_spin_research	1	4	239309	12207.9	19516.3	135922	19637.6	22484.7	14212.6	3881.02	3384.31	7980.66	1199180.0	0	2	1	0	0xd43f5e018b415631
stage53_epoch_spin_research	1	5	238116	12200.1	19359.6	135607	19672.3	21390	14561.7	3916.14	3361.14	7966.78	1182070.0	0	1	1	0	0xd43f5e018b415631
stage53_epoch_spin_research	1	6	239006	12258.8	19564.5	136076	19508.5	21731.9	14479.9	3807.68	3535.35	7956.95	1198850.0	0	3	1	0	0xd43f5e018b415631
stage53_epoch_spin_research	1	7	239384	12187.5	19524.5	136136	19734.5	22088.1	14399.3	3841.85	3443.26	7946.57	1198770.0	0	12	1	0	0xd43f5e018b415631
stage53_epoch_spin_research	1	8	239384	12172.7	19746.2	135465	19996.3	22371.3	14207.5	3965.81	3411.85	7964.12	1199330.0	0	1	1	0	0xd43f5e018b415631
stage53_epoch_spin_research	1	9	239842	12225.4	20113.2	135874	19629.2	22321.8	14192	4014.89	3418.55	7965.74	1199720.0	0	2	1	0	0xd43f5e018b415631
stage53_epoch_spin_research	1	10	239379	12163.1	19463.7	135902	19738.6	22439.6	14296.2	3950.52	3402.8	7936.83	1199340.0	0	1	1	0	0xd43f5e018b415631
stage53_epoch_spin_research	1	11	239773	12300	19539.1	135821	19712.4	22625.3	14426.4	3857.97	3378.39	8009.7	1199430.0	0	9	1	0	0xd43f5e018b415631
stage53_epoch_spin_research	1	12	241148	12165.8	19458	137971	19829	21896.8	14364.5	3941.18	3446.97	7988.16	1201050.0	0	2	1	0	0xd43f5e018b415631
stage53_epoch_spin_research	1	13	238927	12217.8	19622.4	135834	19624.6	22251.6	14038.4	3801.72	3458.64	7995.53	1198830.0	0	2	1	0	0xd43f5e018b415631
stage53_epoch_spin_research	1	14	239347	12160.9	19411.2	135922	19649.9	22556.4	14241.2	3747.77	3508.22	8063.91	1199250.0	0	2	1	0	0xd43f5e018b415631
stage53_epoch_spin_research	1	15	239326	12273.8	19613.7	135538	19728.4	22425.2	14433.1	3791.89	3400.06	8043.66	1199050.0	0	8	1	0	0xd43f5e018b415631
stage53_epoch_spin_research	1	16	238337	12161.6	19636.1	135772	19662.1	21334.9	14562.4	3828.85	3364.43	7932.53	1182270.0	0	1	1	0	0xd43f5e018b415631
stage53_epoch_spin_research	1	17	238577	12329.3	19542.6	135621	19859	22109.5	13884.8	3766.43	3452.18	7931.99	1198390.0	0	3	1	0	0xd43f5e018b415631
stage53_epoch_spin_research	1	18	239237	12171.1	19530.5	135699	19679.2	22502.1	14259.9	3997.1	3375.47	7941.08	1199020.0	0	3	1	0	0xd43f5e018b415631
stage53_epoch_spin_research	1	19	239805	12268.6	19513.4	136144	19605.8	22421.9	14612	3807.89	3401.1	7948.03	1199580.0	0	8	1	0	0xd43f5e018b415631
stage53_epoch_spin_research	1	20	243048	12262.1	19508.6	138755	19691.5	22432.5	14956.9	3989.85	3377.39	7990.99	1218710.0	0	4	1	0	0xd43f5e018b415631
stage53_epoch_spin_research	1	21	238628	12300.4	19497.2	135430	20145.3	21257.6	14396.9	4143.35	3420.56	7954.66	1181980.0	0	3	1	0	0xd43f5e018b415631
stage53_epoch_spin_research	1	22	239101	12250.1	20033	135909	19629	21634.1	14346.7	3853.56	3391.81	7972.74	1198880.0	0	3	1	0	0xd43f5e018b415631
stage53_epoch_spin_research	1	23	238934	12227	19465.8	135743	19640	22088.6	14368.4	3900.89	3434.06	7981.62	1198650.0	0	5	1	0	0xd43f5e018b415631
stage53_epoch_spin_research	1	24	239455	12241.8	19595	135970	19596.6	22448.5	14377.1	3773.1	3404.6	7968.83	1199080.0	0	8	1	0	0xd43f5e018b415631
stage53_epoch_spin_research	1	25	239197	12233.8	19485.6	135827	19757.8	22495.3	14165.3	3823.52	3369.6	7955.57	1199140.0	0	1	1	0	0xd43f5e018b415631
stage53_epoch_spin_research	1	26	238264	12173.7	19671.4	135703	19789.6	21280.3	14494.8	3752.68	3363.93	7950.49	1182060.0	0	3	1	0	0xd43f5e018b415631
stage53_epoch_spin_research	1	27	238833	12255.6	19629.4	135862	19583.8	21924.5	14281.6	3741.26	3440.76	8032.87	1198790.0	0	1	1	0	0xd43f5e018b415631
stage53_epoch_spin_research	1	28	239373	12232	19443	136044	19618.6	22422.8	14195.8	3918.06	3404.35	8011.74	1198880.0	0	10	1	0	0xd43f5e018b415631
stage53_epoch_spin_research	1	29	240884	12903.4	19729.3	137617	19797.5	21486.2	14115.5	3831.56	3401.39	7921.24	1200750.0	0	2	1	0	0xd43f5e018b415631
stage53_epoch_spin_research	1	30	238739	12185.6	19577.4	136016	19625.2	22092.7	13992	3725.43	3454.77	7988.78	1198690.0	0	1	1	0	0xd43f5e018b415631
stage53_epoch_spin_research	1	31	239268	12182.1	19600.5	135983	19618.6	22389.2	14181.7	3861.14	3383.77	7982.12	1199020.0	0	4	1	0	0xd43f5e018b415631
stage53_epoch_spin_research	1	32	239712	12161.1	19501.2	136215	19648.1	22490.4	14460.9	3807.31	3387.27	7955.99	1199450.0	0	8	1	0	0xd43f5e018b415631
stage53_epoch_spin_research	1	33	239322	12348.1	19422.1	135594	19706.8	22496.1	14489.4	3895.01	3384.97	7908.83	1199200.0	0	2	1	0	0xd43f5e018b415631
stage53_epoch_spin_research	1	34	238499	12158.6	19511.8	135886	19629	21874.6	14236.6	3802.27	3388.01	7928.12	1182300.0	0	4	1	0	0xd43f5e018b415631
stage53_epoch_spin_research	1	35	238816	12279.5	19529.7	135895	19679.6	21814.2	14356	3759.48	3401.18	8019.58	1198770.0	0	1	1	0	0xd43f5e018b415631
stage53_epoch_spin_research	1	36	238898	12176	19624	135586	19609	22394.8	14224.3	3752.64	3480.06	7968.16	1198580.0	0	4	1	0	0xd43f5e018b415631
stage53_epoch_spin_research	1	37	241010	12363	19495	135785	20817.4	22691.2	14470.5	3982.18	3378.35	7944.16	1200740.0	0	9	1	0	0xd43f5e018b415631
stage53_epoch_spin_research	1	38	239072	12218.4	19507.1	136003	19696.9	22101	14248.4	3802.14	3447.97	7966.99	1199080.0	0	0	1	0	0xd43f5e018b415631
stage53_epoch_spin_research	1	39	238986	12331.8	19615.1	135455	19601.5	22442.1	14259	3798.77	3376.85	8025.41	1198810.0	0	3	1	0	0xd43f5e018b415631
stage53_epoch_spin_research	1	40	239616	12176.8	19624.9	135435	19785.7	22874	14394	3903.72	3374.22	7963.95	1199220.0	0	6	1	0	0xd43f5e018b415631
stage53_epoch_spin_research	1	41	239534	12157.5	19678.5	135655	19673.3	22464	14451.9	4078.1	3403.01	7891.83	1199130.0	0	9	1	0	0xd43f5e018b415631
stage53_epoch_spin_research	1	42	238729	12260.4	19573.4	135758	19669.6	21855	14461.8	3727.18	3386.72	7956.87	1182550.0	0	3	1	0	0xd43f5e018b415631
stage53_epoch_spin_research	1	43	239055	12211.2	19465.2	136437	19611.6	21583.5	14267.1	3930.14	3424.51	8037.7	1198850.0	0	4	1	0	0xd43f5e018b415631
stage53_epoch_spin_research	1	44	238990	12246.7	19424.4	135813	19727.2	22093.8	14397.9	3776.68	3434.26	7990.37	1198950.0	0	1	1	0	0xd43f5e018b415631
stage53_epoch_spin_research	1	45	241035	12164.8	19570.5	135815	20458	23314.3	14327.2	3849.89	3463.39	7988.37	1200840.0	0	7	1	0	0xd43f5e018b415631
stage53_epoch_spin_research	1	46	238363	12156.7	19448.8	135289	19800.8	21997.3	14357.1	3764.1	3474.18	7994.24	1198310.0	0	1	1	0	0xd43f5e018b415631
stage53_epoch_spin_research	1	47	239127	12226.2	19489.5	135645	19778.1	22402.7	14316.2	3839.51	3371.22	7975.12	1199090.0	0	1	1	0	0xd43f5e018b415631
stage53_epoch_spin_research	1	48	239428	12239.8	19475.2	136035	19642.2	22654.9	14052.1	3931.31	3382.56	7935.12	1199190.0	0	4	1	0	0xd43f5e018b415631
stage53_epoch_spin_research	1	49	238151	12198.7	19488.1	135656	19707.1	21520.5	14325.1	3822.31	3395.22	7958.78	1181820.0	0	9	1	0	0xd43f5e018b415631
stage53_epoch_spin_research	1	50	238723	12150.6	19424.9	135957	19589.9	21919.2	14429.3	3728.81	3439.27	8001.53	1198680.0	0	1	1	0	0xd43f5e018b415631
stage53_epoch_spin_research	1	51	239266	12258	19498.3	135765	19665	22520.5	14221.7	3916.39	3420.14	7915.62	1199150.0	0	2	1	0	0xd43f5e018b415631
stage53_epoch_spin_research	1	52	238099	12171	19464.9	135378	19678.6	21877.3	14305.1	3762.06	3407.18	7972.24	1182000.0	0	2	1	0	0xd43f5e018b415631
stage53_epoch_spin_research	1	53	238505	12154.5	19591.5	135722	19489.7	21740.2	14523.8	3676.6	3452.68	8070.99	1198210.0	0	3	1	0	0xd43f5e018b415631
stage53_epoch_spin_research	1	54	242014	12304.9	19568.1	137954	19590.9	22512.1	14633.6	3880.52	3530.64	7959.33	1217730.0	0	8	1	0	0xd43f5e018b415631
stage53_epoch_spin_research	1	55	238378	12218.3	19460.8	135870	19817.6	21349.8	14474.8	3787.35	3369.68	7947.53	1182200.0	0	3	1	0	0xd43f5e018b415631
stage53_epoch_spin_research	1	56	238928	12267.3	19647.3	135860	19609	21875.1	14445.4	3773.81	3429.39	7939.16	1198810.0	0	2	1	0	0xd43f5e018b415631
stage53_epoch_spin_research	1	57	239178	12186.1	19562.8	135884	19756.3	22333.6	14213.1	3811.47	3413.64	7934.99	1198870.0	0	3	1	0	0xd43f5e018b415631
stage53_epoch_spin_research	1	58	238966	12200.8	19438.5	135786	19724.7	22537.9	14078.9	3794.02	3386.47	7939.53	1198800.0	0	7	1	0	0xd43f5e018b415631
stage53_epoch_spin_research	1	59	238053	12169.8	19444.7	135651	19659.5	21517.8	14443.7	3765.97	3382.39	7935.62	1181940.0	0	2	1	0	0xd43f5e018b415631
stage53_epoch_spin_research	1	60	239075	12151.8	19440.2	136007	19658.2	21864.1	14589.7	3828.14	3453.89	7996.12	1199030.0	0	1	1	0	0xd43f5e018b415631
stage53_epoch_spin_research	1	61	238863	12243.1	19484.7	135784	19599.8	22327	14131.7	3789.02	3430.72	7993.37	1198760.0	0	2	1	0	0xd43f5e018b415631
stage53_epoch_spin_research	1	62	241925	12322.5	19491.8	137406	21056.6	21993.8	14377.9	3790.43	3425.68	7979.24	1201490.0	0	10	1	0	0xd43f5e018b415631
stage53_epoch_spin_research	1	63	238663	12253.6	19583.9	135799	19538.9	21706.8	14300	3923.68	3459.47	8014.45	1198650.0	0	0	1	0	0xd43f5e018b415631
stage53_epoch_spin_research	1	64	238919	12373.3	19577.8	135723	19612.1	22221.1	14095.7	3771.68	3465.77	7992.16	1198800.0	0	2	1	0	0xd43f5e018b415631
stage53_epoch_spin_research	1	65	239249	12154.5	19503	135890	19691.4	22477	14321.9	3807.89	3385.69	7935.74	1199030.0	0	4	1	0	0xd43f5e018b415631
stage53_epoch_spin_research	1	66	239744	12269.5	19452	136066	19660.3	22500.5	14425.8	3878.68	3405.76	8005.49	1199510.0	0	8	1	0	0xd43f5e018b415631
stage53_epoch_spin_research	1	67	237693	12171.1	19500.1	135600	19556.3	21379	14297.2	3685.43	3412.72	8008.7	1181640.0	0	1	1	0	0xd43f5e018b415631
stage53_epoch_spin_research	1	68	238740	12225.8	19515.1	135475	19698.6	22109.5	14241.4	3975.85	3471.76	7942.62	1198500.0	0	4	1	0	0xd43f5e018b415631
stage53_epoch_spin_research	1	69	239407	12183.7	19695	135785	19680.3	22544.2	14306.4	3754.1	3385.39	7989.33	1199270.0	0	2	1	0	0xd43f5e018b415631
stage53_epoch_spin_research	1	70	239986	12173.9	19528.8	136141	19816.3	22482.5	14344.4	3907.81	3417.18	8091.49	1199710.0	0	3	1	0	0xd43f5e018b415631
stage53_epoch_spin_research	1	71	241157	12177.3	19387.5	137948	19773.3	21531.1	14888.5	4020.6	3379.43	7968.28	1200810.0	0	5	1	0	0xd43f5e018b415631
stage53_epoch_spin_research	1	72	239171	12145.8	19807.2	136044	19560.3	21866.1	14375	3800.02	3423.39	8063.28	1199120.0	0	1	1	0	0xd43f5e018b415631
stage53_epoch_spin_research	1	73	238575	12159.3	19529.9	135534	19645.2	22420.1	14108.1	3759.18	3380.68	7954.87	1198450.0	0	2	1	0	0xd43f5e018b415631
stage53_epoch_spin_research	1	74	238018	12306.8	19474	135417	19731.8	21274.8	14513	3740.6	3410.01	8067.28	1181650.0	0	4	1	0	0xd43f5e018b415631
stage53_epoch_spin_research	1	75	239053	12535.1	19535.3	135955	19537.7	21701.6	14346.7	3928.6	3425.64	8005.53	1198840.0	0	7	1	0	0xd43f5e018b415631
stage53_epoch_spin_research	1	76	238730	12155.6	19437.4	135748	19625.3	22295.2	14209.5	3800.26	3405.43	7969.83	1198590.0	0	3	1	0	0xd43f5e018b415631
stage53_epoch_spin_research	1	77	239395	12269.1	19481	135888	19648.3	22427.9	14249.4	4047.98	3390.26	7912.7	1199330.0	0	1	1	0	0xd43f5e018b415631
stage53_epoch_spin_research	1	78	237719	12166.7	19489.7	135488	19613.1	21364.1	14384.2	3801.31	3366.64	7966.49	1181540.0	0	3	1	0	0xd43f5e018b415631
stage53_epoch_spin_research	1	79	242396	12173.2	19564.3	138234	19770.8	22459.7	14338.6	4287.72	3495.97	7990.2	1218220.0	0	7	1	0	0xd43f5e018b415631
stage53_epoch_spin_research	1	80	239403	12172.3	19578.7	135493	19718.5	22463.9	14706.6	3809.81	3393.43	7981.95	1199360.0	0	1	1	0	0xd43f5e018b415631
stage53_epoch_spin_research	1	81	238556	12231.9	19647.5	135729	19674.2	21840.5	14224.7	3759.93	3384.56	7981.74	1182350.0	0	3	1	0	0xd43f5e018b415631
stage53_epoch_spin_research	1	82	238641	12155.6	19637.4	135630	19687.4	21741.8	14427.7	3891.22	3402.72	7984.37	1198590.0	0	1	1	0	0xd43f5e018b415631
stage53_epoch_spin_research	1	83	239074	12266.2	19641.8	135548	19698.4	22145.4	14436.4	3784.68	3489.72	7978.78	1198990.0	0	1	1	0	0xd43f5e018b415631
stage53_epoch_spin_research	1	84	239632	12299.6	19516.8	136011	19749.8	22325.9	14392.5	3831.14	3428.43	7993.41	1199220.0	0	8	1	0	0xd43f5e018b415631
stage53_epoch_spin_research	1	85	239822	12287.6	19974.4	135858	19798.1	22177.1	14385.2	3830.18	3457.14	7971.24	1199690.0	0	2	1	0	0xd43f5e018b415631
stage53_epoch_spin_research	1	86	239458	12155.2	19687.2	136020	19661.4	22418.4	14228.8	3778.18	3408.73	8015.45	1199350.0	0	2	1	0	0xd43f5e018b415631
stage53_epoch_spin_research	1	87	239712	12354.1	19464.6	135763	19824.4	22444.3	14506.4	3870.89	3369.97	8032.2	1199350.0	0	4	1	0	0xd43f5e018b415631
stage53_epoch_spin_research	1	88	239436	12193.8	19595.3	135538	19828.1	22519.9	14295.5	4082.23	3369.43	7936.99	1199260.0	0	7	1	0	0xd43f5e018b415631
stage53_epoch_spin_research	1	89	237938	12181.4	19616.8	135413	19727.3	21353.6	14340.1	3851.68	3376.51	7998.45	1181820.0	0	2	1	0	0xd43f5e018b415631
stage53_epoch_spin_research	1	90	239193	12146.3	19544.3	136409	19555.2	21890.2	14439.4	3687.14	3433.06	8003.83	1199030.0	0	3	1	0	0xd43f5e018b415631
stage53_epoch_spin_research	1	91	239603	12230.8	19665.5	136189	19750.8	21925.2	14342.4	3893.69	3457.26	8064.16	1199150.0	0	4	1	0	0xd43f5e018b415631
stage53_epoch_spin_research	1	92	239423	12258.4	19600.5	135695	19647.6	22264.6	14293.7	4080.64	3399.89	8100.99	1199240.0	0	7	1	0	0xd43f5e018b415631
stage53_epoch_spin_research	1	93	239584	12236	19547.7	135709	19835.6	22423.9	14391.6	3920.47	3452.06	7986.2	1199420.0	0	4	1	0	0xd43f5e018b415631
stage53_epoch_spin_research	1	94	239335	12174.8	19597.8	135885	19669.1	22455.3	14152.9	3948.18	3363.72	8007.08	1199110.0	0	2	1	0	0xd43f5e018b415631
stage53_epoch_spin_research	1	95	237839	12153.5	19425.4	135593	19662	21431.3	14418.6	3745.02	3361.97	7968.74	1181770.0	0	1	1	0	0xd43f5e018b415631
stage53_epoch_spin_research	1	96	241502	12267.5	22038.5	135515	19730.8	22560.6	14086.9	3873.47	3363.64	7987.53	1217410.0	0	6	1	0	0xd43f5e018b415631
stage53_epoch_spin_research	1	97	237658	12173.1	19591.8	135229	19668.6	21505.8	14314.9	3781.47	3400.68	7911.83	1181560.0	0	2	1	0	0xd43f5e018b415631
stage53_epoch_spin_research	1	98	238754	12153.4	19585.5	135577	19659.7	22095.5	14300.4	3858.64	3490.6	7953.7	1198540.0	0	3	1	0	0xd43f5e018b415631
stage53_epoch_spin_research	1	99	239994	12212.5	19586.8	135917	20079.6	22183.3	14503.6	3941.52	3502.97	7983.45	1199760.0	0	4	1	0	0xd43f5e018b415631
stage53_epoch_spin_research	2	0	239335	12336.8	19520.6	135643	19796.7	22437.7	14176.2	3950.31	3410.35	7980.58	1199220.0	0	2	1	0	0xd43f5e018b415631
stage53_epoch_spin_research	2	1	239418	12174.8	19492.1	136084	19863.1	22493.7	14088.1	3854.73	3357.73	7930.33	1199210.0	0	8	1	0	0xd43f5e018b415631
stage53_epoch_spin_research	2	2	238341	12212.6	19591.7	135789	19751.6	21168.1	14363.9	4055.23	3360.31	7964.24	1182300.0	0	1	1	0	0xd43f5e018b415631
stage53_epoch_spin_research	2	3	239543	12234.5	19520.6	136738	19729.1	21457.7	14478.8	3928.64	3387.35	7981.33	1198960.0	0	7	1	0	0xd43f5e018b415631
stage53_epoch_spin_research	2	4	241864	12239.8	19601.9	137664	20187.4	22437.6	14295.4	3934.85	3430.81	7987.54	1217820.0	0	1	1	0	0xd43f5e018b415631
stage53_epoch_spin_research	2	5	239686	12198.8	19499.2	135922	19837.1	22487.5	14385	3809.43	3437.64	8025.7	1199560.0	0	7	1	0	0xd43f5e018b415631
stage53_epoch_spin_research	2	6	238183	12244.4	19340	135998	19744.6	21136.8	14475.4	3856.93	3372.97	7931.74	1182000.0	0	3	1	0	0xd43f5e018b415631
stage53_epoch_spin_research	2	7	238423	12144.8	19465.8	135508	19592.3	21936.1	14387.1	3867.89	3448.18	7990.54	1198110.0	0	3	1	0	0xd43f5e018b415631
stage53_epoch_spin_research	2	8	238838	12229.5	19444.5	135551	19771.3	22386.8	14126.8	3910.19	3374.85	7964.83	1198850.0	0	0	1	0	0xd43f5e018b415631
stage53_epoch_spin_research	2	9	239489	12169	19481.7	135862	19682.4	22497.6	14666.1	3764.52	3368.77	7917.83	1199270.0	0	8	1	0	0xd43f5e018b415631
stage53_epoch_spin_research	2	10	238207	12273	19519.9	135869	19790.8	21323.8	14201.9	3739.43	3375.47	8029.49	1182110.0	0	2	1	0	0xd43f5e018b415631
stage53_epoch_spin_research	2	11	238564	12305.4	19549.8	135693	19646.8	22018.8	14100.7	3753.6	3459.76	7952.16	1198510.0	0	1	1	0	0xd43f5e018b415631
stage53_epoch_spin_research	2	12	239317	12167.8	19597.4	135839	19706.5	22389.3	14385.4	3780.81	3416.52	7949.99	1199160.0	0	3	1	0	0xd43f5e018b415631
stage53_epoch_spin_research	2	13	241166	12268.8	19645.4	137989	19660.9	21485	14691.1	3955.69	3393.1	7990.49	1201180.0	0	0	1	0	0xd43f5e018b415631
stage53_epoch_spin_research	2	14	239337	12263	19581.8	135983	19764.7	21965.3	14327.9	3901.18	3471.93	7997.37	1199100.0	0	8	1	0	0xd43f5e018b415631
stage53_epoch_spin_research	2	15	239429	12213.9	19513.1	136275	19775.8	22150.5	14105.7	3802.35	3440.68	8066.49	1199240.0	0	3	1	0	0xd43f5e018b415631
stage53_epoch_spin_research	2	16	239179	12207.6	19692.1	135874	19578.6	22370.2	14233.6	3764.6	3406.64	7970.33	1199050.0	0	2	1	0	0xd43f5e018b415631
stage53_epoch_spin_research	2	17	239309	12277.2	19393.9	135765	19741.8	22582.3	14244.4	3810.44	3419.47	7992.66	1199260.0	0	1	1	0	0xd43f5e018b415631
stage53_epoch_spin_research	2	18	239486	12202.1	19524.8	135773	19642.9	22454	14545.1	3916.77	3371.26	7973.12	1199250.0	0	8	1	0	0xd43f5e018b415631
stage53_epoch_spin_research	2	19	238332	12242.1	19407.5	135618	19767.8	21477	14360.6	4022.89	3381.35	7967.79	1182120.0	0	4	1	0	0xd43f5e018b415631
stage53_epoch_spin_research	2	20	238878	12283.1	19474.5	135714	19757	21909.2	14367.1	3866.06	3444.64	7978.41	1198500.0	0	4	1	0	0xd43f5e018b415631
stage53_epoch_spin_research	2	21	241148	12170	19479.7	138206	19663.4	21888.7	14332	3968.23	3396.1	7959.74	1201170.0	0	0	1	0	0xd43f5e018b415631
stage53_epoch_spin_research	2	22	238578	12168.2	19386.4	135894	19570.8	21888.6	14229.5	3795.23	3610.31	7950.16	1198450.0	0	6	1	0	0xd43f5e018b415631
stage53_epoch_spin_research	2	23	239484	12183.3	19611.9	135929	19628	22188.8	14423.2	4003.98	3426.43	8007.16	1199320.0	0	3	1	0	0xd43f5e018b415631
stage53_epoch_spin_research	2	24	239544	12255.9	19493.5	136141	19640.7	22377.3	14219.5	3867.56	3428.72	8039.58	1199280.0	0	2	1	0	0xd43f5e018b415631
stage53_epoch_spin_research	2	25	239299	12173.1	19463.4	135726	19649.6	22428.5	14486.3	3954.73	3416.56	7916.54	1199260.0	0	1	1	0	0xd43f5e018b415631
stage53_epoch_spin_research	2	26	237683	12162.6	19517.6	135839	19657.2	21308.6	14030.4	3694.31	3439.27	7951.58	1181460.0	0	7	1	0	0xd43f5e018b415631
stage53_epoch_spin_research	2	27	239127	12159.8	19564.8	135901	19638.3	22199.6	14347.8	3729.31	3450.6	8050.37	1198920.0	0	3	1	0	0xd43f5e018b415631
stage53_epoch_spin_research	2	28	238975	12231.1	19688.5	135546	19610.4	22290.8	14118	3923.69	3492.97	7991.49	1198770.0	0	3	1	0	0xd43f5e018b415631
stage53_epoch_spin_research	2	29	239026	12248.9	19571	135817	19646.8	22440.6	14155.9	3760.23	3383.18	7922.49	1198980.0	0	1	1	0	0xd43f5e018b415631
stage53_epoch_spin_research	2	30	240737	12183.3	19422	137963	19681.1	22061	14107.4	3782.47	3440.68	8015.99	1200750.0	0	0	1	0	0xd43f5e018b415631
stage53_epoch_spin_research	2	31	239875	12220.9	19586.2	136060	19781.2	22367.8	14391.2	4002.06	3414.85	7965.24	1199710.0	0	7	1	0	0xd43f5e018b415631
stage53_epoch_spin_research	2	32	239041	12202.5	19514.9	135331	19799.4	22519.1	14348.9	3971.43	3359.68	7910.58	1198790.0	0	4	1	0	0xd43f5e018b415631
stage53_epoch_spin_research	2	33	239327	12177.6	19368	135948	19718.8	22436.1	14563.6	3776.18	3379.27	7880.33	1199080.0	0	2	1	0	0xd43f5e018b415631
stage53_epoch_spin_research	2	34	238113	12270.2	19393.9	135761	19605	21521.4	14181.7	3911.31	3382.27	8003.74	1182070.0	0	1	1	0	0xd43f5e018b415631
stage53_epoch_spin_research	2	35	239449	12235.8	19581.2	136384	19589.8	21852.1	14461.2	3836.77	3430.68	7994.37	1199070.0	0	10	1	0	0xd43f5e018b415631
stage53_epoch_spin_research	2	36	239101	12234.9	19526.7	135704	19736	22195.3	14356.9	3753.98	3521.89	7988.33	1198990.0	0	2	1	0	0xd43f5e018b415631
stage53_epoch_spin_research	2	37	239270	12254.1	19473.8	135650	19692.3	22456.6	14212	4074.14	3388.51	7983.95	1198970.0	0	3	1	0	0xd43f5e018b415631
stage53_epoch_spin_research	2	38	241437	12179.1	19628.7	135981	19610	24204.5	14351.9	4000.35	3386.51	8010.95	1201460.0	0	0	1	0	0xd43f5e018b415631
stage53_epoch_spin_research	2	39	238893	12152.5	19537.6	135657	19782	22094	14203.2	3821.81	3501.76	8061.33	1198780.0	0	6	1	0	0xd43f5e018b415631
stage53_epoch_spin_research	2	40	239163	12258.6	19500.8	135635	19704.1	22381.6	14315.4	3881.06	3388.85	8015.91	1198860.0	0	5	1	0	0xd43f5e018b415631
stage53_epoch_spin_research	2	41	239322	12259	19481.8	135767	19808.6	22478.2	14328	3804.73	3369.31	7946.49	1199000.0	0	3	1	0	0xd43f5e018b415631
stage53_epoch_spin_research	2	42	238117	12182.5	19559	135823	19716	21394.3	14225.1	3808.94	3385.77	7940.87	1182010.0	0	2	1	0	0xd43f5e018b415631
stage53_epoch_spin_research	2	43	239184	12257.5	19654.5	135915	19726	21932.6	14342.9	3869.1	3428.39	7972.87	1198980.0	0	8	1	0	0xd43f5e018b415631
stage53_epoch_spin_research	2	44	239119	12146.9	19647.2	135918	19657	22083.5	14315.8	3811.48	3509.89	7945.49	1198730.0	0	3	1	0	0xd43f5e018b415631
stage53_epoch_spin_research	2	45	239706	12334	19508.1	136005	19789.1	22327.4	14326.1	3908.89	3431.3	7997.83	1199460.0	0	4	1	0	0xd43f5e018b415631
stage53_epoch_spin_research	2	46	241347	12261.7	19670	135695	19870.2	24324.3	14119.6	3926.81	3395.35	7998.58	1201360.0	0	0	1	0	0xd43f5e018b415631
stage53_epoch_spin_research	2	47	238595	12239.8	19443.5	135612	19625.8	21938.9	14235.4	3918.56	3456.6	8042.16	1198600.0	0	0	1	0	0xd43f5e018b415631
stage53_epoch_spin_research	2	48	239592	12246.4	19540.2	136005	19850.1	22343.1	14272.6	3920.56	3414.56	7919.29	1199370.0	0	8	1	0	0xd43f5e018b415631
stage53_epoch_spin_research	2	49	238986	12290.6	19434.7	135809	19704.5	22541.4	13982.4	3827.85	3373.06	7942.91	1198830.0	0	2	1	0	0xd43f5e018b415631
stage53_epoch_spin_research	2	50	238353	12170.6	19456.1	135661	19607.6	21826.3	14375.6	3858.6	3379.72	7937.91	1182360.0	0	0	1	0	0xd43f5e018b415631
stage53_epoch_spin_research	2	51	238894	12325.9	19526.9	136152	19573.2	21687.4	14355.5	3760.02	3400.43	8029.29	1198720.0	0	3	1	0	0xd43f5e018b415631
stage53_epoch_spin_research	2	52	239102	12151.9	19568.2	135694	19749.4	22111.2	14240.4	3951.65	3539.43	8011.91	1198820.0	0	9	1	0	0xd43f5e018b415631
stage53_epoch_spin_research	2	53	238892	12156.9	19428.4	135431	19749.2	22782.1	14037.1	3888.18	3372.68	7964.37	1198600.0	0	3	1	0	0xd43f5e018b415631
stage53_epoch_spin_research	2	54	240554	12196	19602.4	135996	19808.6	22402.4	15376.7	3743.77	3409.43	7932.74	1200440.0	0	2	1	0	0xd43f5e018b415631
stage53_epoch_spin_research	2	55	240771	12170.2	19563.1	137603	19690.5	21545.9	14711.5	4110.06	3376.27	7916.16	1200780.0	0	0	1	0	0xd43f5e018b415631
stage53_epoch_spin_research	2	56	238973	12175.3	19720.5	135744	19703.2	22069.9	14182.9	3793.64	3516.89	7985.79	1198830.0	0	6	1	0	0xd43f5e018b415631
stage53_epoch_spin_research	2	57	239114	12280.3	19551.2	135490	19756.6	22401.2	14469.1	3753.81	3385.56	7944.24	1198840.0	0	5	1	0	0xd43f5e018b415631
stage53_epoch_spin_research	2	58	240094	12521.1	19534.5	136002	19638.5	22427.9	14495.5	4001.39	3409.51	7983.54	1199830.0	0	2	1	0	0xd43f5e018b415631
stage53_epoch_spin_research	2	59	239466	12269.8	19412.7	135924	19726.6	22458.8	14397.1	3851.11	3378.35	7962.83	1199420.0	0	1	1	0	0xd43f5e018b415631
stage53_epoch_spin_research	2	60	237786	12161.3	19477.2	135646	19757.6	21344.4	14145.6	3772.64	3379.18	8020.87	1181640.0	0	3	1	0	0xd43f5e018b415631
stage53_epoch_spin_research	2	61	239365	12235.9	19563.1	136100	19664.9	21877.1	14479.8	3944.85	3425.51	7992.16	1199130.0	0	8	1	0	0xd43f5e018b415631
stage53_epoch_spin_research	2	62	238865	12340.4	19571.4	135623	19641.1	22120.4	14274.1	3741.72	3485.93	7984.04	1198690.0	0	3	1	0	0xd43f5e018b415631
stage53_epoch_spin_research	2	63	241376	12180.2	19425.3	137821	20234.8	21983.3	14336.4	3948.73	3379.18	7987.04	1201390.0	0	0	1	0	0xd43f5e018b415631
stage53_epoch_spin_research	2	64	238715	12241.4	19507.3	135814	19571.8	21900	14484.2	3741.52	3438.97	7936.58	1198690.0	0	1	1	0	0xd43f5e018b415631
stage53_epoch_spin_research	2	65	239646	12163.4	19480.9	136033	19931.8	22077.7	14579.7	3751.14	3592.77	7948.16	1199110.0	0	12	1	0	0xd43f5e018b415631
stage53_epoch_spin_research	2	66	239404	12201.7	19561.6	135951	19633	22283.2	14332.1	3903.02	3421.22	8040.08	1199340.0	0	1	1	0	0xd43f5e018b415631
stage53_epoch_spin_research	2	67	238972	12155.2	19471	135500	19763.3	22513.4	14196.1	3951.23	3372.6	7967.2	1198920.0	0	1	1	0	0xd43f5e018b415631
stage53_epoch_spin_research	2	68	238038	12128.3	19648.3	135884	19639.5	21333.9	14255.7	3762.1	3376.52	7925.66	1181910.0	0	2	1	0	0xd43f5e018b415631
stage53_epoch_spin_research	2	69	239220	12262.2	19598.8	136047	19571.4	21903.7	14367	3953.81	3436.02	7995.62	1198910.0	0	10	1	0	0xd43f5e018b415631
stage53_epoch_spin_research	2	70	239213	12153.9	19469.7	135897	19653.4	22184.4	14580.6	3778.77	3483.56	7927.37	1198800.0	0	4	1	0	0xd43f5e018b415631
stage53_epoch_spin_research	2	71	239168	12229.8	19418.5	135673	19790.3	22456.7	14255.6	3915.56	3393.81	7954.37	1199130.0	0	1	1	0	0xd43f5e018b415631
stage53_epoch_spin_research	2	72	241171	12209.3	19449.8	138293	19556.5	21755.2	14332.1	4053.72	3489.01	7950.12	1201180.0	0	0	1	0	0xd43f5e018b415631
stage53_epoch_spin_research	2	73	239260	12225.3	19425.8	136203	19723	22211.6	14159.8	3829.1	3413.72	7987.29	1199110.0	0	7	1	0	0xd43f5e018b415631
stage53_epoch_spin_research	2	74	239577	12352.3	19512.9	136109	19857	22279.4	14221.5	3791.68	3403.43	7966.87	1199260.0	0	3	1	0	0xd43f5e018b415631
stage53_epoch_spin_research	2	75	239086	12270.2	19614.4	135304	19806.6	22526.2	14309.6	3817.81	3346.81	8010.75	1198940.0	0	2	1	0	0xd43f5e018b415631
stage53_epoch_spin_research	2	76	237917	12193.2	19428.9	135647	19788.2	21413.3	14168.1	3815.35	3371.72	8008.2	1181800.0	0	2	1	0	0xd43f5e018b415631
stage53_epoch_spin_research	2	77	238791	12244.6	19656.6	135793	19621.4	21985.3	14125.5	3854.98	3441.47	7983.04	1198700.0	0	2	1	0	0xd43f5e018b415631
stage53_epoch_spin_research	2	78	238801	12169.7	19752.3	135687	19629.9	22383.5	13949.7	3842.39	3376.02	7925.41	1198510.0	0	9	1	0	0xd43f5e018b415631
stage53_epoch_spin_research	2	79	239491	12180.1	19608.9	135895	19807.3	22502.2	14243.8	3886.18	3375.81	7913.37	1199440.0	0	1	1	0	0xd43f5e018b415631
stage53_epoch_spin_research	2	80	242172	12197.8	19488.8	138267	19766.3	22002.9	14577.8	4391.81	3370.14	8027.33	1202120.0	0	1	1	0	0xd43f5e018b415631
stage53_epoch_spin_research	2	81	238697	12177.8	19459.3	135901	19714.4	21939.2	14170.5	3776.1	3445.64	8031.37	1198660.0	0	1	1	0	0xd43f5e018b415631
stage53_epoch_spin_research	2	82	239298	12243.7	19711.9	135735	19593.7	22358.6	14089.6	4112.81	3429.81	7940.08	1198950.0	0	10	1	0	0xd43f5e018b415631
stage53_epoch_spin_research	2	83	239391	12275.4	19486.9	135691	19789.1	22457.6	14380.3	3922.31	3388.43	7917.99	1199120.0	0	3	1	0	0xd43f5e018b415631
stage53_epoch_spin_research	2	84	239439	12188.4	19600.7	135952	19689.1	22460.4	14360.2	3757.85	3378.93	7973.95	1199390.0	0	1	1	0	0xd43f5e018b415631
stage53_epoch_spin_research	2	85	237914	12148.5	19522.8	135844	19563.9	21477.8	14190.6	3717.6	3380.77	7985.58	1181740.0	0	3	1	0	0xd43f5e018b415631
stage53_epoch_spin_research	2	86	238628	12166.3	19561.7	135739	19661.8	22156.6	14031.6	3808.56	3461.85	7958.45	1198420.0	0	8	1	0	0xd43f5e018b415631
stage53_epoch_spin_research	2	87	239234	12281.3	19565.9	135754	19664.1	22449.4	14221.3	3861.98	3375.93	7944.16	1199000.0	0	2	1	0	0xd43f5e018b415631
stage53_epoch_spin_research	2	88	238147	12186.9	19513.4	135467	19799.4	21366.2	14388.3	3779.47	3371.81	8192.62	1182100.0	0	1	1	0	0xd43f5e018b415631
stage53_epoch_spin_research	2	89	239252	13659.1	19475.2	135558	19681.5	21506.6	14108.5	3778.69	3375.52	8027.79	1199260.0	0	0	1	0	0xd43f5e018b415631
stage53_epoch_spin_research	2	90	239211	12288.8	19634.3	135663	20072.7	22055.4	14083.5	3848.73	3453.31	8028	1199580.0	0	8	1	0	0xd43f5e018b415631
stage53_epoch_spin_research	2	91	239377	12151.3	19401.2	136091	19643.4	22416.4	14397.6	3784.98	3410.35	7997.87	1198520.0	0	2	1	0	0xd43f5e018b415631
stage53_epoch_spin_research	2	92	239640	12183.9	19466.6	136387	19698.8	22243.6	14330.9	3779.89	3473.27	7993.87	1199140.0	0	3	1	0	0xd43f5e018b415631
stage53_epoch_spin_research	2	93	239264	12219.6	19509.9	135823	19669.1	22454.6	14275.3	3914.93	3375.1	7943.74	1199160.0	0	2	1	0	0xd43f5e018b415631
stage53_epoch_spin_research	2	94	239359	12183.4	19459.7	135751	19691.7	22503.4	14548.4	3825.68	3363.18	7948.08	1199310.0	0	1	1	0	0xd43f5e018b415631
stage53_epoch_spin_research	2	95	238187	12243.9	19531.1	135813	19686.2	21351.8	14390.5	3753.56	3366.56	7965.08	1181810.0	0	10	1	0	0xd43f5e018b415631
stage53_epoch_spin_research	2	96	238791	12157.1	19586.6	135772	19690.2	21940.2	14249.4	3892.02	3449.6	7968.37	1198670.0	0	2	1	0	0xd43f5e018b415631
stage53_epoch_spin_research	2	97	240518	12317.1	21603.1	135982	19547.9	21406.3	14393.9	3803.93	3419.39	7966.58	1200530.0	0	0	1	0	0xd43f5e018b415631
stage53_epoch_spin_research	2	98	238953	12172.7	19515.9	135738	19786	22121.4	14244.1	3822.06	3458.97	8010.12	1198910.0	0	1	1	0	0xd43f5e018b415631
stage53_epoch_spin_research	2	99	239887	12368.8	19514.8	136007	19701.3	22210.8	14788.4	3802.35	3401.68	8006.41	1199450.0	0	11	1	0	0xd43f5e018b415631
stage53_epoch_spin_research	3	0	239397	12166.7	19550.5	135996	19677.4	22420.4	14254.5	3850.39	3423.64	7970.75	1199340.0	0	1	1	0	0xd43f5e018b415631
stage53_epoch_spin_research	3	1	239375	12213.9	19552.2	135784	19631.4	22535	14140.2	4105.6	3370.31	7962.25	1199280.0	0	2	1	0	0xd43f5e018b415631
stage53_epoch_spin_research	3	2	239480	12277	19620.7	135854	19598.9	22446	14300.3	3898.35	3385.35	8018.75	1199360.0	0	2	1	0	0xd43f5e018b415631
stage53_epoch_spin_research	3	3	238484	12189.9	19428.6	135891	19765.6	21433.7	14424.2	3841.27	3383.01	8044.58	1182050.0	0	9	1	0	0xd43f5e018b415631
stage53_epoch_spin_research	3	4	238832	12175.4	19415.5	136029	19550.3	21841.1	14482.6	3839.39	3424.97	7988.12	1198790.0	0	1	1	0	0xd43f5e018b415631
stage53_epoch_spin_research	3	5	240888	12187.2	19412.6	138025	19972	21710.4	14220.8	3806.98	3387.89	8080.08	1200790.0	0	2	1	0	0xd43f5e018b415631
stage53_epoch_spin_research	3	6	238437	12132.4	19581.5	135589	19760.6	21885.1	14348.3	3683.68	3436.19	7938.75	1198440.0	0	0	1	0	0xd43f5e018b415631
stage53_epoch_spin_research	3	7	238950	12368.5	19476.5	135928	19597	22339.1	14051.4	3721.31	3421.18	7961.41	1198720.0	0	4	1	0	0xd43f5e018b415631
stage53_epoch_spin_research	3	8	239371	12265.1	19480	135832	19637.4	22613.1	14254.3	3870.93	3388.6	7951	1199000.0	0	8	1	0	0xd43f5e018b415631
stage53_epoch_spin_research	3	9	238292	12158	19473.1	135844	19756.7	21269.9	14186.7	4209.11	3383.43	7930.33	1182170.0	0	2	1	0	0xd43f5e018b415631
stage53_epoch_spin_research	3	10	238918	12263.4	19590.6	136058	19654.4	21759.2	14208.7	3893.52	3419.22	7983.75	1198580.0	0	4	1	0	0xd43f5e018b415631
stage53_epoch_spin_research	3	11	238953	12167.1	19539.2	135798	19638.1	22164.1	14429.1	3768.39	3419.76	7940.91	1198800.0	0	3	1	0	0xd43f5e018b415631
stage53_epoch_spin_research	3	12	239576	12388.7	19732.3	136074	19723.3	22383.9	14013	3789.6	3415.26	7970.75	1199300.0	0	8	1	0	0xd43f5e018b415631
stage53_epoch_spin_research	3	13	239450	12175.5	19557.2	135441	19800.1	22448.2	14416.3	4211.56	3381.97	7938.91	1199380.0	0	1	1	0	0xd43f5e018b415631
stage53_epoch_spin_research	3	14	241576	12272.8	19485.9	138551	19640.8	21494.2	14858.8	3876.06	3366.89	7949	1201590.0	0	0	1	0	0xd43f5e018b415631
stage53_epoch_spin_research	3	15	239404	12211.3	20247.5	135619	19648.2	22128.4	14199.4	3756.35	3565.56	7944.91	1199240.0	0	3	1	0	0xd43f5e018b415631
stage53_epoch_spin_research	3	16	239173	12279.4	19436.8	135896	19638.1	22338.5	14339.6	3728.89	3405.14	8029.62	1198950.0	0	7	1	0	0xd43f5e018b415631
stage53_epoch_spin_research	3	17	239106	12284.6	19478.3	135776	19628.5	22430.1	14251.7	3848.89	3375.51	7953.2	1199000.0	0	2	1	0	0xd43f5e018b415631
stage53_epoch_spin_research	3	18	238381	12221.3	19599.8	135257	19748.2	21743.8	14453.1	3971.22	3375.26	7930.62	1182250.0	0	2	1	0	0xd43f5e018b415631
stage53_epoch_spin_research	3	19	238570	12181.9	19477.6	135726	19689.4	21739.4	14456.1	3826.6	3414.6	7974.04	1198470.0	0	2	1	0	0xd43f5e018b415631
stage53_epoch_spin_research	3	20	239080	12148.9	19542.2	136128	19703.6	22262.3	14023	3807.1	3428.89	7951.2	1198640.0	0	9	1	0	0xd43f5e018b415631
stage53_epoch_spin_research	3	21	239823	12259.3	19576.8	135639	19803.2	22343.1	14733.8	3964.89	3476.89	7943.83	1199710.0	0	2	1	0	0xd43f5e018b415631
stage53_epoch_spin_research	3	22	241608	12174	19494.7	137929	20503.4	21950.3	14180.9	3800.27	3380.81	8110.96	1201540.0	0	1	1	0	0xd43f5e018b415631
stage53_epoch_spin_research	3	23	238743	12240.9	19456.3	135857	19811.5	21853.5	14307.8	3749.27	3403.18	7980.33	1198640.0	0	2	1	0	0xd43f5e018b415631
stage53_epoch_spin_research	3	24	239359	12266.2	19525	135927	19864.9	22084.5	14254.8	3907.73	3474.18	7972.45	1198940.0	0	5	1	0	0xd43f5e018b415631
stage53_epoch_spin_research	3	25	239544	12195.6	19542.8	135912	19837	22276.4	14276.6	4093.14	3401.64	7926.37	1199360.0	0	6	1	0	0xd43f5e018b415631
stage53_epoch_spin_research	3	26	239480	12281.7	19547.8	135719	19819.1	22419.4	14451.1	3757.39	3416.39	7985.5	1199370.0	0	2	1	0	0xd43f5e018b415631
stage53_epoch_spin_research	3	27	239643	12169.3	19705.6	135992	19652.3	22425.5	14367.3	3862.64	3381.06	8004.54	1199530.0	0	2	1	0	0xd43f5e018b415631
stage53_epoch_spin_research	3	28	239574	12212.9	19477.9	136003	19689.9	22798.1	14073.9	3812.27	3384.47	8041.45	1199190.0	0	4	1	0	0xd43f5e018b415631
stage53_epoch_spin_research	3	29	239534	12278	19459	135599	19818.8	22478.9	14586.9	3837.6	3434.52	7963.25	1199310.0	0	8	1	0	0xd43f5e018b415631
stage53_epoch_spin_research	3	30	237902	12151.8	19487.8	135832	19582	21312.4	14343.1	3758.31	3363.18	7989.83	1181860.0	0	1	1	0	0xd43f5e018b415631
stage53_epoch_spin_research	3	31	241818	12158.1	19438.8	138193	19822.9	22497.5	14424.9	3887.35	3384.6	7930.83	1217820.0	0	0	1	0	0xd43f5e018b415631
stage53_epoch_spin_research	3	32	238113	12158.4	19419	135774	19726.6	21311.9	14444.1	3848.06	3379.35	7969.04	1181820.0	0	4	1	0	0xd43f5e018b415631
stage53_epoch_spin_research	3	33	239042	12144.6	19478.5	136105	19715	21885.9	14451.6	3740.23	3447.39	7991.45	1198840.0	0	7	1	0	0xd43f5e018b415631
stage53_epoch_spin_research	3	34	239241	12342	19670.4	135553	19640.1	22113.5	14535.6	3921.1	3452.6	7932.04	1199140.0	0	2	1	0	0xd43f5e018b415631
stage53_epoch_spin_research	3	35	239153	12173	19465.8	135951	19591.1	22454.4	14245.4	3887.89	3385.89	7915.37	1198960.0	0	3	1	0	0xd43f5e018b415631
stage53_epoch_spin_research	3	36	238420	12191.1	19497.1	135806	19624.8	21830.4	14329.6	3776.27	3368.26	7914.5	1182260.0	0	3	1	0	0xd43f5e018b415631
stage53_epoch_spin_research	3	37	238784	12134.4	19726.9	135774	19744.7	21626.5	14315	3971.52	3389.39	8020.83	1198540.0	0	2	1	0	0xd43f5e018b415631
stage53_epoch_spin_research	3	38	239291	12251.9	19579.3	136146	19653.9	21988.5	14390.1	3726.85	3506.14	7966.08	1199080.0	0	8	1	0	0xd43f5e018b415631
stage53_epoch_spin_research	3	39	240453	12195.5	19530.4	135579	19722.1	23192.7	14853.8	3916.47	3384.27	7994.95	1200400.0	0	1	1	0	0xd43f5e018b415631
stage53_epoch_spin_research	3	40	238863	12265.6	19552.8	135823	19724	22138.7	13920.5	3822.15	3537.27	7996.7	1198760.0	0	2	1	0	0xd43f5e018b415631
stage53_epoch_spin_research	3	41	239579	12290	19603.8	135915	19671.5	22380.1	14342.7	3895.89	3415.72	7982.79	1199260.0	0	2	1	0	0xd43f5e018b415631
stage53_epoch_spin_research	3	42	239213	12309.5	19457.4	135831	19723.7	22468.3	14103.5	3905.56	3397.77	7936.91	1198990.0	0	8	1	0	0xd43f5e018b415631
stage53_epoch_spin_research	3	43	238074	12188.7	19525.3	135525	19700.9	21278.6	14643	3744.06	3382.23	8004.79	1182040.0	0	1	1	0	0xd43f5e018b415631
stage53_epoch_spin_research	3	44	238536	12343.4	19444	135572	19594.8	21885.9	14359	3780.35	3435.14	8035.79	1198440.0	0	2	1	0	0xd43f5e018b415631
stage53_epoch_spin_research	3	45	239486	12218.8	19605.8	135669	19757.8	22429	14328.3	3819.31	3468.02	8097.5	1199240.0	0	4	1	0	0xd43f5e018b415631
stage53_epoch_spin_research	3	46	240017	12634	19463.8	136648	19640.4	22037.5	14292.7	3783.43	3443.27	7988.75	1198490.0	0	19	1	0	0xd43f5e018b415631
stage53_epoch_spin_research	3	47	240444	12230.3	19587.2	135748	19689.1	22971.1	14913.9	3851.81	3389.06	7982.7	1200270.0	0	3	1	0	0xd43f5e018b415631
stage53_epoch_spin_research	3	48	239142	12145.5	19556.8	136020	19704.8	22137.6	14191.1	3845.18	3456.73	8004.5	1199040.0	0	2	1	0	0xd43f5e018b415631
stage53_epoch_spin_research	3	49	239453	12205	19701.8	135845	19604.2	22448.4	14298.1	3831.14	3405.6	8030.37	1199260.0	0	3	1	0	0xd43f5e018b415631
stage53_epoch_spin_research	3	50	239361	12315.1	19502.7	135971	19609.3	22493.9	14214.5	3796.44	3367.93	8009.33	1199170.0	0	7	1	0	0xd43f5e018b415631
stage53_epoch_spin_research	3	51	239767	12290.9	19693.8	136058	19667.6	22519.6	14242.7	3847.9	3381.06	7984.25	1199720.0	0	1	1	0	0xd43f5e018b415631
stage53_epoch_spin_research	3	52	239313	12246	19608.6	135661	19721.9	22459.9	14417.3	3810.23	3380.35	7929.5	1199100.0	0	4	1	0	0xd43f5e018b415631
stage53_epoch_spin_research	3	53	238507	12181	19543.5	135734	19802.9	21399.3	14329.6	3925.02	3387.73	8117.41	1182380.0	0	2	1	0	0xd43f5e018b415631
stage53_epoch_spin_research	3	54	238751	12167.9	19539.3	135907	19725.8	21937.3	14309.6	3705.64	3454.1	7920.83	1198490.0	0	2	1	0	0xd43f5e018b415631
stage53_epoch_spin_research	3	55	239315	12281	19621.5	136109	19642.1	22179.5	14147.8	3783.35	3481.68	7989.54	1199130.0	0	7	1	0	0xd43f5e018b415631
stage53_epoch_spin_research	3	56	240895	12227.2	20234.4	137925	19650.8	21420.6	14048.1	3976.98	3368.06	7957.41	1200910.0	0	0	1	0	0xd43f5e018b415631
stage53_epoch_spin_research	3	57	238736	12237.7	19504.2	135518	19825.8	22049.7	14301.2	3783.14	3450.94	7977.58	1198500.0	0	4	1	0	0xd43f5e018b415631
stage53_epoch_spin_research	3	58	239467	12231.6	19594.1	135683	19849.5	22460.4	14147.4	3935.31	3469.85	8016.04	1199160.0	0	3	1	0	0xd43f5e018b415631
stage53_epoch_spin_research	3	59	239191	12171.9	19642.6	136017	19688.8	22431.6	14025.9	3790.23	3390.85	7952.16	1198880.0	0	9	1	0	0xd43f5e018b415631
stage53_epoch_spin_research	3	60	238454	12171.6	19467.4	135844	19649.8	21325.1	14658.9	3755.48	3426.68	8073.58	1182230.0	0	4	1	0	0xd43f5e018b415631
stage53_epoch_spin_research	3	61	239108	12262.7	20259.1	135868	19534.6	21517.4	14423.2	3772.47	3390.43	7992.33	1198980.0	0	3	1	0	0xd43f5e018b415631
stage53_epoch_spin_research	3	62	238875	12260.3	19375.1	135715	19766.5	22048.7	14300.7	3910.89	3473.01	7937.25	1198740.0	0	2	1	0	0xd43f5e018b415631
stage53_epoch_spin_research	3	63	239203	12260.5	19423.8	135727	19801.6	22448.8	14328	3818.4	3368.02	7944.7	1199060.0	0	7	1	0	0xd43f5e018b415631
stage53_epoch_spin_research	3	64	241653	12185.5	19503.1	138543	19662.9	22009.6	14452.8	3786.52	3403.97	8020.66	1201610.0	0	1	1	0	0xd43f5e018b415631
stage53_epoch_spin_research	3	65	238607	12151.8	19476.3	135724	19690.2	22095.9	14165.7	3792.02	3451.18	7979.21	1198500.0	0	2	1	0	0xd43f5e018b415631
stage53_epoch_spin_research	3	66	238704	12205.8	19404.2	135374	19742.5	22460.7	14087.5	3939.85	3375.81	8034.12	1198570.0	0	2	1	0	0xd43f5e018b415631
stage53_epoch_spin_research	3	67	238920	12186	20009	135604	19713.3	21901.4	14297.1	3785.27	3373.48	7969.16	1182410.0	0	8	1	0	0xd43f5e018b415631
stage53_epoch_spin_research	3	68	238736	12281.6	19566.2	135996	19595.4	21648.6	14298.6	3927.39	3362.93	7975.12	1198570.0	0	3	1	0	0xd43f5e018b415631
stage53_epoch_spin_research	3	69	239261	12249.6	19964.7	135809	19638.2	21876.1	14252.2	3836.35	3590.64	7959.29	1198670.0	0	5	1	0	0xd43f5e018b415631
stage53_epoch_spin_research	3	70	239753	12161.1	19717.6	135826	19642.4	22238.1	14823.9	3763.98	3465.6	8030.25	1199430.0	0	3	1	0	0xd43f5e018b415631
stage53_epoch_spin_research	3	71	239456	12289.7	19442.2	136163	19780.6	22009	14498	3770.81	3452.23	7965.12	1199060.0	0	3	1	0	0xd43f5e018b415631
stage53_epoch_spin_research	3	72	238751	12274.6	19505.3	135229	19786.6	22449.6	14235.6	3864.06	3381.31	7940.58	1198530.0	0	7	1	0	0xd43f5e018b415631
stage53_epoch_spin_research	3	73	241578	12262	19477.7	138074	19520.6	21726.1	15038.8	3896.61	3471.81	8026	1201440.0	0	2	1	0	0xd43f5e018b415631
stage53_epoch_spin_research	3	74	239134	12208.9	19616.6	135758	19847	22224.3	14108.6	3848.02	3440.06	7999.75	1198690.0	0	5	1	0	0xd43f5e018b415631
stage53_epoch_spin_research	3	75	238954	12184.8	19525.6	135374	19692.6	22504.1	14382.6	3819.81	3462.06	7926.96	1198970.0	0	0	1	0	0xd43f5e018b415631
stage53_epoch_spin_research	3	76	238276	12204.4	19559.7	135988	19712.2	21153.9	14262.9	3926.44	3416.14	7972.41	1182100.0	0	7	1	0	0xd43f5e018b415631
stage53_epoch_spin_research	3	77	238381	12148.4	19519	135502	19653.6	21940.7	14247.9	3759.47	3510.27	8018.12	1198260.0	0	2	1	0	0xd43f5e018b415631
stage53_epoch_spin_research	3	78	238740	12289.9	19317.1	135376	19741.6	22533.8	14214.9	3834.85	3372.64	7975	1198640.0	0	2	1	0	0xd43f5e018b415631
stage53_epoch_spin_research	3	79	239959	12291.5	19743.3	136059	19697.9	22504.8	14207.5	3975.39	3379.06	8017.71	1199590.0	0	4	1	0	0xd43f5e018b415631
stage53_epoch_spin_research	3	80	237994	12168.4	19502.3	135572	19758.5	21204.1	14623.2	3689.52	3426.68	7967.41	1181830.0	0	7	1	0	0xd43f5e018b415631
stage53_epoch_spin_research	3	81	241575	12271.8	19584.6	138265	19690.9	22202.8	14328	3694.72	3500.73	7955.04	1217580.0	0	0	1	0	0xd43f5e018b415631
stage53_epoch_spin_research	3	82	237823	12180.6	19525.6	135350	19671.6	21356.6	14467.4	3871.1	3364.56	7953.33	1181610.0	0	3	1	0	0xd43f5e018b415631
stage53_epoch_spin_research	3	83	238596	12150	19519.1	135912	19690	21988.3	14132.2	3729.02	3441.43	7948.91	1198530.0	0	1	1	0	0xd43f5e018b415631
stage53_epoch_spin_research	3	84	239408	12279	19485.1	135812	19801	22389.8	14191.7	3967.73	3436.81	7959.95	1199360.0	0	1	1	0	0xd43f5e018b415631
stage53_epoch_spin_research	3	85	239431	12182.8	19378.6	135928	19652.3	22584.5	14344.3	3955.27	3372.89	7949.62	1199180.0	0	8	1	0	0xd43f5e018b415631
stage53_epoch_spin_research	3	86	239144	12280.6	19774.5	135650	19591.9	22408.8	14157.5	3845.98	3391.02	7941.25	1198990.0	0	3	1	0	0xd43f5e018b415631
stage53_epoch_spin_research	3	87	238354	12171.5	19415.7	135841	19692.5	21598.4	14429	3798.27	3386.89	7938.62	1181920.0	0	5	1	0	0xd43f5e018b415631
stage53_epoch_spin_research	3	88	238706	12277.1	19439.8	135485	19720.4	21979.1	14550.6	3837.02	3450.98	7882.29	1198600.0	0	2	1	0	0xd43f5e018b415631
stage53_epoch_spin_research	3	89	239171	12173.9	19488.9	135784	19655.8	22319.2	14494.1	3825.52	3398.73	7950.83	1199070.0	0	6	1	0	0xd43f5e018b415631
stage53_epoch_spin_research	3	90	241133	14897.7	19497.1	135733	19586.3	21708.6	14297.9	3936.02	3410.6	7979.83	1200910.0	0	4	1	0	0xd43f5e018b415631
stage53_epoch_spin_research	3	91	239784	12150.3	19447.1	136808	19620.1	21886.4	14612.8	3807.98	3409.56	7953.58	1198740.0	0	8	1	0	0xd43f5e018b415631
stage53_epoch_spin_research	3	92	238980	12311	19516.4	135628	19643.9	22150.7	14358	3808.01	3429.56	8051.5	1198990.0	0	0	1	0	0xd43f5e018b415631
stage53_epoch_spin_research	3	93	238995	12187.9	19395.3	135725	19741.5	22462.2	14263.5	3779.06	3381.02	7980.79	1198840.0	0	7	1	0	0xd43f5e018b415631
stage53_epoch_spin_research	3	94	239651	12387.9	19627.1	135682	19714.5	22547.8	14450.9	3835.64	3382.18	7942.33	1199340.0	0	5	1	0	0xd43f5e018b415631
stage53_epoch_spin_research	3	95	238137	12174.6	19535.9	135608	19782.6	21382.1	14239.9	3912.85	3387.68	8027.41	1181950.0	0	3	1	0	0xd43f5e018b415631
stage53_epoch_spin_research	3	96	238673	12173.4	19457.3	135388	19703.1	22128.2	14460.2	3829.89	3433.47	8018.33	1198620.0	0	1	1	0	0xd43f5e018b415631
stage53_epoch_spin_research	3	97	239097	12228	19619.6	135592	19693.2	22369.6	14215.1	3880.06	3394.1	8025.08	1198950.0	0	7	1	0	0xd43f5e018b415631
stage53_epoch_spin_research	3	98	240969	12308.8	19516.6	136616	19640	22802	14220.5	3794.48	4025.22	7960.5	1200980.0	0	0	1	0	0xd43f5e018b415631
stage53_epoch_spin_research	3	99	239321	12208.9	19401.3	135678	19866	22248.3	14402.7	3939.14	3529.85	7964.58	1199040.0	0	4	1	0	0xd43f5e018b415631
stage53_epoch_spin_research	4	0	239244	12306.4	19521.8	135632	19836.4	22316.4	14325.1	3790.93	3482.76	7946.5	1198990.0	0	4	1	0	0xd43f5e018b415631
stage53_epoch_spin_research	4	1	239397	12242.4	19382.8	136280	19694.4	22520.4	13922.3	3936.44	3390.1	7947.75	1199350.0	0	1	1	0	0xd43f5e018b415631
stage53_epoch_spin_research	4	2	239726	12192.6	19579.6	136089	19671.6	22491.3	14248.7	4031.02	3379.93	7961.25	1199510.0	0	8	1	0	0xd43f5e018b415631
stage53_epoch_spin_research	4	3	238304	12276	19488.5	135717	19798.3	21342.4	14417.6	3744.69	3372.64	8066.12	1182150.0	0	3	1	0	0xd43f5e018b415631
stage53_epoch_spin_research	4	4	239043	12294.4	19519.1	136049	19568.3	21807.5	14480.3	3779.02	3491.35	7975.54	1198720.0	0	3	1	0	0xd43f5e018b415631
stage53_epoch_spin_research	4	5	238966	12165.7	19695.3	135679	19857.2	22278.7	14027.7	3732.93	3408.06	8039.25	1198920.0	0	1	1	0	0xd43f5e018b415631
stage53_epoch_spin_research	4	6	241174	12282.1	19438.8	136436	19653.1	22976.5	14595.4	3796.81	3948.73	7966.83	1201010.0	0	7	1	0	0xd43f5e018b415631
stage53_epoch_spin_research	4	7	238785	12253.4	19471.5	135764	19826.8	22015.4	14184.6	3783.85	3453.6	7950.04	1198550.0	0	4	1	0	0xd43f5e018b415631
stage53_epoch_spin_research	4	8	238948	12177.4	19542.5	135794	19591.1	22469.5	14125.8	3845.77	3379.14	7939.87	1198690.0	0	2	1	0	0xd43f5e018b415631
stage53_epoch_spin_research	4	9	237693	12195.7	19521.8	135518	19619.3	21277.3	14257.8	3753.35	3422.35	8047.83	1181650.0	0	1	1	0	0xd43f5e018b415631
stage53_epoch_spin_research	4	10	239218	12225.7	19655.5	136200	19703	21764.6	14408.7	3832.52	3420.56	7922.83	1199060.0	0	7	1	0	0xd43f5e018b415631
stage53_epoch_spin_research	4	11	238871	12431.8	19535.1	135679	19627.3	22142.8	13988.7	3876.94	3527.98	7975.54	1198750.0	0	2	1	0	0xd43f5e018b415631
stage53_epoch_spin_research	4	12	239108	12181.9	19444.3	135810	19802.8	22542.8	14032.3	3839.94	3393.89	7979.96	1198810.0	0	5	1	0	0xd43f5e018b415631
stage53_epoch_spin_research	4	13	238740	12217.9	19568.4	135739	19633.7	21808.8	14475.9	3860.73	3429.14	7928.79	1182600.0	0	2	1	0	0xd43f5e018b415631
stage53_epoch_spin_research	4	14	238187	12152.4	19605.3	135429	19600.8	21787.3	14424.4	3766.81	3425.68	7914.75	1198200.0	0	0	1	0	0xd43f5e018b415631
stage53_epoch_spin_research	4	15	240589	12458.6	19470.9	138167	19707.1	21330.7	14243.7	3684.39	3438.1	8002.83	1200350.0	0	8	1	0	0xd43f5e018b415631
stage53_epoch_spin_research	4	16	239000	12152.3	19591.7	136000	19615.4	22073.9	14249.5	3821.6	3496.76	7916.75	1198810.0	0	3	1	0	0xd43f5e018b415631
stage53_epoch_spin_research	4	17	238709	12299.2	19541.5	135404	19616.2	22440.5	14247.2	3808.81	3353.64	7917.37	1198660.0	0	1	1	0	0xd43f5e018b415631
stage53_epoch_spin_research	4	18	238545	12295.4	19574.7	135588	19709.7	21803.6	14250.5	3823.89	3388.35	8032.79	1182380.0	0	1	1	0	0xd43f5e018b415631
stage53_epoch_spin_research	4	19	238777	12141.4	19574.2	136174	19568.7	21780.3	14283.2	3756.23	3423.94	7990.91	1198570.0	0	7	1	0	0xd43f5e018b415631
stage53_epoch_spin_research	4	20	239120	12268.6	19688.2	135715	19639.5	22227.1	14234.1	3862.43	3461.22	7937	1198810.0	0	3	1	0	0xd43f5e018b415631
stage53_epoch_spin_research	4	21	239190	12195.2	19550.8	135695	19644.6	22395.6	14422.3	3840.06	3406.64	7952.75	1199090.0	0	2	1	0	0xd43f5e018b415631
stage53_epoch_spin_research	4	22	239441	12163.5	19521	135643	19669.4	22532.9	14716.2	3774.02	3375.27	7963.5	1199400.0	0	1	1	0	0xd43f5e018b415631
stage53_epoch_spin_research	4	23	241509	12173.7	19596.3	138033	19834.2	21964	14736.8	3754.52	3387.93	7947.12	1201390.0	0	6	1	0	0xd43f5e018b415631
stage53_epoch_spin_research	4	24	238682	12195.6	19464.2	135692	19741.1	22195.2	14046.6	3775.06	3454.98	8035.96	1198350.0	0	5	1	0	0xd43f5e018b415631
stage53_epoch_spin_research	4	25	239534	12296.9	19581.1	135809	19747.8	22553.9	14286.5	3807.18	3412.56	7958.04	1199260.0	0	2	1	0	0xd43f5e018b415631
stage53_epoch_spin_research	4	26	239460	12219.3	19589.6	135683	19646.9	22501.4	14380.6	4016.85	3389.97	7945.29	1199420.0	0	1	1	0	0xd43f5e018b415631
stage53_epoch_spin_research	4	27	239401	12166.4	19488.8	135831	19705.5	22478.8	14521.2	3773.06	3387.85	7966.87	1199160.0	0	8	1	0	0xd43f5e018b415631
stage53_epoch_spin_research	4	28	238966	12180.4	19590.6	135737	19699.5	21852.4	14370.7	4087.65	3377.81	7989.16	1182790.0	0	3	1	0	0xd43f5e018b415631
stage53_epoch_spin_research	4	29	238918	12267.7	19550	135902	19612.8	22020.4	14194	3936.06	3392.31	7958.87	1198810.0	0	2	1	0	0xd43f5e018b415631
stage53_epoch_spin_research	4	30	239079	12274	19623.3	135909	19624.7	21897.6	14499.5	3701.69	3447.27	8018.71	1199020.0	0	1	1	0	0xd43f5e018b415631
stage53_epoch_spin_research	4	31	239146	12236.6	19591	135845	19580.3	22248.7	14234.7	3790.85	3455.43	8080.96	1199110.0	0	1	1	0	0xd43f5e018b415631
stage53_epoch_spin_research	4	32	241071	12246.8	19523.5	138471	19736.5	21511.4	14377.4	3811.1	3395.68	7917.87	1200730.0	0	9	1	0	0xd43f5e018b415631
stage53_epoch_spin_research	4	33	238907	12226	19537.8	135609	19690.2	22026.3	14341.2	3872.06	3565.02	7957.04	1198730.0	0	3	1	0	0xd43f5e018b415631
stage53_epoch_spin_research	4	34	239166	12172.9	19421.8	135756	19681.8	22475.2	14289.7	3927.6	3389.52	7972.21	1199180.0	0	0	1	0	0xd43f5e018b415631
stage53_epoch_spin_research	4	35	239266	12216.6	19592.3	136207	19619.4	22518.6	13931.1	3783.52	3371.81	7947.46	1199070.0	0	5	1	0	0xd43f5e018b415631
stage53_epoch_spin_research	4	36	238654	12146.3	19696.1	135683	19799.7	21854.1	14330.1	3791.43	3364.27	7907.41	1182330.0	0	8	1	0	0xd43f5e018b415631
stage53_epoch_spin_research	4	37	238789	12142.4	19575.3	136107	19542	21645	14597.5	3750.81	3381.93	7962.46	1198390.0	0	4	1	0	0xd43f5e018b415631
stage53_epoch_spin_research	4	38	239273	12360.2	19525.3	135884	19828.5	21990.2	14263.3	3937.19	3443.77	7957.37	1199150.0	0	2	1	0	0xd43f5e018b415631
stage53_epoch_spin_research	4	39	239521	12281.4	19453.7	135666	19859.5	22163.7	14707.2	3841.31	3473.1	7976.25	1199470.0	0	1	1	0	0xd43f5e018b415631
stage53_epoch_spin_research	4	40	242566	12171.4	19479.1	138599	19917.9	22459.2	14419.4	4065.81	3403.39	7971.54	1218340.0	0	8	1	0	0xd43f5e018b415631
stage53_epoch_spin_research	4	41	238611	12263.7	19461	135929	19646.6	21325.6	14656.2	3880.93	3367.39	8000.04	1182280.0	0	3	1	0	0xd43f5e018b415631
stage53_epoch_spin_research	4	42	238771	12263.6	19530	135753	19593.6	21859.9	14440.6	3768.81	3454.27	8020.83	1198670.0	0	2	1	0	0xd43f5e018b415631
stage53_epoch_spin_research	4	43	238976	12300	19493.3	135924	19634.1	22321.2	14005.9	3869.1	3413.73	7931.75	1198920.0	0	1	1	0	0xd43f5e018b415631
stage53_epoch_spin_research	4	44	239418	12164.8	19696.5	136086	19640.6	22592.2	14019.4	3768.81	3383.47	7989.33	1199110.0	0	9	1	0	0xd43f5e018b415631
stage53_epoch_spin_research	4	45	239543	12223.7	19464.8	135873	19814	22498.3	14166.3	4029.73	3402.77	7989.54	1199410.0	0	3	1	0	0xd43f5e018b415631
stage53_epoch_spin_research	4	46	240151	12872.5	19570.7	135887	19749	22461.7	14253.7	3878.56	3400.68	7994.54	1200030.0	0	2	1	0	0xd43f5e018b415631
stage53_epoch_spin_research	4	47	240046	12300.2	19457.7	135951	19781.6	23008.9	14130.7	3984.19	3372.39	7976.08	1199630.0	0	2	1	0	0xd43f5e018b415631
stage53_epoch_spin_research	4	48	241742	12178.3	19588.8	137113	19724.8	22477.7	15366.1	3850.98	3388.22	7973.21	1201750.0	0	0	1	0	0xd43f5e018b415631
stage53_epoch_spin_research	4	49	238569	12249.7	19547.6	135367	19704.3	21938.2	14445.9	3764.6	3442.27	8027	1198160.0	0	11	1	0	0xd43f5e018b415631
stage53_epoch_spin_research	4	50	238887	12241.6	19547.2	135422	19784.1	22401.1	14328.2	3758.36	3379.1	7945.29	1198740.0	0	2	1	0	0xd43f5e018b415631
stage53_epoch_spin_research	4	51	238325	12268.7	19459.5	135452	19779.2	21855.7	14272.2	3818.48	3401.27	7936.96	1182270.0	0	1	1	0	0xd43f5e018b415631
stage53_epoch_spin_research	4	52	238470	12130	19448.6	135984	19507.1	21860	14314	3705.73	3452.06	7982.16	1198350.0	0	2	1	0	0xd43f5e018b415631
stage53_epoch_spin_research	4	53	239448	12211.4	19533.6	135930	19842.8	22322.7	14222.5	3828.39	3407.02	8060.54	1199050.0	0	11	1	0	0xd43f5e018b415631
stage53_epoch_spin_research	4	54	239645	12210.3	19570.3	136181	19781.8	22236.9	14338.2	3767.1	3399.77	8077.79	1199240.0	0	5	1	0	0xd43f5e018b415631
stage53_epoch_spin_research	4	55	239180	12147.6	19442	135745	19765.8	22496.8	14257	3830.68	3373.85	8035.33	1199110.0	0	1	1	0	0xd43f5e018b415631
stage53_epoch_spin_research	4	56	238394	12168.8	19495.7	135648	19730.4	21774.5	14193.5	3966.02	3378.27	7960.33	1182340.0	0	1	1	0	0xd43f5e018b415631
stage53_epoch_spin_research	4	57	242431	12246.1	22766.9	136121	19632.3	21855.3	14426	3900.39	3452.98	7946.58	1218290.0	0	6	1	0	0xd43f5e018b415631
stage53_epoch_spin_research	4	58	239309	12296.1	19643.5	135885	19897.9	22147.5	14091.8	3847.48	3444.68	7970.5	1198960.0	0	3	1	0	0xd43f5e018b415631
stage53_epoch_spin_research	4	59	239131	12190.1	19659.9	135642	19823.7	22422	14159.4	3805.31	3385.48	7959.79	1199090.0	0	1	1	0	0xd43f5e018b415631
stage53_epoch_spin_research	4	60	239251	12185.2	19520.3	135899	19785.2	22514.6	14162.7	3775.73	3377.89	7947.66	1199080.0	0	3	1	0	0xd43f5e018b415631
stage53_epoch_spin_research	4	61	238572	12239.3	19479	135917	19787.3	21340.8	14376	3931.98	3378.77	8043.58	1182530.0	0	1	1	0	0xd43f5e018b415631
stage53_epoch_spin_research	4	62	238601	12460.3	19392.4	135676	19547.9	21822.9	14366.8	3843.6	3443.6	7961.58	1198220.0	0	10	1	0	0xd43f5e018b415631
stage53_epoch_spin_research	4	63	239039	12222.9	19598.5	135735	19750	22269.9	14150.4	3812.06	3440.48	7974.62	1198910.0	0	2	1	0	0xd43f5e018b415631
stage53_epoch_spin_research	4	64	239371	12167.6	19640.8	135894	19755.3	22433.8	14141	3900.15	3375.47	7983.29	1199330.0	0	1	1	0	0xd43f5e018b415631
stage53_epoch_spin_research	4	65	241381	12178.6	19543.6	137966	19609.9	22158.4	14653.9	3852.1	3396.93	7938	1201390.0	0	0	1	0	0xd43f5e018b415631
stage53_epoch_spin_research	4	66	238866	12310.8	19580.6	135724	19618.1	22223.2	14076.9	3758.98	3443.14	8045.04	1198460.0	0	10	1	0	0xd43f5e018b415631
stage53_epoch_spin_research	4	67	239348	12266.9	19580	135654	19629.3	22459.9	14533.4	3802.85	3389.89	7949.67	1199360.0	0	0	1	0	0xd43f5e018b415631
stage53_epoch_spin_research	4	68	238037	12330.9	19531.8	135603	19702.6	21276.1	14239.4	3901.69	3417.77	7952.37	1181990.0	0	1	1	0	0xd43f5e018b415631
stage53_epoch_spin_research	4	69	238426	12187.2	19519.3	135819	19668.2	21891.8	14008.4	3773.48	3451.6	8022.04	1198310.0	0	2	1	0	0xd43f5e018b415631
stage53_epoch_spin_research	4	70	239592	12259.3	19594.8	135708	19643.6	22322.4	14183.4	4408.44	3412.23	7975.16	1199370.0	0	8	1	0	0xd43f5e018b415631
stage53_epoch_spin_research	4	71	240222	12185.8	19624.4	136749	19605.4	21945.5	14504.1	4112.85	3467.39	7943.83	1198840.0	0	41	1	0	0xd43f5e018b415631
stage53_epoch_spin_research	4	72	239209	12166.6	19501.1	135881	19748.8	22311.7	14266.7	3854.52	3399.02	7994.66	1199160.0	0	1	1	0	0xd43f5e018b415631
stage53_epoch_spin_research	4	73	239282	12291.7	19428.2	135759	19643.6	22527.1	14362.5	3885.23	3379.81	7923.54	1199290.0	0	0	1	0	0xd43f5e018b415631
stage53_epoch_spin_research	4	74	241506	12270.1	19589.3	137424	19585.2	21678.2	15233.7	4165.94	3482.18	7991.37	1201240.0	0	8	1	0	0xd43f5e018b415631
stage53_epoch_spin_research	4	75	238993	12184.6	19658.4	135852	19637.1	21903.7	14463.9	3757.1	3453.35	8002.62	1198800.0	0	1	1	0	0xd43f5e018b415631
stage53_epoch_spin_research	4	76	239418	12300.9	19512.1	136005	19681.4	22307	14231.7	3963.81	3400.69	7932.67	1199100.0	0	5	1	0	0xd43f5e018b415631
stage53_epoch_spin_research	4	77	239184	12294.5	19466.5	135551	19682	22510	14117.2	3997.94	3397.43	8083.29	1199020.0	0	3	1	0	0xd43f5e018b415631
stage53_epoch_spin_research	4	78	238444	12253.1	19633.4	135697	19656.3	21796.7	14141.4	3807.48	3408.6	7964.62	1182290.0	0	3	1	0	0xd43f5e018b415631
stage53_epoch_spin_research	4	79	238472	12251.9	19553.1	135791	19549.5	21730	14328.2	3842.31	3423.89	7920.16	1198290.0	0	7	1	0	0xd43f5e018b415631
stage53_epoch_spin_research	4	80	238646	12175	19593	135364	19676.4	22329.1	14327.9	3765.15	3375.89	7959.87	1198540.0	0	2	1	0	0xd43f5e018b415631
stage53_epoch_spin_research	4	81	238375	12171.3	19538.8	135748	19607.6	21851.9	14316.1	3740.02	3376.94	7945.58	1182380.0	0	0	1	0	0xd43f5e018b415631
stage53_epoch_spin_research	4	82	241893	12171	19423.9	138354	19804.5	21942.8	14744.7	3999.44	3418.6	7949.58	1217800.0	0	2	1	0	0xd43f5e018b415631
stage53_epoch_spin_research	4	83	239247	12353	19448.1	135769	19600.4	22524.3	14254.6	3844.14	3383.93	7986.71	1198920.0	0	9	1	0	0xd43f5e018b415631
stage53_epoch_spin_research	4	84	239508	12180.1	19471.8	135975	19816.9	22534.4	14324.3	3815.48	3379.64	7929.96	1199450.0	0	1	1	0	0xd43f5e018b415631
stage53_epoch_spin_research	4	85	237700	12268.8	19447.8	135389	19529.5	21426.6	14479.4	3727.1	3405.27	7944.58	1181660.0	0	1	1	0	0xd43f5e018b415631
stage53_epoch_spin_research	4	86	238809	12381	19449.9	135897	19655.4	22062.7	14116.2	3759.81	3446.39	7956.79	1198680.0	0	2	1	0	0xd43f5e018b415631
stage53_epoch_spin_research	4	87	239362	12256.1	19546.8	135748	19886.4	22447	14027.6	3991.52	3373.18	8003.17	1198930.0	0	9	1	0	0xd43f5e018b415631
stage53_epoch_spin_research	4	88	239313	12170.2	19689.8	135682	19671.8	22456	14214.9	4038.98	3387.27	7924.17	1199070.0	0	2	1	0	0xd43f5e018b415631
stage53_epoch_spin_research	4	89	238670	12344.5	19537.4	135684	19646.8	21856.9	14310	3819.06	3369.26	8022.92	1182540.0	0	2	1	0	0xd43f5e018b415631
stage53_epoch_spin_research	4	90	238734	12247.3	19446.6	135821	19735.2	21699.3	14491.4	3793.48	3423.69	7993.08	1198740.0	0	0	1	0	0xd43f5e018b415631
stage53_epoch_spin_research	4	91	241057	14762.6	19530.5	135562	19707.6	21991.1	14137.7	3835.73	3378.68	8068.5	1200450.0	0	11	1	0	0xd43f5e018b415631
stage53_epoch_spin_research	4	92	238526	12295.4	19475.3	135796	19547.2	21661.1	14361.6	3937.39	3385.14	7985.5	1198540.0	0	0	1	0	0xd43f5e018b415631
stage53_epoch_spin_research	4	93	238883	12159.8	19533.9	135848	19648.2	22203	14035.2	3953.81	3443.27	7981.92	1198830.0	0	1	1	0	0xd43f5e018b415631
stage53_epoch_spin_research	4	94	239085	12225.8	19421.2	135831	19664.7	22541.9	14107.9	3774.35	3467.52	7970.25	1198980.0	0	2	1	0	0xd43f5e018b415631
stage53_epoch_spin_research	4	95	239460	12177.1	19448.7	135506	19678.4	22454.4	14764.9	3997.23	3375.18	7975.21	1199350.0	0	2	1	0	0xd43f5e018b415631
stage53_epoch_spin_research	4	96	238094	12199.1	19486.6	135635	19663.3	21459	14488.8	3768.56	3376.81	7936.21	1181870.0	0	8	1	0	0xd43f5e018b415631
stage53_epoch_spin_research	4	97	239191	12187.5	19536.3	135860	19783.4	21932.7	14607.9	3794.23	3452.72	7950.75	1199100.0	0	2	1	0	0xd43f5e018b415631
stage53_epoch_spin_research	4	98	239123	12254.5	19531.4	135940	19676.3	22412.3	13839.9	3978.98	3396.27	8012.04	1199130.0	0	0	1	0	0xd43f5e018b415631
stage53_epoch_spin_research	4	99	241440	12229.2	19420.7	136602	20922.1	22603.6	14253.5	3982.57	3374.56	7972.62	1200940.0	0	4	1	0	0xd43f5e018b415631
