surface	repeat	run	wall_us	input_us	core_us	dense_us	depthwise_us	attention_us	lut_us	concat_us	transform_us	head_us	process_cpu_us	voluntary_cs	involuntary_cs	affinity_ok	cpu4_7_ime_count	hash
stage54_condition_variable	0	0	182273	4030.96	21993.5	87292.8	15568.6	22749.1	13673.8	5816.3	3283.8	7682.6	646607	1220	3	1	0	0xd43f5e018b415631
stage54_condition_variable	0	1	180327	2424.5	21815.7	87448.6	15576.8	22422.6	13528.6	5939.63	3300.34	7689.68	644448	1221	1	1	0	0xd43f5e018b415631
stage54_condition_variable	0	2	179477	2409.46	21995.3	86983.8	15714.2	22466.5	12999.6	5861.09	3256.84	7605.43	642718	1224	1	1	0	0xd43f5e018b415631
stage54_condition_variable	0	3	179506	2404.75	21835	87085.7	15638.9	22541.3	13314.5	5828.72	3362.42	7313.97	642415	1221	1	1	0	0xd43f5e018b415631
stage54_condition_variable	0	4	179813	2417.05	21850.5	87044.2	15666.9	22557.5	13532.4	5915.84	3354.38	7292.26	643647	1222	0	1	0	0xd43f5e018b415631
stage54_condition_variable	0	5	182941	2433.25	22068.8	90186.6	15621.3	22694.5	13106.1	5885.84	3184.5	7582.97	646656	1211	1	1	0	0xd43f5e018b415631
stage54_condition_variable	0	6	181391	2446.5	22013.5	88821.3	15641.8	22315.8	13394.5	5796.05	3219.26	7564.34	644614	1226	2	1	0	0xd43f5e018b415631
stage54_condition_variable	0	7	179147	2332.34	21792.3	87365.8	15593	22448.2	13122.8	5705.01	3298.55	7306.18	641669	1222	0	1	0	0xd43f5e018b415631
stage54_condition_variable	0	8	179870	2465.67	21990	87434.6	15677.7	22522.5	12937.5	6134.89	3297.96	7233.18	643866	1222	3	1	0	0xd43f5e018b415631
stage54_condition_variable	0	9	180199	2431.67	21929.1	87471.8	15610.6	22427.5	13467.2	5769.8	3328.3	7571.35	644241	1214	0	1	0	0xd43f5e018b415631
stage54_condition_variable	0	10	180556	2420.71	21993.4	87422.6	15684.2	22236.4	13698.9	6052.22	3223.79	7643.76	646543	1237	3	1	0	0xd43f5e018b415631
stage54_condition_variable	0	11	185893	2347	21865.1	92315.4	15585.2	22415.3	13735.1	6550.39	3290.38	7610.1	646943	1232	91	1	0	0xd43f5e018b415631
stage54_condition_variable	0	12	181798	2376.88	22037.3	87279.1	15630.4	22748.1	14728.6	5884.88	3312.38	7612.76	646562	1221	10	1	0	0xd43f5e018b415631
stage54_condition_variable	0	13	179701	2338.3	21748.6	87581.3	15720.7	22169.6	13217.3	5845.84	3303.42	7594.8	642552	1220	8	1	0	0xd43f5e018b415631
stage54_condition_variable	0	14	179890	2343.75	21830.8	87727.1	15686	21946.9	13413.1	5881.68	3268.17	7604.55	644373	1224	2	1	0	0xd43f5e018b415631
stage54_condition_variable	0	15	179646	2394.92	21830.8	87376.1	15578.9	22020.4	13295.1	6141.34	3227.8	7594.01	644208	1213	2	1	0	0xd43f5e018b415631
stage54_condition_variable	0	16	182430	2341	24682.2	87133.6	15553	22511	13351	6008.26	3368.26	7305.34	646629	1238	2	1	0	0xd43f5e018b415631
stage54_condition_variable	0	17	180454	2479.84	21925	87202.5	15750.9	22374.8	13660.3	5988.76	3332.42	7554.76	645615	1237	2	1	0	0xd43f5e018b415631
stage54_condition_variable	0	18	180004	2356.96	21812	87501.8	15629.4	22388.3	13208	5860.47	3314.92	7747.14	643397	1223	4	1	0	0xd43f5e018b415631
stage54_condition_variable	0	19	180975	2355.71	21779.7	87315.3	15836.2	23149.3	13575.1	5845.22	3245.92	7650.47	644124	1225	12	1	0	0xd43f5e018b415631
stage54_condition_variable	0	20	179747	2351.3	21922.2	87429.3	15626.7	21619.4	13617.6	6119.47	3287.8	7593.05	644814	1212	2	1	0	0xd43f5e018b415631
stage54_condition_variable	0	21	179383	2377.8	21911	87448.1	15593.4	21923.2	13130.4	6009.63	3214.29	7592.8	642873	1218	1	1	0	0xd43f5e018b415631
stage54_condition_variable	0	22	179486	2413.84	21860.7	87526.5	15738.3	22061.6	13038.8	5861.88	3210.63	7593.89	642597	1204	3	1	0	0xd43f5e018b415631
stage54_condition_variable	0	23	180222	2354.21	21609.8	87851.3	15639.7	22489.6	13288.6	5984.3	3259.34	7559.39	643675	1218	6	1	0	0xd43f5e018b415631
stage54_condition_variable	0	24	179588	2386.09	21894.3	87220.8	15670.5	22213.9	13330.1	5838.76	3250.05	7606.72	643233	1222	7	1	0	0xd43f5e018b415631
stage54_condition_variable	0	25	179592	2396.21	21744.5	87489.5	15645.6	22063.2	13510.8	5774.05	3200.8	7592.22	643881	1204	1	1	0	0xd43f5e018b415631
stage54_condition_variable	0	26	181098	2377.75	22075.7	88568.7	15720.5	21730.2	13540.5	6060.13	3243.92	7599.55	645059	1233	1	1	0	0xd43f5e018b415631
stage54_condition_variable	0	27	181226	2389.96	21886.8	87610.8	15629.7	22612.1	14228	6101.8	3231.34	7355.72	645517	1227	1	1	0	0xd43f5e018b415631
stage54_condition_variable	0	28	179828	2444.88	21738	87133.4	15564.8	22567	13436.1	6028.26	3356.3	7374.05	643016	1208	1	1	0	0xd43f5e018b415631
stage54_condition_variable	0	29	179796	2439.71	21838.6	87147.9	15615.2	22618	13287.3	6063.72	3282.3	7314.39	643620	1220	1	1	0	0xd43f5e018b415631
stage54_condition_variable	0	30	181402	2459.3	22172.4	87944.7	15668.4	22284.9	13358.8	6370.72	3334.76	7612.14	647007	1217	4	1	0	0xd43f5e018b415631
stage54_condition_variable	0	31	179881	2386.67	22000.3	87486.3	15670.9	21968.4	13297.4	6092.51	3206.09	7597.51	643526	1223	9	1	0	0xd43f5e018b415631
stage54_condition_variable	0	32	179807	2351.92	22043.3	87342.5	15612.3	21994.7	13409.5	5988.93	3269.59	7618.43	643948	1230	2	1	0	0xd43f5e018b415631
stage54_condition_variable	0	33	180382	2371.46	21937.6	88438.7	15660.1	21696.7	13443.7	5834.72	3199.42	7616.26	643332	1216	2	1	0	0xd43f5e018b415631
stage54_condition_variable	0	34	179421	2344.92	21935.5	87632.9	15552.5	21706.8	13236.7	5962.59	3213.42	7657.85	643009	1220	2	1	0	0xd43f5e018b415631
stage54_condition_variable	0	35	179351	2357.34	21750.9	87309.5	15624.1	21942.2	13338.9	6045.13	3190.34	7610.8	643100	1208	1	1	0	0xd43f5e018b415631
stage54_condition_variable	0	36	180319	2353.34	21966.6	87596.8	16046.9	21925.4	13576	5866.51	3216.71	7586.89	644246	1247	3	1	0	0xd43f5e018b415631
stage54_condition_variable	0	37	179396	2350.21	21753.5	87369.3	15658.3	21990.7	13455.7	5799.88	3204.63	7630.85	642800	1212	0	1	0	0xd43f5e018b415631
stage54_condition_variable	0	38	182971	2356.13	21952.9	89429.2	15972.8	22288.5	13992.6	6041.34	3192.42	7552.97	645563	1216	17	1	0	0xd43f5e018b415631
stage54_condition_variable	0	39	180153	2386.21	21894.4	87303.3	15689.1	22385.9	13358.5	6032.14	3274.04	7646.3	645099	1220	3	1	0	0xd43f5e018b415631
stage54_condition_variable	0	40	181056	2367.92	22082.9	88550.7	15563.5	21863.5	13360.3	6200.64	3226.59	7657.85	644718	1234	2	1	0	0xd43f5e018b415631
stage54_condition_variable	0	41	190367	2362.67	22144.5	97319.1	15695.2	22356.2	13162.3	6292.97	3270.38	7578.05	643189	1223	12	1	0	0xd43f5e018b415631
stage54_condition_variable	0	42	180084	2383.55	22000.5	87510.8	15688.8	22144.7	13358.5	5933.88	3280.34	7599.85	644811	1216	0	1	0	0xd43f5e018b415631
stage54_condition_variable	0	43	179956	2354.63	22026	87276.5	15759.7	22186.6	13327.6	5986.76	3234.3	7627.51	643622	1221	0	1	0	0xd43f5e018b415631
stage54_condition_variable	0	44	179671	2381	21836	87358.1	15700.3	22170.8	13193.3	5988.76	3251.21	7603.97	643625	1219	2	1	0	0xd43f5e018b415631
stage54_condition_variable	0	45	179454	2381.59	21928.1	87331.2	15628.9	22173.5	13140.9	5864.34	3259.13	7557.8	642348	1216	1	1	0	0xd43f5e018b415631
stage54_condition_variable	0	46	180145	2375.09	22079.1	87664.6	15614.4	22175.9	13263.4	5938.34	3239.55	7614.85	644380	1237	3	1	0	0xd43f5e018b415631
stage54_condition_variable	0	47	180235	2360.21	21928.1	87318.3	15618.8	22072.3	14021.9	5829.43	3229.51	7669.8	642629	1229	1	1	0	0xd43f5e018b415631
stage54_condition_variable	0	48	179674	2338.67	21892	87640.7	15649.1	21926.6	13323.9	5879.88	3234.92	7610.3	643566	1229	2	1	0	0xd43f5e018b415631
stage54_condition_variable	0	49	182377	2362	21807.8	89273.5	16132.9	22276.5	13700.5	6007.13	3295.84	7344.43	647066	1233	0	1	0	0xd43f5e018b415631
stage54_condition_variable	0	50	180517	2421.59	22049.5	87561.6	15634.1	22475.1	13239.5	6148.43	3283.75	7527.68	645650	1236	3	1	0	0xd43f5e018b415631
stage54_condition_variable	0	51	179794	2365.88	21964.2	87420.1	15632.9	22324	13192.9	5877.72	3253.84	7548.51	643775	1217	2	1	0	0xd43f5e018b415631
stage54_condition_variable	0	52	180190	2365.88	21825.7	87559.9	15686.8	22268.4	13326.1	6140.51	3268.34	7567.39	644020	1233	0	1	0	0xd43f5e018b415631
stage54_condition_variable	0	53	182556	4365.42	22025.7	87358.1	15664.6	22701.8	13600.5	5894.72	3281.13	7490.76	647421	1229	6	1	0	0xd43f5e018b415631
stage54_condition_variable	0	54	179903	2426.42	22115	87382.3	15660.8	22543.6	13175.7	5878.59	3291.96	7246.72	643435	1219	0	1	0	0xd43f5e018b415631
stage54_condition_variable	0	55	179761	2408.59	21757.8	87228.2	15655	22682.3	13223.1	5970.13	3275.46	7377.55	641770	1224	1	1	0	0xd43f5e018b415631
stage54_condition_variable	0	56	180294	2413.55	21841.5	87528.7	15545.1	22555.7	13495.8	5900.22	3258.67	7584.22	643773	1222	1	1	0	0xd43f5e018b415631
stage54_condition_variable	0	57	180155	2385.67	21808.2	87641.4	15691.3	22394.2	13395.9	5894.09	3212.71	7549.35	643776	1215	2	1	0	0xd43f5e018b415631
stage54_condition_variable	0	58	179855	2337.67	21898.7	87475.1	15646.5	22334.3	13356.2	5849.84	3196.67	7572.68	644474	1236	0	1	0	0xd43f5e018b415631
stage54_condition_variable	0	59	179667	2368	22042.2	87327.5	15620.2	22308.7	13178.9	5850.18	3237.84	7557.35	644158	1204	2	1	0	0xd43f5e018b415631
stage54_condition_variable	0	60	181170	2394.25	21783	88340	15918.5	22434.6	13141.7	6046.84	3319.8	7607.6	645156	1222	0	1	0	0xd43f5e018b415631
stage54_condition_variable	0	61	181027	2371.42	22823.3	87466.8	15597.7	22783.6	13024.8	5912.05	3253.3	7610.85	643708	1238	3	1	0	0xd43f5e018b415631
stage54_condition_variable	0	62	180294	2424.13	21770.4	87225.5	15696.1	22766.7	13340.5	5963.01	3269.09	7655.64	643789	1230	3	1	0	0xd43f5e018b415631
stage54_condition_variable	0	63	180483	2398.59	22073.3	87341.3	15687.4	22454.7	13586.1	5866.76	3343.09	7549.39	645995	1224	1	1	0	0xd43f5e018b415631
stage54_condition_variable	0	64	180023	2385.88	21893.5	87473.7	15659.5	22352.1	13311.2	5943.84	3246.47	7574.97	644506	1210	3	1	0	0xd43f5e018b415631
stage54_condition_variable	0	65	179771	2362.34	21857.1	87568.1	15606.4	22361.8	13135.4	5875.26	3258.42	7563.18	642343	1221	5	1	0	0xd43f5e018b415631
stage54_condition_variable	0	66	179927	2395.05	22055.8	87394.6	15618.5	22235.1	13398.8	5836.18	3256.55	7552.51	644215	1226	1	1	0	0xd43f5e018b415631
stage54_condition_variable	0	67	179761	2382.09	21911.4	87670.5	15613.2	22181.1	13145.7	5869.51	3205.59	7592.39	643424	1217	3	1	0	0xd43f5e018b415631
stage54_condition_variable	0	68	180523	2364.34	21914.6	88507.1	15615.6	21816.5	13434.6	5897.05	3178.25	7601.97	643714	1224	3	1	0	0xd43f5e018b415631
stage54_condition_variable	0	69	180043	2392.71	21757.9	87489.6	15698.7	21833.6	13697.6	6196.3	3198.63	7597.26	645313	1213	1	1	0	0xd43f5e018b415631
stage54_condition_variable	0	70	179703	2358.09	21838.1	87551.3	15672.7	21834.5	13546.4	5844.22	3229.76	7639.68	643027	1222	2	1	0	0xd43f5e018b415631
stage54_condition_variable	0	71	179718	2376.92	21994.7	87427.8	15666.6	21841.7	13291.1	6052.59	3252.76	7634.51	643563	1239	0	1	0	0xd43f5e018b415631
stage54_condition_variable	0	72	182859	2379.88	22143.7	89856.4	15714.9	22378	13583.8	5676.47	3366.3	7572.14	648438	1227	2	1	0	0xd43f5e018b415631
stage54_condition_variable	0	73	180162	2367	21914.5	87502.6	15705.5	22163.9	13379.7	6120.09	3234.84	7588.68	645751	1226	0	1	0	0xd43f5e018b415631
stage54_condition_variable	0	74	179905	2338.55	21874.9	87646.1	15602.6	22227.6	13147.9	6051.68	3241.59	7590.05	644784	1216	0	1	0	0xd43f5e018b415631
stage54_condition_variable	0	75	179718	2359.09	21867.5	87410.3	15681.1	22180.4	13149	6075.39	3189.34	7616.72	643389	1228	4	1	0	0xd43f5e018b415631
stage54_condition_variable	0	76	179849	2368.75	21922.7	87658.1	15694.1	22210.2	13129.2	5865.38	3214.5	7606.97	643708	1222	4	1	0	0xd43f5e018b415631
stage54_condition_variable	0	77	180550	3496.46	22101.3	87313.8	15652	21676.5	13260.4	6020.84	3232.26	7613.3	645592	1226	0	1	0	0xd43f5e018b415631
stage54_condition_variable	0	78	179828	2358.92	21927.7	87558.9	15617.4	21785.7	13554.6	5966.76	3261.17	7612.18	644438	1233	3	1	0	0xd43f5e018b415631
stage54_condition_variable	0	79	179607	2363.05	22088.9	87406.3	15661.7	21831.7	13364.4	5842.97	3245.09	7612.05	644407	1216	2	1	0	0xd43f5e018b415631
stage54_condition_variable	0	80	179361	2391.09	21958	87090.9	15709.2	21933.7	13336.5	5864.63	3231.17	7625.85	643404	1222	0	1	0	0xd43f5e018b415631
stage54_condition_variable	0	81	179580	2369.59	21952.2	87386.5	15601.1	22148	13184	5977.84	3189.97	7592.76	643632	1223	0	1	0	0xd43f5e018b415631
stage54_condition_variable	0	82	180380	2374.96	21982.7	88341.1	15601.6	21834.8	13149.6	6070.22	3233.84	7600.51	642893	1231	6	1	0	0xd43f5e018b415631
stage54_condition_variable	0	83	182820	2338	24859.7	87492.8	15637.3	22392.8	13217.6	5893.84	3249.42	7563.01	646788	1225	2	1	0	0xd43f5e018b415631
stage54_condition_variable	0	84	180173	2345.38	21950.6	87512.1	15714.5	22320.7	13224.8	6044.59	3288.51	7595.18	644818	1227	1	1	0	0xd43f5e018b415631
stage54_condition_variable	0	85	180205	2360.67	21948.8	87686.6	15687.3	22092.7	13647.4	5769.93	3240.3	7585.76	644827	1209	2	1	0	0xd43f5e018b415631
stage54_condition_variable	0	86	179772	2356.55	21828.5	87507.3	15695.4	22150.2	13410	5794.05	3240.59	7604.51	643392	1224	4	1	0	0xd43f5e018b415631
stage54_condition_variable	0	87	179954	2364.42	21864.8	87717.3	15865.7	21978.3	13265.5	6032.64	3182.38	7492.26	644894	1223	6	1	0	0xd43f5e018b415631
stage54_condition_variable	0	88	179656	2393.34	21960.7	87470.5	15648.9	22052.9	13175.7	5967.18	3214.13	7592.35	643313	1226	1	1	0	0xd43f5e018b415631
stage54_condition_variable	0	89	180320	2373.75	22101.3	87546.6	15714.1	22326.1	13265.6	5984.72	3225.46	7605.68	645544	1210	4	1	0	0xd43f5e018b415631
stage54_condition_variable	0	90	179891	2346.42	22016	87516.5	15680.7	21851.5	13493.7	5979.76	3228.84	7595.35	645164	1222	3	1	0	0xd43f5e018b415631
stage54_condition_variable	0	91	179671	2324.8	21902.7	87397.5	15628	21927.2	13237.9	6213.8	3247.71	7585.72	643094	1239	0	1	0	0xd43f5e018b415631
stage54_condition_variable	0	92	179381	2342.05	21900.2	87314.4	15655.4	21937.8	13384.7	5805.67	3241.01	7612.6	643175	1219	1	1	0	0xd43f5e018b415631
stage54_condition_variable	0	93	179705	2354.59	21672.5	87475.2	15645.1	22049.5	13419.9	5962.76	3352.88	7585.64	643904	1224	6	1	0	0xd43f5e018b415631
stage54_condition_variable	0	94	181745	2360.63	21933.7	87380.5	15564.4	23848.8	13702.7	5839.05	3238.21	7689.22	645068	1230	1	1	0	0xd43f5e018b415631
stage54_condition_variable	0	95	181695	2438.46	21940.4	87529.9	15629.9	22733.2	13234.1	5838.72	3233.05	8929.56	644701	1230	3	1	0	0xd43f5e018b415631
stage54_condition_variable	0	96	179522	2366.05	21834.7	87266.7	15607.5	22329.7	13056.2	6063.97	3246.96	7556.43	643451	1212	1	1	0	0xd43f5e018b415631
stage54_condition_variable	0	97	180059	2358.09	22053.3	87566.9	15735.2	22271.2	13159.5	5907.05	3211.13	7611.51	644168	1223	2	1	0	0xd43f5e018b415631
stage54_condition_variable	0	98	179786	2360	21946.8	87370.4	15649.8	22163.5	13376.8	5927.76	3225.38	7574.26	644292	1229	0	1	0	0xd43f5e018b415631
stage54_condition_variable	0	99	179700	2341.59	21884.2	87397.8	15607.4	22349.6	13070.3	5967.09	3260.13	7638.14	642861	1214	2	1	0	0xd43f5e018b415631
stage54_condition_variable	1	0	179579	2369	21766.5	87476.8	15645.9	22443.5	12966.8	5922.34	3243.05	7564.26	642733	1213	1	1	0	0xd43f5e018b415631
stage54_condition_variable	1	1	180117	2406.71	22213.5	87595.3	15604.2	22305.4	13133.9	5867.55	3194.84	7615.22	644729	1217	2	1	0	0xd43f5e018b415631
stage54_condition_variable	1	2	180790	2397.71	21947.9	87500.3	15652.9	22196.2	14213.8	5882.47	3194.29	7623.3	644028	1222	1	1	0	0xd43f5e018b415631
stage54_condition_variable	1	3	179092	2357.71	22013.1	87336.6	15555	21925.8	13025.8	5922.18	3197.92	7566.85	641168	1222	2	1	0	0xd43f5e018b415631
stage54_condition_variable	1	4	179934	2341.38	22048.9	87537.7	15643.6	22097.1	13211.5	6052.89	3217.55	7601.55	644108	1223	9	1	0	0xd43f5e018b415631
stage54_condition_variable	1	5	182412	2361.5	21813.1	89435.3	16372.7	22334.9	13252.1	5957.09	3282.8	7417.8	645744	1224	6	1	0	0xd43f5e018b415631
stage54_condition_variable	1	6	180161	2410.46	21883.1	87358.6	15597.2	22524.3	13117.5	6217.47	3339.67	7539.3	642640	1237	4	1	0	0xd43f5e018b415631
stage54_condition_variable	1	7	180597	2389.17	22010.2	88072.9	15612.5	22102.7	13314.7	6121.63	3201.92	7587.6	644854	1230	5	1	0	0xd43f5e018b415631
stage54_condition_variable	1	8	179693	2355.25	22049.3	87263.3	15647.2	22303.4	13086.6	6013.64	3188.88	7597.22	643196	1225	2	1	0	0xd43f5e018b415631
stage54_condition_variable	1	9	179811	2364.09	22116.2	87260.8	15700.9	22097.6	13336.9	5867.63	3282.05	7608.43	644132	1227	3	1	0	0xd43f5e018b415631
stage54_condition_variable	1	10	179854	2378.88	21871	87464.3	15730.5	22141.6	13231.1	6040.8	3214.25	7594.85	644310	1219	6	1	0	0xd43f5e018b415631
stage54_condition_variable	1	11	179494	2364.13	21840.2	87353.7	15695.7	22463.9	12983.5	5809.22	3207.92	7589.89	642443	1224	3	1	0	0xd43f5e018b415631
stage54_condition_variable	1	12	179858	2362.34	21894.5	87291.9	15597.2	22318.9	13511.4	5938.22	3213.59	7538.68	644228	1214	3	1	0	0xd43f5e018b415631
stage54_condition_variable	1	13	180100	2361.3	21782.9	87396.1	15683.7	22195	13543.7	6179.3	3192.96	7585.64	646070	1218	0	1	0	0xd43f5e018b415631
stage54_condition_variable	1	14	179336	2347.05	21976.7	87142.1	15673	22204.2	13191.1	5818.05	3225.42	7579.55	642292	1207	1	1	0	0xd43f5e018b415631
stage54_condition_variable	1	15	182566	4592.01	21977.4	87347.3	15632.3	22780	13264	5952.88	3227.01	7609.72	646827	1214	0	1	0	0xd43f5e018b415631
stage54_condition_variable	1	16	182418	2423.38	21813.1	88606.6	15655.8	22699	13871.7	5871.59	3692.76	7596.89	647186	1228	3	1	0	0xd43f5e018b415631
stage54_condition_variable	1	17	179380	2361.63	21877.2	87477	15604.3	21859.8	13193.8	6018.68	3219.05	7589.72	643380	1220	0	1	0	0xd43f5e018b415631
stage54_condition_variable	1	18	179519	2365.71	21956	87227.1	15643.5	22024	13174.4	6088.3	3246.09	7614.93	643350	1230	1	1	0	0xd43f5e018b415631
stage54_condition_variable	1	19	179686	2356.5	21878.6	87381.1	15673.1	22165.8	13326.4	5928.22	3211.59	7581.18	643604	1228	1	1	0	0xd43f5e018b415631
stage54_condition_variable	1	20	179609	2359.3	21840.2	87332.5	15663.4	22209.1	13194	5972.34	3222.5	7605.14	642874	1229	1	1	0	0xd43f5e018b415631
stage54_condition_variable	1	21	179573	2369.96	21979.8	87229.1	15672.6	22284.2	13039.3	5971.09	3202.92	7639.8	643229	1214	1	1	0	0xd43f5e018b415631
stage54_condition_variable	1	22	179749	2366.05	21967.4	87220.2	15633.1	22244.2	13493.5	5820.88	3259.25	7569.76	643855	1232	0	1	0	0xd43f5e018b415631
stage54_condition_variable	1	23	180672	2320.3	21749.8	87544.7	15657.3	22007.2	14368.5	5987.51	3255.38	7598.6	644078	1214	2	1	0	0xd43f5e018b415631
stage54_condition_variable	1	24	179584	2358.05	21800.2	87423.9	15635.3	21992.7	13273.4	6053.05	3242.21	7621.55	643837	1224	1	1	0	0xd43f5e018b415631
stage54_condition_variable	1	25	179747	2344.8	21795.2	87393.4	15633.6	21998.2	13492.1	6094.14	3226.51	7583.05	643541	1223	0	1	0	0xd43f5e018b415631
stage54_condition_variable	1	26	180056	2384.71	22213.2	87488.3	15583.5	21801.5	13640.3	5951.8	3198.55	7615.68	644894	1226	0	1	0	0xd43f5e018b415631
stage54_condition_variable	1	27	179867	2354.13	22125.6	87649.9	15587.3	21890.2	13161.2	6057.97	3178.55	7676.72	643479	1230	6	1	0	0xd43f5e018b415631
stage54_condition_variable	1	28	182570	3492.05	21870.2	88673.1	15550.7	22533.7	13345.1	5997.09	3351.59	7581.85	646033	1228	0	1	0	0xd43f5e018b415631
stage54_condition_variable	1	29	180349	2405.25	22027.5	87571.2	15707.4	22207.3	13550.5	5901.38	3188.96	7605.1	645719	1235	3	1	0	0xd43f5e018b415631
stage54_condition_variable	1	30	180375	2350.05	21931.6	88526.6	15526.9	22149.7	12858.4	6013.55	3247.04	7590.6	642108	1237	1	1	0	0xd43f5e018b415631
stage54_condition_variable	1	31	179474	2358.17	21946.6	87382.6	15717.1	21997.5	13205.5	5850.93	3207.42	7623.22	643187	1224	1	1	0	0xd43f5e018b415631
stage54_condition_variable	1	32	179824	2388.09	21897.8	87179.8	15622.3	22037.9	13544.4	6099.67	3258.17	7611.85	644907	1224	1	1	0	0xd43f5e018b415631
stage54_condition_variable	1	33	179553	2352.84	21910.1	87583.5	15691.7	22057.7	13051.9	5779.18	3330.09	7615.93	643189	1211	6	1	0	0xd43f5e018b415631
stage54_condition_variable	1	34	180122	2410.25	22117.4	87357.7	15582.3	22067.2	13689.1	5888.38	3201.76	7593.3	645218	1223	3	1	0	0xd43f5e018b415631
stage54_condition_variable	1	35	179487	2342.42	22017.3	87268.4	15580.7	22092.2	13354.4	5870.76	3201.51	7578.35	643336	1223	1	1	0	0xd43f5e018b415631
stage54_condition_variable	1	36	180302	2371.8	22082.2	87601.3	15748.1	22039.5	13542.7	5899.05	3255	7584.68	644897	1226	1	1	0	0xd43f5e018b415631
stage54_condition_variable	1	37	179549	2380.84	21941	87432.3	15692.5	21982.4	13364.5	5785.68	3180.92	7599.93	642830	1205	0	1	0	0xd43f5e018b415631
stage54_condition_variable	1	38	179735	2385.59	21838.2	87418.7	15755.4	22238.7	13346.4	5713.8	3239.84	7615.43	642642	1224	6	1	0	0xd43f5e018b415631
stage54_condition_variable	1	39	183078	2354.59	21723.4	90540.5	15554.1	22533.3	13337.8	6030.67	3258.55	7568.05	646437	1224	0	1	0	0xd43f5e018b415631
stage54_condition_variable	1	40	179932	2418.3	21891.9	87377.7	15636.9	22474.8	13238.6	5941.43	3223.09	7545.3	642938	1226	1	1	0	0xd43f5e018b415631
stage54_condition_variable	1	41	180287	2360.71	21821.3	87734.6	15774.1	22294.9	13256.3	5962.8	3315.17	7587.3	644593	1234	0	1	0	0xd43f5e018b415631
stage54_condition_variable	1	42	179794	2377.38	21832.7	87279.8	15640.2	22232.5	13441.1	6002.26	3184.29	7619.3	643883	1220	1	1	0	0xd43f5e018b415631
stage54_condition_variable	1	43	179878	2364.8	21922.5	87397.7	15655.8	22111.2	13499.4	5948.01	3192.8	7600.76	645112	1213	0	1	0	0xd43f5e018b415631
stage54_condition_variable	1	44	180492	2368.38	21998.1	87414.6	15606.1	22003.5	14146	5925.42	3204.8	7640.8	645283	1225	0	1	0	0xd43f5e018b415631
stage54_condition_variable	1	45	179639	2367.46	22017.8	87368.8	15688.9	21943	13226.8	5971.47	3244.42	7629.6	642774	1239	3	1	0	0xd43f5e018b415631
stage54_condition_variable	1	46	179437	2369.71	21738	87358	15575.3	22045.2	13433.6	5921.8	3203.26	7613.18	642348	1217	2	1	0	0xd43f5e018b415631
stage54_condition_variable	1	47	179468	2363	21962.5	87272.4	15665.6	22106.5	13208.6	5909.68	3184.05	7614.93	642458	1209	2	1	0	0xd43f5e018b415631
stage54_condition_variable	1	48	179400	2366.25	21775	87466.7	15645.9	22415.7	13028.6	5770.38	3228.25	7523.1	641924	1219	0	1	0	0xd43f5e018b415631
stage54_condition_variable	1	49	179740	2388.5	21849	87324.6	15676.7	22473.9	13083	5882.97	3269.96	7607.76	642878	1218	0	1	0	0xd43f5e018b415631
stage54_condition_variable	1	50	183155	2384.75	24201	87706.4	15681.9	22750.4	13428.3	6055.18	3251.92	7516.18	646865	1267	14	1	0	0xd43f5e018b415631
stage54_condition_variable	1	51	180168	2406.34	21868.8	87096.5	15702.9	22821.1	13158.5	6015.68	3272.09	7642.14	643176	1235	4	1	0	0xd43f5e018b415631
stage54_condition_variable	1	52	179690	2429.46	21917.9	87522.7	15602.3	22511.4	13267.2	5653.8	3300.09	7299.01	643270	1211	2	1	0	0xd43f5e018b415631
stage54_condition_variable	1	53	180349	2453.88	21782.6	87651.4	15694.9	22507.7	13175.6	6094.51	3237.04	7569.93	643913	1233	4	1	0	0xd43f5e018b415631
stage54_condition_variable	1	54	180189	2410.25	21933.6	87488.9	15625.1	22405	13458.1	5829.67	3224.42	7632.01	644770	1227	0	1	0	0xd43f5e018b415631
stage54_condition_variable	1	55	179543	2344.71	21824.5	87275.5	15760.4	22381.8	13083.4	5908.38	3231.55	7550.35	642378	1223	5	1	0	0xd43f5e018b415631
stage54_condition_variable	1	56	179192	2357.5	21707.2	87259.4	15563.6	22542.5	13071	6012.39	3264.5	7234.51	642039	1230	4	1	0	0xd43f5e018b415631
stage54_condition_variable	1	57	179746	2446.67	21741.7	87275.3	15576	22579.6	13423.6	5907.59	3296.96	7322.39	643413	1217	2	1	0	0xd43f5e018b415631
stage54_condition_variable	1	58	181033	2450.09	22816.7	87331	15685.6	22182.3	13584.6	5919.3	3262.26	7617.18	644933	1224	2	1	0	0xd43f5e018b415631
stage54_condition_variable	1	59	179622	2366.25	22023.5	87255.5	15664.1	22109.6	13291.2	5853.55	3269.59	7604.47	642999	1223	0	1	0	0xd43f5e018b415631
stage54_condition_variable	1	60	179637	2359.75	21901.7	87319.9	15737.4	22154.7	13281.7	5899.93	3213.76	7585.35	643262	1223	0	1	0	0xd43f5e018b415631
stage54_condition_variable	1	61	183558	2364.96	21918	90081.3	16291.2	22228.4	13615.8	6106.26	3238.63	7536.72	647613	1239	9	1	0	0xd43f5e018b415631
stage54_condition_variable	1	62	179841	2380.84	21938.3	87576.3	15644.1	22351.2	13072.6	5838.64	3318.76	7537.14	642981	1237	3	1	0	0xd43f5e018b415631
stage54_condition_variable	1	63	179694	2349.84	21844	87211.5	15760.1	22430.7	13199.4	5893.68	3249.96	7567.22	643043	1210	5	1	0	0xd43f5e018b415631
stage54_condition_variable	1	64	180204	2377.34	21937.2	87479.2	15650.2	22315.2	13490.5	5969.55	3243.09	7561.1	644924	1227	4	1	0	0xd43f5e018b415631
stage54_condition_variable	1	65	180235	2368.42	22836.5	87488	15607	21787.3	13209.6	5935.93	3209.34	7606.35	643072	1225	0	1	0	0xd43f5e018b415631
stage54_condition_variable	1	66	179639	2374.63	21906.2	87305.4	15643.4	22022.5	13546.6	5830.8	3199.88	7630.22	644826	1218	0	1	0	0xd43f5e018b415631
stage54_condition_variable	1	67	179801	2368.17	21864.7	87232.8	15651.7	21965.1	13580.4	6129.51	3233.17	7596.35	644234	1215	10	1	0	0xd43f5e018b415631
stage54_condition_variable	1	68	179996	3515.05	22095.4	86739.4	15622.3	21800.4	13354.7	5857.22	3232.84	7594.8	643219	1219	3	1	0	0xd43f5e018b415631
stage54_condition_variable	1	69	179452	2359.96	21840.5	87529.9	15722.5	22107.9	13158.6	5757.14	3230.55	7568.68	642751	1225	2	1	0	0xd43f5e018b415631
stage54_condition_variable	1	70	179472	2374.38	21901.2	87438.1	15633.2	22299	13205.3	5687.8	3213.76	7542.18	642587	1219	0	1	0	0xd43f5e018b415631
stage54_condition_variable	1	71	179908	2425.34	21718.5	87589.9	15645.9	22288.7	13445.7	5737.84	3324.8	7558.18	643900	1221	1	1	0	0xd43f5e018b415631
stage54_condition_variable	1	72	182870	2351.67	21863.2	89989.8	15957.4	22379.8	13458.5	6057.51	3239.84	7390.43	645813	1249	8	1	0	0xd43f5e018b415631
stage54_condition_variable	1	73	179730	2390.09	21819.8	87213.1	15712.9	22648.9	13293.5	5778.39	3311.05	7376.05	643704	1212	2	1	0	0xd43f5e018b415631
stage54_condition_variable	1	74	179863	2406.05	21798.2	87351.6	15629.7	22590.6	13318.9	5910.18	3299.59	7382.1	642582	1243	4	1	0	0xd43f5e018b415631
stage54_condition_variable	1	75	180475	2410.63	21907.5	87453.7	15767.4	22430.7	13442.4	5987.97	3316.17	7571.68	644505	1242	6	1	0	0xd43f5e018b415631
stage54_condition_variable	1	76	179708	2360.63	21771	87423.9	15709.6	22378.9	13175.1	5837.26	3246.96	7560.3	642609	1219	4	1	0	0xd43f5e018b415631
stage54_condition_variable	1	77	179916	2394.34	21816.5	87438.8	15678.4	22400.6	13313.5	5867.34	3257.05	7564.51	643197	1215	4	1	0	0xd43f5e018b415631
stage54_condition_variable	1	78	180451	2400.3	22118.6	87759	15693.3	22225.7	13250.4	5984.34	3231.67	7601.68	644677	1233	6	1	0	0xd43f5e018b415631
stage54_condition_variable	1	79	179600	2399.34	21986.3	87329.2	15617.6	22218.9	13203.3	5857.97	3208.25	7595.85	642874	1242	5	1	0	0xd43f5e018b415631
stage54_condition_variable	1	80	179890	2338.88	21718.4	87761.6	15663.6	22159.3	13428.5	5771.72	3236.96	7624.93	643016	1220	5	1	0	0xd43f5e018b415631
stage54_condition_variable	1	81	179680	2361.42	21769.4	87419.6	15732.1	22186.8	13195.8	5973.43	3264.88	7593.1	642877	1228	5	1	0	0xd43f5e018b415631
stage54_condition_variable	1	82	179876	2379.75	21889.5	87794.9	15727.9	22102.7	13137.1	5865.76	3234.46	7570.05	642981	1231	1	1	0	0xd43f5e018b415631
stage54_condition_variable	1	83	181315	2389.17	22026.1	87322	15713.1	23322.5	13676.4	5888.6	3196.67	7600.22	645204	1230	2	1	0	0xd43f5e018b415631
stage54_condition_variable	1	84	180695	2440.71	22194.2	87466.6	15589.8	22739.8	13209.1	6064.26	3190.67	7616.26	645055	1219	6	1	0	0xd43f5e018b415631
stage54_condition_variable	1	85	180211	2437.75	21893.2	87190.1	15594.6	22862.2	13327.9	5947.51	3222	7561.93	643450	1216	1	1	0	0xd43f5e018b415631
stage54_condition_variable	1	86	179731	2416.55	22236.2	86933.7	15617.9	22554.6	13298.7	5897.38	3281.01	7315.85	643689	1227	2	1	0	0xd43f5e018b415631
stage54_condition_variable	1	87	179909	2411.59	21893.2	87383.6	15470.6	22556.4	13494.1	5957.76	3299.75	7260.85	643865	1225	0	1	0	0xd43f5e018b415631
stage54_condition_variable	1	88	179791	2428.05	21968.6	87032	15591.5	22660.3	13376.4	5949.43	3322.76	7275.76	644387	1215	0	1	0	0xd43f5e018b415631
stage54_condition_variable	1	89	179814	2399.46	21738.5	87405.6	15628.4	22621.2	13434.5	5843.67	3315.75	7242.97	643095	1233	2	1	0	0xd43f5e018b415631
stage54_condition_variable	1	90	180256	2424.05	21947.4	87466.2	15660.9	22490.4	13267.8	6028.26	3227.59	7566.72	642965	1227	5	1	0	0xd43f5e018b415631
stage54_condition_variable	1	91	180043	2446.67	22003.3	87373.5	15662.9	22341	13315.5	5849.84	3240.8	7628.93	645104	1218	0	1	0	0xd43f5e018b415631
stage54_condition_variable	1	92	179649	2371.96	21802.4	87333.3	15599.5	22448.6	13360.5	5797.26	3211.22	7544.05	643190	1214	1	1	0	0xd43f5e018b415631
stage54_condition_variable	1	93	179759	2382.84	21880.2	86995.3	15655.1	22389.5	13490.7	5952.89	3241.67	7591.05	644312	1222	1	1	0	0xd43f5e018b415631
stage54_condition_variable	1	94	180388	2417.96	22085	87398.8	15704.9	22226.2	13635.3	5909.63	3245.26	7587.01	645078	1230	1	1	0	0xd43f5e018b415631
stage54_condition_variable	1	95	182760	2372.55	21997.2	89706.6	15553.9	22600	13749.7	5990.93	3262.51	7346.51	645815	1215	1	1	0	0xd43f5e018b415631
stage54_condition_variable	1	96	180568	2425.88	21902.5	87721.1	15641.4	22409	13634.4	5828.34	3269.96	7555.55	643970	1229	1	1	0	0xd43f5e018b415631
stage54_condition_variable	1	97	179795	2363.5	21904.6	87153.3	15722.2	22327	13381.4	5925.93	3271.84	7563.47	643714	1227	2	1	0	0xd43f5e018b415631
stage54_condition_variable	1	98	179981	2373.34	21892.2	87500.1	15625.2	22240.8	13286.7	6002.43	3262.92	7617.05	644369	1232	1	1	0	0xd43f5e018b415631
stage54_condition_variable	1	99	181453	2371.05	22077.1	88690.9	15708.4	22086.7	13660.1	5891.68	3196.17	7581.97	645196	1224	0	1	0	0xd43f5e018b415631
stage54_condition_variable	2	0	180551	2416.59	21883.7	87417.6	15562.7	22736	13383.8	6172.01	3195.67	7564.89	644862	1221	1	1	0	0xd43f5e018b415631
stage54_condition_variable	2	1	180316	2427.05	21996.3	87205.3	15612.4	22581.2	13714.4	6013.01	3292.59	7285.89	644656	1216	1	1	0	0xd43f5e018b415631
stage54_condition_variable	2	2	179770	2402.17	21796.8	87170.3	15628.2	22637.9	13217	6063.93	3304.46	7365.1	643254	1219	1	1	0	0xd43f5e018b415631
stage54_condition_variable	2	3	179909	2430.3	21787.4	87365.2	15591.6	22604.5	13385.6	5968.88	3273.51	7325.97	643962	1225	1	1	0	0xd43f5e018b415631
stage54_condition_variable	2	4	179805	2395.17	21788.2	87001.9	15628.3	22593.2	13443.6	6017.39	3360.72	7390.35	643932	1227	0	1	0	0xd43f5e018b415631
stage54_condition_variable	2	5	179858	2463.59	21995.8	87142.1	15646.7	22527.4	13381.3	5977.18	3289.75	7251.97	644103	1213	1	1	0	0xd43f5e018b415631
stage54_condition_variable	2	6	182252	2459.17	21889.1	89319.4	15562.6	22181.9	13689.7	6075.47	3271.8	7613.64	645137	1230	2	1	0	0xd43f5e018b415631
stage54_condition_variable	2	7	178941	2373.05	21988.1	87305.6	15637.9	21803.8	13089.6	5744.43	3215.54	7602.47	641792	1215	1	1	0	0xd43f5e018b415631
stage54_condition_variable	2	8	180028	2374.17	22072	87551.8	15593.9	21735.9	13480.2	6236.8	3190.13	7608.06	645398	1225	1	1	0	0xd43f5e018b415631
stage54_condition_variable	2	9	179490	2340.59	21876	87468.5	15595.8	21906.5	13337.9	5909.26	3240.96	7632.14	642318	1226	1	1	0	0xd43f5e018b415631
stage54_condition_variable	2	10	180057	2356.67	22057.9	87417.1	15587.7	21835.6	13739.5	6087.47	3240.59	7555.64	645409	1224	0	1	0	0xd43f5e018b415631
stage54_condition_variable	2	11	179121	2379.63	21777.5	87032.1	15704.4	22073.8	13066.4	6006.47	3278.67	7617.51	641965	1211	1	1	0	0xd43f5e018b415631
stage54_condition_variable	2	12	179717	2390.17	21959.8	87608.3	15635.7	22179	12903.1	6055.38	3196.05	7608.68	643535	1234	1	1	0	0xd43f5e018b415631
stage54_condition_variable	2	13	180559	2357.34	21829.2	87231.2	15745.8	21969.7	14577.1	5856.31	3230.09	7580.97	642334	1221	3	1	0	0xd43f5e018b415631
stage54_condition_variable	2	14	179869	2376.55	21815.6	87755.8	15585.1	21818.5	13480.8	5945.55	3275.26	7638.05	644033	1225	2	1	0	0xd43f5e018b415631
stage54_condition_variable	2	15	179458	2368.59	22076.8	87210	15618.5	21862.2	13190.8	6086.64	3216	7646.93	643418	1217	0	1	0	0xd43f5e018b415631
stage54_condition_variable	2	16	179428	2358.17	21977.1	87144.1	15683.9	22219.4	13112.9	5914.51	3188.59	7644.35	642445	1226	1	1	0	0xd43f5e018b415631
stage54_condition_variable	2	17	183698	3606.63	21814.8	87679.2	17211.3	23209.2	13407.7	5827.64	3178.84	7583.43	648590	1226	2	1	0	0xd43f5e018b415631
stage54_condition_variable	2	18	180010	2362.8	22001.6	87365.9	15630.4	22229	13487.4	5884.18	3233.17	7625.68	644150	1217	6	1	0	0xd43f5e018b415631
stage54_condition_variable	2	19	179958	2355.25	21844.3	87280.5	15744.5	22100.7	13716.7	5936.76	3198.67	7596.93	644516	1233	3	1	0	0xd43f5e018b415631
stage54_condition_variable	2	20	179786	2438.96	21966.7	87425.4	15674.5	21983.6	13586.5	5722.51	3202.75	7574.85	644535	1231	2	1	0	0xd43f5e018b415631
stage54_condition_variable	2	21	179635	2393.96	22027.2	87073.7	15636.4	22039.4	13382	6050.01	3246.17	7607.68	643363	1205	2	1	0	0xd43f5e018b415631
stage54_condition_variable	2	22	180105	2390.21	22055.6	87193.5	15636.5	22054.3	13606	5978.43	3377.38	7623.47	645923	1216	2	1	0	0xd43f5e018b415631
stage54_condition_variable	2	23	179496	2373.17	21941.8	87017.6	15666.9	22092.6	13580.6	5833.93	3220.55	7586.47	644261	1227	1	1	0	0xd43f5e018b415631
stage54_condition_variable	2	24	179643	2377.96	21765.7	87547.6	15617.1	22230	13258.3	5959.59	3165.09	7534.39	643210	1227	0	1	0	0xd43f5e018b415631
stage54_condition_variable	2	25	179608	2334.3	21741.4	87499.6	15613.5	22325.4	13175.2	5881.38	3268.51	7586.55	642842	1225	0	1	0	0xd43f5e018b415631
stage54_condition_variable	2	26	180310	2375.59	21830	87714.1	15684.2	22157.6	13660.7	5914.84	3206.63	7590.64	644063	1229	1	1	0	0xd43f5e018b415631
stage54_condition_variable	2	27	180047	2385.05	21840	88177.8	15631.3	21912.5	13199.4	5849.47	3239.8	7629.8	643406	1227	1	1	0	0xd43f5e018b415631
stage54_condition_variable	2	28	182252	2361.13	21992.5	89216.4	15583	22204.2	13984.1	6188.63	3235.05	7297.85	646594	1245	1	1	0	0xd43f5e018b415631
stage54_condition_variable	2	29	180332	2429.92	21980.8	87245.1	15745.3	22490	13601.2	5850.01	3254.88	7551.72	644678	1222	0	1	0	0xd43f5e018b415631
stage54_condition_variable	2	30	179955	2367.59	21998.3	87375.8	15661.7	22363	13284.3	5918.43	3264.01	7539.76	643945	1220	1	1	0	0xd43f5e018b415631
stage54_condition_variable	2	31	180181	2411.21	22067.7	87621.3	15659.6	22325.4	13083	6041.05	3181.46	7608.89	643663	1246	2	1	0	0xd43f5e018b415631
stage54_condition_variable	2	32	179645	2355.67	21975.8	87184.9	15646.2	22233.5	13305.7	5944.22	3242.38	7571.22	643952	1212	0	1	0	0xd43f5e018b415631
stage54_condition_variable	2	33	179403	2356.09	21717.9	87434.4	15592.2	22290.2	13089.6	5915.51	3287.09	7538.72	642359	1216	1	1	0	0xd43f5e018b415631
stage54_condition_variable	2	34	180536	2384.88	21648.6	87162.7	15658.3	22206.8	14549.4	5921.09	3196.92	7595.89	643898	1225	2	1	0	0xd43f5e018b415631
stage54_condition_variable	2	35	179695	2384.42	22075.9	87314.5	15608.4	21936.7	13396.8	6035.05	3180	7577.01	643873	1219	7	1	0	0xd43f5e018b415631
stage54_condition_variable	2	36	179947	2374.96	22040.3	87312.6	15666	22104	13506.8	5899.05	3257.42	7600.26	644901	1221	0	1	0	0xd43f5e018b415631
stage54_condition_variable	2	37	179620	2367.34	21934	87386.7	15623.4	22158.1	13335.8	5805.09	3262.92	7567.01	643641	1241	0	1	0	0xd43f5e018b415631
stage54_condition_variable	2	38	180133	2340.34	21930.1	87567.1	15600.6	22080.3	13643.2	5985.47	3209.88	7594.35	645350	1240	1	1	0	0xd43f5e018b415631
stage54_condition_variable	2	39	182271	2363.3	22066.4	89066.1	16253.6	22236.4	13489.3	6019.97	3284.13	7310.8	646570	1249	0	1	0	0xd43f5e018b415631
stage54_condition_variable	2	40	179767	2437	21767.2	87112.9	15651.5	22614.7	13267.1	6006.01	3309.76	7416.01	642948	1213	0	1	0	0xd43f5e018b415631
stage54_condition_variable	2	41	179998	2506.3	22152.2	87550.2	15559.1	22543	13131.9	5780.38	3325.38	7265.05	642821	1232	7	1	0	0xd43f5e018b415631
stage54_condition_variable	2	42	180447	2410.88	21967	87620.6	15718.8	22477.2	13217.9	6027.63	3260.97	7569.26	644556	1236	2	1	0	0xd43f5e018b415631
stage54_condition_variable	2	43	179766	2353	22160.7	87295.6	15639.2	22289.5	13192.1	5860.68	3220.97	7569.85	644022	1209	0	1	0	0xd43f5e018b415631
stage54_condition_variable	2	44	179117	2347.63	21832.5	87045.1	15626.6	22427.8	13292.4	5811.67	3312.84	7234.68	642355	1215	0	1	0	0xd43f5e018b415631
stage54_condition_variable	2	45	180411	2419.17	22092.5	87698.2	15608.7	22400.7	13248.2	5913.59	3286.84	7560.93	644803	1220	4	1	0	0xd43f5e018b415631
stage54_condition_variable	2	46	179761	2395.17	21778.9	87576.5	15637	22395.7	13157.4	5887.26	3217.84	7533.81	643789	1227	7	1	0	0xd43f5e018b415631
stage54_condition_variable	2	47	180121	2382.71	21815.5	87515.7	15733.1	22366	13178.1	6044.26	3306.05	7548.89	644284	1235	2	1	0	0xd43f5e018b415631
stage54_condition_variable	2	48	179953	2360.88	21738.2	87029.2	15676.3	22847.8	13429.4	5822.18	3257.5	7601.76	643735	1207	1	1	0	0xd43f5e018b415631
stage54_condition_variable	2	49	180391	2350.21	21935.2	87494.6	15664.8	22267.1	13704.4	6010.59	3179.01	7598.06	645423	1244	1	1	0	0xd43f5e018b415631
stage54_condition_variable	2	50	180025	2372.75	21813.7	87604	15648	21951.1	13581.3	6023.05	3205.92	7645.18	644670	1234	1	1	0	0xd43f5e018b415631
stage54_condition_variable	2	51	179407	2342.88	21917.1	87324.9	15644.9	22023.2	13176.7	5952.34	3218.84	7618.93	642815	1234	2	1	0	0xd43f5e018b415631
stage54_condition_variable	2	52	179406	2381.13	22046.4	87091.3	15633.2	22048.4	13330.8	5926.84	3174.13	7589.51	642914	1225	5	1	0	0xd43f5e018b415631
stage54_condition_variable	2	53	179331	2325.84	21690.1	87489.8	15662.2	22265.4	12975	5929.34	3268.92	7536.18	642095	1216	1	1	0	0xd43f5e018b415631
stage54_condition_variable	2	54	179828	2413	21892.4	87473	15636.2	22365.2	13201	5853.88	3265.17	7548.51	643609	1224	0	1	0	0xd43f5e018b415631
stage54_condition_variable	2	55	179887	2388.5	21927.2	87376	15649.7	22690.6	13070.6	5827.93	3215.55	7553.97	642862	1217	0	1	0	0xd43f5e018b415631
stage54_condition_variable	2	56	182723	4766.43	21756	87004.4	15560.2	22816.6	13839.9	5879.51	3275.17	7644.64	645074	1207	0	1	0	0xd43f5e018b415631
stage54_condition_variable	2	57	180027	2384.46	21790.4	87130.6	15710.9	22616.2	13508.3	6033.05	3308.68	7359.47	643214	1218	5	1	0	0xd43f5e018b415631
stage54_condition_variable	2	58	180380	2432.84	21952	87515.7	15524.9	22482.9	13596.1	5856.22	3290.17	7549.6	644494	1219	8	1	0	0xd43f5e018b415631
stage54_condition_variable	2	59	180033	2387.01	21873.4	87488.5	15627.9	22329.7	13533.1	5827.22	3238.01	7545.85	644667	1216	0	1	0	0xd43f5e018b415631
stage54_condition_variable	2	60	179699	2374.13	22014.5	87392.6	15680.1	22365.5	13137.7	5773.68	3236.63	7540.26	643347	1224	0	1	0	0xd43f5e018b415631
stage54_condition_variable	2	61	179893	2380.34	22162.2	87438.8	15561.3	22339.7	13335.9	5726.93	3214.21	7546.51	643700	1221	0	1	0	0xd43f5e018b415631
stage54_condition_variable	2	62	182603	2363.96	21820.7	88990	15644.4	22801.6	13680.6	6335.93	3171.63	7607.01	645666	1228	0	1	0	0xd43f5e018b415631
stage54_condition_variable	2	63	180171	2384.42	22024.5	87089.3	15641	22723.7	13243	6115.63	3251.96	7511.01	643892	1218	5	1	0	0xd43f5e018b415631
stage54_condition_variable	2	64	179892	2402.8	21943.9	87247	15549.9	22657.2	13188.2	6025.76	3253.21	7435.6	643259	1215	3	1	0	0xd43f5e018b415631
stage54_condition_variable	2	65	179649	2421.55	21849.3	87055.6	15652.1	22563.4	13468.8	5909.88	3280.05	7271.01	643591	1214	0	1	0	0xd43f5e018b415631
stage54_condition_variable	2	66	179889	2381.5	21869.2	87254.5	15526.9	22580.6	13498.6	6034.8	3277.38	7279.64	643947	1227	2	1	0	0xd43f5e018b415631
stage54_condition_variable	2	67	180352	2415.75	21882	87597.1	15664.9	22420	13407.6	5913.59	3268.05	7571.68	645403	1230	3	1	0	0xd43f5e018b415631
stage54_condition_variable	2	68	179799	2386.55	21873.2	87446.4	15684.3	22378.9	13173.7	5916.59	3209.09	7549.85	643163	1209	1	1	0	0xd43f5e018b415631
stage54_condition_variable	2	69	180157	2338.96	21829.7	87693.2	15576.6	22310.7	13410	5866.63	3322.96	7625.6	644179	1222	8	1	0	0xd43f5e018b415631
stage54_condition_variable	2	70	179379	2339.59	21890.6	87207.9	15580.1	22363.2	13312.5	5638.09	3242.71	7622.26	642279	1209	0	1	0	0xd43f5e018b415631
stage54_condition_variable	2	71	179753	2369.5	21924.7	87123.1	15557.3	22535.9	13209.9	5929.59	3342.21	7581.85	642935	1219	0	1	0	0xd43f5e018b415631
stage54_condition_variable	2	72	180258	2414.34	21917.7	87429.1	15621.4	22431.8	13412.4	6039.35	3255.25	7564.51	643987	1236	1	1	0	0xd43f5e018b415631
stage54_condition_variable	2	73	182792	2338.67	24739.3	87121.4	15666.7	23000.8	13225.6	5891.64	3208.25	7422.14	645438	1235	4	1	0	0xd43f5e018b415631
stage54_condition_variable	2	74	179938	2445.21	21814.4	87172.2	15579.6	22645.2	13198.6	6256.39	3328.38	7320.8	644186	1228	1	1	0	0xd43f5e018b415631
stage54_condition_variable	2	75	179769	2410.75	21695	87030.4	15714.1	22561.8	13346.6	6088.14	3370.55	7372.55	643451	1221	7	1	0	0xd43f5e018b415631
stage54_condition_variable	2	76	180361	2456.59	21853.5	87556.9	15556.5	22515.5	13511.4	5838.97	3242.5	7605.93	643741	1229	0	1	0	0xd43f5e018b415631
stage54_condition_variable	2	77	180056	2438.3	21931.5	87401.7	15595	22399.4	13445.3	5808.18	3302.84	7554.39	644412	1221	0	1	0	0xd43f5e018b415631
stage54_condition_variable	2	78	179543	2372.38	21912.8	87318.6	15601.4	22300.9	13348.2	5660.68	3246.92	7594.22	643061	1223	4	1	0	0xd43f5e018b415631
stage54_condition_variable	2	79	179784	2382.3	21774.3	87503.9	15743.7	22441	13033.7	5920.51	3241.59	7567.26	643369	1217	1	1	0	0xd43f5e018b415631
stage54_condition_variable	2	80	180854	3939.59	22145.5	87464.8	15633.7	21669.8	13119.7	5884.43	3199.13	7619.35	643859	1228	5	1	0	0xd43f5e018b415631
stage54_condition_variable	2	81	179513	2379.5	21864.7	87029.1	15697.9	22052.2	13481.6	5929.14	3289.72	7600.39	643177	1237	0	1	0	0xd43f5e018b415631
stage54_condition_variable	2	82	179561	2397.76	21840	87286.8	15693.2	22193.4	13227.1	5873.18	3248.42	7617.14	643113	1225	0	1	0	0xd43f5e018b415631
stage54_condition_variable	2	83	180460	2387.55	21976.6	88339.2	15577.4	21761.3	13402.6	6012.51	3190.42	7631.93	643502	1228	0	1	0	0xd43f5e018b415631
stage54_condition_variable	2	84	181893	2354.75	21715.5	87982.8	15614.9	22831	14337.4	6117.64	3245.38	7513.39	646116	1234	1	1	0	0xd43f5e018b415631
stage54_condition_variable	2	85	179970	2410.46	22050.3	87343.9	15589.2	22686.6	13001.7	6039.59	3338.17	7322.64	642212	1226	1	1	0	0xd43f5e018b415631
stage54_condition_variable	2	86	181066	3273.84	21866.3	87549.1	15678.3	22251	13524	5882.76	3203.63	7622.93	646077	1232	10	1	0	0xd43f5e018b415631
stage54_condition_variable	2	87	179931	2359.09	22026.3	87471	15697.9	22079.9	13405	5874.97	3203.92	7626.89	643948	1231	2	1	0	0xd43f5e018b415631
stage54_condition_variable	2	88	179743	2355.46	22029.6	87319.6	15724.6	22102.9	13358.4	5896.14	3192.71	7590.26	643771	1221	4	1	0	0xd43f5e018b415631
stage54_condition_variable	2	89	180035	2344.71	21877.9	87539	15663.7	22025	13587.9	5989.26	3212.76	7612.8	644259	1212	5	1	0	0xd43f5e018b415631
stage54_condition_variable	2	90	179496	2359.63	21780.6	87329.3	15736.2	22120.8	13137	6035.63	3202.09	7610.72	642774	1222	6	1	0	0xd43f5e018b415631
stage54_condition_variable	2	91	179725	2358.17	21856.4	87444	15727.4	22192.2	13300.4	5927.38	3163.8	7571.93	643694	1220	4	1	0	0xd43f5e018b415631
stage54_condition_variable	2	92	179803	2361.13	21960.7	87531.1	15639.1	22079.2	13368.8	5826.22	3276.8	7576.43	644189	1226	11	1	0	0xd43f5e018b415631
stage54_condition_variable	2	93	179775	2341.5	22099.7	87480.5	15718.5	22058.7	13281.4	5801.97	3174.63	7634.85	644037	1229	4	1	0	0xd43f5e018b415631
stage54_condition_variable	2	94	180020	2367	21917.8	87572.1	15723.4	22098	13199.8	6134.97	3210.92	7612.05	644759	1232	5	1	0	0xd43f5e018b415631
stage54_condition_variable	2	95	182535	2334.09	22055.1	89413.4	16005.4	22288.9	13583.1	6063.39	3313.05	7294.26	646957	1241	5	1	0	0xd43f5e018b415631
stage54_condition_variable	2	96	181596	2446.5	22006.8	87309.9	15674.9	22467	13278.7	5921.38	3341.34	8968.6	643892	1239	5	1	0	0xd43f5e018b415631
stage54_condition_variable	2	97	179509	2337.3	21920.9	87404	15663.7	21951.5	13310.5	5939.76	3196.42	7602.01	641655	1226	4	1	0	0xd43f5e018b415631
stage54_condition_variable	2	98	179769	2373.25	22062.8	87021.1	15607.4	21920.2	13565.4	6187.76	3211.09	7633.6	643868	1240	0	1	0	0xd43f5e018b415631
stage54_condition_variable	2	99	179982	2361.05	21921	87594.2	15579.3	21979.1	13439.1	6032.55	3288.13	7603.47	644217	1224	1	1	0	0xd43f5e018b415631
stage54_condition_variable	3	0	180062	2360.34	21993.3	87778.9	15634.1	21835.2	13479	5954.72	3207.34	7640.14	645232	1235	7	1	0	0xd43f5e018b415631
stage54_condition_variable	3	1	179911	2330.38	21982.2	87645.7	15701.1	21770.9	13628.9	5842.72	3205.38	7627.56	645398	1235	7	1	0	0xd43f5e018b415631
stage54_condition_variable	3	2	179410	2382.71	21863.4	87278.9	15665.6	21895.3	13304	6032.97	3212.5	7591.93	643250	1215	4	1	0	0xd43f5e018b415631
stage54_condition_variable	3	3	180062	2355.09	21908.3	87259.9	15642.7	22515.8	13457.1	5874.43	3240.79	7629.3	643606	1232	5	1	0	0xd43f5e018b415631
stage54_condition_variable	3	4	179296	2354.09	21950.1	87339.2	15591.9	21998.7	13167.9	5881.55	3216.51	7609.55	642617	1218	4	1	0	0xd43f5e018b415631
stage54_condition_variable	3	5	180036	2393.71	22104.9	87537.3	15658.9	21865.8	13445.3	5949.76	3273.84	7623.64	644310	1230	5	1	0	0xd43f5e018b415631
stage54_condition_variable	3	6	181740	2364.71	22093.2	87033	17621.4	22688	13023.1	5894.76	3245.8	7590.35	645089	1219	2	1	0	0xd43f5e018b415631
stage54_condition_variable	3	7	180253	2418.21	21696.6	87402.2	15644.9	22726	13682.9	5957.55	3268.63	7272.3	644428	1228	1	1	0	0xd43f5e018b415631
stage54_condition_variable	3	8	179694	2407.67	21743	86975.7	15680.6	22592.5	13518.8	5793.01	3372.34	7423.72	643358	1210	1	1	0	0xd43f5e018b415631
stage54_condition_variable	3	9	180002	2408.67	22023.3	87077.4	15639.4	22682.2	13286.5	6163.68	3257.09	7275.76	644425	1222	2	1	0	0xd43f5e018b415631
stage54_condition_variable	3	10	180271	2452.63	22144	87064.4	15641.1	22757.2	13099.1	6095.93	3289.59	7543.6	644430	1227	0	1	0	0xd43f5e018b415631
stage54_condition_variable	3	11	179751	2379.67	21877.9	87050.8	15550.8	22484.7	13417.5	5902.93	3318.92	7581.39	643710	1219	2	1	0	0xd43f5e018b415631
stage54_condition_variable	3	12	179430	2372.13	21880.5	87440.2	15738.8	22372.4	13291.1	5710.43	3213.54	7220.68	643192	1228	2	1	0	0xd43f5e018b415631
stage54_condition_variable	3	13	180195	2459.96	22054.2	87255	15664.8	22481.7	13267.9	5942.84	3321.5	7568.26	643550	1236	0	1	0	0xd43f5e018b415631
stage54_condition_variable	3	14	179950	2423.34	21757.8	87308.1	15638.9	22347.9	13474.5	6045.3	3235.67	7535.8	644378	1219	3	1	0	0xd43f5e018b415631
stage54_condition_variable	3	15	179221	2332.92	21997	87227.6	15653.6	22506	12941.7	5760.51	3285.5	7332.01	641867	1226	1	1	0	0xd43f5e018b415631
stage54_condition_variable	3	16	180627	2448.84	21787	87343	15767.9	22474.7	13830	6020.39	3236.01	7533.97	643857	1236	1	1	0	0xd43f5e018b415631
stage54_condition_variable	3	17	180737	2382	21962.8	88482.1	15786.4	22147.7	13153	5791.14	3170.42	7675.31	642908	1224	0	1	0	0xd43f5e018b415631
stage54_condition_variable	3	18	182486	2362.3	21987.2	89960	15576.7	22358	13242	5945.3	3328.92	7548.89	645315	1241	1	1	0	0xd43f5e018b415631
stage54_condition_variable	3	19	179894	2370.88	22052.7	87433.3	15685.4	22311.7	13222.5	5839.47	3232.96	7560.35	643861	1224	0	1	0	0xd43f5e018b415631
stage54_condition_variable	3	20	179786	2359.09	21987.4	87477	15643.3	22362.5	12946.4	6030.8	3249.26	7556.76	643466	1230	2	1	0	0xd43f5e018b415631
stage54_condition_variable	3	21	179688	2357.88	21895.9	86928.3	15649.4	22896	13001.4	6026.3	3194.26	7555.22	642691	1213	1	1	0	0xd43f5e018b415631
stage54_condition_variable	3	22	179735	2400.96	22018.6	87305.3	15563	22370.6	13282	5805.22	3268.46	7536.26	643473	1226	1	1	0	0xd43f5e018b415631
stage54_condition_variable	3	23	179969	2366.8	21858.5	87378.4	15683.8	22331.8	13529.3	5825.3	3229.92	7583.64	644703	1209	1	1	0	0xd43f5e018b415631
stage54_condition_variable	3	24	179934	2365.46	21903.6	87760.8	15962.3	22261.4	13109.9	5655.39	3191.46	7540.05	641919	1224	3	1	0	0xd43f5e018b415631
stage54_condition_variable	3	25	180207	2370.42	21892	87285.1	15670.2	22227.7	13556.4	6207.89	3234.09	7582.22	645504	1237	2	1	0	0xd43f5e018b415631
stage54_condition_variable	3	26	179548	2362.46	21947.4	87316.9	15661.2	22058.9	13284	5954.34	3193.34	7591.97	642903	1221	6	1	0	0xd43f5e018b415631
stage54_condition_variable	3	27	179841	2320.34	21974.7	87574.6	15723.8	22236.5	13220.7	5772.14	3249.76	7589.06	644154	1225	0	1	0	0xd43f5e018b415631
stage54_condition_variable	3	28	180555	2365.42	22111.7	87645.1	15640.2	21883.8	13786.6	6131.55	3223.42	7582.18	645629	1254	2	1	0	0xd43f5e018b415631
stage54_condition_variable	3	29	182986	2363.09	22138.7	90384.6	15624.8	22297.2	13284	5817.38	3292.3	7599.05	646208	1225	1	1	0	0xd43f5e018b415631
stage54_condition_variable	3	30	178878	2392.84	21710.6	87067.8	15539.2	22473.9	13057.4	5909.97	3261.18	7279.97	641300	1219	0	1	0	0xd43f5e018b415631
stage54_condition_variable	3	31	180159	2428.3	21802.1	87245.9	15530.9	22558.7	13651.1	5794.55	3370.54	7550.85	644204	1223	8	1	0	0xd43f5e018b415631
stage54_condition_variable	3	32	180040	2438.59	21949.6	87335.9	15624.8	22345.4	13445.1	5858.51	3309.3	7552.14	644564	1226	0	1	0	0xd43f5e018b415631
stage54_condition_variable	3	33	179669	2339.55	21742	87229.3	15643.3	22324.9	13261.4	6091.72	3317.63	7533.6	643845	1219	2	1	0	0xd43f5e018b415631
stage54_condition_variable	3	34	180021	2417.92	21962.8	87465.3	15650.3	22247.2	13474.7	5878.85	3220.46	7519.35	643534	1224	3	1	0	0xd43f5e018b415631
stage54_condition_variable	3	35	179651	2383.3	21799.5	87401.6	15680.7	22277.8	13279.4	5833.14	3275.76	7546.51	643435	1219	2	1	0	0xd43f5e018b415631
stage54_condition_variable	3	36	179515	2340.96	21720.2	87166.3	15658.5	22575.2	13203.1	5819.39	3273.84	7572.76	642250	1221	1	1	0	0xd43f5e018b415631
stage54_condition_variable	3	37	180217	2402.34	21887.4	87667.7	15570.9	22399.3	13377.5	5902.34	3259.67	7560.56	644611	1227	4	1	0	0xd43f5e018b415631
stage54_condition_variable	3	38	180577	2351.88	21887	87210.5	15612.2	22106.5	13387.3	7007.64	3229.88	7596.64	642945	1207	0	1	0	0xd43f5e018b415631
stage54_condition_variable	3	39	179915	2353.38	21960.9	87464.5	15569	22377.9	13185.9	5958.72	3235.3	7625.72	643553	1225	1	1	0	0xd43f5e018b415631
stage54_condition_variable	3	40	182676	2376.05	23380	87891.8	15571.7	22629	13403.7	5982.55	3684.17	7576.97	646442	1253	1	1	0	0xd43f5e018b415631
stage54_condition_variable	3	41	179800	2401.55	21749.7	87454.5	15630.4	22342.5	13361.9	5909.34	3208.59	7560.76	643588	1234	1	1	0	0xd43f5e018b415631
stage54_condition_variable	3	42	180098	2355.09	21914.2	87629.9	15670.7	22273.5	13270.5	5978.72	3252.8	7571.18	644741	1217	0	1	0	0xd43f5e018b415631
stage54_condition_variable	3	43	179514	2361.67	21739	87505.5	15577.9	22343	13356.3	5679.72	3213.96	7553.39	642223	1212	1	1	0	0xd43f5e018b415631
stage54_condition_variable	3	44	180074	2339.17	21895	87569.7	15707.8	22256.2	13153.6	6187.43	3230.92	7552.47	644526	1238	1	1	0	0xd43f5e018b415631
stage54_condition_variable	3	45	180131	2354.34	21974.7	87179.3	15627.6	22571.7	13562.1	5850.72	3223.55	7602.22	643515	1223	2	1	0	0xd43f5e018b415631
stage54_condition_variable	3	46	179908	2390.5	21929.5	87937.7	15620.2	21806	13476.7	5711.68	3224.21	7625.43	644529	1201	5	1	0	0xd43f5e018b415631
stage54_condition_variable	3	47	181994	3992.01	21912.2	87344.9	15588.4	22766.2	13385.2	5999.43	3235.05	7589.97	646013	1219	1	1	0	0xd43f5e018b415631
stage54_condition_variable	3	48	180112	2439.63	21792.9	87163.8	15793.2	22700.7	13397.6	5973.01	3259.26	7403.93	643281	1228	7	1	0	0xd43f5e018b415631
stage54_condition_variable	3	49	179908	2411.21	21778.5	87274.3	15616.3	22589.5	13421.4	5980.64	3321.42	7339.55	643589	1222	1	1	0	0xd43f5e018b415631
stage54_condition_variable	3	50	179770	2431.5	21868.2	87170.4	15645.5	22632.1	13154.2	6050.84	3281.09	7359.47	642452	1232	2	1	0	0xd43f5e018b415631
stage54_condition_variable	3	51	183240	2425.84	22229.2	89077.4	15531.5	22615.7	13752.8	6541.35	3331.63	7553.89	648527	1254	2	1	0	0xd43f5e018b415631
stage54_condition_variable	3	52	180365	2411.71	22081.9	87208.4	15585.2	22470.7	13258.2	5728.01	4061.5	7378.14	642102	1236	1	1	0	0xd43f5e018b415631
stage54_condition_variable	3	53	179898	2406.75	22029	87436.2	15623.2	22585.2	13237.1	5813.18	3324.01	7228.39	643826	1223	2	1	0	0xd43f5e018b415631
stage54_condition_variable	3	54	179750	2435.8	21655.9	87411.2	15695.4	22596.5	13310.1	5802.05	3259.47	7405.14	642717	1201	7	1	0	0xd43f5e018b415631
stage54_condition_variable	3	55	179791	2430.13	21812.5	87076.2	15696.4	22549.7	13588.9	5778.97	3284.96	7383.8	643664	1226	0	1	0	0xd43f5e018b415631
stage54_condition_variable	3	56	180663	2431.67	21975.8	87706.3	15701.6	22475.8	13429	5930.43	3279.84	7545.18	644305	1232	3	1	0	0xd43f5e018b415631
stage54_condition_variable	3	57	179599	2345.71	21956.2	87339.7	15639.4	22303.2	13132.9	5863.8	3302.25	7533.51	642654	1215	2	1	0	0xd43f5e018b415631
stage54_condition_variable	3	58	180182	2383.38	21915	87200	15596.7	22091	13789.1	6191.51	3221.17	7605.47	646229	1216	1	1	0	0xd43f5e018b415631
stage54_condition_variable	3	59	179379	2343.92	22053.7	87233.2	15659.1	22230.5	12827.6	6075.01	3249.59	7526.43	642020	1227	1	1	0	0xd43f5e018b415631
stage54_condition_variable	3	60	180053	2347.42	21949.8	87496.3	15639.4	22270.3	13331.9	5986.76	3241.38	7610.51	645045	1209	7	1	0	0xd43f5e018b415631
stage54_condition_variable	3	61	179911	2343.46	21893.2	87485.1	15714.4	22158.9	13323.6	6011.43	3220.46	7585.18	643508	1229	1	1	0	0xd43f5e018b415631
stage54_condition_variable	3	62	183944	2342.34	22060.6	90033.4	16247.1	22315	13772.8	5974.01	3270.8	7724.47	650311	1229	3	1	0	0xd43f5e018b415631
stage54_condition_variable	3	63	180295	2374.42	21834.9	88506.7	15554.8	21738.2	13238.3	6016.26	3276.55	7571.85	643775	1227	14	1	0	0xd43f5e018b415631
stage54_condition_variable	3	64	179505	2374.21	21836.7	87494.4	15667.6	22004.4	13369.2	5747.09	3231.76	7605.01	643560	1218	2	1	0	0xd43f5e018b415631
stage54_condition_variable	3	65	180128	2388.67	21848.3	87612.6	15656.2	22059.4	13484.7	6053.09	3242.17	7604.51	645183	1229	9	1	0	0xd43f5e018b415631
stage54_condition_variable	3	66	179630	2337.34	21691.2	87641.7	15586.7	21872.5	13629.4	5857.3	3206.38	7582.22	643455	1230	4	1	0	0xd43f5e018b415631
stage54_condition_variable	3	67	179668	2354.75	21858.8	87408.6	15634.7	22035.4	13470.5	5888.59	3236.13	7599.81	644142	1199	2	1	0	0xd43f5e018b415631
stage54_condition_variable	3	68	180107	2368.38	22122	87538.7	15693.7	21949.5	13516.4	5921.01	3209.09	7608.68	644848	1216	4	1	0	0xd43f5e018b415631
stage54_condition_variable	3	69	179784	2329.42	22195.6	87111.7	15707.3	21825.7	13572.2	6051.26	3215.55	7598.18	644418	1218	4	1	0	0xd43f5e018b415631
stage54_condition_variable	3	70	179853	2347.17	21995.3	87458.9	15605.4	21865.6	13598.7	5926.93	3243.63	7598.76	644337	1220	3	1	0	0xd43f5e018b415631
stage54_condition_variable	3	71	179948	2377.34	21967.5	87433.6	15578	21727.4	13697.6	6168.26	3203.38	7617.39	644510	1223	7	1	0	0xd43f5e018b415631
stage54_condition_variable	3	72	179598	2370.42	21965	87574	15623.2	21817.1	13302.7	5925.89	3246.88	7588.22	643553	1230	4	1	0	0xd43f5e018b415631
stage54_condition_variable	3	73	181632	2329.01	21777.7	87484.8	15689.1	23899.1	13420.9	5953.09	3240.26	7650.39	644784	1223	5	1	0	0xd43f5e018b415631
stage54_condition_variable	3	74	180228	2464	22039.6	87224.5	15681.4	22651.6	13211.3	5974.51	3429.8	7366.68	643421	1225	7	1	0	0xd43f5e018b415631
stage54_condition_variable	3	75	180863	2445.34	21966.7	87700.4	15749.8	22364.4	13398.6	6119.84	3329.29	7610.51	646390	1244	4	1	0	0xd43f5e018b415631
stage54_condition_variable	3	76	179997	2344.8	21871.6	87204.7	15686.1	22146.5	13576.1	6140.85	3258.93	7583.35	645049	1229	4	1	0	0xd43f5e018b415631
stage54_condition_variable	3	77	179909	2384.67	21897.7	87469.1	15638.5	22124.7	13347.6	6031.01	3215.75	7611.76	643975	1225	2	1	0	0xd43f5e018b415631
stage54_condition_variable	3	78	179802	2357.46	21913	87307.7	15693.6	22066.8	13507.6	5958.84	3243.3	7568.6	643509	1233	2	1	0	0xd43f5e018b415631
stage54_condition_variable	3	79	179955	2350.71	21964.3	87297	15679.2	21995.6	13719.4	5933.34	3214.92	7619.18	645037	1225	4	1	0	0xd43f5e018b415631
stage54_condition_variable	3	80	180081	2355.38	21918.2	87880.4	15613.9	21834.3	13346.3	6101.67	3235.92	7607.6	644425	1219	4	1	0	0xd43f5e018b415631
stage54_condition_variable	3	81	179535	2333.13	21934	87112.2	15628.8	21983.7	13603.6	5916.05	3219.42	7626.01	644406	1209	3	1	0	0xd43f5e018b415631
stage54_condition_variable	3	82	182147	4250.13	22064.5	87045.3	15618.7	22804.6	13350.4	5974.84	3250.55	7601.56	645862	1213	5	1	0	0xd43f5e018b415631
stage54_condition_variable	3	83	179989	2442.88	21739.4	87025.6	15544.4	22675.5	13394.3	6060.43	3243.17	7679.39	643404	1226	4	1	0	0xd43f5e018b415631
stage54_condition_variable	3	84	179948	2408.34	21830.4	87127.7	15580.2	22573.2	13399.4	6168.01	3362.34	7311.1	644212	1223	4	1	0	0xd43f5e018b415631
stage54_condition_variable	3	85	183355	2438	21947	90355.7	15569.7	22763.8	13326	5949.14	3241.71	7581.18	648266	1218	2	1	0	0xd43f5e018b415631
stage54_condition_variable	3	86	180130	2400.55	21892.1	87147.3	15833.8	22684.5	13325.2	6027.47	3316.51	7322.56	643919	1237	2	1	0	0xd43f5e018b415631
stage54_condition_variable	3	87	179869	2375	21902.6	87358.4	15632.7	22592.2	13268.7	5944.55	3318.38	7289.6	643242	1226	0	1	0	0xd43f5e018b415631
stage54_condition_variable	3	88	180597	2411.13	21989.6	87532.2	15676.9	22323.9	13495.1	6046.68	3345.67	7593.01	645049	1218	7	1	0	0xd43f5e018b415631
stage54_condition_variable	3	89	179954	2348.25	21847.8	87257.1	15645.8	22288.9	13464.2	6031.43	3312.92	7580.22	644857	1221	2	1	0	0xd43f5e018b415631
stage54_condition_variable	3	90	182099	4391.43	21903.1	87236	15601.9	22835.5	13340.7	5831.76	3181.55	7594.76	645164	1204	2	1	0	0xd43f5e018b415631
stage54_condition_variable	3	91	180468	2414.8	22067.4	87263.7	15634.1	22647.4	13371.4	6066.89	3225.88	7598.89	645217	1221	0	1	0	0xd43f5e018b415631
stage54_condition_variable	3	92	179875	2378.09	21852.1	87248.4	15587.9	22632.7	13338.9	5874.13	3389.8	7390.72	643142	1227	0	1	0	0xd43f5e018b415631
stage54_condition_variable	3	93	179783	2383.84	21720.8	87068.4	15652.3	22660.5	13197.9	6161.43	3285.84	7472.6	642917	1213	0	1	0	0xd43f5e018b415631
stage54_condition_variable	3	94	180014	2740.13	22009.5	86910.6	15671.2	22491.5	13313.9	5777.18	3346.88	7576.68	643567	1220	2	1	0	0xd43f5e018b415631
stage54_condition_variable	3	95	179727	2390.25	21927	87228.4	15629.2	22541.2	13222.6	5905.97	3405.88	7289.01	643579	1229	1	1	0	0xd43f5e018b415631
stage54_condition_variable	3	96	183556	2408.46	22269	90315	15617.1	22754.4	13084	6051.64	3291.05	7590.47	647111	1235	4	1	0	0xd43f5e018b415631
stage54_condition_variable	3	97	180067	2437.59	21848.3	87001.7	15597	22685.5	13514	6009.38	3227.21	7567.43	643201	1201	6	1	0	0xd43f5e018b415631
stage54_condition_variable	3	98	180067	2374.71	21884	87215.6	15661.7	22541.1	13441.3	5811.72	3394.05	7565.31	643754	1228	2	1	0	0xd43f5e018b415631
stage54_condition_variable	3	99	180193	2432.67	21929.9	87616.6	15642.4	22422.7	13284.3	5840.01	3275.42	7565.85	644306	1218	5	1	0	0xd43f5e018b415631
stage54_condition_variable	4	0	180612	2379.92	22056.4	87242.9	16751.9	22076.5	12959.8	6090.59	3264.05	7604.01	643411	1236	6	1	0	0xd43f5e018b415631
stage54_condition_variable	4	1	179403	2347.8	21815.7	87373.9	15618	22065.3	13257.7	5910.26	3237.13	7596.68	642246	1230	4	1	0	0xd43f5e018b415631
stage54_condition_variable	4	2	182455	4128.17	21876.7	87680.2	15598.8	22761.5	13406.7	5920.1	3288.04	7613.51	646364	1235	5	1	0	0xd43f5e018b415631
stage54_condition_variable	4	3	180011	2419.17	22165.2	87107.4	15567.9	22599.5	13363	6000.3	3360.09	7246.89	643395	1227	5	1	0	0xd43f5e018b415631
stage54_condition_variable	4	4	179808	2428.09	21873.3	87210.1	15574.7	22576.5	13332.3	6095.09	3289.17	7240.85	643695	1223	1	1	0	0xd43f5e018b415631
stage54_condition_variable	4	5	180533	2498.25	21911.6	87725	15664.3	22385.6	13336.2	5975.26	3285.21	7575.6	644840	1231	10	1	0	0xd43f5e018b415631
stage54_condition_variable	4	6	179572	2348.34	21830.1	87281.8	15623.9	22404.5	13354.9	5733.93	3230.63	7578.18	642828	1222	1	1	0	0xd43f5e018b415631
stage54_condition_variable	4	7	183177	2605.09	23198.6	88007.5	15692.2	23079.2	13418.4	5907.18	3650.05	7439.85	647303	1254	4	1	0	0xd43f5e018b415631
stage54_condition_variable	4	8	180664	2451.38	21900.7	87443.9	15627.2	22615.4	13469.7	6004.85	3367.3	7603.93	645689	1233	4	1	0	0xd43f5e018b415631
stage54_condition_variable	4	9	180014	2366.84	21778.6	87642.4	15663.4	22294.3	13326.8	5899.76	3232.84	7628.06	643659	1235	1	1	0	0xd43f5e018b415631
stage54_condition_variable	4	10	179558	2366.63	21925.5	87307.3	15640.7	22347.5	13211.7	5790.97	3219.42	7570.72	643480	1227	0	1	0	0xd43f5e018b415631
stage54_condition_variable	4	11	180009	2365.84	22094.8	87335	15682.7	22241.6	13500.2	5752.63	3254.17	7599.47	644347	1227	8	1	0	0xd43f5e018b415631
stage54_condition_variable	4	12	179929	2359.21	21878.2	87451.1	15699.9	22130	13509.3	5893.14	3201.67	7617.51	644743	1213	2	1	0	0xd43f5e018b415631
stage54_condition_variable	4	13	180105	2401.13	21931	87509.5	15911.1	22031.4	13338.6	5966.64	3236.63	7600.06	643653	1235	2	1	0	0xd43f5e018b415631
stage54_condition_variable	4	14	179890	2368.71	21945.2	87461.2	15896.8	21849.4	13325.6	6001.59	3243.26	7622.31	644271	1225	2	1	0	0xd43f5e018b415631
stage54_condition_variable	4	15	179419	2361.46	21792.4	87145.6	15645.8	22063.5	13396.4	5978.47	3221.67	7625.56	643163	1213	0	1	0	0xd43f5e018b415631
stage54_condition_variable	4	16	180167	2370.42	21896.9	87602.7	15612.9	22100.7	13614.7	5935.68	3220.96	7625.56	645028	1228	8	1	0	0xd43f5e018b415631
stage54_condition_variable	4	17	179290	2380.3	21735.5	87227.8	15661	22181.8	13136.3	5985.85	3211.17	7587.89	642607	1218	1	1	0	0xd43f5e018b415631
stage54_condition_variable	4	18	182737	2368	21989.4	89709.6	15605.9	22431.8	13667.2	6010.26	3286.59	7477.51	647904	1234	3	1	0	0xd43f5e018b415631
stage54_condition_variable	4	19	179938	2454.71	21905.2	87138.9	15613.8	22659.3	13285.3	6108.84	3312.09	7272.06	643422	1225	4	1	0	0xd43f5e018b415631
stage54_condition_variable	4	20	179845	2448.71	21868.3	87354.5	15634	22343.9	13393.9	6045.64	3297.92	7275.64	644217	1232	2	1	0	0xd43f5e018b415631
stage54_condition_variable	4	21	179754	2422.67	21769.1	87217.8	15671.7	22640	13270.7	5971.6	3276.3	7328.47	643136	1223	1	1	0	0xd43f5e018b415631
stage54_condition_variable	4	22	179776	2416.3	21766.3	87266.6	15595.7	22641.4	13235	5981.64	3319.88	7371.97	642431	1223	9	1	0	0xd43f5e018b415631
stage54_condition_variable	4	23	180573	2410.13	21883.2	87559	15634.6	22423	13507.3	6087.51	3336.51	7555.22	644935	1223	0	1	0	0xd43f5e018b415631
stage54_condition_variable	4	24	179687	2390.75	21949.3	87609.1	15654.8	22238.7	13122.4	5770.39	3216.97	7556.64	643779	1214	1	1	0	0xd43f5e018b415631
stage54_condition_variable	4	25	180373	2368.13	22166.3	87317.7	15662.8	22140.4	13628.4	6107.14	3197.38	7603.47	645227	1237	2	1	0	0xd43f5e018b415631
stage54_condition_variable	4	26	179679	2343.13	21821.7	87395.1	15621.7	22200.7	13372.2	5946.8	3203.59	7596.6	643483	1218	0	1	0	0xd43f5e018b415631
stage54_condition_variable	4	27	180023	2369.09	21783.1	87452.4	15694.9	21990.5	13700.8	6000.39	3187.26	7662.14	644122	1237	2	1	0	0xd43f5e018b415631
stage54_condition_variable	4	28	180023	2382.01	22060.4	87505	15722.2	21974.2	13387.7	5996.63	3228.09	7585.72	644977	1214	9	1	0	0xd43f5e018b415631
stage54_condition_variable	4	29	182856	2341.46	22023.7	89704	16152.9	22095.5	13572.6	5954.6	3260.76	7565.6	645891	1246	2	1	0	0xd43f5e018b415631
stage54_condition_variable	4	30	179756	2386.05	21809.3	87411.4	15707.4	22305.3	13418.5	5711.88	3240.26	7583.47	643266	1224	1	1	0	0xd43f5e018b415631
stage54_condition_variable	4	31	179948	2372.13	21957.5	87513.4	15676.7	22317	13227	5939.3	3218.8	7546.14	643943	1216	2	1	0	0xd43f5e018b415631
stage54_condition_variable	4	32	179909	2405.09	21933.5	87428.6	15685.4	22244.2	13451.8	5846.55	3199.84	7540.47	645079	1213	0	1	0	0xd43f5e018b415631
stage54_condition_variable	4	33	179757	2376.46	21853	87349.4	15643	22353.4	13381.8	5816.43	3273.05	7531.6	643788	1215	2	1	0	0xd43f5e018b415631
stage54_condition_variable	4	34	179837	2353.8	21927.1	87509.4	15736.3	22243.4	13191.2	5914.47	3224.42	7551.64	643328	1225	1	1	0	0xd43f5e018b415631
stage54_condition_variable	4	35	180078	2364.71	21967.8	87755.4	15611	22158.9	13237.5	5937.84	3202.13	7658.64	643494	1232	4	1	0	0xd43f5e018b415631
stage54_condition_variable	4	36	180073	2323.34	21862.2	87750	15641.2	22006.5	13608.7	5874.26	3243.67	7579.89	643959	1246	2	1	0	0xd43f5e018b415631
stage54_condition_variable	4	37	179688	2379.01	21749	87509.4	15644.2	21959.8	13430.3	5976.97	3257.84	7599.31	643073	1248	0	1	0	0xd43f5e018b415631
stage54_condition_variable	4	38	179700	2386.5	21997.2	87487.9	15600.4	21961.1	13471.4	5779.26	3237.05	7593.18	643309	1223	1	1	0	0xd43f5e018b415631
stage54_condition_variable	4	39	180254	2378.13	21917.9	88103.2	15705.2	21914.5	13298.8	5941.64	3219.42	7600.56	643845	1215	12	1	0	0xd43f5e018b415631
stage54_condition_variable	4	40	180760	2356.17	21761	87169.9	15751.2	23262.5	13704.8	5750.18	3193.46	7626.56	643281	1206	2	1	0	0xd43f5e018b415631
stage54_condition_variable	4	41	179153	2379.88	21894.1	87241.6	15588.1	21588	13325.3	5982.64	3360.97	7607.47	642657	1234	1	1	0	0xd43f5e018b415631
stage54_condition_variable	4	42	179325	2349.67	21834	87378.7	15598.9	21832.2	13380.2	5908.72	3258.05	7595.31	642795	1230	0	1	0	0xd43f5e018b415631
stage54_condition_variable	4	43	179455	2386	21865.9	87286.9	15665.1	22070.4	13379	5779.93	3263.38	7577.14	643284	1219	1	1	0	0xd43f5e018b415631
stage54_condition_variable	4	44	179937	2384.67	22102.4	87531.7	15616.6	22029.9	13357.7	5890.84	3241.5	7605.81	643949	1223	3	1	0	0xd43f5e018b415631
stage54_condition_variable	4	45	179523	2351.92	22039.2	87227.8	15688.8	22148.3	13126.1	5984.47	3180.96	7588.47	643184	1216	8	1	0	0xd43f5e018b415631
stage54_condition_variable	4	46	180206	2383.05	21952.3	87804.9	15594	22104	13425.2	5923.72	3232.59	7597.81	644497	1225	1	1	0	0xd43f5e018b415631
stage54_condition_variable	4	47	179449	2341.84	21660.4	87456.7	15768.5	22155.4	13093.4	6018.26	3191.92	7578.14	643842	1218	1	1	0	0xd43f5e018b415631
stage54_condition_variable	4	48	179727	2390.76	22059.4	87262.8	15643.6	22278	13299.7	5877.76	3189.38	7549.93	644176	1224	2	1	0	0xd43f5e018b415631
stage54_condition_variable	4	49	180048	2351.8	21872.7	87545.4	15724.9	22210.7	13024.4	5884.22	3632.46	7620.26	642794	1229	0	1	0	0xd43f5e018b415631
stage54_condition_variable	4	50	179766	2397.8	21921.6	87396.9	15765.6	22259.3	13139	5928.51	3184.59	7588.01	643131	1215	2	1	0	0xd43f5e018b415631
stage54_condition_variable	4	51	179899	2548.59	22071.7	87733.7	15572.4	21955.2	13308.8	5687.68	3235.92	7594.76	643615	1217	9	1	0	0xd43f5e018b415631
stage54_condition_variable	4	52	182442	2357.71	21870.3	89952.2	15630	22544	13332.2	5912.55	3336.22	7329.8	646930	1220	1	1	0	0xd43f5e018b415631
stage54_condition_variable	4	53	180285	2398.8	21921.6	87487.2	15560.3	22556.6	13235.4	6032.51	3321.55	7581.97	644207	1233	1	1	0	0xd43f5e018b415631
stage54_condition_variable	4	54	179855	2401.01	21829.3	87424.9	15679.8	22392.7	13220.5	5913.09	3279.13	7534.01	643126	1223	0	1	0	0xd43f5e018b415631
stage54_condition_variable	4	55	180008	2401.84	22071.5	87285.5	15620.7	22264	13410.2	6032.89	3214.3	7532.81	644653	1225	0	1	0	0xd43f5e018b415631
stage54_condition_variable	4	56	179877	2393.71	21875.7	87582.2	15638.4	22294.4	13157.8	5965.51	3219.34	7567.22	643593	1211	5	1	0	0xd43f5e018b415631
stage54_condition_variable	4	57	180020	2379.09	21818.5	87749.9	15620.4	22289.2	13073.5	6010.8	3275.8	7620.47	643940	1211	1	1	0	0xd43f5e018b415631
stage54_condition_variable	4	58	179501	2383.3	21848	87292.7	15621.4	22351.9	13279.3	5749.17	3250.34	7539.06	643177	1220	1	1	0	0xd43f5e018b415631
stage54_condition_variable	4	59	179977	2374.3	21987.8	87337.5	15648.4	22358.5	13430.4	5924.76	3177.09	7552.22	644146	1219	1	1	0	0xd43f5e018b415631
stage54_condition_variable	4	60	180039	2368.38	21898.4	87578.1	15749.8	22210.9	13401.9	5825.05	3234.84	7595.1	644302	1235	0	1	0	0xd43f5e018b415631
stage54_condition_variable	4	61	179420	2370.55	21882.2	87243.7	15703.7	22382.7	13110.8	5824.05	3177.67	7543.68	642887	1219	4	1	0	0xd43f5e018b415631
stage54_condition_variable	4	62	179958	2398.25	21863.5	87558.1	15677	22281.7	13355.8	5839.3	3221.42	7588.18	643539	1241	6	1	0	0xd43f5e018b415631
stage54_condition_variable	4	63	182936	2350.34	24707.6	87635.6	15653.5	22689.9	13305	5815.68	3302.72	7299.76	645954	1238	1	1	0	0xd43f5e018b415631
stage54_condition_variable	4	64	180280	2420.01	21827.7	87388.7	15638.8	22527	13420.2	6052.22	3267.17	7560.97	644807	1225	2	1	0	0xd43f5e018b415631
stage54_condition_variable	4	65	180306	2404.09	22054.2	87405	15656.6	22205	13548.4	5996.59	3245.59	7610.89	646466	1233	1	1	0	0xd43f5e018b415631
stage54_condition_variable	4	66	180076	2357.13	21892.2	87230.6	15627.9	22120.3	13864.4	5945.55	3223.17	7637.18	645265	1223	1	1	0	0xd43f5e018b415631
stage54_condition_variable	4	67	179906	2384.01	21987.7	87262.2	15698.1	22190.3	13339.4	6009.97	3264.8	7590.6	643693	1218	2	1	0	0xd43f5e018b415631
stage54_condition_variable	4	68	179743	2359.21	22065.6	87399.3	15718.1	21919.9	13461	5870.89	3204.71	7566.56	644354	1210	9	1	0	0xd43f5e018b415631
stage54_condition_variable	4	69	179637	2363.5	22032.2	87461.6	15612.9	22114.3	13150.5	5897.05	3216.43	7600.64	644194	1207	1	1	0	0xd43f5e018b415631
stage54_condition_variable	4	70	179986	2361	21873.2	87429	15571.7	22168.9	13551.8	6044.51	3219.38	7586.89	645232	1221	1	1	0	0xd43f5e018b415631
stage54_condition_variable	4	71	182246	3965.63	21939.9	87544.2	15633	22760	13492.6	5860.26	3281.59	7585.51	647091	1237	0	1	0	0xd43f5e018b415631
stage54_condition_variable	4	72	180130	2413.26	21920.6	87238	15615.3	22636.2	13211.3	6238.43	3321.84	7313.64	643349	1236	3	1	0	0xd43f5e018b415631
stage54_condition_variable	4	73	179792	2433.76	21780.5	87355.2	15564.4	22567	13369.4	5901.59	3371.13	7262.97	643554	1220	6	1	0	0xd43f5e018b415631
stage54_condition_variable	4	74	181911	2419.96	21747.2	87236.7	17505.3	22296	13439.5	6116.68	3355.21	7609.56	647401	1227	0	1	0	0xd43f5e018b415631
stage54_condition_variable	4	75	179667	2334.34	22102.7	87448.4	15559	21625.3	13548.4	6075.8	3206.59	7588.22	644568	1226	1	1	0	0xd43f5e018b415631
stage54_condition_variable	4	76	179597	2388.01	22174	87158.1	15537.6	21814.7	13671.7	5815.51	3232.09	7623.43	644774	1223	1	1	0	0xd43f5e018b415631
stage54_condition_variable	4	77	179397	2351.09	21854.3	87547.2	15634.5	21902.1	13161.3	5971.72	3201.22	7590.81	643558	1230	1	1	0	0xd43f5e018b415631
stage54_condition_variable	4	78	179945	2367.05	22097.9	87620.1	15529.6	21754.2	13586.9	5947.01	3238.71	7618.47	645043	1229	2	1	0	0xd43f5e018b415631
stage54_condition_variable	4	79	179575	2350.92	21754.1	87369.3	15738.1	21980.2	13493.8	5854.93	3258.96	7583.81	643121	1223	5	1	0	0xd43f5e018b415631
stage54_condition_variable	4	80	179720	2381.26	21957.2	87284.7	15648.7	22024.9	13484.7	5885.72	3265.92	7603.64	643846	1221	1	1	0	0xd43f5e018b415631
stage54_condition_variable	4	81	179684	2358.38	21926	87439.7	15668.9	22067.3	13229.6	5977.85	3230.59	7595.14	644062	1225	0	1	0	0xd43f5e018b415631
stage54_condition_variable	4	82	179707	2393.09	22076.4	87536.3	15653.1	22202.3	13021.5	5819.81	3222.09	7596.31	643964	1226	0	1	0	0xd43f5e018b415631
stage54_condition_variable	4	83	179729	2358.59	22057.5	87250	15645.6	22295.7	13405.8	5743.34	3248.96	7542.64	643791	1224	1	1	0	0xd43f5e018b415631
stage54_condition_variable	4	84	179693	2342.25	21982.4	87366.9	15716.4	22191.8	13287.3	5814.1	3252.92	7556.18	643006	1220	1	1	0	0xd43f5e018b415631
stage54_condition_variable	4	85	182869	2387.21	21868.2	90213	15668.3	22454.8	13467.1	5914.38	3264.34	7450.26	646842	1212	7	1	0	0xd43f5e018b415631
stage54_condition_variable	4	86	179877	2475.63	21924.2	87032.4	15727.7	22597.6	13283.8	5970.14	3264.21	7420.31	642705	1226	3	1	0	0xd43f5e018b415631
stage54_condition_variable	4	87	179818	2589.88	21922.7	87252.2	15617.6	22523.6	13122.2	5927.47	3336.38	7348.68	642847	1226	0	1	0	0xd43f5e018b415631
stage54_condition_variable	4	88	179772	2389.84	21860.7	87025.9	15633.2	22570.9	13376.7	6011.72	3274.47	7440.97	642996	1230	0	1	0	0xd43f5e018b415631
stage54_condition_variable	4	89	180351	2463.3	21801.7	87125.5	15624	22552.2	13744.2	5927.97	3335.34	7593.39	645172	1227	3	1	0	0xd43f5e018b415631
stage54_condition_variable	4	90	180324	2374.09	21824.1	87899.9	15711.4	22187	13409.7	5904.89	3237.55	7602.35	644267	1236	8	1	0	0xd43f5e018b415631
stage54_condition_variable	4	91	179884	2366.26	21816.1	87706.8	15610.6	22183.1	13234.9	5986.47	3203.96	7592.56	643422	1214	0	1	0	0xd43f5e018b415631
stage54_condition_variable	4	92	179602	2329.3	21911.6	87231.4	15639.4	22155	13364.7	5967.09	3223.13	7595.14	643886	1231	0	1	0	0xd43f5e018b415631
stage54_condition_variable	4	93	179580	2361.05	22007.5	87090.1	15601.7	22256.7	13307.3	5938.3	3269.26	7567.01	644022	1221	0	1	0	0xd43f5e018b415631
stage54_condition_variable	4	94	179771	2347.25	22000.2	87552.8	15646.2	22311.2	12969.6	5929.84	3269.13	7558.97	643420	1231	0	1	0	0xd43f5e018b415631
stage54_condition_variable	4	95	179608	2344.96	21896.9	87446.2	15593.2	22414.8	13166.8	5790.97	3250.76	7531.26	641887	1230	1	1	0	0xd43f5e018b415631
stage54_condition_variable	4	96	183066	2383.84	21916.4	88960.4	16093.7	22803	13616.3	6001.68	3505.71	7550.06	648317	1254	6	1	0	0xd43f5e018b415631
stage54_condition_variable	4	97	179940	2444.71	21811.5	87265.2	15635.5	22669.5	13319.8	5979.8	3258.63	7371.43	643639	1222	1	1	0	0xd43f5e018b415631
stage54_condition_variable	4	98	179875	2415.96	22042	87063.5	15539	22597.6	13271.2	6086.43	3353.59	7328.85	643550	1216	1	1	0	0xd43f5e018b415631
stage54_condition_variable	4	99	179770	2435.01	22088.8	86879.3	15619	22601	13283.9	5990.39	3330.8	7361.18	643214	1207	0	1	0	0xd43f5e018b415631
stage54_epoch_spin	0	0	166738	2279.92	19954.8	82992.9	15184.2	21308	11211	3764.96	2411.58	7547.58	838559	0	2	1	0	0xd43f5e018b415631
stage54_epoch_spin	0	1	166978	2178.5	19757.2	83149.4	15187.3	21972.6	10883.5	3744.63	2517.83	7495.92	822721	0	4	1	0	0xd43f5e018b415631
stage54_epoch_spin	0	2	174545	2228.21	19553.5	90364.3	15130.5	22415	10777.5	4006.92	2398.67	7583.58	872937	0	304	1	0	0xd43f5e018b415631
stage54_epoch_spin	0	3	167864	2277.88	20228.3	82590.7	15127.9	22279.8	11280	4074.42	2398.79	7523.12	839704	0	2	1	0	0xd43f5e018b415631
stage54_epoch_spin	0	4	166875	2288.79	19621.7	82964	15321.6	21821.7	10895.7	3837	2425.83	7608.08	838570	0	6	1	0	0xd43f5e018b415631
stage54_epoch_spin	0	5	167488	2198.17	19640.7	83284	15161.7	22019.3	11128	4011.12	2388.75	7568	839140	0	5	1	0	0xd43f5e018b415631
stage54_epoch_spin	0	6	165766	2192.29	19602.5	82507.8	15237.6	21628.9	10944.9	3913.33	2378.13	7271.58	821584	0	3	1	0	0xd43f5e018b415631
stage54_epoch_spin	0	7	167615	2238.08	19800.2	83087.2	15297.8	22055.3	10949.9	4192.04	2398.7	7510.33	838978	0	6	1	0	0xd43f5e018b415631
stage54_epoch_spin	0	8	167951	2394.62	19986.2	83012.6	15199.8	22366.7	11167.8	3921.25	2437.29	7378.12	839371	0	12	1	0	0xd43f5e018b415631
stage54_epoch_spin	0	9	167583	2265.67	19728.5	83223.3	15147.7	22081.9	11230.9	3892.5	2397.92	7529.96	839464	0	2	1	0	0xd43f5e018b415631
stage54_epoch_spin	0	10	167516	2247.38	19627	82960.4	15423.9	22244.4	11110.4	3872.09	2409.13	7533.37	838833	0	10	1	0	0xd43f5e018b415631
stage54_epoch_spin	0	11	168134	3033.33	19855.1	82904.1	15180.1	22066	11091.1	3909.88	2461.63	7548.33	839757	0	4	1	0	0xd43f5e018b415631
stage54_epoch_spin	0	12	167735	2415.04	19880.1	83030.8	15117.4	22202.2	11047.5	3986.42	2406.92	7559.37	839535	0	2	1	0	0xd43f5e018b415631
stage54_epoch_spin	0	13	167507	2240.58	19771.6	83071.8	15237.8	22353.5	10971.3	3814.75	2393.59	7565.71	839176	0	4	1	0	0xd43f5e018b415631
stage54_epoch_spin	0	14	174234	2241.17	19715.6	90031.5	15316.5	21872.5	11244.2	3772.16	2396.13	7555.71	872781	0	303	1	0	0xd43f5e018b415631
stage54_epoch_spin	0	15	166279	2189.29	19597.3	83130.8	15200.9	21467.9	10936.2	3772.75	2407.63	7491.88	822118	0	2	1	0	0xd43f5e018b415631
stage54_epoch_spin	0	16	167219	2223.08	19948.7	82946.7	15201.3	22068	11049.3	3910.67	2444.08	7337.88	838918	0	4	1	0	0xd43f5e018b415631
stage54_epoch_spin	0	17	167417	2279.5	19610.1	82898.7	15175.4	22278.5	11244.7	3902.75	2380.12	7533.83	839104	0	5	1	0	0xd43f5e018b415631
stage54_epoch_spin	0	18	167161	2269	19604.7	83110.1	15132.6	22300.4	10927	3738.08	2443.25	7552.96	838982	0	2	1	0	0xd43f5e018b415631
stage54_epoch_spin	0	19	166879	2331.92	19831.2	82913	15218.2	21773.9	10892.3	3869.04	2400.59	7562.12	838571	0	4	1	0	0xd43f5e018b415631
stage54_epoch_spin	0	20	166802	2218.04	19619.5	83095	15396.2	21366	11210.7	3845.38	2397.37	7536.92	838262	0	11	1	0	0xd43f5e018b415631
stage54_epoch_spin	0	21	166812	2266.33	19873.8	82690.3	15180	21853.5	11043.5	3908.54	2493.92	7418.37	822586	0	3	1	0	0xd43f5e018b415631
stage54_epoch_spin	0	22	167571	2285.29	19674	82989.8	15224.6	22421.5	11039.9	3918	2401.21	7530.04	839046	0	8	1	0	0xd43f5e018b415631
stage54_epoch_spin	0	23	167398	2241.12	19803.1	83179.2	15117.9	22228.9	10937.3	3833.79	2395.62	7569.5	839087	0	4	1	0	0xd43f5e018b415631
stage54_epoch_spin	0	24	167007	2261.33	19677.4	82898.1	15212.6	21675	11147.9	4049	2427.29	7569.08	838873	0	2	1	0	0xd43f5e018b415631
stage54_epoch_spin	0	25	166553	2529.92	19817.3	83203.6	15201	21138.3	10867.8	3764.08	2406.83	7539.79	838199	0	4	1	0	0xd43f5e018b415631
stage54_epoch_spin	0	26	174408	2188.33	19649.7	90238.5	15279	22057.3	10901.8	4030.33	2429.12	7543.04	856735	0	302	1	0	0xd43f5e018b415631
stage54_epoch_spin	0	27	167491	2297.92	19816.4	82838.1	15143.3	22089.5	11260	3975.21	2454.79	7526.25	839373	0	2	1	0	0xd43f5e018b415631
stage54_epoch_spin	0	28	167262	2221.12	19585.5	83044.5	15057.7	22278.3	11206.8	3831	2400.71	7549.46	838978	0	4	1	0	0xd43f5e018b415631
stage54_epoch_spin	0	29	168226	2332.33	19941.2	83232	15097.5	22443.9	10970.8	4084.12	2393.33	7642.83	839702	0	7	1	0	0xd43f5e018b415631
stage54_epoch_spin	0	30	167470	2248.04	19776.7	82924.6	15138.9	22304.8	11046.7	3997.71	2373.71	7573.75	839395	0	1	1	0	0xd43f5e018b415631
stage54_epoch_spin	0	31	167136	2403.71	19670	83048.8	15157	21718.3	11164.2	3756.29	2598.71	7531.71	838696	0	5	1	0	0xd43f5e018b415631
stage54_epoch_spin	0	32	167402	2218.5	19671.8	83241.8	15389.7	21861.4	10950.8	4034.75	2411.75	7531.12	839014	0	10	1	0	0xd43f5e018b415631
stage54_epoch_spin	0	33	166490	2200.88	19795.5	82994.1	15222.5	21428.8	11001	3831.08	2407.5	7519.75	822243	0	3	1	0	0xd43f5e018b415631
stage54_epoch_spin	0	34	167046	2207.58	19971	83332.5	15180.6	21764	11063	3719.25	2392.17	7324.75	838328	0	10	1	0	0xd43f5e018b415631
stage54_epoch_spin	0	35	167628	2227.79	19755.3	83157.5	15176.4	22138.2	10985.9	4136.58	2408	7558.38	839476	0	2	1	0	0xd43f5e018b415631
stage54_epoch_spin	0	36	167626	2249.75	19667	83149.1	15139.4	22209.8	11140.5	4041.58	2386.83	7557.58	839452	0	2	1	0	0xd43f5e018b415631
stage54_epoch_spin	0	37	167495	2264.04	19663.8	82832.1	15287.6	22285	11113.5	4005.63	2408.96	7545.25	839175	0	4	1	0	0xd43f5e018b415631
stage54_epoch_spin	0	38	173457	2342.62	19561	90152.7	15270	21385	10874.9	3847.96	2408.38	7525.67	856120	0	297	1	0	0xd43f5e018b415631
stage54_epoch_spin	0	39	166846	2609.25	19568	83178.3	15149.2	21842.9	10964.2	3737.75	2405.5	7303.25	822476	0	6	1	0	0xd43f5e018b415631
stage54_epoch_spin	0	40	167713	2355.21	19710.4	83168.7	15133.9	22466.9	11016.8	3928.29	2383.83	7463.83	838889	0	8	1	0	0xd43f5e018b415631
stage54_epoch_spin	0	41	167477	2276.25	19528.7	83402.1	15120.3	22353.2	10971.1	3783.25	2391.59	7561.46	839021	0	7	1	0	0xd43f5e018b415631
stage54_epoch_spin	0	42	167760	2232.04	20581	82728	15201	22034.8	11156.1	3778.17	2419.13	7542.83	839447	0	4	1	0	0xd43f5e018b415631
stage54_epoch_spin	0	43	167822	2436.5	19635.8	82986.8	15197.4	22146.8	11418.1	3950.04	2405.79	7559	839282	0	6	1	0	0xd43f5e018b415631
stage54_epoch_spin	0	44	167531	2262.12	19675	83075.7	15235.6	22253.5	11045.4	3950.58	2391.08	7554.92	839242	0	4	1	0	0xd43f5e018b415631
stage54_epoch_spin	0	45	167645	2311.88	19795.7	83098.8	15097.3	22368.3	11084.3	3839.33	2395.12	7564.88	839386	0	8	1	0	0xd43f5e018b415631
stage54_epoch_spin	0	46	168211	2238.5	20226.8	83111	15126.8	22343.7	11106.3	3975.37	2412.17	7583.38	839604	0	8	1	0	0xd43f5e018b415631
stage54_epoch_spin	0	47	167440	2232.88	19845.4	83113	15112.7	22316.3	11007.6	3774.71	2391.67	7559.25	839193	0	3	1	0	0xd43f5e018b415631
stage54_epoch_spin	0	48	166912	2234	19840.3	82857.4	15222.9	21707.2	10970.7	3965.25	2461.54	7562.92	838821	0	1	1	0	0xd43f5e018b415631
stage54_epoch_spin	0	49	166562	2643.08	19732.2	82882.9	15150.9	21275	11058.8	3803.46	2395.46	7527.46	838411	0	2	1	0	0xd43f5e018b415631
stage54_epoch_spin	0	50	170274	2213.38	19660.5	85337	15146.8	22261.8	11437	4148.71	2402.96	7582.88	842291	0	0	1	0	0xd43f5e018b415631
stage54_epoch_spin	0	51	167320	2277.38	19783.1	82809.8	15189.5	22312.2	10948.9	3939.21	2436.87	7537.38	839220	0	6	1	0	0xd43f5e018b415631
stage54_epoch_spin	0	52	166048	2272.92	19786.5	82775.3	15183	21193.9	11015.2	3808.75	2385.38	7538.08	837944	0	2	1	0	0xd43f5e018b415631
stage54_epoch_spin	0	53	166587	2190.62	19510.1	82686.7	15259.6	21827.5	11170	4013.63	2496.54	7343.96	822416	0	3	1	0	0xd43f5e018b415631
stage54_epoch_spin	0	54	167199	2237.54	19809.4	82846	15155.3	22195.4	11060.8	3857.12	2404.58	7546.04	839158	0	1	1	0	0xd43f5e018b415631
stage54_epoch_spin	0	55	167171	2249.42	19678.8	82975.8	15102.4	22325	11017.5	3723.17	2452.79	7560.25	838972	0	2	1	0	0xd43f5e018b415631
stage54_epoch_spin	0	56	166204	2242.92	19628.6	83078.7	15132.7	21301.4	10934.4	3745.58	2406.96	7646.25	838107	0	2	1	0	0xd43f5e018b415631
stage54_epoch_spin	0	57	166559	2172.29	19912.3	82959.3	15136.2	21776.7	10981.6	3772.33	2454.46	7305.88	822259	0	9	1	0	0xd43f5e018b415631
stage54_epoch_spin	0	58	167269	2314.08	19909.2	82810.6	15214	22209.6	10806.4	3943.79	2419.04	7552.42	838783	0	8	1	0	0xd43f5e018b415631
stage54_epoch_spin	0	59	167287	2342.67	19854.5	82754.5	15183.5	22287.1	10967.1	3776.83	2429.83	7605.92	839229	0	1	1	0	0xd43f5e018b415631
stage54_epoch_spin	0	60	166100	2250.04	19696.3	83086.3	15170.7	21154.8	10977.7	3717.38	2418.12	7541.13	838115	0	0	1	0	0xd43f5e018b415631
stage54_epoch_spin	0	61	166671	2194.29	19887.3	83282	15278.9	21680.7	10868.8	3804.33	2399.71	7185.13	822410	0	4	1	0	0xd43f5e018b415631
stage54_epoch_spin	0	62	169801	2273.29	22834	82937.8	15262.4	21705.9	10920.1	3843.75	2400.67	7539.42	857811	0	0	1	0	0xd43f5e018b415631
stage54_epoch_spin	0	63	167832	2245.12	19763.4	83219.6	15642.1	21876	11129.1	3824.5	2406.5	7639.84	839059	0	10	1	0	0xd43f5e018b415631
stage54_epoch_spin	0	64	166389	2258.54	19673.5	82954.5	15181.2	21466.8	11144.3	3702.42	2428.04	7495.67	822270	0	2	1	0	0xd43f5e018b415631
stage54_epoch_spin	0	65	167099	2268.04	19685.1	82910.6	15184.3	21865.3	11128	3997.63	2488.67	7486.84	838846	0	4	1	0	0xd43f5e018b415631
stage54_epoch_spin	0	66	167287	2252.83	19800.3	82826.5	15166.1	22204.6	10968.5	4042.75	2396.38	7544.13	839261	0	2	1	0	0xd43f5e018b415631
stage54_epoch_spin	0	67	166441	2246.96	19671.6	82638.5	15247.4	21717	11021.5	3819.59	2398.92	7593.25	838235	0	1	1	0	0xd43f5e018b415631
stage54_epoch_spin	0	68	166441	2227.33	19630	83103.4	15188.7	21414.4	11059	3789.5	2394.83	7542.83	822339	0	2	1	0	0xd43f5e018b415631
stage54_epoch_spin	0	69	166967	2256.79	19644.3	83100.4	15285.8	21854.4	10988	3924.21	2494.91	7331.96	822688	0	9	1	0	0xd43f5e018b415631
stage54_epoch_spin	0	70	167376	2235.29	19727.3	82930.9	15165.9	22397	11057.8	3838	2409.54	7532.79	839045	0	6	1	0	0xd43f5e018b415631
stage54_epoch_spin	0	71	167461	2331.88	19872	82950	15068.9	22369	10944.2	3876.25	2401.58	7558.75	839207	0	2	1	0	0xd43f5e018b415631
stage54_epoch_spin	0	72	166555	2285.33	19669.7	82827.8	15209.7	21762.4	10949.9	3807.33	2397.5	7554.5	838470	0	1	1	0	0xd43f5e018b415631
stage54_epoch_spin	0	73	166469	2218.17	19514.8	83016.3	15145.2	21582	11013	4011.63	2393.62	7488.84	822438	0	1	1	0	0xd43f5e018b415631
stage54_epoch_spin	0	74	170450	2250.79	22473.3	83082.6	15254.3	22312.8	11003	3973.46	2413.17	7596.46	858295	0	2	1	0	0xd43f5e018b415631
stage54_epoch_spin	0	75	167116	2348.67	19782	83032.4	15258.5	21695.5	11062.7	3835.83	2445.59	7564.21	838945	0	7	1	0	0xd43f5e018b415631
stage54_epoch_spin	0	76	166073	2341	19605.3	82818.1	15119.7	21388.6	11023.4	3760.92	2401.55	7526.17	821999	0	2	1	0	0xd43f5e018b415631
stage54_epoch_spin	0	77	166864	2230.21	19691.5	82933.7	15165	21887.9	10865.2	3993.21	2473.17	7534.88	838518	0	5	1	0	0xd43f5e018b415631
stage54_epoch_spin	0	78	167555	2415.67	19716.9	82733.6	15100	22274.3	11221.6	4060.59	2410.79	7537.46	839401	0	2	1	0	0xd43f5e018b415631
stage54_epoch_spin	0	79	167445	2253.79	19627.7	82957.3	15267.4	22319.8	11040	3880.46	2451.21	7560.21	839293	0	2	1	0	0xd43f5e018b415631
stage54_epoch_spin	0	80	167726	2322.75	19859.5	83022.9	15255.1	22304.8	10967.7	3874.08	2475.09	7557.88	839616	0	2	1	0	0xd43f5e018b415631
stage54_epoch_spin	0	81	167869	2413.46	19865.5	83226.3	15084.1	22350.2	11082.5	3827.96	2392.34	7540.42	839494	0	9	1	0	0xd43f5e018b415631
stage54_epoch_spin	0	82	166590	2344.71	19581.2	82814.4	15175.3	21867.2	11073.8	3709.46	2391.08	7541.92	838176	0	7	1	0	0xd43f5e018b415631
stage54_epoch_spin	0	83	167793	3518.13	19653.8	82757	15249	21768.5	10907.2	3905.5	2398.79	7552.59	839695	0	2	1	0	0xd43f5e018b415631
stage54_epoch_spin	0	84	166614	2271.79	19631	82860.7	15167.6	21531.6	11145.6	4036.25	2387.37	7496.34	822544	0	1	1	0	0xd43f5e018b415631
stage54_epoch_spin	0	85	166864	2261.04	19597.5	82725.8	15164.6	21983.4	11069.3	3984.88	2526.5	7465.5	822823	0	1	1	0	0xd43f5e018b415631
stage54_epoch_spin	0	86	168726	2259.96	21687.2	83157.6	15220.8	21441	11189.4	3694.46	2493.67	7495.59	840649	0	2	1	0	0xd43f5e018b415631
stage54_epoch_spin	0	87	166665	2200.17	19702.1	82690.5	15143.4	22069.3	10897.3	3827.38	2515.25	7534.04	822528	0	7	1	0	0xd43f5e018b415631
stage54_epoch_spin	0	88	167333	2243.04	19715.5	82959.1	15157.5	22293.5	10965.4	3923.96	2397.54	7589.63	839175	0	3	1	0	0xd43f5e018b415631
stage54_epoch_spin	0	89	166872	2281.79	19679.8	83223.6	15199.5	21741.1	10926	3717.59	2452.37	7562.25	838687	0	3	1	0	0xd43f5e018b415631
stage54_epoch_spin	0	90	166612	2186.62	19711.5	83070.6	15122	21360	11239.9	3849.92	2389.83	7564.42	838411	0	3	1	0	0xd43f5e018b415631
stage54_epoch_spin	0	91	167498	2197.25	20344.9	82951.2	15466.8	21477.5	11150.9	3877.75	2455.46	7490.75	823236	0	4	1	0	0xd43f5e018b415631
stage54_epoch_spin	0	92	167015	2233.83	19714	82698.1	15427.3	22007.7	11035.5	3832.62	2474.5	7506.29	838890	0	2	1	0	0xd43f5e018b415631
stage54_epoch_spin	0	93	167256	2319.17	19809.6	82774.3	15181.9	22241.6	10911.3	3993.83	2403.87	7534.75	839197	0	1	1	0	0xd43f5e018b415631
stage54_epoch_spin	0	94	167863	2637.42	19667	83045	15432	22217.5	11044.3	3812.71	2393	7526.17	839245	0	13	1	0	0xd43f5e018b415631
stage54_epoch_spin	0	95	167454	2258.58	19813.8	82947	15108.8	22373.4	11059.2	3815.17	2409	7584.79	839467	0	0	1	0	0xd43f5e018b415631
stage54_epoch_spin	0	96	165738	2237.5	19617.3	82955.2	15181.4	21171.8	10805.2	3764.5	2397.21	7520.63	837654	0	1	1	0	0xd43f5e018b415631
stage54_epoch_spin	0	97	166544	2198.38	19643.3	82948.4	15162.2	21829.7	11015.4	3763.29	2417.96	7478.3	822510	0	1	1	0	0xd43f5e018b415631
stage54_epoch_spin	0	98	168665	2350.25	19659.5	82671.4	16582.4	22604.7	11075.2	3716.75	2392.63	7524.92	840628	0	1	1	0	0xd43f5e018b415631
stage54_epoch_spin	0	99	167145	2309.92	19807.5	83118.7	15231.5	21775.1	11231.5	3939.21	2414.96	7233.42	839104	0	1	1	0	0xd43f5e018b415631
stage54_epoch_spin	1	0	167387	2233.38	19723.6	82965.8	15126.9	22155.5	11162.5	3949.92	2446.71	7536.09	839235	0	6	1	0	0xd43f5e018b415631
stage54_epoch_spin	1	1	167296	2274.67	19525.9	83081.9	15099.1	22327.2	11016	3850.75	2437.29	7595.17	839113	0	3	1	0	0xd43f5e018b415631
stage54_epoch_spin	1	2	166788	2242.04	19596.7	83095.1	15232.4	21814.1	11001.8	3742.75	2401.67	7577.09	838645	0	2	1	0	0xd43f5e018b415631
stage54_epoch_spin	1	3	166440	2201.04	19604.2	82900.8	15111.4	21568.4	11138.1	3927.3	2396.46	7506.96	822308	0	2	1	0	0xd43f5e018b415631
stage54_epoch_spin	1	4	167095	2312.63	20055.9	82850.6	15223.7	21776.2	11159.5	3752.75	2456.33	7422.63	838974	0	2	1	0	0xd43f5e018b415631
stage54_epoch_spin	1	5	167481	2261.38	19610.6	83008.4	15142.7	22171.6	11311.3	3897.04	2410.67	7544.34	839387	0	1	1	0	0xd43f5e018b415631
stage54_epoch_spin	1	6	167662	2332.96	19789.9	83065.8	15151.2	22355	10897	4064.46	2390.16	7530.71	839136	0	12	1	0	0xd43f5e018b415631
stage54_epoch_spin	1	7	166692	2310.63	19786.2	82803	15272.7	21683.9	11011.4	3745.34	2423.96	7567.71	838634	0	1	1	0	0xd43f5e018b415631
stage54_epoch_spin	1	8	166364	2197.09	19821.1	82867.8	15276.4	21270.3	10987.6	3892.33	2417.71	7544.55	838277	0	1	1	0	0xd43f5e018b415631
stage54_epoch_spin	1	9	166769	2247.34	19790	83072.5	15213.1	21785.7	11092.7	3747.42	2443.96	7285.92	822726	0	1	1	0	0xd43f5e018b415631
stage54_epoch_spin	1	10	170228	2395.96	19819	83050.3	15342.8	24231.6	11258.4	3955.46	2527.58	7555.25	858184	0	1	1	0	0xd43f5e018b415631
stage54_epoch_spin	1	11	167693	3251.42	19664.1	82983.4	15236.3	21716.7	11023.5	3755	2425	7553.63	839650	0	1	1	0	0xd43f5e018b415631
stage54_epoch_spin	1	12	167638	2190.46	20466.2	82645.8	15267.3	21687.6	11333.8	4004.09	2393.79	7560.25	839265	0	9	1	0	0xd43f5e018b415631
stage54_epoch_spin	1	13	166331	2214.13	19648.3	82980	15139	21525.1	10859.6	3961.04	2393.5	7525.17	822187	0	3	1	0	0xd43f5e018b415631
stage54_epoch_spin	1	14	167305	2255.96	20354.7	82911.3	15214	21781.3	11053	3929.63	2393.38	7325.3	839031	0	3	1	0	0xd43f5e018b415631
stage54_epoch_spin	1	15	167605	2451.79	19980.2	83205.7	15360.8	21946.5	10844.8	3803.54	2441.13	7485.5	839390	0	3	1	0	0xd43f5e018b415631
stage54_epoch_spin	1	16	167350	2271.88	19746.2	82912	15115.1	22262.8	11216.6	3797.79	2397.71	7544.88	839239	0	2	1	0	0xd43f5e018b415631
stage54_epoch_spin	1	17	166485	2230.83	19665.1	82789.8	15265.3	21672.4	10960.8	3859.83	2409.42	7546.05	838402	0	2	1	0	0xd43f5e018b415631
stage54_epoch_spin	1	18	166499	2197.88	19790.3	82858.6	15226.8	21707.7	10860	3836.33	2408.38	7522.63	822005	0	13	1	0	0xd43f5e018b415631
stage54_epoch_spin	1	19	166899	2259.38	19738.9	82913.5	15185.4	21929.5	11038.9	3862.66	2435.96	7451.17	838790	0	1	1	0	0xd43f5e018b415631
stage54_epoch_spin	1	20	167428	2264.33	19543.9	83092	15198.8	22262.3	11057.1	3882.67	2394.17	7648.34	839273	0	2	1	0	0xd43f5e018b415631
stage54_epoch_spin	1	21	167078	2268.17	19696.8	82882.9	15145.7	22343.3	10840.5	3802.8	2427.04	7581.5	839095	0	0	1	0	0xd43f5e018b415631
stage54_epoch_spin	1	22	168542	2281.67	19751.2	83361.2	15165.2	21964.2	11897.2	4081.17	2410.5	7538.8	840493	0	1	1	0	0xd43f5e018b415631
stage54_epoch_spin	1	23	167415	2240.04	19808.5	82937.8	15146.1	22360.6	10934	3978.29	2392.08	7530.25	839427	0	0	1	0	0xd43f5e018b415631
stage54_epoch_spin	1	24	167195	2407.38	19679.2	83343	15265.1	21785.8	10867.6	3726.21	2443.71	7588.5	838821	0	9	1	0	0xd43f5e018b415631
stage54_epoch_spin	1	25	166285	2195.54	19737.9	82849	15150.9	21312.3	11108.8	3891.59	2418.66	7536.75	838164	0	2	1	0	0xd43f5e018b415631
stage54_epoch_spin	1	26	166723	2247.84	19660	83091.9	15169.9	21869.4	10897.1	3914.04	2435.54	7347.34	822568	0	2	1	0	0xd43f5e018b415631
stage54_epoch_spin	1	27	167486	2357.04	19837.7	82798.6	15098.9	22259.1	11249.9	3833.71	2418.21	7550.67	839262	0	2	1	0	0xd43f5e018b415631
stage54_epoch_spin	1	28	167589	2350.25	19782.8	82876.4	15098.3	22229.9	11273.3	3974.71	2372.04	7544.96	839416	0	3	1	0	0xd43f5e018b415631
stage54_epoch_spin	1	29	166583	2262.96	19638.4	82683	15196.4	21722.1	11090.8	3936.17	2391.84	7571.84	838383	0	3	1	0	0xd43f5e018b415631
stage54_epoch_spin	1	30	166819	2219.38	19715	83014.5	15369.2	21407	11179.5	3891.34	2398.67	7540.17	838338	0	12	1	0	0xd43f5e018b415631
stage54_epoch_spin	1	31	167589	3228.5	19900.3	83088.5	15168.6	21299.6	11058.6	3871.17	2390.5	7495.25	823432	0	3	1	0	0xd43f5e018b415631
stage54_epoch_spin	1	32	166850	2478.09	19831.9	82898.7	15144.6	21730.7	11176.5	3778.79	2402.88	7321	822554	0	3	1	0	0xd43f5e018b415631
stage54_epoch_spin	1	33	167271	2257.92	19682.9	82956.5	15136.9	22212.3	11142.3	3845.79	2398.09	7554.75	839197	0	1	1	0	0xd43f5e018b415631
stage54_epoch_spin	1	34	170271	2254.88	19653.9	85658.9	15197.8	22305.9	11272	3861.83	2427.71	7549.42	858214	0	1	1	0	0xd43f5e018b415631
stage54_epoch_spin	1	35	166428	2268.67	19593.4	83064.5	15188.8	21524.9	10943.8	3873	2389.67	7496.84	822402	0	1	1	0	0xd43f5e018b415631
stage54_epoch_spin	1	36	167058	2207.25	19573.3	83224	15228.2	21953.3	11008.5	3871.96	2452.71	7451.05	838826	0	8	1	0	0xd43f5e018b415631
stage54_epoch_spin	1	37	167821	2405.17	19750.2	83216.7	15211.6	21979.1	11189.7	4033.71	2443.79	7504.88	839413	0	7	1	0	0xd43f5e018b415631
stage54_epoch_spin	1	38	167537	2240.67	20093.4	82909.5	15153.3	22164.1	10942.3	3971.54	2383.08	7591.55	839354	0	3	1	0	0xd43f5e018b415631
stage54_epoch_spin	1	39	167589	2238.46	19821.6	83222	15135.1	22222.3	11112.8	3818.29	2395.21	7536.59	839364	0	3	1	0	0xd43f5e018b415631
stage54_epoch_spin	1	40	167343	2247.38	19657.4	83024.2	15181.2	22318.6	10947.9	3881.04	2453.54	7547.01	839166	0	3	1	0	0xd43f5e018b415631
stage54_epoch_spin	1	41	165969	2335.71	19611.1	82958	15166.1	21267.2	10840.3	3729.34	2421.13	7554.96	837785	0	3	1	0	0xd43f5e018b415631
stage54_epoch_spin	1	42	166778	2186.88	19832	82833	15215	21804.7	11342.8	3734.38	2492.5	7251.05	822350	0	11	1	0	0xd43f5e018b415631
stage54_epoch_spin	1	43	167335	2267.29	19672.1	82777.4	15154.3	22136.6	11272.8	3991.71	2431.21	7543.01	839352	0	0	1	0	0xd43f5e018b415631
stage54_epoch_spin	1	44	167274	2263.83	19822.7	82854.4	15228.6	22305.9	10998.6	3757.63	2412.67	7539.71	839178	0	1	1	0	0xd43f5e018b415631
stage54_epoch_spin	1	45	166829	2260.29	19846.4	82883.7	15169	21804.8	10958.9	3892.46	2382.17	7542.34	838782	0	1	1	0	0xd43f5e018b415631
stage54_epoch_spin	1	46	169721	2191.42	19607.3	85595.5	15199.4	21657	11011.8	4463.25	2397.92	7508.38	841680	0	1	1	0	0xd43f5e018b415631
stage54_epoch_spin	1	47	166923	2232.13	19715.4	82728.3	15129.3	22302.6	10846.8	3900.67	2442.17	7540	838855	0	1	1	0	0xd43f5e018b415631
stage54_epoch_spin	1	48	166661	2295.25	19648.9	82620.7	15303.9	21756.3	11107.7	3895.38	2405.75	7541	838601	0	1	1	0	0xd43f5e018b415631
stage54_epoch_spin	1	49	166543	2263.71	19620.3	83232.1	15138.7	21529.8	10971.8	3797.58	2392.67	7506.71	822350	0	8	1	0	0xd43f5e018b415631
stage54_epoch_spin	1	50	166949	2269.54	19711.9	82842.8	15214.5	21946.7	10988.1	3945.63	2486.12	7457.26	838753	0	2	1	0	0xd43f5e018b415631
stage54_epoch_spin	1	51	167335	2280.09	19520.8	83080.8	15161.6	22210.8	11218.4	3806.54	2410.96	7559.46	839168	0	2	1	0	0xd43f5e018b415631
stage54_epoch_spin	1	52	167676	2364.38	19970	83091.8	15117.1	22216.6	10992.4	3904.46	2395.13	7536.17	839564	0	2	1	0	0xd43f5e018b415631
stage54_epoch_spin	1	53	166874	2232.46	19648.8	83209.5	15310.6	21678.1	10954.9	3710.13	2489.46	7549.26	838709	0	3	1	0	0xd43f5e018b415631
stage54_epoch_spin	1	54	176861	2199.29	19787.8	83895.7	24217.4	21938.6	10986.9	3809.88	2388	7551.51	871132	0	11	1	0	0xd43f5e018b415631
stage54_epoch_spin	1	55	168128	2290.5	20193.8	83216.4	15165.9	22201.3	11132.5	3866.5	2445.33	7529.84	839952	0	6	1	0	0xd43f5e018b415631
stage54_epoch_spin	1	56	167373	2229.13	19765.1	82953.4	15103.3	22275.6	11023.4	3931.92	2410.29	7565.01	839217	0	2	1	0	0xd43f5e018b415631
stage54_epoch_spin	1	57	166670	2261.21	19786.5	82943.6	15201.5	21703.1	10909.6	3806.17	2393.71	7578.21	838682	0	0	1	0	0xd43f5e018b415631
stage54_epoch_spin	1	58	169619	2191.54	19921.3	85140.9	15135.1	21742	11078.6	4389.17	2446.21	7487.26	841572	0	1	1	0	0xd43f5e018b415631
stage54_epoch_spin	1	59	167653	2261.96	19743.3	83236.8	15285.1	22215.8	10929.5	3927.21	2396.13	7568.63	839507	0	3	1	0	0xd43f5e018b415631
stage54_epoch_spin	1	60	167684	2233.63	19706.2	82945.1	15095.3	22260.1	11148	4124.42	2389.25	7693.76	839628	0	1	1	0	0xd43f5e018b415631
stage54_epoch_spin	1	61	167848	2822.92	19727.3	83008.7	15229	22049.5	11076.1	3868.63	2423.42	7533.63	839615	0	8	1	0	0xd43f5e018b415631
stage54_epoch_spin	1	62	167653	2232.96	19676.5	83088.3	15174.6	22230.1	11064.6	4156.5	2395.46	7545.84	839460	0	3	1	0	0xd43f5e018b415631
stage54_epoch_spin	1	63	168369	2303.13	19998.6	82983.1	15313.6	22089.8	10951.5	4049.79	3159.59	7423.46	839019	0	9	1	0	0xd43f5e018b415631
stage54_epoch_spin	1	64	167252	2228.92	19598.9	83196.8	15191.5	22174	10989.6	3809.54	2421.09	7552.55	838959	0	3	1	0	0xd43f5e018b415631
stage54_epoch_spin	1	65	167428	2269.96	19813.8	83056.7	15080.4	22342.1	10937	3923.09	2382.42	7531.63	839237	0	3	1	0	0xd43f5e018b415631
stage54_epoch_spin	1	66	167062	2274.04	19658.9	83090.9	15196.1	21885.6	11011.3	3849.25	2441.87	7566.92	838681	0	6	1	0	0xd43f5e018b415631
stage54_epoch_spin	1	67	166143	2218	19571.5	82997.7	15135.5	21452.1	11036.3	3717.25	2406.25	7518.84	822032	0	6	1	0	0xd43f5e018b415631
stage54_epoch_spin	1	68	167007	2326.5	19665.7	82950.3	15248.7	21950.6	10898.8	4067.38	2445.67	7368.88	838841	0	2	1	0	0xd43f5e018b415631
stage54_epoch_spin	1	69	167056	2316.75	19512.1	82710.4	15114.3	22306	11062.3	4004.13	2401.71	7543.13	839068	0	0	1	0	0xd43f5e018b415631
stage54_epoch_spin	1	70	169162	2314.21	19673	85427.7	15157.3	21257.7	10923.9	4382.17	2433.21	7502.67	841105	0	1	1	0	0xd43f5e018b415631
stage54_epoch_spin	1	71	167104	2248.21	19586	82803.4	15156.4	22127.6	11215.6	3908.5	2418.21	7552.13	838996	0	2	1	0	0xd43f5e018b415631
stage54_epoch_spin	1	72	167340	2269.5	19750.2	82870.1	15219.3	22296	10973.7	3907.42	2407.55	7563.42	839286	0	1	1	0	0xd43f5e018b415631
stage54_epoch_spin	1	73	167328	2322.59	19668.8	82692.6	15157.4	22506.5	11044.1	3874.92	2432.96	7541.63	839160	0	7	1	0	0xd43f5e018b415631
stage54_epoch_spin	1	74	166818	2266.59	19802.8	82993.3	15173.3	21860.3	10947.9	3728.88	2405.83	7554.88	838659	0	2	1	0	0xd43f5e018b415631
stage54_epoch_spin	1	75	166391	2245.75	19709.6	83252.6	15144.9	21427.1	10886.8	3723.09	2427.33	7484.71	822117	0	4	1	0	0xd43f5e018b415631
stage54_epoch_spin	1	76	166862	2264.38	19668.7	82777.3	15164.6	22107.8	10948.1	3875.34	2429.04	7542.71	838731	0	2	1	0	0xd43f5e018b415631
stage54_epoch_spin	1	77	167341	2224.25	19584.8	83091.9	15143.9	22302	10983.8	3884.75	2461.96	7578.26	839055	0	5	1	0	0xd43f5e018b415631
stage54_epoch_spin	1	78	166903	2295.59	19591.1	83050	15251.7	21773.7	10961.8	3903.08	2437.84	7550.09	838471	0	7	1	0	0xd43f5e018b415631
stage54_epoch_spin	1	79	166243	2228.46	19503.2	83092.7	15178.6	21502.9	10854	3894.92	2396.13	7507.63	822081	0	7	1	0	0xd43f5e018b415631
stage54_epoch_spin	1	80	167110	2219.54	19759.9	82870.1	15207.8	21841.7	11163.1	4158.88	2431.21	7368.47	838962	0	2	1	0	0xd43f5e018b415631
stage54_epoch_spin	1	81	167271	2352.38	19600.3	82786.5	15101	22265.9	11149.4	3934	2409.09	7588.67	839292	0	0	1	0	0xd43f5e018b415631
stage54_epoch_spin	1	82	169565	2255.96	19684.1	85139.5	15153.8	21755.9	11534.9	3978.13	2420.84	7554.09	857489	0	1	1	0	0xd43f5e018b415631
stage54_epoch_spin	1	83	166606	2188.21	19800.3	83153.5	15220.3	21781.3	10807	3751.88	2424.87	7389.92	822507	0	2	1	0	0xd43f5e018b415631
stage54_epoch_spin	1	84	167122	2229.5	19551.1	82994.1	15093.8	22362.9	10995.7	3821.17	2407.96	7581.51	839072	0	1	1	0	0xd43f5e018b415631
stage54_epoch_spin	1	85	167067	2335.04	19856.3	83069	15202.6	21671.1	11107	3702.34	2458.58	7579.63	838829	0	8	1	0	0xd43f5e018b415631
stage54_epoch_spin	1	86	167324	2411.21	19700.6	82889.6	15268.7	21905.8	11070.3	4052.71	2392.88	7548.21	839126	0	3	1	0	0xd43f5e018b415631
stage54_epoch_spin	1	87	166430	2218.67	19786.3	82968.2	15118.9	21465.5	11155.8	3721.54	2396.25	7513.09	822271	0	2	1	0	0xd43f5e018b415631
stage54_epoch_spin	1	88	166921	2191.63	19954.3	82970.9	15234.1	21810.6	11020.8	3876.25	2429.13	7349.09	822812	0	2	1	0	0xd43f5e018b415631
stage54_epoch_spin	1	89	167271	2297.71	19705.5	82767.7	15132.8	22322.5	11086.3	3954.92	2385.87	7530.84	839094	0	3	1	0	0xd43f5e018b415631
stage54_epoch_spin	1	90	167714	2354.54	19675.1	83026.2	15157.2	22282.6	11307.4	3859.38	2408.96	7556.13	839384	0	5	1	0	0xd43f5e018b415631
stage54_epoch_spin	1	91	166706	2242.92	19820.4	82816	15194.5	21740.7	10925.4	3894.09	2419.05	7567.76	838592	0	6	1	0	0xd43f5e018b415631
stage54_epoch_spin	1	92	166757	2191.21	19716.8	83256.9	15238.3	21311	11099.7	3900.38	2405.83	7548.51	838505	0	3	1	0	0xd43f5e018b415631
stage54_epoch_spin	1	93	169796	2217.71	19868.6	85047.2	15217.2	22017.7	11281.8	3979.38	2499.54	7580.34	840514	0	39	1	0	0xd43f5e018b415631
stage54_epoch_spin	1	94	169372	2286.79	19887.8	85669	15378.9	21233.8	11070.7	3845.96	2396.04	7512.59	841346	0	1	1	0	0xd43f5e018b415631
stage54_epoch_spin	1	95	167672	2246.46	19701.3	83891.9	15276	21695.6	10970.4	3849.63	2399.59	7551.88	838607	0	7	1	0	0xd43f5e018b415631
stage54_epoch_spin	1	96	167138	2363.21	19624.1	82954.5	15178.2	21989.8	11127.3	3807.04	2442.83	7564.13	838941	0	2	1	0	0xd43f5e018b415631
stage54_epoch_spin	1	97	167096	2260.71	19719.1	82659.9	15301	22369.2	10914.5	3787.5	2442.46	7555.09	838935	0	7	1	0	0xd43f5e018b415631
stage54_epoch_spin	1	98	167046	2236.71	19598.2	82957.8	15309.2	21786.9	11232.3	3747.38	2553	7537.84	838908	0	2	1	0	0xd43f5e018b415631
stage54_epoch_spin	1	99	166248	2227.25	19608	82853.7	15152.7	21407.9	11161.1	3849.96	2398.71	7496.76	822207	0	2	1	0	0xd43f5e018b415631
stage54_epoch_spin	2	0	166932	2383.67	19682.8	82722.3	15159.4	21938.1	11103	3862.63	2503.42	7489.97	838713	0	2	1	0	0xd43f5e018b415631
stage54_epoch_spin	2	1	167241	2230.5	19850.4	83070.2	15108.7	22260.2	10856.9	3827.21	2413.67	7536.84	839038	0	3	1	0	0xd43f5e018b415631
stage54_epoch_spin	2	2	167917	2278.34	19557.1	83456.9	15136	22313	11268	3903.63	2384.04	7532.59	839182	0	7	1	0	0xd43f5e018b415631
stage54_epoch_spin	2	3	167325	2236	19709.8	82848.4	15209.8	22337.8	11050.4	3785.29	2451.21	7607.67	839867	0	6	1	0	0xd43f5e018b415631
stage54_epoch_spin	2	4	167317	2242	19886.7	83136.4	15174.2	21710.7	11171.6	3928.55	2456.09	7522.13	838544	0	2	1	0	0xd43f5e018b415631
stage54_epoch_spin	2	5	166452	2225.67	19725.3	83078	15185.4	21236.8	10967.5	3963.25	2428.71	7555.05	838411	0	1	1	0	0xd43f5e018b415631
stage54_epoch_spin	2	6	169896	2188.59	19864.1	85066	15577.8	22051.2	11248.4	3833.17	2436.5	7542.3	841913	0	0	1	0	0xd43f5e018b415631
stage54_epoch_spin	2	7	167921	2889.3	19619.2	82983.2	15156	22238.4	11114.6	3902.5	2394.88	7537.59	839779	0	2	1	0	0xd43f5e018b415631
stage54_epoch_spin	2	8	166909	2269.63	19682.5	83011.9	15264.3	21767.6	10952.2	3913.34	2425.5	7536.92	838685	0	3	1	0	0xd43f5e018b415631
stage54_epoch_spin	2	9	166410	2202.5	19698.5	83211.8	15138.6	21267.9	10978.8	3824.3	2392.75	7604.76	838337	0	1	1	0	0xd43f5e018b415631
stage54_epoch_spin	2	10	166817	2199.75	19831.8	83006.9	15277.2	21768.6	11033.2	3835.09	2446.38	7333.67	822440	0	10	1	0	0xd43f5e018b415631
stage54_epoch_spin	2	11	167321	2274.79	19642.7	82980.3	15182.8	22130.9	10945.9	4125.63	2396.79	7557.55	839173	0	1	1	0	0xd43f5e018b415631
stage54_epoch_spin	2	12	167549	2418.09	19791.3	82975.2	15090.3	22244.4	11228.6	3742.67	2432.96	7538.13	839433	0	2	1	0	0xd43f5e018b415631
stage54_epoch_spin	2	13	166989	2239.96	19855.3	82868.5	15197.9	21767.2	11226.9	3734.5	2469.96	7539.13	838848	0	2	1	0	0xd43f5e018b415631
stage54_epoch_spin	2	14	200475	2204.75	20268	103535	15220.8	22058.1	23324	3741.17	2472.84	7552.67	967021	0	17	1	0	0xd43f5e018b415631
stage54_epoch_spin	2	15	167074	2342.46	19679.5	83107.2	15182.1	21719.6	11060.5	3893.21	2443.92	7560.01	838932	0	2	1	0	0xd43f5e018b415631
stage54_epoch_spin	2	16	167201	2191.75	19763.4	83250.1	15163.1	21860	10955.1	3969.84	2422.71	7533.55	838761	0	10	1	0	0xd43f5e018b415631
stage54_epoch_spin	2	17	166815	2264.13	19610	83113.5	15346.9	21482.5	11093.1	3898.88	2397.17	7521.51	822717	0	2	1	0	0xd43f5e018b415631
stage54_epoch_spin	2	18	170684	2226.09	19871.6	84575.2	15182.4	23000	11651.1	4107.67	2442.79	7540.09	840992	0	82	1	0	0xd43f5e018b415631
stage54_epoch_spin	2	19	167464	2410.96	19629.2	82768.3	15235.2	22306.6	11143.8	3916.55	2405.75	7560.09	839291	0	3	1	0	0xd43f5e018b415631
stage54_epoch_spin	2	20	167522	2267.09	19847.4	83002.1	15096.6	22426.6	11000	3848.84	2399.63	7549.3	839256	0	4	1	0	0xd43f5e018b415631
stage54_epoch_spin	2	21	167831	2266.96	19812	83150.4	15163.1	22305.7	11270.8	3836.04	2395.55	7545.34	839563	0	3	1	0	0xd43f5e018b415631
stage54_epoch_spin	2	22	168050	2336.84	19954.7	83327.7	15175.9	22219.7	11149.7	3868.38	2400.04	7532.42	839704	0	10	1	0	0xd43f5e018b415631
stage54_epoch_spin	2	23	166728	2406.59	19728.9	82683.2	15227	21680.8	10893	3932.46	2507.3	7548.34	838566	0	1	1	0	0xd43f5e018b415631
stage54_epoch_spin	2	24	166580	2193.84	19700.4	82784.3	15216.3	21410.9	11099.3	3954.25	2389	7744.63	838410	0	3	1	0	0xd43f5e018b415631
stage54_epoch_spin	2	25	166630	2213.42	19718.6	82762.2	15147.9	21950.7	11002.4	3751	2512.84	7488.59	822488	0	2	1	0	0xd43f5e018b415631
stage54_epoch_spin	2	26	167805	2415.34	20079.9	82792.6	15206.6	22093.9	11266.9	3921.63	2436.25	7504.13	839526	0	5	1	0	0xd43f5e018b415631
stage54_epoch_spin	2	27	167001	2256.29	19696.9	82878.2	15069.4	22332	10840.1	3934.55	2385.46	7522.42	839013	0	0	1	0	0xd43f5e018b415631
stage54_epoch_spin	2	28	167654	2230.79	19927.9	83156.7	15076.1	22299.5	10812.2	4111.34	2412.25	7538.55	839387	0	8	1	0	0xd43f5e018b415631
stage54_epoch_spin	2	29	166826	2326.75	19664.2	82954	15155.6	21727.8	11151.4	3820.92	2397.71	7543.01	838844	0	0	1	0	0xd43f5e018b415631
stage54_epoch_spin	2	30	169660	2231.79	19746.9	85583.1	15129.8	21654.8	11282.1	3996.88	2427.37	7517.59	841676	0	0	1	0	0xd43f5e018b415631
stage54_epoch_spin	2	31	167381	2243	19702.2	82933.3	15100.9	22229.1	11039.6	4052.46	2407.71	7569.09	839266	0	2	1	0	0xd43f5e018b415631
stage54_epoch_spin	2	32	167417	2268.54	19791.6	82834.4	15168.7	22395.4	10974.5	3901.51	2453.87	7542.63	839307	0	2	1	0	0xd43f5e018b415631
stage54_epoch_spin	2	33	166783	2335.34	19682	82963	15226	21746.1	11001.2	3776.42	2407.75	7559.22	838721	0	1	1	0	0xd43f5e018b415631
stage54_epoch_spin	2	34	167094	2351.5	19924.6	83295.5	15245.8	21294.5	10997.5	3807.42	2416.17	7673.88	838671	0	10	1	0	0xd43f5e018b415631
stage54_epoch_spin	2	35	166524	2280.96	19686.4	82798.6	15253.6	21809.9	10946.3	3934.96	2420.13	7302.8	822438	0	2	1	0	0xd43f5e018b415631
stage54_epoch_spin	2	36	167143	2266.75	19797.9	82765.1	15111.8	22326.9	10962.4	3899.13	2381	7548.3	839158	0	0	1	0	0xd43f5e018b415631
stage54_epoch_spin	2	37	166846	2389.21	19731.3	82929.1	15185.9	21668.1	11047	3822.67	2435.75	7552.59	838594	0	4	1	0	0xd43f5e018b415631
stage54_epoch_spin	2	38	166606	2286.29	20048.5	82918	15131.2	21282	10989	3848.92	2431	7584.17	838359	0	4	1	0	0xd43f5e018b415631
stage54_epoch_spin	2	39	166600	2225.29	19600.5	82737	15241	21919.3	10980.9	3878.96	2489.25	7444.01	822620	0	0	1	0	0xd43f5e018b415631
stage54_epoch_spin	2	40	167424	2273.25	19717.2	83216.9	15187.4	22278.6	10867	3846.67	2419.46	7531.88	839120	0	9	1	0	0xd43f5e018b415631
stage54_epoch_spin	2	41	167548	2266.96	19777.8	83094.1	15110.5	22280.7	10873	4092.51	2402.05	7564.97	839569	0	0	1	0	0xd43f5e018b415631
stage54_epoch_spin	2	42	169001	2237.42	19723.9	85229.2	15188.6	21246.5	10954.5	4425.84	2386.75	7523.63	841014	0	0	1	0	0xd43f5e018b415631
stage54_epoch_spin	2	43	167109	2336.54	19815.4	82967.8	15205.3	21871.1	11076.1	3899.92	2426.3	7419.68	838954	0	3	1	0	0xd43f5e018b415631
stage54_epoch_spin	2	44	167316	2315.34	19665.9	82801	15123.9	22343.8	10936	4028.92	2415.75	7598.68	839078	0	4	1	0	0xd43f5e018b415631
stage54_epoch_spin	2	45	167226	2256.04	19835.6	82912.3	15111.4	22371.4	10869	3778.92	2449.71	7558.93	839243	0	0	1	0	0xd43f5e018b415631
stage54_epoch_spin	2	46	167031	2358.63	19672.6	82928.8	15221.3	21771.5	11202.9	3777.46	2423.8	7586.43	838587	0	9	1	0	0xd43f5e018b415631
stage54_epoch_spin	2	47	166375	2297.34	19575	82699.3	15218.9	21619.4	11232.6	3736.09	2406.71	7498.97	822282	0	2	1	0	0xd43f5e018b415631
stage54_epoch_spin	2	48	167036	2303.92	19670.1	83036.5	15181.8	22021.4	10735.1	3978.79	2466.13	7555.97	838884	0	3	1	0	0xd43f5e018b415631
stage54_epoch_spin	2	49	167333	2318.59	19627.1	82927.5	15188.5	22313.5	11000.5	3862.5	2435.29	7573.84	839128	0	3	1	0	0xd43f5e018b415631
stage54_epoch_spin	2	50	167772	2353.54	20294.8	82837.8	15050	22301.6	10853.7	4012.46	2378.09	7600.05	839476	0	5	1	0	0xd43f5e018b415631
stage54_epoch_spin	2	51	166612	2244.96	19608.5	82896.4	15247.6	21728.6	10990.6	3830.38	2405.54	7572.26	838621	0	0	1	0	0xd43f5e018b415631
stage54_epoch_spin	2	52	166666	2349.92	19570.9	83162	15236.4	21424.7	10931.9	3918.71	2401.42	7580.88	822384	0	8	1	0	0xd43f5e018b415631
stage54_epoch_spin	2	53	166877	2214	19948.2	82941.6	15216.2	21824.2	11010.9	3773.75	2507.13	7352.55	822592	0	2	1	0	0xd43f5e018b415631
stage54_epoch_spin	2	54	169877	2235	19661.3	84766.5	15242.5	22336.2	11608.3	3985.21	2402.67	7551.97	857897	0	0	1	0	0xd43f5e018b415631
stage54_epoch_spin	2	55	166547	2207.34	19676.3	83215.8	15257.4	21431.7	10793.5	3910.17	2409.38	7551.18	822422	0	3	1	0	0xd43f5e018b415631
stage54_epoch_spin	2	56	166748	2198.79	19628.8	82894.5	15246.8	21848.9	11099.3	3832.84	2477.08	7434.18	822594	0	3	1	0	0xd43f5e018b415631
stage54_epoch_spin	2	57	167070	2343.38	19579.9	82763.3	15117.6	22318.7	10966.6	3916.71	2404.84	7572.63	839094	0	1	1	0	0xd43f5e018b415631
stage54_epoch_spin	2	58	166951	2231.38	19882.5	83023.2	15391.6	21716.9	10945.5	3731.8	2386.13	7554.01	838507	0	9	1	0	0xd43f5e018b415631
stage54_epoch_spin	2	59	166583	2442.92	19644	83028.7	15124.9	21379.1	11038.6	3901.67	2400.12	7538.34	838409	0	3	1	0	0xd43f5e018b415631
stage54_epoch_spin	2	60	167233	2198.71	19696.5	83075.4	15254.9	22274.4	10766.7	3840	2506.09	7533.97	823147	0	2	1	0	0xd43f5e018b415631
stage54_epoch_spin	2	61	167153	2222.34	19622.8	82910.1	15227.6	21981.1	11079.5	4048	2441.96	7533.34	839050	0	2	1	0	0xd43f5e018b415631
stage54_epoch_spin	2	62	167929	2347.92	20253.4	83262.9	15227.9	21861.4	11183.9	3820.5	2436.96	7445.47	839459	0	6	1	0	0xd43f5e018b415631
stage54_epoch_spin	2	63	167368	2351.46	19685.5	83086.6	15212	22190.3	11016.5	3796.3	2399.3	7543.8	839288	0	1	1	0	0xd43f5e018b415631
stage54_epoch_spin	2	64	166937	2293.67	19663.7	82854.8	15273.3	21905	11073.2	3757.84	2429.17	7598.8	838753	0	7	1	0	0xd43f5e018b415631
stage54_epoch_spin	2	65	167104	2431	19828.4	82922.2	15170	21859.7	10884.9	3950.21	2404.75	7566.8	839047	0	1	1	0	0xd43f5e018b415631
stage54_epoch_spin	2	66	169859	2192.67	19772.6	85218.7	15650.6	21725.5	11200	3995.51	2543.05	7473.97	841873	0	0	1	0	0xd43f5e018b415631
stage54_epoch_spin	2	67	167124	2336.96	19817.2	82903.1	15114.4	22319.3	10867.1	3734.59	2396.04	7546.51	838968	0	2	1	0	0xd43f5e018b415631
stage54_epoch_spin	2	68	167837	2257.84	19950.1	83130.3	15064.9	22232.1	11130.3	3991.42	2411.25	7584.09	839610	0	4	1	0	0xd43f5e018b415631
stage54_epoch_spin	2	69	166983	2239.25	19717	82918.6	15177.6	21778.1	11372.3	3679.3	2450.75	7563.59	838890	0	1	1	0	0xd43f5e018b415631
stage54_epoch_spin	2	70	166317	2217.79	19574.7	83231.7	15149.1	21260.9	11024.5	3813.17	2434.92	7523.8	838018	0	4	1	0	0xd43f5e018b415631
stage54_epoch_spin	2	71	167561	2217.5	19839.1	83454.5	15217.2	21988	11003.3	3857.97	2398.92	7496.84	823020	0	10	1	0	0xd43f5e018b415631
stage54_epoch_spin	2	72	166916	2507.96	19710.6	82990.8	15164.1	21817	10947.8	3870.13	2419.13	7406.18	822819	0	2	1	0	0xd43f5e018b415631
stage54_epoch_spin	2	73	167530	2339.67	19641.9	82904.2	15120.5	22186.8	11167.2	4076.38	2430.08	7574.72	839353	0	3	1	0	0xd43f5e018b415631
stage54_epoch_spin	2	74	167306	2231.13	19994.3	82565	15089.6	22331.9	10997.3	4048.3	2396	7565.76	838936	0	6	1	0	0xd43f5e018b415631
stage54_epoch_spin	2	75	166036	2233.38	19653.7	82870.9	15283.9	21155.6	11080.4	3723.09	2409	7541.84	837948	0	1	1	0	0xd43f5e018b415631
stage54_epoch_spin	2	76	166400	2183.8	19739.9	82741.1	15208.3	21812.6	10790.7	3946.3	2479.58	7411.51	822356	0	1	1	0	0xd43f5e018b415631
stage54_epoch_spin	2	77	167253	2341.63	19759	82783	15155.7	22187.9	11235.4	3758.75	2402.92	7540.68	839135	0	6	1	0	0xd43f5e018b415631
stage54_epoch_spin	2	78	169174	2236.13	19598.2	84900.6	15841	21212.1	11296.8	4028.63	2447.5	7523.59	841148	0	1	1	0	0xd43f5e018b415631
stage54_epoch_spin	2	79	166749	2209.09	19698.4	82889	15196.1	22095	10836.6	3766.51	2430.26	7541.89	838689	0	1	1	0	0xd43f5e018b415631
stage54_epoch_spin	2	80	168049	2250.17	20528.2	82921.9	15144.8	21944.6	11184	3977.88	2472.63	7536.59	839881	0	3	1	0	0xd43f5e018b415631
stage54_epoch_spin	2	81	167239	2337.29	19783.9	82453.9	15146.4	22259.9	11078.7	4120.71	2420.75	7552.09	839086	0	3	1	0	0xd43f5e018b415631
stage54_epoch_spin	2	82	166703	2226.88	19562.5	83061.9	15250.4	21673.6	11080.1	3756.25	2448.5	7555.55	838592	0	1	1	0	0xd43f5e018b415631
stage54_epoch_spin	2	83	166527	2289.55	19722.4	83120.1	15164.8	21248.8	11104.1	3845.92	2395.71	7547.43	838272	0	8	1	0	0xd43f5e018b415631
stage54_epoch_spin	2	84	166612	2206.5	19766.7	82776.9	15146.3	21911.9	11099.9	3686.59	2416.54	7515.8	822556	0	1	1	0	0xd43f5e018b415631
stage54_epoch_spin	2	85	167188	2345.21	19694.7	82944.1	15162.9	22347.9	10867.4	3793.71	2398.92	7545.68	838934	0	4	1	0	0xd43f5e018b415631
stage54_epoch_spin	2	86	168025	2307.29	19741.7	83127.2	15078.9	22450.5	11161.7	4101	2403.46	7561.43	839809	0	4	1	0	0xd43f5e018b415631
stage54_epoch_spin	2	87	165686	2278.84	19623.5	82702	15212.2	21184.6	10849.4	3832.05	2380.96	7535.22	837600	0	1	1	0	0xd43f5e018b415631
stage54_epoch_spin	2	88	166533	2219.63	19829.8	82971.8	15129.7	21793.7	10940.2	3724.88	2485.17	7353.68	822458	0	1	1	0	0xd43f5e018b415631
stage54_epoch_spin	2	89	167366	2259.92	19806.7	82833.9	15129	22236.1	10968.7	4088.3	2400.75	7558.51	839235	0	6	1	0	0xd43f5e018b415631
stage54_epoch_spin	2	90	170759	2279	19978.4	85606.8	15139	22392	11426.3	3815.76	2428.58	7603.76	858650	0	2	1	0	0xd43f5e018b415631
stage54_epoch_spin	2	91	166360	2198.71	19653	83002.1	15222	21287	11046.5	3912.59	2399.38	7547.55	838297	0	1	1	0	0xd43f5e018b415631
stage54_epoch_spin	2	92	166727	2197.17	19644	83109.2	15198	21910.2	10803.6	3959.13	2471.09	7343.89	822535	0	3	1	0	0xd43f5e018b415631
stage54_epoch_spin	2	93	167781	2241.79	19809	83174.1	15228.5	22036.3	11409.4	3959.17	2385.04	7449.84	839198	0	4	1	0	0xd43f5e018b415631
stage54_epoch_spin	2	94	167369	2262.09	19824.1	82911.5	15126.6	22204.8	10963.3	4033.88	2416.88	7538.39	839231	0	2	1	0	0xd43f5e018b415631
stage54_epoch_spin	2	95	168085	2910.92	19871.5	82873.4	15256	22212.3	10992.4	3911.76	2425.71	7542.68	839870	0	8	1	0	0xd43f5e018b415631
stage54_epoch_spin	2	96	167707	2274.34	19792.4	83132	15144.9	22123.9	11270.7	3950.25	2393.8	7537.01	839640	0	1	1	0	0xd43f5e018b415631
stage54_epoch_spin	2	97	167677	2372.34	19747.1	83068.8	15106	22224.4	11115.2	4024.3	2396.01	7537.18	839427	0	4	1	0	0xd43f5e018b415631
stage54_epoch_spin	2	98	167685	2311.75	19781.9	83060.3	15177.5	22153.8	10965.5	3813.92	2769.09	7559.26	839235	0	6	1	0	0xd43f5e018b415631
stage54_epoch_spin	2	99	167029	2229.59	19608.7	83135	15208.5	21806.8	11111.9	3851.09	2443	7543.47	838819	0	3	1	0	0xd43f5e018b415631
stage54_epoch_spin	3	0	166342	2233.13	19824.4	83034.9	15207.3	21232.5	11017.2	3751.88	2390.63	7561.47	838282	0	1	1	0	0xd43f5e018b415631
stage54_epoch_spin	3	1	166632	2197.88	19626.9	83316.8	15228.7	21766.7	10886.3	3780.09	2436.09	7301.05	822519	0	7	1	0	0xd43f5e018b415631
stage54_epoch_spin	3	2	170484	2602.13	19672.8	85237.2	15179.2	22410.7	11164.3	4042.51	2477.3	7606.59	858320	0	2	1	0	0xd43f5e018b415631
stage54_epoch_spin	3	3	166294	2276.3	19572.7	83057.8	15187.2	21331.4	11047.5	3787.63	2398.5	7548.55	838304	0	0	1	0	0xd43f5e018b415631
stage54_epoch_spin	3	4	167077	2228.38	19853.4	82780.3	15307.7	21789.7	11118.8	3955.46	2444.29	7513.89	822837	0	4	1	0	0xd43f5e018b415631
stage54_epoch_spin	3	5	167113	2278.71	19713.1	82961.7	15190.7	22087.8	10900.1	3925.71	2440.59	7530.26	838976	0	2	1	0	0xd43f5e018b415631
stage54_epoch_spin	3	6	167257	2325	19930.8	82815.7	15117.1	22310	10918.9	3808.71	2395.26	7550.47	839154	0	1	1	0	0xd43f5e018b415631
stage54_epoch_spin	3	7	167045	2257.46	19723.4	82979.7	15412.3	21742.5	11017.6	3830.59	2432.17	7562.14	838824	0	8	1	0	0xd43f5e018b415631
stage54_epoch_spin	3	8	166180	2295.96	19657.9	82876.1	15187.9	21319.9	11084.6	3789.51	2389.42	7489.22	822039	0	3	1	0	0xd43f5e018b415631
stage54_epoch_spin	3	9	167497	2197.96	19960.8	83053.6	15229.8	21720	11177.6	4092.21	2465.92	7508.72	823463	0	1	1	0	0xd43f5e018b415631
stage54_epoch_spin	3	10	167246	2217.75	19692.2	82847.8	15632.2	22034.6	11037.6	3974.13	2430.46	7291.51	838682	0	9	1	0	0xd43f5e018b415631
stage54_epoch_spin	3	11	167481	2258.5	19721	83087.9	15132.9	22135.1	11178	3905.92	2414.34	7559.26	839387	0	1	1	0	0xd43f5e018b415631
stage54_epoch_spin	3	12	167343	2263.59	19579	82964.9	15146.7	22254.5	10981.4	4121.97	2392.17	7553.8	839289	0	1	1	0	0xd43f5e018b415631
stage54_epoch_spin	3	13	166681	2253.55	19548.2	82769.5	15223.1	21822.4	11124.4	3884.76	2397.13	7572.43	838579	0	6	1	0	0xd43f5e018b415631
stage54_epoch_spin	3	14	169595	2203.17	19769.4	84952.9	15751.8	21667.3	11337.2	3895.55	2425.38	7501.64	841500	0	2	1	0	0xd43f5e018b415631
stage54_epoch_spin	3	15	167264	2238.38	19674.8	82945.9	15129.1	22286.2	11139.3	3827.09	2408.67	7531.51	839207	0	1	1	0	0xd43f5e018b415631
stage54_epoch_spin	3	16	166836	2257.96	19709.7	83075.4	15215.6	21697.8	10976.2	3814.84	2425.96	7576.51	838669	0	3	1	0	0xd43f5e018b415631
stage54_epoch_spin	3	17	166659	2411.84	19751.4	82891.8	15219.1	21295	10967.5	4006.26	2433.84	7540.51	838489	0	2	1	0	0xd43f5e018b415631
stage54_epoch_spin	3	18	166621	2198.46	19553.7	83026.9	15281.3	21761.6	11117.4	3913.76	2436.88	7247.22	822469	0	2	1	0	0xd43f5e018b415631
stage54_epoch_spin	3	19	167006	2319.34	19502.2	83107.9	15130.7	22328.2	10852.7	3704.42	2429.17	7545.14	838699	0	9	1	0	0xd43f5e018b415631
stage54_epoch_spin	3	20	165935	2246.05	19577.2	82817	15331.1	21155.1	10967.8	3809.8	2395.25	7549.89	837810	0	2	1	0	0xd43f5e018b415631
stage54_epoch_spin	3	21	166542	2206.13	19750.4	82840.9	15332.7	21774.9	10933.2	3846.26	2442.04	7331.18	822444	0	2	1	0	0xd43f5e018b415631
stage54_epoch_spin	3	22	167041	2232.46	19639.7	82819.3	15090.5	22284.9	11124.4	3797.88	2422.67	7542.01	838752	0	5	1	0	0xd43f5e018b415631
stage54_epoch_spin	3	23	168041	2396.42	20388.1	83128.5	15152.9	22182.9	10915.7	3855.84	2386.17	7541.14	839948	0	1	1	0	0xd43f5e018b415631
stage54_epoch_spin	3	24	167250	2390.67	19668.6	82804.6	15121.7	22324.9	11033.2	3793.38	2433.55	7589.51	839201	0	1	1	0	0xd43f5e018b415631
stage54_epoch_spin	3	25	165976	2254.92	19609.2	82782.7	15150	21179.9	11141.9	3796.13	2423.04	7548.43	837985	0	0	1	0	0xd43f5e018b415631
stage54_epoch_spin	3	26	169759	2218.09	19833	83013.7	16643.8	23000.2	11002.1	3995.63	2404.38	7558.68	841400	0	8	1	0	0xd43f5e018b415631
stage54_epoch_spin	3	27	167041	2238.96	19769.9	82960	15218.9	21708.2	11234.5	3852.05	2440.84	7531.39	839055	0	0	1	0	0xd43f5e018b415631
stage54_epoch_spin	3	28	166383	2199.09	19654.7	82995.2	15124.1	21404.8	11089.6	3935.09	2390.84	7500.89	838189	0	4	1	0	0xd43f5e018b415631
stage54_epoch_spin	3	29	166718	2196.25	19700	82887.8	15248.6	21862.7	10935.9	3977.21	2439.05	7383.22	822538	0	3	1	0	0xd43f5e018b415631
stage54_epoch_spin	3	30	167579	2319.05	19768	82995.2	15101.8	22396.6	10967.5	3965.09	2394.3	7584.72	839415	0	2	1	0	0xd43f5e018b415631
stage54_epoch_spin	3	31	167538	2309.8	19672	82976.7	15182.8	22289.7	11132.1	3893.63	2404.58	7589.8	839434	0	2	1	0	0xd43f5e018b415631
stage54_epoch_spin	3	32	166576	2247.25	19512.2	83144.4	15212.4	21736.7	10910.8	3754.46	2412.59	7557.55	838312	0	9	1	0	0xd43f5e018b415631
stage54_epoch_spin	3	33	166538	2345.71	19748.4	82853	15192.5	21390.5	11204.1	3786.92	2405.17	7524.84	822501	0	1	1	0	0xd43f5e018b415631
stage54_epoch_spin	3	34	166765	2201.5	19708.1	82539.5	15171.6	22041.4	11091.9	3928.55	2469.92	7525.35	822553	0	4	1	0	0xd43f5e018b415631
stage54_epoch_spin	3	35	167074	2262.88	19598.3	82521.6	15233.8	22306.2	11079	4053.26	2387.75	7546.3	838975	0	1	1	0	0xd43f5e018b415631
stage54_epoch_spin	3	36	166611	2307.84	19726.4	82853.2	15224.9	21690.8	10915.7	3850.8	2386.34	7565.01	838546	0	1	1	0	0xd43f5e018b415631
stage54_epoch_spin	3	37	166508	2282.17	19627.2	83194.7	15124.4	21551.7	10973.8	3758.09	2382.13	7526.85	822479	0	1	1	0	0xd43f5e018b415631
stage54_epoch_spin	3	38	169484	2326.13	19928.4	82861	15233.2	23801.1	11333.5	3855.17	2428.25	7623.14	857243	0	8	1	0	0xd43f5e018b415631
stage54_epoch_spin	3	39	166107	2260.59	19577.3	82964.8	15155.6	21392.7	10988.6	3778.92	2393.47	7506.01	822064	0	1	1	0	0xd43f5e018b415631
stage54_epoch_spin	3	40	166919	2257.92	19766.8	82628	15146.9	22061.6	10865.5	3925.09	2600.34	7579.64	838734	0	3	1	0	0xd43f5e018b415631
stage54_epoch_spin	3	41	167608	2415.96	19688.2	83314.6	15101.6	22179.7	11075.8	3801.92	2383.59	7558.18	839438	0	2	1	0	0xd43f5e018b415631
stage54_epoch_spin	3	42	167625	2308.75	19753.9	83067.3	15253.4	22231	11063.9	3917.46	2396.63	7545.18	839417	0	2	1	0	0xd43f5e018b415631
stage54_epoch_spin	3	43	166541	2288.21	19729.6	82834.5	15204.3	21697	10980.3	3712.72	2389.13	7622.97	838440	0	2	1	0	0xd43f5e018b415631
stage54_epoch_spin	3	44	166706	2181.17	19558.7	83145.9	15305.6	21638.4	11083.9	3763.22	2397.92	7543.1	838390	0	9	1	0	0xd43f5e018b415631
stage54_epoch_spin	3	45	166782	2190.96	19709.3	82861.8	15203.1	21856.8	10855.6	4119.46	2482.71	7367.3	822616	0	3	1	0	0xd43f5e018b415631
stage54_epoch_spin	3	46	167592	2324.21	20003.9	83000.5	15144.8	22094.9	11182	3809.59	2402.96	7548.8	839217	0	7	1	0	0xd43f5e018b415631
stage54_epoch_spin	3	47	167274	2274.5	19822.6	82838.6	15203.9	22391.7	10722.1	3936.59	2409.17	7586.35	839183	0	1	1	0	0xd43f5e018b415631
stage54_epoch_spin	3	48	167306	2293.75	19776.4	82769.4	15181.6	22356.7	10952.9	3880.55	2475	7532.8	839250	0	1	1	0	0xd43f5e018b415631
stage54_epoch_spin	3	49	165887	2238.5	19674.8	82799.8	15155.1	21317.7	10969.3	3754.8	2392.42	7498.85	821791	0	2	1	0	0xd43f5e018b415631
stage54_epoch_spin	3	50	168131	2226.67	19639.3	83841.2	15390.1	21905.8	11248.6	3775.92	2441.59	7573.14	839904	0	8	1	0	0xd43f5e018b415631
stage54_epoch_spin	3	51	166467	2190.75	19633.7	82743.6	15208.3	21871.9	10852.3	3868.96	2447.21	7566.22	822428	0	1	1	0	0xd43f5e018b415631
stage54_epoch_spin	3	52	167325	2233.38	19689.9	83077.9	15080.7	22282.5	11068.7	3837.04	2391.13	7579.01	839164	0	3	1	0	0xd43f5e018b415631
stage54_epoch_spin	3	53	166669	2236.42	19681.7	82779.8	15352.4	21650.5	10981.6	3888.17	2449.46	7564.93	838475	0	3	1	0	0xd43f5e018b415631
stage54_epoch_spin	3	54	166525	2214.71	19709.5	82854.4	15240.9	21336	11203.9	3946.88	2388.67	7545.68	838331	0	2	1	0	0xd43f5e018b415631
stage54_epoch_spin	3	55	166737	2291.17	19890.7	82681.4	15216.1	21791.9	10987.4	3853.92	2523.21	7411.43	822636	0	2	1	0	0xd43f5e018b415631
stage54_epoch_spin	3	56	167560	2268.75	19674.6	83223.6	15134.2	22179.3	10920.4	4109.51	2403.96	7558.8	839244	0	7	1	0	0xd43f5e018b415631
stage54_epoch_spin	3	57	166547	2230.34	19572.8	82798	15247.2	21676.4	10900.8	4058.88	2437.09	7537.64	838487	0	1	1	0	0xd43f5e018b415631
stage54_epoch_spin	3	58	166485	2217.71	19715.3	83301.1	15145.2	21286.1	11071.3	3736.01	2404.67	7523.51	838253	0	4	1	0	0xd43f5e018b415631
stage54_epoch_spin	3	59	166759	2191.09	19774.4	83215.7	15219	21797.5	10818.9	3768.59	2448.72	7440.43	822668	0	1	1	0	0xd43f5e018b415631
stage54_epoch_spin	3	60	167040	2334.67	19624.1	82683.7	15101.3	22553.2	10813.2	3854.34	2425.5	7561.22	839000	0	1	1	0	0xd43f5e018b415631
stage54_epoch_spin	3	61	167079	2272.05	19739	83096.6	15219.1	21758.2	10935.7	3918	2492.55	7565.35	839022	0	1	1	0	0xd43f5e018b415631
stage54_epoch_spin	3	62	167354	2253	19895.8	82986	15325.6	21786.8	11025.3	3910.38	2397.5	7687.55	839129	0	8	1	0	0xd43f5e018b415631
stage54_epoch_spin	3	63	169353	3326.17	19749.8	84031.2	15135.5	22023.3	11055.9	3916.42	2475.05	7552.39	841123	0	4	1	0	0xd43f5e018b415631
stage54_epoch_spin	3	64	167259	2316.17	19703.4	82790	15135	22380	10968.2	3892.43	2419	7567.18	839163	0	2	1	0	0xd43f5e018b415631
stage54_epoch_spin	3	65	166937	2335.34	19667.5	82779.4	15317	21709	11064.5	3994.47	2436.38	7547.26	838780	0	2	1	0	0xd43f5e018b415631
stage54_epoch_spin	3	66	166283	2218.21	19574.5	82721	15150.6	21421.6	11221.7	3982.88	2391.08	7512.64	822151	0	2	1	0	0xd43f5e018b415631
stage54_epoch_spin	3	67	166966	2244.92	19713.9	82682.5	15218.3	21967.9	11010.4	4063.42	2424.8	7553.22	838832	0	2	1	0	0xd43f5e018b415631
stage54_epoch_spin	3	68	167783	2330.05	19581.7	83107.5	15117.8	22373.4	11272.6	4072.17	2382.58	7455.35	839421	0	10	1	0	0xd43f5e018b415631
stage54_epoch_spin	3	69	167340	2372.21	19591.4	82908.6	15154.7	22197.3	11059.5	4013.59	2396.67	7556.89	839228	0	2	1	0	0xd43f5e018b415631
stage54_epoch_spin	3	70	167815	2230.67	19739.7	83281.2	15076.9	22326.6	11064.2	4055.17	2389.5	7564.51	839573	0	4	1	0	0xd43f5e018b415631
stage54_epoch_spin	3	71	167674	2243.5	19730.7	83201.3	15098	22293.1	10918	3904.84	2450.5	7748.55	839515	0	2	1	0	0xd43f5e018b415631
stage54_epoch_spin	3	72	165736	2323.96	19620.4	82669.8	15187.1	21170.5	10839.3	3910.96	2396.17	7531.51	837747	0	0	1	0	0xd43f5e018b415631
stage54_epoch_spin	3	73	166575	2203.05	19597.7	82750.6	15137.2	21907.4	11046.8	3854.17	2481	7512.26	822528	0	1	1	0	0xd43f5e018b415631
stage54_epoch_spin	3	74	167415	2283.84	19589.4	82844.7	15073	22204.9	11434.2	3910.18	2390.46	7597.51	839371	0	1	1	0	0xd43f5e018b415631
stage54_epoch_spin	3	75	169271	2433.5	19684.9	85643.4	15126.4	21256.6	11308.9	3800.84	2403.76	7526.85	857146	0	7	1	0	0xd43f5e018b415631
stage54_epoch_spin	3	76	166715	2188.3	19735.1	83076.8	15272.6	21811.9	10912.5	3765.96	2495.96	7370.47	822521	0	2	1	0	0xd43f5e018b415631
stage54_epoch_spin	3	77	167332	2385.3	19554.1	83021.3	15112.6	22237.2	11113.7	3887.67	2393.3	7540.56	839131	0	3	1	0	0xd43f5e018b415631
stage54_epoch_spin	3	78	167159	2333.71	19609.4	82885.6	15192.8	22346	10859.8	3840.55	2434.05	7572.72	839079	0	1	1	0	0xd43f5e018b415631
stage54_epoch_spin	3	79	167864	2262	20357.8	82784.7	15159.6	22332.8	11080.4	3729.34	2438.21	7597.51	839697	0	3	1	0	0xd43f5e018b415631
stage54_epoch_spin	3	80	166123	2311.46	19606.5	82879.1	15153.4	21193.1	10936.7	4017.63	2407.17	7529.93	838003	0	2	1	0	0xd43f5e018b415631
stage54_epoch_spin	3	81	166694	2293.84	19686.4	83122.9	15185	21679.6	11013.5	4045.71	2392.04	7186.3	822538	0	7	1	0	0xd43f5e018b415631
stage54_epoch_spin	3	82	167458	2317.46	19698.6	83029.8	15101.9	22187.2	11121	3973.67	2396.38	7543.64	839198	0	4	1	0	0xd43f5e018b415631
stage54_epoch_spin	3	83	167431	2276.67	19652.8	83013.6	15092.4	22280.4	10927.8	4147.01	2409.54	7544.43	839347	0	1	1	0	0xd43f5e018b415631
stage54_epoch_spin	3	84	166514	2234.84	19755	82857.1	15229.7	21757.9	10959.9	3719.59	2388.63	7522.97	838444	0	1	1	0	0xd43f5e018b415631
stage54_epoch_spin	3	85	166333	2191.63	19662.2	83011.4	15144.8	21549.4	10866.4	3796.92	2425.55	7599.14	822305	0	1	1	0	0xd43f5e018b415631
stage54_epoch_spin	3	86	167058	2243.88	19599.9	82717.7	15201.6	22164.7	11105.3	3978.34	2422.67	7537.76	838931	0	2	1	0	0xd43f5e018b415631
stage54_epoch_spin	3	87	169118	2341.21	19529	85656.3	15172.6	21342.5	11180.6	3857.55	2402.96	7551.31	856825	0	8	1	0	0xd43f5e018b415631
stage54_epoch_spin	3	88	166658	2249.55	19661.4	82834.3	15217.4	21796.3	11111.6	3835.51	2495.13	7369.93	822494	0	3	1	0	0xd43f5e018b415631
stage54_epoch_spin	3	89	167399	2273.63	19696.7	82882.7	15120.7	22225.2	11106.2	4056.63	2402.55	7544.72	839228	0	2	1	0	0xd43f5e018b415631
stage54_epoch_spin	3	90	167564	2348.67	19848.7	82975.4	15160.2	22254.6	11008.7	3856.79	2394.88	7632.6	839421	0	2	1	0	0xd43f5e018b415631
stage54_epoch_spin	3	91	167863	2360.13	19820.1	82996.1	15102.4	22230	11177.6	4122.39	2399.88	7567.14	839756	0	2	1	0	0xd43f5e018b415631
stage54_epoch_spin	3	92	166668	2243.38	19613	82927.3	15202.1	21732.7	11090.6	3766.55	2440.96	7564.51	838530	0	2	1	0	0xd43f5e018b415631
stage54_epoch_spin	3	93	166296	2191	19637.2	83095.8	15210.7	21491	10893.1	3743.46	2434.21	7511.18	821975	0	10	1	0	0xd43f5e018b415631
stage54_epoch_spin	3	94	167605	2401.21	19692.9	83166.5	15244.3	21665.1	11424.6	3913.51	2487.42	7525.43	823368	0	4	1	0	0xd43f5e018b415631
stage54_epoch_spin	3	95	167060	2342.92	19552.7	82745.5	15176.6	22028.2	11087.6	4057.59	2477.67	7502.1	838968	0	1	1	0	0xd43f5e018b415631
stage54_epoch_spin	3	96	167705	2647.67	19624.3	82998.7	15204.5	22073.4	11102.2	3996.84	2383.84	7586.1	839655	0	1	1	0	0xd43f5e018b415631
stage54_epoch_spin	3	97	167175	2242.63	19825.7	82787.3	15109.7	22349.5	10854.7	3912.42	2403.67	7604.72	839127	0	1	1	0	0xd43f5e018b415631
stage54_epoch_spin	3	98	166830	2241.5	19760.5	83047.6	15235.9	21789.3	10899.2	3784.8	2418.71	7565.31	838676	0	3	1	0	0xd43f5e018b415631
stage54_epoch_spin	3	99	169559	2221.5	19645.8	85537.1	15262.2	22087.7	10770.6	3920.55	2575.59	7450.56	841358	0	8	1	0	0xd43f5e018b415631
stage54_epoch_spin	4	0	167809	2431.96	19774.3	83403.4	15202.6	22129.4	11048.5	3812.8	2389.92	7526.72	839447	0	5	1	0	0xd43f5e018b415631
stage54_epoch_spin	4	1	167699	2395.42	19834.5	83072.3	15166.5	22154.8	11163.7	3861.22	2428.79	7537.56	839302	0	3	1	0	0xd43f5e018b415631
stage54_epoch_spin	4	2	167656	2260.5	19922.3	83098.3	15221.5	22153.9	11046.2	3884.71	2423.92	7557.6	839486	0	2	1	0	0xd43f5e018b415631
stage54_epoch_spin	4	3	167253	2244.63	19734	82880.1	15098.9	22264	11139.1	3892.34	2366.92	7545.39	839139	0	2	1	0	0xd43f5e018b415631
stage54_epoch_spin	4	4	167145	2323.05	19613.3	83093.8	15271.7	21689.1	11113.2	3879.26	2441.34	7632.26	838997	0	3	1	0	0xd43f5e018b415631
stage54_epoch_spin	4	5	166554	2229.42	19606.2	83074.5	15126.2	21314.4	11197.9	3906.8	2402.13	7611.56	838334	0	7	1	0	0xd43f5e018b415631
stage54_epoch_spin	4	6	166647	2223.8	19682.1	83077.1	15310.2	21709.5	10845.6	4028.3	2425.67	7259.22	822405	0	4	1	0	0xd43f5e018b415631
stage54_epoch_spin	4	7	167076	2238.55	19811.4	82652.2	15142.7	22429.1	10909.1	3815.13	2410.88	7579.26	838945	0	2	1	0	0xd43f5e018b415631
stage54_epoch_spin	4	8	165749	2250.92	19753.5	82500.7	15169.5	21140.2	11067.9	3796.42	2445.13	7536.47	837757	0	0	1	0	0xd43f5e018b415631
stage54_epoch_spin	4	9	166618	2213.25	19777.6	82871.9	15220.1	21802.3	10919.3	3907.51	2524.71	7294.93	822550	0	1	1	0	0xd43f5e018b415631
stage54_epoch_spin	4	10	167148	2301.92	19843.2	82933	15107.7	22215.8	10866.1	3841.59	2395.8	7553.81	839044	0	2	1	0	0xd43f5e018b415631
stage54_epoch_spin	4	11	169172	2266.55	19807.8	85161.9	15267.4	21503.7	10987.4	4190.55	2397.01	7504.43	840967	0	8	1	0	0xd43f5e018b415631
stage54_epoch_spin	4	12	166764	2197.5	19652.3	82870.2	15131.3	22099	10900.9	3838.22	2456.76	7532.93	838705	0	1	1	0	0xd43f5e018b415631
stage54_epoch_spin	4	13	167603	2287.92	19718.5	83041.4	15228.4	22288.5	11084.8	3914.76	2400.63	7552.14	839462	0	2	1	0	0xd43f5e018b415631
stage54_epoch_spin	4	14	167494	2239.46	19649	83137.9	15089.9	22374.4	10973.3	3989.88	2397.88	7557.1	839401	0	1	1	0	0xd43f5e018b415631
stage54_epoch_spin	4	15	166783	2233.34	19766.9	83013.4	15223.4	21697.7	11026.4	3730.51	2449.63	7551.76	838652	0	2	1	0	0xd43f5e018b415631
stage54_epoch_spin	4	16	166284	2223.8	19647.6	82867	15181.9	21548.4	10952.3	3872.97	2395.34	7505.18	822101	0	3	1	0	0xd43f5e018b415631
stage54_epoch_spin	4	17	166986	2243.75	19588.2	82935.1	15207.2	22166.3	10903.4	3891.34	2471.17	7493.06	838758	0	8	1	0	0xd43f5e018b415631
stage54_epoch_spin	4	18	167785	2318.96	19863.7	83172.1	15180.4	22099.4	11083.2	4070.55	2436.25	7471.26	839547	0	4	1	0	0xd43f5e018b415631
stage54_epoch_spin	4	19	167460	2238.05	19818.4	82844.2	15227.1	22234.4	11010	4048.92	2405.34	7548.47	839264	0	3	1	0	0xd43f5e018b415631
stage54_epoch_spin	4	20	167736	2252.38	19689.5	83180.7	15226.7	22205.1	11102.4	4041.21	2398.71	7551.01	839755	0	0	1	0	0xd43f5e018b415631
stage54_epoch_spin	4	21	167423	2230.96	19747.2	82874.7	15105.5	22364.1	11060.9	3923.09	2461.63	7567.6	839375	0	1	1	0	0xd43f5e018b415631
stage54_epoch_spin	4	22	166782	2240.25	19675.7	82921.5	15222.8	21972.6	10957.3	3718.59	2453.5	7530.89	838686	0	2	1	0	0xd43f5e018b415631
stage54_epoch_spin	4	23	169696	2222.13	19532.6	85805.5	15190.7	22063.8	10995.7	3864.42	2473.5	7462.27	841551	0	6	1	0	0xd43f5e018b415631
stage54_epoch_spin	4	24	167435	2284.13	19874.5	83043.9	15208.2	22216	11007.2	3782.67	2402.5	7530.6	839217	0	4	1	0	0xd43f5e018b415631
stage54_epoch_spin	4	25	167611	2351.8	20027.8	83016.2	15162.4	22355.4	10923.9	3727.88	2388.25	7571.68	839443	0	2	1	0	0xd43f5e018b415631
stage54_epoch_spin	4	26	167832	2430.13	19804.6	83113.8	15100.9	22333	11066.5	3865.8	2395.34	7634.39	839729	0	1	1	0	0xd43f5e018b415631
stage54_epoch_spin	4	27	165653	2264.71	19657.8	82789.5	15172.2	21139.5	10882.9	3725.05	2401.38	7533.89	837480	0	3	1	0	0xd43f5e018b415631
stage54_epoch_spin	4	28	167098	2198.09	19842.5	82989.2	15296	21765.6	10945.6	3979.13	2444.42	7552.97	822973	0	2	1	0	0xd43f5e018b415631
stage54_epoch_spin	4	29	167081	2275.92	19754.4	82643.5	15185.4	22082	11102.3	3893.09	2437.42	7618.81	838990	0	2	1	0	0xd43f5e018b415631
stage54_epoch_spin	4	30	167657	2250.42	19622.4	83348.5	15157	22123.7	11329.6	3809.3	2393.21	7535.52	839272	0	10	1	0	0xd43f5e018b415631
stage54_epoch_spin	4	31	167429	2243.34	19900.8	82789.8	15165.7	22310.9	10796.7	3934.05	2436.46	7762.81	839277	0	2	1	0	0xd43f5e018b415631
stage54_epoch_spin	4	32	166841	2332.71	19657.3	82660.5	15294.5	21693.5	11199.1	3936.13	2440.5	7541.18	838733	0	1	1	0	0xd43f5e018b415631
stage54_epoch_spin	4	33	166441	2266.13	19684	83089.9	15139.7	21395.5	10924.2	3949.34	2395.29	7510.81	822417	0	1	1	0	0xd43f5e018b415631
stage54_epoch_spin	4	34	166797	2233	19693.9	82654	15218.6	21869.2	11044.8	4068.01	2487.83	7441.76	822699	0	2	1	0	0xd43f5e018b415631
stage54_epoch_spin	4	35	169114	2278.42	19983.2	85402.3	15166.6	21113.5	11419	3691.3	2462.13	7513.06	856839	0	3	1	0	0xd43f5e018b415631
stage54_epoch_spin	4	36	166991	2345	19828.7	82990.9	15217.7	21670.1	10918.3	3855.3	2539.05	7540.47	822740	0	9	1	0	0xd43f5e018b415631
stage54_epoch_spin	4	37	167301	2473.38	19828.7	82634.9	15345.3	21884.8	11258.4	3855.38	2486.71	7442.6	839152	0	2	1	0	0xd43f5e018b415631
stage54_epoch_spin	4	38	167809	2262.3	19621.1	82874	15195.7	21945.2	11192.7	4083.09	3058.05	7490.1	839284	0	2	1	0	0xd43f5e018b415631
stage54_epoch_spin	4	39	167746	2235.13	19764.4	83071	15187.1	22138.8	11325.1	3823.84	2385.88	7731.68	839488	0	5	1	0	0xd43f5e018b415631
stage54_epoch_spin	4	40	167693	2326.09	19859.3	83223.3	15225.6	22191.5	10943.6	3857.47	2390.17	7589.81	839510	0	3	1	0	0xd43f5e018b415631
stage54_epoch_spin	4	41	167726	2240.38	19658.6	83113.5	15077.4	22328	11318.4	3953.38	2379.13	7575.27	839624	0	2	1	0	0xd43f5e018b415631
stage54_epoch_spin	4	42	168031	2356.3	20455.5	83283	15233.1	21904.7	11038.1	3904.51	2429.71	7338.1	839632	0	10	1	0	0xd43f5e018b415631
stage54_epoch_spin	4	43	167465	2251.8	20056	82859.2	15139.3	22125.9	11082.1	3928.63	2385.21	7550.06	839302	0	2	1	0	0xd43f5e018b415631
stage54_epoch_spin	4	44	167612	2365.3	19780.2	82806	15152.4	22328.8	11120.4	3998.09	2405.05	7567.52	839566	0	1	1	0	0xd43f5e018b415631
stage54_epoch_spin	4	45	166506	2258.25	19675.2	82874.6	15322.1	21664.9	10968.1	3685.67	2400.8	7569.47	838457	0	1	1	0	0xd43f5e018b415631
stage54_epoch_spin	4	46	166608	2234.05	19864.2	82923.2	15179.4	21477.9	10868.7	3989.38	2405.71	7578.22	822312	0	2	1	0	0xd43f5e018b415631
stage54_epoch_spin	4	47	169870	2215.84	19705.2	84996.8	15068.1	22323.7	11460.6	3982.34	2503.21	7526.77	841750	0	2	1	0	0xd43f5e018b415631
stage54_epoch_spin	4	48	168516	2439.92	19896	84098.2	15046.4	22170.5	11057.8	3766.47	2403.5	7548.68	839731	0	9	1	0	0xd43f5e018b415631
stage54_epoch_spin	4	49	167661	2256.55	19911.5	83185.8	15162.6	22148	11084.8	3869.88	2395.67	7559.39	839454	0	3	1	0	0xd43f5e018b415631
stage54_epoch_spin	4	50	167470	2235.05	19793.8	83078.4	15092.7	22440.9	10886	3891.46	2400	7562.22	839190	0	4	1	0	0xd43f5e018b415631
stage54_epoch_spin	4	51	167213	2406.59	19752.3	83115.7	15133.9	21651.5	11050.3	3919.26	2435.46	7660.02	839044	0	3	1	0	0xd43f5e018b415631
stage54_epoch_spin	4	52	166289	2182.13	19744	82783.7	15174	21432	11050.6	3919.76	2395.55	7521.52	838102	0	3	1	0	0xd43f5e018b415631
stage54_epoch_spin	4	53	166705	2182.67	19621.5	82695.3	15275.2	21928	11121.1	3865.51	2481.13	7450.52	822724	0	0	1	0	0xd43f5e018b415631
stage54_epoch_spin	4	54	167543	2320.26	19793.5	83190.5	15180.5	22313.7	10978.7	3756.43	2389.88	7536.52	839120	0	11	1	0	0xd43f5e018b415631
stage54_epoch_spin	4	55	167124	2265.26	19845.1	82692.5	15061.9	22349.9	10945.9	3927.17	2409.13	7539.31	838970	0	2	1	0	0xd43f5e018b415631
stage54_epoch_spin	4	56	166855	2262.59	19554.5	82947.1	15164.5	21758.6	11216.9	3927.8	2380.25	7554.64	838812	0	1	1	0	0xd43f5e018b415631
stage54_epoch_spin	4	57	167089	2199.3	19653.8	83655	15186.5	21502.2	10990.1	3866.76	2390.88	7555.31	838424	0	5	1	0	0xd43f5e018b415631
stage54_epoch_spin	4	58	166362	2259.55	19555.8	82914.6	15189.7	21769.9	10987.8	3833.26	2387.55	7359.22	822249	0	2	1	0	0xd43f5e018b415631
stage54_epoch_spin	4	59	170272	2251.34	22102.8	83842.1	15225.7	21746	10936.8	4082.34	2428.13	7572.02	858150	0	2	1	0	0xd43f5e018b415631
stage54_epoch_spin	4	60	166757	2194.13	19709.9	83110.4	15231.8	21275.5	11190.2	3960.72	2399.63	7593.6	838508	0	8	1	0	0xd43f5e018b415631
stage54_epoch_spin	4	61	166544	2294.01	19630.8	83249.4	15220.5	21655.4	11064.6	3750.46	2401.96	7190.22	822379	0	2	1	0	0xd43f5e018b415631
stage54_epoch_spin	4	62	167053	2257.84	19657.8	82702.9	15123.8	22266.3	11195.5	3817.09	2394.25	7551.52	838947	0	1	1	0	0xd43f5e018b415631
stage54_epoch_spin	4	63	166492	2255.05	19771.4	82815.7	15233.9	21693.4	10921.3	3760.22	2394.59	7556.97	838335	0	3	1	0	0xd43f5e018b415631
stage54_epoch_spin	4	64	166937	2242.42	19677.7	83350	15205	21469.8	11152.6	3810.92	2404	7536.1	838723	0	3	1	0	0xd43f5e018b415631
stage54_epoch_spin	4	65	166587	2226.67	19647.2	82676.8	15188.7	21965.5	10967.1	3897.05	2441.13	7492.64	822533	0	1	1	0	0xd43f5e018b415631
stage54_epoch_spin	4	66	167919	2340.96	20259.5	82929.6	15573.7	21890.5	11129.6	3920.84	2434.13	7354.85	839486	0	10	1	0	0xd43f5e018b415631
stage54_epoch_spin	4	67	167271	2260.67	19665.2	83134.4	15182.7	22220.5	10874.9	3906.39	2390.67	7549.02	839097	0	2	1	0	0xd43f5e018b415631
stage54_epoch_spin	4	68	167350	2234.51	19719.1	83031	15126.5	22361.5	11022.2	3781.84	2438.67	7552.77	839368	0	0	1	0	0xd43f5e018b415631
stage54_epoch_spin	4	69	165941	2325.92	19645.7	82863.5	15222.4	21160.2	10983.1	3730.88	2395.59	7524.64	837873	0	1	1	0	0xd43f5e018b415631
stage54_epoch_spin	4	70	166505	2193.96	19620.2	83041	15282.6	21840	10755.9	3912.42	2391.3	7379.14	822345	0	3	1	0	0xd43f5e018b415631
stage54_epoch_spin	4	71	170015	2264.67	22443.8	82824.6	15347.5	21847.1	11332.8	3926.42	2400.71	7541.14	857918	0	2	1	0	0xd43f5e018b415631
stage54_epoch_spin	4	72	166738	2248.51	19627.8	83041.6	15196.4	21571.2	11092.7	3905.22	2398.09	7566.18	838554	0	7	1	0	0xd43f5e018b415631
stage54_epoch_spin	4	73	166674	2202.92	19730.9	83073	15231.5	21784.8	10796.7	3828.13	2558.67	7379.64	822425	0	4	1	0	0xd43f5e018b415631
stage54_epoch_spin	4	74	167154	2251.76	19556	82934.5	15110.1	22286.7	11019	3943.88	2415.55	7552.39	838999	0	2	1	0	0xd43f5e018b415631
stage54_epoch_spin	4	75	166604	2247.13	19731	82774.4	15191.6	21723.8	11084.2	3846.8	2393.84	7524.68	838434	0	3	1	0	0xd43f5e018b415631
stage54_epoch_spin	4	76	166622	2194.09	19892.7	82723.5	15298.7	21538	11096.6	3844.22	2417.71	7531.14	822373	0	3	1	0	0xd43f5e018b415631
stage54_epoch_spin	4	77	166930	2233.51	19864	82947.4	15242.2	21809	11004	3784.72	2480.5	7475.06	822827	0	1	1	0	0xd43f5e018b415631
stage54_epoch_spin	4	78	167225	2269.96	19569.1	83123.3	15120.8	22280.3	10968.9	3854.55	2400.54	7556.27	838869	0	10	1	0	0xd43f5e018b415631
stage54_epoch_spin	4	79	167451	2270.88	19639	83175.4	15143.3	22297.2	11031.6	3753.09	2473.88	7577.43	839301	0	2	1	0	0xd43f5e018b415631
stage54_epoch_spin	4	80	166744	2278.84	19728.3	82693.2	15197.2	21787.4	11140.4	3872.55	2405.42	7550.47	838698	0	1	1	0	0xd43f5e018b415631
stage54_epoch_spin	4	81	166341	2231.8	19626.9	82911.6	15171.5	21557.6	10828.8	3922.47	2404.09	7597.81	822303	0	1	1	0	0xd43f5e018b415631
stage54_epoch_spin	4	82	167034	2275.51	19730.7	82815.9	15184.8	21921.1	10986.2	4023.59	2475.84	7537.02	838931	0	2	1	0	0xd43f5e018b415631
stage54_epoch_spin	4	83	168716	2366.67	21955.4	83007.8	15145.1	21438.5	11157.6	3654.13	2396.17	7505.81	840594	0	2	1	0	0xd43f5e018b415631
stage54_epoch_spin	4	84	166936	2203.3	19726.3	82759.2	15193.4	21862.4	11127.9	3918.55	2540.76	7519.56	838820	0	2	1	0	0xd43f5e018b415631
stage54_epoch_spin	4	85	167546	2258.17	19673.4	83047.9	15112.8	22308	11256.4	3863.05	2391.34	7547.18	839210	0	9	1	0	0xd43f5e018b415631
stage54_epoch_spin	4	86	167444	2318.67	19773.8	82931.9	15078.4	22301	11172.4	3851.76	2379.51	7549.23	839352	0	1	1	0	0xd43f5e018b415631
stage54_epoch_spin	4	87	167621	2419.92	19640.8	83193	15172.5	22255.3	10977.9	3824.51	2454.3	7557.18	839431	0	3	1	0	0xd43f5e018b415631
stage54_epoch_spin	4	88	167150	2271.92	19786.7	82927.8	15289.4	21760.7	11044.5	3937.55	2461.84	7582.18	838905	0	4	1	0	0xd43f5e018b415631
stage54_epoch_spin	4	89	166346	2218.76	19706.8	82959.1	15227	21309.9	11104.4	3827.97	2396.25	7511.18	822238	0	2	1	0	0xd43f5e018b415631
stage54_epoch_spin	4	90	167542	2220.51	19773.5	83396.1	15528.2	21631.2	11272.4	3708.76	2417.25	7507.27	823023	0	7	1	0	0xd43f5e018b415631
stage54_epoch_spin	4	91	167111	2236.21	19628	83318.2	15269.7	21891	10874.6	3916.97	2525.88	7363.1	838790	0	8	1	0	0xd43f5e018b415631
stage54_epoch_spin	4	92	167119	2259.13	19756.6	82873.2	15142.9	22242.7	10867.5	3917.34	2408.96	7567.64	839095	0	1	1	0	0xd43f5e018b415631
stage54_epoch_spin	4	93	166723	2257.96	19813.1	82960.3	15260.1	21667.5	10935.7	3771.55	2410.96	7559.18	838727	0	0	1	0	0xd43f5e018b415631
stage54_epoch_spin	4	94	166548	2264.34	19742.7	83053.3	15177.2	21381.6	11083.5	3850.17	2401.42	7505.81	822449	0	2	1	0	0xd43f5e018b415631
stage54_epoch_spin	4	95	168857	2181.38	19636.9	82983	15925.2	23058.7	10982.7	3742.22	2674.97	7583.06	840754	0	2	1	0	0xd43f5e018b415631
stage54_epoch_spin	4	96	166281	2189.34	19575.1	83080.3	15170.3	21505.8	10889.7	3862.88	2411.42	7509.81	822229	0	1	1	0	0xd43f5e018b415631
stage54_epoch_spin	4	97	167111	2320.92	19822.8	83046.6	15182.4	21964	10825.9	3965.97	2439	7456.23	840923	0	10	1	0	0xd43f5e018b415631
stage54_epoch_spin	4	98	167097	2243.17	19653.9	82884	15124.5	22370.8	10911.4	3855.59	2392.42	7573.56	836796	0	1	1	0	0xd43f5e018b415631
stage54_epoch_spin	4	99	166982	2312.05	19727.4	83004.7	15275.5	21741.5	10828.4	4026.93	2431.97	7545.73	838811	0	3	1	0	0xd43f5e018b415631
