phase	block	slot	model	provider	moment	kind	source	value
abba	0	0	B2	spacemit	before	governor	/sys/devices/system/cpu/cpu0/cpufreq/scaling_governor	performance
abba	0	0	B2	spacemit	before	governor	/sys/devices/system/cpu/cpu1/cpufreq/scaling_governor	performance
abba	0	0	B2	spacemit	before	governor	/sys/devices/system/cpu/cpu2/cpufreq/scaling_governor	performance
abba	0	0	B2	spacemit	before	governor	/sys/devices/system/cpu/cpu3/cpufreq/scaling_governor	performance
abba	0	0	B2	spacemit	before	governor	/sys/devices/system/cpu/cpu4/cpufreq/scaling_governor	performance
abba	0	0	B2	spacemit	before	governor	/sys/devices/system/cpu/cpu5/cpufreq/scaling_governor	performance
abba	0	0	B2	spacemit	before	governor	/sys/devices/system/cpu/cpu6/cpufreq/scaling_governor	performance
abba	0	0	B2	spacemit	before	governor	/sys/devices/system/cpu/cpu7/cpufreq/scaling_governor	performance
abba	0	0	B2	spacemit	before	frequency_khz	/sys/devices/system/cpu/cpu0/cpufreq/scaling_cur_freq	1600000
abba	0	0	B2	spacemit	before	frequency_khz	/sys/devices/system/cpu/cpu1/cpufreq/scaling_cur_freq	1600000
abba	0	0	B2	spacemit	before	frequency_khz	/sys/devices/system/cpu/cpu2/cpufreq/scaling_cur_freq	1600000
abba	0	0	B2	spacemit	before	frequency_khz	/sys/devices/system/cpu/cpu3/cpufreq/scaling_cur_freq	1600000
abba	0	0	B2	spacemit	before	frequency_khz	/sys/devices/system/cpu/cpu4/cpufreq/scaling_cur_freq	1600000
abba	0	0	B2	spacemit	before	frequency_khz	/sys/devices/system/cpu/cpu5/cpufreq/scaling_cur_freq	1600000
abba	0	0	B2	spacemit	before	frequency_khz	/sys/devices/system/cpu/cpu6/cpufreq/scaling_cur_freq	1600000
abba	0	0	B2	spacemit	before	frequency_khz	/sys/devices/system/cpu/cpu7/cpufreq/scaling_cur_freq	1600000
abba	0	0	B2	spacemit	before	temperature_millic	/sys/class/thermal/thermal_zone0/temp	61000
abba	0	0	B2	spacemit	before	temperature_millic	/sys/class/thermal/thermal_zone1/temp	59000
abba	0	0	B2	spacemit	before	temperature_millic	/sys/class/thermal/thermal_zone2/temp	60000
abba	0	0	B2	spacemit	before	temperature_millic	/sys/class/thermal/thermal_zone3/temp	61000
abba	0	0	B2	spacemit	after	governor	/sys/devices/system/cpu/cpu0/cpufreq/scaling_governor	performance
abba	0	0	B2	spacemit	after	governor	/sys/devices/system/cpu/cpu1/cpufreq/scaling_governor	performance
abba	0	0	B2	spacemit	after	governor	/sys/devices/system/cpu/cpu2/cpufreq/scaling_governor	performance
abba	0	0	B2	spacemit	after	governor	/sys/devices/system/cpu/cpu3/cpufreq/scaling_governor	performance
abba	0	0	B2	spacemit	after	governor	/sys/devices/system/cpu/cpu4/cpufreq/scaling_governor	performance
abba	0	0	B2	spacemit	after	governor	/sys/devices/system/cpu/cpu5/cpufreq/scaling_governor	performance
abba	0	0	B2	spacemit	after	governor	/sys/devices/system/cpu/cpu6/cpufreq/scaling_governor	performance
abba	0	0	B2	spacemit	after	governor	/sys/devices/system/cpu/cpu7/cpufreq/scaling_governor	performance
abba	0	0	B2	spacemit	after	frequency_khz	/sys/devices/system/cpu/cpu0/cpufreq/scaling_cur_freq	1600000
abba	0	0	B2	spacemit	after	frequency_khz	/sys/devices/system/cpu/cpu1/cpufreq/scaling_cur_freq	1600000
abba	0	0	B2	spacemit	after	frequency_khz	/sys/devices/system/cpu/cpu2/cpufreq/scaling_cur_freq	1600000
abba	0	0	B2	spacemit	after	frequency_khz	/sys/devices/system/cpu/cpu3/cpufreq/scaling_cur_freq	1600000
abba	0	0	B2	spacemit	after	frequency_khz	/sys/devices/system/cpu/cpu4/cpufreq/scaling_cur_freq	1600000
abba	0	0	B2	spacemit	after	frequency_khz	/sys/devices/system/cpu/cpu5/cpufreq/scaling_cur_freq	1600000
abba	0	0	B2	spacemit	after	frequency_khz	/sys/devices/system/cpu/cpu6/cpufreq/scaling_cur_freq	1600000
abba	0	0	B2	spacemit	after	frequency_khz	/sys/devices/system/cpu/cpu7/cpufreq/scaling_cur_freq	1600000
abba	0	0	B2	spacemit	after	temperature_millic	/sys/class/thermal/thermal_zone0/temp	61000
abba	0	0	B2	spacemit	after	temperature_millic	/sys/class/thermal/thermal_zone1/temp	59000
abba	0	0	B2	spacemit	after	temperature_millic	/sys/class/thermal/thermal_zone2/temp	61000
abba	0	0	B2	spacemit	after	temperature_millic	/sys/class/thermal/thermal_zone3/temp	61000
abba	0	1	C2	spacemit	before	governor	/sys/devices/system/cpu/cpu0/cpufreq/scaling_governor	performance
abba	0	1	C2	spacemit	before	governor	/sys/devices/system/cpu/cpu1/cpufreq/scaling_governor	performance
abba	0	1	C2	spacemit	before	governor	/sys/devices/system/cpu/cpu2/cpufreq/scaling_governor	performance
abba	0	1	C2	spacemit	before	governor	/sys/devices/system/cpu/cpu3/cpufreq/scaling_governor	performance
abba	0	1	C2	spacemit	before	governor	/sys/devices/system/cpu/cpu4/cpufreq/scaling_governor	performance
abba	0	1	C2	spacemit	before	governor	/sys/devices/system/cpu/cpu5/cpufreq/scaling_governor	performance
abba	0	1	C2	spacemit	before	governor	/sys/devices/system/cpu/cpu6/cpufreq/scaling_governor	performance
abba	0	1	C2	spacemit	before	governor	/sys/devices/system/cpu/cpu7/cpufreq/scaling_governor	performance
abba	0	1	C2	spacemit	before	frequency_khz	/sys/devices/system/cpu/cpu0/cpufreq/scaling_cur_freq	1600000
abba	0	1	C2	spacemit	before	frequency_khz	/sys/devices/system/cpu/cpu1/cpufreq/scaling_cur_freq	1600000
abba	0	1	C2	spacemit	before	frequency_khz	/sys/devices/system/cpu/cpu2/cpufreq/scaling_cur_freq	1600000
abba	0	1	C2	spacemit	before	frequency_khz	/sys/devices/system/cpu/cpu3/cpufreq/scaling_cur_freq	1600000
abba	0	1	C2	spacemit	before	frequency_khz	/sys/devices/system/cpu/cpu4/cpufreq/scaling_cur_freq	1600000
abba	0	1	C2	spacemit	before	frequency_khz	/sys/devices/system/cpu/cpu5/cpufreq/scaling_cur_freq	1600000
abba	0	1	C2	spacemit	before	frequency_khz	/sys/devices/system/cpu/cpu6/cpufreq/scaling_cur_freq	1600000
abba	0	1	C2	spacemit	before	frequency_khz	/sys/devices/system/cpu/cpu7/cpufreq/scaling_cur_freq	1600000
abba	0	1	C2	spacemit	before	temperature_millic	/sys/class/thermal/thermal_zone0/temp	59000
abba	0	1	C2	spacemit	before	temperature_millic	/sys/class/thermal/thermal_zone1/temp	60000
abba	0	1	C2	spacemit	before	temperature_millic	/sys/class/thermal/thermal_zone2/temp	62000
abba	0	1	C2	spacemit	before	temperature_millic	/sys/class/thermal/thermal_zone3/temp	61000
abba	0	1	C2	spacemit	after	governor	/sys/devices/system/cpu/cpu0/cpufreq/scaling_governor	performance
abba	0	1	C2	spacemit	after	governor	/sys/devices/system/cpu/cpu1/cpufreq/scaling_governor	performance
abba	0	1	C2	spacemit	after	governor	/sys/devices/system/cpu/cpu2/cpufreq/scaling_governor	performance
abba	0	1	C2	spacemit	after	governor	/sys/devices/system/cpu/cpu3/cpufreq/scaling_governor	performance
abba	0	1	C2	spacemit	after	governor	/sys/devices/system/cpu/cpu4/cpufreq/scaling_governor	performance
abba	0	1	C2	spacemit	after	governor	/sys/devices/system/cpu/cpu5/cpufreq/scaling_governor	performance
abba	0	1	C2	spacemit	after	governor	/sys/devices/system/cpu/cpu6/cpufreq/scaling_governor	performance
abba	0	1	C2	spacemit	after	governor	/sys/devices/system/cpu/cpu7/cpufreq/scaling_governor	performance
abba	0	1	C2	spacemit	after	frequency_khz	/sys/devices/system/cpu/cpu0/cpufreq/scaling_cur_freq	1600000
abba	0	1	C2	spacemit	after	frequency_khz	/sys/devices/system/cpu/cpu1/cpufreq/scaling_cur_freq	1600000
abba	0	1	C2	spacemit	after	frequency_khz	/sys/devices/system/cpu/cpu2/cpufreq/scaling_cur_freq	1600000
abba	0	1	C2	spacemit	after	frequency_khz	/sys/devices/system/cpu/cpu3/cpufreq/scaling_cur_freq	1600000
abba	0	1	C2	spacemit	after	frequency_khz	/sys/devices/system/cpu/cpu4/cpufreq/scaling_cur_freq	1600000
abba	0	1	C2	spacemit	after	frequency_khz	/sys/devices/system/cpu/cpu5/cpufreq/scaling_cur_freq	1600000
abba	0	1	C2	spacemit	after	frequency_khz	/sys/devices/system/cpu/cpu6/cpufreq/scaling_cur_freq	1600000
abba	0	1	C2	spacemit	after	frequency_khz	/sys/devices/system/cpu/cpu7/cpufreq/scaling_cur_freq	1600000
abba	0	1	C2	spacemit	after	temperature_millic	/sys/class/thermal/thermal_zone0/temp	60000
abba	0	1	C2	spacemit	after	temperature_millic	/sys/class/thermal/thermal_zone1/temp	60000
abba	0	1	C2	spacemit	after	temperature_millic	/sys/class/thermal/thermal_zone2/temp	62000
abba	0	1	C2	spacemit	after	temperature_millic	/sys/class/thermal/thermal_zone3/temp	63000
abba	0	2	C2	spacemit	before	governor	/sys/devices/system/cpu/cpu0/cpufreq/scaling_governor	performance
abba	0	2	C2	spacemit	before	governor	/sys/devices/system/cpu/cpu1/cpufreq/scaling_governor	performance
abba	0	2	C2	spacemit	before	governor	/sys/devices/system/cpu/cpu2/cpufreq/scaling_governor	performance
abba	0	2	C2	spacemit	before	governor	/sys/devices/system/cpu/cpu3/cpufreq/scaling_governor	performance
abba	0	2	C2	spacemit	before	governor	/sys/devices/system/cpu/cpu4/cpufreq/scaling_governor	performance
abba	0	2	C2	spacemit	before	governor	/sys/devices/system/cpu/cpu5/cpufreq/scaling_governor	performance
abba	0	2	C2	spacemit	before	governor	/sys/devices/system/cpu/cpu6/cpufreq/scaling_governor	performance
abba	0	2	C2	spacemit	before	governor	/sys/devices/system/cpu/cpu7/cpufreq/scaling_governor	performance
abba	0	2	C2	spacemit	before	frequency_khz	/sys/devices/system/cpu/cpu0/cpufreq/scaling_cur_freq	1600000
abba	0	2	C2	spacemit	before	frequency_khz	/sys/devices/system/cpu/cpu1/cpufreq/scaling_cur_freq	1600000
abba	0	2	C2	spacemit	before	frequency_khz	/sys/devices/system/cpu/cpu2/cpufreq/scaling_cur_freq	1600000
abba	0	2	C2	spacemit	before	frequency_khz	/sys/devices/system/cpu/cpu3/cpufreq/scaling_cur_freq	1600000
abba	0	2	C2	spacemit	before	frequency_khz	/sys/devices/system/cpu/cpu4/cpufreq/scaling_cur_freq	1600000
abba	0	2	C2	spacemit	before	frequency_khz	/sys/devices/system/cpu/cpu5/cpufreq/scaling_cur_freq	1600000
abba	0	2	C2	spacemit	before	frequency_khz	/sys/devices/system/cpu/cpu6/cpufreq/scaling_cur_freq	1600000
abba	0	2	C2	spacemit	before	frequency_khz	/sys/devices/system/cpu/cpu7/cpufreq/scaling_cur_freq	1600000
abba	0	2	C2	spacemit	before	temperature_millic	/sys/class/thermal/thermal_zone0/temp	61000
abba	0	2	C2	spacemit	before	temperature_millic	/sys/class/thermal/thermal_zone1/temp	60000
abba	0	2	C2	spacemit	before	temperature_millic	/sys/class/thermal/thermal_zone2/temp	61000
abba	0	2	C2	spacemit	before	temperature_millic	/sys/class/thermal/thermal_zone3/temp	60000
abba	0	2	C2	spacemit	after	governor	/sys/devices/system/cpu/cpu0/cpufreq/scaling_governor	performance
abba	0	2	C2	spacemit	after	governor	/sys/devices/system/cpu/cpu1/cpufreq/scaling_governor	performance
abba	0	2	C2	spacemit	after	governor	/sys/devices/system/cpu/cpu2/cpufreq/scaling_governor	performance
abba	0	2	C2	spacemit	after	governor	/sys/devices/system/cpu/cpu3/cpufreq/scaling_governor	performance
abba	0	2	C2	spacemit	after	governor	/sys/devices/system/cpu/cpu4/cpufreq/scaling_governor	performance
abba	0	2	C2	spacemit	after	governor	/sys/devices/system/cpu/cpu5/cpufreq/scaling_governor	performance
abba	0	2	C2	spacemit	after	governor	/sys/devices/system/cpu/cpu6/cpufreq/scaling_governor	performance
abba	0	2	C2	spacemit	after	governor	/sys/devices/system/cpu/cpu7/cpufreq/scaling_governor	performance
abba	0	2	C2	spacemit	after	frequency_khz	/sys/devices/system/cpu/cpu0/cpufreq/scaling_cur_freq	1600000
abba	0	2	C2	spacemit	after	frequency_khz	/sys/devices/system/cpu/cpu1/cpufreq/scaling_cur_freq	1600000
abba	0	2	C2	spacemit	after	frequency_khz	/sys/devices/system/cpu/cpu2/cpufreq/scaling_cur_freq	1600000
abba	0	2	C2	spacemit	after	frequency_khz	/sys/devices/system/cpu/cpu3/cpufreq/scaling_cur_freq	1600000
abba	0	2	C2	spacemit	after	frequency_khz	/sys/devices/system/cpu/cpu4/cpufreq/scaling_cur_freq	1600000
abba	0	2	C2	spacemit	after	frequency_khz	/sys/devices/system/cpu/cpu5/cpufreq/scaling_cur_freq	1600000
abba	0	2	C2	spacemit	after	frequency_khz	/sys/devices/system/cpu/cpu6/cpufreq/scaling_cur_freq	1600000
abba	0	2	C2	spacemit	after	frequency_khz	/sys/devices/system/cpu/cpu7/cpufreq/scaling_cur_freq	1600000
abba	0	2	C2	spacemit	after	temperature_millic	/sys/class/thermal/thermal_zone0/temp	61000
abba	0	2	C2	spacemit	after	temperature_millic	/sys/class/thermal/thermal_zone1/temp	60000
abba	0	2	C2	spacemit	after	temperature_millic	/sys/class/thermal/thermal_zone2/temp	61000
abba	0	2	C2	spacemit	after	temperature_millic	/sys/class/thermal/thermal_zone3/temp	61000
abba	0	3	B2	spacemit	before	governor	/sys/devices/system/cpu/cpu0/cpufreq/scaling_governor	performance
abba	0	3	B2	spacemit	before	governor	/sys/devices/system/cpu/cpu1/cpufreq/scaling_governor	performance
abba	0	3	B2	spacemit	before	governor	/sys/devices/system/cpu/cpu2/cpufreq/scaling_governor	performance
abba	0	3	B2	spacemit	before	governor	/sys/devices/system/cpu/cpu3/cpufreq/scaling_governor	performance
abba	0	3	B2	spacemit	before	governor	/sys/devices/system/cpu/cpu4/cpufreq/scaling_governor	performance
abba	0	3	B2	spacemit	before	governor	/sys/devices/system/cpu/cpu5/cpufreq/scaling_governor	performance
abba	0	3	B2	spacemit	before	governor	/sys/devices/system/cpu/cpu6/cpufreq/scaling_governor	performance
abba	0	3	B2	spacemit	before	governor	/sys/devices/system/cpu/cpu7/cpufreq/scaling_governor	performance
abba	0	3	B2	spacemit	before	frequency_khz	/sys/devices/system/cpu/cpu0/cpufreq/scaling_cur_freq	1600000
abba	0	3	B2	spacemit	before	frequency_khz	/sys/devices/system/cpu/cpu1/cpufreq/scaling_cur_freq	1600000
abba	0	3	B2	spacemit	before	frequency_khz	/sys/devices/system/cpu/cpu2/cpufreq/scaling_cur_freq	1600000
abba	0	3	B2	spacemit	before	frequency_khz	/sys/devices/system/cpu/cpu3/cpufreq/scaling_cur_freq	1600000
abba	0	3	B2	spacemit	before	frequency_khz	/sys/devices/system/cpu/cpu4/cpufreq/scaling_cur_freq	1600000
abba	0	3	B2	spacemit	before	frequency_khz	/sys/devices/system/cpu/cpu5/cpufreq/scaling_cur_freq	1600000
abba	0	3	B2	spacemit	before	frequency_khz	/sys/devices/system/cpu/cpu6/cpufreq/scaling_cur_freq	1600000
abba	0	3	B2	spacemit	before	frequency_khz	/sys/devices/system/cpu/cpu7/cpufreq/scaling_cur_freq	1600000
abba	0	3	B2	spacemit	before	temperature_millic	/sys/class/thermal/thermal_zone0/temp	60000
abba	0	3	B2	spacemit	before	temperature_millic	/sys/class/thermal/thermal_zone1/temp	59000
abba	0	3	B2	spacemit	before	temperature_millic	/sys/class/thermal/thermal_zone2/temp	61000
abba	0	3	B2	spacemit	before	temperature_millic	/sys/class/thermal/thermal_zone3/temp	61000
abba	0	3	B2	spacemit	after	governor	/sys/devices/system/cpu/cpu0/cpufreq/scaling_governor	performance
abba	0	3	B2	spacemit	after	governor	/sys/devices/system/cpu/cpu1/cpufreq/scaling_governor	performance
abba	0	3	B2	spacemit	after	governor	/sys/devices/system/cpu/cpu2/cpufreq/scaling_governor	performance
abba	0	3	B2	spacemit	after	governor	/sys/devices/system/cpu/cpu3/cpufreq/scaling_governor	performance
abba	0	3	B2	spacemit	after	governor	/sys/devices/system/cpu/cpu4/cpufreq/scaling_governor	performance
abba	0	3	B2	spacemit	after	governor	/sys/devices/system/cpu/cpu5/cpufreq/scaling_governor	performance
abba	0	3	B2	spacemit	after	governor	/sys/devices/system/cpu/cpu6/cpufreq/scaling_governor	performance
abba	0	3	B2	spacemit	after	governor	/sys/devices/system/cpu/cpu7/cpufreq/scaling_governor	performance
abba	0	3	B2	spacemit	after	frequency_khz	/sys/devices/system/cpu/cpu0/cpufreq/scaling_cur_freq	1600000
abba	0	3	B2	spacemit	after	frequency_khz	/sys/devices/system/cpu/cpu1/cpufreq/scaling_cur_freq	1600000
abba	0	3	B2	spacemit	after	frequency_khz	/sys/devices/system/cpu/cpu2/cpufreq/scaling_cur_freq	1600000
abba	0	3	B2	spacemit	after	frequency_khz	/sys/devices/system/cpu/cpu3/cpufreq/scaling_cur_freq	1600000
abba	0	3	B2	spacemit	after	frequency_khz	/sys/devices/system/cpu/cpu4/cpufreq/scaling_cur_freq	1600000
abba	0	3	B2	spacemit	after	frequency_khz	/sys/devices/system/cpu/cpu5/cpufreq/scaling_cur_freq	1600000
abba	0	3	B2	spacemit	after	frequency_khz	/sys/devices/system/cpu/cpu6/cpufreq/scaling_cur_freq	1600000
abba	0	3	B2	spacemit	after	frequency_khz	/sys/devices/system/cpu/cpu7/cpufreq/scaling_cur_freq	1600000
abba	0	3	B2	spacemit	after	temperature_millic	/sys/class/thermal/thermal_zone0/temp	61000
abba	0	3	B2	spacemit	after	temperature_millic	/sys/class/thermal/thermal_zone1/temp	60000
abba	0	3	B2	spacemit	after	temperature_millic	/sys/class/thermal/thermal_zone2/temp	62000
abba	0	3	B2	spacemit	after	temperature_millic	/sys/class/thermal/thermal_zone3/temp	62000
abba	1	0	C2	spacemit	before	governor	/sys/devices/system/cpu/cpu0/cpufreq/scaling_governor	performance
abba	1	0	C2	spacemit	before	governor	/sys/devices/system/cpu/cpu1/cpufreq/scaling_governor	performance
abba	1	0	C2	spacemit	before	governor	/sys/devices/system/cpu/cpu2/cpufreq/scaling_governor	performance
abba	1	0	C2	spacemit	before	governor	/sys/devices/system/cpu/cpu3/cpufreq/scaling_governor	performance
abba	1	0	C2	spacemit	before	governor	/sys/devices/system/cpu/cpu4/cpufreq/scaling_governor	performance
abba	1	0	C2	spacemit	before	governor	/sys/devices/system/cpu/cpu5/cpufreq/scaling_governor	performance
abba	1	0	C2	spacemit	before	governor	/sys/devices/system/cpu/cpu6/cpufreq/scaling_governor	performance
abba	1	0	C2	spacemit	before	governor	/sys/devices/system/cpu/cpu7/cpufreq/scaling_governor	performance
abba	1	0	C2	spacemit	before	frequency_khz	/sys/devices/system/cpu/cpu0/cpufreq/scaling_cur_freq	1600000
abba	1	0	C2	spacemit	before	frequency_khz	/sys/devices/system/cpu/cpu1/cpufreq/scaling_cur_freq	1600000
abba	1	0	C2	spacemit	before	frequency_khz	/sys/devices/system/cpu/cpu2/cpufreq/scaling_cur_freq	1600000
abba	1	0	C2	spacemit	before	frequency_khz	/sys/devices/system/cpu/cpu3/cpufreq/scaling_cur_freq	1600000
abba	1	0	C2	spacemit	before	frequency_khz	/sys/devices/system/cpu/cpu4/cpufreq/scaling_cur_freq	1600000
abba	1	0	C2	spacemit	before	frequency_khz	/sys/devices/system/cpu/cpu5/cpufreq/scaling_cur_freq	1600000
abba	1	0	C2	spacemit	before	frequency_khz	/sys/devices/system/cpu/cpu6/cpufreq/scaling_cur_freq	1600000
abba	1	0	C2	spacemit	before	frequency_khz	/sys/devices/system/cpu/cpu7/cpufreq/scaling_cur_freq	1600000
abba	1	0	C2	spacemit	before	temperature_millic	/sys/class/thermal/thermal_zone0/temp	60000
abba	1	0	C2	spacemit	before	temperature_millic	/sys/class/thermal/thermal_zone1/temp	60000
abba	1	0	C2	spacemit	before	temperature_millic	/sys/class/thermal/thermal_zone2/temp	61000
abba	1	0	C2	spacemit	before	temperature_millic	/sys/class/thermal/thermal_zone3/temp	62000
abba	1	0	C2	spacemit	after	governor	/sys/devices/system/cpu/cpu0/cpufreq/scaling_governor	performance
abba	1	0	C2	spacemit	after	governor	/sys/devices/system/cpu/cpu1/cpufreq/scaling_governor	performance
abba	1	0	C2	spacemit	after	governor	/sys/devices/system/cpu/cpu2/cpufreq/scaling_governor	performance
abba	1	0	C2	spacemit	after	governor	/sys/devices/system/cpu/cpu3/cpufreq/scaling_governor	performance
abba	1	0	C2	spacemit	after	governor	/sys/devices/system/cpu/cpu4/cpufreq/scaling_governor	performance
abba	1	0	C2	spacemit	after	governor	/sys/devices/system/cpu/cpu5/cpufreq/scaling_governor	performance
abba	1	0	C2	spacemit	after	governor	/sys/devices/system/cpu/cpu6/cpufreq/scaling_governor	performance
abba	1	0	C2	spacemit	after	governor	/sys/devices/system/cpu/cpu7/cpufreq/scaling_governor	performance
abba	1	0	C2	spacemit	after	frequency_khz	/sys/devices/system/cpu/cpu0/cpufreq/scaling_cur_freq	1600000
abba	1	0	C2	spacemit	after	frequency_khz	/sys/devices/system/cpu/cpu1/cpufreq/scaling_cur_freq	1600000
abba	1	0	C2	spacemit	after	frequency_khz	/sys/devices/system/cpu/cpu2/cpufreq/scaling_cur_freq	1600000
abba	1	0	C2	spacemit	after	frequency_khz	/sys/devices/system/cpu/cpu3/cpufreq/scaling_cur_freq	1600000
abba	1	0	C2	spacemit	after	frequency_khz	/sys/devices/system/cpu/cpu4/cpufreq/scaling_cur_freq	1600000
abba	1	0	C2	spacemit	after	frequency_khz	/sys/devices/system/cpu/cpu5/cpufreq/scaling_cur_freq	1600000
abba	1	0	C2	spacemit	after	frequency_khz	/sys/devices/system/cpu/cpu6/cpufreq/scaling_cur_freq	1600000
abba	1	0	C2	spacemit	after	frequency_khz	/sys/devices/system/cpu/cpu7/cpufreq/scaling_cur_freq	1600000
abba	1	0	C2	spacemit	after	temperature_millic	/sys/class/thermal/thermal_zone0/temp	60000
abba	1	0	C2	spacemit	after	temperature_millic	/sys/class/thermal/thermal_zone1/temp	60000
abba	1	0	C2	spacemit	after	temperature_millic	/sys/class/thermal/thermal_zone2/temp	61000
abba	1	0	C2	spacemit	after	temperature_millic	/sys/class/thermal/thermal_zone3/temp	62000
abba	1	1	B2	spacemit	before	governor	/sys/devices/system/cpu/cpu0/cpufreq/scaling_governor	performance
abba	1	1	B2	spacemit	before	governor	/sys/devices/system/cpu/cpu1/cpufreq/scaling_governor	performance
abba	1	1	B2	spacemit	before	governor	/sys/devices/system/cpu/cpu2/cpufreq/scaling_governor	performance
abba	1	1	B2	spacemit	before	governor	/sys/devices/system/cpu/cpu3/cpufreq/scaling_governor	performance
abba	1	1	B2	spacemit	before	governor	/sys/devices/system/cpu/cpu4/cpufreq/scaling_governor	performance
abba	1	1	B2	spacemit	before	governor	/sys/devices/system/cpu/cpu5/cpufreq/scaling_governor	performance
abba	1	1	B2	spacemit	before	governor	/sys/devices/system/cpu/cpu6/cpufreq/scaling_governor	performance
abba	1	1	B2	spacemit	before	governor	/sys/devices/system/cpu/cpu7/cpufreq/scaling_governor	performance
abba	1	1	B2	spacemit	before	frequency_khz	/sys/devices/system/cpu/cpu0/cpufreq/scaling_cur_freq	1600000
abba	1	1	B2	spacemit	before	frequency_khz	/sys/devices/system/cpu/cpu1/cpufreq/scaling_cur_freq	1600000
abba	1	1	B2	spacemit	before	frequency_khz	/sys/devices/system/cpu/cpu2/cpufreq/scaling_cur_freq	1600000
abba	1	1	B2	spacemit	before	frequency_khz	/sys/devices/system/cpu/cpu3/cpufreq/scaling_cur_freq	1600000
abba	1	1	B2	spacemit	before	frequency_khz	/sys/devices/system/cpu/cpu4/cpufreq/scaling_cur_freq	1600000
abba	1	1	B2	spacemit	before	frequency_khz	/sys/devices/system/cpu/cpu5/cpufreq/scaling_cur_freq	1600000
abba	1	1	B2	spacemit	before	frequency_khz	/sys/devices/system/cpu/cpu6/cpufreq/scaling_cur_freq	1600000
abba	1	1	B2	spacemit	before	frequency_khz	/sys/devices/system/cpu/cpu7/cpufreq/scaling_cur_freq	1600000
abba	1	1	B2	spacemit	before	temperature_millic	/sys/class/thermal/thermal_zone0/temp	61000
abba	1	1	B2	spacemit	before	temperature_millic	/sys/class/thermal/thermal_zone1/temp	61000
abba	1	1	B2	spacemit	before	temperature_millic	/sys/class/thermal/thermal_zone2/temp	61000
abba	1	1	B2	spacemit	before	temperature_millic	/sys/class/thermal/thermal_zone3/temp	62000
abba	1	1	B2	spacemit	after	governor	/sys/devices/system/cpu/cpu0/cpufreq/scaling_governor	performance
abba	1	1	B2	spacemit	after	governor	/sys/devices/system/cpu/cpu1/cpufreq/scaling_governor	performance
abba	1	1	B2	spacemit	after	governor	/sys/devices/system/cpu/cpu2/cpufreq/scaling_governor	performance
abba	1	1	B2	spacemit	after	governor	/sys/devices/system/cpu/cpu3/cpufreq/scaling_governor	performance
abba	1	1	B2	spacemit	after	governor	/sys/devices/system/cpu/cpu4/cpufreq/scaling_governor	performance
abba	1	1	B2	spacemit	after	governor	/sys/devices/system/cpu/cpu5/cpufreq/scaling_governor	performance
abba	1	1	B2	spacemit	after	governor	/sys/devices/system/cpu/cpu6/cpufreq/scaling_governor	performance
abba	1	1	B2	spacemit	after	governor	/sys/devices/system/cpu/cpu7/cpufreq/scaling_governor	performance
abba	1	1	B2	spacemit	after	frequency_khz	/sys/devices/system/cpu/cpu0/cpufreq/scaling_cur_freq	1600000
abba	1	1	B2	spacemit	after	frequency_khz	/sys/devices/system/cpu/cpu1/cpufreq/scaling_cur_freq	1600000
abba	1	1	B2	spacemit	after	frequency_khz	/sys/devices/system/cpu/cpu2/cpufreq/scaling_cur_freq	1600000
abba	1	1	B2	spacemit	after	frequency_khz	/sys/devices/system/cpu/cpu3/cpufreq/scaling_cur_freq	1600000
abba	1	1	B2	spacemit	after	frequency_khz	/sys/devices/system/cpu/cpu4/cpufreq/scaling_cur_freq	1600000
abba	1	1	B2	spacemit	after	frequency_khz	/sys/devices/system/cpu/cpu5/cpufreq/scaling_cur_freq	1600000
abba	1	1	B2	spacemit	after	frequency_khz	/sys/devices/system/cpu/cpu6/cpufreq/scaling_cur_freq	1600000
abba	1	1	B2	spacemit	after	frequency_khz	/sys/devices/system/cpu/cpu7/cpufreq/scaling_cur_freq	1600000
abba	1	1	B2	spacemit	after	temperature_millic	/sys/class/thermal/thermal_zone0/temp	61000
abba	1	1	B2	spacemit	after	temperature_millic	/sys/class/thermal/thermal_zone1/temp	60000
abba	1	1	B2	spacemit	after	temperature_millic	/sys/class/thermal/thermal_zone2/temp	62000
abba	1	1	B2	spacemit	after	temperature_millic	/sys/class/thermal/thermal_zone3/temp	62000
abba	1	2	B2	spacemit	before	governor	/sys/devices/system/cpu/cpu0/cpufreq/scaling_governor	performance
abba	1	2	B2	spacemit	before	governor	/sys/devices/system/cpu/cpu1/cpufreq/scaling_governor	performance
abba	1	2	B2	spacemit	before	governor	/sys/devices/system/cpu/cpu2/cpufreq/scaling_governor	performance
abba	1	2	B2	spacemit	before	governor	/sys/devices/system/cpu/cpu3/cpufreq/scaling_governor	performance
abba	1	2	B2	spacemit	before	governor	/sys/devices/system/cpu/cpu4/cpufreq/scaling_governor	performance
abba	1	2	B2	spacemit	before	governor	/sys/devices/system/cpu/cpu5/cpufreq/scaling_governor	performance
abba	1	2	B2	spacemit	before	governor	/sys/devices/system/cpu/cpu6/cpufreq/scaling_governor	performance
abba	1	2	B2	spacemit	before	governor	/sys/devices/system/cpu/cpu7/cpufreq/scaling_governor	performance
abba	1	2	B2	spacemit	before	frequency_khz	/sys/devices/system/cpu/cpu0/cpufreq/scaling_cur_freq	1600000
abba	1	2	B2	spacemit	before	frequency_khz	/sys/devices/system/cpu/cpu1/cpufreq/scaling_cur_freq	1600000
abba	1	2	B2	spacemit	before	frequency_khz	/sys/devices/system/cpu/cpu2/cpufreq/scaling_cur_freq	1600000
abba	1	2	B2	spacemit	before	frequency_khz	/sys/devices/system/cpu/cpu3/cpufreq/scaling_cur_freq	1600000
abba	1	2	B2	spacemit	before	frequency_khz	/sys/devices/system/cpu/cpu4/cpufreq/scaling_cur_freq	1600000
abba	1	2	B2	spacemit	before	frequency_khz	/sys/devices/system/cpu/cpu5/cpufreq/scaling_cur_freq	1600000
abba	1	2	B2	spacemit	before	frequency_khz	/sys/devices/system/cpu/cpu6/cpufreq/scaling_cur_freq	1600000
abba	1	2	B2	spacemit	before	frequency_khz	/sys/devices/system/cpu/cpu7/cpufreq/scaling_cur_freq	1600000
abba	1	2	B2	spacemit	before	temperature_millic	/sys/class/thermal/thermal_zone0/temp	60000
abba	1	2	B2	spacemit	before	temperature_millic	/sys/class/thermal/thermal_zone1/temp	60000
abba	1	2	B2	spacemit	before	temperature_millic	/sys/class/thermal/thermal_zone2/temp	62000
abba	1	2	B2	spacemit	before	temperature_millic	/sys/class/thermal/thermal_zone3/temp	60000
abba	1	2	B2	spacemit	after	governor	/sys/devices/system/cpu/cpu0/cpufreq/scaling_governor	performance
abba	1	2	B2	spacemit	after	governor	/sys/devices/system/cpu/cpu1/cpufreq/scaling_governor	performance
abba	1	2	B2	spacemit	after	governor	/sys/devices/system/cpu/cpu2/cpufreq/scaling_governor	performance
abba	1	2	B2	spacemit	after	governor	/sys/devices/system/cpu/cpu3/cpufreq/scaling_governor	performance
abba	1	2	B2	spacemit	after	governor	/sys/devices/system/cpu/cpu4/cpufreq/scaling_governor	performance
abba	1	2	B2	spacemit	after	governor	/sys/devices/system/cpu/cpu5/cpufreq/scaling_governor	performance
abba	1	2	B2	spacemit	after	governor	/sys/devices/system/cpu/cpu6/cpufreq/scaling_governor	performance
abba	1	2	B2	spacemit	after	governor	/sys/devices/system/cpu/cpu7/cpufreq/scaling_governor	performance
abba	1	2	B2	spacemit	after	frequency_khz	/sys/devices/system/cpu/cpu0/cpufreq/scaling_cur_freq	1600000
abba	1	2	B2	spacemit	after	frequency_khz	/sys/devices/system/cpu/cpu1/cpufreq/scaling_cur_freq	1600000
abba	1	2	B2	spacemit	after	frequency_khz	/sys/devices/system/cpu/cpu2/cpufreq/scaling_cur_freq	1600000
abba	1	2	B2	spacemit	after	frequency_khz	/sys/devices/system/cpu/cpu3/cpufreq/scaling_cur_freq	1600000
abba	1	2	B2	spacemit	after	frequency_khz	/sys/devices/system/cpu/cpu4/cpufreq/scaling_cur_freq	1600000
abba	1	2	B2	spacemit	after	frequency_khz	/sys/devices/system/cpu/cpu5/cpufreq/scaling_cur_freq	1600000
abba	1	2	B2	spacemit	after	frequency_khz	/sys/devices/system/cpu/cpu6/cpufreq/scaling_cur_freq	1600000
abba	1	2	B2	spacemit	after	frequency_khz	/sys/devices/system/cpu/cpu7/cpufreq/scaling_cur_freq	1600000
abba	1	2	B2	spacemit	after	temperature_millic	/sys/class/thermal/thermal_zone0/temp	60000
abba	1	2	B2	spacemit	after	temperature_millic	/sys/class/thermal/thermal_zone1/temp	60000
abba	1	2	B2	spacemit	after	temperature_millic	/sys/class/thermal/thermal_zone2/temp	62000
abba	1	2	B2	spacemit	after	temperature_millic	/sys/class/thermal/thermal_zone3/temp	62000
abba	1	3	C2	spacemit	before	governor	/sys/devices/system/cpu/cpu0/cpufreq/scaling_governor	performance
abba	1	3	C2	spacemit	before	governor	/sys/devices/system/cpu/cpu1/cpufreq/scaling_governor	performance
abba	1	3	C2	spacemit	before	governor	/sys/devices/system/cpu/cpu2/cpufreq/scaling_governor	performance
abba	1	3	C2	spacemit	before	governor	/sys/devices/system/cpu/cpu3/cpufreq/scaling_governor	performance
abba	1	3	C2	spacemit	before	governor	/sys/devices/system/cpu/cpu4/cpufreq/scaling_governor	performance
abba	1	3	C2	spacemit	before	governor	/sys/devices/system/cpu/cpu5/cpufreq/scaling_governor	performance
abba	1	3	C2	spacemit	before	governor	/sys/devices/system/cpu/cpu6/cpufreq/scaling_governor	performance
abba	1	3	C2	spacemit	before	governor	/sys/devices/system/cpu/cpu7/cpufreq/scaling_governor	performance
abba	1	3	C2	spacemit	before	frequency_khz	/sys/devices/system/cpu/cpu0/cpufreq/scaling_cur_freq	1600000
abba	1	3	C2	spacemit	before	frequency_khz	/sys/devices/system/cpu/cpu1/cpufreq/scaling_cur_freq	1600000
abba	1	3	C2	spacemit	before	frequency_khz	/sys/devices/system/cpu/cpu2/cpufreq/scaling_cur_freq	1600000
abba	1	3	C2	spacemit	before	frequency_khz	/sys/devices/system/cpu/cpu3/cpufreq/scaling_cur_freq	1600000
abba	1	3	C2	spacemit	before	frequency_khz	/sys/devices/system/cpu/cpu4/cpufreq/scaling_cur_freq	1600000
abba	1	3	C2	spacemit	before	frequency_khz	/sys/devices/system/cpu/cpu5/cpufreq/scaling_cur_freq	1600000
abba	1	3	C2	spacemit	before	frequency_khz	/sys/devices/system/cpu/cpu6/cpufreq/scaling_cur_freq	1600000
abba	1	3	C2	spacemit	before	frequency_khz	/sys/devices/system/cpu/cpu7/cpufreq/scaling_cur_freq	1600000
abba	1	3	C2	spacemit	before	temperature_millic	/sys/class/thermal/thermal_zone0/temp	60000
abba	1	3	C2	spacemit	before	temperature_millic	/sys/class/thermal/thermal_zone1/temp	60000
abba	1	3	C2	spacemit	before	temperature_millic	/sys/class/thermal/thermal_zone2/temp	61000
abba	1	3	C2	spacemit	before	temperature_millic	/sys/class/thermal/thermal_zone3/temp	61000
abba	1	3	C2	spacemit	after	governor	/sys/devices/system/cpu/cpu0/cpufreq/scaling_governor	performance
abba	1	3	C2	spacemit	after	governor	/sys/devices/system/cpu/cpu1/cpufreq/scaling_governor	performance
abba	1	3	C2	spacemit	after	governor	/sys/devices/system/cpu/cpu2/cpufreq/scaling_governor	performance
abba	1	3	C2	spacemit	after	governor	/sys/devices/system/cpu/cpu3/cpufreq/scaling_governor	performance
abba	1	3	C2	spacemit	after	governor	/sys/devices/system/cpu/cpu4/cpufreq/scaling_governor	performance
abba	1	3	C2	spacemit	after	governor	/sys/devices/system/cpu/cpu5/cpufreq/scaling_governor	performance
abba	1	3	C2	spacemit	after	governor	/sys/devices/system/cpu/cpu6/cpufreq/scaling_governor	performance
abba	1	3	C2	spacemit	after	governor	/sys/devices/system/cpu/cpu7/cpufreq/scaling_governor	performance
abba	1	3	C2	spacemit	after	frequency_khz	/sys/devices/system/cpu/cpu0/cpufreq/scaling_cur_freq	1600000
abba	1	3	C2	spacemit	after	frequency_khz	/sys/devices/system/cpu/cpu1/cpufreq/scaling_cur_freq	1600000
abba	1	3	C2	spacemit	after	frequency_khz	/sys/devices/system/cpu/cpu2/cpufreq/scaling_cur_freq	1600000
abba	1	3	C2	spacemit	after	frequency_khz	/sys/devices/system/cpu/cpu3/cpufreq/scaling_cur_freq	1600000
abba	1	3	C2	spacemit	after	frequency_khz	/sys/devices/system/cpu/cpu4/cpufreq/scaling_cur_freq	1600000
abba	1	3	C2	spacemit	after	frequency_khz	/sys/devices/system/cpu/cpu5/cpufreq/scaling_cur_freq	1600000
abba	1	3	C2	spacemit	after	frequency_khz	/sys/devices/system/cpu/cpu6/cpufreq/scaling_cur_freq	1600000
abba	1	3	C2	spacemit	after	frequency_khz	/sys/devices/system/cpu/cpu7/cpufreq/scaling_cur_freq	1600000
abba	1	3	C2	spacemit	after	temperature_millic	/sys/class/thermal/thermal_zone0/temp	60000
abba	1	3	C2	spacemit	after	temperature_millic	/sys/class/thermal/thermal_zone1/temp	60000
abba	1	3	C2	spacemit	after	temperature_millic	/sys/class/thermal/thermal_zone2/temp	62000
abba	1	3	C2	spacemit	after	temperature_millic	/sys/class/thermal/thermal_zone3/temp	61000
abba	10	0	B2	spacemit	before	governor	/sys/devices/system/cpu/cpu0/cpufreq/scaling_governor	performance
abba	10	0	B2	spacemit	before	governor	/sys/devices/system/cpu/cpu1/cpufreq/scaling_governor	performance
abba	10	0	B2	spacemit	before	governor	/sys/devices/system/cpu/cpu2/cpufreq/scaling_governor	performance
abba	10	0	B2	spacemit	before	governor	/sys/devices/system/cpu/cpu3/cpufreq/scaling_governor	performance
abba	10	0	B2	spacemit	before	governor	/sys/devices/system/cpu/cpu4/cpufreq/scaling_governor	performance
abba	10	0	B2	spacemit	before	governor	/sys/devices/system/cpu/cpu5/cpufreq/scaling_governor	performance
abba	10	0	B2	spacemit	before	governor	/sys/devices/system/cpu/cpu6/cpufreq/scaling_governor	performance
abba	10	0	B2	spacemit	before	governor	/sys/devices/system/cpu/cpu7/cpufreq/scaling_governor	performance
abba	10	0	B2	spacemit	before	frequency_khz	/sys/devices/system/cpu/cpu0/cpufreq/scaling_cur_freq	1600000
abba	10	0	B2	spacemit	before	frequency_khz	/sys/devices/system/cpu/cpu1/cpufreq/scaling_cur_freq	1600000
abba	10	0	B2	spacemit	before	frequency_khz	/sys/devices/system/cpu/cpu2/cpufreq/scaling_cur_freq	1600000
abba	10	0	B2	spacemit	before	frequency_khz	/sys/devices/system/cpu/cpu3/cpufreq/scaling_cur_freq	1600000
abba	10	0	B2	spacemit	before	frequency_khz	/sys/devices/system/cpu/cpu4/cpufreq/scaling_cur_freq	1600000
abba	10	0	B2	spacemit	before	frequency_khz	/sys/devices/system/cpu/cpu5/cpufreq/scaling_cur_freq	1600000
abba	10	0	B2	spacemit	before	frequency_khz	/sys/devices/system/cpu/cpu6/cpufreq/scaling_cur_freq	1600000
abba	10	0	B2	spacemit	before	frequency_khz	/sys/devices/system/cpu/cpu7/cpufreq/scaling_cur_freq	1600000
abba	10	0	B2	spacemit	before	temperature_millic	/sys/class/thermal/thermal_zone0/temp	62000
abba	10	0	B2	spacemit	before	temperature_millic	/sys/class/thermal/thermal_zone1/temp	61000
abba	10	0	B2	spacemit	before	temperature_millic	/sys/class/thermal/thermal_zone2/temp	61000
abba	10	0	B2	spacemit	before	temperature_millic	/sys/class/thermal/thermal_zone3/temp	62000
abba	10	0	B2	spacemit	after	governor	/sys/devices/system/cpu/cpu0/cpufreq/scaling_governor	performance
abba	10	0	B2	spacemit	after	governor	/sys/devices/system/cpu/cpu1/cpufreq/scaling_governor	performance
abba	10	0	B2	spacemit	after	governor	/sys/devices/system/cpu/cpu2/cpufreq/scaling_governor	performance
abba	10	0	B2	spacemit	after	governor	/sys/devices/system/cpu/cpu3/cpufreq/scaling_governor	performance
abba	10	0	B2	spacemit	after	governor	/sys/devices/system/cpu/cpu4/cpufreq/scaling_governor	performance
abba	10	0	B2	spacemit	after	governor	/sys/devices/system/cpu/cpu5/cpufreq/scaling_governor	performance
abba	10	0	B2	spacemit	after	governor	/sys/devices/system/cpu/cpu6/cpufreq/scaling_governor	performance
abba	10	0	B2	spacemit	after	governor	/sys/devices/system/cpu/cpu7/cpufreq/scaling_governor	performance
abba	10	0	B2	spacemit	after	frequency_khz	/sys/devices/system/cpu/cpu0/cpufreq/scaling_cur_freq	1600000
abba	10	0	B2	spacemit	after	frequency_khz	/sys/devices/system/cpu/cpu1/cpufreq/scaling_cur_freq	1600000
abba	10	0	B2	spacemit	after	frequency_khz	/sys/devices/system/cpu/cpu2/cpufreq/scaling_cur_freq	1600000
abba	10	0	B2	spacemit	after	frequency_khz	/sys/devices/system/cpu/cpu3/cpufreq/scaling_cur_freq	1600000
abba	10	0	B2	spacemit	after	frequency_khz	/sys/devices/system/cpu/cpu4/cpufreq/scaling_cur_freq	1600000
abba	10	0	B2	spacemit	after	frequency_khz	/sys/devices/system/cpu/cpu5/cpufreq/scaling_cur_freq	1600000
abba	10	0	B2	spacemit	after	frequency_khz	/sys/devices/system/cpu/cpu6/cpufreq/scaling_cur_freq	1600000
abba	10	0	B2	spacemit	after	frequency_khz	/sys/devices/system/cpu/cpu7/cpufreq/scaling_cur_freq	1600000
abba	10	0	B2	spacemit	after	temperature_millic	/sys/class/thermal/thermal_zone0/temp	61000
abba	10	0	B2	spacemit	after	temperature_millic	/sys/class/thermal/thermal_zone1/temp	59000
abba	10	0	B2	spacemit	after	temperature_millic	/sys/class/thermal/thermal_zone2/temp	62000
abba	10	0	B2	spacemit	after	temperature_millic	/sys/class/thermal/thermal_zone3/temp	61000
abba	10	1	C2	spacemit	before	governor	/sys/devices/system/cpu/cpu0/cpufreq/scaling_governor	performance
abba	10	1	C2	spacemit	before	governor	/sys/devices/system/cpu/cpu1/cpufreq/scaling_governor	performance
abba	10	1	C2	spacemit	before	governor	/sys/devices/system/cpu/cpu2/cpufreq/scaling_governor	performance
abba	10	1	C2	spacemit	before	governor	/sys/devices/system/cpu/cpu3/cpufreq/scaling_governor	performance
abba	10	1	C2	spacemit	before	governor	/sys/devices/system/cpu/cpu4/cpufreq/scaling_governor	performance
abba	10	1	C2	spacemit	before	governor	/sys/devices/system/cpu/cpu5/cpufreq/scaling_governor	performance
abba	10	1	C2	spacemit	before	governor	/sys/devices/system/cpu/cpu6/cpufreq/scaling_governor	performance
abba	10	1	C2	spacemit	before	governor	/sys/devices/system/cpu/cpu7/cpufreq/scaling_governor	performance
abba	10	1	C2	spacemit	before	frequency_khz	/sys/devices/system/cpu/cpu0/cpufreq/scaling_cur_freq	1600000
abba	10	1	C2	spacemit	before	frequency_khz	/sys/devices/system/cpu/cpu1/cpufreq/scaling_cur_freq	1600000
abba	10	1	C2	spacemit	before	frequency_khz	/sys/devices/system/cpu/cpu2/cpufreq/scaling_cur_freq	1600000
abba	10	1	C2	spacemit	before	frequency_khz	/sys/devices/system/cpu/cpu3/cpufreq/scaling_cur_freq	1600000
abba	10	1	C2	spacemit	before	frequency_khz	/sys/devices/system/cpu/cpu4/cpufreq/scaling_cur_freq	1600000
abba	10	1	C2	spacemit	before	frequency_khz	/sys/devices/system/cpu/cpu5/cpufreq/scaling_cur_freq	1600000
abba	10	1	C2	spacemit	before	frequency_khz	/sys/devices/system/cpu/cpu6/cpufreq/scaling_cur_freq	1600000
abba	10	1	C2	spacemit	before	frequency_khz	/sys/devices/system/cpu/cpu7/cpufreq/scaling_cur_freq	1600000
abba	10	1	C2	spacemit	before	temperature_millic	/sys/class/thermal/thermal_zone0/temp	61000
abba	10	1	C2	spacemit	before	temperature_millic	/sys/class/thermal/thermal_zone1/temp	61000
abba	10	1	C2	spacemit	before	temperature_millic	/sys/class/thermal/thermal_zone2/temp	61000
abba	10	1	C2	spacemit	before	temperature_millic	/sys/class/thermal/thermal_zone3/temp	61000
abba	10	1	C2	spacemit	after	governor	/sys/devices/system/cpu/cpu0/cpufreq/scaling_governor	performance
abba	10	1	C2	spacemit	after	governor	/sys/devices/system/cpu/cpu1/cpufreq/scaling_governor	performance
abba	10	1	C2	spacemit	after	governor	/sys/devices/system/cpu/cpu2/cpufreq/scaling_governor	performance
abba	10	1	C2	spacemit	after	governor	/sys/devices/system/cpu/cpu3/cpufreq/scaling_governor	performance
abba	10	1	C2	spacemit	after	governor	/sys/devices/system/cpu/cpu4/cpufreq/scaling_governor	performance
abba	10	1	C2	spacemit	after	governor	/sys/devices/system/cpu/cpu5/cpufreq/scaling_governor	performance
abba	10	1	C2	spacemit	after	governor	/sys/devices/system/cpu/cpu6/cpufreq/scaling_governor	performance
abba	10	1	C2	spacemit	after	governor	/sys/devices/system/cpu/cpu7/cpufreq/scaling_governor	performance
abba	10	1	C2	spacemit	after	frequency_khz	/sys/devices/system/cpu/cpu0/cpufreq/scaling_cur_freq	1600000
abba	10	1	C2	spacemit	after	frequency_khz	/sys/devices/system/cpu/cpu1/cpufreq/scaling_cur_freq	1600000
abba	10	1	C2	spacemit	after	frequency_khz	/sys/devices/system/cpu/cpu2/cpufreq/scaling_cur_freq	1600000
abba	10	1	C2	spacemit	after	frequency_khz	/sys/devices/system/cpu/cpu3/cpufreq/scaling_cur_freq	1600000
abba	10	1	C2	spacemit	after	frequency_khz	/sys/devices/system/cpu/cpu4/cpufreq/scaling_cur_freq	1600000
abba	10	1	C2	spacemit	after	frequency_khz	/sys/devices/system/cpu/cpu5/cpufreq/scaling_cur_freq	1600000
abba	10	1	C2	spacemit	after	frequency_khz	/sys/devices/system/cpu/cpu6/cpufreq/scaling_cur_freq	1600000
abba	10	1	C2	spacemit	after	frequency_khz	/sys/devices/system/cpu/cpu7/cpufreq/scaling_cur_freq	1600000
abba	10	1	C2	spacemit	after	temperature_millic	/sys/class/thermal/thermal_zone0/temp	61000
abba	10	1	C2	spacemit	after	temperature_millic	/sys/class/thermal/thermal_zone1/temp	61000
abba	10	1	C2	spacemit	after	temperature_millic	/sys/class/thermal/thermal_zone2/temp	62000
abba	10	1	C2	spacemit	after	temperature_millic	/sys/class/thermal/thermal_zone3/temp	62000
abba	10	2	C2	spacemit	before	governor	/sys/devices/system/cpu/cpu0/cpufreq/scaling_governor	performance
abba	10	2	C2	spacemit	before	governor	/sys/devices/system/cpu/cpu1/cpufreq/scaling_governor	performance
abba	10	2	C2	spacemit	before	governor	/sys/devices/system/cpu/cpu2/cpufreq/scaling_governor	performance
abba	10	2	C2	spacemit	before	governor	/sys/devices/system/cpu/cpu3/cpufreq/scaling_governor	performance
abba	10	2	C2	spacemit	before	governor	/sys/devices/system/cpu/cpu4/cpufreq/scaling_governor	performance
abba	10	2	C2	spacemit	before	governor	/sys/devices/system/cpu/cpu5/cpufreq/scaling_governor	performance
abba	10	2	C2	spacemit	before	governor	/sys/devices/system/cpu/cpu6/cpufreq/scaling_governor	performance
abba	10	2	C2	spacemit	before	governor	/sys/devices/system/cpu/cpu7/cpufreq/scaling_governor	performance
abba	10	2	C2	spacemit	before	frequency_khz	/sys/devices/system/cpu/cpu0/cpufreq/scaling_cur_freq	1600000
abba	10	2	C2	spacemit	before	frequency_khz	/sys/devices/system/cpu/cpu1/cpufreq/scaling_cur_freq	1600000
abba	10	2	C2	spacemit	before	frequency_khz	/sys/devices/system/cpu/cpu2/cpufreq/scaling_cur_freq	1600000
abba	10	2	C2	spacemit	before	frequency_khz	/sys/devices/system/cpu/cpu3/cpufreq/scaling_cur_freq	1600000
abba	10	2	C2	spacemit	before	frequency_khz	/sys/devices/system/cpu/cpu4/cpufreq/scaling_cur_freq	1600000
abba	10	2	C2	spacemit	before	frequency_khz	/sys/devices/system/cpu/cpu5/cpufreq/scaling_cur_freq	1600000
abba	10	2	C2	spacemit	before	frequency_khz	/sys/devices/system/cpu/cpu6/cpufreq/scaling_cur_freq	1600000
abba	10	2	C2	spacemit	before	frequency_khz	/sys/devices/system/cpu/cpu7/cpufreq/scaling_cur_freq	1600000
abba	10	2	C2	spacemit	before	temperature_millic	/sys/class/thermal/thermal_zone0/temp	61000
abba	10	2	C2	spacemit	before	temperature_millic	/sys/class/thermal/thermal_zone1/temp	60000
abba	10	2	C2	spacemit	before	temperature_millic	/sys/class/thermal/thermal_zone2/temp	62000
abba	10	2	C2	spacemit	before	temperature_millic	/sys/class/thermal/thermal_zone3/temp	61000
abba	10	2	C2	spacemit	after	governor	/sys/devices/system/cpu/cpu0/cpufreq/scaling_governor	performance
abba	10	2	C2	spacemit	after	governor	/sys/devices/system/cpu/cpu1/cpufreq/scaling_governor	performance
abba	10	2	C2	spacemit	after	governor	/sys/devices/system/cpu/cpu2/cpufreq/scaling_governor	performance
abba	10	2	C2	spacemit	after	governor	/sys/devices/system/cpu/cpu3/cpufreq/scaling_governor	performance
abba	10	2	C2	spacemit	after	governor	/sys/devices/system/cpu/cpu4/cpufreq/scaling_governor	performance
abba	10	2	C2	spacemit	after	governor	/sys/devices/system/cpu/cpu5/cpufreq/scaling_governor	performance
abba	10	2	C2	spacemit	after	governor	/sys/devices/system/cpu/cpu6/cpufreq/scaling_governor	performance
abba	10	2	C2	spacemit	after	governor	/sys/devices/system/cpu/cpu7/cpufreq/scaling_governor	performance
abba	10	2	C2	spacemit	after	frequency_khz	/sys/devices/system/cpu/cpu0/cpufreq/scaling_cur_freq	1600000
abba	10	2	C2	spacemit	after	frequency_khz	/sys/devices/system/cpu/cpu1/cpufreq/scaling_cur_freq	1600000
abba	10	2	C2	spacemit	after	frequency_khz	/sys/devices/system/cpu/cpu2/cpufreq/scaling_cur_freq	1600000
abba	10	2	C2	spacemit	after	frequency_khz	/sys/devices/system/cpu/cpu3/cpufreq/scaling_cur_freq	1600000
abba	10	2	C2	spacemit	after	frequency_khz	/sys/devices/system/cpu/cpu4/cpufreq/scaling_cur_freq	1600000
abba	10	2	C2	spacemit	after	frequency_khz	/sys/devices/system/cpu/cpu5/cpufreq/scaling_cur_freq	1600000
abba	10	2	C2	spacemit	after	frequency_khz	/sys/devices/system/cpu/cpu6/cpufreq/scaling_cur_freq	1600000
abba	10	2	C2	spacemit	after	frequency_khz	/sys/devices/system/cpu/cpu7/cpufreq/scaling_cur_freq	1600000
abba	10	2	C2	spacemit	after	temperature_millic	/sys/class/thermal/thermal_zone0/temp	61000
abba	10	2	C2	spacemit	after	temperature_millic	/sys/class/thermal/thermal_zone1/temp	60000
abba	10	2	C2	spacemit	after	temperature_millic	/sys/class/thermal/thermal_zone2/temp	62000
abba	10	2	C2	spacemit	after	temperature_millic	/sys/class/thermal/thermal_zone3/temp	63000
abba	10	3	B2	spacemit	before	governor	/sys/devices/system/cpu/cpu0/cpufreq/scaling_governor	performance
abba	10	3	B2	spacemit	before	governor	/sys/devices/system/cpu/cpu1/cpufreq/scaling_governor	performance
abba	10	3	B2	spacemit	before	governor	/sys/devices/system/cpu/cpu2/cpufreq/scaling_governor	performance
abba	10	3	B2	spacemit	before	governor	/sys/devices/system/cpu/cpu3/cpufreq/scaling_governor	performance
abba	10	3	B2	spacemit	before	governor	/sys/devices/system/cpu/cpu4/cpufreq/scaling_governor	performance
abba	10	3	B2	spacemit	before	governor	/sys/devices/system/cpu/cpu5/cpufreq/scaling_governor	performance
abba	10	3	B2	spacemit	before	governor	/sys/devices/system/cpu/cpu6/cpufreq/scaling_governor	performance
abba	10	3	B2	spacemit	before	governor	/sys/devices/system/cpu/cpu7/cpufreq/scaling_governor	performance
abba	10	3	B2	spacemit	before	frequency_khz	/sys/devices/system/cpu/cpu0/cpufreq/scaling_cur_freq	1600000
abba	10	3	B2	spacemit	before	frequency_khz	/sys/devices/system/cpu/cpu1/cpufreq/scaling_cur_freq	1600000
abba	10	3	B2	spacemit	before	frequency_khz	/sys/devices/system/cpu/cpu2/cpufreq/scaling_cur_freq	1600000
abba	10	3	B2	spacemit	before	frequency_khz	/sys/devices/system/cpu/cpu3/cpufreq/scaling_cur_freq	1600000
abba	10	3	B2	spacemit	before	frequency_khz	/sys/devices/system/cpu/cpu4/cpufreq/scaling_cur_freq	1600000
abba	10	3	B2	spacemit	before	frequency_khz	/sys/devices/system/cpu/cpu5/cpufreq/scaling_cur_freq	1600000
abba	10	3	B2	spacemit	before	frequency_khz	/sys/devices/system/cpu/cpu6/cpufreq/scaling_cur_freq	1600000
abba	10	3	B2	spacemit	before	frequency_khz	/sys/devices/system/cpu/cpu7/cpufreq/scaling_cur_freq	1600000
abba	10	3	B2	spacemit	before	temperature_millic	/sys/class/thermal/thermal_zone0/temp	60000
abba	10	3	B2	spacemit	before	temperature_millic	/sys/class/thermal/thermal_zone1/temp	61000
abba	10	3	B2	spacemit	before	temperature_millic	/sys/class/thermal/thermal_zone2/temp	62000
abba	10	3	B2	spacemit	before	temperature_millic	/sys/class/thermal/thermal_zone3/temp	64000
abba	10	3	B2	spacemit	after	governor	/sys/devices/system/cpu/cpu0/cpufreq/scaling_governor	performance
abba	10	3	B2	spacemit	after	governor	/sys/devices/system/cpu/cpu1/cpufreq/scaling_governor	performance
abba	10	3	B2	spacemit	after	governor	/sys/devices/system/cpu/cpu2/cpufreq/scaling_governor	performance
abba	10	3	B2	spacemit	after	governor	/sys/devices/system/cpu/cpu3/cpufreq/scaling_governor	performance
abba	10	3	B2	spacemit	after	governor	/sys/devices/system/cpu/cpu4/cpufreq/scaling_governor	performance
abba	10	3	B2	spacemit	after	governor	/sys/devices/system/cpu/cpu5/cpufreq/scaling_governor	performance
abba	10	3	B2	spacemit	after	governor	/sys/devices/system/cpu/cpu6/cpufreq/scaling_governor	performance
abba	10	3	B2	spacemit	after	governor	/sys/devices/system/cpu/cpu7/cpufreq/scaling_governor	performance
abba	10	3	B2	spacemit	after	frequency_khz	/sys/devices/system/cpu/cpu0/cpufreq/scaling_cur_freq	1600000
abba	10	3	B2	spacemit	after	frequency_khz	/sys/devices/system/cpu/cpu1/cpufreq/scaling_cur_freq	1600000
abba	10	3	B2	spacemit	after	frequency_khz	/sys/devices/system/cpu/cpu2/cpufreq/scaling_cur_freq	1600000
abba	10	3	B2	spacemit	after	frequency_khz	/sys/devices/system/cpu/cpu3/cpufreq/scaling_cur_freq	1600000
abba	10	3	B2	spacemit	after	frequency_khz	/sys/devices/system/cpu/cpu4/cpufreq/scaling_cur_freq	1600000
abba	10	3	B2	spacemit	after	frequency_khz	/sys/devices/system/cpu/cpu5/cpufreq/scaling_cur_freq	1600000
abba	10	3	B2	spacemit	after	frequency_khz	/sys/devices/system/cpu/cpu6/cpufreq/scaling_cur_freq	1600000
abba	10	3	B2	spacemit	after	frequency_khz	/sys/devices/system/cpu/cpu7/cpufreq/scaling_cur_freq	1600000
abba	10	3	B2	spacemit	after	temperature_millic	/sys/class/thermal/thermal_zone0/temp	60000
abba	10	3	B2	spacemit	after	temperature_millic	/sys/class/thermal/thermal_zone1/temp	60000
abba	10	3	B2	spacemit	after	temperature_millic	/sys/class/thermal/thermal_zone2/temp	62000
abba	10	3	B2	spacemit	after	temperature_millic	/sys/class/thermal/thermal_zone3/temp	63000
abba	11	0	C2	spacemit	before	governor	/sys/devices/system/cpu/cpu0/cpufreq/scaling_governor	performance
abba	11	0	C2	spacemit	before	governor	/sys/devices/system/cpu/cpu1/cpufreq/scaling_governor	performance
abba	11	0	C2	spacemit	before	governor	/sys/devices/system/cpu/cpu2/cpufreq/scaling_governor	performance
abba	11	0	C2	spacemit	before	governor	/sys/devices/system/cpu/cpu3/cpufreq/scaling_governor	performance
abba	11	0	C2	spacemit	before	governor	/sys/devices/system/cpu/cpu4/cpufreq/scaling_governor	performance
abba	11	0	C2	spacemit	before	governor	/sys/devices/system/cpu/cpu5/cpufreq/scaling_governor	performance
abba	11	0	C2	spacemit	before	governor	/sys/devices/system/cpu/cpu6/cpufreq/scaling_governor	performance
abba	11	0	C2	spacemit	before	governor	/sys/devices/system/cpu/cpu7/cpufreq/scaling_governor	performance
abba	11	0	C2	spacemit	before	frequency_khz	/sys/devices/system/cpu/cpu0/cpufreq/scaling_cur_freq	1600000
abba	11	0	C2	spacemit	before	frequency_khz	/sys/devices/system/cpu/cpu1/cpufreq/scaling_cur_freq	1600000
abba	11	0	C2	spacemit	before	frequency_khz	/sys/devices/system/cpu/cpu2/cpufreq/scaling_cur_freq	1600000
abba	11	0	C2	spacemit	before	frequency_khz	/sys/devices/system/cpu/cpu3/cpufreq/scaling_cur_freq	1600000
abba	11	0	C2	spacemit	before	frequency_khz	/sys/devices/system/cpu/cpu4/cpufreq/scaling_cur_freq	1600000
abba	11	0	C2	spacemit	before	frequency_khz	/sys/devices/system/cpu/cpu5/cpufreq/scaling_cur_freq	1600000
abba	11	0	C2	spacemit	before	frequency_khz	/sys/devices/system/cpu/cpu6/cpufreq/scaling_cur_freq	1600000
abba	11	0	C2	spacemit	before	frequency_khz	/sys/devices/system/cpu/cpu7/cpufreq/scaling_cur_freq	1600000
abba	11	0	C2	spacemit	before	temperature_millic	/sys/class/thermal/thermal_zone0/temp	59000
abba	11	0	C2	spacemit	before	temperature_millic	/sys/class/thermal/thermal_zone1/temp	61000
abba	11	0	C2	spacemit	before	temperature_millic	/sys/class/thermal/thermal_zone2/temp	61000
abba	11	0	C2	spacemit	before	temperature_millic	/sys/class/thermal/thermal_zone3/temp	63000
abba	11	0	C2	spacemit	after	governor	/sys/devices/system/cpu/cpu0/cpufreq/scaling_governor	performance
abba	11	0	C2	spacemit	after	governor	/sys/devices/system/cpu/cpu1/cpufreq/scaling_governor	performance
abba	11	0	C2	spacemit	after	governor	/sys/devices/system/cpu/cpu2/cpufreq/scaling_governor	performance
abba	11	0	C2	spacemit	after	governor	/sys/devices/system/cpu/cpu3/cpufreq/scaling_governor	performance
abba	11	0	C2	spacemit	after	governor	/sys/devices/system/cpu/cpu4/cpufreq/scaling_governor	performance
abba	11	0	C2	spacemit	after	governor	/sys/devices/system/cpu/cpu5/cpufreq/scaling_governor	performance
abba	11	0	C2	spacemit	after	governor	/sys/devices/system/cpu/cpu6/cpufreq/scaling_governor	performance
abba	11	0	C2	spacemit	after	governor	/sys/devices/system/cpu/cpu7/cpufreq/scaling_governor	performance
abba	11	0	C2	spacemit	after	frequency_khz	/sys/devices/system/cpu/cpu0/cpufreq/scaling_cur_freq	1600000
abba	11	0	C2	spacemit	after	frequency_khz	/sys/devices/system/cpu/cpu1/cpufreq/scaling_cur_freq	1600000
abba	11	0	C2	spacemit	after	frequency_khz	/sys/devices/system/cpu/cpu2/cpufreq/scaling_cur_freq	1600000
abba	11	0	C2	spacemit	after	frequency_khz	/sys/devices/system/cpu/cpu3/cpufreq/scaling_cur_freq	1600000
abba	11	0	C2	spacemit	after	frequency_khz	/sys/devices/system/cpu/cpu4/cpufreq/scaling_cur_freq	1600000
abba	11	0	C2	spacemit	after	frequency_khz	/sys/devices/system/cpu/cpu5/cpufreq/scaling_cur_freq	1600000
abba	11	0	C2	spacemit	after	frequency_khz	/sys/devices/system/cpu/cpu6/cpufreq/scaling_cur_freq	1600000
abba	11	0	C2	spacemit	after	frequency_khz	/sys/devices/system/cpu/cpu7/cpufreq/scaling_cur_freq	1600000
abba	11	0	C2	spacemit	after	temperature_millic	/sys/class/thermal/thermal_zone0/temp	61000
abba	11	0	C2	spacemit	after	temperature_millic	/sys/class/thermal/thermal_zone1/temp	61000
abba	11	0	C2	spacemit	after	temperature_millic	/sys/class/thermal/thermal_zone2/temp	62000
abba	11	0	C2	spacemit	after	temperature_millic	/sys/class/thermal/thermal_zone3/temp	61000
abba	11	1	B2	spacemit	before	governor	/sys/devices/system/cpu/cpu0/cpufreq/scaling_governor	performance
abba	11	1	B2	spacemit	before	governor	/sys/devices/system/cpu/cpu1/cpufreq/scaling_governor	performance
abba	11	1	B2	spacemit	before	governor	/sys/devices/system/cpu/cpu2/cpufreq/scaling_governor	performance
abba	11	1	B2	spacemit	before	governor	/sys/devices/system/cpu/cpu3/cpufreq/scaling_governor	performance
abba	11	1	B2	spacemit	before	governor	/sys/devices/system/cpu/cpu4/cpufreq/scaling_governor	performance
abba	11	1	B2	spacemit	before	governor	/sys/devices/system/cpu/cpu5/cpufreq/scaling_governor	performance
abba	11	1	B2	spacemit	before	governor	/sys/devices/system/cpu/cpu6/cpufreq/scaling_governor	performance
abba	11	1	B2	spacemit	before	governor	/sys/devices/system/cpu/cpu7/cpufreq/scaling_governor	performance
abba	11	1	B2	spacemit	before	frequency_khz	/sys/devices/system/cpu/cpu0/cpufreq/scaling_cur_freq	1600000
abba	11	1	B2	spacemit	before	frequency_khz	/sys/devices/system/cpu/cpu1/cpufreq/scaling_cur_freq	1600000
abba	11	1	B2	spacemit	before	frequency_khz	/sys/devices/system/cpu/cpu2/cpufreq/scaling_cur_freq	1600000
abba	11	1	B2	spacemit	before	frequency_khz	/sys/devices/system/cpu/cpu3/cpufreq/scaling_cur_freq	1600000
abba	11	1	B2	spacemit	before	frequency_khz	/sys/devices/system/cpu/cpu4/cpufreq/scaling_cur_freq	1600000
abba	11	1	B2	spacemit	before	frequency_khz	/sys/devices/system/cpu/cpu5/cpufreq/scaling_cur_freq	1600000
abba	11	1	B2	spacemit	before	frequency_khz	/sys/devices/system/cpu/cpu6/cpufreq/scaling_cur_freq	1600000
abba	11	1	B2	spacemit	before	frequency_khz	/sys/devices/system/cpu/cpu7/cpufreq/scaling_cur_freq	1600000
abba	11	1	B2	spacemit	before	temperature_millic	/sys/class/thermal/thermal_zone0/temp	60000
abba	11	1	B2	spacemit	before	temperature_millic	/sys/class/thermal/thermal_zone1/temp	60000
abba	11	1	B2	spacemit	before	temperature_millic	/sys/class/thermal/thermal_zone2/temp	61000
abba	11	1	B2	spacemit	before	temperature_millic	/sys/class/thermal/thermal_zone3/temp	62000
abba	11	1	B2	spacemit	after	governor	/sys/devices/system/cpu/cpu0/cpufreq/scaling_governor	performance
abba	11	1	B2	spacemit	after	governor	/sys/devices/system/cpu/cpu1/cpufreq/scaling_governor	performance
abba	11	1	B2	spacemit	after	governor	/sys/devices/system/cpu/cpu2/cpufreq/scaling_governor	performance
abba	11	1	B2	spacemit	after	governor	/sys/devices/system/cpu/cpu3/cpufreq/scaling_governor	performance
abba	11	1	B2	spacemit	after	governor	/sys/devices/system/cpu/cpu4/cpufreq/scaling_governor	performance
abba	11	1	B2	spacemit	after	governor	/sys/devices/system/cpu/cpu5/cpufreq/scaling_governor	performance
abba	11	1	B2	spacemit	after	governor	/sys/devices/system/cpu/cpu6/cpufreq/scaling_governor	performance
abba	11	1	B2	spacemit	after	governor	/sys/devices/system/cpu/cpu7/cpufreq/scaling_governor	performance
abba	11	1	B2	spacemit	after	frequency_khz	/sys/devices/system/cpu/cpu0/cpufreq/scaling_cur_freq	1600000
abba	11	1	B2	spacemit	after	frequency_khz	/sys/devices/system/cpu/cpu1/cpufreq/scaling_cur_freq	1600000
abba	11	1	B2	spacemit	after	frequency_khz	/sys/devices/system/cpu/cpu2/cpufreq/scaling_cur_freq	1600000
abba	11	1	B2	spacemit	after	frequency_khz	/sys/devices/system/cpu/cpu3/cpufreq/scaling_cur_freq	1600000
abba	11	1	B2	spacemit	after	frequency_khz	/sys/devices/system/cpu/cpu4/cpufreq/scaling_cur_freq	1600000
abba	11	1	B2	spacemit	after	frequency_khz	/sys/devices/system/cpu/cpu5/cpufreq/scaling_cur_freq	1600000
abba	11	1	B2	spacemit	after	frequency_khz	/sys/devices/system/cpu/cpu6/cpufreq/scaling_cur_freq	1600000
abba	11	1	B2	spacemit	after	frequency_khz	/sys/devices/system/cpu/cpu7/cpufreq/scaling_cur_freq	1600000
abba	11	1	B2	spacemit	after	temperature_millic	/sys/class/thermal/thermal_zone0/temp	62000
abba	11	1	B2	spacemit	after	temperature_millic	/sys/class/thermal/thermal_zone1/temp	61000
abba	11	1	B2	spacemit	after	temperature_millic	/sys/class/thermal/thermal_zone2/temp	62000
abba	11	1	B2	spacemit	after	temperature_millic	/sys/class/thermal/thermal_zone3/temp	62000
abba	11	2	B2	spacemit	before	governor	/sys/devices/system/cpu/cpu0/cpufreq/scaling_governor	performance
abba	11	2	B2	spacemit	before	governor	/sys/devices/system/cpu/cpu1/cpufreq/scaling_governor	performance
abba	11	2	B2	spacemit	before	governor	/sys/devices/system/cpu/cpu2/cpufreq/scaling_governor	performance
abba	11	2	B2	spacemit	before	governor	/sys/devices/system/cpu/cpu3/cpufreq/scaling_governor	performance
abba	11	2	B2	spacemit	before	governor	/sys/devices/system/cpu/cpu4/cpufreq/scaling_governor	performance
abba	11	2	B2	spacemit	before	governor	/sys/devices/system/cpu/cpu5/cpufreq/scaling_governor	performance
abba	11	2	B2	spacemit	before	governor	/sys/devices/system/cpu/cpu6/cpufreq/scaling_governor	performance
abba	11	2	B2	spacemit	before	governor	/sys/devices/system/cpu/cpu7/cpufreq/scaling_governor	performance
abba	11	2	B2	spacemit	before	frequency_khz	/sys/devices/system/cpu/cpu0/cpufreq/scaling_cur_freq	1600000
abba	11	2	B2	spacemit	before	frequency_khz	/sys/devices/system/cpu/cpu1/cpufreq/scaling_cur_freq	1600000
abba	11	2	B2	spacemit	before	frequency_khz	/sys/devices/system/cpu/cpu2/cpufreq/scaling_cur_freq	1600000
abba	11	2	B2	spacemit	before	frequency_khz	/sys/devices/system/cpu/cpu3/cpufreq/scaling_cur_freq	1600000
abba	11	2	B2	spacemit	before	frequency_khz	/sys/devices/system/cpu/cpu4/cpufreq/scaling_cur_freq	1600000
abba	11	2	B2	spacemit	before	frequency_khz	/sys/devices/system/cpu/cpu5/cpufreq/scaling_cur_freq	1600000
abba	11	2	B2	spacemit	before	frequency_khz	/sys/devices/system/cpu/cpu6/cpufreq/scaling_cur_freq	1600000
abba	11	2	B2	spacemit	before	frequency_khz	/sys/devices/system/cpu/cpu7/cpufreq/scaling_cur_freq	1600000
abba	11	2	B2	spacemit	before	temperature_millic	/sys/class/thermal/thermal_zone0/temp	61000
abba	11	2	B2	spacemit	before	temperature_millic	/sys/class/thermal/thermal_zone1/temp	61000
abba	11	2	B2	spacemit	before	temperature_millic	/sys/class/thermal/thermal_zone2/temp	62000
abba	11	2	B2	spacemit	before	temperature_millic	/sys/class/thermal/thermal_zone3/temp	63000
abba	11	2	B2	spacemit	after	governor	/sys/devices/system/cpu/cpu0/cpufreq/scaling_governor	performance
abba	11	2	B2	spacemit	after	governor	/sys/devices/system/cpu/cpu1/cpufreq/scaling_governor	performance
abba	11	2	B2	spacemit	after	governor	/sys/devices/system/cpu/cpu2/cpufreq/scaling_governor	performance
abba	11	2	B2	spacemit	after	governor	/sys/devices/system/cpu/cpu3/cpufreq/scaling_governor	performance
abba	11	2	B2	spacemit	after	governor	/sys/devices/system/cpu/cpu4/cpufreq/scaling_governor	performance
abba	11	2	B2	spacemit	after	governor	/sys/devices/system/cpu/cpu5/cpufreq/scaling_governor	performance
abba	11	2	B2	spacemit	after	governor	/sys/devices/system/cpu/cpu6/cpufreq/scaling_governor	performance
abba	11	2	B2	spacemit	after	governor	/sys/devices/system/cpu/cpu7/cpufreq/scaling_governor	performance
abba	11	2	B2	spacemit	after	frequency_khz	/sys/devices/system/cpu/cpu0/cpufreq/scaling_cur_freq	1600000
abba	11	2	B2	spacemit	after	frequency_khz	/sys/devices/system/cpu/cpu1/cpufreq/scaling_cur_freq	1600000
abba	11	2	B2	spacemit	after	frequency_khz	/sys/devices/system/cpu/cpu2/cpufreq/scaling_cur_freq	1600000
abba	11	2	B2	spacemit	after	frequency_khz	/sys/devices/system/cpu/cpu3/cpufreq/scaling_cur_freq	1600000
abba	11	2	B2	spacemit	after	frequency_khz	/sys/devices/system/cpu/cpu4/cpufreq/scaling_cur_freq	1600000
abba	11	2	B2	spacemit	after	frequency_khz	/sys/devices/system/cpu/cpu5/cpufreq/scaling_cur_freq	1600000
abba	11	2	B2	spacemit	after	frequency_khz	/sys/devices/system/cpu/cpu6/cpufreq/scaling_cur_freq	1600000
abba	11	2	B2	spacemit	after	frequency_khz	/sys/devices/system/cpu/cpu7/cpufreq/scaling_cur_freq	1600000
abba	11	2	B2	spacemit	after	temperature_millic	/sys/class/thermal/thermal_zone0/temp	61000
abba	11	2	B2	spacemit	after	temperature_millic	/sys/class/thermal/thermal_zone1/temp	60000
abba	11	2	B2	spacemit	after	temperature_millic	/sys/class/thermal/thermal_zone2/temp	61000
abba	11	2	B2	spacemit	after	temperature_millic	/sys/class/thermal/thermal_zone3/temp	63000
abba	11	3	C2	spacemit	before	governor	/sys/devices/system/cpu/cpu0/cpufreq/scaling_governor	performance
abba	11	3	C2	spacemit	before	governor	/sys/devices/system/cpu/cpu1/cpufreq/scaling_governor	performance
abba	11	3	C2	spacemit	before	governor	/sys/devices/system/cpu/cpu2/cpufreq/scaling_governor	performance
abba	11	3	C2	spacemit	before	governor	/sys/devices/system/cpu/cpu3/cpufreq/scaling_governor	performance
abba	11	3	C2	spacemit	before	governor	/sys/devices/system/cpu/cpu4/cpufreq/scaling_governor	performance
abba	11	3	C2	spacemit	before	governor	/sys/devices/system/cpu/cpu5/cpufreq/scaling_governor	performance
abba	11	3	C2	spacemit	before	governor	/sys/devices/system/cpu/cpu6/cpufreq/scaling_governor	performance
abba	11	3	C2	spacemit	before	governor	/sys/devices/system/cpu/cpu7/cpufreq/scaling_governor	performance
abba	11	3	C2	spacemit	before	frequency_khz	/sys/devices/system/cpu/cpu0/cpufreq/scaling_cur_freq	1600000
abba	11	3	C2	spacemit	before	frequency_khz	/sys/devices/system/cpu/cpu1/cpufreq/scaling_cur_freq	1600000
abba	11	3	C2	spacemit	before	frequency_khz	/sys/devices/system/cpu/cpu2/cpufreq/scaling_cur_freq	1600000
abba	11	3	C2	spacemit	before	frequency_khz	/sys/devices/system/cpu/cpu3/cpufreq/scaling_cur_freq	1600000
abba	11	3	C2	spacemit	before	frequency_khz	/sys/devices/system/cpu/cpu4/cpufreq/scaling_cur_freq	1600000
abba	11	3	C2	spacemit	before	frequency_khz	/sys/devices/system/cpu/cpu5/cpufreq/scaling_cur_freq	1600000
abba	11	3	C2	spacemit	before	frequency_khz	/sys/devices/system/cpu/cpu6/cpufreq/scaling_cur_freq	1600000
abba	11	3	C2	spacemit	before	frequency_khz	/sys/devices/system/cpu/cpu7/cpufreq/scaling_cur_freq	1600000
abba	11	3	C2	spacemit	before	temperature_millic	/sys/class/thermal/thermal_zone0/temp	60000
abba	11	3	C2	spacemit	before	temperature_millic	/sys/class/thermal/thermal_zone1/temp	60000
abba	11	3	C2	spacemit	before	temperature_millic	/sys/class/thermal/thermal_zone2/temp	61000
abba	11	3	C2	spacemit	before	temperature_millic	/sys/class/thermal/thermal_zone3/temp	62000
abba	11	3	C2	spacemit	after	governor	/sys/devices/system/cpu/cpu0/cpufreq/scaling_governor	performance
abba	11	3	C2	spacemit	after	governor	/sys/devices/system/cpu/cpu1/cpufreq/scaling_governor	performance
abba	11	3	C2	spacemit	after	governor	/sys/devices/system/cpu/cpu2/cpufreq/scaling_governor	performance
abba	11	3	C2	spacemit	after	governor	/sys/devices/system/cpu/cpu3/cpufreq/scaling_governor	performance
abba	11	3	C2	spacemit	after	governor	/sys/devices/system/cpu/cpu4/cpufreq/scaling_governor	performance
abba	11	3	C2	spacemit	after	governor	/sys/devices/system/cpu/cpu5/cpufreq/scaling_governor	performance
abba	11	3	C2	spacemit	after	governor	/sys/devices/system/cpu/cpu6/cpufreq/scaling_governor	performance
abba	11	3	C2	spacemit	after	governor	/sys/devices/system/cpu/cpu7/cpufreq/scaling_governor	performance
abba	11	3	C2	spacemit	after	frequency_khz	/sys/devices/system/cpu/cpu0/cpufreq/scaling_cur_freq	1600000
abba	11	3	C2	spacemit	after	frequency_khz	/sys/devices/system/cpu/cpu1/cpufreq/scaling_cur_freq	1600000
abba	11	3	C2	spacemit	after	frequency_khz	/sys/devices/system/cpu/cpu2/cpufreq/scaling_cur_freq	1600000
abba	11	3	C2	spacemit	after	frequency_khz	/sys/devices/system/cpu/cpu3/cpufreq/scaling_cur_freq	1600000
abba	11	3	C2	spacemit	after	frequency_khz	/sys/devices/system/cpu/cpu4/cpufreq/scaling_cur_freq	1600000
abba	11	3	C2	spacemit	after	frequency_khz	/sys/devices/system/cpu/cpu5/cpufreq/scaling_cur_freq	1600000
abba	11	3	C2	spacemit	after	frequency_khz	/sys/devices/system/cpu/cpu6/cpufreq/scaling_cur_freq	1600000
abba	11	3	C2	spacemit	after	frequency_khz	/sys/devices/system/cpu/cpu7/cpufreq/scaling_cur_freq	1600000
abba	11	3	C2	spacemit	after	temperature_millic	/sys/class/thermal/thermal_zone0/temp	61000
abba	11	3	C2	spacemit	after	temperature_millic	/sys/class/thermal/thermal_zone1/temp	60000
abba	11	3	C2	spacemit	after	temperature_millic	/sys/class/thermal/thermal_zone2/temp	62000
abba	11	3	C2	spacemit	after	temperature_millic	/sys/class/thermal/thermal_zone3/temp	63000
abba	2	0	B2	spacemit	before	governor	/sys/devices/system/cpu/cpu0/cpufreq/scaling_governor	performance
abba	2	0	B2	spacemit	before	governor	/sys/devices/system/cpu/cpu1/cpufreq/scaling_governor	performance
abba	2	0	B2	spacemit	before	governor	/sys/devices/system/cpu/cpu2/cpufreq/scaling_governor	performance
abba	2	0	B2	spacemit	before	governor	/sys/devices/system/cpu/cpu3/cpufreq/scaling_governor	performance
abba	2	0	B2	spacemit	before	governor	/sys/devices/system/cpu/cpu4/cpufreq/scaling_governor	performance
abba	2	0	B2	spacemit	before	governor	/sys/devices/system/cpu/cpu5/cpufreq/scaling_governor	performance
abba	2	0	B2	spacemit	before	governor	/sys/devices/system/cpu/cpu6/cpufreq/scaling_governor	performance
abba	2	0	B2	spacemit	before	governor	/sys/devices/system/cpu/cpu7/cpufreq/scaling_governor	performance
abba	2	0	B2	spacemit	before	frequency_khz	/sys/devices/system/cpu/cpu0/cpufreq/scaling_cur_freq	1600000
abba	2	0	B2	spacemit	before	frequency_khz	/sys/devices/system/cpu/cpu1/cpufreq/scaling_cur_freq	1600000
abba	2	0	B2	spacemit	before	frequency_khz	/sys/devices/system/cpu/cpu2/cpufreq/scaling_cur_freq	1600000
abba	2	0	B2	spacemit	before	frequency_khz	/sys/devices/system/cpu/cpu3/cpufreq/scaling_cur_freq	1600000
abba	2	0	B2	spacemit	before	frequency_khz	/sys/devices/system/cpu/cpu4/cpufreq/scaling_cur_freq	1600000
abba	2	0	B2	spacemit	before	frequency_khz	/sys/devices/system/cpu/cpu5/cpufreq/scaling_cur_freq	1600000
abba	2	0	B2	spacemit	before	frequency_khz	/sys/devices/system/cpu/cpu6/cpufreq/scaling_cur_freq	1600000
abba	2	0	B2	spacemit	before	frequency_khz	/sys/devices/system/cpu/cpu7/cpufreq/scaling_cur_freq	1600000
abba	2	0	B2	spacemit	before	temperature_millic	/sys/class/thermal/thermal_zone0/temp	59000
abba	2	0	B2	spacemit	before	temperature_millic	/sys/class/thermal/thermal_zone1/temp	60000
abba	2	0	B2	spacemit	before	temperature_millic	/sys/class/thermal/thermal_zone2/temp	61000
abba	2	0	B2	spacemit	before	temperature_millic	/sys/class/thermal/thermal_zone3/temp	62000
abba	2	0	B2	spacemit	after	governor	/sys/devices/system/cpu/cpu0/cpufreq/scaling_governor	performance
abba	2	0	B2	spacemit	after	governor	/sys/devices/system/cpu/cpu1/cpufreq/scaling_governor	performance
abba	2	0	B2	spacemit	after	governor	/sys/devices/system/cpu/cpu2/cpufreq/scaling_governor	performance
abba	2	0	B2	spacemit	after	governor	/sys/devices/system/cpu/cpu3/cpufreq/scaling_governor	performance
abba	2	0	B2	spacemit	after	governor	/sys/devices/system/cpu/cpu4/cpufreq/scaling_governor	performance
abba	2	0	B2	spacemit	after	governor	/sys/devices/system/cpu/cpu5/cpufreq/scaling_governor	performance
abba	2	0	B2	spacemit	after	governor	/sys/devices/system/cpu/cpu6/cpufreq/scaling_governor	performance
abba	2	0	B2	spacemit	after	governor	/sys/devices/system/cpu/cpu7/cpufreq/scaling_governor	performance
abba	2	0	B2	spacemit	after	frequency_khz	/sys/devices/system/cpu/cpu0/cpufreq/scaling_cur_freq	1600000
abba	2	0	B2	spacemit	after	frequency_khz	/sys/devices/system/cpu/cpu1/cpufreq/scaling_cur_freq	1600000
abba	2	0	B2	spacemit	after	frequency_khz	/sys/devices/system/cpu/cpu2/cpufreq/scaling_cur_freq	1600000
abba	2	0	B2	spacemit	after	frequency_khz	/sys/devices/system/cpu/cpu3/cpufreq/scaling_cur_freq	1600000
abba	2	0	B2	spacemit	after	frequency_khz	/sys/devices/system/cpu/cpu4/cpufreq/scaling_cur_freq	1600000
abba	2	0	B2	spacemit	after	frequency_khz	/sys/devices/system/cpu/cpu5/cpufreq/scaling_cur_freq	1600000
abba	2	0	B2	spacemit	after	frequency_khz	/sys/devices/system/cpu/cpu6/cpufreq/scaling_cur_freq	1600000
abba	2	0	B2	spacemit	after	frequency_khz	/sys/devices/system/cpu/cpu7/cpufreq/scaling_cur_freq	1600000
abba	2	0	B2	spacemit	after	temperature_millic	/sys/class/thermal/thermal_zone0/temp	60000
abba	2	0	B2	spacemit	after	temperature_millic	/sys/class/thermal/thermal_zone1/temp	60000
abba	2	0	B2	spacemit	after	temperature_millic	/sys/class/thermal/thermal_zone2/temp	61000
abba	2	0	B2	spacemit	after	temperature_millic	/sys/class/thermal/thermal_zone3/temp	63000
abba	2	1	C2	spacemit	before	governor	/sys/devices/system/cpu/cpu0/cpufreq/scaling_governor	performance
abba	2	1	C2	spacemit	before	governor	/sys/devices/system/cpu/cpu1/cpufreq/scaling_governor	performance
abba	2	1	C2	spacemit	before	governor	/sys/devices/system/cpu/cpu2/cpufreq/scaling_governor	performance
abba	2	1	C2	spacemit	before	governor	/sys/devices/system/cpu/cpu3/cpufreq/scaling_governor	performance
abba	2	1	C2	spacemit	before	governor	/sys/devices/system/cpu/cpu4/cpufreq/scaling_governor	performance
abba	2	1	C2	spacemit	before	governor	/sys/devices/system/cpu/cpu5/cpufreq/scaling_governor	performance
abba	2	1	C2	spacemit	before	governor	/sys/devices/system/cpu/cpu6/cpufreq/scaling_governor	performance
abba	2	1	C2	spacemit	before	governor	/sys/devices/system/cpu/cpu7/cpufreq/scaling_governor	performance
abba	2	1	C2	spacemit	before	frequency_khz	/sys/devices/system/cpu/cpu0/cpufreq/scaling_cur_freq	1600000
abba	2	1	C2	spacemit	before	frequency_khz	/sys/devices/system/cpu/cpu1/cpufreq/scaling_cur_freq	1600000
abba	2	1	C2	spacemit	before	frequency_khz	/sys/devices/system/cpu/cpu2/cpufreq/scaling_cur_freq	1600000
abba	2	1	C2	spacemit	before	frequency_khz	/sys/devices/system/cpu/cpu3/cpufreq/scaling_cur_freq	1600000
abba	2	1	C2	spacemit	before	frequency_khz	/sys/devices/system/cpu/cpu4/cpufreq/scaling_cur_freq	1600000
abba	2	1	C2	spacemit	before	frequency_khz	/sys/devices/system/cpu/cpu5/cpufreq/scaling_cur_freq	1600000
abba	2	1	C2	spacemit	before	frequency_khz	/sys/devices/system/cpu/cpu6/cpufreq/scaling_cur_freq	1600000
abba	2	1	C2	spacemit	before	frequency_khz	/sys/devices/system/cpu/cpu7/cpufreq/scaling_cur_freq	1600000
abba	2	1	C2	spacemit	before	temperature_millic	/sys/class/thermal/thermal_zone0/temp	59000
abba	2	1	C2	spacemit	before	temperature_millic	/sys/class/thermal/thermal_zone1/temp	60000
abba	2	1	C2	spacemit	before	temperature_millic	/sys/class/thermal/thermal_zone2/temp	61000
abba	2	1	C2	spacemit	before	temperature_millic	/sys/class/thermal/thermal_zone3/temp	62000
abba	2	1	C2	spacemit	after	governor	/sys/devices/system/cpu/cpu0/cpufreq/scaling_governor	performance
abba	2	1	C2	spacemit	after	governor	/sys/devices/system/cpu/cpu1/cpufreq/scaling_governor	performance
abba	2	1	C2	spacemit	after	governor	/sys/devices/system/cpu/cpu2/cpufreq/scaling_governor	performance
abba	2	1	C2	spacemit	after	governor	/sys/devices/system/cpu/cpu3/cpufreq/scaling_governor	performance
abba	2	1	C2	spacemit	after	governor	/sys/devices/system/cpu/cpu4/cpufreq/scaling_governor	performance
abba	2	1	C2	spacemit	after	governor	/sys/devices/system/cpu/cpu5/cpufreq/scaling_governor	performance
abba	2	1	C2	spacemit	after	governor	/sys/devices/system/cpu/cpu6/cpufreq/scaling_governor	performance
abba	2	1	C2	spacemit	after	governor	/sys/devices/system/cpu/cpu7/cpufreq/scaling_governor	performance
abba	2	1	C2	spacemit	after	frequency_khz	/sys/devices/system/cpu/cpu0/cpufreq/scaling_cur_freq	1600000
abba	2	1	C2	spacemit	after	frequency_khz	/sys/devices/system/cpu/cpu1/cpufreq/scaling_cur_freq	1600000
abba	2	1	C2	spacemit	after	frequency_khz	/sys/devices/system/cpu/cpu2/cpufreq/scaling_cur_freq	1600000
abba	2	1	C2	spacemit	after	frequency_khz	/sys/devices/system/cpu/cpu3/cpufreq/scaling_cur_freq	1600000
abba	2	1	C2	spacemit	after	frequency_khz	/sys/devices/system/cpu/cpu4/cpufreq/scaling_cur_freq	1600000
abba	2	1	C2	spacemit	after	frequency_khz	/sys/devices/system/cpu/cpu5/cpufreq/scaling_cur_freq	1600000
abba	2	1	C2	spacemit	after	frequency_khz	/sys/devices/system/cpu/cpu6/cpufreq/scaling_cur_freq	1600000
abba	2	1	C2	spacemit	after	frequency_khz	/sys/devices/system/cpu/cpu7/cpufreq/scaling_cur_freq	1600000
abba	2	1	C2	spacemit	after	temperature_millic	/sys/class/thermal/thermal_zone0/temp	61000
abba	2	1	C2	spacemit	after	temperature_millic	/sys/class/thermal/thermal_zone1/temp	60000
abba	2	1	C2	spacemit	after	temperature_millic	/sys/class/thermal/thermal_zone2/temp	62000
abba	2	1	C2	spacemit	after	temperature_millic	/sys/class/thermal/thermal_zone3/temp	61000
abba	2	2	C2	spacemit	before	governor	/sys/devices/system/cpu/cpu0/cpufreq/scaling_governor	performance
abba	2	2	C2	spacemit	before	governor	/sys/devices/system/cpu/cpu1/cpufreq/scaling_governor	performance
abba	2	2	C2	spacemit	before	governor	/sys/devices/system/cpu/cpu2/cpufreq/scaling_governor	performance
abba	2	2	C2	spacemit	before	governor	/sys/devices/system/cpu/cpu3/cpufreq/scaling_governor	performance
abba	2	2	C2	spacemit	before	governor	/sys/devices/system/cpu/cpu4/cpufreq/scaling_governor	performance
abba	2	2	C2	spacemit	before	governor	/sys/devices/system/cpu/cpu5/cpufreq/scaling_governor	performance
abba	2	2	C2	spacemit	before	governor	/sys/devices/system/cpu/cpu6/cpufreq/scaling_governor	performance
abba	2	2	C2	spacemit	before	governor	/sys/devices/system/cpu/cpu7/cpufreq/scaling_governor	performance
abba	2	2	C2	spacemit	before	frequency_khz	/sys/devices/system/cpu/cpu0/cpufreq/scaling_cur_freq	1600000
abba	2	2	C2	spacemit	before	frequency_khz	/sys/devices/system/cpu/cpu1/cpufreq/scaling_cur_freq	1600000
abba	2	2	C2	spacemit	before	frequency_khz	/sys/devices/system/cpu/cpu2/cpufreq/scaling_cur_freq	1600000
abba	2	2	C2	spacemit	before	frequency_khz	/sys/devices/system/cpu/cpu3/cpufreq/scaling_cur_freq	1600000
abba	2	2	C2	spacemit	before	frequency_khz	/sys/devices/system/cpu/cpu4/cpufreq/scaling_cur_freq	1600000
abba	2	2	C2	spacemit	before	frequency_khz	/sys/devices/system/cpu/cpu5/cpufreq/scaling_cur_freq	1600000
abba	2	2	C2	spacemit	before	frequency_khz	/sys/devices/system/cpu/cpu6/cpufreq/scaling_cur_freq	1600000
abba	2	2	C2	spacemit	before	frequency_khz	/sys/devices/system/cpu/cpu7/cpufreq/scaling_cur_freq	1600000
abba	2	2	C2	spacemit	before	temperature_millic	/sys/class/thermal/thermal_zone0/temp	60000
abba	2	2	C2	spacemit	before	temperature_millic	/sys/class/thermal/thermal_zone1/temp	60000
abba	2	2	C2	spacemit	before	temperature_millic	/sys/class/thermal/thermal_zone2/temp	62000
abba	2	2	C2	spacemit	before	temperature_millic	/sys/class/thermal/thermal_zone3/temp	62000
abba	2	2	C2	spacemit	after	governor	/sys/devices/system/cpu/cpu0/cpufreq/scaling_governor	performance
abba	2	2	C2	spacemit	after	governor	/sys/devices/system/cpu/cpu1/cpufreq/scaling_governor	performance
abba	2	2	C2	spacemit	after	governor	/sys/devices/system/cpu/cpu2/cpufreq/scaling_governor	performance
abba	2	2	C2	spacemit	after	governor	/sys/devices/system/cpu/cpu3/cpufreq/scaling_governor	performance
abba	2	2	C2	spacemit	after	governor	/sys/devices/system/cpu/cpu4/cpufreq/scaling_governor	performance
abba	2	2	C2	spacemit	after	governor	/sys/devices/system/cpu/cpu5/cpufreq/scaling_governor	performance
abba	2	2	C2	spacemit	after	governor	/sys/devices/system/cpu/cpu6/cpufreq/scaling_governor	performance
abba	2	2	C2	spacemit	after	governor	/sys/devices/system/cpu/cpu7/cpufreq/scaling_governor	performance
abba	2	2	C2	spacemit	after	frequency_khz	/sys/devices/system/cpu/cpu0/cpufreq/scaling_cur_freq	1600000
abba	2	2	C2	spacemit	after	frequency_khz	/sys/devices/system/cpu/cpu1/cpufreq/scaling_cur_freq	1600000
abba	2	2	C2	spacemit	after	frequency_khz	/sys/devices/system/cpu/cpu2/cpufreq/scaling_cur_freq	1600000
abba	2	2	C2	spacemit	after	frequency_khz	/sys/devices/system/cpu/cpu3/cpufreq/scaling_cur_freq	1600000
abba	2	2	C2	spacemit	after	frequency_khz	/sys/devices/system/cpu/cpu4/cpufreq/scaling_cur_freq	1600000
abba	2	2	C2	spacemit	after	frequency_khz	/sys/devices/system/cpu/cpu5/cpufreq/scaling_cur_freq	1600000
abba	2	2	C2	spacemit	after	frequency_khz	/sys/devices/system/cpu/cpu6/cpufreq/scaling_cur_freq	1600000
abba	2	2	C2	spacemit	after	frequency_khz	/sys/devices/system/cpu/cpu7/cpufreq/scaling_cur_freq	1600000
abba	2	2	C2	spacemit	after	temperature_millic	/sys/class/thermal/thermal_zone0/temp	60000
abba	2	2	C2	spacemit	after	temperature_millic	/sys/class/thermal/thermal_zone1/temp	60000
abba	2	2	C2	spacemit	after	temperature_millic	/sys/class/thermal/thermal_zone2/temp	62000
abba	2	2	C2	spacemit	after	temperature_millic	/sys/class/thermal/thermal_zone3/temp	62000
abba	2	3	B2	spacemit	before	governor	/sys/devices/system/cpu/cpu0/cpufreq/scaling_governor	performance
abba	2	3	B2	spacemit	before	governor	/sys/devices/system/cpu/cpu1/cpufreq/scaling_governor	performance
abba	2	3	B2	spacemit	before	governor	/sys/devices/system/cpu/cpu2/cpufreq/scaling_governor	performance
abba	2	3	B2	spacemit	before	governor	/sys/devices/system/cpu/cpu3/cpufreq/scaling_governor	performance
abba	2	3	B2	spacemit	before	governor	/sys/devices/system/cpu/cpu4/cpufreq/scaling_governor	performance
abba	2	3	B2	spacemit	before	governor	/sys/devices/system/cpu/cpu5/cpufreq/scaling_governor	performance
abba	2	3	B2	spacemit	before	governor	/sys/devices/system/cpu/cpu6/cpufreq/scaling_governor	performance
abba	2	3	B2	spacemit	before	governor	/sys/devices/system/cpu/cpu7/cpufreq/scaling_governor	performance
abba	2	3	B2	spacemit	before	frequency_khz	/sys/devices/system/cpu/cpu0/cpufreq/scaling_cur_freq	1600000
abba	2	3	B2	spacemit	before	frequency_khz	/sys/devices/system/cpu/cpu1/cpufreq/scaling_cur_freq	1600000
abba	2	3	B2	spacemit	before	frequency_khz	/sys/devices/system/cpu/cpu2/cpufreq/scaling_cur_freq	1600000
abba	2	3	B2	spacemit	before	frequency_khz	/sys/devices/system/cpu/cpu3/cpufreq/scaling_cur_freq	1600000
abba	2	3	B2	spacemit	before	frequency_khz	/sys/devices/system/cpu/cpu4/cpufreq/scaling_cur_freq	1600000
abba	2	3	B2	spacemit	before	frequency_khz	/sys/devices/system/cpu/cpu5/cpufreq/scaling_cur_freq	1600000
abba	2	3	B2	spacemit	before	frequency_khz	/sys/devices/system/cpu/cpu6/cpufreq/scaling_cur_freq	1600000
abba	2	3	B2	spacemit	before	frequency_khz	/sys/devices/system/cpu/cpu7/cpufreq/scaling_cur_freq	1600000
abba	2	3	B2	spacemit	before	temperature_millic	/sys/class/thermal/thermal_zone0/temp	61000
abba	2	3	B2	spacemit	before	temperature_millic	/sys/class/thermal/thermal_zone1/temp	59000
abba	2	3	B2	spacemit	before	temperature_millic	/sys/class/thermal/thermal_zone2/temp	61000
abba	2	3	B2	spacemit	before	temperature_millic	/sys/class/thermal/thermal_zone3/temp	61000
abba	2	3	B2	spacemit	after	governor	/sys/devices/system/cpu/cpu0/cpufreq/scaling_governor	performance
abba	2	3	B2	spacemit	after	governor	/sys/devices/system/cpu/cpu1/cpufreq/scaling_governor	performance
abba	2	3	B2	spacemit	after	governor	/sys/devices/system/cpu/cpu2/cpufreq/scaling_governor	performance
abba	2	3	B2	spacemit	after	governor	/sys/devices/system/cpu/cpu3/cpufreq/scaling_governor	performance
abba	2	3	B2	spacemit	after	governor	/sys/devices/system/cpu/cpu4/cpufreq/scaling_governor	performance
abba	2	3	B2	spacemit	after	governor	/sys/devices/system/cpu/cpu5/cpufreq/scaling_governor	performance
abba	2	3	B2	spacemit	after	governor	/sys/devices/system/cpu/cpu6/cpufreq/scaling_governor	performance
abba	2	3	B2	spacemit	after	governor	/sys/devices/system/cpu/cpu7/cpufreq/scaling_governor	performance
abba	2	3	B2	spacemit	after	frequency_khz	/sys/devices/system/cpu/cpu0/cpufreq/scaling_cur_freq	1600000
abba	2	3	B2	spacemit	after	frequency_khz	/sys/devices/system/cpu/cpu1/cpufreq/scaling_cur_freq	1600000
abba	2	3	B2	spacemit	after	frequency_khz	/sys/devices/system/cpu/cpu2/cpufreq/scaling_cur_freq	1600000
abba	2	3	B2	spacemit	after	frequency_khz	/sys/devices/system/cpu/cpu3/cpufreq/scaling_cur_freq	1600000
abba	2	3	B2	spacemit	after	frequency_khz	/sys/devices/system/cpu/cpu4/cpufreq/scaling_cur_freq	1600000
abba	2	3	B2	spacemit	after	frequency_khz	/sys/devices/system/cpu/cpu5/cpufreq/scaling_cur_freq	1600000
abba	2	3	B2	spacemit	after	frequency_khz	/sys/devices/system/cpu/cpu6/cpufreq/scaling_cur_freq	1600000
abba	2	3	B2	spacemit	after	frequency_khz	/sys/devices/system/cpu/cpu7/cpufreq/scaling_cur_freq	1600000
abba	2	3	B2	spacemit	after	temperature_millic	/sys/class/thermal/thermal_zone0/temp	61000
abba	2	3	B2	spacemit	after	temperature_millic	/sys/class/thermal/thermal_zone1/temp	61000
abba	2	3	B2	spacemit	after	temperature_millic	/sys/class/thermal/thermal_zone2/temp	62000
abba	2	3	B2	spacemit	after	temperature_millic	/sys/class/thermal/thermal_zone3/temp	62000
abba	3	0	C2	spacemit	before	governor	/sys/devices/system/cpu/cpu0/cpufreq/scaling_governor	performance
abba	3	0	C2	spacemit	before	governor	/sys/devices/system/cpu/cpu1/cpufreq/scaling_governor	performance
abba	3	0	C2	spacemit	before	governor	/sys/devices/system/cpu/cpu2/cpufreq/scaling_governor	performance
abba	3	0	C2	spacemit	before	governor	/sys/devices/system/cpu/cpu3/cpufreq/scaling_governor	performance
abba	3	0	C2	spacemit	before	governor	/sys/devices/system/cpu/cpu4/cpufreq/scaling_governor	performance
abba	3	0	C2	spacemit	before	governor	/sys/devices/system/cpu/cpu5/cpufreq/scaling_governor	performance
abba	3	0	C2	spacemit	before	governor	/sys/devices/system/cpu/cpu6/cpufreq/scaling_governor	performance
abba	3	0	C2	spacemit	before	governor	/sys/devices/system/cpu/cpu7/cpufreq/scaling_governor	performance
abba	3	0	C2	spacemit	before	frequency_khz	/sys/devices/system/cpu/cpu0/cpufreq/scaling_cur_freq	1600000
abba	3	0	C2	spacemit	before	frequency_khz	/sys/devices/system/cpu/cpu1/cpufreq/scaling_cur_freq	1600000
abba	3	0	C2	spacemit	before	frequency_khz	/sys/devices/system/cpu/cpu2/cpufreq/scaling_cur_freq	1600000
abba	3	0	C2	spacemit	before	frequency_khz	/sys/devices/system/cpu/cpu3/cpufreq/scaling_cur_freq	1600000
abba	3	0	C2	spacemit	before	frequency_khz	/sys/devices/system/cpu/cpu4/cpufreq/scaling_cur_freq	1600000
abba	3	0	C2	spacemit	before	frequency_khz	/sys/devices/system/cpu/cpu5/cpufreq/scaling_cur_freq	1600000
abba	3	0	C2	spacemit	before	frequency_khz	/sys/devices/system/cpu/cpu6/cpufreq/scaling_cur_freq	1600000
abba	3	0	C2	spacemit	before	frequency_khz	/sys/devices/system/cpu/cpu7/cpufreq/scaling_cur_freq	1600000
abba	3	0	C2	spacemit	before	temperature_millic	/sys/class/thermal/thermal_zone0/temp	61000
abba	3	0	C2	spacemit	before	temperature_millic	/sys/class/thermal/thermal_zone1/temp	59000
abba	3	0	C2	spacemit	before	temperature_millic	/sys/class/thermal/thermal_zone2/temp	61000
abba	3	0	C2	spacemit	before	temperature_millic	/sys/class/thermal/thermal_zone3/temp	62000
abba	3	0	C2	spacemit	after	governor	/sys/devices/system/cpu/cpu0/cpufreq/scaling_governor	performance
abba	3	0	C2	spacemit	after	governor	/sys/devices/system/cpu/cpu1/cpufreq/scaling_governor	performance
abba	3	0	C2	spacemit	after	governor	/sys/devices/system/cpu/cpu2/cpufreq/scaling_governor	performance
abba	3	0	C2	spacemit	after	governor	/sys/devices/system/cpu/cpu3/cpufreq/scaling_governor	performance
abba	3	0	C2	spacemit	after	governor	/sys/devices/system/cpu/cpu4/cpufreq/scaling_governor	performance
abba	3	0	C2	spacemit	after	governor	/sys/devices/system/cpu/cpu5/cpufreq/scaling_governor	performance
abba	3	0	C2	spacemit	after	governor	/sys/devices/system/cpu/cpu6/cpufreq/scaling_governor	performance
abba	3	0	C2	spacemit	after	governor	/sys/devices/system/cpu/cpu7/cpufreq/scaling_governor	performance
abba	3	0	C2	spacemit	after	frequency_khz	/sys/devices/system/cpu/cpu0/cpufreq/scaling_cur_freq	1600000
abba	3	0	C2	spacemit	after	frequency_khz	/sys/devices/system/cpu/cpu1/cpufreq/scaling_cur_freq	1600000
abba	3	0	C2	spacemit	after	frequency_khz	/sys/devices/system/cpu/cpu2/cpufreq/scaling_cur_freq	1600000
abba	3	0	C2	spacemit	after	frequency_khz	/sys/devices/system/cpu/cpu3/cpufreq/scaling_cur_freq	1600000
abba	3	0	C2	spacemit	after	frequency_khz	/sys/devices/system/cpu/cpu4/cpufreq/scaling_cur_freq	1600000
abba	3	0	C2	spacemit	after	frequency_khz	/sys/devices/system/cpu/cpu5/cpufreq/scaling_cur_freq	1600000
abba	3	0	C2	spacemit	after	frequency_khz	/sys/devices/system/cpu/cpu6/cpufreq/scaling_cur_freq	1600000
abba	3	0	C2	spacemit	after	frequency_khz	/sys/devices/system/cpu/cpu7/cpufreq/scaling_cur_freq	1600000
abba	3	0	C2	spacemit	after	temperature_millic	/sys/class/thermal/thermal_zone0/temp	61000
abba	3	0	C2	spacemit	after	temperature_millic	/sys/class/thermal/thermal_zone1/temp	60000
abba	3	0	C2	spacemit	after	temperature_millic	/sys/class/thermal/thermal_zone2/temp	62000
abba	3	0	C2	spacemit	after	temperature_millic	/sys/class/thermal/thermal_zone3/temp	62000
abba	3	1	B2	spacemit	before	governor	/sys/devices/system/cpu/cpu0/cpufreq/scaling_governor	performance
abba	3	1	B2	spacemit	before	governor	/sys/devices/system/cpu/cpu1/cpufreq/scaling_governor	performance
abba	3	1	B2	spacemit	before	governor	/sys/devices/system/cpu/cpu2/cpufreq/scaling_governor	performance
abba	3	1	B2	spacemit	before	governor	/sys/devices/system/cpu/cpu3/cpufreq/scaling_governor	performance
abba	3	1	B2	spacemit	before	governor	/sys/devices/system/cpu/cpu4/cpufreq/scaling_governor	performance
abba	3	1	B2	spacemit	before	governor	/sys/devices/system/cpu/cpu5/cpufreq/scaling_governor	performance
abba	3	1	B2	spacemit	before	governor	/sys/devices/system/cpu/cpu6/cpufreq/scaling_governor	performance
abba	3	1	B2	spacemit	before	governor	/sys/devices/system/cpu/cpu7/cpufreq/scaling_governor	performance
abba	3	1	B2	spacemit	before	frequency_khz	/sys/devices/system/cpu/cpu0/cpufreq/scaling_cur_freq	1600000
abba	3	1	B2	spacemit	before	frequency_khz	/sys/devices/system/cpu/cpu1/cpufreq/scaling_cur_freq	1600000
abba	3	1	B2	spacemit	before	frequency_khz	/sys/devices/system/cpu/cpu2/cpufreq/scaling_cur_freq	1600000
abba	3	1	B2	spacemit	before	frequency_khz	/sys/devices/system/cpu/cpu3/cpufreq/scaling_cur_freq	1600000
abba	3	1	B2	spacemit	before	frequency_khz	/sys/devices/system/cpu/cpu4/cpufreq/scaling_cur_freq	1600000
abba	3	1	B2	spacemit	before	frequency_khz	/sys/devices/system/cpu/cpu5/cpufreq/scaling_cur_freq	1600000
abba	3	1	B2	spacemit	before	frequency_khz	/sys/devices/system/cpu/cpu6/cpufreq/scaling_cur_freq	1600000
abba	3	1	B2	spacemit	before	frequency_khz	/sys/devices/system/cpu/cpu7/cpufreq/scaling_cur_freq	1600000
abba	3	1	B2	spacemit	before	temperature_millic	/sys/class/thermal/thermal_zone0/temp	61000
abba	3	1	B2	spacemit	before	temperature_millic	/sys/class/thermal/thermal_zone1/temp	59000
abba	3	1	B2	spacemit	before	temperature_millic	/sys/class/thermal/thermal_zone2/temp	62000
abba	3	1	B2	spacemit	before	temperature_millic	/sys/class/thermal/thermal_zone3/temp	62000
abba	3	1	B2	spacemit	after	governor	/sys/devices/system/cpu/cpu0/cpufreq/scaling_governor	performance
abba	3	1	B2	spacemit	after	governor	/sys/devices/system/cpu/cpu1/cpufreq/scaling_governor	performance
abba	3	1	B2	spacemit	after	governor	/sys/devices/system/cpu/cpu2/cpufreq/scaling_governor	performance
abba	3	1	B2	spacemit	after	governor	/sys/devices/system/cpu/cpu3/cpufreq/scaling_governor	performance
abba	3	1	B2	spacemit	after	governor	/sys/devices/system/cpu/cpu4/cpufreq/scaling_governor	performance
abba	3	1	B2	spacemit	after	governor	/sys/devices/system/cpu/cpu5/cpufreq/scaling_governor	performance
abba	3	1	B2	spacemit	after	governor	/sys/devices/system/cpu/cpu6/cpufreq/scaling_governor	performance
abba	3	1	B2	spacemit	after	governor	/sys/devices/system/cpu/cpu7/cpufreq/scaling_governor	performance
abba	3	1	B2	spacemit	after	frequency_khz	/sys/devices/system/cpu/cpu0/cpufreq/scaling_cur_freq	1600000
abba	3	1	B2	spacemit	after	frequency_khz	/sys/devices/system/cpu/cpu1/cpufreq/scaling_cur_freq	1600000
abba	3	1	B2	spacemit	after	frequency_khz	/sys/devices/system/cpu/cpu2/cpufreq/scaling_cur_freq	1600000
abba	3	1	B2	spacemit	after	frequency_khz	/sys/devices/system/cpu/cpu3/cpufreq/scaling_cur_freq	1600000
abba	3	1	B2	spacemit	after	frequency_khz	/sys/devices/system/cpu/cpu4/cpufreq/scaling_cur_freq	1600000
abba	3	1	B2	spacemit	after	frequency_khz	/sys/devices/system/cpu/cpu5/cpufreq/scaling_cur_freq	1600000
abba	3	1	B2	spacemit	after	frequency_khz	/sys/devices/system/cpu/cpu6/cpufreq/scaling_cur_freq	1600000
abba	3	1	B2	spacemit	after	frequency_khz	/sys/devices/system/cpu/cpu7/cpufreq/scaling_cur_freq	1600000
abba	3	1	B2	spacemit	after	temperature_millic	/sys/class/thermal/thermal_zone0/temp	60000
abba	3	1	B2	spacemit	after	temperature_millic	/sys/class/thermal/thermal_zone1/temp	59000
abba	3	1	B2	spacemit	after	temperature_millic	/sys/class/thermal/thermal_zone2/temp	62000
abba	3	1	B2	spacemit	after	temperature_millic	/sys/class/thermal/thermal_zone3/temp	62000
abba	3	2	B2	spacemit	before	governor	/sys/devices/system/cpu/cpu0/cpufreq/scaling_governor	performance
abba	3	2	B2	spacemit	before	governor	/sys/devices/system/cpu/cpu1/cpufreq/scaling_governor	performance
abba	3	2	B2	spacemit	before	governor	/sys/devices/system/cpu/cpu2/cpufreq/scaling_governor	performance
abba	3	2	B2	spacemit	before	governor	/sys/devices/system/cpu/cpu3/cpufreq/scaling_governor	performance
abba	3	2	B2	spacemit	before	governor	/sys/devices/system/cpu/cpu4/cpufreq/scaling_governor	performance
abba	3	2	B2	spacemit	before	governor	/sys/devices/system/cpu/cpu5/cpufreq/scaling_governor	performance
abba	3	2	B2	spacemit	before	governor	/sys/devices/system/cpu/cpu6/cpufreq/scaling_governor	performance
abba	3	2	B2	spacemit	before	governor	/sys/devices/system/cpu/cpu7/cpufreq/scaling_governor	performance
abba	3	2	B2	spacemit	before	frequency_khz	/sys/devices/system/cpu/cpu0/cpufreq/scaling_cur_freq	1600000
abba	3	2	B2	spacemit	before	frequency_khz	/sys/devices/system/cpu/cpu1/cpufreq/scaling_cur_freq	1600000
abba	3	2	B2	spacemit	before	frequency_khz	/sys/devices/system/cpu/cpu2/cpufreq/scaling_cur_freq	1600000
abba	3	2	B2	spacemit	before	frequency_khz	/sys/devices/system/cpu/cpu3/cpufreq/scaling_cur_freq	1600000
abba	3	2	B2	spacemit	before	frequency_khz	/sys/devices/system/cpu/cpu4/cpufreq/scaling_cur_freq	1600000
abba	3	2	B2	spacemit	before	frequency_khz	/sys/devices/system/cpu/cpu5/cpufreq/scaling_cur_freq	1600000
abba	3	2	B2	spacemit	before	frequency_khz	/sys/devices/system/cpu/cpu6/cpufreq/scaling_cur_freq	1600000
abba	3	2	B2	spacemit	before	frequency_khz	/sys/devices/system/cpu/cpu7/cpufreq/scaling_cur_freq	1600000
abba	3	2	B2	spacemit	before	temperature_millic	/sys/class/thermal/thermal_zone0/temp	60000
abba	3	2	B2	spacemit	before	temperature_millic	/sys/class/thermal/thermal_zone1/temp	60000
abba	3	2	B2	spacemit	before	temperature_millic	/sys/class/thermal/thermal_zone2/temp	61000
abba	3	2	B2	spacemit	before	temperature_millic	/sys/class/thermal/thermal_zone3/temp	62000
abba	3	2	B2	spacemit	after	governor	/sys/devices/system/cpu/cpu0/cpufreq/scaling_governor	performance
abba	3	2	B2	spacemit	after	governor	/sys/devices/system/cpu/cpu1/cpufreq/scaling_governor	performance
abba	3	2	B2	spacemit	after	governor	/sys/devices/system/cpu/cpu2/cpufreq/scaling_governor	performance
abba	3	2	B2	spacemit	after	governor	/sys/devices/system/cpu/cpu3/cpufreq/scaling_governor	performance
abba	3	2	B2	spacemit	after	governor	/sys/devices/system/cpu/cpu4/cpufreq/scaling_governor	performance
abba	3	2	B2	spacemit	after	governor	/sys/devices/system/cpu/cpu5/cpufreq/scaling_governor	performance
abba	3	2	B2	spacemit	after	governor	/sys/devices/system/cpu/cpu6/cpufreq/scaling_governor	performance
abba	3	2	B2	spacemit	after	governor	/sys/devices/system/cpu/cpu7/cpufreq/scaling_governor	performance
abba	3	2	B2	spacemit	after	frequency_khz	/sys/devices/system/cpu/cpu0/cpufreq/scaling_cur_freq	1600000
abba	3	2	B2	spacemit	after	frequency_khz	/sys/devices/system/cpu/cpu1/cpufreq/scaling_cur_freq	1600000
abba	3	2	B2	spacemit	after	frequency_khz	/sys/devices/system/cpu/cpu2/cpufreq/scaling_cur_freq	1600000
abba	3	2	B2	spacemit	after	frequency_khz	/sys/devices/system/cpu/cpu3/cpufreq/scaling_cur_freq	1600000
abba	3	2	B2	spacemit	after	frequency_khz	/sys/devices/system/cpu/cpu4/cpufreq/scaling_cur_freq	1600000
abba	3	2	B2	spacemit	after	frequency_khz	/sys/devices/system/cpu/cpu5/cpufreq/scaling_cur_freq	1600000
abba	3	2	B2	spacemit	after	frequency_khz	/sys/devices/system/cpu/cpu6/cpufreq/scaling_cur_freq	1600000
abba	3	2	B2	spacemit	after	frequency_khz	/sys/devices/system/cpu/cpu7/cpufreq/scaling_cur_freq	1600000
abba	3	2	B2	spacemit	after	temperature_millic	/sys/class/thermal/thermal_zone0/temp	60000
abba	3	2	B2	spacemit	after	temperature_millic	/sys/class/thermal/thermal_zone1/temp	61000
abba	3	2	B2	spacemit	after	temperature_millic	/sys/class/thermal/thermal_zone2/temp	62000
abba	3	2	B2	spacemit	after	temperature_millic	/sys/class/thermal/thermal_zone3/temp	61000
abba	3	3	C2	spacemit	before	governor	/sys/devices/system/cpu/cpu0/cpufreq/scaling_governor	performance
abba	3	3	C2	spacemit	before	governor	/sys/devices/system/cpu/cpu1/cpufreq/scaling_governor	performance
abba	3	3	C2	spacemit	before	governor	/sys/devices/system/cpu/cpu2/cpufreq/scaling_governor	performance
abba	3	3	C2	spacemit	before	governor	/sys/devices/system/cpu/cpu3/cpufreq/scaling_governor	performance
abba	3	3	C2	spacemit	before	governor	/sys/devices/system/cpu/cpu4/cpufreq/scaling_governor	performance
abba	3	3	C2	spacemit	before	governor	/sys/devices/system/cpu/cpu5/cpufreq/scaling_governor	performance
abba	3	3	C2	spacemit	before	governor	/sys/devices/system/cpu/cpu6/cpufreq/scaling_governor	performance
abba	3	3	C2	spacemit	before	governor	/sys/devices/system/cpu/cpu7/cpufreq/scaling_governor	performance
abba	3	3	C2	spacemit	before	frequency_khz	/sys/devices/system/cpu/cpu0/cpufreq/scaling_cur_freq	1600000
abba	3	3	C2	spacemit	before	frequency_khz	/sys/devices/system/cpu/cpu1/cpufreq/scaling_cur_freq	1600000
abba	3	3	C2	spacemit	before	frequency_khz	/sys/devices/system/cpu/cpu2/cpufreq/scaling_cur_freq	1600000
abba	3	3	C2	spacemit	before	frequency_khz	/sys/devices/system/cpu/cpu3/cpufreq/scaling_cur_freq	1600000
abba	3	3	C2	spacemit	before	frequency_khz	/sys/devices/system/cpu/cpu4/cpufreq/scaling_cur_freq	1600000
abba	3	3	C2	spacemit	before	frequency_khz	/sys/devices/system/cpu/cpu5/cpufreq/scaling_cur_freq	1600000
abba	3	3	C2	spacemit	before	frequency_khz	/sys/devices/system/cpu/cpu6/cpufreq/scaling_cur_freq	1600000
abba	3	3	C2	spacemit	before	frequency_khz	/sys/devices/system/cpu/cpu7/cpufreq/scaling_cur_freq	1600000
abba	3	3	C2	spacemit	before	temperature_millic	/sys/class/thermal/thermal_zone0/temp	60000
abba	3	3	C2	spacemit	before	temperature_millic	/sys/class/thermal/thermal_zone1/temp	60000
abba	3	3	C2	spacemit	before	temperature_millic	/sys/class/thermal/thermal_zone2/temp	60000
abba	3	3	C2	spacemit	before	temperature_millic	/sys/class/thermal/thermal_zone3/temp	61000
abba	3	3	C2	spacemit	after	governor	/sys/devices/system/cpu/cpu0/cpufreq/scaling_governor	performance
abba	3	3	C2	spacemit	after	governor	/sys/devices/system/cpu/cpu1/cpufreq/scaling_governor	performance
abba	3	3	C2	spacemit	after	governor	/sys/devices/system/cpu/cpu2/cpufreq/scaling_governor	performance
abba	3	3	C2	spacemit	after	governor	/sys/devices/system/cpu/cpu3/cpufreq/scaling_governor	performance
abba	3	3	C2	spacemit	after	governor	/sys/devices/system/cpu/cpu4/cpufreq/scaling_governor	performance
abba	3	3	C2	spacemit	after	governor	/sys/devices/system/cpu/cpu5/cpufreq/scaling_governor	performance
abba	3	3	C2	spacemit	after	governor	/sys/devices/system/cpu/cpu6/cpufreq/scaling_governor	performance
abba	3	3	C2	spacemit	after	governor	/sys/devices/system/cpu/cpu7/cpufreq/scaling_governor	performance
abba	3	3	C2	spacemit	after	frequency_khz	/sys/devices/system/cpu/cpu0/cpufreq/scaling_cur_freq	1600000
abba	3	3	C2	spacemit	after	frequency_khz	/sys/devices/system/cpu/cpu1/cpufreq/scaling_cur_freq	1600000
abba	3	3	C2	spacemit	after	frequency_khz	/sys/devices/system/cpu/cpu2/cpufreq/scaling_cur_freq	1600000
abba	3	3	C2	spacemit	after	frequency_khz	/sys/devices/system/cpu/cpu3/cpufreq/scaling_cur_freq	1600000
abba	3	3	C2	spacemit	after	frequency_khz	/sys/devices/system/cpu/cpu4/cpufreq/scaling_cur_freq	1600000
abba	3	3	C2	spacemit	after	frequency_khz	/sys/devices/system/cpu/cpu5/cpufreq/scaling_cur_freq	1600000
abba	3	3	C2	spacemit	after	frequency_khz	/sys/devices/system/cpu/cpu6/cpufreq/scaling_cur_freq	1600000
abba	3	3	C2	spacemit	after	frequency_khz	/sys/devices/system/cpu/cpu7/cpufreq/scaling_cur_freq	1600000
abba	3	3	C2	spacemit	after	temperature_millic	/sys/class/thermal/thermal_zone0/temp	61000
abba	3	3	C2	spacemit	after	temperature_millic	/sys/class/thermal/thermal_zone1/temp	61000
abba	3	3	C2	spacemit	after	temperature_millic	/sys/class/thermal/thermal_zone2/temp	61000
abba	3	3	C2	spacemit	after	temperature_millic	/sys/class/thermal/thermal_zone3/temp	62000
abba	4	0	B2	spacemit	before	governor	/sys/devices/system/cpu/cpu0/cpufreq/scaling_governor	performance
abba	4	0	B2	spacemit	before	governor	/sys/devices/system/cpu/cpu1/cpufreq/scaling_governor	performance
abba	4	0	B2	spacemit	before	governor	/sys/devices/system/cpu/cpu2/cpufreq/scaling_governor	performance
abba	4	0	B2	spacemit	before	governor	/sys/devices/system/cpu/cpu3/cpufreq/scaling_governor	performance
abba	4	0	B2	spacemit	before	governor	/sys/devices/system/cpu/cpu4/cpufreq/scaling_governor	performance
abba	4	0	B2	spacemit	before	governor	/sys/devices/system/cpu/cpu5/cpufreq/scaling_governor	performance
abba	4	0	B2	spacemit	before	governor	/sys/devices/system/cpu/cpu6/cpufreq/scaling_governor	performance
abba	4	0	B2	spacemit	before	governor	/sys/devices/system/cpu/cpu7/cpufreq/scaling_governor	performance
abba	4	0	B2	spacemit	before	frequency_khz	/sys/devices/system/cpu/cpu0/cpufreq/scaling_cur_freq	1600000
abba	4	0	B2	spacemit	before	frequency_khz	/sys/devices/system/cpu/cpu1/cpufreq/scaling_cur_freq	1600000
abba	4	0	B2	spacemit	before	frequency_khz	/sys/devices/system/cpu/cpu2/cpufreq/scaling_cur_freq	1600000
abba	4	0	B2	spacemit	before	frequency_khz	/sys/devices/system/cpu/cpu3/cpufreq/scaling_cur_freq	1600000
abba	4	0	B2	spacemit	before	frequency_khz	/sys/devices/system/cpu/cpu4/cpufreq/scaling_cur_freq	1600000
abba	4	0	B2	spacemit	before	frequency_khz	/sys/devices/system/cpu/cpu5/cpufreq/scaling_cur_freq	1600000
abba	4	0	B2	spacemit	before	frequency_khz	/sys/devices/system/cpu/cpu6/cpufreq/scaling_cur_freq	1600000
abba	4	0	B2	spacemit	before	frequency_khz	/sys/devices/system/cpu/cpu7/cpufreq/scaling_cur_freq	1600000
abba	4	0	B2	spacemit	before	temperature_millic	/sys/class/thermal/thermal_zone0/temp	60000
abba	4	0	B2	spacemit	before	temperature_millic	/sys/class/thermal/thermal_zone1/temp	61000
abba	4	0	B2	spacemit	before	temperature_millic	/sys/class/thermal/thermal_zone2/temp	61000
abba	4	0	B2	spacemit	before	temperature_millic	/sys/class/thermal/thermal_zone3/temp	63000
abba	4	0	B2	spacemit	after	governor	/sys/devices/system/cpu/cpu0/cpufreq/scaling_governor	performance
abba	4	0	B2	spacemit	after	governor	/sys/devices/system/cpu/cpu1/cpufreq/scaling_governor	performance
abba	4	0	B2	spacemit	after	governor	/sys/devices/system/cpu/cpu2/cpufreq/scaling_governor	performance
abba	4	0	B2	spacemit	after	governor	/sys/devices/system/cpu/cpu3/cpufreq/scaling_governor	performance
abba	4	0	B2	spacemit	after	governor	/sys/devices/system/cpu/cpu4/cpufreq/scaling_governor	performance
abba	4	0	B2	spacemit	after	governor	/sys/devices/system/cpu/cpu5/cpufreq/scaling_governor	performance
abba	4	0	B2	spacemit	after	governor	/sys/devices/system/cpu/cpu6/cpufreq/scaling_governor	performance
abba	4	0	B2	spacemit	after	governor	/sys/devices/system/cpu/cpu7/cpufreq/scaling_governor	performance
abba	4	0	B2	spacemit	after	frequency_khz	/sys/devices/system/cpu/cpu0/cpufreq/scaling_cur_freq	1600000
abba	4	0	B2	spacemit	after	frequency_khz	/sys/devices/system/cpu/cpu1/cpufreq/scaling_cur_freq	1600000
abba	4	0	B2	spacemit	after	frequency_khz	/sys/devices/system/cpu/cpu2/cpufreq/scaling_cur_freq	1600000
abba	4	0	B2	spacemit	after	frequency_khz	/sys/devices/system/cpu/cpu3/cpufreq/scaling_cur_freq	1600000
abba	4	0	B2	spacemit	after	frequency_khz	/sys/devices/system/cpu/cpu4/cpufreq/scaling_cur_freq	1600000
abba	4	0	B2	spacemit	after	frequency_khz	/sys/devices/system/cpu/cpu5/cpufreq/scaling_cur_freq	1600000
abba	4	0	B2	spacemit	after	frequency_khz	/sys/devices/system/cpu/cpu6/cpufreq/scaling_cur_freq	1600000
abba	4	0	B2	spacemit	after	frequency_khz	/sys/devices/system/cpu/cpu7/cpufreq/scaling_cur_freq	1600000
abba	4	0	B2	spacemit	after	temperature_millic	/sys/class/thermal/thermal_zone0/temp	60000
abba	4	0	B2	spacemit	after	temperature_millic	/sys/class/thermal/thermal_zone1/temp	61000
abba	4	0	B2	spacemit	after	temperature_millic	/sys/class/thermal/thermal_zone2/temp	62000
abba	4	0	B2	spacemit	after	temperature_millic	/sys/class/thermal/thermal_zone3/temp	63000
abba	4	1	C2	spacemit	before	governor	/sys/devices/system/cpu/cpu0/cpufreq/scaling_governor	performance
abba	4	1	C2	spacemit	before	governor	/sys/devices/system/cpu/cpu1/cpufreq/scaling_governor	performance
abba	4	1	C2	spacemit	before	governor	/sys/devices/system/cpu/cpu2/cpufreq/scaling_governor	performance
abba	4	1	C2	spacemit	before	governor	/sys/devices/system/cpu/cpu3/cpufreq/scaling_governor	performance
abba	4	1	C2	spacemit	before	governor	/sys/devices/system/cpu/cpu4/cpufreq/scaling_governor	performance
abba	4	1	C2	spacemit	before	governor	/sys/devices/system/cpu/cpu5/cpufreq/scaling_governor	performance
abba	4	1	C2	spacemit	before	governor	/sys/devices/system/cpu/cpu6/cpufreq/scaling_governor	performance
abba	4	1	C2	spacemit	before	governor	/sys/devices/system/cpu/cpu7/cpufreq/scaling_governor	performance
abba	4	1	C2	spacemit	before	frequency_khz	/sys/devices/system/cpu/cpu0/cpufreq/scaling_cur_freq	1600000
abba	4	1	C2	spacemit	before	frequency_khz	/sys/devices/system/cpu/cpu1/cpufreq/scaling_cur_freq	1600000
abba	4	1	C2	spacemit	before	frequency_khz	/sys/devices/system/cpu/cpu2/cpufreq/scaling_cur_freq	1600000
abba	4	1	C2	spacemit	before	frequency_khz	/sys/devices/system/cpu/cpu3/cpufreq/scaling_cur_freq	1600000
abba	4	1	C2	spacemit	before	frequency_khz	/sys/devices/system/cpu/cpu4/cpufreq/scaling_cur_freq	1600000
abba	4	1	C2	spacemit	before	frequency_khz	/sys/devices/system/cpu/cpu5/cpufreq/scaling_cur_freq	1600000
abba	4	1	C2	spacemit	before	frequency_khz	/sys/devices/system/cpu/cpu6/cpufreq/scaling_cur_freq	1600000
abba	4	1	C2	spacemit	before	frequency_khz	/sys/devices/system/cpu/cpu7/cpufreq/scaling_cur_freq	1600000
abba	4	1	C2	spacemit	before	temperature_millic	/sys/class/thermal/thermal_zone0/temp	59000
abba	4	1	C2	spacemit	before	temperature_millic	/sys/class/thermal/thermal_zone1/temp	61000
abba	4	1	C2	spacemit	before	temperature_millic	/sys/class/thermal/thermal_zone2/temp	61000
abba	4	1	C2	spacemit	before	temperature_millic	/sys/class/thermal/thermal_zone3/temp	62000
abba	4	1	C2	spacemit	after	governor	/sys/devices/system/cpu/cpu0/cpufreq/scaling_governor	performance
abba	4	1	C2	spacemit	after	governor	/sys/devices/system/cpu/cpu1/cpufreq/scaling_governor	performance
abba	4	1	C2	spacemit	after	governor	/sys/devices/system/cpu/cpu2/cpufreq/scaling_governor	performance
abba	4	1	C2	spacemit	after	governor	/sys/devices/system/cpu/cpu3/cpufreq/scaling_governor	performance
abba	4	1	C2	spacemit	after	governor	/sys/devices/system/cpu/cpu4/cpufreq/scaling_governor	performance
abba	4	1	C2	spacemit	after	governor	/sys/devices/system/cpu/cpu5/cpufreq/scaling_governor	performance
abba	4	1	C2	spacemit	after	governor	/sys/devices/system/cpu/cpu6/cpufreq/scaling_governor	performance
abba	4	1	C2	spacemit	after	governor	/sys/devices/system/cpu/cpu7/cpufreq/scaling_governor	performance
abba	4	1	C2	spacemit	after	frequency_khz	/sys/devices/system/cpu/cpu0/cpufreq/scaling_cur_freq	1600000
abba	4	1	C2	spacemit	after	frequency_khz	/sys/devices/system/cpu/cpu1/cpufreq/scaling_cur_freq	1600000
abba	4	1	C2	spacemit	after	frequency_khz	/sys/devices/system/cpu/cpu2/cpufreq/scaling_cur_freq	1600000
abba	4	1	C2	spacemit	after	frequency_khz	/sys/devices/system/cpu/cpu3/cpufreq/scaling_cur_freq	1600000
abba	4	1	C2	spacemit	after	frequency_khz	/sys/devices/system/cpu/cpu4/cpufreq/scaling_cur_freq	1600000
abba	4	1	C2	spacemit	after	frequency_khz	/sys/devices/system/cpu/cpu5/cpufreq/scaling_cur_freq	1600000
abba	4	1	C2	spacemit	after	frequency_khz	/sys/devices/system/cpu/cpu6/cpufreq/scaling_cur_freq	1600000
abba	4	1	C2	spacemit	after	frequency_khz	/sys/devices/system/cpu/cpu7/cpufreq/scaling_cur_freq	1600000
abba	4	1	C2	spacemit	after	temperature_millic	/sys/class/thermal/thermal_zone0/temp	60000
abba	4	1	C2	spacemit	after	temperature_millic	/sys/class/thermal/thermal_zone1/temp	61000
abba	4	1	C2	spacemit	after	temperature_millic	/sys/class/thermal/thermal_zone2/temp	61000
abba	4	1	C2	spacemit	after	temperature_millic	/sys/class/thermal/thermal_zone3/temp	61000
abba	4	2	C2	spacemit	before	governor	/sys/devices/system/cpu/cpu0/cpufreq/scaling_governor	performance
abba	4	2	C2	spacemit	before	governor	/sys/devices/system/cpu/cpu1/cpufreq/scaling_governor	performance
abba	4	2	C2	spacemit	before	governor	/sys/devices/system/cpu/cpu2/cpufreq/scaling_governor	performance
abba	4	2	C2	spacemit	before	governor	/sys/devices/system/cpu/cpu3/cpufreq/scaling_governor	performance
abba	4	2	C2	spacemit	before	governor	/sys/devices/system/cpu/cpu4/cpufreq/scaling_governor	performance
abba	4	2	C2	spacemit	before	governor	/sys/devices/system/cpu/cpu5/cpufreq/scaling_governor	performance
abba	4	2	C2	spacemit	before	governor	/sys/devices/system/cpu/cpu6/cpufreq/scaling_governor	performance
abba	4	2	C2	spacemit	before	governor	/sys/devices/system/cpu/cpu7/cpufreq/scaling_governor	performance
abba	4	2	C2	spacemit	before	frequency_khz	/sys/devices/system/cpu/cpu0/cpufreq/scaling_cur_freq	1600000
abba	4	2	C2	spacemit	before	frequency_khz	/sys/devices/system/cpu/cpu1/cpufreq/scaling_cur_freq	1600000
abba	4	2	C2	spacemit	before	frequency_khz	/sys/devices/system/cpu/cpu2/cpufreq/scaling_cur_freq	1600000
abba	4	2	C2	spacemit	before	frequency_khz	/sys/devices/system/cpu/cpu3/cpufreq/scaling_cur_freq	1600000
abba	4	2	C2	spacemit	before	frequency_khz	/sys/devices/system/cpu/cpu4/cpufreq/scaling_cur_freq	1600000
abba	4	2	C2	spacemit	before	frequency_khz	/sys/devices/system/cpu/cpu5/cpufreq/scaling_cur_freq	1600000
abba	4	2	C2	spacemit	before	frequency_khz	/sys/devices/system/cpu/cpu6/cpufreq/scaling_cur_freq	1600000
abba	4	2	C2	spacemit	before	frequency_khz	/sys/devices/system/cpu/cpu7/cpufreq/scaling_cur_freq	1600000
abba	4	2	C2	spacemit	before	temperature_millic	/sys/class/thermal/thermal_zone0/temp	61000
abba	4	2	C2	spacemit	before	temperature_millic	/sys/class/thermal/thermal_zone1/temp	60000
abba	4	2	C2	spacemit	before	temperature_millic	/sys/class/thermal/thermal_zone2/temp	61000
abba	4	2	C2	spacemit	before	temperature_millic	/sys/class/thermal/thermal_zone3/temp	63000
abba	4	2	C2	spacemit	after	governor	/sys/devices/system/cpu/cpu0/cpufreq/scaling_governor	performance
abba	4	2	C2	spacemit	after	governor	/sys/devices/system/cpu/cpu1/cpufreq/scaling_governor	performance
abba	4	2	C2	spacemit	after	governor	/sys/devices/system/cpu/cpu2/cpufreq/scaling_governor	performance
abba	4	2	C2	spacemit	after	governor	/sys/devices/system/cpu/cpu3/cpufreq/scaling_governor	performance
abba	4	2	C2	spacemit	after	governor	/sys/devices/system/cpu/cpu4/cpufreq/scaling_governor	performance
abba	4	2	C2	spacemit	after	governor	/sys/devices/system/cpu/cpu5/cpufreq/scaling_governor	performance
abba	4	2	C2	spacemit	after	governor	/sys/devices/system/cpu/cpu6/cpufreq/scaling_governor	performance
abba	4	2	C2	spacemit	after	governor	/sys/devices/system/cpu/cpu7/cpufreq/scaling_governor	performance
abba	4	2	C2	spacemit	after	frequency_khz	/sys/devices/system/cpu/cpu0/cpufreq/scaling_cur_freq	1600000
abba	4	2	C2	spacemit	after	frequency_khz	/sys/devices/system/cpu/cpu1/cpufreq/scaling_cur_freq	1600000
abba	4	2	C2	spacemit	after	frequency_khz	/sys/devices/system/cpu/cpu2/cpufreq/scaling_cur_freq	1600000
abba	4	2	C2	spacemit	after	frequency_khz	/sys/devices/system/cpu/cpu3/cpufreq/scaling_cur_freq	1600000
abba	4	2	C2	spacemit	after	frequency_khz	/sys/devices/system/cpu/cpu4/cpufreq/scaling_cur_freq	1600000
abba	4	2	C2	spacemit	after	frequency_khz	/sys/devices/system/cpu/cpu5/cpufreq/scaling_cur_freq	1600000
abba	4	2	C2	spacemit	after	frequency_khz	/sys/devices/system/cpu/cpu6/cpufreq/scaling_cur_freq	1600000
abba	4	2	C2	spacemit	after	frequency_khz	/sys/devices/system/cpu/cpu7/cpufreq/scaling_cur_freq	1600000
abba	4	2	C2	spacemit	after	temperature_millic	/sys/class/thermal/thermal_zone0/temp	60000
abba	4	2	C2	spacemit	after	temperature_millic	/sys/class/thermal/thermal_zone1/temp	60000
abba	4	2	C2	spacemit	after	temperature_millic	/sys/class/thermal/thermal_zone2/temp	61000
abba	4	2	C2	spacemit	after	temperature_millic	/sys/class/thermal/thermal_zone3/temp	61000
abba	4	3	B2	spacemit	before	governor	/sys/devices/system/cpu/cpu0/cpufreq/scaling_governor	performance
abba	4	3	B2	spacemit	before	governor	/sys/devices/system/cpu/cpu1/cpufreq/scaling_governor	performance
abba	4	3	B2	spacemit	before	governor	/sys/devices/system/cpu/cpu2/cpufreq/scaling_governor	performance
abba	4	3	B2	spacemit	before	governor	/sys/devices/system/cpu/cpu3/cpufreq/scaling_governor	performance
abba	4	3	B2	spacemit	before	governor	/sys/devices/system/cpu/cpu4/cpufreq/scaling_governor	performance
abba	4	3	B2	spacemit	before	governor	/sys/devices/system/cpu/cpu5/cpufreq/scaling_governor	performance
abba	4	3	B2	spacemit	before	governor	/sys/devices/system/cpu/cpu6/cpufreq/scaling_governor	performance
abba	4	3	B2	spacemit	before	governor	/sys/devices/system/cpu/cpu7/cpufreq/scaling_governor	performance
abba	4	3	B2	spacemit	before	frequency_khz	/sys/devices/system/cpu/cpu0/cpufreq/scaling_cur_freq	1600000
abba	4	3	B2	spacemit	before	frequency_khz	/sys/devices/system/cpu/cpu1/cpufreq/scaling_cur_freq	1600000
abba	4	3	B2	spacemit	before	frequency_khz	/sys/devices/system/cpu/cpu2/cpufreq/scaling_cur_freq	1600000
abba	4	3	B2	spacemit	before	frequency_khz	/sys/devices/system/cpu/cpu3/cpufreq/scaling_cur_freq	1600000
abba	4	3	B2	spacemit	before	frequency_khz	/sys/devices/system/cpu/cpu4/cpufreq/scaling_cur_freq	1600000
abba	4	3	B2	spacemit	before	frequency_khz	/sys/devices/system/cpu/cpu5/cpufreq/scaling_cur_freq	1600000
abba	4	3	B2	spacemit	before	frequency_khz	/sys/devices/system/cpu/cpu6/cpufreq/scaling_cur_freq	1600000
abba	4	3	B2	spacemit	before	frequency_khz	/sys/devices/system/cpu/cpu7/cpufreq/scaling_cur_freq	1600000
abba	4	3	B2	spacemit	before	temperature_millic	/sys/class/thermal/thermal_zone0/temp	62000
abba	4	3	B2	spacemit	before	temperature_millic	/sys/class/thermal/thermal_zone1/temp	60000
abba	4	3	B2	spacemit	before	temperature_millic	/sys/class/thermal/thermal_zone2/temp	61000
abba	4	3	B2	spacemit	before	temperature_millic	/sys/class/thermal/thermal_zone3/temp	62000
abba	4	3	B2	spacemit	after	governor	/sys/devices/system/cpu/cpu0/cpufreq/scaling_governor	performance
abba	4	3	B2	spacemit	after	governor	/sys/devices/system/cpu/cpu1/cpufreq/scaling_governor	performance
abba	4	3	B2	spacemit	after	governor	/sys/devices/system/cpu/cpu2/cpufreq/scaling_governor	performance
abba	4	3	B2	spacemit	after	governor	/sys/devices/system/cpu/cpu3/cpufreq/scaling_governor	performance
abba	4	3	B2	spacemit	after	governor	/sys/devices/system/cpu/cpu4/cpufreq/scaling_governor	performance
abba	4	3	B2	spacemit	after	governor	/sys/devices/system/cpu/cpu5/cpufreq/scaling_governor	performance
abba	4	3	B2	spacemit	after	governor	/sys/devices/system/cpu/cpu6/cpufreq/scaling_governor	performance
abba	4	3	B2	spacemit	after	governor	/sys/devices/system/cpu/cpu7/cpufreq/scaling_governor	performance
abba	4	3	B2	spacemit	after	frequency_khz	/sys/devices/system/cpu/cpu0/cpufreq/scaling_cur_freq	1600000
abba	4	3	B2	spacemit	after	frequency_khz	/sys/devices/system/cpu/cpu1/cpufreq/scaling_cur_freq	1600000
abba	4	3	B2	spacemit	after	frequency_khz	/sys/devices/system/cpu/cpu2/cpufreq/scaling_cur_freq	1600000
abba	4	3	B2	spacemit	after	frequency_khz	/sys/devices/system/cpu/cpu3/cpufreq/scaling_cur_freq	1600000
abba	4	3	B2	spacemit	after	frequency_khz	/sys/devices/system/cpu/cpu4/cpufreq/scaling_cur_freq	1600000
abba	4	3	B2	spacemit	after	frequency_khz	/sys/devices/system/cpu/cpu5/cpufreq/scaling_cur_freq	1600000
abba	4	3	B2	spacemit	after	frequency_khz	/sys/devices/system/cpu/cpu6/cpufreq/scaling_cur_freq	1600000
abba	4	3	B2	spacemit	after	frequency_khz	/sys/devices/system/cpu/cpu7/cpufreq/scaling_cur_freq	1600000
abba	4	3	B2	spacemit	after	temperature_millic	/sys/class/thermal/thermal_zone0/temp	61000
abba	4	3	B2	spacemit	after	temperature_millic	/sys/class/thermal/thermal_zone1/temp	61000
abba	4	3	B2	spacemit	after	temperature_millic	/sys/class/thermal/thermal_zone2/temp	62000
abba	4	3	B2	spacemit	after	temperature_millic	/sys/class/thermal/thermal_zone3/temp	61000
abba	5	0	C2	spacemit	before	governor	/sys/devices/system/cpu/cpu0/cpufreq/scaling_governor	performance
abba	5	0	C2	spacemit	before	governor	/sys/devices/system/cpu/cpu1/cpufreq/scaling_governor	performance
abba	5	0	C2	spacemit	before	governor	/sys/devices/system/cpu/cpu2/cpufreq/scaling_governor	performance
abba	5	0	C2	spacemit	before	governor	/sys/devices/system/cpu/cpu3/cpufreq/scaling_governor	performance
abba	5	0	C2	spacemit	before	governor	/sys/devices/system/cpu/cpu4/cpufreq/scaling_governor	performance
abba	5	0	C2	spacemit	before	governor	/sys/devices/system/cpu/cpu5/cpufreq/scaling_governor	performance
abba	5	0	C2	spacemit	before	governor	/sys/devices/system/cpu/cpu6/cpufreq/scaling_governor	performance
abba	5	0	C2	spacemit	before	governor	/sys/devices/system/cpu/cpu7/cpufreq/scaling_governor	performance
abba	5	0	C2	spacemit	before	frequency_khz	/sys/devices/system/cpu/cpu0/cpufreq/scaling_cur_freq	1600000
abba	5	0	C2	spacemit	before	frequency_khz	/sys/devices/system/cpu/cpu1/cpufreq/scaling_cur_freq	1600000
abba	5	0	C2	spacemit	before	frequency_khz	/sys/devices/system/cpu/cpu2/cpufreq/scaling_cur_freq	1600000
abba	5	0	C2	spacemit	before	frequency_khz	/sys/devices/system/cpu/cpu3/cpufreq/scaling_cur_freq	1600000
abba	5	0	C2	spacemit	before	frequency_khz	/sys/devices/system/cpu/cpu4/cpufreq/scaling_cur_freq	1600000
abba	5	0	C2	spacemit	before	frequency_khz	/sys/devices/system/cpu/cpu5/cpufreq/scaling_cur_freq	1600000
abba	5	0	C2	spacemit	before	frequency_khz	/sys/devices/system/cpu/cpu6/cpufreq/scaling_cur_freq	1600000
abba	5	0	C2	spacemit	before	frequency_khz	/sys/devices/system/cpu/cpu7/cpufreq/scaling_cur_freq	1600000
abba	5	0	C2	spacemit	before	temperature_millic	/sys/class/thermal/thermal_zone0/temp	61000
abba	5	0	C2	spacemit	before	temperature_millic	/sys/class/thermal/thermal_zone1/temp	60000
abba	5	0	C2	spacemit	before	temperature_millic	/sys/class/thermal/thermal_zone2/temp	63000
abba	5	0	C2	spacemit	before	temperature_millic	/sys/class/thermal/thermal_zone3/temp	61000
abba	5	0	C2	spacemit	after	governor	/sys/devices/system/cpu/cpu0/cpufreq/scaling_governor	performance
abba	5	0	C2	spacemit	after	governor	/sys/devices/system/cpu/cpu1/cpufreq/scaling_governor	performance
abba	5	0	C2	spacemit	after	governor	/sys/devices/system/cpu/cpu2/cpufreq/scaling_governor	performance
abba	5	0	C2	spacemit	after	governor	/sys/devices/system/cpu/cpu3/cpufreq/scaling_governor	performance
abba	5	0	C2	spacemit	after	governor	/sys/devices/system/cpu/cpu4/cpufreq/scaling_governor	performance
abba	5	0	C2	spacemit	after	governor	/sys/devices/system/cpu/cpu5/cpufreq/scaling_governor	performance
abba	5	0	C2	spacemit	after	governor	/sys/devices/system/cpu/cpu6/cpufreq/scaling_governor	performance
abba	5	0	C2	spacemit	after	governor	/sys/devices/system/cpu/cpu7/cpufreq/scaling_governor	performance
abba	5	0	C2	spacemit	after	frequency_khz	/sys/devices/system/cpu/cpu0/cpufreq/scaling_cur_freq	1600000
abba	5	0	C2	spacemit	after	frequency_khz	/sys/devices/system/cpu/cpu1/cpufreq/scaling_cur_freq	1600000
abba	5	0	C2	spacemit	after	frequency_khz	/sys/devices/system/cpu/cpu2/cpufreq/scaling_cur_freq	1600000
abba	5	0	C2	spacemit	after	frequency_khz	/sys/devices/system/cpu/cpu3/cpufreq/scaling_cur_freq	1600000
abba	5	0	C2	spacemit	after	frequency_khz	/sys/devices/system/cpu/cpu4/cpufreq/scaling_cur_freq	1600000
abba	5	0	C2	spacemit	after	frequency_khz	/sys/devices/system/cpu/cpu5/cpufreq/scaling_cur_freq	1600000
abba	5	0	C2	spacemit	after	frequency_khz	/sys/devices/system/cpu/cpu6/cpufreq/scaling_cur_freq	1600000
abba	5	0	C2	spacemit	after	frequency_khz	/sys/devices/system/cpu/cpu7/cpufreq/scaling_cur_freq	1600000
abba	5	0	C2	spacemit	after	temperature_millic	/sys/class/thermal/thermal_zone0/temp	60000
abba	5	0	C2	spacemit	after	temperature_millic	/sys/class/thermal/thermal_zone1/temp	60000
abba	5	0	C2	spacemit	after	temperature_millic	/sys/class/thermal/thermal_zone2/temp	62000
abba	5	0	C2	spacemit	after	temperature_millic	/sys/class/thermal/thermal_zone3/temp	61000
abba	5	1	B2	spacemit	before	governor	/sys/devices/system/cpu/cpu0/cpufreq/scaling_governor	performance
abba	5	1	B2	spacemit	before	governor	/sys/devices/system/cpu/cpu1/cpufreq/scaling_governor	performance
abba	5	1	B2	spacemit	before	governor	/sys/devices/system/cpu/cpu2/cpufreq/scaling_governor	performance
abba	5	1	B2	spacemit	before	governor	/sys/devices/system/cpu/cpu3/cpufreq/scaling_governor	performance
abba	5	1	B2	spacemit	before	governor	/sys/devices/system/cpu/cpu4/cpufreq/scaling_governor	performance
abba	5	1	B2	spacemit	before	governor	/sys/devices/system/cpu/cpu5/cpufreq/scaling_governor	performance
abba	5	1	B2	spacemit	before	governor	/sys/devices/system/cpu/cpu6/cpufreq/scaling_governor	performance
abba	5	1	B2	spacemit	before	governor	/sys/devices/system/cpu/cpu7/cpufreq/scaling_governor	performance
abba	5	1	B2	spacemit	before	frequency_khz	/sys/devices/system/cpu/cpu0/cpufreq/scaling_cur_freq	1600000
abba	5	1	B2	spacemit	before	frequency_khz	/sys/devices/system/cpu/cpu1/cpufreq/scaling_cur_freq	1600000
abba	5	1	B2	spacemit	before	frequency_khz	/sys/devices/system/cpu/cpu2/cpufreq/scaling_cur_freq	1600000
abba	5	1	B2	spacemit	before	frequency_khz	/sys/devices/system/cpu/cpu3/cpufreq/scaling_cur_freq	1600000
abba	5	1	B2	spacemit	before	frequency_khz	/sys/devices/system/cpu/cpu4/cpufreq/scaling_cur_freq	1600000
abba	5	1	B2	spacemit	before	frequency_khz	/sys/devices/system/cpu/cpu5/cpufreq/scaling_cur_freq	1600000
abba	5	1	B2	spacemit	before	frequency_khz	/sys/devices/system/cpu/cpu6/cpufreq/scaling_cur_freq	1600000
abba	5	1	B2	spacemit	before	frequency_khz	/sys/devices/system/cpu/cpu7/cpufreq/scaling_cur_freq	1600000
abba	5	1	B2	spacemit	before	temperature_millic	/sys/class/thermal/thermal_zone0/temp	61000
abba	5	1	B2	spacemit	before	temperature_millic	/sys/class/thermal/thermal_zone1/temp	60000
abba	5	1	B2	spacemit	before	temperature_millic	/sys/class/thermal/thermal_zone2/temp	60000
abba	5	1	B2	spacemit	before	temperature_millic	/sys/class/thermal/thermal_zone3/temp	62000
abba	5	1	B2	spacemit	after	governor	/sys/devices/system/cpu/cpu0/cpufreq/scaling_governor	performance
abba	5	1	B2	spacemit	after	governor	/sys/devices/system/cpu/cpu1/cpufreq/scaling_governor	performance
abba	5	1	B2	spacemit	after	governor	/sys/devices/system/cpu/cpu2/cpufreq/scaling_governor	performance
abba	5	1	B2	spacemit	after	governor	/sys/devices/system/cpu/cpu3/cpufreq/scaling_governor	performance
abba	5	1	B2	spacemit	after	governor	/sys/devices/system/cpu/cpu4/cpufreq/scaling_governor	performance
abba	5	1	B2	spacemit	after	governor	/sys/devices/system/cpu/cpu5/cpufreq/scaling_governor	performance
abba	5	1	B2	spacemit	after	governor	/sys/devices/system/cpu/cpu6/cpufreq/scaling_governor	performance
abba	5	1	B2	spacemit	after	governor	/sys/devices/system/cpu/cpu7/cpufreq/scaling_governor	performance
abba	5	1	B2	spacemit	after	frequency_khz	/sys/devices/system/cpu/cpu0/cpufreq/scaling_cur_freq	1600000
abba	5	1	B2	spacemit	after	frequency_khz	/sys/devices/system/cpu/cpu1/cpufreq/scaling_cur_freq	1600000
abba	5	1	B2	spacemit	after	frequency_khz	/sys/devices/system/cpu/cpu2/cpufreq/scaling_cur_freq	1600000
abba	5	1	B2	spacemit	after	frequency_khz	/sys/devices/system/cpu/cpu3/cpufreq/scaling_cur_freq	1600000
abba	5	1	B2	spacemit	after	frequency_khz	/sys/devices/system/cpu/cpu4/cpufreq/scaling_cur_freq	1600000
abba	5	1	B2	spacemit	after	frequency_khz	/sys/devices/system/cpu/cpu5/cpufreq/scaling_cur_freq	1600000
abba	5	1	B2	spacemit	after	frequency_khz	/sys/devices/system/cpu/cpu6/cpufreq/scaling_cur_freq	1600000
abba	5	1	B2	spacemit	after	frequency_khz	/sys/devices/system/cpu/cpu7/cpufreq/scaling_cur_freq	1600000
abba	5	1	B2	spacemit	after	temperature_millic	/sys/class/thermal/thermal_zone0/temp	61000
abba	5	1	B2	spacemit	after	temperature_millic	/sys/class/thermal/thermal_zone1/temp	61000
abba	5	1	B2	spacemit	after	temperature_millic	/sys/class/thermal/thermal_zone2/temp	62000
abba	5	1	B2	spacemit	after	temperature_millic	/sys/class/thermal/thermal_zone3/temp	62000
abba	5	2	B2	spacemit	before	governor	/sys/devices/system/cpu/cpu0/cpufreq/scaling_governor	performance
abba	5	2	B2	spacemit	before	governor	/sys/devices/system/cpu/cpu1/cpufreq/scaling_governor	performance
abba	5	2	B2	spacemit	before	governor	/sys/devices/system/cpu/cpu2/cpufreq/scaling_governor	performance
abba	5	2	B2	spacemit	before	governor	/sys/devices/system/cpu/cpu3/cpufreq/scaling_governor	performance
abba	5	2	B2	spacemit	before	governor	/sys/devices/system/cpu/cpu4/cpufreq/scaling_governor	performance
abba	5	2	B2	spacemit	before	governor	/sys/devices/system/cpu/cpu5/cpufreq/scaling_governor	performance
abba	5	2	B2	spacemit	before	governor	/sys/devices/system/cpu/cpu6/cpufreq/scaling_governor	performance
abba	5	2	B2	spacemit	before	governor	/sys/devices/system/cpu/cpu7/cpufreq/scaling_governor	performance
abba	5	2	B2	spacemit	before	frequency_khz	/sys/devices/system/cpu/cpu0/cpufreq/scaling_cur_freq	1600000
abba	5	2	B2	spacemit	before	frequency_khz	/sys/devices/system/cpu/cpu1/cpufreq/scaling_cur_freq	1600000
abba	5	2	B2	spacemit	before	frequency_khz	/sys/devices/system/cpu/cpu2/cpufreq/scaling_cur_freq	1600000
abba	5	2	B2	spacemit	before	frequency_khz	/sys/devices/system/cpu/cpu3/cpufreq/scaling_cur_freq	1600000
abba	5	2	B2	spacemit	before	frequency_khz	/sys/devices/system/cpu/cpu4/cpufreq/scaling_cur_freq	1600000
abba	5	2	B2	spacemit	before	frequency_khz	/sys/devices/system/cpu/cpu5/cpufreq/scaling_cur_freq	1600000
abba	5	2	B2	spacemit	before	frequency_khz	/sys/devices/system/cpu/cpu6/cpufreq/scaling_cur_freq	1600000
abba	5	2	B2	spacemit	before	frequency_khz	/sys/devices/system/cpu/cpu7/cpufreq/scaling_cur_freq	1600000
abba	5	2	B2	spacemit	before	temperature_millic	/sys/class/thermal/thermal_zone0/temp	61000
abba	5	2	B2	spacemit	before	temperature_millic	/sys/class/thermal/thermal_zone1/temp	61000
abba	5	2	B2	spacemit	before	temperature_millic	/sys/class/thermal/thermal_zone2/temp	61000
abba	5	2	B2	spacemit	before	temperature_millic	/sys/class/thermal/thermal_zone3/temp	63000
abba	5	2	B2	spacemit	after	governor	/sys/devices/system/cpu/cpu0/cpufreq/scaling_governor	performance
abba	5	2	B2	spacemit	after	governor	/sys/devices/system/cpu/cpu1/cpufreq/scaling_governor	performance
abba	5	2	B2	spacemit	after	governor	/sys/devices/system/cpu/cpu2/cpufreq/scaling_governor	performance
abba	5	2	B2	spacemit	after	governor	/sys/devices/system/cpu/cpu3/cpufreq/scaling_governor	performance
abba	5	2	B2	spacemit	after	governor	/sys/devices/system/cpu/cpu4/cpufreq/scaling_governor	performance
abba	5	2	B2	spacemit	after	governor	/sys/devices/system/cpu/cpu5/cpufreq/scaling_governor	performance
abba	5	2	B2	spacemit	after	governor	/sys/devices/system/cpu/cpu6/cpufreq/scaling_governor	performance
abba	5	2	B2	spacemit	after	governor	/sys/devices/system/cpu/cpu7/cpufreq/scaling_governor	performance
abba	5	2	B2	spacemit	after	frequency_khz	/sys/devices/system/cpu/cpu0/cpufreq/scaling_cur_freq	1600000
abba	5	2	B2	spacemit	after	frequency_khz	/sys/devices/system/cpu/cpu1/cpufreq/scaling_cur_freq	1600000
abba	5	2	B2	spacemit	after	frequency_khz	/sys/devices/system/cpu/cpu2/cpufreq/scaling_cur_freq	1600000
abba	5	2	B2	spacemit	after	frequency_khz	/sys/devices/system/cpu/cpu3/cpufreq/scaling_cur_freq	1600000
abba	5	2	B2	spacemit	after	frequency_khz	/sys/devices/system/cpu/cpu4/cpufreq/scaling_cur_freq	1600000
abba	5	2	B2	spacemit	after	frequency_khz	/sys/devices/system/cpu/cpu5/cpufreq/scaling_cur_freq	1600000
abba	5	2	B2	spacemit	after	frequency_khz	/sys/devices/system/cpu/cpu6/cpufreq/scaling_cur_freq	1600000
abba	5	2	B2	spacemit	after	frequency_khz	/sys/devices/system/cpu/cpu7/cpufreq/scaling_cur_freq	1600000
abba	5	2	B2	spacemit	after	temperature_millic	/sys/class/thermal/thermal_zone0/temp	61000
abba	5	2	B2	spacemit	after	temperature_millic	/sys/class/thermal/thermal_zone1/temp	59000
abba	5	2	B2	spacemit	after	temperature_millic	/sys/class/thermal/thermal_zone2/temp	62000
abba	5	2	B2	spacemit	after	temperature_millic	/sys/class/thermal/thermal_zone3/temp	63000
abba	5	3	C2	spacemit	before	governor	/sys/devices/system/cpu/cpu0/cpufreq/scaling_governor	performance
abba	5	3	C2	spacemit	before	governor	/sys/devices/system/cpu/cpu1/cpufreq/scaling_governor	performance
abba	5	3	C2	spacemit	before	governor	/sys/devices/system/cpu/cpu2/cpufreq/scaling_governor	performance
abba	5	3	C2	spacemit	before	governor	/sys/devices/system/cpu/cpu3/cpufreq/scaling_governor	performance
abba	5	3	C2	spacemit	before	governor	/sys/devices/system/cpu/cpu4/cpufreq/scaling_governor	performance
abba	5	3	C2	spacemit	before	governor	/sys/devices/system/cpu/cpu5/cpufreq/scaling_governor	performance
abba	5	3	C2	spacemit	before	governor	/sys/devices/system/cpu/cpu6/cpufreq/scaling_governor	performance
abba	5	3	C2	spacemit	before	governor	/sys/devices/system/cpu/cpu7/cpufreq/scaling_governor	performance
abba	5	3	C2	spacemit	before	frequency_khz	/sys/devices/system/cpu/cpu0/cpufreq/scaling_cur_freq	1600000
abba	5	3	C2	spacemit	before	frequency_khz	/sys/devices/system/cpu/cpu1/cpufreq/scaling_cur_freq	1600000
abba	5	3	C2	spacemit	before	frequency_khz	/sys/devices/system/cpu/cpu2/cpufreq/scaling_cur_freq	1600000
abba	5	3	C2	spacemit	before	frequency_khz	/sys/devices/system/cpu/cpu3/cpufreq/scaling_cur_freq	1600000
abba	5	3	C2	spacemit	before	frequency_khz	/sys/devices/system/cpu/cpu4/cpufreq/scaling_cur_freq	1600000
abba	5	3	C2	spacemit	before	frequency_khz	/sys/devices/system/cpu/cpu5/cpufreq/scaling_cur_freq	1600000
abba	5	3	C2	spacemit	before	frequency_khz	/sys/devices/system/cpu/cpu6/cpufreq/scaling_cur_freq	1600000
abba	5	3	C2	spacemit	before	frequency_khz	/sys/devices/system/cpu/cpu7/cpufreq/scaling_cur_freq	1600000
abba	5	3	C2	spacemit	before	temperature_millic	/sys/class/thermal/thermal_zone0/temp	60000
abba	5	3	C2	spacemit	before	temperature_millic	/sys/class/thermal/thermal_zone1/temp	60000
abba	5	3	C2	spacemit	before	temperature_millic	/sys/class/thermal/thermal_zone2/temp	61000
abba	5	3	C2	spacemit	before	temperature_millic	/sys/class/thermal/thermal_zone3/temp	60000
abba	5	3	C2	spacemit	after	governor	/sys/devices/system/cpu/cpu0/cpufreq/scaling_governor	performance
abba	5	3	C2	spacemit	after	governor	/sys/devices/system/cpu/cpu1/cpufreq/scaling_governor	performance
abba	5	3	C2	spacemit	after	governor	/sys/devices/system/cpu/cpu2/cpufreq/scaling_governor	performance
abba	5	3	C2	spacemit	after	governor	/sys/devices/system/cpu/cpu3/cpufreq/scaling_governor	performance
abba	5	3	C2	spacemit	after	governor	/sys/devices/system/cpu/cpu4/cpufreq/scaling_governor	performance
abba	5	3	C2	spacemit	after	governor	/sys/devices/system/cpu/cpu5/cpufreq/scaling_governor	performance
abba	5	3	C2	spacemit	after	governor	/sys/devices/system/cpu/cpu6/cpufreq/scaling_governor	performance
abba	5	3	C2	spacemit	after	governor	/sys/devices/system/cpu/cpu7/cpufreq/scaling_governor	performance
abba	5	3	C2	spacemit	after	frequency_khz	/sys/devices/system/cpu/cpu0/cpufreq/scaling_cur_freq	1600000
abba	5	3	C2	spacemit	after	frequency_khz	/sys/devices/system/cpu/cpu1/cpufreq/scaling_cur_freq	1600000
abba	5	3	C2	spacemit	after	frequency_khz	/sys/devices/system/cpu/cpu2/cpufreq/scaling_cur_freq	1600000
abba	5	3	C2	spacemit	after	frequency_khz	/sys/devices/system/cpu/cpu3/cpufreq/scaling_cur_freq	1600000
abba	5	3	C2	spacemit	after	frequency_khz	/sys/devices/system/cpu/cpu4/cpufreq/scaling_cur_freq	1600000
abba	5	3	C2	spacemit	after	frequency_khz	/sys/devices/system/cpu/cpu5/cpufreq/scaling_cur_freq	1600000
abba	5	3	C2	spacemit	after	frequency_khz	/sys/devices/system/cpu/cpu6/cpufreq/scaling_cur_freq	1600000
abba	5	3	C2	spacemit	after	frequency_khz	/sys/devices/system/cpu/cpu7/cpufreq/scaling_cur_freq	1600000
abba	5	3	C2	spacemit	after	temperature_millic	/sys/class/thermal/thermal_zone0/temp	61000
abba	5	3	C2	spacemit	after	temperature_millic	/sys/class/thermal/thermal_zone1/temp	60000
abba	5	3	C2	spacemit	after	temperature_millic	/sys/class/thermal/thermal_zone2/temp	61000
abba	5	3	C2	spacemit	after	temperature_millic	/sys/class/thermal/thermal_zone3/temp	63000
abba	6	0	B2	spacemit	before	governor	/sys/devices/system/cpu/cpu0/cpufreq/scaling_governor	performance
abba	6	0	B2	spacemit	before	governor	/sys/devices/system/cpu/cpu1/cpufreq/scaling_governor	performance
abba	6	0	B2	spacemit	before	governor	/sys/devices/system/cpu/cpu2/cpufreq/scaling_governor	performance
abba	6	0	B2	spacemit	before	governor	/sys/devices/system/cpu/cpu3/cpufreq/scaling_governor	performance
abba	6	0	B2	spacemit	before	governor	/sys/devices/system/cpu/cpu4/cpufreq/scaling_governor	performance
abba	6	0	B2	spacemit	before	governor	/sys/devices/system/cpu/cpu5/cpufreq/scaling_governor	performance
abba	6	0	B2	spacemit	before	governor	/sys/devices/system/cpu/cpu6/cpufreq/scaling_governor	performance
abba	6	0	B2	spacemit	before	governor	/sys/devices/system/cpu/cpu7/cpufreq/scaling_governor	performance
abba	6	0	B2	spacemit	before	frequency_khz	/sys/devices/system/cpu/cpu0/cpufreq/scaling_cur_freq	1600000
abba	6	0	B2	spacemit	before	frequency_khz	/sys/devices/system/cpu/cpu1/cpufreq/scaling_cur_freq	1600000
abba	6	0	B2	spacemit	before	frequency_khz	/sys/devices/system/cpu/cpu2/cpufreq/scaling_cur_freq	1600000
abba	6	0	B2	spacemit	before	frequency_khz	/sys/devices/system/cpu/cpu3/cpufreq/scaling_cur_freq	1600000
abba	6	0	B2	spacemit	before	frequency_khz	/sys/devices/system/cpu/cpu4/cpufreq/scaling_cur_freq	1600000
abba	6	0	B2	spacemit	before	frequency_khz	/sys/devices/system/cpu/cpu5/cpufreq/scaling_cur_freq	1600000
abba	6	0	B2	spacemit	before	frequency_khz	/sys/devices/system/cpu/cpu6/cpufreq/scaling_cur_freq	1600000
abba	6	0	B2	spacemit	before	frequency_khz	/sys/devices/system/cpu/cpu7/cpufreq/scaling_cur_freq	1600000
abba	6	0	B2	spacemit	before	temperature_millic	/sys/class/thermal/thermal_zone0/temp	61000
abba	6	0	B2	spacemit	before	temperature_millic	/sys/class/thermal/thermal_zone1/temp	60000
abba	6	0	B2	spacemit	before	temperature_millic	/sys/class/thermal/thermal_zone2/temp	61000
abba	6	0	B2	spacemit	before	temperature_millic	/sys/class/thermal/thermal_zone3/temp	61000
abba	6	0	B2	spacemit	after	governor	/sys/devices/system/cpu/cpu0/cpufreq/scaling_governor	performance
abba	6	0	B2	spacemit	after	governor	/sys/devices/system/cpu/cpu1/cpufreq/scaling_governor	performance
abba	6	0	B2	spacemit	after	governor	/sys/devices/system/cpu/cpu2/cpufreq/scaling_governor	performance
abba	6	0	B2	spacemit	after	governor	/sys/devices/system/cpu/cpu3/cpufreq/scaling_governor	performance
abba	6	0	B2	spacemit	after	governor	/sys/devices/system/cpu/cpu4/cpufreq/scaling_governor	performance
abba	6	0	B2	spacemit	after	governor	/sys/devices/system/cpu/cpu5/cpufreq/scaling_governor	performance
abba	6	0	B2	spacemit	after	governor	/sys/devices/system/cpu/cpu6/cpufreq/scaling_governor	performance
abba	6	0	B2	spacemit	after	governor	/sys/devices/system/cpu/cpu7/cpufreq/scaling_governor	performance
abba	6	0	B2	spacemit	after	frequency_khz	/sys/devices/system/cpu/cpu0/cpufreq/scaling_cur_freq	1600000
abba	6	0	B2	spacemit	after	frequency_khz	/sys/devices/system/cpu/cpu1/cpufreq/scaling_cur_freq	1600000
abba	6	0	B2	spacemit	after	frequency_khz	/sys/devices/system/cpu/cpu2/cpufreq/scaling_cur_freq	1600000
abba	6	0	B2	spacemit	after	frequency_khz	/sys/devices/system/cpu/cpu3/cpufreq/scaling_cur_freq	1600000
abba	6	0	B2	spacemit	after	frequency_khz	/sys/devices/system/cpu/cpu4/cpufreq/scaling_cur_freq	1600000
abba	6	0	B2	spacemit	after	frequency_khz	/sys/devices/system/cpu/cpu5/cpufreq/scaling_cur_freq	1600000
abba	6	0	B2	spacemit	after	frequency_khz	/sys/devices/system/cpu/cpu6/cpufreq/scaling_cur_freq	1600000
abba	6	0	B2	spacemit	after	frequency_khz	/sys/devices/system/cpu/cpu7/cpufreq/scaling_cur_freq	1600000
abba	6	0	B2	spacemit	after	temperature_millic	/sys/class/thermal/thermal_zone0/temp	60000
abba	6	0	B2	spacemit	after	temperature_millic	/sys/class/thermal/thermal_zone1/temp	61000
abba	6	0	B2	spacemit	after	temperature_millic	/sys/class/thermal/thermal_zone2/temp	62000
abba	6	0	B2	spacemit	after	temperature_millic	/sys/class/thermal/thermal_zone3/temp	62000
abba	6	1	C2	spacemit	before	governor	/sys/devices/system/cpu/cpu0/cpufreq/scaling_governor	performance
abba	6	1	C2	spacemit	before	governor	/sys/devices/system/cpu/cpu1/cpufreq/scaling_governor	performance
abba	6	1	C2	spacemit	before	governor	/sys/devices/system/cpu/cpu2/cpufreq/scaling_governor	performance
abba	6	1	C2	spacemit	before	governor	/sys/devices/system/cpu/cpu3/cpufreq/scaling_governor	performance
abba	6	1	C2	spacemit	before	governor	/sys/devices/system/cpu/cpu4/cpufreq/scaling_governor	performance
abba	6	1	C2	spacemit	before	governor	/sys/devices/system/cpu/cpu5/cpufreq/scaling_governor	performance
abba	6	1	C2	spacemit	before	governor	/sys/devices/system/cpu/cpu6/cpufreq/scaling_governor	performance
abba	6	1	C2	spacemit	before	governor	/sys/devices/system/cpu/cpu7/cpufreq/scaling_governor	performance
abba	6	1	C2	spacemit	before	frequency_khz	/sys/devices/system/cpu/cpu0/cpufreq/scaling_cur_freq	1600000
abba	6	1	C2	spacemit	before	frequency_khz	/sys/devices/system/cpu/cpu1/cpufreq/scaling_cur_freq	1600000
abba	6	1	C2	spacemit	before	frequency_khz	/sys/devices/system/cpu/cpu2/cpufreq/scaling_cur_freq	1600000
abba	6	1	C2	spacemit	before	frequency_khz	/sys/devices/system/cpu/cpu3/cpufreq/scaling_cur_freq	1600000
abba	6	1	C2	spacemit	before	frequency_khz	/sys/devices/system/cpu/cpu4/cpufreq/scaling_cur_freq	1600000
abba	6	1	C2	spacemit	before	frequency_khz	/sys/devices/system/cpu/cpu5/cpufreq/scaling_cur_freq	1600000
abba	6	1	C2	spacemit	before	frequency_khz	/sys/devices/system/cpu/cpu6/cpufreq/scaling_cur_freq	1600000
abba	6	1	C2	spacemit	before	frequency_khz	/sys/devices/system/cpu/cpu7/cpufreq/scaling_cur_freq	1600000
abba	6	1	C2	spacemit	before	temperature_millic	/sys/class/thermal/thermal_zone0/temp	61000
abba	6	1	C2	spacemit	before	temperature_millic	/sys/class/thermal/thermal_zone1/temp	61000
abba	6	1	C2	spacemit	before	temperature_millic	/sys/class/thermal/thermal_zone2/temp	62000
abba	6	1	C2	spacemit	before	temperature_millic	/sys/class/thermal/thermal_zone3/temp	61000
abba	6	1	C2	spacemit	after	governor	/sys/devices/system/cpu/cpu0/cpufreq/scaling_governor	performance
abba	6	1	C2	spacemit	after	governor	/sys/devices/system/cpu/cpu1/cpufreq/scaling_governor	performance
abba	6	1	C2	spacemit	after	governor	/sys/devices/system/cpu/cpu2/cpufreq/scaling_governor	performance
abba	6	1	C2	spacemit	after	governor	/sys/devices/system/cpu/cpu3/cpufreq/scaling_governor	performance
abba	6	1	C2	spacemit	after	governor	/sys/devices/system/cpu/cpu4/cpufreq/scaling_governor	performance
abba	6	1	C2	spacemit	after	governor	/sys/devices/system/cpu/cpu5/cpufreq/scaling_governor	performance
abba	6	1	C2	spacemit	after	governor	/sys/devices/system/cpu/cpu6/cpufreq/scaling_governor	performance
abba	6	1	C2	spacemit	after	governor	/sys/devices/system/cpu/cpu7/cpufreq/scaling_governor	performance
abba	6	1	C2	spacemit	after	frequency_khz	/sys/devices/system/cpu/cpu0/cpufreq/scaling_cur_freq	1600000
abba	6	1	C2	spacemit	after	frequency_khz	/sys/devices/system/cpu/cpu1/cpufreq/scaling_cur_freq	1600000
abba	6	1	C2	spacemit	after	frequency_khz	/sys/devices/system/cpu/cpu2/cpufreq/scaling_cur_freq	1600000
abba	6	1	C2	spacemit	after	frequency_khz	/sys/devices/system/cpu/cpu3/cpufreq/scaling_cur_freq	1600000
abba	6	1	C2	spacemit	after	frequency_khz	/sys/devices/system/cpu/cpu4/cpufreq/scaling_cur_freq	1600000
abba	6	1	C2	spacemit	after	frequency_khz	/sys/devices/system/cpu/cpu5/cpufreq/scaling_cur_freq	1600000
abba	6	1	C2	spacemit	after	frequency_khz	/sys/devices/system/cpu/cpu6/cpufreq/scaling_cur_freq	1600000
abba	6	1	C2	spacemit	after	frequency_khz	/sys/devices/system/cpu/cpu7/cpufreq/scaling_cur_freq	1600000
abba	6	1	C2	spacemit	after	temperature_millic	/sys/class/thermal/thermal_zone0/temp	62000
abba	6	1	C2	spacemit	after	temperature_millic	/sys/class/thermal/thermal_zone1/temp	60000
abba	6	1	C2	spacemit	after	temperature_millic	/sys/class/thermal/thermal_zone2/temp	63000
abba	6	1	C2	spacemit	after	temperature_millic	/sys/class/thermal/thermal_zone3/temp	63000
abba	6	2	C2	spacemit	before	governor	/sys/devices/system/cpu/cpu0/cpufreq/scaling_governor	performance
abba	6	2	C2	spacemit	before	governor	/sys/devices/system/cpu/cpu1/cpufreq/scaling_governor	performance
abba	6	2	C2	spacemit	before	governor	/sys/devices/system/cpu/cpu2/cpufreq/scaling_governor	performance
abba	6	2	C2	spacemit	before	governor	/sys/devices/system/cpu/cpu3/cpufreq/scaling_governor	performance
abba	6	2	C2	spacemit	before	governor	/sys/devices/system/cpu/cpu4/cpufreq/scaling_governor	performance
abba	6	2	C2	spacemit	before	governor	/sys/devices/system/cpu/cpu5/cpufreq/scaling_governor	performance
abba	6	2	C2	spacemit	before	governor	/sys/devices/system/cpu/cpu6/cpufreq/scaling_governor	performance
abba	6	2	C2	spacemit	before	governor	/sys/devices/system/cpu/cpu7/cpufreq/scaling_governor	performance
abba	6	2	C2	spacemit	before	frequency_khz	/sys/devices/system/cpu/cpu0/cpufreq/scaling_cur_freq	1600000
abba	6	2	C2	spacemit	before	frequency_khz	/sys/devices/system/cpu/cpu1/cpufreq/scaling_cur_freq	1600000
abba	6	2	C2	spacemit	before	frequency_khz	/sys/devices/system/cpu/cpu2/cpufreq/scaling_cur_freq	1600000
abba	6	2	C2	spacemit	before	frequency_khz	/sys/devices/system/cpu/cpu3/cpufreq/scaling_cur_freq	1600000
abba	6	2	C2	spacemit	before	frequency_khz	/sys/devices/system/cpu/cpu4/cpufreq/scaling_cur_freq	1600000
abba	6	2	C2	spacemit	before	frequency_khz	/sys/devices/system/cpu/cpu5/cpufreq/scaling_cur_freq	1600000
abba	6	2	C2	spacemit	before	frequency_khz	/sys/devices/system/cpu/cpu6/cpufreq/scaling_cur_freq	1600000
abba	6	2	C2	spacemit	before	frequency_khz	/sys/devices/system/cpu/cpu7/cpufreq/scaling_cur_freq	1600000
abba	6	2	C2	spacemit	before	temperature_millic	/sys/class/thermal/thermal_zone0/temp	60000
abba	6	2	C2	spacemit	before	temperature_millic	/sys/class/thermal/thermal_zone1/temp	60000
abba	6	2	C2	spacemit	before	temperature_millic	/sys/class/thermal/thermal_zone2/temp	61000
abba	6	2	C2	spacemit	before	temperature_millic	/sys/class/thermal/thermal_zone3/temp	62000
abba	6	2	C2	spacemit	after	governor	/sys/devices/system/cpu/cpu0/cpufreq/scaling_governor	performance
abba	6	2	C2	spacemit	after	governor	/sys/devices/system/cpu/cpu1/cpufreq/scaling_governor	performance
abba	6	2	C2	spacemit	after	governor	/sys/devices/system/cpu/cpu2/cpufreq/scaling_governor	performance
abba	6	2	C2	spacemit	after	governor	/sys/devices/system/cpu/cpu3/cpufreq/scaling_governor	performance
abba	6	2	C2	spacemit	after	governor	/sys/devices/system/cpu/cpu4/cpufreq/scaling_governor	performance
abba	6	2	C2	spacemit	after	governor	/sys/devices/system/cpu/cpu5/cpufreq/scaling_governor	performance
abba	6	2	C2	spacemit	after	governor	/sys/devices/system/cpu/cpu6/cpufreq/scaling_governor	performance
abba	6	2	C2	spacemit	after	governor	/sys/devices/system/cpu/cpu7/cpufreq/scaling_governor	performance
abba	6	2	C2	spacemit	after	frequency_khz	/sys/devices/system/cpu/cpu0/cpufreq/scaling_cur_freq	1600000
abba	6	2	C2	spacemit	after	frequency_khz	/sys/devices/system/cpu/cpu1/cpufreq/scaling_cur_freq	1600000
abba	6	2	C2	spacemit	after	frequency_khz	/sys/devices/system/cpu/cpu2/cpufreq/scaling_cur_freq	1600000
abba	6	2	C2	spacemit	after	frequency_khz	/sys/devices/system/cpu/cpu3/cpufreq/scaling_cur_freq	1600000
abba	6	2	C2	spacemit	after	frequency_khz	/sys/devices/system/cpu/cpu4/cpufreq/scaling_cur_freq	1600000
abba	6	2	C2	spacemit	after	frequency_khz	/sys/devices/system/cpu/cpu5/cpufreq/scaling_cur_freq	1600000
abba	6	2	C2	spacemit	after	frequency_khz	/sys/devices/system/cpu/cpu6/cpufreq/scaling_cur_freq	1600000
abba	6	2	C2	spacemit	after	frequency_khz	/sys/devices/system/cpu/cpu7/cpufreq/scaling_cur_freq	1600000
abba	6	2	C2	spacemit	after	temperature_millic	/sys/class/thermal/thermal_zone0/temp	60000
abba	6	2	C2	spacemit	after	temperature_millic	/sys/class/thermal/thermal_zone1/temp	60000
abba	6	2	C2	spacemit	after	temperature_millic	/sys/class/thermal/thermal_zone2/temp	62000
abba	6	2	C2	spacemit	after	temperature_millic	/sys/class/thermal/thermal_zone3/temp	61000
abba	6	3	B2	spacemit	before	governor	/sys/devices/system/cpu/cpu0/cpufreq/scaling_governor	performance
abba	6	3	B2	spacemit	before	governor	/sys/devices/system/cpu/cpu1/cpufreq/scaling_governor	performance
abba	6	3	B2	spacemit	before	governor	/sys/devices/system/cpu/cpu2/cpufreq/scaling_governor	performance
abba	6	3	B2	spacemit	before	governor	/sys/devices/system/cpu/cpu3/cpufreq/scaling_governor	performance
abba	6	3	B2	spacemit	before	governor	/sys/devices/system/cpu/cpu4/cpufreq/scaling_governor	performance
abba	6	3	B2	spacemit	before	governor	/sys/devices/system/cpu/cpu5/cpufreq/scaling_governor	performance
abba	6	3	B2	spacemit	before	governor	/sys/devices/system/cpu/cpu6/cpufreq/scaling_governor	performance
abba	6	3	B2	spacemit	before	governor	/sys/devices/system/cpu/cpu7/cpufreq/scaling_governor	performance
abba	6	3	B2	spacemit	before	frequency_khz	/sys/devices/system/cpu/cpu0/cpufreq/scaling_cur_freq	1600000
abba	6	3	B2	spacemit	before	frequency_khz	/sys/devices/system/cpu/cpu1/cpufreq/scaling_cur_freq	1600000
abba	6	3	B2	spacemit	before	frequency_khz	/sys/devices/system/cpu/cpu2/cpufreq/scaling_cur_freq	1600000
abba	6	3	B2	spacemit	before	frequency_khz	/sys/devices/system/cpu/cpu3/cpufreq/scaling_cur_freq	1600000
abba	6	3	B2	spacemit	before	frequency_khz	/sys/devices/system/cpu/cpu4/cpufreq/scaling_cur_freq	1600000
abba	6	3	B2	spacemit	before	frequency_khz	/sys/devices/system/cpu/cpu5/cpufreq/scaling_cur_freq	1600000
abba	6	3	B2	spacemit	before	frequency_khz	/sys/devices/system/cpu/cpu6/cpufreq/scaling_cur_freq	1600000
abba	6	3	B2	spacemit	before	frequency_khz	/sys/devices/system/cpu/cpu7/cpufreq/scaling_cur_freq	1600000
abba	6	3	B2	spacemit	before	temperature_millic	/sys/class/thermal/thermal_zone0/temp	60000
abba	6	3	B2	spacemit	before	temperature_millic	/sys/class/thermal/thermal_zone1/temp	60000
abba	6	3	B2	spacemit	before	temperature_millic	/sys/class/thermal/thermal_zone2/temp	61000
abba	6	3	B2	spacemit	before	temperature_millic	/sys/class/thermal/thermal_zone3/temp	62000
abba	6	3	B2	spacemit	after	governor	/sys/devices/system/cpu/cpu0/cpufreq/scaling_governor	performance
abba	6	3	B2	spacemit	after	governor	/sys/devices/system/cpu/cpu1/cpufreq/scaling_governor	performance
abba	6	3	B2	spacemit	after	governor	/sys/devices/system/cpu/cpu2/cpufreq/scaling_governor	performance
abba	6	3	B2	spacemit	after	governor	/sys/devices/system/cpu/cpu3/cpufreq/scaling_governor	performance
abba	6	3	B2	spacemit	after	governor	/sys/devices/system/cpu/cpu4/cpufreq/scaling_governor	performance
abba	6	3	B2	spacemit	after	governor	/sys/devices/system/cpu/cpu5/cpufreq/scaling_governor	performance
abba	6	3	B2	spacemit	after	governor	/sys/devices/system/cpu/cpu6/cpufreq/scaling_governor	performance
abba	6	3	B2	spacemit	after	governor	/sys/devices/system/cpu/cpu7/cpufreq/scaling_governor	performance
abba	6	3	B2	spacemit	after	frequency_khz	/sys/devices/system/cpu/cpu0/cpufreq/scaling_cur_freq	1600000
abba	6	3	B2	spacemit	after	frequency_khz	/sys/devices/system/cpu/cpu1/cpufreq/scaling_cur_freq	1600000
abba	6	3	B2	spacemit	after	frequency_khz	/sys/devices/system/cpu/cpu2/cpufreq/scaling_cur_freq	1600000
abba	6	3	B2	spacemit	after	frequency_khz	/sys/devices/system/cpu/cpu3/cpufreq/scaling_cur_freq	1600000
abba	6	3	B2	spacemit	after	frequency_khz	/sys/devices/system/cpu/cpu4/cpufreq/scaling_cur_freq	1600000
abba	6	3	B2	spacemit	after	frequency_khz	/sys/devices/system/cpu/cpu5/cpufreq/scaling_cur_freq	1600000
abba	6	3	B2	spacemit	after	frequency_khz	/sys/devices/system/cpu/cpu6/cpufreq/scaling_cur_freq	1600000
abba	6	3	B2	spacemit	after	frequency_khz	/sys/devices/system/cpu/cpu7/cpufreq/scaling_cur_freq	1600000
abba	6	3	B2	spacemit	after	temperature_millic	/sys/class/thermal/thermal_zone0/temp	60000
abba	6	3	B2	spacemit	after	temperature_millic	/sys/class/thermal/thermal_zone1/temp	61000
abba	6	3	B2	spacemit	after	temperature_millic	/sys/class/thermal/thermal_zone2/temp	62000
abba	6	3	B2	spacemit	after	temperature_millic	/sys/class/thermal/thermal_zone3/temp	61000
abba	7	0	C2	spacemit	before	governor	/sys/devices/system/cpu/cpu0/cpufreq/scaling_governor	performance
abba	7	0	C2	spacemit	before	governor	/sys/devices/system/cpu/cpu1/cpufreq/scaling_governor	performance
abba	7	0	C2	spacemit	before	governor	/sys/devices/system/cpu/cpu2/cpufreq/scaling_governor	performance
abba	7	0	C2	spacemit	before	governor	/sys/devices/system/cpu/cpu3/cpufreq/scaling_governor	performance
abba	7	0	C2	spacemit	before	governor	/sys/devices/system/cpu/cpu4/cpufreq/scaling_governor	performance
abba	7	0	C2	spacemit	before	governor	/sys/devices/system/cpu/cpu5/cpufreq/scaling_governor	performance
abba	7	0	C2	spacemit	before	governor	/sys/devices/system/cpu/cpu6/cpufreq/scaling_governor	performance
abba	7	0	C2	spacemit	before	governor	/sys/devices/system/cpu/cpu7/cpufreq/scaling_governor	performance
abba	7	0	C2	spacemit	before	frequency_khz	/sys/devices/system/cpu/cpu0/cpufreq/scaling_cur_freq	1600000
abba	7	0	C2	spacemit	before	frequency_khz	/sys/devices/system/cpu/cpu1/cpufreq/scaling_cur_freq	1600000
abba	7	0	C2	spacemit	before	frequency_khz	/sys/devices/system/cpu/cpu2/cpufreq/scaling_cur_freq	1600000
abba	7	0	C2	spacemit	before	frequency_khz	/sys/devices/system/cpu/cpu3/cpufreq/scaling_cur_freq	1600000
abba	7	0	C2	spacemit	before	frequency_khz	/sys/devices/system/cpu/cpu4/cpufreq/scaling_cur_freq	1600000
abba	7	0	C2	spacemit	before	frequency_khz	/sys/devices/system/cpu/cpu5/cpufreq/scaling_cur_freq	1600000
abba	7	0	C2	spacemit	before	frequency_khz	/sys/devices/system/cpu/cpu6/cpufreq/scaling_cur_freq	1600000
abba	7	0	C2	spacemit	before	frequency_khz	/sys/devices/system/cpu/cpu7/cpufreq/scaling_cur_freq	1600000
abba	7	0	C2	spacemit	before	temperature_millic	/sys/class/thermal/thermal_zone0/temp	61000
abba	7	0	C2	spacemit	before	temperature_millic	/sys/class/thermal/thermal_zone1/temp	60000
abba	7	0	C2	spacemit	before	temperature_millic	/sys/class/thermal/thermal_zone2/temp	61000
abba	7	0	C2	spacemit	before	temperature_millic	/sys/class/thermal/thermal_zone3/temp	61000
abba	7	0	C2	spacemit	after	governor	/sys/devices/system/cpu/cpu0/cpufreq/scaling_governor	performance
abba	7	0	C2	spacemit	after	governor	/sys/devices/system/cpu/cpu1/cpufreq/scaling_governor	performance
abba	7	0	C2	spacemit	after	governor	/sys/devices/system/cpu/cpu2/cpufreq/scaling_governor	performance
abba	7	0	C2	spacemit	after	governor	/sys/devices/system/cpu/cpu3/cpufreq/scaling_governor	performance
abba	7	0	C2	spacemit	after	governor	/sys/devices/system/cpu/cpu4/cpufreq/scaling_governor	performance
abba	7	0	C2	spacemit	after	governor	/sys/devices/system/cpu/cpu5/cpufreq/scaling_governor	performance
abba	7	0	C2	spacemit	after	governor	/sys/devices/system/cpu/cpu6/cpufreq/scaling_governor	performance
abba	7	0	C2	spacemit	after	governor	/sys/devices/system/cpu/cpu7/cpufreq/scaling_governor	performance
abba	7	0	C2	spacemit	after	frequency_khz	/sys/devices/system/cpu/cpu0/cpufreq/scaling_cur_freq	1600000
abba	7	0	C2	spacemit	after	frequency_khz	/sys/devices/system/cpu/cpu1/cpufreq/scaling_cur_freq	1600000
abba	7	0	C2	spacemit	after	frequency_khz	/sys/devices/system/cpu/cpu2/cpufreq/scaling_cur_freq	1600000
abba	7	0	C2	spacemit	after	frequency_khz	/sys/devices/system/cpu/cpu3/cpufreq/scaling_cur_freq	1600000
abba	7	0	C2	spacemit	after	frequency_khz	/sys/devices/system/cpu/cpu4/cpufreq/scaling_cur_freq	1600000
abba	7	0	C2	spacemit	after	frequency_khz	/sys/devices/system/cpu/cpu5/cpufreq/scaling_cur_freq	1600000
abba	7	0	C2	spacemit	after	frequency_khz	/sys/devices/system/cpu/cpu6/cpufreq/scaling_cur_freq	1600000
abba	7	0	C2	spacemit	after	frequency_khz	/sys/devices/system/cpu/cpu7/cpufreq/scaling_cur_freq	1600000
abba	7	0	C2	spacemit	after	temperature_millic	/sys/class/thermal/thermal_zone0/temp	61000
abba	7	0	C2	spacemit	after	temperature_millic	/sys/class/thermal/thermal_zone1/temp	61000
abba	7	0	C2	spacemit	after	temperature_millic	/sys/class/thermal/thermal_zone2/temp	61000
abba	7	0	C2	spacemit	after	temperature_millic	/sys/class/thermal/thermal_zone3/temp	61000
abba	7	1	B2	spacemit	before	governor	/sys/devices/system/cpu/cpu0/cpufreq/scaling_governor	performance
abba	7	1	B2	spacemit	before	governor	/sys/devices/system/cpu/cpu1/cpufreq/scaling_governor	performance
abba	7	1	B2	spacemit	before	governor	/sys/devices/system/cpu/cpu2/cpufreq/scaling_governor	performance
abba	7	1	B2	spacemit	before	governor	/sys/devices/system/cpu/cpu3/cpufreq/scaling_governor	performance
abba	7	1	B2	spacemit	before	governor	/sys/devices/system/cpu/cpu4/cpufreq/scaling_governor	performance
abba	7	1	B2	spacemit	before	governor	/sys/devices/system/cpu/cpu5/cpufreq/scaling_governor	performance
abba	7	1	B2	spacemit	before	governor	/sys/devices/system/cpu/cpu6/cpufreq/scaling_governor	performance
abba	7	1	B2	spacemit	before	governor	/sys/devices/system/cpu/cpu7/cpufreq/scaling_governor	performance
abba	7	1	B2	spacemit	before	frequency_khz	/sys/devices/system/cpu/cpu0/cpufreq/scaling_cur_freq	1600000
abba	7	1	B2	spacemit	before	frequency_khz	/sys/devices/system/cpu/cpu1/cpufreq/scaling_cur_freq	1600000
abba	7	1	B2	spacemit	before	frequency_khz	/sys/devices/system/cpu/cpu2/cpufreq/scaling_cur_freq	1600000
abba	7	1	B2	spacemit	before	frequency_khz	/sys/devices/system/cpu/cpu3/cpufreq/scaling_cur_freq	1600000
abba	7	1	B2	spacemit	before	frequency_khz	/sys/devices/system/cpu/cpu4/cpufreq/scaling_cur_freq	1600000
abba	7	1	B2	spacemit	before	frequency_khz	/sys/devices/system/cpu/cpu5/cpufreq/scaling_cur_freq	1600000
abba	7	1	B2	spacemit	before	frequency_khz	/sys/devices/system/cpu/cpu6/cpufreq/scaling_cur_freq	1600000
abba	7	1	B2	spacemit	before	frequency_khz	/sys/devices/system/cpu/cpu7/cpufreq/scaling_cur_freq	1600000
abba	7	1	B2	spacemit	before	temperature_millic	/sys/class/thermal/thermal_zone0/temp	60000
abba	7	1	B2	spacemit	before	temperature_millic	/sys/class/thermal/thermal_zone1/temp	60000
abba	7	1	B2	spacemit	before	temperature_millic	/sys/class/thermal/thermal_zone2/temp	61000
abba	7	1	B2	spacemit	before	temperature_millic	/sys/class/thermal/thermal_zone3/temp	62000
abba	7	1	B2	spacemit	after	governor	/sys/devices/system/cpu/cpu0/cpufreq/scaling_governor	performance
abba	7	1	B2	spacemit	after	governor	/sys/devices/system/cpu/cpu1/cpufreq/scaling_governor	performance
abba	7	1	B2	spacemit	after	governor	/sys/devices/system/cpu/cpu2/cpufreq/scaling_governor	performance
abba	7	1	B2	spacemit	after	governor	/sys/devices/system/cpu/cpu3/cpufreq/scaling_governor	performance
abba	7	1	B2	spacemit	after	governor	/sys/devices/system/cpu/cpu4/cpufreq/scaling_governor	performance
abba	7	1	B2	spacemit	after	governor	/sys/devices/system/cpu/cpu5/cpufreq/scaling_governor	performance
abba	7	1	B2	spacemit	after	governor	/sys/devices/system/cpu/cpu6/cpufreq/scaling_governor	performance
abba	7	1	B2	spacemit	after	governor	/sys/devices/system/cpu/cpu7/cpufreq/scaling_governor	performance
abba	7	1	B2	spacemit	after	frequency_khz	/sys/devices/system/cpu/cpu0/cpufreq/scaling_cur_freq	1600000
abba	7	1	B2	spacemit	after	frequency_khz	/sys/devices/system/cpu/cpu1/cpufreq/scaling_cur_freq	1600000
abba	7	1	B2	spacemit	after	frequency_khz	/sys/devices/system/cpu/cpu2/cpufreq/scaling_cur_freq	1600000
abba	7	1	B2	spacemit	after	frequency_khz	/sys/devices/system/cpu/cpu3/cpufreq/scaling_cur_freq	1600000
abba	7	1	B2	spacemit	after	frequency_khz	/sys/devices/system/cpu/cpu4/cpufreq/scaling_cur_freq	1600000
abba	7	1	B2	spacemit	after	frequency_khz	/sys/devices/system/cpu/cpu5/cpufreq/scaling_cur_freq	1600000
abba	7	1	B2	spacemit	after	frequency_khz	/sys/devices/system/cpu/cpu6/cpufreq/scaling_cur_freq	1600000
abba	7	1	B2	spacemit	after	frequency_khz	/sys/devices/system/cpu/cpu7/cpufreq/scaling_cur_freq	1600000
abba	7	1	B2	spacemit	after	temperature_millic	/sys/class/thermal/thermal_zone0/temp	60000
abba	7	1	B2	spacemit	after	temperature_millic	/sys/class/thermal/thermal_zone1/temp	60000
abba	7	1	B2	spacemit	after	temperature_millic	/sys/class/thermal/thermal_zone2/temp	61000
abba	7	1	B2	spacemit	after	temperature_millic	/sys/class/thermal/thermal_zone3/temp	62000
abba	7	2	B2	spacemit	before	governor	/sys/devices/system/cpu/cpu0/cpufreq/scaling_governor	performance
abba	7	2	B2	spacemit	before	governor	/sys/devices/system/cpu/cpu1/cpufreq/scaling_governor	performance
abba	7	2	B2	spacemit	before	governor	/sys/devices/system/cpu/cpu2/cpufreq/scaling_governor	performance
abba	7	2	B2	spacemit	before	governor	/sys/devices/system/cpu/cpu3/cpufreq/scaling_governor	performance
abba	7	2	B2	spacemit	before	governor	/sys/devices/system/cpu/cpu4/cpufreq/scaling_governor	performance
abba	7	2	B2	spacemit	before	governor	/sys/devices/system/cpu/cpu5/cpufreq/scaling_governor	performance
abba	7	2	B2	spacemit	before	governor	/sys/devices/system/cpu/cpu6/cpufreq/scaling_governor	performance
abba	7	2	B2	spacemit	before	governor	/sys/devices/system/cpu/cpu7/cpufreq/scaling_governor	performance
abba	7	2	B2	spacemit	before	frequency_khz	/sys/devices/system/cpu/cpu0/cpufreq/scaling_cur_freq	1600000
abba	7	2	B2	spacemit	before	frequency_khz	/sys/devices/system/cpu/cpu1/cpufreq/scaling_cur_freq	1600000
abba	7	2	B2	spacemit	before	frequency_khz	/sys/devices/system/cpu/cpu2/cpufreq/scaling_cur_freq	1600000
abba	7	2	B2	spacemit	before	frequency_khz	/sys/devices/system/cpu/cpu3/cpufreq/scaling_cur_freq	1600000
abba	7	2	B2	spacemit	before	frequency_khz	/sys/devices/system/cpu/cpu4/cpufreq/scaling_cur_freq	1600000
abba	7	2	B2	spacemit	before	frequency_khz	/sys/devices/system/cpu/cpu5/cpufreq/scaling_cur_freq	1600000
abba	7	2	B2	spacemit	before	frequency_khz	/sys/devices/system/cpu/cpu6/cpufreq/scaling_cur_freq	1600000
abba	7	2	B2	spacemit	before	frequency_khz	/sys/devices/system/cpu/cpu7/cpufreq/scaling_cur_freq	1600000
abba	7	2	B2	spacemit	before	temperature_millic	/sys/class/thermal/thermal_zone0/temp	61000
abba	7	2	B2	spacemit	before	temperature_millic	/sys/class/thermal/thermal_zone1/temp	60000
abba	7	2	B2	spacemit	before	temperature_millic	/sys/class/thermal/thermal_zone2/temp	61000
abba	7	2	B2	spacemit	before	temperature_millic	/sys/class/thermal/thermal_zone3/temp	64000
abba	7	2	B2	spacemit	after	governor	/sys/devices/system/cpu/cpu0/cpufreq/scaling_governor	performance
abba	7	2	B2	spacemit	after	governor	/sys/devices/system/cpu/cpu1/cpufreq/scaling_governor	performance
abba	7	2	B2	spacemit	after	governor	/sys/devices/system/cpu/cpu2/cpufreq/scaling_governor	performance
abba	7	2	B2	spacemit	after	governor	/sys/devices/system/cpu/cpu3/cpufreq/scaling_governor	performance
abba	7	2	B2	spacemit	after	governor	/sys/devices/system/cpu/cpu4/cpufreq/scaling_governor	performance
abba	7	2	B2	spacemit	after	governor	/sys/devices/system/cpu/cpu5/cpufreq/scaling_governor	performance
abba	7	2	B2	spacemit	after	governor	/sys/devices/system/cpu/cpu6/cpufreq/scaling_governor	performance
abba	7	2	B2	spacemit	after	governor	/sys/devices/system/cpu/cpu7/cpufreq/scaling_governor	performance
abba	7	2	B2	spacemit	after	frequency_khz	/sys/devices/system/cpu/cpu0/cpufreq/scaling_cur_freq	1600000
abba	7	2	B2	spacemit	after	frequency_khz	/sys/devices/system/cpu/cpu1/cpufreq/scaling_cur_freq	1600000
abba	7	2	B2	spacemit	after	frequency_khz	/sys/devices/system/cpu/cpu2/cpufreq/scaling_cur_freq	1600000
abba	7	2	B2	spacemit	after	frequency_khz	/sys/devices/system/cpu/cpu3/cpufreq/scaling_cur_freq	1600000
abba	7	2	B2	spacemit	after	frequency_khz	/sys/devices/system/cpu/cpu4/cpufreq/scaling_cur_freq	1600000
abba	7	2	B2	spacemit	after	frequency_khz	/sys/devices/system/cpu/cpu5/cpufreq/scaling_cur_freq	1600000
abba	7	2	B2	spacemit	after	frequency_khz	/sys/devices/system/cpu/cpu6/cpufreq/scaling_cur_freq	1600000
abba	7	2	B2	spacemit	after	frequency_khz	/sys/devices/system/cpu/cpu7/cpufreq/scaling_cur_freq	1600000
abba	7	2	B2	spacemit	after	temperature_millic	/sys/class/thermal/thermal_zone0/temp	61000
abba	7	2	B2	spacemit	after	temperature_millic	/sys/class/thermal/thermal_zone1/temp	60000
abba	7	2	B2	spacemit	after	temperature_millic	/sys/class/thermal/thermal_zone2/temp	61000
abba	7	2	B2	spacemit	after	temperature_millic	/sys/class/thermal/thermal_zone3/temp	62000
abba	7	3	C2	spacemit	before	governor	/sys/devices/system/cpu/cpu0/cpufreq/scaling_governor	performance
abba	7	3	C2	spacemit	before	governor	/sys/devices/system/cpu/cpu1/cpufreq/scaling_governor	performance
abba	7	3	C2	spacemit	before	governor	/sys/devices/system/cpu/cpu2/cpufreq/scaling_governor	performance
abba	7	3	C2	spacemit	before	governor	/sys/devices/system/cpu/cpu3/cpufreq/scaling_governor	performance
abba	7	3	C2	spacemit	before	governor	/sys/devices/system/cpu/cpu4/cpufreq/scaling_governor	performance
abba	7	3	C2	spacemit	before	governor	/sys/devices/system/cpu/cpu5/cpufreq/scaling_governor	performance
abba	7	3	C2	spacemit	before	governor	/sys/devices/system/cpu/cpu6/cpufreq/scaling_governor	performance
abba	7	3	C2	spacemit	before	governor	/sys/devices/system/cpu/cpu7/cpufreq/scaling_governor	performance
abba	7	3	C2	spacemit	before	frequency_khz	/sys/devices/system/cpu/cpu0/cpufreq/scaling_cur_freq	1600000
abba	7	3	C2	spacemit	before	frequency_khz	/sys/devices/system/cpu/cpu1/cpufreq/scaling_cur_freq	1600000
abba	7	3	C2	spacemit	before	frequency_khz	/sys/devices/system/cpu/cpu2/cpufreq/scaling_cur_freq	1600000
abba	7	3	C2	spacemit	before	frequency_khz	/sys/devices/system/cpu/cpu3/cpufreq/scaling_cur_freq	1600000
abba	7	3	C2	spacemit	before	frequency_khz	/sys/devices/system/cpu/cpu4/cpufreq/scaling_cur_freq	1600000
abba	7	3	C2	spacemit	before	frequency_khz	/sys/devices/system/cpu/cpu5/cpufreq/scaling_cur_freq	1600000
abba	7	3	C2	spacemit	before	frequency_khz	/sys/devices/system/cpu/cpu6/cpufreq/scaling_cur_freq	1600000
abba	7	3	C2	spacemit	before	frequency_khz	/sys/devices/system/cpu/cpu7/cpufreq/scaling_cur_freq	1600000
abba	7	3	C2	spacemit	before	temperature_millic	/sys/class/thermal/thermal_zone0/temp	59000
abba	7	3	C2	spacemit	before	temperature_millic	/sys/class/thermal/thermal_zone1/temp	60000
abba	7	3	C2	spacemit	before	temperature_millic	/sys/class/thermal/thermal_zone2/temp	62000
abba	7	3	C2	spacemit	before	temperature_millic	/sys/class/thermal/thermal_zone3/temp	62000
abba	7	3	C2	spacemit	after	governor	/sys/devices/system/cpu/cpu0/cpufreq/scaling_governor	performance
abba	7	3	C2	spacemit	after	governor	/sys/devices/system/cpu/cpu1/cpufreq/scaling_governor	performance
abba	7	3	C2	spacemit	after	governor	/sys/devices/system/cpu/cpu2/cpufreq/scaling_governor	performance
abba	7	3	C2	spacemit	after	governor	/sys/devices/system/cpu/cpu3/cpufreq/scaling_governor	performance
abba	7	3	C2	spacemit	after	governor	/sys/devices/system/cpu/cpu4/cpufreq/scaling_governor	performance
abba	7	3	C2	spacemit	after	governor	/sys/devices/system/cpu/cpu5/cpufreq/scaling_governor	performance
abba	7	3	C2	spacemit	after	governor	/sys/devices/system/cpu/cpu6/cpufreq/scaling_governor	performance
abba	7	3	C2	spacemit	after	governor	/sys/devices/system/cpu/cpu7/cpufreq/scaling_governor	performance
abba	7	3	C2	spacemit	after	frequency_khz	/sys/devices/system/cpu/cpu0/cpufreq/scaling_cur_freq	1600000
abba	7	3	C2	spacemit	after	frequency_khz	/sys/devices/system/cpu/cpu1/cpufreq/scaling_cur_freq	1600000
abba	7	3	C2	spacemit	after	frequency_khz	/sys/devices/system/cpu/cpu2/cpufreq/scaling_cur_freq	1600000
abba	7	3	C2	spacemit	after	frequency_khz	/sys/devices/system/cpu/cpu3/cpufreq/scaling_cur_freq	1600000
abba	7	3	C2	spacemit	after	frequency_khz	/sys/devices/system/cpu/cpu4/cpufreq/scaling_cur_freq	1600000
abba	7	3	C2	spacemit	after	frequency_khz	/sys/devices/system/cpu/cpu5/cpufreq/scaling_cur_freq	1600000
abba	7	3	C2	spacemit	after	frequency_khz	/sys/devices/system/cpu/cpu6/cpufreq/scaling_cur_freq	1600000
abba	7	3	C2	spacemit	after	frequency_khz	/sys/devices/system/cpu/cpu7/cpufreq/scaling_cur_freq	1600000
abba	7	3	C2	spacemit	after	temperature_millic	/sys/class/thermal/thermal_zone0/temp	61000
abba	7	3	C2	spacemit	after	temperature_millic	/sys/class/thermal/thermal_zone1/temp	60000
abba	7	3	C2	spacemit	after	temperature_millic	/sys/class/thermal/thermal_zone2/temp	61000
abba	7	3	C2	spacemit	after	temperature_millic	/sys/class/thermal/thermal_zone3/temp	62000
abba	8	0	B2	spacemit	before	governor	/sys/devices/system/cpu/cpu0/cpufreq/scaling_governor	performance
abba	8	0	B2	spacemit	before	governor	/sys/devices/system/cpu/cpu1/cpufreq/scaling_governor	performance
abba	8	0	B2	spacemit	before	governor	/sys/devices/system/cpu/cpu2/cpufreq/scaling_governor	performance
abba	8	0	B2	spacemit	before	governor	/sys/devices/system/cpu/cpu3/cpufreq/scaling_governor	performance
abba	8	0	B2	spacemit	before	governor	/sys/devices/system/cpu/cpu4/cpufreq/scaling_governor	performance
abba	8	0	B2	spacemit	before	governor	/sys/devices/system/cpu/cpu5/cpufreq/scaling_governor	performance
abba	8	0	B2	spacemit	before	governor	/sys/devices/system/cpu/cpu6/cpufreq/scaling_governor	performance
abba	8	0	B2	spacemit	before	governor	/sys/devices/system/cpu/cpu7/cpufreq/scaling_governor	performance
abba	8	0	B2	spacemit	before	frequency_khz	/sys/devices/system/cpu/cpu0/cpufreq/scaling_cur_freq	1600000
abba	8	0	B2	spacemit	before	frequency_khz	/sys/devices/system/cpu/cpu1/cpufreq/scaling_cur_freq	1600000
abba	8	0	B2	spacemit	before	frequency_khz	/sys/devices/system/cpu/cpu2/cpufreq/scaling_cur_freq	1600000
abba	8	0	B2	spacemit	before	frequency_khz	/sys/devices/system/cpu/cpu3/cpufreq/scaling_cur_freq	1600000
abba	8	0	B2	spacemit	before	frequency_khz	/sys/devices/system/cpu/cpu4/cpufreq/scaling_cur_freq	1600000
abba	8	0	B2	spacemit	before	frequency_khz	/sys/devices/system/cpu/cpu5/cpufreq/scaling_cur_freq	1600000
abba	8	0	B2	spacemit	before	frequency_khz	/sys/devices/system/cpu/cpu6/cpufreq/scaling_cur_freq	1600000
abba	8	0	B2	spacemit	before	frequency_khz	/sys/devices/system/cpu/cpu7/cpufreq/scaling_cur_freq	1600000
abba	8	0	B2	spacemit	before	temperature_millic	/sys/class/thermal/thermal_zone0/temp	61000
abba	8	0	B2	spacemit	before	temperature_millic	/sys/class/thermal/thermal_zone1/temp	61000
abba	8	0	B2	spacemit	before	temperature_millic	/sys/class/thermal/thermal_zone2/temp	60000
abba	8	0	B2	spacemit	before	temperature_millic	/sys/class/thermal/thermal_zone3/temp	62000
abba	8	0	B2	spacemit	after	governor	/sys/devices/system/cpu/cpu0/cpufreq/scaling_governor	performance
abba	8	0	B2	spacemit	after	governor	/sys/devices/system/cpu/cpu1/cpufreq/scaling_governor	performance
abba	8	0	B2	spacemit	after	governor	/sys/devices/system/cpu/cpu2/cpufreq/scaling_governor	performance
abba	8	0	B2	spacemit	after	governor	/sys/devices/system/cpu/cpu3/cpufreq/scaling_governor	performance
abba	8	0	B2	spacemit	after	governor	/sys/devices/system/cpu/cpu4/cpufreq/scaling_governor	performance
abba	8	0	B2	spacemit	after	governor	/sys/devices/system/cpu/cpu5/cpufreq/scaling_governor	performance
abba	8	0	B2	spacemit	after	governor	/sys/devices/system/cpu/cpu6/cpufreq/scaling_governor	performance
abba	8	0	B2	spacemit	after	governor	/sys/devices/system/cpu/cpu7/cpufreq/scaling_governor	performance
abba	8	0	B2	spacemit	after	frequency_khz	/sys/devices/system/cpu/cpu0/cpufreq/scaling_cur_freq	1600000
abba	8	0	B2	spacemit	after	frequency_khz	/sys/devices/system/cpu/cpu1/cpufreq/scaling_cur_freq	1600000
abba	8	0	B2	spacemit	after	frequency_khz	/sys/devices/system/cpu/cpu2/cpufreq/scaling_cur_freq	1600000
abba	8	0	B2	spacemit	after	frequency_khz	/sys/devices/system/cpu/cpu3/cpufreq/scaling_cur_freq	1600000
abba	8	0	B2	spacemit	after	frequency_khz	/sys/devices/system/cpu/cpu4/cpufreq/scaling_cur_freq	1600000
abba	8	0	B2	spacemit	after	frequency_khz	/sys/devices/system/cpu/cpu5/cpufreq/scaling_cur_freq	1600000
abba	8	0	B2	spacemit	after	frequency_khz	/sys/devices/system/cpu/cpu6/cpufreq/scaling_cur_freq	1600000
abba	8	0	B2	spacemit	after	frequency_khz	/sys/devices/system/cpu/cpu7/cpufreq/scaling_cur_freq	1600000
abba	8	0	B2	spacemit	after	temperature_millic	/sys/class/thermal/thermal_zone0/temp	61000
abba	8	0	B2	spacemit	after	temperature_millic	/sys/class/thermal/thermal_zone1/temp	60000
abba	8	0	B2	spacemit	after	temperature_millic	/sys/class/thermal/thermal_zone2/temp	62000
abba	8	0	B2	spacemit	after	temperature_millic	/sys/class/thermal/thermal_zone3/temp	61000
abba	8	1	C2	spacemit	before	governor	/sys/devices/system/cpu/cpu0/cpufreq/scaling_governor	performance
abba	8	1	C2	spacemit	before	governor	/sys/devices/system/cpu/cpu1/cpufreq/scaling_governor	performance
abba	8	1	C2	spacemit	before	governor	/sys/devices/system/cpu/cpu2/cpufreq/scaling_governor	performance
abba	8	1	C2	spacemit	before	governor	/sys/devices/system/cpu/cpu3/cpufreq/scaling_governor	performance
abba	8	1	C2	spacemit	before	governor	/sys/devices/system/cpu/cpu4/cpufreq/scaling_governor	performance
abba	8	1	C2	spacemit	before	governor	/sys/devices/system/cpu/cpu5/cpufreq/scaling_governor	performance
abba	8	1	C2	spacemit	before	governor	/sys/devices/system/cpu/cpu6/cpufreq/scaling_governor	performance
abba	8	1	C2	spacemit	before	governor	/sys/devices/system/cpu/cpu7/cpufreq/scaling_governor	performance
abba	8	1	C2	spacemit	before	frequency_khz	/sys/devices/system/cpu/cpu0/cpufreq/scaling_cur_freq	1600000
abba	8	1	C2	spacemit	before	frequency_khz	/sys/devices/system/cpu/cpu1/cpufreq/scaling_cur_freq	1600000
abba	8	1	C2	spacemit	before	frequency_khz	/sys/devices/system/cpu/cpu2/cpufreq/scaling_cur_freq	1600000
abba	8	1	C2	spacemit	before	frequency_khz	/sys/devices/system/cpu/cpu3/cpufreq/scaling_cur_freq	1600000
abba	8	1	C2	spacemit	before	frequency_khz	/sys/devices/system/cpu/cpu4/cpufreq/scaling_cur_freq	1600000
abba	8	1	C2	spacemit	before	frequency_khz	/sys/devices/system/cpu/cpu5/cpufreq/scaling_cur_freq	1600000
abba	8	1	C2	spacemit	before	frequency_khz	/sys/devices/system/cpu/cpu6/cpufreq/scaling_cur_freq	1600000
abba	8	1	C2	spacemit	before	frequency_khz	/sys/devices/system/cpu/cpu7/cpufreq/scaling_cur_freq	1600000
abba	8	1	C2	spacemit	before	temperature_millic	/sys/class/thermal/thermal_zone0/temp	61000
abba	8	1	C2	spacemit	before	temperature_millic	/sys/class/thermal/thermal_zone1/temp	61000
abba	8	1	C2	spacemit	before	temperature_millic	/sys/class/thermal/thermal_zone2/temp	61000
abba	8	1	C2	spacemit	before	temperature_millic	/sys/class/thermal/thermal_zone3/temp	62000
abba	8	1	C2	spacemit	after	governor	/sys/devices/system/cpu/cpu0/cpufreq/scaling_governor	performance
abba	8	1	C2	spacemit	after	governor	/sys/devices/system/cpu/cpu1/cpufreq/scaling_governor	performance
abba	8	1	C2	spacemit	after	governor	/sys/devices/system/cpu/cpu2/cpufreq/scaling_governor	performance
abba	8	1	C2	spacemit	after	governor	/sys/devices/system/cpu/cpu3/cpufreq/scaling_governor	performance
abba	8	1	C2	spacemit	after	governor	/sys/devices/system/cpu/cpu4/cpufreq/scaling_governor	performance
abba	8	1	C2	spacemit	after	governor	/sys/devices/system/cpu/cpu5/cpufreq/scaling_governor	performance
abba	8	1	C2	spacemit	after	governor	/sys/devices/system/cpu/cpu6/cpufreq/scaling_governor	performance
abba	8	1	C2	spacemit	after	governor	/sys/devices/system/cpu/cpu7/cpufreq/scaling_governor	performance
abba	8	1	C2	spacemit	after	frequency_khz	/sys/devices/system/cpu/cpu0/cpufreq/scaling_cur_freq	1600000
abba	8	1	C2	spacemit	after	frequency_khz	/sys/devices/system/cpu/cpu1/cpufreq/scaling_cur_freq	1600000
abba	8	1	C2	spacemit	after	frequency_khz	/sys/devices/system/cpu/cpu2/cpufreq/scaling_cur_freq	1600000
abba	8	1	C2	spacemit	after	frequency_khz	/sys/devices/system/cpu/cpu3/cpufreq/scaling_cur_freq	1600000
abba	8	1	C2	spacemit	after	frequency_khz	/sys/devices/system/cpu/cpu4/cpufreq/scaling_cur_freq	1600000
abba	8	1	C2	spacemit	after	frequency_khz	/sys/devices/system/cpu/cpu5/cpufreq/scaling_cur_freq	1600000
abba	8	1	C2	spacemit	after	frequency_khz	/sys/devices/system/cpu/cpu6/cpufreq/scaling_cur_freq	1600000
abba	8	1	C2	spacemit	after	frequency_khz	/sys/devices/system/cpu/cpu7/cpufreq/scaling_cur_freq	1600000
abba	8	1	C2	spacemit	after	temperature_millic	/sys/class/thermal/thermal_zone0/temp	61000
abba	8	1	C2	spacemit	after	temperature_millic	/sys/class/thermal/thermal_zone1/temp	60000
abba	8	1	C2	spacemit	after	temperature_millic	/sys/class/thermal/thermal_zone2/temp	61000
abba	8	1	C2	spacemit	after	temperature_millic	/sys/class/thermal/thermal_zone3/temp	62000
abba	8	2	C2	spacemit	before	governor	/sys/devices/system/cpu/cpu0/cpufreq/scaling_governor	performance
abba	8	2	C2	spacemit	before	governor	/sys/devices/system/cpu/cpu1/cpufreq/scaling_governor	performance
abba	8	2	C2	spacemit	before	governor	/sys/devices/system/cpu/cpu2/cpufreq/scaling_governor	performance
abba	8	2	C2	spacemit	before	governor	/sys/devices/system/cpu/cpu3/cpufreq/scaling_governor	performance
abba	8	2	C2	spacemit	before	governor	/sys/devices/system/cpu/cpu4/cpufreq/scaling_governor	performance
abba	8	2	C2	spacemit	before	governor	/sys/devices/system/cpu/cpu5/cpufreq/scaling_governor	performance
abba	8	2	C2	spacemit	before	governor	/sys/devices/system/cpu/cpu6/cpufreq/scaling_governor	performance
abba	8	2	C2	spacemit	before	governor	/sys/devices/system/cpu/cpu7/cpufreq/scaling_governor	performance
abba	8	2	C2	spacemit	before	frequency_khz	/sys/devices/system/cpu/cpu0/cpufreq/scaling_cur_freq	1600000
abba	8	2	C2	spacemit	before	frequency_khz	/sys/devices/system/cpu/cpu1/cpufreq/scaling_cur_freq	1600000
abba	8	2	C2	spacemit	before	frequency_khz	/sys/devices/system/cpu/cpu2/cpufreq/scaling_cur_freq	1600000
abba	8	2	C2	spacemit	before	frequency_khz	/sys/devices/system/cpu/cpu3/cpufreq/scaling_cur_freq	1600000
abba	8	2	C2	spacemit	before	frequency_khz	/sys/devices/system/cpu/cpu4/cpufreq/scaling_cur_freq	1600000
abba	8	2	C2	spacemit	before	frequency_khz	/sys/devices/system/cpu/cpu5/cpufreq/scaling_cur_freq	1600000
abba	8	2	C2	spacemit	before	frequency_khz	/sys/devices/system/cpu/cpu6/cpufreq/scaling_cur_freq	1600000
abba	8	2	C2	spacemit	before	frequency_khz	/sys/devices/system/cpu/cpu7/cpufreq/scaling_cur_freq	1600000
abba	8	2	C2	spacemit	before	temperature_millic	/sys/class/thermal/thermal_zone0/temp	61000
abba	8	2	C2	spacemit	before	temperature_millic	/sys/class/thermal/thermal_zone1/temp	61000
abba	8	2	C2	spacemit	before	temperature_millic	/sys/class/thermal/thermal_zone2/temp	61000
abba	8	2	C2	spacemit	before	temperature_millic	/sys/class/thermal/thermal_zone3/temp	61000
abba	8	2	C2	spacemit	after	governor	/sys/devices/system/cpu/cpu0/cpufreq/scaling_governor	performance
abba	8	2	C2	spacemit	after	governor	/sys/devices/system/cpu/cpu1/cpufreq/scaling_governor	performance
abba	8	2	C2	spacemit	after	governor	/sys/devices/system/cpu/cpu2/cpufreq/scaling_governor	performance
abba	8	2	C2	spacemit	after	governor	/sys/devices/system/cpu/cpu3/cpufreq/scaling_governor	performance
abba	8	2	C2	spacemit	after	governor	/sys/devices/system/cpu/cpu4/cpufreq/scaling_governor	performance
abba	8	2	C2	spacemit	after	governor	/sys/devices/system/cpu/cpu5/cpufreq/scaling_governor	performance
abba	8	2	C2	spacemit	after	governor	/sys/devices/system/cpu/cpu6/cpufreq/scaling_governor	performance
abba	8	2	C2	spacemit	after	governor	/sys/devices/system/cpu/cpu7/cpufreq/scaling_governor	performance
abba	8	2	C2	spacemit	after	frequency_khz	/sys/devices/system/cpu/cpu0/cpufreq/scaling_cur_freq	1600000
abba	8	2	C2	spacemit	after	frequency_khz	/sys/devices/system/cpu/cpu1/cpufreq/scaling_cur_freq	1600000
abba	8	2	C2	spacemit	after	frequency_khz	/sys/devices/system/cpu/cpu2/cpufreq/scaling_cur_freq	1600000
abba	8	2	C2	spacemit	after	frequency_khz	/sys/devices/system/cpu/cpu3/cpufreq/scaling_cur_freq	1600000
abba	8	2	C2	spacemit	after	frequency_khz	/sys/devices/system/cpu/cpu4/cpufreq/scaling_cur_freq	1600000
abba	8	2	C2	spacemit	after	frequency_khz	/sys/devices/system/cpu/cpu5/cpufreq/scaling_cur_freq	1600000
abba	8	2	C2	spacemit	after	frequency_khz	/sys/devices/system/cpu/cpu6/cpufreq/scaling_cur_freq	1600000
abba	8	2	C2	spacemit	after	frequency_khz	/sys/devices/system/cpu/cpu7/cpufreq/scaling_cur_freq	1600000
abba	8	2	C2	spacemit	after	temperature_millic	/sys/class/thermal/thermal_zone0/temp	60000
abba	8	2	C2	spacemit	after	temperature_millic	/sys/class/thermal/thermal_zone1/temp	60000
abba	8	2	C2	spacemit	after	temperature_millic	/sys/class/thermal/thermal_zone2/temp	61000
abba	8	2	C2	spacemit	after	temperature_millic	/sys/class/thermal/thermal_zone3/temp	61000
abba	8	3	B2	spacemit	before	governor	/sys/devices/system/cpu/cpu0/cpufreq/scaling_governor	performance
abba	8	3	B2	spacemit	before	governor	/sys/devices/system/cpu/cpu1/cpufreq/scaling_governor	performance
abba	8	3	B2	spacemit	before	governor	/sys/devices/system/cpu/cpu2/cpufreq/scaling_governor	performance
abba	8	3	B2	spacemit	before	governor	/sys/devices/system/cpu/cpu3/cpufreq/scaling_governor	performance
abba	8	3	B2	spacemit	before	governor	/sys/devices/system/cpu/cpu4/cpufreq/scaling_governor	performance
abba	8	3	B2	spacemit	before	governor	/sys/devices/system/cpu/cpu5/cpufreq/scaling_governor	performance
abba	8	3	B2	spacemit	before	governor	/sys/devices/system/cpu/cpu6/cpufreq/scaling_governor	performance
abba	8	3	B2	spacemit	before	governor	/sys/devices/system/cpu/cpu7/cpufreq/scaling_governor	performance
abba	8	3	B2	spacemit	before	frequency_khz	/sys/devices/system/cpu/cpu0/cpufreq/scaling_cur_freq	1600000
abba	8	3	B2	spacemit	before	frequency_khz	/sys/devices/system/cpu/cpu1/cpufreq/scaling_cur_freq	1600000
abba	8	3	B2	spacemit	before	frequency_khz	/sys/devices/system/cpu/cpu2/cpufreq/scaling_cur_freq	1600000
abba	8	3	B2	spacemit	before	frequency_khz	/sys/devices/system/cpu/cpu3/cpufreq/scaling_cur_freq	1600000
abba	8	3	B2	spacemit	before	frequency_khz	/sys/devices/system/cpu/cpu4/cpufreq/scaling_cur_freq	1600000
abba	8	3	B2	spacemit	before	frequency_khz	/sys/devices/system/cpu/cpu5/cpufreq/scaling_cur_freq	1600000
abba	8	3	B2	spacemit	before	frequency_khz	/sys/devices/system/cpu/cpu6/cpufreq/scaling_cur_freq	1600000
abba	8	3	B2	spacemit	before	frequency_khz	/sys/devices/system/cpu/cpu7/cpufreq/scaling_cur_freq	1600000
abba	8	3	B2	spacemit	before	temperature_millic	/sys/class/thermal/thermal_zone0/temp	61000
abba	8	3	B2	spacemit	before	temperature_millic	/sys/class/thermal/thermal_zone1/temp	60000
abba	8	3	B2	spacemit	before	temperature_millic	/sys/class/thermal/thermal_zone2/temp	61000
abba	8	3	B2	spacemit	before	temperature_millic	/sys/class/thermal/thermal_zone3/temp	61000
abba	8	3	B2	spacemit	after	governor	/sys/devices/system/cpu/cpu0/cpufreq/scaling_governor	performance
abba	8	3	B2	spacemit	after	governor	/sys/devices/system/cpu/cpu1/cpufreq/scaling_governor	performance
abba	8	3	B2	spacemit	after	governor	/sys/devices/system/cpu/cpu2/cpufreq/scaling_governor	performance
abba	8	3	B2	spacemit	after	governor	/sys/devices/system/cpu/cpu3/cpufreq/scaling_governor	performance
abba	8	3	B2	spacemit	after	governor	/sys/devices/system/cpu/cpu4/cpufreq/scaling_governor	performance
abba	8	3	B2	spacemit	after	governor	/sys/devices/system/cpu/cpu5/cpufreq/scaling_governor	performance
abba	8	3	B2	spacemit	after	governor	/sys/devices/system/cpu/cpu6/cpufreq/scaling_governor	performance
abba	8	3	B2	spacemit	after	governor	/sys/devices/system/cpu/cpu7/cpufreq/scaling_governor	performance
abba	8	3	B2	spacemit	after	frequency_khz	/sys/devices/system/cpu/cpu0/cpufreq/scaling_cur_freq	1600000
abba	8	3	B2	spacemit	after	frequency_khz	/sys/devices/system/cpu/cpu1/cpufreq/scaling_cur_freq	1600000
abba	8	3	B2	spacemit	after	frequency_khz	/sys/devices/system/cpu/cpu2/cpufreq/scaling_cur_freq	1600000
abba	8	3	B2	spacemit	after	frequency_khz	/sys/devices/system/cpu/cpu3/cpufreq/scaling_cur_freq	1600000
abba	8	3	B2	spacemit	after	frequency_khz	/sys/devices/system/cpu/cpu4/cpufreq/scaling_cur_freq	1600000
abba	8	3	B2	spacemit	after	frequency_khz	/sys/devices/system/cpu/cpu5/cpufreq/scaling_cur_freq	1600000
abba	8	3	B2	spacemit	after	frequency_khz	/sys/devices/system/cpu/cpu6/cpufreq/scaling_cur_freq	1600000
abba	8	3	B2	spacemit	after	frequency_khz	/sys/devices/system/cpu/cpu7/cpufreq/scaling_cur_freq	1600000
abba	8	3	B2	spacemit	after	temperature_millic	/sys/class/thermal/thermal_zone0/temp	61000
abba	8	3	B2	spacemit	after	temperature_millic	/sys/class/thermal/thermal_zone1/temp	60000
abba	8	3	B2	spacemit	after	temperature_millic	/sys/class/thermal/thermal_zone2/temp	62000
abba	8	3	B2	spacemit	after	temperature_millic	/sys/class/thermal/thermal_zone3/temp	63000
abba	9	0	C2	spacemit	before	governor	/sys/devices/system/cpu/cpu0/cpufreq/scaling_governor	performance
abba	9	0	C2	spacemit	before	governor	/sys/devices/system/cpu/cpu1/cpufreq/scaling_governor	performance
abba	9	0	C2	spacemit	before	governor	/sys/devices/system/cpu/cpu2/cpufreq/scaling_governor	performance
abba	9	0	C2	spacemit	before	governor	/sys/devices/system/cpu/cpu3/cpufreq/scaling_governor	performance
abba	9	0	C2	spacemit	before	governor	/sys/devices/system/cpu/cpu4/cpufreq/scaling_governor	performance
abba	9	0	C2	spacemit	before	governor	/sys/devices/system/cpu/cpu5/cpufreq/scaling_governor	performance
abba	9	0	C2	spacemit	before	governor	/sys/devices/system/cpu/cpu6/cpufreq/scaling_governor	performance
abba	9	0	C2	spacemit	before	governor	/sys/devices/system/cpu/cpu7/cpufreq/scaling_governor	performance
abba	9	0	C2	spacemit	before	frequency_khz	/sys/devices/system/cpu/cpu0/cpufreq/scaling_cur_freq	1600000
abba	9	0	C2	spacemit	before	frequency_khz	/sys/devices/system/cpu/cpu1/cpufreq/scaling_cur_freq	1600000
abba	9	0	C2	spacemit	before	frequency_khz	/sys/devices/system/cpu/cpu2/cpufreq/scaling_cur_freq	1600000
abba	9	0	C2	spacemit	before	frequency_khz	/sys/devices/system/cpu/cpu3/cpufreq/scaling_cur_freq	1600000
abba	9	0	C2	spacemit	before	frequency_khz	/sys/devices/system/cpu/cpu4/cpufreq/scaling_cur_freq	1600000
abba	9	0	C2	spacemit	before	frequency_khz	/sys/devices/system/cpu/cpu5/cpufreq/scaling_cur_freq	1600000
abba	9	0	C2	spacemit	before	frequency_khz	/sys/devices/system/cpu/cpu6/cpufreq/scaling_cur_freq	1600000
abba	9	0	C2	spacemit	before	frequency_khz	/sys/devices/system/cpu/cpu7/cpufreq/scaling_cur_freq	1600000
abba	9	0	C2	spacemit	before	temperature_millic	/sys/class/thermal/thermal_zone0/temp	60000
abba	9	0	C2	spacemit	before	temperature_millic	/sys/class/thermal/thermal_zone1/temp	60000
abba	9	0	C2	spacemit	before	temperature_millic	/sys/class/thermal/thermal_zone2/temp	61000
abba	9	0	C2	spacemit	before	temperature_millic	/sys/class/thermal/thermal_zone3/temp	62000
abba	9	0	C2	spacemit	after	governor	/sys/devices/system/cpu/cpu0/cpufreq/scaling_governor	performance
abba	9	0	C2	spacemit	after	governor	/sys/devices/system/cpu/cpu1/cpufreq/scaling_governor	performance
abba	9	0	C2	spacemit	after	governor	/sys/devices/system/cpu/cpu2/cpufreq/scaling_governor	performance
abba	9	0	C2	spacemit	after	governor	/sys/devices/system/cpu/cpu3/cpufreq/scaling_governor	performance
abba	9	0	C2	spacemit	after	governor	/sys/devices/system/cpu/cpu4/cpufreq/scaling_governor	performance
abba	9	0	C2	spacemit	after	governor	/sys/devices/system/cpu/cpu5/cpufreq/scaling_governor	performance
abba	9	0	C2	spacemit	after	governor	/sys/devices/system/cpu/cpu6/cpufreq/scaling_governor	performance
abba	9	0	C2	spacemit	after	governor	/sys/devices/system/cpu/cpu7/cpufreq/scaling_governor	performance
abba	9	0	C2	spacemit	after	frequency_khz	/sys/devices/system/cpu/cpu0/cpufreq/scaling_cur_freq	1600000
abba	9	0	C2	spacemit	after	frequency_khz	/sys/devices/system/cpu/cpu1/cpufreq/scaling_cur_freq	1600000
abba	9	0	C2	spacemit	after	frequency_khz	/sys/devices/system/cpu/cpu2/cpufreq/scaling_cur_freq	1600000
abba	9	0	C2	spacemit	after	frequency_khz	/sys/devices/system/cpu/cpu3/cpufreq/scaling_cur_freq	1600000
abba	9	0	C2	spacemit	after	frequency_khz	/sys/devices/system/cpu/cpu4/cpufreq/scaling_cur_freq	1600000
abba	9	0	C2	spacemit	after	frequency_khz	/sys/devices/system/cpu/cpu5/cpufreq/scaling_cur_freq	1600000
abba	9	0	C2	spacemit	after	frequency_khz	/sys/devices/system/cpu/cpu6/cpufreq/scaling_cur_freq	1600000
abba	9	0	C2	spacemit	after	frequency_khz	/sys/devices/system/cpu/cpu7/cpufreq/scaling_cur_freq	1600000
abba	9	0	C2	spacemit	after	temperature_millic	/sys/class/thermal/thermal_zone0/temp	61000
abba	9	0	C2	spacemit	after	temperature_millic	/sys/class/thermal/thermal_zone1/temp	60000
abba	9	0	C2	spacemit	after	temperature_millic	/sys/class/thermal/thermal_zone2/temp	60000
abba	9	0	C2	spacemit	after	temperature_millic	/sys/class/thermal/thermal_zone3/temp	61000
abba	9	1	B2	spacemit	before	governor	/sys/devices/system/cpu/cpu0/cpufreq/scaling_governor	performance
abba	9	1	B2	spacemit	before	governor	/sys/devices/system/cpu/cpu1/cpufreq/scaling_governor	performance
abba	9	1	B2	spacemit	before	governor	/sys/devices/system/cpu/cpu2/cpufreq/scaling_governor	performance
abba	9	1	B2	spacemit	before	governor	/sys/devices/system/cpu/cpu3/cpufreq/scaling_governor	performance
abba	9	1	B2	spacemit	before	governor	/sys/devices/system/cpu/cpu4/cpufreq/scaling_governor	performance
abba	9	1	B2	spacemit	before	governor	/sys/devices/system/cpu/cpu5/cpufreq/scaling_governor	performance
abba	9	1	B2	spacemit	before	governor	/sys/devices/system/cpu/cpu6/cpufreq/scaling_governor	performance
abba	9	1	B2	spacemit	before	governor	/sys/devices/system/cpu/cpu7/cpufreq/scaling_governor	performance
abba	9	1	B2	spacemit	before	frequency_khz	/sys/devices/system/cpu/cpu0/cpufreq/scaling_cur_freq	1600000
abba	9	1	B2	spacemit	before	frequency_khz	/sys/devices/system/cpu/cpu1/cpufreq/scaling_cur_freq	1600000
abba	9	1	B2	spacemit	before	frequency_khz	/sys/devices/system/cpu/cpu2/cpufreq/scaling_cur_freq	1600000
abba	9	1	B2	spacemit	before	frequency_khz	/sys/devices/system/cpu/cpu3/cpufreq/scaling_cur_freq	1600000
abba	9	1	B2	spacemit	before	frequency_khz	/sys/devices/system/cpu/cpu4/cpufreq/scaling_cur_freq	1600000
abba	9	1	B2	spacemit	before	frequency_khz	/sys/devices/system/cpu/cpu5/cpufreq/scaling_cur_freq	1600000
abba	9	1	B2	spacemit	before	frequency_khz	/sys/devices/system/cpu/cpu6/cpufreq/scaling_cur_freq	1600000
abba	9	1	B2	spacemit	before	frequency_khz	/sys/devices/system/cpu/cpu7/cpufreq/scaling_cur_freq	1600000
abba	9	1	B2	spacemit	before	temperature_millic	/sys/class/thermal/thermal_zone0/temp	61000
abba	9	1	B2	spacemit	before	temperature_millic	/sys/class/thermal/thermal_zone1/temp	60000
abba	9	1	B2	spacemit	before	temperature_millic	/sys/class/thermal/thermal_zone2/temp	62000
abba	9	1	B2	spacemit	before	temperature_millic	/sys/class/thermal/thermal_zone3/temp	62000
abba	9	1	B2	spacemit	after	governor	/sys/devices/system/cpu/cpu0/cpufreq/scaling_governor	performance
abba	9	1	B2	spacemit	after	governor	/sys/devices/system/cpu/cpu1/cpufreq/scaling_governor	performance
abba	9	1	B2	spacemit	after	governor	/sys/devices/system/cpu/cpu2/cpufreq/scaling_governor	performance
abba	9	1	B2	spacemit	after	governor	/sys/devices/system/cpu/cpu3/cpufreq/scaling_governor	performance
abba	9	1	B2	spacemit	after	governor	/sys/devices/system/cpu/cpu4/cpufreq/scaling_governor	performance
abba	9	1	B2	spacemit	after	governor	/sys/devices/system/cpu/cpu5/cpufreq/scaling_governor	performance
abba	9	1	B2	spacemit	after	governor	/sys/devices/system/cpu/cpu6/cpufreq/scaling_governor	performance
abba	9	1	B2	spacemit	after	governor	/sys/devices/system/cpu/cpu7/cpufreq/scaling_governor	performance
abba	9	1	B2	spacemit	after	frequency_khz	/sys/devices/system/cpu/cpu0/cpufreq/scaling_cur_freq	1600000
abba	9	1	B2	spacemit	after	frequency_khz	/sys/devices/system/cpu/cpu1/cpufreq/scaling_cur_freq	1600000
abba	9	1	B2	spacemit	after	frequency_khz	/sys/devices/system/cpu/cpu2/cpufreq/scaling_cur_freq	1600000
abba	9	1	B2	spacemit	after	frequency_khz	/sys/devices/system/cpu/cpu3/cpufreq/scaling_cur_freq	1600000
abba	9	1	B2	spacemit	after	frequency_khz	/sys/devices/system/cpu/cpu4/cpufreq/scaling_cur_freq	1600000
abba	9	1	B2	spacemit	after	frequency_khz	/sys/devices/system/cpu/cpu5/cpufreq/scaling_cur_freq	1600000
abba	9	1	B2	spacemit	after	frequency_khz	/sys/devices/system/cpu/cpu6/cpufreq/scaling_cur_freq	1600000
abba	9	1	B2	spacemit	after	frequency_khz	/sys/devices/system/cpu/cpu7/cpufreq/scaling_cur_freq	1600000
abba	9	1	B2	spacemit	after	temperature_millic	/sys/class/thermal/thermal_zone0/temp	61000
abba	9	1	B2	spacemit	after	temperature_millic	/sys/class/thermal/thermal_zone1/temp	61000
abba	9	1	B2	spacemit	after	temperature_millic	/sys/class/thermal/thermal_zone2/temp	61000
abba	9	1	B2	spacemit	after	temperature_millic	/sys/class/thermal/thermal_zone3/temp	62000
abba	9	2	B2	spacemit	before	governor	/sys/devices/system/cpu/cpu0/cpufreq/scaling_governor	performance
abba	9	2	B2	spacemit	before	governor	/sys/devices/system/cpu/cpu1/cpufreq/scaling_governor	performance
abba	9	2	B2	spacemit	before	governor	/sys/devices/system/cpu/cpu2/cpufreq/scaling_governor	performance
abba	9	2	B2	spacemit	before	governor	/sys/devices/system/cpu/cpu3/cpufreq/scaling_governor	performance
abba	9	2	B2	spacemit	before	governor	/sys/devices/system/cpu/cpu4/cpufreq/scaling_governor	performance
abba	9	2	B2	spacemit	before	governor	/sys/devices/system/cpu/cpu5/cpufreq/scaling_governor	performance
abba	9	2	B2	spacemit	before	governor	/sys/devices/system/cpu/cpu6/cpufreq/scaling_governor	performance
abba	9	2	B2	spacemit	before	governor	/sys/devices/system/cpu/cpu7/cpufreq/scaling_governor	performance
abba	9	2	B2	spacemit	before	frequency_khz	/sys/devices/system/cpu/cpu0/cpufreq/scaling_cur_freq	1600000
abba	9	2	B2	spacemit	before	frequency_khz	/sys/devices/system/cpu/cpu1/cpufreq/scaling_cur_freq	1600000
abba	9	2	B2	spacemit	before	frequency_khz	/sys/devices/system/cpu/cpu2/cpufreq/scaling_cur_freq	1600000
abba	9	2	B2	spacemit	before	frequency_khz	/sys/devices/system/cpu/cpu3/cpufreq/scaling_cur_freq	1600000
abba	9	2	B2	spacemit	before	frequency_khz	/sys/devices/system/cpu/cpu4/cpufreq/scaling_cur_freq	1600000
abba	9	2	B2	spacemit	before	frequency_khz	/sys/devices/system/cpu/cpu5/cpufreq/scaling_cur_freq	1600000
abba	9	2	B2	spacemit	before	frequency_khz	/sys/devices/system/cpu/cpu6/cpufreq/scaling_cur_freq	1600000
abba	9	2	B2	spacemit	before	frequency_khz	/sys/devices/system/cpu/cpu7/cpufreq/scaling_cur_freq	1600000
abba	9	2	B2	spacemit	before	temperature_millic	/sys/class/thermal/thermal_zone0/temp	61000
abba	9	2	B2	spacemit	before	temperature_millic	/sys/class/thermal/thermal_zone1/temp	61000
abba	9	2	B2	spacemit	before	temperature_millic	/sys/class/thermal/thermal_zone2/temp	62000
abba	9	2	B2	spacemit	before	temperature_millic	/sys/class/thermal/thermal_zone3/temp	62000
abba	9	2	B2	spacemit	after	governor	/sys/devices/system/cpu/cpu0/cpufreq/scaling_governor	performance
abba	9	2	B2	spacemit	after	governor	/sys/devices/system/cpu/cpu1/cpufreq/scaling_governor	performance
abba	9	2	B2	spacemit	after	governor	/sys/devices/system/cpu/cpu2/cpufreq/scaling_governor	performance
abba	9	2	B2	spacemit	after	governor	/sys/devices/system/cpu/cpu3/cpufreq/scaling_governor	performance
abba	9	2	B2	spacemit	after	governor	/sys/devices/system/cpu/cpu4/cpufreq/scaling_governor	performance
abba	9	2	B2	spacemit	after	governor	/sys/devices/system/cpu/cpu5/cpufreq/scaling_governor	performance
abba	9	2	B2	spacemit	after	governor	/sys/devices/system/cpu/cpu6/cpufreq/scaling_governor	performance
abba	9	2	B2	spacemit	after	governor	/sys/devices/system/cpu/cpu7/cpufreq/scaling_governor	performance
abba	9	2	B2	spacemit	after	frequency_khz	/sys/devices/system/cpu/cpu0/cpufreq/scaling_cur_freq	1600000
abba	9	2	B2	spacemit	after	frequency_khz	/sys/devices/system/cpu/cpu1/cpufreq/scaling_cur_freq	1600000
abba	9	2	B2	spacemit	after	frequency_khz	/sys/devices/system/cpu/cpu2/cpufreq/scaling_cur_freq	1600000
abba	9	2	B2	spacemit	after	frequency_khz	/sys/devices/system/cpu/cpu3/cpufreq/scaling_cur_freq	1600000
abba	9	2	B2	spacemit	after	frequency_khz	/sys/devices/system/cpu/cpu4/cpufreq/scaling_cur_freq	1600000
abba	9	2	B2	spacemit	after	frequency_khz	/sys/devices/system/cpu/cpu5/cpufreq/scaling_cur_freq	1600000
abba	9	2	B2	spacemit	after	frequency_khz	/sys/devices/system/cpu/cpu6/cpufreq/scaling_cur_freq	1600000
abba	9	2	B2	spacemit	after	frequency_khz	/sys/devices/system/cpu/cpu7/cpufreq/scaling_cur_freq	1600000
abba	9	2	B2	spacemit	after	temperature_millic	/sys/class/thermal/thermal_zone0/temp	60000
abba	9	2	B2	spacemit	after	temperature_millic	/sys/class/thermal/thermal_zone1/temp	60000
abba	9	2	B2	spacemit	after	temperature_millic	/sys/class/thermal/thermal_zone2/temp	62000
abba	9	2	B2	spacemit	after	temperature_millic	/sys/class/thermal/thermal_zone3/temp	61000
abba	9	3	C2	spacemit	before	governor	/sys/devices/system/cpu/cpu0/cpufreq/scaling_governor	performance
abba	9	3	C2	spacemit	before	governor	/sys/devices/system/cpu/cpu1/cpufreq/scaling_governor	performance
abba	9	3	C2	spacemit	before	governor	/sys/devices/system/cpu/cpu2/cpufreq/scaling_governor	performance
abba	9	3	C2	spacemit	before	governor	/sys/devices/system/cpu/cpu3/cpufreq/scaling_governor	performance
abba	9	3	C2	spacemit	before	governor	/sys/devices/system/cpu/cpu4/cpufreq/scaling_governor	performance
abba	9	3	C2	spacemit	before	governor	/sys/devices/system/cpu/cpu5/cpufreq/scaling_governor	performance
abba	9	3	C2	spacemit	before	governor	/sys/devices/system/cpu/cpu6/cpufreq/scaling_governor	performance
abba	9	3	C2	spacemit	before	governor	/sys/devices/system/cpu/cpu7/cpufreq/scaling_governor	performance
abba	9	3	C2	spacemit	before	frequency_khz	/sys/devices/system/cpu/cpu0/cpufreq/scaling_cur_freq	1600000
abba	9	3	C2	spacemit	before	frequency_khz	/sys/devices/system/cpu/cpu1/cpufreq/scaling_cur_freq	1600000
abba	9	3	C2	spacemit	before	frequency_khz	/sys/devices/system/cpu/cpu2/cpufreq/scaling_cur_freq	1600000
abba	9	3	C2	spacemit	before	frequency_khz	/sys/devices/system/cpu/cpu3/cpufreq/scaling_cur_freq	1600000
abba	9	3	C2	spacemit	before	frequency_khz	/sys/devices/system/cpu/cpu4/cpufreq/scaling_cur_freq	1600000
abba	9	3	C2	spacemit	before	frequency_khz	/sys/devices/system/cpu/cpu5/cpufreq/scaling_cur_freq	1600000
abba	9	3	C2	spacemit	before	frequency_khz	/sys/devices/system/cpu/cpu6/cpufreq/scaling_cur_freq	1600000
abba	9	3	C2	spacemit	before	frequency_khz	/sys/devices/system/cpu/cpu7/cpufreq/scaling_cur_freq	1600000
abba	9	3	C2	spacemit	before	temperature_millic	/sys/class/thermal/thermal_zone0/temp	60000
abba	9	3	C2	spacemit	before	temperature_millic	/sys/class/thermal/thermal_zone1/temp	60000
abba	9	3	C2	spacemit	before	temperature_millic	/sys/class/thermal/thermal_zone2/temp	62000
abba	9	3	C2	spacemit	before	temperature_millic	/sys/class/thermal/thermal_zone3/temp	61000
abba	9	3	C2	spacemit	after	governor	/sys/devices/system/cpu/cpu0/cpufreq/scaling_governor	performance
abba	9	3	C2	spacemit	after	governor	/sys/devices/system/cpu/cpu1/cpufreq/scaling_governor	performance
abba	9	3	C2	spacemit	after	governor	/sys/devices/system/cpu/cpu2/cpufreq/scaling_governor	performance
abba	9	3	C2	spacemit	after	governor	/sys/devices/system/cpu/cpu3/cpufreq/scaling_governor	performance
abba	9	3	C2	spacemit	after	governor	/sys/devices/system/cpu/cpu4/cpufreq/scaling_governor	performance
abba	9	3	C2	spacemit	after	governor	/sys/devices/system/cpu/cpu5/cpufreq/scaling_governor	performance
abba	9	3	C2	spacemit	after	governor	/sys/devices/system/cpu/cpu6/cpufreq/scaling_governor	performance
abba	9	3	C2	spacemit	after	governor	/sys/devices/system/cpu/cpu7/cpufreq/scaling_governor	performance
abba	9	3	C2	spacemit	after	frequency_khz	/sys/devices/system/cpu/cpu0/cpufreq/scaling_cur_freq	1600000
abba	9	3	C2	spacemit	after	frequency_khz	/sys/devices/system/cpu/cpu1/cpufreq/scaling_cur_freq	1600000
abba	9	3	C2	spacemit	after	frequency_khz	/sys/devices/system/cpu/cpu2/cpufreq/scaling_cur_freq	1600000
abba	9	3	C2	spacemit	after	frequency_khz	/sys/devices/system/cpu/cpu3/cpufreq/scaling_cur_freq	1600000
abba	9	3	C2	spacemit	after	frequency_khz	/sys/devices/system/cpu/cpu4/cpufreq/scaling_cur_freq	1600000
abba	9	3	C2	spacemit	after	frequency_khz	/sys/devices/system/cpu/cpu5/cpufreq/scaling_cur_freq	1600000
abba	9	3	C2	spacemit	after	frequency_khz	/sys/devices/system/cpu/cpu6/cpufreq/scaling_cur_freq	1600000
abba	9	3	C2	spacemit	after	frequency_khz	/sys/devices/system/cpu/cpu7/cpufreq/scaling_cur_freq	1600000
abba	9	3	C2	spacemit	after	temperature_millic	/sys/class/thermal/thermal_zone0/temp	61000
abba	9	3	C2	spacemit	after	temperature_millic	/sys/class/thermal/thermal_zone1/temp	60000
abba	9	3	C2	spacemit	after	temperature_millic	/sys/class/thermal/thermal_zone2/temp	62000
abba	9	3	C2	spacemit	after	temperature_millic	/sys/class/thermal/thermal_zone3/temp	62000
cpu	0	0	B2	cpu	before	governor	/sys/devices/system/cpu/cpu0/cpufreq/scaling_governor	performance
cpu	0	0	B2	cpu	before	governor	/sys/devices/system/cpu/cpu1/cpufreq/scaling_governor	performance
cpu	0	0	B2	cpu	before	governor	/sys/devices/system/cpu/cpu2/cpufreq/scaling_governor	performance
cpu	0	0	B2	cpu	before	governor	/sys/devices/system/cpu/cpu3/cpufreq/scaling_governor	performance
cpu	0	0	B2	cpu	before	governor	/sys/devices/system/cpu/cpu4/cpufreq/scaling_governor	performance
cpu	0	0	B2	cpu	before	governor	/sys/devices/system/cpu/cpu5/cpufreq/scaling_governor	performance
cpu	0	0	B2	cpu	before	governor	/sys/devices/system/cpu/cpu6/cpufreq/scaling_governor	performance
cpu	0	0	B2	cpu	before	governor	/sys/devices/system/cpu/cpu7/cpufreq/scaling_governor	performance
cpu	0	0	B2	cpu	before	frequency_khz	/sys/devices/system/cpu/cpu0/cpufreq/scaling_cur_freq	1600000
cpu	0	0	B2	cpu	before	frequency_khz	/sys/devices/system/cpu/cpu1/cpufreq/scaling_cur_freq	1600000
cpu	0	0	B2	cpu	before	frequency_khz	/sys/devices/system/cpu/cpu2/cpufreq/scaling_cur_freq	1600000
cpu	0	0	B2	cpu	before	frequency_khz	/sys/devices/system/cpu/cpu3/cpufreq/scaling_cur_freq	1600000
cpu	0	0	B2	cpu	before	frequency_khz	/sys/devices/system/cpu/cpu4/cpufreq/scaling_cur_freq	1600000
cpu	0	0	B2	cpu	before	frequency_khz	/sys/devices/system/cpu/cpu5/cpufreq/scaling_cur_freq	1600000
cpu	0	0	B2	cpu	before	frequency_khz	/sys/devices/system/cpu/cpu6/cpufreq/scaling_cur_freq	1600000
cpu	0	0	B2	cpu	before	frequency_khz	/sys/devices/system/cpu/cpu7/cpufreq/scaling_cur_freq	1600000
cpu	0	0	B2	cpu	before	temperature_millic	/sys/class/thermal/thermal_zone0/temp	60000
cpu	0	0	B2	cpu	before	temperature_millic	/sys/class/thermal/thermal_zone1/temp	60000
cpu	0	0	B2	cpu	before	temperature_millic	/sys/class/thermal/thermal_zone2/temp	61000
cpu	0	0	B2	cpu	before	temperature_millic	/sys/class/thermal/thermal_zone3/temp	61000
cpu	0	0	B2	cpu	after	governor	/sys/devices/system/cpu/cpu0/cpufreq/scaling_governor	performance
cpu	0	0	B2	cpu	after	governor	/sys/devices/system/cpu/cpu1/cpufreq/scaling_governor	performance
cpu	0	0	B2	cpu	after	governor	/sys/devices/system/cpu/cpu2/cpufreq/scaling_governor	performance
cpu	0	0	B2	cpu	after	governor	/sys/devices/system/cpu/cpu3/cpufreq/scaling_governor	performance
cpu	0	0	B2	cpu	after	governor	/sys/devices/system/cpu/cpu4/cpufreq/scaling_governor	performance
cpu	0	0	B2	cpu	after	governor	/sys/devices/system/cpu/cpu5/cpufreq/scaling_governor	performance
cpu	0	0	B2	cpu	after	governor	/sys/devices/system/cpu/cpu6/cpufreq/scaling_governor	performance
cpu	0	0	B2	cpu	after	governor	/sys/devices/system/cpu/cpu7/cpufreq/scaling_governor	performance
cpu	0	0	B2	cpu	after	frequency_khz	/sys/devices/system/cpu/cpu0/cpufreq/scaling_cur_freq	1600000
cpu	0	0	B2	cpu	after	frequency_khz	/sys/devices/system/cpu/cpu1/cpufreq/scaling_cur_freq	1600000
cpu	0	0	B2	cpu	after	frequency_khz	/sys/devices/system/cpu/cpu2/cpufreq/scaling_cur_freq	1600000
cpu	0	0	B2	cpu	after	frequency_khz	/sys/devices/system/cpu/cpu3/cpufreq/scaling_cur_freq	1600000
cpu	0	0	B2	cpu	after	frequency_khz	/sys/devices/system/cpu/cpu4/cpufreq/scaling_cur_freq	1600000
cpu	0	0	B2	cpu	after	frequency_khz	/sys/devices/system/cpu/cpu5/cpufreq/scaling_cur_freq	1600000
cpu	0	0	B2	cpu	after	frequency_khz	/sys/devices/system/cpu/cpu6/cpufreq/scaling_cur_freq	1600000
cpu	0	0	B2	cpu	after	frequency_khz	/sys/devices/system/cpu/cpu7/cpufreq/scaling_cur_freq	1600000
cpu	0	0	B2	cpu	after	temperature_millic	/sys/class/thermal/thermal_zone0/temp	60000
cpu	0	0	B2	cpu	after	temperature_millic	/sys/class/thermal/thermal_zone1/temp	58000
cpu	0	0	B2	cpu	after	temperature_millic	/sys/class/thermal/thermal_zone2/temp	61000
cpu	0	0	B2	cpu	after	temperature_millic	/sys/class/thermal/thermal_zone3/temp	61000
cpu	0	1	C2	cpu	before	governor	/sys/devices/system/cpu/cpu0/cpufreq/scaling_governor	performance
cpu	0	1	C2	cpu	before	governor	/sys/devices/system/cpu/cpu1/cpufreq/scaling_governor	performance
cpu	0	1	C2	cpu	before	governor	/sys/devices/system/cpu/cpu2/cpufreq/scaling_governor	performance
cpu	0	1	C2	cpu	before	governor	/sys/devices/system/cpu/cpu3/cpufreq/scaling_governor	performance
cpu	0	1	C2	cpu	before	governor	/sys/devices/system/cpu/cpu4/cpufreq/scaling_governor	performance
cpu	0	1	C2	cpu	before	governor	/sys/devices/system/cpu/cpu5/cpufreq/scaling_governor	performance
cpu	0	1	C2	cpu	before	governor	/sys/devices/system/cpu/cpu6/cpufreq/scaling_governor	performance
cpu	0	1	C2	cpu	before	governor	/sys/devices/system/cpu/cpu7/cpufreq/scaling_governor	performance
cpu	0	1	C2	cpu	before	frequency_khz	/sys/devices/system/cpu/cpu0/cpufreq/scaling_cur_freq	1600000
cpu	0	1	C2	cpu	before	frequency_khz	/sys/devices/system/cpu/cpu1/cpufreq/scaling_cur_freq	1600000
cpu	0	1	C2	cpu	before	frequency_khz	/sys/devices/system/cpu/cpu2/cpufreq/scaling_cur_freq	1600000
cpu	0	1	C2	cpu	before	frequency_khz	/sys/devices/system/cpu/cpu3/cpufreq/scaling_cur_freq	1600000
cpu	0	1	C2	cpu	before	frequency_khz	/sys/devices/system/cpu/cpu4/cpufreq/scaling_cur_freq	1600000
cpu	0	1	C2	cpu	before	frequency_khz	/sys/devices/system/cpu/cpu5/cpufreq/scaling_cur_freq	1600000
cpu	0	1	C2	cpu	before	frequency_khz	/sys/devices/system/cpu/cpu6/cpufreq/scaling_cur_freq	1600000
cpu	0	1	C2	cpu	before	frequency_khz	/sys/devices/system/cpu/cpu7/cpufreq/scaling_cur_freq	1600000
cpu	0	1	C2	cpu	before	temperature_millic	/sys/class/thermal/thermal_zone0/temp	58000
cpu	0	1	C2	cpu	before	temperature_millic	/sys/class/thermal/thermal_zone1/temp	58000
cpu	0	1	C2	cpu	before	temperature_millic	/sys/class/thermal/thermal_zone2/temp	60000
cpu	0	1	C2	cpu	before	temperature_millic	/sys/class/thermal/thermal_zone3/temp	61000
cpu	0	1	C2	cpu	after	governor	/sys/devices/system/cpu/cpu0/cpufreq/scaling_governor	performance
cpu	0	1	C2	cpu	after	governor	/sys/devices/system/cpu/cpu1/cpufreq/scaling_governor	performance
cpu	0	1	C2	cpu	after	governor	/sys/devices/system/cpu/cpu2/cpufreq/scaling_governor	performance
cpu	0	1	C2	cpu	after	governor	/sys/devices/system/cpu/cpu3/cpufreq/scaling_governor	performance
cpu	0	1	C2	cpu	after	governor	/sys/devices/system/cpu/cpu4/cpufreq/scaling_governor	performance
cpu	0	1	C2	cpu	after	governor	/sys/devices/system/cpu/cpu5/cpufreq/scaling_governor	performance
cpu	0	1	C2	cpu	after	governor	/sys/devices/system/cpu/cpu6/cpufreq/scaling_governor	performance
cpu	0	1	C2	cpu	after	governor	/sys/devices/system/cpu/cpu7/cpufreq/scaling_governor	performance
cpu	0	1	C2	cpu	after	frequency_khz	/sys/devices/system/cpu/cpu0/cpufreq/scaling_cur_freq	1600000
cpu	0	1	C2	cpu	after	frequency_khz	/sys/devices/system/cpu/cpu1/cpufreq/scaling_cur_freq	1600000
cpu	0	1	C2	cpu	after	frequency_khz	/sys/devices/system/cpu/cpu2/cpufreq/scaling_cur_freq	1600000
cpu	0	1	C2	cpu	after	frequency_khz	/sys/devices/system/cpu/cpu3/cpufreq/scaling_cur_freq	1600000
cpu	0	1	C2	cpu	after	frequency_khz	/sys/devices/system/cpu/cpu4/cpufreq/scaling_cur_freq	1600000
cpu	0	1	C2	cpu	after	frequency_khz	/sys/devices/system/cpu/cpu5/cpufreq/scaling_cur_freq	1600000
cpu	0	1	C2	cpu	after	frequency_khz	/sys/devices/system/cpu/cpu6/cpufreq/scaling_cur_freq	1600000
cpu	0	1	C2	cpu	after	frequency_khz	/sys/devices/system/cpu/cpu7/cpufreq/scaling_cur_freq	1600000
cpu	0	1	C2	cpu	after	temperature_millic	/sys/class/thermal/thermal_zone0/temp	58000
cpu	0	1	C2	cpu	after	temperature_millic	/sys/class/thermal/thermal_zone1/temp	58000
cpu	0	1	C2	cpu	after	temperature_millic	/sys/class/thermal/thermal_zone2/temp	59000
cpu	0	1	C2	cpu	after	temperature_millic	/sys/class/thermal/thermal_zone3/temp	60000
cpu	1	0	C2	cpu	before	governor	/sys/devices/system/cpu/cpu0/cpufreq/scaling_governor	performance
cpu	1	0	C2	cpu	before	governor	/sys/devices/system/cpu/cpu1/cpufreq/scaling_governor	performance
cpu	1	0	C2	cpu	before	governor	/sys/devices/system/cpu/cpu2/cpufreq/scaling_governor	performance
cpu	1	0	C2	cpu	before	governor	/sys/devices/system/cpu/cpu3/cpufreq/scaling_governor	performance
cpu	1	0	C2	cpu	before	governor	/sys/devices/system/cpu/cpu4/cpufreq/scaling_governor	performance
cpu	1	0	C2	cpu	before	governor	/sys/devices/system/cpu/cpu5/cpufreq/scaling_governor	performance
cpu	1	0	C2	cpu	before	governor	/sys/devices/system/cpu/cpu6/cpufreq/scaling_governor	performance
cpu	1	0	C2	cpu	before	governor	/sys/devices/system/cpu/cpu7/cpufreq/scaling_governor	performance
cpu	1	0	C2	cpu	before	frequency_khz	/sys/devices/system/cpu/cpu0/cpufreq/scaling_cur_freq	1600000
cpu	1	0	C2	cpu	before	frequency_khz	/sys/devices/system/cpu/cpu1/cpufreq/scaling_cur_freq	1600000
cpu	1	0	C2	cpu	before	frequency_khz	/sys/devices/system/cpu/cpu2/cpufreq/scaling_cur_freq	1600000
cpu	1	0	C2	cpu	before	frequency_khz	/sys/devices/system/cpu/cpu3/cpufreq/scaling_cur_freq	1600000
cpu	1	0	C2	cpu	before	frequency_khz	/sys/devices/system/cpu/cpu4/cpufreq/scaling_cur_freq	1600000
cpu	1	0	C2	cpu	before	frequency_khz	/sys/devices/system/cpu/cpu5/cpufreq/scaling_cur_freq	1600000
cpu	1	0	C2	cpu	before	frequency_khz	/sys/devices/system/cpu/cpu6/cpufreq/scaling_cur_freq	1600000
cpu	1	0	C2	cpu	before	frequency_khz	/sys/devices/system/cpu/cpu7/cpufreq/scaling_cur_freq	1600000
cpu	1	0	C2	cpu	before	temperature_millic	/sys/class/thermal/thermal_zone0/temp	58000
cpu	1	0	C2	cpu	before	temperature_millic	/sys/class/thermal/thermal_zone1/temp	58000
cpu	1	0	C2	cpu	before	temperature_millic	/sys/class/thermal/thermal_zone2/temp	59000
cpu	1	0	C2	cpu	before	temperature_millic	/sys/class/thermal/thermal_zone3/temp	60000
cpu	1	0	C2	cpu	after	governor	/sys/devices/system/cpu/cpu0/cpufreq/scaling_governor	performance
cpu	1	0	C2	cpu	after	governor	/sys/devices/system/cpu/cpu1/cpufreq/scaling_governor	performance
cpu	1	0	C2	cpu	after	governor	/sys/devices/system/cpu/cpu2/cpufreq/scaling_governor	performance
cpu	1	0	C2	cpu	after	governor	/sys/devices/system/cpu/cpu3/cpufreq/scaling_governor	performance
cpu	1	0	C2	cpu	after	governor	/sys/devices/system/cpu/cpu4/cpufreq/scaling_governor	performance
cpu	1	0	C2	cpu	after	governor	/sys/devices/system/cpu/cpu5/cpufreq/scaling_governor	performance
cpu	1	0	C2	cpu	after	governor	/sys/devices/system/cpu/cpu6/cpufreq/scaling_governor	performance
cpu	1	0	C2	cpu	after	governor	/sys/devices/system/cpu/cpu7/cpufreq/scaling_governor	performance
cpu	1	0	C2	cpu	after	frequency_khz	/sys/devices/system/cpu/cpu0/cpufreq/scaling_cur_freq	1600000
cpu	1	0	C2	cpu	after	frequency_khz	/sys/devices/system/cpu/cpu1/cpufreq/scaling_cur_freq	1600000
cpu	1	0	C2	cpu	after	frequency_khz	/sys/devices/system/cpu/cpu2/cpufreq/scaling_cur_freq	1600000
cpu	1	0	C2	cpu	after	frequency_khz	/sys/devices/system/cpu/cpu3/cpufreq/scaling_cur_freq	1600000
cpu	1	0	C2	cpu	after	frequency_khz	/sys/devices/system/cpu/cpu4/cpufreq/scaling_cur_freq	1600000
cpu	1	0	C2	cpu	after	frequency_khz	/sys/devices/system/cpu/cpu5/cpufreq/scaling_cur_freq	1600000
cpu	1	0	C2	cpu	after	frequency_khz	/sys/devices/system/cpu/cpu6/cpufreq/scaling_cur_freq	1600000
cpu	1	0	C2	cpu	after	frequency_khz	/sys/devices/system/cpu/cpu7/cpufreq/scaling_cur_freq	1600000
cpu	1	0	C2	cpu	after	temperature_millic	/sys/class/thermal/thermal_zone0/temp	58000
cpu	1	0	C2	cpu	after	temperature_millic	/sys/class/thermal/thermal_zone1/temp	58000
cpu	1	0	C2	cpu	after	temperature_millic	/sys/class/thermal/thermal_zone2/temp	59000
cpu	1	0	C2	cpu	after	temperature_millic	/sys/class/thermal/thermal_zone3/temp	58000
cpu	1	1	B2	cpu	before	governor	/sys/devices/system/cpu/cpu0/cpufreq/scaling_governor	performance
cpu	1	1	B2	cpu	before	governor	/sys/devices/system/cpu/cpu1/cpufreq/scaling_governor	performance
cpu	1	1	B2	cpu	before	governor	/sys/devices/system/cpu/cpu2/cpufreq/scaling_governor	performance
cpu	1	1	B2	cpu	before	governor	/sys/devices/system/cpu/cpu3/cpufreq/scaling_governor	performance
cpu	1	1	B2	cpu	before	governor	/sys/devices/system/cpu/cpu4/cpufreq/scaling_governor	performance
cpu	1	1	B2	cpu	before	governor	/sys/devices/system/cpu/cpu5/cpufreq/scaling_governor	performance
cpu	1	1	B2	cpu	before	governor	/sys/devices/system/cpu/cpu6/cpufreq/scaling_governor	performance
cpu	1	1	B2	cpu	before	governor	/sys/devices/system/cpu/cpu7/cpufreq/scaling_governor	performance
cpu	1	1	B2	cpu	before	frequency_khz	/sys/devices/system/cpu/cpu0/cpufreq/scaling_cur_freq	1600000
cpu	1	1	B2	cpu	before	frequency_khz	/sys/devices/system/cpu/cpu1/cpufreq/scaling_cur_freq	1600000
cpu	1	1	B2	cpu	before	frequency_khz	/sys/devices/system/cpu/cpu2/cpufreq/scaling_cur_freq	1600000
cpu	1	1	B2	cpu	before	frequency_khz	/sys/devices/system/cpu/cpu3/cpufreq/scaling_cur_freq	1600000
cpu	1	1	B2	cpu	before	frequency_khz	/sys/devices/system/cpu/cpu4/cpufreq/scaling_cur_freq	1600000
cpu	1	1	B2	cpu	before	frequency_khz	/sys/devices/system/cpu/cpu5/cpufreq/scaling_cur_freq	1600000
cpu	1	1	B2	cpu	before	frequency_khz	/sys/devices/system/cpu/cpu6/cpufreq/scaling_cur_freq	1600000
cpu	1	1	B2	cpu	before	frequency_khz	/sys/devices/system/cpu/cpu7/cpufreq/scaling_cur_freq	1600000
cpu	1	1	B2	cpu	before	temperature_millic	/sys/class/thermal/thermal_zone0/temp	58000
cpu	1	1	B2	cpu	before	temperature_millic	/sys/class/thermal/thermal_zone1/temp	58000
cpu	1	1	B2	cpu	before	temperature_millic	/sys/class/thermal/thermal_zone2/temp	59000
cpu	1	1	B2	cpu	before	temperature_millic	/sys/class/thermal/thermal_zone3/temp	58000
cpu	1	1	B2	cpu	after	governor	/sys/devices/system/cpu/cpu0/cpufreq/scaling_governor	performance
cpu	1	1	B2	cpu	after	governor	/sys/devices/system/cpu/cpu1/cpufreq/scaling_governor	performance
cpu	1	1	B2	cpu	after	governor	/sys/devices/system/cpu/cpu2/cpufreq/scaling_governor	performance
cpu	1	1	B2	cpu	after	governor	/sys/devices/system/cpu/cpu3/cpufreq/scaling_governor	performance
cpu	1	1	B2	cpu	after	governor	/sys/devices/system/cpu/cpu4/cpufreq/scaling_governor	performance
cpu	1	1	B2	cpu	after	governor	/sys/devices/system/cpu/cpu5/cpufreq/scaling_governor	performance
cpu	1	1	B2	cpu	after	governor	/sys/devices/system/cpu/cpu6/cpufreq/scaling_governor	performance
cpu	1	1	B2	cpu	after	governor	/sys/devices/system/cpu/cpu7/cpufreq/scaling_governor	performance
cpu	1	1	B2	cpu	after	frequency_khz	/sys/devices/system/cpu/cpu0/cpufreq/scaling_cur_freq	1600000
cpu	1	1	B2	cpu	after	frequency_khz	/sys/devices/system/cpu/cpu1/cpufreq/scaling_cur_freq	1600000
cpu	1	1	B2	cpu	after	frequency_khz	/sys/devices/system/cpu/cpu2/cpufreq/scaling_cur_freq	1600000
cpu	1	1	B2	cpu	after	frequency_khz	/sys/devices/system/cpu/cpu3/cpufreq/scaling_cur_freq	1600000
cpu	1	1	B2	cpu	after	frequency_khz	/sys/devices/system/cpu/cpu4/cpufreq/scaling_cur_freq	1600000
cpu	1	1	B2	cpu	after	frequency_khz	/sys/devices/system/cpu/cpu5/cpufreq/scaling_cur_freq	1600000
cpu	1	1	B2	cpu	after	frequency_khz	/sys/devices/system/cpu/cpu6/cpufreq/scaling_cur_freq	1600000
cpu	1	1	B2	cpu	after	frequency_khz	/sys/devices/system/cpu/cpu7/cpufreq/scaling_cur_freq	1600000
cpu	1	1	B2	cpu	after	temperature_millic	/sys/class/thermal/thermal_zone0/temp	58000
cpu	1	1	B2	cpu	after	temperature_millic	/sys/class/thermal/thermal_zone1/temp	58000
cpu	1	1	B2	cpu	after	temperature_millic	/sys/class/thermal/thermal_zone2/temp	59000
cpu	1	1	B2	cpu	after	temperature_millic	/sys/class/thermal/thermal_zone3/temp	59000
cpu	2	0	B2	cpu	before	governor	/sys/devices/system/cpu/cpu0/cpufreq/scaling_governor	performance
cpu	2	0	B2	cpu	before	governor	/sys/devices/system/cpu/cpu1/cpufreq/scaling_governor	performance
cpu	2	0	B2	cpu	before	governor	/sys/devices/system/cpu/cpu2/cpufreq/scaling_governor	performance
cpu	2	0	B2	cpu	before	governor	/sys/devices/system/cpu/cpu3/cpufreq/scaling_governor	performance
cpu	2	0	B2	cpu	before	governor	/sys/devices/system/cpu/cpu4/cpufreq/scaling_governor	performance
cpu	2	0	B2	cpu	before	governor	/sys/devices/system/cpu/cpu5/cpufreq/scaling_governor	performance
cpu	2	0	B2	cpu	before	governor	/sys/devices/system/cpu/cpu6/cpufreq/scaling_governor	performance
cpu	2	0	B2	cpu	before	governor	/sys/devices/system/cpu/cpu7/cpufreq/scaling_governor	performance
cpu	2	0	B2	cpu	before	frequency_khz	/sys/devices/system/cpu/cpu0/cpufreq/scaling_cur_freq	1600000
cpu	2	0	B2	cpu	before	frequency_khz	/sys/devices/system/cpu/cpu1/cpufreq/scaling_cur_freq	1600000
cpu	2	0	B2	cpu	before	frequency_khz	/sys/devices/system/cpu/cpu2/cpufreq/scaling_cur_freq	1600000
cpu	2	0	B2	cpu	before	frequency_khz	/sys/devices/system/cpu/cpu3/cpufreq/scaling_cur_freq	1600000
cpu	2	0	B2	cpu	before	frequency_khz	/sys/devices/system/cpu/cpu4/cpufreq/scaling_cur_freq	1600000
cpu	2	0	B2	cpu	before	frequency_khz	/sys/devices/system/cpu/cpu5/cpufreq/scaling_cur_freq	1600000
cpu	2	0	B2	cpu	before	frequency_khz	/sys/devices/system/cpu/cpu6/cpufreq/scaling_cur_freq	1600000
cpu	2	0	B2	cpu	before	frequency_khz	/sys/devices/system/cpu/cpu7/cpufreq/scaling_cur_freq	1600000
cpu	2	0	B2	cpu	before	temperature_millic	/sys/class/thermal/thermal_zone0/temp	58000
cpu	2	0	B2	cpu	before	temperature_millic	/sys/class/thermal/thermal_zone1/temp	58000
cpu	2	0	B2	cpu	before	temperature_millic	/sys/class/thermal/thermal_zone2/temp	59000
cpu	2	0	B2	cpu	before	temperature_millic	/sys/class/thermal/thermal_zone3/temp	58000
cpu	2	0	B2	cpu	after	governor	/sys/devices/system/cpu/cpu0/cpufreq/scaling_governor	performance
cpu	2	0	B2	cpu	after	governor	/sys/devices/system/cpu/cpu1/cpufreq/scaling_governor	performance
cpu	2	0	B2	cpu	after	governor	/sys/devices/system/cpu/cpu2/cpufreq/scaling_governor	performance
cpu	2	0	B2	cpu	after	governor	/sys/devices/system/cpu/cpu3/cpufreq/scaling_governor	performance
cpu	2	0	B2	cpu	after	governor	/sys/devices/system/cpu/cpu4/cpufreq/scaling_governor	performance
cpu	2	0	B2	cpu	after	governor	/sys/devices/system/cpu/cpu5/cpufreq/scaling_governor	performance
cpu	2	0	B2	cpu	after	governor	/sys/devices/system/cpu/cpu6/cpufreq/scaling_governor	performance
cpu	2	0	B2	cpu	after	governor	/sys/devices/system/cpu/cpu7/cpufreq/scaling_governor	performance
cpu	2	0	B2	cpu	after	frequency_khz	/sys/devices/system/cpu/cpu0/cpufreq/scaling_cur_freq	1600000
cpu	2	0	B2	cpu	after	frequency_khz	/sys/devices/system/cpu/cpu1/cpufreq/scaling_cur_freq	1600000
cpu	2	0	B2	cpu	after	frequency_khz	/sys/devices/system/cpu/cpu2/cpufreq/scaling_cur_freq	1600000
cpu	2	0	B2	cpu	after	frequency_khz	/sys/devices/system/cpu/cpu3/cpufreq/scaling_cur_freq	1600000
cpu	2	0	B2	cpu	after	frequency_khz	/sys/devices/system/cpu/cpu4/cpufreq/scaling_cur_freq	1600000
cpu	2	0	B2	cpu	after	frequency_khz	/sys/devices/system/cpu/cpu5/cpufreq/scaling_cur_freq	1600000
cpu	2	0	B2	cpu	after	frequency_khz	/sys/devices/system/cpu/cpu6/cpufreq/scaling_cur_freq	1600000
cpu	2	0	B2	cpu	after	frequency_khz	/sys/devices/system/cpu/cpu7/cpufreq/scaling_cur_freq	1600000
cpu	2	0	B2	cpu	after	temperature_millic	/sys/class/thermal/thermal_zone0/temp	58000
cpu	2	0	B2	cpu	after	temperature_millic	/sys/class/thermal/thermal_zone1/temp	59000
cpu	2	0	B2	cpu	after	temperature_millic	/sys/class/thermal/thermal_zone2/temp	59000
cpu	2	0	B2	cpu	after	temperature_millic	/sys/class/thermal/thermal_zone3/temp	59000
cpu	2	1	C2	cpu	before	governor	/sys/devices/system/cpu/cpu0/cpufreq/scaling_governor	performance
cpu	2	1	C2	cpu	before	governor	/sys/devices/system/cpu/cpu1/cpufreq/scaling_governor	performance
cpu	2	1	C2	cpu	before	governor	/sys/devices/system/cpu/cpu2/cpufreq/scaling_governor	performance
cpu	2	1	C2	cpu	before	governor	/sys/devices/system/cpu/cpu3/cpufreq/scaling_governor	performance
cpu	2	1	C2	cpu	before	governor	/sys/devices/system/cpu/cpu4/cpufreq/scaling_governor	performance
cpu	2	1	C2	cpu	before	governor	/sys/devices/system/cpu/cpu5/cpufreq/scaling_governor	performance
cpu	2	1	C2	cpu	before	governor	/sys/devices/system/cpu/cpu6/cpufreq/scaling_governor	performance
cpu	2	1	C2	cpu	before	governor	/sys/devices/system/cpu/cpu7/cpufreq/scaling_governor	performance
cpu	2	1	C2	cpu	before	frequency_khz	/sys/devices/system/cpu/cpu0/cpufreq/scaling_cur_freq	1600000
cpu	2	1	C2	cpu	before	frequency_khz	/sys/devices/system/cpu/cpu1/cpufreq/scaling_cur_freq	1600000
cpu	2	1	C2	cpu	before	frequency_khz	/sys/devices/system/cpu/cpu2/cpufreq/scaling_cur_freq	1600000
cpu	2	1	C2	cpu	before	frequency_khz	/sys/devices/system/cpu/cpu3/cpufreq/scaling_cur_freq	1600000
cpu	2	1	C2	cpu	before	frequency_khz	/sys/devices/system/cpu/cpu4/cpufreq/scaling_cur_freq	1600000
cpu	2	1	C2	cpu	before	frequency_khz	/sys/devices/system/cpu/cpu5/cpufreq/scaling_cur_freq	1600000
cpu	2	1	C2	cpu	before	frequency_khz	/sys/devices/system/cpu/cpu6/cpufreq/scaling_cur_freq	1600000
cpu	2	1	C2	cpu	before	frequency_khz	/sys/devices/system/cpu/cpu7/cpufreq/scaling_cur_freq	1600000
cpu	2	1	C2	cpu	before	temperature_millic	/sys/class/thermal/thermal_zone0/temp	58000
cpu	2	1	C2	cpu	before	temperature_millic	/sys/class/thermal/thermal_zone1/temp	58000
cpu	2	1	C2	cpu	before	temperature_millic	/sys/class/thermal/thermal_zone2/temp	58000
cpu	2	1	C2	cpu	before	temperature_millic	/sys/class/thermal/thermal_zone3/temp	60000
cpu	2	1	C2	cpu	after	governor	/sys/devices/system/cpu/cpu0/cpufreq/scaling_governor	performance
cpu	2	1	C2	cpu	after	governor	/sys/devices/system/cpu/cpu1/cpufreq/scaling_governor	performance
cpu	2	1	C2	cpu	after	governor	/sys/devices/system/cpu/cpu2/cpufreq/scaling_governor	performance
cpu	2	1	C2	cpu	after	governor	/sys/devices/system/cpu/cpu3/cpufreq/scaling_governor	performance
cpu	2	1	C2	cpu	after	governor	/sys/devices/system/cpu/cpu4/cpufreq/scaling_governor	performance
cpu	2	1	C2	cpu	after	governor	/sys/devices/system/cpu/cpu5/cpufreq/scaling_governor	performance
cpu	2	1	C2	cpu	after	governor	/sys/devices/system/cpu/cpu6/cpufreq/scaling_governor	performance
cpu	2	1	C2	cpu	after	governor	/sys/devices/system/cpu/cpu7/cpufreq/scaling_governor	performance
cpu	2	1	C2	cpu	after	frequency_khz	/sys/devices/system/cpu/cpu0/cpufreq/scaling_cur_freq	1600000
cpu	2	1	C2	cpu	after	frequency_khz	/sys/devices/system/cpu/cpu1/cpufreq/scaling_cur_freq	1600000
cpu	2	1	C2	cpu	after	frequency_khz	/sys/devices/system/cpu/cpu2/cpufreq/scaling_cur_freq	1600000
cpu	2	1	C2	cpu	after	frequency_khz	/sys/devices/system/cpu/cpu3/cpufreq/scaling_cur_freq	1600000
cpu	2	1	C2	cpu	after	frequency_khz	/sys/devices/system/cpu/cpu4/cpufreq/scaling_cur_freq	1600000
cpu	2	1	C2	cpu	after	frequency_khz	/sys/devices/system/cpu/cpu5/cpufreq/scaling_cur_freq	1600000
cpu	2	1	C2	cpu	after	frequency_khz	/sys/devices/system/cpu/cpu6/cpufreq/scaling_cur_freq	1600000
cpu	2	1	C2	cpu	after	frequency_khz	/sys/devices/system/cpu/cpu7/cpufreq/scaling_cur_freq	1600000
cpu	2	1	C2	cpu	after	temperature_millic	/sys/class/thermal/thermal_zone0/temp	59000
cpu	2	1	C2	cpu	after	temperature_millic	/sys/class/thermal/thermal_zone1/temp	58000
cpu	2	1	C2	cpu	after	temperature_millic	/sys/class/thermal/thermal_zone2/temp	59000
cpu	2	1	C2	cpu	after	temperature_millic	/sys/class/thermal/thermal_zone3/temp	58000
cpu	3	0	C2	cpu	before	governor	/sys/devices/system/cpu/cpu0/cpufreq/scaling_governor	performance
cpu	3	0	C2	cpu	before	governor	/sys/devices/system/cpu/cpu1/cpufreq/scaling_governor	performance
cpu	3	0	C2	cpu	before	governor	/sys/devices/system/cpu/cpu2/cpufreq/scaling_governor	performance
cpu	3	0	C2	cpu	before	governor	/sys/devices/system/cpu/cpu3/cpufreq/scaling_governor	performance
cpu	3	0	C2	cpu	before	governor	/sys/devices/system/cpu/cpu4/cpufreq/scaling_governor	performance
cpu	3	0	C2	cpu	before	governor	/sys/devices/system/cpu/cpu5/cpufreq/scaling_governor	performance
cpu	3	0	C2	cpu	before	governor	/sys/devices/system/cpu/cpu6/cpufreq/scaling_governor	performance
cpu	3	0	C2	cpu	before	governor	/sys/devices/system/cpu/cpu7/cpufreq/scaling_governor	performance
cpu	3	0	C2	cpu	before	frequency_khz	/sys/devices/system/cpu/cpu0/cpufreq/scaling_cur_freq	1600000
cpu	3	0	C2	cpu	before	frequency_khz	/sys/devices/system/cpu/cpu1/cpufreq/scaling_cur_freq	1600000
cpu	3	0	C2	cpu	before	frequency_khz	/sys/devices/system/cpu/cpu2/cpufreq/scaling_cur_freq	1600000
cpu	3	0	C2	cpu	before	frequency_khz	/sys/devices/system/cpu/cpu3/cpufreq/scaling_cur_freq	1600000
cpu	3	0	C2	cpu	before	frequency_khz	/sys/devices/system/cpu/cpu4/cpufreq/scaling_cur_freq	1600000
cpu	3	0	C2	cpu	before	frequency_khz	/sys/devices/system/cpu/cpu5/cpufreq/scaling_cur_freq	1600000
cpu	3	0	C2	cpu	before	frequency_khz	/sys/devices/system/cpu/cpu6/cpufreq/scaling_cur_freq	1600000
cpu	3	0	C2	cpu	before	frequency_khz	/sys/devices/system/cpu/cpu7/cpufreq/scaling_cur_freq	1600000
cpu	3	0	C2	cpu	before	temperature_millic	/sys/class/thermal/thermal_zone0/temp	59000
cpu	3	0	C2	cpu	before	temperature_millic	/sys/class/thermal/thermal_zone1/temp	57000
cpu	3	0	C2	cpu	before	temperature_millic	/sys/class/thermal/thermal_zone2/temp	59000
cpu	3	0	C2	cpu	before	temperature_millic	/sys/class/thermal/thermal_zone3/temp	60000
cpu	3	0	C2	cpu	after	governor	/sys/devices/system/cpu/cpu0/cpufreq/scaling_governor	performance
cpu	3	0	C2	cpu	after	governor	/sys/devices/system/cpu/cpu1/cpufreq/scaling_governor	performance
cpu	3	0	C2	cpu	after	governor	/sys/devices/system/cpu/cpu2/cpufreq/scaling_governor	performance
cpu	3	0	C2	cpu	after	governor	/sys/devices/system/cpu/cpu3/cpufreq/scaling_governor	performance
cpu	3	0	C2	cpu	after	governor	/sys/devices/system/cpu/cpu4/cpufreq/scaling_governor	performance
cpu	3	0	C2	cpu	after	governor	/sys/devices/system/cpu/cpu5/cpufreq/scaling_governor	performance
cpu	3	0	C2	cpu	after	governor	/sys/devices/system/cpu/cpu6/cpufreq/scaling_governor	performance
cpu	3	0	C2	cpu	after	governor	/sys/devices/system/cpu/cpu7/cpufreq/scaling_governor	performance
cpu	3	0	C2	cpu	after	frequency_khz	/sys/devices/system/cpu/cpu0/cpufreq/scaling_cur_freq	1600000
cpu	3	0	C2	cpu	after	frequency_khz	/sys/devices/system/cpu/cpu1/cpufreq/scaling_cur_freq	1600000
cpu	3	0	C2	cpu	after	frequency_khz	/sys/devices/system/cpu/cpu2/cpufreq/scaling_cur_freq	1600000
cpu	3	0	C2	cpu	after	frequency_khz	/sys/devices/system/cpu/cpu3/cpufreq/scaling_cur_freq	1600000
cpu	3	0	C2	cpu	after	frequency_khz	/sys/devices/system/cpu/cpu4/cpufreq/scaling_cur_freq	1600000
cpu	3	0	C2	cpu	after	frequency_khz	/sys/devices/system/cpu/cpu5/cpufreq/scaling_cur_freq	1600000
cpu	3	0	C2	cpu	after	frequency_khz	/sys/devices/system/cpu/cpu6/cpufreq/scaling_cur_freq	1600000
cpu	3	0	C2	cpu	after	frequency_khz	/sys/devices/system/cpu/cpu7/cpufreq/scaling_cur_freq	1600000
cpu	3	0	C2	cpu	after	temperature_millic	/sys/class/thermal/thermal_zone0/temp	59000
cpu	3	0	C2	cpu	after	temperature_millic	/sys/class/thermal/thermal_zone1/temp	57000
cpu	3	0	C2	cpu	after	temperature_millic	/sys/class/thermal/thermal_zone2/temp	58000
cpu	3	0	C2	cpu	after	temperature_millic	/sys/class/thermal/thermal_zone3/temp	59000
cpu	3	1	B2	cpu	before	governor	/sys/devices/system/cpu/cpu0/cpufreq/scaling_governor	performance
cpu	3	1	B2	cpu	before	governor	/sys/devices/system/cpu/cpu1/cpufreq/scaling_governor	performance
cpu	3	1	B2	cpu	before	governor	/sys/devices/system/cpu/cpu2/cpufreq/scaling_governor	performance
cpu	3	1	B2	cpu	before	governor	/sys/devices/system/cpu/cpu3/cpufreq/scaling_governor	performance
cpu	3	1	B2	cpu	before	governor	/sys/devices/system/cpu/cpu4/cpufreq/scaling_governor	performance
cpu	3	1	B2	cpu	before	governor	/sys/devices/system/cpu/cpu5/cpufreq/scaling_governor	performance
cpu	3	1	B2	cpu	before	governor	/sys/devices/system/cpu/cpu6/cpufreq/scaling_governor	performance
cpu	3	1	B2	cpu	before	governor	/sys/devices/system/cpu/cpu7/cpufreq/scaling_governor	performance
cpu	3	1	B2	cpu	before	frequency_khz	/sys/devices/system/cpu/cpu0/cpufreq/scaling_cur_freq	1600000
cpu	3	1	B2	cpu	before	frequency_khz	/sys/devices/system/cpu/cpu1/cpufreq/scaling_cur_freq	1600000
cpu	3	1	B2	cpu	before	frequency_khz	/sys/devices/system/cpu/cpu2/cpufreq/scaling_cur_freq	1600000
cpu	3	1	B2	cpu	before	frequency_khz	/sys/devices/system/cpu/cpu3/cpufreq/scaling_cur_freq	1600000
cpu	3	1	B2	cpu	before	frequency_khz	/sys/devices/system/cpu/cpu4/cpufreq/scaling_cur_freq	1600000
cpu	3	1	B2	cpu	before	frequency_khz	/sys/devices/system/cpu/cpu5/cpufreq/scaling_cur_freq	1600000
cpu	3	1	B2	cpu	before	frequency_khz	/sys/devices/system/cpu/cpu6/cpufreq/scaling_cur_freq	1600000
cpu	3	1	B2	cpu	before	frequency_khz	/sys/devices/system/cpu/cpu7/cpufreq/scaling_cur_freq	1600000
cpu	3	1	B2	cpu	before	temperature_millic	/sys/class/thermal/thermal_zone0/temp	58000
cpu	3	1	B2	cpu	before	temperature_millic	/sys/class/thermal/thermal_zone1/temp	57000
cpu	3	1	B2	cpu	before	temperature_millic	/sys/class/thermal/thermal_zone2/temp	59000
cpu	3	1	B2	cpu	before	temperature_millic	/sys/class/thermal/thermal_zone3/temp	60000
cpu	3	1	B2	cpu	after	governor	/sys/devices/system/cpu/cpu0/cpufreq/scaling_governor	performance
cpu	3	1	B2	cpu	after	governor	/sys/devices/system/cpu/cpu1/cpufreq/scaling_governor	performance
cpu	3	1	B2	cpu	after	governor	/sys/devices/system/cpu/cpu2/cpufreq/scaling_governor	performance
cpu	3	1	B2	cpu	after	governor	/sys/devices/system/cpu/cpu3/cpufreq/scaling_governor	performance
cpu	3	1	B2	cpu	after	governor	/sys/devices/system/cpu/cpu4/cpufreq/scaling_governor	performance
cpu	3	1	B2	cpu	after	governor	/sys/devices/system/cpu/cpu5/cpufreq/scaling_governor	performance
cpu	3	1	B2	cpu	after	governor	/sys/devices/system/cpu/cpu6/cpufreq/scaling_governor	performance
cpu	3	1	B2	cpu	after	governor	/sys/devices/system/cpu/cpu7/cpufreq/scaling_governor	performance
cpu	3	1	B2	cpu	after	frequency_khz	/sys/devices/system/cpu/cpu0/cpufreq/scaling_cur_freq	1600000
cpu	3	1	B2	cpu	after	frequency_khz	/sys/devices/system/cpu/cpu1/cpufreq/scaling_cur_freq	1600000
cpu	3	1	B2	cpu	after	frequency_khz	/sys/devices/system/cpu/cpu2/cpufreq/scaling_cur_freq	1600000
cpu	3	1	B2	cpu	after	frequency_khz	/sys/devices/system/cpu/cpu3/cpufreq/scaling_cur_freq	1600000
cpu	3	1	B2	cpu	after	frequency_khz	/sys/devices/system/cpu/cpu4/cpufreq/scaling_cur_freq	1600000
cpu	3	1	B2	cpu	after	frequency_khz	/sys/devices/system/cpu/cpu5/cpufreq/scaling_cur_freq	1600000
cpu	3	1	B2	cpu	after	frequency_khz	/sys/devices/system/cpu/cpu6/cpufreq/scaling_cur_freq	1600000
cpu	3	1	B2	cpu	after	frequency_khz	/sys/devices/system/cpu/cpu7/cpufreq/scaling_cur_freq	1600000
cpu	3	1	B2	cpu	after	temperature_millic	/sys/class/thermal/thermal_zone0/temp	58000
cpu	3	1	B2	cpu	after	temperature_millic	/sys/class/thermal/thermal_zone1/temp	58000
cpu	3	1	B2	cpu	after	temperature_millic	/sys/class/thermal/thermal_zone2/temp	58000
cpu	3	1	B2	cpu	after	temperature_millic	/sys/class/thermal/thermal_zone3/temp	60000
noise_b2	0	0	B2	spacemit	before	governor	/sys/devices/system/cpu/cpu0/cpufreq/scaling_governor	performance
noise_b2	0	0	B2	spacemit	before	governor	/sys/devices/system/cpu/cpu1/cpufreq/scaling_governor	performance
noise_b2	0	0	B2	spacemit	before	governor	/sys/devices/system/cpu/cpu2/cpufreq/scaling_governor	performance
noise_b2	0	0	B2	spacemit	before	governor	/sys/devices/system/cpu/cpu3/cpufreq/scaling_governor	performance
noise_b2	0	0	B2	spacemit	before	governor	/sys/devices/system/cpu/cpu4/cpufreq/scaling_governor	performance
noise_b2	0	0	B2	spacemit	before	governor	/sys/devices/system/cpu/cpu5/cpufreq/scaling_governor	performance
noise_b2	0	0	B2	spacemit	before	governor	/sys/devices/system/cpu/cpu6/cpufreq/scaling_governor	performance
noise_b2	0	0	B2	spacemit	before	governor	/sys/devices/system/cpu/cpu7/cpufreq/scaling_governor	performance
noise_b2	0	0	B2	spacemit	before	frequency_khz	/sys/devices/system/cpu/cpu0/cpufreq/scaling_cur_freq	1600000
noise_b2	0	0	B2	spacemit	before	frequency_khz	/sys/devices/system/cpu/cpu1/cpufreq/scaling_cur_freq	1600000
noise_b2	0	0	B2	spacemit	before	frequency_khz	/sys/devices/system/cpu/cpu2/cpufreq/scaling_cur_freq	1600000
noise_b2	0	0	B2	spacemit	before	frequency_khz	/sys/devices/system/cpu/cpu3/cpufreq/scaling_cur_freq	1600000
noise_b2	0	0	B2	spacemit	before	frequency_khz	/sys/devices/system/cpu/cpu4/cpufreq/scaling_cur_freq	1600000
noise_b2	0	0	B2	spacemit	before	frequency_khz	/sys/devices/system/cpu/cpu5/cpufreq/scaling_cur_freq	1600000
noise_b2	0	0	B2	spacemit	before	frequency_khz	/sys/devices/system/cpu/cpu6/cpufreq/scaling_cur_freq	1600000
noise_b2	0	0	B2	spacemit	before	frequency_khz	/sys/devices/system/cpu/cpu7/cpufreq/scaling_cur_freq	1600000
noise_b2	0	0	B2	spacemit	before	temperature_millic	/sys/class/thermal/thermal_zone0/temp	50000
noise_b2	0	0	B2	spacemit	before	temperature_millic	/sys/class/thermal/thermal_zone1/temp	51000
noise_b2	0	0	B2	spacemit	before	temperature_millic	/sys/class/thermal/thermal_zone2/temp	52000
noise_b2	0	0	B2	spacemit	before	temperature_millic	/sys/class/thermal/thermal_zone3/temp	51000
noise_b2	0	0	B2	spacemit	after	governor	/sys/devices/system/cpu/cpu0/cpufreq/scaling_governor	performance
noise_b2	0	0	B2	spacemit	after	governor	/sys/devices/system/cpu/cpu1/cpufreq/scaling_governor	performance
noise_b2	0	0	B2	spacemit	after	governor	/sys/devices/system/cpu/cpu2/cpufreq/scaling_governor	performance
noise_b2	0	0	B2	spacemit	after	governor	/sys/devices/system/cpu/cpu3/cpufreq/scaling_governor	performance
noise_b2	0	0	B2	spacemit	after	governor	/sys/devices/system/cpu/cpu4/cpufreq/scaling_governor	performance
noise_b2	0	0	B2	spacemit	after	governor	/sys/devices/system/cpu/cpu5/cpufreq/scaling_governor	performance
noise_b2	0	0	B2	spacemit	after	governor	/sys/devices/system/cpu/cpu6/cpufreq/scaling_governor	performance
noise_b2	0	0	B2	spacemit	after	governor	/sys/devices/system/cpu/cpu7/cpufreq/scaling_governor	performance
noise_b2	0	0	B2	spacemit	after	frequency_khz	/sys/devices/system/cpu/cpu0/cpufreq/scaling_cur_freq	1600000
noise_b2	0	0	B2	spacemit	after	frequency_khz	/sys/devices/system/cpu/cpu1/cpufreq/scaling_cur_freq	1600000
noise_b2	0	0	B2	spacemit	after	frequency_khz	/sys/devices/system/cpu/cpu2/cpufreq/scaling_cur_freq	1600000
noise_b2	0	0	B2	spacemit	after	frequency_khz	/sys/devices/system/cpu/cpu3/cpufreq/scaling_cur_freq	1600000
noise_b2	0	0	B2	spacemit	after	frequency_khz	/sys/devices/system/cpu/cpu4/cpufreq/scaling_cur_freq	1600000
noise_b2	0	0	B2	spacemit	after	frequency_khz	/sys/devices/system/cpu/cpu5/cpufreq/scaling_cur_freq	1600000
noise_b2	0	0	B2	spacemit	after	frequency_khz	/sys/devices/system/cpu/cpu6/cpufreq/scaling_cur_freq	1600000
noise_b2	0	0	B2	spacemit	after	frequency_khz	/sys/devices/system/cpu/cpu7/cpufreq/scaling_cur_freq	1600000
noise_b2	0	0	B2	spacemit	after	temperature_millic	/sys/class/thermal/thermal_zone0/temp	55000
noise_b2	0	0	B2	spacemit	after	temperature_millic	/sys/class/thermal/thermal_zone1/temp	54000
noise_b2	0	0	B2	spacemit	after	temperature_millic	/sys/class/thermal/thermal_zone2/temp	56000
noise_b2	0	0	B2	spacemit	after	temperature_millic	/sys/class/thermal/thermal_zone3/temp	58000
noise_b2	0	1	B2	spacemit	before	governor	/sys/devices/system/cpu/cpu0/cpufreq/scaling_governor	performance
noise_b2	0	1	B2	spacemit	before	governor	/sys/devices/system/cpu/cpu1/cpufreq/scaling_governor	performance
noise_b2	0	1	B2	spacemit	before	governor	/sys/devices/system/cpu/cpu2/cpufreq/scaling_governor	performance
noise_b2	0	1	B2	spacemit	before	governor	/sys/devices/system/cpu/cpu3/cpufreq/scaling_governor	performance
noise_b2	0	1	B2	spacemit	before	governor	/sys/devices/system/cpu/cpu4/cpufreq/scaling_governor	performance
noise_b2	0	1	B2	spacemit	before	governor	/sys/devices/system/cpu/cpu5/cpufreq/scaling_governor	performance
noise_b2	0	1	B2	spacemit	before	governor	/sys/devices/system/cpu/cpu6/cpufreq/scaling_governor	performance
noise_b2	0	1	B2	spacemit	before	governor	/sys/devices/system/cpu/cpu7/cpufreq/scaling_governor	performance
noise_b2	0	1	B2	spacemit	before	frequency_khz	/sys/devices/system/cpu/cpu0/cpufreq/scaling_cur_freq	1600000
noise_b2	0	1	B2	spacemit	before	frequency_khz	/sys/devices/system/cpu/cpu1/cpufreq/scaling_cur_freq	1600000
noise_b2	0	1	B2	spacemit	before	frequency_khz	/sys/devices/system/cpu/cpu2/cpufreq/scaling_cur_freq	1600000
noise_b2	0	1	B2	spacemit	before	frequency_khz	/sys/devices/system/cpu/cpu3/cpufreq/scaling_cur_freq	1600000
noise_b2	0	1	B2	spacemit	before	frequency_khz	/sys/devices/system/cpu/cpu4/cpufreq/scaling_cur_freq	1600000
noise_b2	0	1	B2	spacemit	before	frequency_khz	/sys/devices/system/cpu/cpu5/cpufreq/scaling_cur_freq	1600000
noise_b2	0	1	B2	spacemit	before	frequency_khz	/sys/devices/system/cpu/cpu6/cpufreq/scaling_cur_freq	1600000
noise_b2	0	1	B2	spacemit	before	frequency_khz	/sys/devices/system/cpu/cpu7/cpufreq/scaling_cur_freq	1600000
noise_b2	0	1	B2	spacemit	before	temperature_millic	/sys/class/thermal/thermal_zone0/temp	54000
noise_b2	0	1	B2	spacemit	before	temperature_millic	/sys/class/thermal/thermal_zone1/temp	53000
noise_b2	0	1	B2	spacemit	before	temperature_millic	/sys/class/thermal/thermal_zone2/temp	55000
noise_b2	0	1	B2	spacemit	before	temperature_millic	/sys/class/thermal/thermal_zone3/temp	55000
noise_b2	0	1	B2	spacemit	after	governor	/sys/devices/system/cpu/cpu0/cpufreq/scaling_governor	performance
noise_b2	0	1	B2	spacemit	after	governor	/sys/devices/system/cpu/cpu1/cpufreq/scaling_governor	performance
noise_b2	0	1	B2	spacemit	after	governor	/sys/devices/system/cpu/cpu2/cpufreq/scaling_governor	performance
noise_b2	0	1	B2	spacemit	after	governor	/sys/devices/system/cpu/cpu3/cpufreq/scaling_governor	performance
noise_b2	0	1	B2	spacemit	after	governor	/sys/devices/system/cpu/cpu4/cpufreq/scaling_governor	performance
noise_b2	0	1	B2	spacemit	after	governor	/sys/devices/system/cpu/cpu5/cpufreq/scaling_governor	performance
noise_b2	0	1	B2	spacemit	after	governor	/sys/devices/system/cpu/cpu6/cpufreq/scaling_governor	performance
noise_b2	0	1	B2	spacemit	after	governor	/sys/devices/system/cpu/cpu7/cpufreq/scaling_governor	performance
noise_b2	0	1	B2	spacemit	after	frequency_khz	/sys/devices/system/cpu/cpu0/cpufreq/scaling_cur_freq	1600000
noise_b2	0	1	B2	spacemit	after	frequency_khz	/sys/devices/system/cpu/cpu1/cpufreq/scaling_cur_freq	1600000
noise_b2	0	1	B2	spacemit	after	frequency_khz	/sys/devices/system/cpu/cpu2/cpufreq/scaling_cur_freq	1600000
noise_b2	0	1	B2	spacemit	after	frequency_khz	/sys/devices/system/cpu/cpu3/cpufreq/scaling_cur_freq	1600000
noise_b2	0	1	B2	spacemit	after	frequency_khz	/sys/devices/system/cpu/cpu4/cpufreq/scaling_cur_freq	1600000
noise_b2	0	1	B2	spacemit	after	frequency_khz	/sys/devices/system/cpu/cpu5/cpufreq/scaling_cur_freq	1600000
noise_b2	0	1	B2	spacemit	after	frequency_khz	/sys/devices/system/cpu/cpu6/cpufreq/scaling_cur_freq	1600000
noise_b2	0	1	B2	spacemit	after	frequency_khz	/sys/devices/system/cpu/cpu7/cpufreq/scaling_cur_freq	1600000
noise_b2	0	1	B2	spacemit	after	temperature_millic	/sys/class/thermal/thermal_zone0/temp	54000
noise_b2	0	1	B2	spacemit	after	temperature_millic	/sys/class/thermal/thermal_zone1/temp	55000
noise_b2	0	1	B2	spacemit	after	temperature_millic	/sys/class/thermal/thermal_zone2/temp	54000
noise_b2	0	1	B2	spacemit	after	temperature_millic	/sys/class/thermal/thermal_zone3/temp	55000
noise_b2	0	2	B2	spacemit	before	governor	/sys/devices/system/cpu/cpu0/cpufreq/scaling_governor	performance
noise_b2	0	2	B2	spacemit	before	governor	/sys/devices/system/cpu/cpu1/cpufreq/scaling_governor	performance
noise_b2	0	2	B2	spacemit	before	governor	/sys/devices/system/cpu/cpu2/cpufreq/scaling_governor	performance
noise_b2	0	2	B2	spacemit	before	governor	/sys/devices/system/cpu/cpu3/cpufreq/scaling_governor	performance
noise_b2	0	2	B2	spacemit	before	governor	/sys/devices/system/cpu/cpu4/cpufreq/scaling_governor	performance
noise_b2	0	2	B2	spacemit	before	governor	/sys/devices/system/cpu/cpu5/cpufreq/scaling_governor	performance
noise_b2	0	2	B2	spacemit	before	governor	/sys/devices/system/cpu/cpu6/cpufreq/scaling_governor	performance
noise_b2	0	2	B2	spacemit	before	governor	/sys/devices/system/cpu/cpu7/cpufreq/scaling_governor	performance
noise_b2	0	2	B2	spacemit	before	frequency_khz	/sys/devices/system/cpu/cpu0/cpufreq/scaling_cur_freq	1600000
noise_b2	0	2	B2	spacemit	before	frequency_khz	/sys/devices/system/cpu/cpu1/cpufreq/scaling_cur_freq	1600000
noise_b2	0	2	B2	spacemit	before	frequency_khz	/sys/devices/system/cpu/cpu2/cpufreq/scaling_cur_freq	1600000
noise_b2	0	2	B2	spacemit	before	frequency_khz	/sys/devices/system/cpu/cpu3/cpufreq/scaling_cur_freq	1600000
noise_b2	0	2	B2	spacemit	before	frequency_khz	/sys/devices/system/cpu/cpu4/cpufreq/scaling_cur_freq	1600000
noise_b2	0	2	B2	spacemit	before	frequency_khz	/sys/devices/system/cpu/cpu5/cpufreq/scaling_cur_freq	1600000
noise_b2	0	2	B2	spacemit	before	frequency_khz	/sys/devices/system/cpu/cpu6/cpufreq/scaling_cur_freq	1600000
noise_b2	0	2	B2	spacemit	before	frequency_khz	/sys/devices/system/cpu/cpu7/cpufreq/scaling_cur_freq	1600000
noise_b2	0	2	B2	spacemit	before	temperature_millic	/sys/class/thermal/thermal_zone0/temp	53000
noise_b2	0	2	B2	spacemit	before	temperature_millic	/sys/class/thermal/thermal_zone1/temp	54000
noise_b2	0	2	B2	spacemit	before	temperature_millic	/sys/class/thermal/thermal_zone2/temp	56000
noise_b2	0	2	B2	spacemit	before	temperature_millic	/sys/class/thermal/thermal_zone3/temp	55000
noise_b2	0	2	B2	spacemit	after	governor	/sys/devices/system/cpu/cpu0/cpufreq/scaling_governor	performance
noise_b2	0	2	B2	spacemit	after	governor	/sys/devices/system/cpu/cpu1/cpufreq/scaling_governor	performance
noise_b2	0	2	B2	spacemit	after	governor	/sys/devices/system/cpu/cpu2/cpufreq/scaling_governor	performance
noise_b2	0	2	B2	spacemit	after	governor	/sys/devices/system/cpu/cpu3/cpufreq/scaling_governor	performance
noise_b2	0	2	B2	spacemit	after	governor	/sys/devices/system/cpu/cpu4/cpufreq/scaling_governor	performance
noise_b2	0	2	B2	spacemit	after	governor	/sys/devices/system/cpu/cpu5/cpufreq/scaling_governor	performance
noise_b2	0	2	B2	spacemit	after	governor	/sys/devices/system/cpu/cpu6/cpufreq/scaling_governor	performance
noise_b2	0	2	B2	spacemit	after	governor	/sys/devices/system/cpu/cpu7/cpufreq/scaling_governor	performance
noise_b2	0	2	B2	spacemit	after	frequency_khz	/sys/devices/system/cpu/cpu0/cpufreq/scaling_cur_freq	1600000
noise_b2	0	2	B2	spacemit	after	frequency_khz	/sys/devices/system/cpu/cpu1/cpufreq/scaling_cur_freq	1600000
noise_b2	0	2	B2	spacemit	after	frequency_khz	/sys/devices/system/cpu/cpu2/cpufreq/scaling_cur_freq	1600000
noise_b2	0	2	B2	spacemit	after	frequency_khz	/sys/devices/system/cpu/cpu3/cpufreq/scaling_cur_freq	1600000
noise_b2	0	2	B2	spacemit	after	frequency_khz	/sys/devices/system/cpu/cpu4/cpufreq/scaling_cur_freq	1600000
noise_b2	0	2	B2	spacemit	after	frequency_khz	/sys/devices/system/cpu/cpu5/cpufreq/scaling_cur_freq	1600000
noise_b2	0	2	B2	spacemit	after	frequency_khz	/sys/devices/system/cpu/cpu6/cpufreq/scaling_cur_freq	1600000
noise_b2	0	2	B2	spacemit	after	frequency_khz	/sys/devices/system/cpu/cpu7/cpufreq/scaling_cur_freq	1600000
noise_b2	0	2	B2	spacemit	after	temperature_millic	/sys/class/thermal/thermal_zone0/temp	55000
noise_b2	0	2	B2	spacemit	after	temperature_millic	/sys/class/thermal/thermal_zone1/temp	55000
noise_b2	0	2	B2	spacemit	after	temperature_millic	/sys/class/thermal/thermal_zone2/temp	56000
noise_b2	0	2	B2	spacemit	after	temperature_millic	/sys/class/thermal/thermal_zone3/temp	55000
noise_b2	0	3	B2	spacemit	before	governor	/sys/devices/system/cpu/cpu0/cpufreq/scaling_governor	performance
noise_b2	0	3	B2	spacemit	before	governor	/sys/devices/system/cpu/cpu1/cpufreq/scaling_governor	performance
noise_b2	0	3	B2	spacemit	before	governor	/sys/devices/system/cpu/cpu2/cpufreq/scaling_governor	performance
noise_b2	0	3	B2	spacemit	before	governor	/sys/devices/system/cpu/cpu3/cpufreq/scaling_governor	performance
noise_b2	0	3	B2	spacemit	before	governor	/sys/devices/system/cpu/cpu4/cpufreq/scaling_governor	performance
noise_b2	0	3	B2	spacemit	before	governor	/sys/devices/system/cpu/cpu5/cpufreq/scaling_governor	performance
noise_b2	0	3	B2	spacemit	before	governor	/sys/devices/system/cpu/cpu6/cpufreq/scaling_governor	performance
noise_b2	0	3	B2	spacemit	before	governor	/sys/devices/system/cpu/cpu7/cpufreq/scaling_governor	performance
noise_b2	0	3	B2	spacemit	before	frequency_khz	/sys/devices/system/cpu/cpu0/cpufreq/scaling_cur_freq	1600000
noise_b2	0	3	B2	spacemit	before	frequency_khz	/sys/devices/system/cpu/cpu1/cpufreq/scaling_cur_freq	1600000
noise_b2	0	3	B2	spacemit	before	frequency_khz	/sys/devices/system/cpu/cpu2/cpufreq/scaling_cur_freq	1600000
noise_b2	0	3	B2	spacemit	before	frequency_khz	/sys/devices/system/cpu/cpu3/cpufreq/scaling_cur_freq	1600000
noise_b2	0	3	B2	spacemit	before	frequency_khz	/sys/devices/system/cpu/cpu4/cpufreq/scaling_cur_freq	1600000
noise_b2	0	3	B2	spacemit	before	frequency_khz	/sys/devices/system/cpu/cpu5/cpufreq/scaling_cur_freq	1600000
noise_b2	0	3	B2	spacemit	before	frequency_khz	/sys/devices/system/cpu/cpu6/cpufreq/scaling_cur_freq	1600000
noise_b2	0	3	B2	spacemit	before	frequency_khz	/sys/devices/system/cpu/cpu7/cpufreq/scaling_cur_freq	1600000
noise_b2	0	3	B2	spacemit	before	temperature_millic	/sys/class/thermal/thermal_zone0/temp	54000
noise_b2	0	3	B2	spacemit	before	temperature_millic	/sys/class/thermal/thermal_zone1/temp	54000
noise_b2	0	3	B2	spacemit	before	temperature_millic	/sys/class/thermal/thermal_zone2/temp	55000
noise_b2	0	3	B2	spacemit	before	temperature_millic	/sys/class/thermal/thermal_zone3/temp	55000
noise_b2	0	3	B2	spacemit	after	governor	/sys/devices/system/cpu/cpu0/cpufreq/scaling_governor	performance
noise_b2	0	3	B2	spacemit	after	governor	/sys/devices/system/cpu/cpu1/cpufreq/scaling_governor	performance
noise_b2	0	3	B2	spacemit	after	governor	/sys/devices/system/cpu/cpu2/cpufreq/scaling_governor	performance
noise_b2	0	3	B2	spacemit	after	governor	/sys/devices/system/cpu/cpu3/cpufreq/scaling_governor	performance
noise_b2	0	3	B2	spacemit	after	governor	/sys/devices/system/cpu/cpu4/cpufreq/scaling_governor	performance
noise_b2	0	3	B2	spacemit	after	governor	/sys/devices/system/cpu/cpu5/cpufreq/scaling_governor	performance
noise_b2	0	3	B2	spacemit	after	governor	/sys/devices/system/cpu/cpu6/cpufreq/scaling_governor	performance
noise_b2	0	3	B2	spacemit	after	governor	/sys/devices/system/cpu/cpu7/cpufreq/scaling_governor	performance
noise_b2	0	3	B2	spacemit	after	frequency_khz	/sys/devices/system/cpu/cpu0/cpufreq/scaling_cur_freq	1600000
noise_b2	0	3	B2	spacemit	after	frequency_khz	/sys/devices/system/cpu/cpu1/cpufreq/scaling_cur_freq	1600000
noise_b2	0	3	B2	spacemit	after	frequency_khz	/sys/devices/system/cpu/cpu2/cpufreq/scaling_cur_freq	1600000
noise_b2	0	3	B2	spacemit	after	frequency_khz	/sys/devices/system/cpu/cpu3/cpufreq/scaling_cur_freq	1600000
noise_b2	0	3	B2	spacemit	after	frequency_khz	/sys/devices/system/cpu/cpu4/cpufreq/scaling_cur_freq	1600000
noise_b2	0	3	B2	spacemit	after	frequency_khz	/sys/devices/system/cpu/cpu5/cpufreq/scaling_cur_freq	1600000
noise_b2	0	3	B2	spacemit	after	frequency_khz	/sys/devices/system/cpu/cpu6/cpufreq/scaling_cur_freq	1600000
noise_b2	0	3	B2	spacemit	after	frequency_khz	/sys/devices/system/cpu/cpu7/cpufreq/scaling_cur_freq	1600000
noise_b2	0	3	B2	spacemit	after	temperature_millic	/sys/class/thermal/thermal_zone0/temp	55000
noise_b2	0	3	B2	spacemit	after	temperature_millic	/sys/class/thermal/thermal_zone1/temp	55000
noise_b2	0	3	B2	spacemit	after	temperature_millic	/sys/class/thermal/thermal_zone2/temp	56000
noise_b2	0	3	B2	spacemit	after	temperature_millic	/sys/class/thermal/thermal_zone3/temp	57000
noise_b2	1	0	B2	spacemit	before	governor	/sys/devices/system/cpu/cpu0/cpufreq/scaling_governor	performance
noise_b2	1	0	B2	spacemit	before	governor	/sys/devices/system/cpu/cpu1/cpufreq/scaling_governor	performance
noise_b2	1	0	B2	spacemit	before	governor	/sys/devices/system/cpu/cpu2/cpufreq/scaling_governor	performance
noise_b2	1	0	B2	spacemit	before	governor	/sys/devices/system/cpu/cpu3/cpufreq/scaling_governor	performance
noise_b2	1	0	B2	spacemit	before	governor	/sys/devices/system/cpu/cpu4/cpufreq/scaling_governor	performance
noise_b2	1	0	B2	spacemit	before	governor	/sys/devices/system/cpu/cpu5/cpufreq/scaling_governor	performance
noise_b2	1	0	B2	spacemit	before	governor	/sys/devices/system/cpu/cpu6/cpufreq/scaling_governor	performance
noise_b2	1	0	B2	spacemit	before	governor	/sys/devices/system/cpu/cpu7/cpufreq/scaling_governor	performance
noise_b2	1	0	B2	spacemit	before	frequency_khz	/sys/devices/system/cpu/cpu0/cpufreq/scaling_cur_freq	1600000
noise_b2	1	0	B2	spacemit	before	frequency_khz	/sys/devices/system/cpu/cpu1/cpufreq/scaling_cur_freq	1600000
noise_b2	1	0	B2	spacemit	before	frequency_khz	/sys/devices/system/cpu/cpu2/cpufreq/scaling_cur_freq	1600000
noise_b2	1	0	B2	spacemit	before	frequency_khz	/sys/devices/system/cpu/cpu3/cpufreq/scaling_cur_freq	1600000
noise_b2	1	0	B2	spacemit	before	frequency_khz	/sys/devices/system/cpu/cpu4/cpufreq/scaling_cur_freq	1600000
noise_b2	1	0	B2	spacemit	before	frequency_khz	/sys/devices/system/cpu/cpu5/cpufreq/scaling_cur_freq	1600000
noise_b2	1	0	B2	spacemit	before	frequency_khz	/sys/devices/system/cpu/cpu6/cpufreq/scaling_cur_freq	1600000
noise_b2	1	0	B2	spacemit	before	frequency_khz	/sys/devices/system/cpu/cpu7/cpufreq/scaling_cur_freq	1600000
noise_b2	1	0	B2	spacemit	before	temperature_millic	/sys/class/thermal/thermal_zone0/temp	55000
noise_b2	1	0	B2	spacemit	before	temperature_millic	/sys/class/thermal/thermal_zone1/temp	55000
noise_b2	1	0	B2	spacemit	before	temperature_millic	/sys/class/thermal/thermal_zone2/temp	56000
noise_b2	1	0	B2	spacemit	before	temperature_millic	/sys/class/thermal/thermal_zone3/temp	57000
noise_b2	1	0	B2	spacemit	after	governor	/sys/devices/system/cpu/cpu0/cpufreq/scaling_governor	performance
noise_b2	1	0	B2	spacemit	after	governor	/sys/devices/system/cpu/cpu1/cpufreq/scaling_governor	performance
noise_b2	1	0	B2	spacemit	after	governor	/sys/devices/system/cpu/cpu2/cpufreq/scaling_governor	performance
noise_b2	1	0	B2	spacemit	after	governor	/sys/devices/system/cpu/cpu3/cpufreq/scaling_governor	performance
noise_b2	1	0	B2	spacemit	after	governor	/sys/devices/system/cpu/cpu4/cpufreq/scaling_governor	performance
noise_b2	1	0	B2	spacemit	after	governor	/sys/devices/system/cpu/cpu5/cpufreq/scaling_governor	performance
noise_b2	1	0	B2	spacemit	after	governor	/sys/devices/system/cpu/cpu6/cpufreq/scaling_governor	performance
noise_b2	1	0	B2	spacemit	after	governor	/sys/devices/system/cpu/cpu7/cpufreq/scaling_governor	performance
noise_b2	1	0	B2	spacemit	after	frequency_khz	/sys/devices/system/cpu/cpu0/cpufreq/scaling_cur_freq	1600000
noise_b2	1	0	B2	spacemit	after	frequency_khz	/sys/devices/system/cpu/cpu1/cpufreq/scaling_cur_freq	1600000
noise_b2	1	0	B2	spacemit	after	frequency_khz	/sys/devices/system/cpu/cpu2/cpufreq/scaling_cur_freq	1600000
noise_b2	1	0	B2	spacemit	after	frequency_khz	/sys/devices/system/cpu/cpu3/cpufreq/scaling_cur_freq	1600000
noise_b2	1	0	B2	spacemit	after	frequency_khz	/sys/devices/system/cpu/cpu4/cpufreq/scaling_cur_freq	1600000
noise_b2	1	0	B2	spacemit	after	frequency_khz	/sys/devices/system/cpu/cpu5/cpufreq/scaling_cur_freq	1600000
noise_b2	1	0	B2	spacemit	after	frequency_khz	/sys/devices/system/cpu/cpu6/cpufreq/scaling_cur_freq	1600000
noise_b2	1	0	B2	spacemit	after	frequency_khz	/sys/devices/system/cpu/cpu7/cpufreq/scaling_cur_freq	1600000
noise_b2	1	0	B2	spacemit	after	temperature_millic	/sys/class/thermal/thermal_zone0/temp	55000
noise_b2	1	0	B2	spacemit	after	temperature_millic	/sys/class/thermal/thermal_zone1/temp	54000
noise_b2	1	0	B2	spacemit	after	temperature_millic	/sys/class/thermal/thermal_zone2/temp	55000
noise_b2	1	0	B2	spacemit	after	temperature_millic	/sys/class/thermal/thermal_zone3/temp	56000
noise_b2	1	1	B2	spacemit	before	governor	/sys/devices/system/cpu/cpu0/cpufreq/scaling_governor	performance
noise_b2	1	1	B2	spacemit	before	governor	/sys/devices/system/cpu/cpu1/cpufreq/scaling_governor	performance
noise_b2	1	1	B2	spacemit	before	governor	/sys/devices/system/cpu/cpu2/cpufreq/scaling_governor	performance
noise_b2	1	1	B2	spacemit	before	governor	/sys/devices/system/cpu/cpu3/cpufreq/scaling_governor	performance
noise_b2	1	1	B2	spacemit	before	governor	/sys/devices/system/cpu/cpu4/cpufreq/scaling_governor	performance
noise_b2	1	1	B2	spacemit	before	governor	/sys/devices/system/cpu/cpu5/cpufreq/scaling_governor	performance
noise_b2	1	1	B2	spacemit	before	governor	/sys/devices/system/cpu/cpu6/cpufreq/scaling_governor	performance
noise_b2	1	1	B2	spacemit	before	governor	/sys/devices/system/cpu/cpu7/cpufreq/scaling_governor	performance
noise_b2	1	1	B2	spacemit	before	frequency_khz	/sys/devices/system/cpu/cpu0/cpufreq/scaling_cur_freq	1600000
noise_b2	1	1	B2	spacemit	before	frequency_khz	/sys/devices/system/cpu/cpu1/cpufreq/scaling_cur_freq	1600000
noise_b2	1	1	B2	spacemit	before	frequency_khz	/sys/devices/system/cpu/cpu2/cpufreq/scaling_cur_freq	1600000
noise_b2	1	1	B2	spacemit	before	frequency_khz	/sys/devices/system/cpu/cpu3/cpufreq/scaling_cur_freq	1600000
noise_b2	1	1	B2	spacemit	before	frequency_khz	/sys/devices/system/cpu/cpu4/cpufreq/scaling_cur_freq	1600000
noise_b2	1	1	B2	spacemit	before	frequency_khz	/sys/devices/system/cpu/cpu5/cpufreq/scaling_cur_freq	1600000
noise_b2	1	1	B2	spacemit	before	frequency_khz	/sys/devices/system/cpu/cpu6/cpufreq/scaling_cur_freq	1600000
noise_b2	1	1	B2	spacemit	before	frequency_khz	/sys/devices/system/cpu/cpu7/cpufreq/scaling_cur_freq	1600000
noise_b2	1	1	B2	spacemit	before	temperature_millic	/sys/class/thermal/thermal_zone0/temp	56000
noise_b2	1	1	B2	spacemit	before	temperature_millic	/sys/class/thermal/thermal_zone1/temp	54000
noise_b2	1	1	B2	spacemit	before	temperature_millic	/sys/class/thermal/thermal_zone2/temp	56000
noise_b2	1	1	B2	spacemit	before	temperature_millic	/sys/class/thermal/thermal_zone3/temp	58000
noise_b2	1	1	B2	spacemit	after	governor	/sys/devices/system/cpu/cpu0/cpufreq/scaling_governor	performance
noise_b2	1	1	B2	spacemit	after	governor	/sys/devices/system/cpu/cpu1/cpufreq/scaling_governor	performance
noise_b2	1	1	B2	spacemit	after	governor	/sys/devices/system/cpu/cpu2/cpufreq/scaling_governor	performance
noise_b2	1	1	B2	spacemit	after	governor	/sys/devices/system/cpu/cpu3/cpufreq/scaling_governor	performance
noise_b2	1	1	B2	spacemit	after	governor	/sys/devices/system/cpu/cpu4/cpufreq/scaling_governor	performance
noise_b2	1	1	B2	spacemit	after	governor	/sys/devices/system/cpu/cpu5/cpufreq/scaling_governor	performance
noise_b2	1	1	B2	spacemit	after	governor	/sys/devices/system/cpu/cpu6/cpufreq/scaling_governor	performance
noise_b2	1	1	B2	spacemit	after	governor	/sys/devices/system/cpu/cpu7/cpufreq/scaling_governor	performance
noise_b2	1	1	B2	spacemit	after	frequency_khz	/sys/devices/system/cpu/cpu0/cpufreq/scaling_cur_freq	1600000
noise_b2	1	1	B2	spacemit	after	frequency_khz	/sys/devices/system/cpu/cpu1/cpufreq/scaling_cur_freq	1600000
noise_b2	1	1	B2	spacemit	after	frequency_khz	/sys/devices/system/cpu/cpu2/cpufreq/scaling_cur_freq	1600000
noise_b2	1	1	B2	spacemit	after	frequency_khz	/sys/devices/system/cpu/cpu3/cpufreq/scaling_cur_freq	1600000
noise_b2	1	1	B2	spacemit	after	frequency_khz	/sys/devices/system/cpu/cpu4/cpufreq/scaling_cur_freq	1600000
noise_b2	1	1	B2	spacemit	after	frequency_khz	/sys/devices/system/cpu/cpu5/cpufreq/scaling_cur_freq	1600000
noise_b2	1	1	B2	spacemit	after	frequency_khz	/sys/devices/system/cpu/cpu6/cpufreq/scaling_cur_freq	1600000
noise_b2	1	1	B2	spacemit	after	frequency_khz	/sys/devices/system/cpu/cpu7/cpufreq/scaling_cur_freq	1600000
noise_b2	1	1	B2	spacemit	after	temperature_millic	/sys/class/thermal/thermal_zone0/temp	56000
noise_b2	1	1	B2	spacemit	after	temperature_millic	/sys/class/thermal/thermal_zone1/temp	56000
noise_b2	1	1	B2	spacemit	after	temperature_millic	/sys/class/thermal/thermal_zone2/temp	57000
noise_b2	1	1	B2	spacemit	after	temperature_millic	/sys/class/thermal/thermal_zone3/temp	58000
noise_b2	1	2	B2	spacemit	before	governor	/sys/devices/system/cpu/cpu0/cpufreq/scaling_governor	performance
noise_b2	1	2	B2	spacemit	before	governor	/sys/devices/system/cpu/cpu1/cpufreq/scaling_governor	performance
noise_b2	1	2	B2	spacemit	before	governor	/sys/devices/system/cpu/cpu2/cpufreq/scaling_governor	performance
noise_b2	1	2	B2	spacemit	before	governor	/sys/devices/system/cpu/cpu3/cpufreq/scaling_governor	performance
noise_b2	1	2	B2	spacemit	before	governor	/sys/devices/system/cpu/cpu4/cpufreq/scaling_governor	performance
noise_b2	1	2	B2	spacemit	before	governor	/sys/devices/system/cpu/cpu5/cpufreq/scaling_governor	performance
noise_b2	1	2	B2	spacemit	before	governor	/sys/devices/system/cpu/cpu6/cpufreq/scaling_governor	performance
noise_b2	1	2	B2	spacemit	before	governor	/sys/devices/system/cpu/cpu7/cpufreq/scaling_governor	performance
noise_b2	1	2	B2	spacemit	before	frequency_khz	/sys/devices/system/cpu/cpu0/cpufreq/scaling_cur_freq	1600000
noise_b2	1	2	B2	spacemit	before	frequency_khz	/sys/devices/system/cpu/cpu1/cpufreq/scaling_cur_freq	1600000
noise_b2	1	2	B2	spacemit	before	frequency_khz	/sys/devices/system/cpu/cpu2/cpufreq/scaling_cur_freq	1600000
noise_b2	1	2	B2	spacemit	before	frequency_khz	/sys/devices/system/cpu/cpu3/cpufreq/scaling_cur_freq	1600000
noise_b2	1	2	B2	spacemit	before	frequency_khz	/sys/devices/system/cpu/cpu4/cpufreq/scaling_cur_freq	1600000
noise_b2	1	2	B2	spacemit	before	frequency_khz	/sys/devices/system/cpu/cpu5/cpufreq/scaling_cur_freq	1600000
noise_b2	1	2	B2	spacemit	before	frequency_khz	/sys/devices/system/cpu/cpu6/cpufreq/scaling_cur_freq	1600000
noise_b2	1	2	B2	spacemit	before	frequency_khz	/sys/devices/system/cpu/cpu7/cpufreq/scaling_cur_freq	1600000
noise_b2	1	2	B2	spacemit	before	temperature_millic	/sys/class/thermal/thermal_zone0/temp	56000
noise_b2	1	2	B2	spacemit	before	temperature_millic	/sys/class/thermal/thermal_zone1/temp	55000
noise_b2	1	2	B2	spacemit	before	temperature_millic	/sys/class/thermal/thermal_zone2/temp	57000
noise_b2	1	2	B2	spacemit	before	temperature_millic	/sys/class/thermal/thermal_zone3/temp	56000
noise_b2	1	2	B2	spacemit	after	governor	/sys/devices/system/cpu/cpu0/cpufreq/scaling_governor	performance
noise_b2	1	2	B2	spacemit	after	governor	/sys/devices/system/cpu/cpu1/cpufreq/scaling_governor	performance
noise_b2	1	2	B2	spacemit	after	governor	/sys/devices/system/cpu/cpu2/cpufreq/scaling_governor	performance
noise_b2	1	2	B2	spacemit	after	governor	/sys/devices/system/cpu/cpu3/cpufreq/scaling_governor	performance
noise_b2	1	2	B2	spacemit	after	governor	/sys/devices/system/cpu/cpu4/cpufreq/scaling_governor	performance
noise_b2	1	2	B2	spacemit	after	governor	/sys/devices/system/cpu/cpu5/cpufreq/scaling_governor	performance
noise_b2	1	2	B2	spacemit	after	governor	/sys/devices/system/cpu/cpu6/cpufreq/scaling_governor	performance
noise_b2	1	2	B2	spacemit	after	governor	/sys/devices/system/cpu/cpu7/cpufreq/scaling_governor	performance
noise_b2	1	2	B2	spacemit	after	frequency_khz	/sys/devices/system/cpu/cpu0/cpufreq/scaling_cur_freq	1600000
noise_b2	1	2	B2	spacemit	after	frequency_khz	/sys/devices/system/cpu/cpu1/cpufreq/scaling_cur_freq	1600000
noise_b2	1	2	B2	spacemit	after	frequency_khz	/sys/devices/system/cpu/cpu2/cpufreq/scaling_cur_freq	1600000
noise_b2	1	2	B2	spacemit	after	frequency_khz	/sys/devices/system/cpu/cpu3/cpufreq/scaling_cur_freq	1600000
noise_b2	1	2	B2	spacemit	after	frequency_khz	/sys/devices/system/cpu/cpu4/cpufreq/scaling_cur_freq	1600000
noise_b2	1	2	B2	spacemit	after	frequency_khz	/sys/devices/system/cpu/cpu5/cpufreq/scaling_cur_freq	1600000
noise_b2	1	2	B2	spacemit	after	frequency_khz	/sys/devices/system/cpu/cpu6/cpufreq/scaling_cur_freq	1600000
noise_b2	1	2	B2	spacemit	after	frequency_khz	/sys/devices/system/cpu/cpu7/cpufreq/scaling_cur_freq	1600000
noise_b2	1	2	B2	spacemit	after	temperature_millic	/sys/class/thermal/thermal_zone0/temp	57000
noise_b2	1	2	B2	spacemit	after	temperature_millic	/sys/class/thermal/thermal_zone1/temp	56000
noise_b2	1	2	B2	spacemit	after	temperature_millic	/sys/class/thermal/thermal_zone2/temp	57000
noise_b2	1	2	B2	spacemit	after	temperature_millic	/sys/class/thermal/thermal_zone3/temp	58000
noise_b2	1	3	B2	spacemit	before	governor	/sys/devices/system/cpu/cpu0/cpufreq/scaling_governor	performance
noise_b2	1	3	B2	spacemit	before	governor	/sys/devices/system/cpu/cpu1/cpufreq/scaling_governor	performance
noise_b2	1	3	B2	spacemit	before	governor	/sys/devices/system/cpu/cpu2/cpufreq/scaling_governor	performance
noise_b2	1	3	B2	spacemit	before	governor	/sys/devices/system/cpu/cpu3/cpufreq/scaling_governor	performance
noise_b2	1	3	B2	spacemit	before	governor	/sys/devices/system/cpu/cpu4/cpufreq/scaling_governor	performance
noise_b2	1	3	B2	spacemit	before	governor	/sys/devices/system/cpu/cpu5/cpufreq/scaling_governor	performance
noise_b2	1	3	B2	spacemit	before	governor	/sys/devices/system/cpu/cpu6/cpufreq/scaling_governor	performance
noise_b2	1	3	B2	spacemit	before	governor	/sys/devices/system/cpu/cpu7/cpufreq/scaling_governor	performance
noise_b2	1	3	B2	spacemit	before	frequency_khz	/sys/devices/system/cpu/cpu0/cpufreq/scaling_cur_freq	1600000
noise_b2	1	3	B2	spacemit	before	frequency_khz	/sys/devices/system/cpu/cpu1/cpufreq/scaling_cur_freq	1600000
noise_b2	1	3	B2	spacemit	before	frequency_khz	/sys/devices/system/cpu/cpu2/cpufreq/scaling_cur_freq	1600000
noise_b2	1	3	B2	spacemit	before	frequency_khz	/sys/devices/system/cpu/cpu3/cpufreq/scaling_cur_freq	1600000
noise_b2	1	3	B2	spacemit	before	frequency_khz	/sys/devices/system/cpu/cpu4/cpufreq/scaling_cur_freq	1600000
noise_b2	1	3	B2	spacemit	before	frequency_khz	/sys/devices/system/cpu/cpu5/cpufreq/scaling_cur_freq	1600000
noise_b2	1	3	B2	spacemit	before	frequency_khz	/sys/devices/system/cpu/cpu6/cpufreq/scaling_cur_freq	1600000
noise_b2	1	3	B2	spacemit	before	frequency_khz	/sys/devices/system/cpu/cpu7/cpufreq/scaling_cur_freq	1600000
noise_b2	1	3	B2	spacemit	before	temperature_millic	/sys/class/thermal/thermal_zone0/temp	56000
noise_b2	1	3	B2	spacemit	before	temperature_millic	/sys/class/thermal/thermal_zone1/temp	55000
noise_b2	1	3	B2	spacemit	before	temperature_millic	/sys/class/thermal/thermal_zone2/temp	57000
noise_b2	1	3	B2	spacemit	before	temperature_millic	/sys/class/thermal/thermal_zone3/temp	56000
noise_b2	1	3	B2	spacemit	after	governor	/sys/devices/system/cpu/cpu0/cpufreq/scaling_governor	performance
noise_b2	1	3	B2	spacemit	after	governor	/sys/devices/system/cpu/cpu1/cpufreq/scaling_governor	performance
noise_b2	1	3	B2	spacemit	after	governor	/sys/devices/system/cpu/cpu2/cpufreq/scaling_governor	performance
noise_b2	1	3	B2	spacemit	after	governor	/sys/devices/system/cpu/cpu3/cpufreq/scaling_governor	performance
noise_b2	1	3	B2	spacemit	after	governor	/sys/devices/system/cpu/cpu4/cpufreq/scaling_governor	performance
noise_b2	1	3	B2	spacemit	after	governor	/sys/devices/system/cpu/cpu5/cpufreq/scaling_governor	performance
noise_b2	1	3	B2	spacemit	after	governor	/sys/devices/system/cpu/cpu6/cpufreq/scaling_governor	performance
noise_b2	1	3	B2	spacemit	after	governor	/sys/devices/system/cpu/cpu7/cpufreq/scaling_governor	performance
noise_b2	1	3	B2	spacemit	after	frequency_khz	/sys/devices/system/cpu/cpu0/cpufreq/scaling_cur_freq	1600000
noise_b2	1	3	B2	spacemit	after	frequency_khz	/sys/devices/system/cpu/cpu1/cpufreq/scaling_cur_freq	1600000
noise_b2	1	3	B2	spacemit	after	frequency_khz	/sys/devices/system/cpu/cpu2/cpufreq/scaling_cur_freq	1600000
noise_b2	1	3	B2	spacemit	after	frequency_khz	/sys/devices/system/cpu/cpu3/cpufreq/scaling_cur_freq	1600000
noise_b2	1	3	B2	spacemit	after	frequency_khz	/sys/devices/system/cpu/cpu4/cpufreq/scaling_cur_freq	1600000
noise_b2	1	3	B2	spacemit	after	frequency_khz	/sys/devices/system/cpu/cpu5/cpufreq/scaling_cur_freq	1600000
noise_b2	1	3	B2	spacemit	after	frequency_khz	/sys/devices/system/cpu/cpu6/cpufreq/scaling_cur_freq	1600000
noise_b2	1	3	B2	spacemit	after	frequency_khz	/sys/devices/system/cpu/cpu7/cpufreq/scaling_cur_freq	1600000
noise_b2	1	3	B2	spacemit	after	temperature_millic	/sys/class/thermal/thermal_zone0/temp	56000
noise_b2	1	3	B2	spacemit	after	temperature_millic	/sys/class/thermal/thermal_zone1/temp	56000
noise_b2	1	3	B2	spacemit	after	temperature_millic	/sys/class/thermal/thermal_zone2/temp	57000
noise_b2	1	3	B2	spacemit	after	temperature_millic	/sys/class/thermal/thermal_zone3/temp	58000
noise_b2	2	0	B2	spacemit	before	governor	/sys/devices/system/cpu/cpu0/cpufreq/scaling_governor	performance
noise_b2	2	0	B2	spacemit	before	governor	/sys/devices/system/cpu/cpu1/cpufreq/scaling_governor	performance
noise_b2	2	0	B2	spacemit	before	governor	/sys/devices/system/cpu/cpu2/cpufreq/scaling_governor	performance
noise_b2	2	0	B2	spacemit	before	governor	/sys/devices/system/cpu/cpu3/cpufreq/scaling_governor	performance
noise_b2	2	0	B2	spacemit	before	governor	/sys/devices/system/cpu/cpu4/cpufreq/scaling_governor	performance
noise_b2	2	0	B2	spacemit	before	governor	/sys/devices/system/cpu/cpu5/cpufreq/scaling_governor	performance
noise_b2	2	0	B2	spacemit	before	governor	/sys/devices/system/cpu/cpu6/cpufreq/scaling_governor	performance
noise_b2	2	0	B2	spacemit	before	governor	/sys/devices/system/cpu/cpu7/cpufreq/scaling_governor	performance
noise_b2	2	0	B2	spacemit	before	frequency_khz	/sys/devices/system/cpu/cpu0/cpufreq/scaling_cur_freq	1600000
noise_b2	2	0	B2	spacemit	before	frequency_khz	/sys/devices/system/cpu/cpu1/cpufreq/scaling_cur_freq	1600000
noise_b2	2	0	B2	spacemit	before	frequency_khz	/sys/devices/system/cpu/cpu2/cpufreq/scaling_cur_freq	1600000
noise_b2	2	0	B2	spacemit	before	frequency_khz	/sys/devices/system/cpu/cpu3/cpufreq/scaling_cur_freq	1600000
noise_b2	2	0	B2	spacemit	before	frequency_khz	/sys/devices/system/cpu/cpu4/cpufreq/scaling_cur_freq	1600000
noise_b2	2	0	B2	spacemit	before	frequency_khz	/sys/devices/system/cpu/cpu5/cpufreq/scaling_cur_freq	1600000
noise_b2	2	0	B2	spacemit	before	frequency_khz	/sys/devices/system/cpu/cpu6/cpufreq/scaling_cur_freq	1600000
noise_b2	2	0	B2	spacemit	before	frequency_khz	/sys/devices/system/cpu/cpu7/cpufreq/scaling_cur_freq	1600000
noise_b2	2	0	B2	spacemit	before	temperature_millic	/sys/class/thermal/thermal_zone0/temp	56000
noise_b2	2	0	B2	spacemit	before	temperature_millic	/sys/class/thermal/thermal_zone1/temp	56000
noise_b2	2	0	B2	spacemit	before	temperature_millic	/sys/class/thermal/thermal_zone2/temp	57000
noise_b2	2	0	B2	spacemit	before	temperature_millic	/sys/class/thermal/thermal_zone3/temp	58000
noise_b2	2	0	B2	spacemit	after	governor	/sys/devices/system/cpu/cpu0/cpufreq/scaling_governor	performance
noise_b2	2	0	B2	spacemit	after	governor	/sys/devices/system/cpu/cpu1/cpufreq/scaling_governor	performance
noise_b2	2	0	B2	spacemit	after	governor	/sys/devices/system/cpu/cpu2/cpufreq/scaling_governor	performance
noise_b2	2	0	B2	spacemit	after	governor	/sys/devices/system/cpu/cpu3/cpufreq/scaling_governor	performance
noise_b2	2	0	B2	spacemit	after	governor	/sys/devices/system/cpu/cpu4/cpufreq/scaling_governor	performance
noise_b2	2	0	B2	spacemit	after	governor	/sys/devices/system/cpu/cpu5/cpufreq/scaling_governor	performance
noise_b2	2	0	B2	spacemit	after	governor	/sys/devices/system/cpu/cpu6/cpufreq/scaling_governor	performance
noise_b2	2	0	B2	spacemit	after	governor	/sys/devices/system/cpu/cpu7/cpufreq/scaling_governor	performance
noise_b2	2	0	B2	spacemit	after	frequency_khz	/sys/devices/system/cpu/cpu0/cpufreq/scaling_cur_freq	1600000
noise_b2	2	0	B2	spacemit	after	frequency_khz	/sys/devices/system/cpu/cpu1/cpufreq/scaling_cur_freq	1600000
noise_b2	2	0	B2	spacemit	after	frequency_khz	/sys/devices/system/cpu/cpu2/cpufreq/scaling_cur_freq	1600000
noise_b2	2	0	B2	spacemit	after	frequency_khz	/sys/devices/system/cpu/cpu3/cpufreq/scaling_cur_freq	1600000
noise_b2	2	0	B2	spacemit	after	frequency_khz	/sys/devices/system/cpu/cpu4/cpufreq/scaling_cur_freq	1600000
noise_b2	2	0	B2	spacemit	after	frequency_khz	/sys/devices/system/cpu/cpu5/cpufreq/scaling_cur_freq	1600000
noise_b2	2	0	B2	spacemit	after	frequency_khz	/sys/devices/system/cpu/cpu6/cpufreq/scaling_cur_freq	1600000
noise_b2	2	0	B2	spacemit	after	frequency_khz	/sys/devices/system/cpu/cpu7/cpufreq/scaling_cur_freq	1600000
noise_b2	2	0	B2	spacemit	after	temperature_millic	/sys/class/thermal/thermal_zone0/temp	55000
noise_b2	2	0	B2	spacemit	after	temperature_millic	/sys/class/thermal/thermal_zone1/temp	56000
noise_b2	2	0	B2	spacemit	after	temperature_millic	/sys/class/thermal/thermal_zone2/temp	58000
noise_b2	2	0	B2	spacemit	after	temperature_millic	/sys/class/thermal/thermal_zone3/temp	58000
noise_b2	2	1	B2	spacemit	before	governor	/sys/devices/system/cpu/cpu0/cpufreq/scaling_governor	performance
noise_b2	2	1	B2	spacemit	before	governor	/sys/devices/system/cpu/cpu1/cpufreq/scaling_governor	performance
noise_b2	2	1	B2	spacemit	before	governor	/sys/devices/system/cpu/cpu2/cpufreq/scaling_governor	performance
noise_b2	2	1	B2	spacemit	before	governor	/sys/devices/system/cpu/cpu3/cpufreq/scaling_governor	performance
noise_b2	2	1	B2	spacemit	before	governor	/sys/devices/system/cpu/cpu4/cpufreq/scaling_governor	performance
noise_b2	2	1	B2	spacemit	before	governor	/sys/devices/system/cpu/cpu5/cpufreq/scaling_governor	performance
noise_b2	2	1	B2	spacemit	before	governor	/sys/devices/system/cpu/cpu6/cpufreq/scaling_governor	performance
noise_b2	2	1	B2	spacemit	before	governor	/sys/devices/system/cpu/cpu7/cpufreq/scaling_governor	performance
noise_b2	2	1	B2	spacemit	before	frequency_khz	/sys/devices/system/cpu/cpu0/cpufreq/scaling_cur_freq	1600000
noise_b2	2	1	B2	spacemit	before	frequency_khz	/sys/devices/system/cpu/cpu1/cpufreq/scaling_cur_freq	1600000
noise_b2	2	1	B2	spacemit	before	frequency_khz	/sys/devices/system/cpu/cpu2/cpufreq/scaling_cur_freq	1600000
noise_b2	2	1	B2	spacemit	before	frequency_khz	/sys/devices/system/cpu/cpu3/cpufreq/scaling_cur_freq	1600000
noise_b2	2	1	B2	spacemit	before	frequency_khz	/sys/devices/system/cpu/cpu4/cpufreq/scaling_cur_freq	1600000
noise_b2	2	1	B2	spacemit	before	frequency_khz	/sys/devices/system/cpu/cpu5/cpufreq/scaling_cur_freq	1600000
noise_b2	2	1	B2	spacemit	before	frequency_khz	/sys/devices/system/cpu/cpu6/cpufreq/scaling_cur_freq	1600000
noise_b2	2	1	B2	spacemit	before	frequency_khz	/sys/devices/system/cpu/cpu7/cpufreq/scaling_cur_freq	1600000
noise_b2	2	1	B2	spacemit	before	temperature_millic	/sys/class/thermal/thermal_zone0/temp	56000
noise_b2	2	1	B2	spacemit	before	temperature_millic	/sys/class/thermal/thermal_zone1/temp	56000
noise_b2	2	1	B2	spacemit	before	temperature_millic	/sys/class/thermal/thermal_zone2/temp	57000
noise_b2	2	1	B2	spacemit	before	temperature_millic	/sys/class/thermal/thermal_zone3/temp	58000
noise_b2	2	1	B2	spacemit	after	governor	/sys/devices/system/cpu/cpu0/cpufreq/scaling_governor	performance
noise_b2	2	1	B2	spacemit	after	governor	/sys/devices/system/cpu/cpu1/cpufreq/scaling_governor	performance
noise_b2	2	1	B2	spacemit	after	governor	/sys/devices/system/cpu/cpu2/cpufreq/scaling_governor	performance
noise_b2	2	1	B2	spacemit	after	governor	/sys/devices/system/cpu/cpu3/cpufreq/scaling_governor	performance
noise_b2	2	1	B2	spacemit	after	governor	/sys/devices/system/cpu/cpu4/cpufreq/scaling_governor	performance
noise_b2	2	1	B2	spacemit	after	governor	/sys/devices/system/cpu/cpu5/cpufreq/scaling_governor	performance
noise_b2	2	1	B2	spacemit	after	governor	/sys/devices/system/cpu/cpu6/cpufreq/scaling_governor	performance
noise_b2	2	1	B2	spacemit	after	governor	/sys/devices/system/cpu/cpu7/cpufreq/scaling_governor	performance
noise_b2	2	1	B2	spacemit	after	frequency_khz	/sys/devices/system/cpu/cpu0/cpufreq/scaling_cur_freq	1600000
noise_b2	2	1	B2	spacemit	after	frequency_khz	/sys/devices/system/cpu/cpu1/cpufreq/scaling_cur_freq	1600000
noise_b2	2	1	B2	spacemit	after	frequency_khz	/sys/devices/system/cpu/cpu2/cpufreq/scaling_cur_freq	1600000
noise_b2	2	1	B2	spacemit	after	frequency_khz	/sys/devices/system/cpu/cpu3/cpufreq/scaling_cur_freq	1600000
noise_b2	2	1	B2	spacemit	after	frequency_khz	/sys/devices/system/cpu/cpu4/cpufreq/scaling_cur_freq	1600000
noise_b2	2	1	B2	spacemit	after	frequency_khz	/sys/devices/system/cpu/cpu5/cpufreq/scaling_cur_freq	1600000
noise_b2	2	1	B2	spacemit	after	frequency_khz	/sys/devices/system/cpu/cpu6/cpufreq/scaling_cur_freq	1600000
noise_b2	2	1	B2	spacemit	after	frequency_khz	/sys/devices/system/cpu/cpu7/cpufreq/scaling_cur_freq	1600000
noise_b2	2	1	B2	spacemit	after	temperature_millic	/sys/class/thermal/thermal_zone0/temp	57000
noise_b2	2	1	B2	spacemit	after	temperature_millic	/sys/class/thermal/thermal_zone1/temp	56000
noise_b2	2	1	B2	spacemit	after	temperature_millic	/sys/class/thermal/thermal_zone2/temp	57000
noise_b2	2	1	B2	spacemit	after	temperature_millic	/sys/class/thermal/thermal_zone3/temp	59000
noise_b2	2	2	B2	spacemit	before	governor	/sys/devices/system/cpu/cpu0/cpufreq/scaling_governor	performance
noise_b2	2	2	B2	spacemit	before	governor	/sys/devices/system/cpu/cpu1/cpufreq/scaling_governor	performance
noise_b2	2	2	B2	spacemit	before	governor	/sys/devices/system/cpu/cpu2/cpufreq/scaling_governor	performance
noise_b2	2	2	B2	spacemit	before	governor	/sys/devices/system/cpu/cpu3/cpufreq/scaling_governor	performance
noise_b2	2	2	B2	spacemit	before	governor	/sys/devices/system/cpu/cpu4/cpufreq/scaling_governor	performance
noise_b2	2	2	B2	spacemit	before	governor	/sys/devices/system/cpu/cpu5/cpufreq/scaling_governor	performance
noise_b2	2	2	B2	spacemit	before	governor	/sys/devices/system/cpu/cpu6/cpufreq/scaling_governor	performance
noise_b2	2	2	B2	spacemit	before	governor	/sys/devices/system/cpu/cpu7/cpufreq/scaling_governor	performance
noise_b2	2	2	B2	spacemit	before	frequency_khz	/sys/devices/system/cpu/cpu0/cpufreq/scaling_cur_freq	1600000
noise_b2	2	2	B2	spacemit	before	frequency_khz	/sys/devices/system/cpu/cpu1/cpufreq/scaling_cur_freq	1600000
noise_b2	2	2	B2	spacemit	before	frequency_khz	/sys/devices/system/cpu/cpu2/cpufreq/scaling_cur_freq	1600000
noise_b2	2	2	B2	spacemit	before	frequency_khz	/sys/devices/system/cpu/cpu3/cpufreq/scaling_cur_freq	1600000
noise_b2	2	2	B2	spacemit	before	frequency_khz	/sys/devices/system/cpu/cpu4/cpufreq/scaling_cur_freq	1600000
noise_b2	2	2	B2	spacemit	before	frequency_khz	/sys/devices/system/cpu/cpu5/cpufreq/scaling_cur_freq	1600000
noise_b2	2	2	B2	spacemit	before	frequency_khz	/sys/devices/system/cpu/cpu6/cpufreq/scaling_cur_freq	1600000
noise_b2	2	2	B2	spacemit	before	frequency_khz	/sys/devices/system/cpu/cpu7/cpufreq/scaling_cur_freq	1600000
noise_b2	2	2	B2	spacemit	before	temperature_millic	/sys/class/thermal/thermal_zone0/temp	57000
noise_b2	2	2	B2	spacemit	before	temperature_millic	/sys/class/thermal/thermal_zone1/temp	56000
noise_b2	2	2	B2	spacemit	before	temperature_millic	/sys/class/thermal/thermal_zone2/temp	57000
noise_b2	2	2	B2	spacemit	before	temperature_millic	/sys/class/thermal/thermal_zone3/temp	57000
noise_b2	2	2	B2	spacemit	after	governor	/sys/devices/system/cpu/cpu0/cpufreq/scaling_governor	performance
noise_b2	2	2	B2	spacemit	after	governor	/sys/devices/system/cpu/cpu1/cpufreq/scaling_governor	performance
noise_b2	2	2	B2	spacemit	after	governor	/sys/devices/system/cpu/cpu2/cpufreq/scaling_governor	performance
noise_b2	2	2	B2	spacemit	after	governor	/sys/devices/system/cpu/cpu3/cpufreq/scaling_governor	performance
noise_b2	2	2	B2	spacemit	after	governor	/sys/devices/system/cpu/cpu4/cpufreq/scaling_governor	performance
noise_b2	2	2	B2	spacemit	after	governor	/sys/devices/system/cpu/cpu5/cpufreq/scaling_governor	performance
noise_b2	2	2	B2	spacemit	after	governor	/sys/devices/system/cpu/cpu6/cpufreq/scaling_governor	performance
noise_b2	2	2	B2	spacemit	after	governor	/sys/devices/system/cpu/cpu7/cpufreq/scaling_governor	performance
noise_b2	2	2	B2	spacemit	after	frequency_khz	/sys/devices/system/cpu/cpu0/cpufreq/scaling_cur_freq	1600000
noise_b2	2	2	B2	spacemit	after	frequency_khz	/sys/devices/system/cpu/cpu1/cpufreq/scaling_cur_freq	1600000
noise_b2	2	2	B2	spacemit	after	frequency_khz	/sys/devices/system/cpu/cpu2/cpufreq/scaling_cur_freq	1600000
noise_b2	2	2	B2	spacemit	after	frequency_khz	/sys/devices/system/cpu/cpu3/cpufreq/scaling_cur_freq	1600000
noise_b2	2	2	B2	spacemit	after	frequency_khz	/sys/devices/system/cpu/cpu4/cpufreq/scaling_cur_freq	1600000
noise_b2	2	2	B2	spacemit	after	frequency_khz	/sys/devices/system/cpu/cpu5/cpufreq/scaling_cur_freq	1600000
noise_b2	2	2	B2	spacemit	after	frequency_khz	/sys/devices/system/cpu/cpu6/cpufreq/scaling_cur_freq	1600000
noise_b2	2	2	B2	spacemit	after	frequency_khz	/sys/devices/system/cpu/cpu7/cpufreq/scaling_cur_freq	1600000
noise_b2	2	2	B2	spacemit	after	temperature_millic	/sys/class/thermal/thermal_zone0/temp	57000
noise_b2	2	2	B2	spacemit	after	temperature_millic	/sys/class/thermal/thermal_zone1/temp	57000
noise_b2	2	2	B2	spacemit	after	temperature_millic	/sys/class/thermal/thermal_zone2/temp	58000
noise_b2	2	2	B2	spacemit	after	temperature_millic	/sys/class/thermal/thermal_zone3/temp	57000
noise_b2	2	3	B2	spacemit	before	governor	/sys/devices/system/cpu/cpu0/cpufreq/scaling_governor	performance
noise_b2	2	3	B2	spacemit	before	governor	/sys/devices/system/cpu/cpu1/cpufreq/scaling_governor	performance
noise_b2	2	3	B2	spacemit	before	governor	/sys/devices/system/cpu/cpu2/cpufreq/scaling_governor	performance
noise_b2	2	3	B2	spacemit	before	governor	/sys/devices/system/cpu/cpu3/cpufreq/scaling_governor	performance
noise_b2	2	3	B2	spacemit	before	governor	/sys/devices/system/cpu/cpu4/cpufreq/scaling_governor	performance
noise_b2	2	3	B2	spacemit	before	governor	/sys/devices/system/cpu/cpu5/cpufreq/scaling_governor	performance
noise_b2	2	3	B2	spacemit	before	governor	/sys/devices/system/cpu/cpu6/cpufreq/scaling_governor	performance
noise_b2	2	3	B2	spacemit	before	governor	/sys/devices/system/cpu/cpu7/cpufreq/scaling_governor	performance
noise_b2	2	3	B2	spacemit	before	frequency_khz	/sys/devices/system/cpu/cpu0/cpufreq/scaling_cur_freq	1600000
noise_b2	2	3	B2	spacemit	before	frequency_khz	/sys/devices/system/cpu/cpu1/cpufreq/scaling_cur_freq	1600000
noise_b2	2	3	B2	spacemit	before	frequency_khz	/sys/devices/system/cpu/cpu2/cpufreq/scaling_cur_freq	1600000
noise_b2	2	3	B2	spacemit	before	frequency_khz	/sys/devices/system/cpu/cpu3/cpufreq/scaling_cur_freq	1600000
noise_b2	2	3	B2	spacemit	before	frequency_khz	/sys/devices/system/cpu/cpu4/cpufreq/scaling_cur_freq	1600000
noise_b2	2	3	B2	spacemit	before	frequency_khz	/sys/devices/system/cpu/cpu5/cpufreq/scaling_cur_freq	1600000
noise_b2	2	3	B2	spacemit	before	frequency_khz	/sys/devices/system/cpu/cpu6/cpufreq/scaling_cur_freq	1600000
noise_b2	2	3	B2	spacemit	before	frequency_khz	/sys/devices/system/cpu/cpu7/cpufreq/scaling_cur_freq	1600000
noise_b2	2	3	B2	spacemit	before	temperature_millic	/sys/class/thermal/thermal_zone0/temp	57000
noise_b2	2	3	B2	spacemit	before	temperature_millic	/sys/class/thermal/thermal_zone1/temp	56000
noise_b2	2	3	B2	spacemit	before	temperature_millic	/sys/class/thermal/thermal_zone2/temp	58000
noise_b2	2	3	B2	spacemit	before	temperature_millic	/sys/class/thermal/thermal_zone3/temp	58000
noise_b2	2	3	B2	spacemit	after	governor	/sys/devices/system/cpu/cpu0/cpufreq/scaling_governor	performance
noise_b2	2	3	B2	spacemit	after	governor	/sys/devices/system/cpu/cpu1/cpufreq/scaling_governor	performance
noise_b2	2	3	B2	spacemit	after	governor	/sys/devices/system/cpu/cpu2/cpufreq/scaling_governor	performance
noise_b2	2	3	B2	spacemit	after	governor	/sys/devices/system/cpu/cpu3/cpufreq/scaling_governor	performance
noise_b2	2	3	B2	spacemit	after	governor	/sys/devices/system/cpu/cpu4/cpufreq/scaling_governor	performance
noise_b2	2	3	B2	spacemit	after	governor	/sys/devices/system/cpu/cpu5/cpufreq/scaling_governor	performance
noise_b2	2	3	B2	spacemit	after	governor	/sys/devices/system/cpu/cpu6/cpufreq/scaling_governor	performance
noise_b2	2	3	B2	spacemit	after	governor	/sys/devices/system/cpu/cpu7/cpufreq/scaling_governor	performance
noise_b2	2	3	B2	spacemit	after	frequency_khz	/sys/devices/system/cpu/cpu0/cpufreq/scaling_cur_freq	1600000
noise_b2	2	3	B2	spacemit	after	frequency_khz	/sys/devices/system/cpu/cpu1/cpufreq/scaling_cur_freq	1600000
noise_b2	2	3	B2	spacemit	after	frequency_khz	/sys/devices/system/cpu/cpu2/cpufreq/scaling_cur_freq	1600000
noise_b2	2	3	B2	spacemit	after	frequency_khz	/sys/devices/system/cpu/cpu3/cpufreq/scaling_cur_freq	1600000
noise_b2	2	3	B2	spacemit	after	frequency_khz	/sys/devices/system/cpu/cpu4/cpufreq/scaling_cur_freq	1600000
noise_b2	2	3	B2	spacemit	after	frequency_khz	/sys/devices/system/cpu/cpu5/cpufreq/scaling_cur_freq	1600000
noise_b2	2	3	B2	spacemit	after	frequency_khz	/sys/devices/system/cpu/cpu6/cpufreq/scaling_cur_freq	1600000
noise_b2	2	3	B2	spacemit	after	frequency_khz	/sys/devices/system/cpu/cpu7/cpufreq/scaling_cur_freq	1600000
noise_b2	2	3	B2	spacemit	after	temperature_millic	/sys/class/thermal/thermal_zone0/temp	57000
noise_b2	2	3	B2	spacemit	after	temperature_millic	/sys/class/thermal/thermal_zone1/temp	57000
noise_b2	2	3	B2	spacemit	after	temperature_millic	/sys/class/thermal/thermal_zone2/temp	58000
noise_b2	2	3	B2	spacemit	after	temperature_millic	/sys/class/thermal/thermal_zone3/temp	59000
noise_b2	3	0	B2	spacemit	before	governor	/sys/devices/system/cpu/cpu0/cpufreq/scaling_governor	performance
noise_b2	3	0	B2	spacemit	before	governor	/sys/devices/system/cpu/cpu1/cpufreq/scaling_governor	performance
noise_b2	3	0	B2	spacemit	before	governor	/sys/devices/system/cpu/cpu2/cpufreq/scaling_governor	performance
noise_b2	3	0	B2	spacemit	before	governor	/sys/devices/system/cpu/cpu3/cpufreq/scaling_governor	performance
noise_b2	3	0	B2	spacemit	before	governor	/sys/devices/system/cpu/cpu4/cpufreq/scaling_governor	performance
noise_b2	3	0	B2	spacemit	before	governor	/sys/devices/system/cpu/cpu5/cpufreq/scaling_governor	performance
noise_b2	3	0	B2	spacemit	before	governor	/sys/devices/system/cpu/cpu6/cpufreq/scaling_governor	performance
noise_b2	3	0	B2	spacemit	before	governor	/sys/devices/system/cpu/cpu7/cpufreq/scaling_governor	performance
noise_b2	3	0	B2	spacemit	before	frequency_khz	/sys/devices/system/cpu/cpu0/cpufreq/scaling_cur_freq	1600000
noise_b2	3	0	B2	spacemit	before	frequency_khz	/sys/devices/system/cpu/cpu1/cpufreq/scaling_cur_freq	1600000
noise_b2	3	0	B2	spacemit	before	frequency_khz	/sys/devices/system/cpu/cpu2/cpufreq/scaling_cur_freq	1600000
noise_b2	3	0	B2	spacemit	before	frequency_khz	/sys/devices/system/cpu/cpu3/cpufreq/scaling_cur_freq	1600000
noise_b2	3	0	B2	spacemit	before	frequency_khz	/sys/devices/system/cpu/cpu4/cpufreq/scaling_cur_freq	1600000
noise_b2	3	0	B2	spacemit	before	frequency_khz	/sys/devices/system/cpu/cpu5/cpufreq/scaling_cur_freq	1600000
noise_b2	3	0	B2	spacemit	before	frequency_khz	/sys/devices/system/cpu/cpu6/cpufreq/scaling_cur_freq	1600000
noise_b2	3	0	B2	spacemit	before	frequency_khz	/sys/devices/system/cpu/cpu7/cpufreq/scaling_cur_freq	1600000
noise_b2	3	0	B2	spacemit	before	temperature_millic	/sys/class/thermal/thermal_zone0/temp	57000
noise_b2	3	0	B2	spacemit	before	temperature_millic	/sys/class/thermal/thermal_zone1/temp	57000
noise_b2	3	0	B2	spacemit	before	temperature_millic	/sys/class/thermal/thermal_zone2/temp	58000
noise_b2	3	0	B2	spacemit	before	temperature_millic	/sys/class/thermal/thermal_zone3/temp	59000
noise_b2	3	0	B2	spacemit	after	governor	/sys/devices/system/cpu/cpu0/cpufreq/scaling_governor	performance
noise_b2	3	0	B2	spacemit	after	governor	/sys/devices/system/cpu/cpu1/cpufreq/scaling_governor	performance
noise_b2	3	0	B2	spacemit	after	governor	/sys/devices/system/cpu/cpu2/cpufreq/scaling_governor	performance
noise_b2	3	0	B2	spacemit	after	governor	/sys/devices/system/cpu/cpu3/cpufreq/scaling_governor	performance
noise_b2	3	0	B2	spacemit	after	governor	/sys/devices/system/cpu/cpu4/cpufreq/scaling_governor	performance
noise_b2	3	0	B2	spacemit	after	governor	/sys/devices/system/cpu/cpu5/cpufreq/scaling_governor	performance
noise_b2	3	0	B2	spacemit	after	governor	/sys/devices/system/cpu/cpu6/cpufreq/scaling_governor	performance
noise_b2	3	0	B2	spacemit	after	governor	/sys/devices/system/cpu/cpu7/cpufreq/scaling_governor	performance
noise_b2	3	0	B2	spacemit	after	frequency_khz	/sys/devices/system/cpu/cpu0/cpufreq/scaling_cur_freq	1600000
noise_b2	3	0	B2	spacemit	after	frequency_khz	/sys/devices/system/cpu/cpu1/cpufreq/scaling_cur_freq	1600000
noise_b2	3	0	B2	spacemit	after	frequency_khz	/sys/devices/system/cpu/cpu2/cpufreq/scaling_cur_freq	1600000
noise_b2	3	0	B2	spacemit	after	frequency_khz	/sys/devices/system/cpu/cpu3/cpufreq/scaling_cur_freq	1600000
noise_b2	3	0	B2	spacemit	after	frequency_khz	/sys/devices/system/cpu/cpu4/cpufreq/scaling_cur_freq	1600000
noise_b2	3	0	B2	spacemit	after	frequency_khz	/sys/devices/system/cpu/cpu5/cpufreq/scaling_cur_freq	1600000
noise_b2	3	0	B2	spacemit	after	frequency_khz	/sys/devices/system/cpu/cpu6/cpufreq/scaling_cur_freq	1600000
noise_b2	3	0	B2	spacemit	after	frequency_khz	/sys/devices/system/cpu/cpu7/cpufreq/scaling_cur_freq	1600000
noise_b2	3	0	B2	spacemit	after	temperature_millic	/sys/class/thermal/thermal_zone0/temp	56000
noise_b2	3	0	B2	spacemit	after	temperature_millic	/sys/class/thermal/thermal_zone1/temp	57000
noise_b2	3	0	B2	spacemit	after	temperature_millic	/sys/class/thermal/thermal_zone2/temp	59000
noise_b2	3	0	B2	spacemit	after	temperature_millic	/sys/class/thermal/thermal_zone3/temp	58000
noise_b2	3	1	B2	spacemit	before	governor	/sys/devices/system/cpu/cpu0/cpufreq/scaling_governor	performance
noise_b2	3	1	B2	spacemit	before	governor	/sys/devices/system/cpu/cpu1/cpufreq/scaling_governor	performance
noise_b2	3	1	B2	spacemit	before	governor	/sys/devices/system/cpu/cpu2/cpufreq/scaling_governor	performance
noise_b2	3	1	B2	spacemit	before	governor	/sys/devices/system/cpu/cpu3/cpufreq/scaling_governor	performance
noise_b2	3	1	B2	spacemit	before	governor	/sys/devices/system/cpu/cpu4/cpufreq/scaling_governor	performance
noise_b2	3	1	B2	spacemit	before	governor	/sys/devices/system/cpu/cpu5/cpufreq/scaling_governor	performance
noise_b2	3	1	B2	spacemit	before	governor	/sys/devices/system/cpu/cpu6/cpufreq/scaling_governor	performance
noise_b2	3	1	B2	spacemit	before	governor	/sys/devices/system/cpu/cpu7/cpufreq/scaling_governor	performance
noise_b2	3	1	B2	spacemit	before	frequency_khz	/sys/devices/system/cpu/cpu0/cpufreq/scaling_cur_freq	1600000
noise_b2	3	1	B2	spacemit	before	frequency_khz	/sys/devices/system/cpu/cpu1/cpufreq/scaling_cur_freq	1600000
noise_b2	3	1	B2	spacemit	before	frequency_khz	/sys/devices/system/cpu/cpu2/cpufreq/scaling_cur_freq	1600000
noise_b2	3	1	B2	spacemit	before	frequency_khz	/sys/devices/system/cpu/cpu3/cpufreq/scaling_cur_freq	1600000
noise_b2	3	1	B2	spacemit	before	frequency_khz	/sys/devices/system/cpu/cpu4/cpufreq/scaling_cur_freq	1600000
noise_b2	3	1	B2	spacemit	before	frequency_khz	/sys/devices/system/cpu/cpu5/cpufreq/scaling_cur_freq	1600000
noise_b2	3	1	B2	spacemit	before	frequency_khz	/sys/devices/system/cpu/cpu6/cpufreq/scaling_cur_freq	1600000
noise_b2	3	1	B2	spacemit	before	frequency_khz	/sys/devices/system/cpu/cpu7/cpufreq/scaling_cur_freq	1600000
noise_b2	3	1	B2	spacemit	before	temperature_millic	/sys/class/thermal/thermal_zone0/temp	58000
noise_b2	3	1	B2	spacemit	before	temperature_millic	/sys/class/thermal/thermal_zone1/temp	57000
noise_b2	3	1	B2	spacemit	before	temperature_millic	/sys/class/thermal/thermal_zone2/temp	58000
noise_b2	3	1	B2	spacemit	before	temperature_millic	/sys/class/thermal/thermal_zone3/temp	59000
noise_b2	3	1	B2	spacemit	after	governor	/sys/devices/system/cpu/cpu0/cpufreq/scaling_governor	performance
noise_b2	3	1	B2	spacemit	after	governor	/sys/devices/system/cpu/cpu1/cpufreq/scaling_governor	performance
noise_b2	3	1	B2	spacemit	after	governor	/sys/devices/system/cpu/cpu2/cpufreq/scaling_governor	performance
noise_b2	3	1	B2	spacemit	after	governor	/sys/devices/system/cpu/cpu3/cpufreq/scaling_governor	performance
noise_b2	3	1	B2	spacemit	after	governor	/sys/devices/system/cpu/cpu4/cpufreq/scaling_governor	performance
noise_b2	3	1	B2	spacemit	after	governor	/sys/devices/system/cpu/cpu5/cpufreq/scaling_governor	performance
noise_b2	3	1	B2	spacemit	after	governor	/sys/devices/system/cpu/cpu6/cpufreq/scaling_governor	performance
noise_b2	3	1	B2	spacemit	after	governor	/sys/devices/system/cpu/cpu7/cpufreq/scaling_governor	performance
noise_b2	3	1	B2	spacemit	after	frequency_khz	/sys/devices/system/cpu/cpu0/cpufreq/scaling_cur_freq	1600000
noise_b2	3	1	B2	spacemit	after	frequency_khz	/sys/devices/system/cpu/cpu1/cpufreq/scaling_cur_freq	1600000
noise_b2	3	1	B2	spacemit	after	frequency_khz	/sys/devices/system/cpu/cpu2/cpufreq/scaling_cur_freq	1600000
noise_b2	3	1	B2	spacemit	after	frequency_khz	/sys/devices/system/cpu/cpu3/cpufreq/scaling_cur_freq	1600000
noise_b2	3	1	B2	spacemit	after	frequency_khz	/sys/devices/system/cpu/cpu4/cpufreq/scaling_cur_freq	1600000
noise_b2	3	1	B2	spacemit	after	frequency_khz	/sys/devices/system/cpu/cpu5/cpufreq/scaling_cur_freq	1600000
noise_b2	3	1	B2	spacemit	after	frequency_khz	/sys/devices/system/cpu/cpu6/cpufreq/scaling_cur_freq	1600000
noise_b2	3	1	B2	spacemit	after	frequency_khz	/sys/devices/system/cpu/cpu7/cpufreq/scaling_cur_freq	1600000
noise_b2	3	1	B2	spacemit	after	temperature_millic	/sys/class/thermal/thermal_zone0/temp	58000
noise_b2	3	1	B2	spacemit	after	temperature_millic	/sys/class/thermal/thermal_zone1/temp	57000
noise_b2	3	1	B2	spacemit	after	temperature_millic	/sys/class/thermal/thermal_zone2/temp	58000
noise_b2	3	1	B2	spacemit	after	temperature_millic	/sys/class/thermal/thermal_zone3/temp	59000
noise_b2	3	2	B2	spacemit	before	governor	/sys/devices/system/cpu/cpu0/cpufreq/scaling_governor	performance
noise_b2	3	2	B2	spacemit	before	governor	/sys/devices/system/cpu/cpu1/cpufreq/scaling_governor	performance
noise_b2	3	2	B2	spacemit	before	governor	/sys/devices/system/cpu/cpu2/cpufreq/scaling_governor	performance
noise_b2	3	2	B2	spacemit	before	governor	/sys/devices/system/cpu/cpu3/cpufreq/scaling_governor	performance
noise_b2	3	2	B2	spacemit	before	governor	/sys/devices/system/cpu/cpu4/cpufreq/scaling_governor	performance
noise_b2	3	2	B2	spacemit	before	governor	/sys/devices/system/cpu/cpu5/cpufreq/scaling_governor	performance
noise_b2	3	2	B2	spacemit	before	governor	/sys/devices/system/cpu/cpu6/cpufreq/scaling_governor	performance
noise_b2	3	2	B2	spacemit	before	governor	/sys/devices/system/cpu/cpu7/cpufreq/scaling_governor	performance
noise_b2	3	2	B2	spacemit	before	frequency_khz	/sys/devices/system/cpu/cpu0/cpufreq/scaling_cur_freq	1600000
noise_b2	3	2	B2	spacemit	before	frequency_khz	/sys/devices/system/cpu/cpu1/cpufreq/scaling_cur_freq	1600000
noise_b2	3	2	B2	spacemit	before	frequency_khz	/sys/devices/system/cpu/cpu2/cpufreq/scaling_cur_freq	1600000
noise_b2	3	2	B2	spacemit	before	frequency_khz	/sys/devices/system/cpu/cpu3/cpufreq/scaling_cur_freq	1600000
noise_b2	3	2	B2	spacemit	before	frequency_khz	/sys/devices/system/cpu/cpu4/cpufreq/scaling_cur_freq	1600000
noise_b2	3	2	B2	spacemit	before	frequency_khz	/sys/devices/system/cpu/cpu5/cpufreq/scaling_cur_freq	1600000
noise_b2	3	2	B2	spacemit	before	frequency_khz	/sys/devices/system/cpu/cpu6/cpufreq/scaling_cur_freq	1600000
noise_b2	3	2	B2	spacemit	before	frequency_khz	/sys/devices/system/cpu/cpu7/cpufreq/scaling_cur_freq	1600000
noise_b2	3	2	B2	spacemit	before	temperature_millic	/sys/class/thermal/thermal_zone0/temp	57000
noise_b2	3	2	B2	spacemit	before	temperature_millic	/sys/class/thermal/thermal_zone1/temp	57000
noise_b2	3	2	B2	spacemit	before	temperature_millic	/sys/class/thermal/thermal_zone2/temp	59000
noise_b2	3	2	B2	spacemit	before	temperature_millic	/sys/class/thermal/thermal_zone3/temp	59000
noise_b2	3	2	B2	spacemit	after	governor	/sys/devices/system/cpu/cpu0/cpufreq/scaling_governor	performance
noise_b2	3	2	B2	spacemit	after	governor	/sys/devices/system/cpu/cpu1/cpufreq/scaling_governor	performance
noise_b2	3	2	B2	spacemit	after	governor	/sys/devices/system/cpu/cpu2/cpufreq/scaling_governor	performance
noise_b2	3	2	B2	spacemit	after	governor	/sys/devices/system/cpu/cpu3/cpufreq/scaling_governor	performance
noise_b2	3	2	B2	spacemit	after	governor	/sys/devices/system/cpu/cpu4/cpufreq/scaling_governor	performance
noise_b2	3	2	B2	spacemit	after	governor	/sys/devices/system/cpu/cpu5/cpufreq/scaling_governor	performance
noise_b2	3	2	B2	spacemit	after	governor	/sys/devices/system/cpu/cpu6/cpufreq/scaling_governor	performance
noise_b2	3	2	B2	spacemit	after	governor	/sys/devices/system/cpu/cpu7/cpufreq/scaling_governor	performance
noise_b2	3	2	B2	spacemit	after	frequency_khz	/sys/devices/system/cpu/cpu0/cpufreq/scaling_cur_freq	1600000
noise_b2	3	2	B2	spacemit	after	frequency_khz	/sys/devices/system/cpu/cpu1/cpufreq/scaling_cur_freq	1600000
noise_b2	3	2	B2	spacemit	after	frequency_khz	/sys/devices/system/cpu/cpu2/cpufreq/scaling_cur_freq	1600000
noise_b2	3	2	B2	spacemit	after	frequency_khz	/sys/devices/system/cpu/cpu3/cpufreq/scaling_cur_freq	1600000
noise_b2	3	2	B2	spacemit	after	frequency_khz	/sys/devices/system/cpu/cpu4/cpufreq/scaling_cur_freq	1600000
noise_b2	3	2	B2	spacemit	after	frequency_khz	/sys/devices/system/cpu/cpu5/cpufreq/scaling_cur_freq	1600000
noise_b2	3	2	B2	spacemit	after	frequency_khz	/sys/devices/system/cpu/cpu6/cpufreq/scaling_cur_freq	1600000
noise_b2	3	2	B2	spacemit	after	frequency_khz	/sys/devices/system/cpu/cpu7/cpufreq/scaling_cur_freq	1600000
noise_b2	3	2	B2	spacemit	after	temperature_millic	/sys/class/thermal/thermal_zone0/temp	58000
noise_b2	3	2	B2	spacemit	after	temperature_millic	/sys/class/thermal/thermal_zone1/temp	58000
noise_b2	3	2	B2	spacemit	after	temperature_millic	/sys/class/thermal/thermal_zone2/temp	59000
noise_b2	3	2	B2	spacemit	after	temperature_millic	/sys/class/thermal/thermal_zone3/temp	60000
noise_b2	3	3	B2	spacemit	before	governor	/sys/devices/system/cpu/cpu0/cpufreq/scaling_governor	performance
noise_b2	3	3	B2	spacemit	before	governor	/sys/devices/system/cpu/cpu1/cpufreq/scaling_governor	performance
noise_b2	3	3	B2	spacemit	before	governor	/sys/devices/system/cpu/cpu2/cpufreq/scaling_governor	performance
noise_b2	3	3	B2	spacemit	before	governor	/sys/devices/system/cpu/cpu3/cpufreq/scaling_governor	performance
noise_b2	3	3	B2	spacemit	before	governor	/sys/devices/system/cpu/cpu4/cpufreq/scaling_governor	performance
noise_b2	3	3	B2	spacemit	before	governor	/sys/devices/system/cpu/cpu5/cpufreq/scaling_governor	performance
noise_b2	3	3	B2	spacemit	before	governor	/sys/devices/system/cpu/cpu6/cpufreq/scaling_governor	performance
noise_b2	3	3	B2	spacemit	before	governor	/sys/devices/system/cpu/cpu7/cpufreq/scaling_governor	performance
noise_b2	3	3	B2	spacemit	before	frequency_khz	/sys/devices/system/cpu/cpu0/cpufreq/scaling_cur_freq	1600000
noise_b2	3	3	B2	spacemit	before	frequency_khz	/sys/devices/system/cpu/cpu1/cpufreq/scaling_cur_freq	1600000
noise_b2	3	3	B2	spacemit	before	frequency_khz	/sys/devices/system/cpu/cpu2/cpufreq/scaling_cur_freq	1600000
noise_b2	3	3	B2	spacemit	before	frequency_khz	/sys/devices/system/cpu/cpu3/cpufreq/scaling_cur_freq	1600000
noise_b2	3	3	B2	spacemit	before	frequency_khz	/sys/devices/system/cpu/cpu4/cpufreq/scaling_cur_freq	1600000
noise_b2	3	3	B2	spacemit	before	frequency_khz	/sys/devices/system/cpu/cpu5/cpufreq/scaling_cur_freq	1600000
noise_b2	3	3	B2	spacemit	before	frequency_khz	/sys/devices/system/cpu/cpu6/cpufreq/scaling_cur_freq	1600000
noise_b2	3	3	B2	spacemit	before	frequency_khz	/sys/devices/system/cpu/cpu7/cpufreq/scaling_cur_freq	1600000
noise_b2	3	3	B2	spacemit	before	temperature_millic	/sys/class/thermal/thermal_zone0/temp	58000
noise_b2	3	3	B2	spacemit	before	temperature_millic	/sys/class/thermal/thermal_zone1/temp	58000
noise_b2	3	3	B2	spacemit	before	temperature_millic	/sys/class/thermal/thermal_zone2/temp	58000
noise_b2	3	3	B2	spacemit	before	temperature_millic	/sys/class/thermal/thermal_zone3/temp	60000
noise_b2	3	3	B2	spacemit	after	governor	/sys/devices/system/cpu/cpu0/cpufreq/scaling_governor	performance
noise_b2	3	3	B2	spacemit	after	governor	/sys/devices/system/cpu/cpu1/cpufreq/scaling_governor	performance
noise_b2	3	3	B2	spacemit	after	governor	/sys/devices/system/cpu/cpu2/cpufreq/scaling_governor	performance
noise_b2	3	3	B2	spacemit	after	governor	/sys/devices/system/cpu/cpu3/cpufreq/scaling_governor	performance
noise_b2	3	3	B2	spacemit	after	governor	/sys/devices/system/cpu/cpu4/cpufreq/scaling_governor	performance
noise_b2	3	3	B2	spacemit	after	governor	/sys/devices/system/cpu/cpu5/cpufreq/scaling_governor	performance
noise_b2	3	3	B2	spacemit	after	governor	/sys/devices/system/cpu/cpu6/cpufreq/scaling_governor	performance
noise_b2	3	3	B2	spacemit	after	governor	/sys/devices/system/cpu/cpu7/cpufreq/scaling_governor	performance
noise_b2	3	3	B2	spacemit	after	frequency_khz	/sys/devices/system/cpu/cpu0/cpufreq/scaling_cur_freq	1600000
noise_b2	3	3	B2	spacemit	after	frequency_khz	/sys/devices/system/cpu/cpu1/cpufreq/scaling_cur_freq	1600000
noise_b2	3	3	B2	spacemit	after	frequency_khz	/sys/devices/system/cpu/cpu2/cpufreq/scaling_cur_freq	1600000
noise_b2	3	3	B2	spacemit	after	frequency_khz	/sys/devices/system/cpu/cpu3/cpufreq/scaling_cur_freq	1600000
noise_b2	3	3	B2	spacemit	after	frequency_khz	/sys/devices/system/cpu/cpu4/cpufreq/scaling_cur_freq	1600000
noise_b2	3	3	B2	spacemit	after	frequency_khz	/sys/devices/system/cpu/cpu5/cpufreq/scaling_cur_freq	1600000
noise_b2	3	3	B2	spacemit	after	frequency_khz	/sys/devices/system/cpu/cpu6/cpufreq/scaling_cur_freq	1600000
noise_b2	3	3	B2	spacemit	after	frequency_khz	/sys/devices/system/cpu/cpu7/cpufreq/scaling_cur_freq	1600000
noise_b2	3	3	B2	spacemit	after	temperature_millic	/sys/class/thermal/thermal_zone0/temp	57000
noise_b2	3	3	B2	spacemit	after	temperature_millic	/sys/class/thermal/thermal_zone1/temp	57000
noise_b2	3	3	B2	spacemit	after	temperature_millic	/sys/class/thermal/thermal_zone2/temp	59000
noise_b2	3	3	B2	spacemit	after	temperature_millic	/sys/class/thermal/thermal_zone3/temp	59000
noise_b2	4	0	B2	spacemit	before	governor	/sys/devices/system/cpu/cpu0/cpufreq/scaling_governor	performance
noise_b2	4	0	B2	spacemit	before	governor	/sys/devices/system/cpu/cpu1/cpufreq/scaling_governor	performance
noise_b2	4	0	B2	spacemit	before	governor	/sys/devices/system/cpu/cpu2/cpufreq/scaling_governor	performance
noise_b2	4	0	B2	spacemit	before	governor	/sys/devices/system/cpu/cpu3/cpufreq/scaling_governor	performance
noise_b2	4	0	B2	spacemit	before	governor	/sys/devices/system/cpu/cpu4/cpufreq/scaling_governor	performance
noise_b2	4	0	B2	spacemit	before	governor	/sys/devices/system/cpu/cpu5/cpufreq/scaling_governor	performance
noise_b2	4	0	B2	spacemit	before	governor	/sys/devices/system/cpu/cpu6/cpufreq/scaling_governor	performance
noise_b2	4	0	B2	spacemit	before	governor	/sys/devices/system/cpu/cpu7/cpufreq/scaling_governor	performance
noise_b2	4	0	B2	spacemit	before	frequency_khz	/sys/devices/system/cpu/cpu0/cpufreq/scaling_cur_freq	1600000
noise_b2	4	0	B2	spacemit	before	frequency_khz	/sys/devices/system/cpu/cpu1/cpufreq/scaling_cur_freq	1600000
noise_b2	4	0	B2	spacemit	before	frequency_khz	/sys/devices/system/cpu/cpu2/cpufreq/scaling_cur_freq	1600000
noise_b2	4	0	B2	spacemit	before	frequency_khz	/sys/devices/system/cpu/cpu3/cpufreq/scaling_cur_freq	1600000
noise_b2	4	0	B2	spacemit	before	frequency_khz	/sys/devices/system/cpu/cpu4/cpufreq/scaling_cur_freq	1600000
noise_b2	4	0	B2	spacemit	before	frequency_khz	/sys/devices/system/cpu/cpu5/cpufreq/scaling_cur_freq	1600000
noise_b2	4	0	B2	spacemit	before	frequency_khz	/sys/devices/system/cpu/cpu6/cpufreq/scaling_cur_freq	1600000
noise_b2	4	0	B2	spacemit	before	frequency_khz	/sys/devices/system/cpu/cpu7/cpufreq/scaling_cur_freq	1600000
noise_b2	4	0	B2	spacemit	before	temperature_millic	/sys/class/thermal/thermal_zone0/temp	58000
noise_b2	4	0	B2	spacemit	before	temperature_millic	/sys/class/thermal/thermal_zone1/temp	57000
noise_b2	4	0	B2	spacemit	before	temperature_millic	/sys/class/thermal/thermal_zone2/temp	58000
noise_b2	4	0	B2	spacemit	before	temperature_millic	/sys/class/thermal/thermal_zone3/temp	58000
noise_b2	4	0	B2	spacemit	after	governor	/sys/devices/system/cpu/cpu0/cpufreq/scaling_governor	performance
noise_b2	4	0	B2	spacemit	after	governor	/sys/devices/system/cpu/cpu1/cpufreq/scaling_governor	performance
noise_b2	4	0	B2	spacemit	after	governor	/sys/devices/system/cpu/cpu2/cpufreq/scaling_governor	performance
noise_b2	4	0	B2	spacemit	after	governor	/sys/devices/system/cpu/cpu3/cpufreq/scaling_governor	performance
noise_b2	4	0	B2	spacemit	after	governor	/sys/devices/system/cpu/cpu4/cpufreq/scaling_governor	performance
noise_b2	4	0	B2	spacemit	after	governor	/sys/devices/system/cpu/cpu5/cpufreq/scaling_governor	performance
noise_b2	4	0	B2	spacemit	after	governor	/sys/devices/system/cpu/cpu6/cpufreq/scaling_governor	performance
noise_b2	4	0	B2	spacemit	after	governor	/sys/devices/system/cpu/cpu7/cpufreq/scaling_governor	performance
noise_b2	4	0	B2	spacemit	after	frequency_khz	/sys/devices/system/cpu/cpu0/cpufreq/scaling_cur_freq	1600000
noise_b2	4	0	B2	spacemit	after	frequency_khz	/sys/devices/system/cpu/cpu1/cpufreq/scaling_cur_freq	1600000
noise_b2	4	0	B2	spacemit	after	frequency_khz	/sys/devices/system/cpu/cpu2/cpufreq/scaling_cur_freq	1600000
noise_b2	4	0	B2	spacemit	after	frequency_khz	/sys/devices/system/cpu/cpu3/cpufreq/scaling_cur_freq	1600000
noise_b2	4	0	B2	spacemit	after	frequency_khz	/sys/devices/system/cpu/cpu4/cpufreq/scaling_cur_freq	1600000
noise_b2	4	0	B2	spacemit	after	frequency_khz	/sys/devices/system/cpu/cpu5/cpufreq/scaling_cur_freq	1600000
noise_b2	4	0	B2	spacemit	after	frequency_khz	/sys/devices/system/cpu/cpu6/cpufreq/scaling_cur_freq	1600000
noise_b2	4	0	B2	spacemit	after	frequency_khz	/sys/devices/system/cpu/cpu7/cpufreq/scaling_cur_freq	1600000
noise_b2	4	0	B2	spacemit	after	temperature_millic	/sys/class/thermal/thermal_zone0/temp	57000
noise_b2	4	0	B2	spacemit	after	temperature_millic	/sys/class/thermal/thermal_zone1/temp	57000
noise_b2	4	0	B2	spacemit	after	temperature_millic	/sys/class/thermal/thermal_zone2/temp	60000
noise_b2	4	0	B2	spacemit	after	temperature_millic	/sys/class/thermal/thermal_zone3/temp	59000
noise_b2	4	1	B2	spacemit	before	governor	/sys/devices/system/cpu/cpu0/cpufreq/scaling_governor	performance
noise_b2	4	1	B2	spacemit	before	governor	/sys/devices/system/cpu/cpu1/cpufreq/scaling_governor	performance
noise_b2	4	1	B2	spacemit	before	governor	/sys/devices/system/cpu/cpu2/cpufreq/scaling_governor	performance
noise_b2	4	1	B2	spacemit	before	governor	/sys/devices/system/cpu/cpu3/cpufreq/scaling_governor	performance
noise_b2	4	1	B2	spacemit	before	governor	/sys/devices/system/cpu/cpu4/cpufreq/scaling_governor	performance
noise_b2	4	1	B2	spacemit	before	governor	/sys/devices/system/cpu/cpu5/cpufreq/scaling_governor	performance
noise_b2	4	1	B2	spacemit	before	governor	/sys/devices/system/cpu/cpu6/cpufreq/scaling_governor	performance
noise_b2	4	1	B2	spacemit	before	governor	/sys/devices/system/cpu/cpu7/cpufreq/scaling_governor	performance
noise_b2	4	1	B2	spacemit	before	frequency_khz	/sys/devices/system/cpu/cpu0/cpufreq/scaling_cur_freq	1600000
noise_b2	4	1	B2	spacemit	before	frequency_khz	/sys/devices/system/cpu/cpu1/cpufreq/scaling_cur_freq	1600000
noise_b2	4	1	B2	spacemit	before	frequency_khz	/sys/devices/system/cpu/cpu2/cpufreq/scaling_cur_freq	1600000
noise_b2	4	1	B2	spacemit	before	frequency_khz	/sys/devices/system/cpu/cpu3/cpufreq/scaling_cur_freq	1600000
noise_b2	4	1	B2	spacemit	before	frequency_khz	/sys/devices/system/cpu/cpu4/cpufreq/scaling_cur_freq	1600000
noise_b2	4	1	B2	spacemit	before	frequency_khz	/sys/devices/system/cpu/cpu5/cpufreq/scaling_cur_freq	1600000
noise_b2	4	1	B2	spacemit	before	frequency_khz	/sys/devices/system/cpu/cpu6/cpufreq/scaling_cur_freq	1600000
noise_b2	4	1	B2	spacemit	before	frequency_khz	/sys/devices/system/cpu/cpu7/cpufreq/scaling_cur_freq	1600000
noise_b2	4	1	B2	spacemit	before	temperature_millic	/sys/class/thermal/thermal_zone0/temp	58000
noise_b2	4	1	B2	spacemit	before	temperature_millic	/sys/class/thermal/thermal_zone1/temp	58000
noise_b2	4	1	B2	spacemit	before	temperature_millic	/sys/class/thermal/thermal_zone2/temp	59000
noise_b2	4	1	B2	spacemit	before	temperature_millic	/sys/class/thermal/thermal_zone3/temp	59000
noise_b2	4	1	B2	spacemit	after	governor	/sys/devices/system/cpu/cpu0/cpufreq/scaling_governor	performance
noise_b2	4	1	B2	spacemit	after	governor	/sys/devices/system/cpu/cpu1/cpufreq/scaling_governor	performance
noise_b2	4	1	B2	spacemit	after	governor	/sys/devices/system/cpu/cpu2/cpufreq/scaling_governor	performance
noise_b2	4	1	B2	spacemit	after	governor	/sys/devices/system/cpu/cpu3/cpufreq/scaling_governor	performance
noise_b2	4	1	B2	spacemit	after	governor	/sys/devices/system/cpu/cpu4/cpufreq/scaling_governor	performance
noise_b2	4	1	B2	spacemit	after	governor	/sys/devices/system/cpu/cpu5/cpufreq/scaling_governor	performance
noise_b2	4	1	B2	spacemit	after	governor	/sys/devices/system/cpu/cpu6/cpufreq/scaling_governor	performance
noise_b2	4	1	B2	spacemit	after	governor	/sys/devices/system/cpu/cpu7/cpufreq/scaling_governor	performance
noise_b2	4	1	B2	spacemit	after	frequency_khz	/sys/devices/system/cpu/cpu0/cpufreq/scaling_cur_freq	1600000
noise_b2	4	1	B2	spacemit	after	frequency_khz	/sys/devices/system/cpu/cpu1/cpufreq/scaling_cur_freq	1600000
noise_b2	4	1	B2	spacemit	after	frequency_khz	/sys/devices/system/cpu/cpu2/cpufreq/scaling_cur_freq	1600000
noise_b2	4	1	B2	spacemit	after	frequency_khz	/sys/devices/system/cpu/cpu3/cpufreq/scaling_cur_freq	1600000
noise_b2	4	1	B2	spacemit	after	frequency_khz	/sys/devices/system/cpu/cpu4/cpufreq/scaling_cur_freq	1600000
noise_b2	4	1	B2	spacemit	after	frequency_khz	/sys/devices/system/cpu/cpu5/cpufreq/scaling_cur_freq	1600000
noise_b2	4	1	B2	spacemit	after	frequency_khz	/sys/devices/system/cpu/cpu6/cpufreq/scaling_cur_freq	1600000
noise_b2	4	1	B2	spacemit	after	frequency_khz	/sys/devices/system/cpu/cpu7/cpufreq/scaling_cur_freq	1600000
noise_b2	4	1	B2	spacemit	after	temperature_millic	/sys/class/thermal/thermal_zone0/temp	59000
noise_b2	4	1	B2	spacemit	after	temperature_millic	/sys/class/thermal/thermal_zone1/temp	59000
noise_b2	4	1	B2	spacemit	after	temperature_millic	/sys/class/thermal/thermal_zone2/temp	60000
noise_b2	4	1	B2	spacemit	after	temperature_millic	/sys/class/thermal/thermal_zone3/temp	59000
noise_b2	4	2	B2	spacemit	before	governor	/sys/devices/system/cpu/cpu0/cpufreq/scaling_governor	performance
noise_b2	4	2	B2	spacemit	before	governor	/sys/devices/system/cpu/cpu1/cpufreq/scaling_governor	performance
noise_b2	4	2	B2	spacemit	before	governor	/sys/devices/system/cpu/cpu2/cpufreq/scaling_governor	performance
noise_b2	4	2	B2	spacemit	before	governor	/sys/devices/system/cpu/cpu3/cpufreq/scaling_governor	performance
noise_b2	4	2	B2	spacemit	before	governor	/sys/devices/system/cpu/cpu4/cpufreq/scaling_governor	performance
noise_b2	4	2	B2	spacemit	before	governor	/sys/devices/system/cpu/cpu5/cpufreq/scaling_governor	performance
noise_b2	4	2	B2	spacemit	before	governor	/sys/devices/system/cpu/cpu6/cpufreq/scaling_governor	performance
noise_b2	4	2	B2	spacemit	before	governor	/sys/devices/system/cpu/cpu7/cpufreq/scaling_governor	performance
noise_b2	4	2	B2	spacemit	before	frequency_khz	/sys/devices/system/cpu/cpu0/cpufreq/scaling_cur_freq	1600000
noise_b2	4	2	B2	spacemit	before	frequency_khz	/sys/devices/system/cpu/cpu1/cpufreq/scaling_cur_freq	1600000
noise_b2	4	2	B2	spacemit	before	frequency_khz	/sys/devices/system/cpu/cpu2/cpufreq/scaling_cur_freq	1600000
noise_b2	4	2	B2	spacemit	before	frequency_khz	/sys/devices/system/cpu/cpu3/cpufreq/scaling_cur_freq	1600000
noise_b2	4	2	B2	spacemit	before	frequency_khz	/sys/devices/system/cpu/cpu4/cpufreq/scaling_cur_freq	1600000
noise_b2	4	2	B2	spacemit	before	frequency_khz	/sys/devices/system/cpu/cpu5/cpufreq/scaling_cur_freq	1600000
noise_b2	4	2	B2	spacemit	before	frequency_khz	/sys/devices/system/cpu/cpu6/cpufreq/scaling_cur_freq	1600000
noise_b2	4	2	B2	spacemit	before	frequency_khz	/sys/devices/system/cpu/cpu7/cpufreq/scaling_cur_freq	1600000
noise_b2	4	2	B2	spacemit	before	temperature_millic	/sys/class/thermal/thermal_zone0/temp	58000
noise_b2	4	2	B2	spacemit	before	temperature_millic	/sys/class/thermal/thermal_zone1/temp	58000
noise_b2	4	2	B2	spacemit	before	temperature_millic	/sys/class/thermal/thermal_zone2/temp	59000
noise_b2	4	2	B2	spacemit	before	temperature_millic	/sys/class/thermal/thermal_zone3/temp	58000
noise_b2	4	2	B2	spacemit	after	governor	/sys/devices/system/cpu/cpu0/cpufreq/scaling_governor	performance
noise_b2	4	2	B2	spacemit	after	governor	/sys/devices/system/cpu/cpu1/cpufreq/scaling_governor	performance
noise_b2	4	2	B2	spacemit	after	governor	/sys/devices/system/cpu/cpu2/cpufreq/scaling_governor	performance
noise_b2	4	2	B2	spacemit	after	governor	/sys/devices/system/cpu/cpu3/cpufreq/scaling_governor	performance
noise_b2	4	2	B2	spacemit	after	governor	/sys/devices/system/cpu/cpu4/cpufreq/scaling_governor	performance
noise_b2	4	2	B2	spacemit	after	governor	/sys/devices/system/cpu/cpu5/cpufreq/scaling_governor	performance
noise_b2	4	2	B2	spacemit	after	governor	/sys/devices/system/cpu/cpu6/cpufreq/scaling_governor	performance
noise_b2	4	2	B2	spacemit	after	governor	/sys/devices/system/cpu/cpu7/cpufreq/scaling_governor	performance
noise_b2	4	2	B2	spacemit	after	frequency_khz	/sys/devices/system/cpu/cpu0/cpufreq/scaling_cur_freq	1600000
noise_b2	4	2	B2	spacemit	after	frequency_khz	/sys/devices/system/cpu/cpu1/cpufreq/scaling_cur_freq	1600000
noise_b2	4	2	B2	spacemit	after	frequency_khz	/sys/devices/system/cpu/cpu2/cpufreq/scaling_cur_freq	1600000
noise_b2	4	2	B2	spacemit	after	frequency_khz	/sys/devices/system/cpu/cpu3/cpufreq/scaling_cur_freq	1600000
noise_b2	4	2	B2	spacemit	after	frequency_khz	/sys/devices/system/cpu/cpu4/cpufreq/scaling_cur_freq	1600000
noise_b2	4	2	B2	spacemit	after	frequency_khz	/sys/devices/system/cpu/cpu5/cpufreq/scaling_cur_freq	1600000
noise_b2	4	2	B2	spacemit	after	frequency_khz	/sys/devices/system/cpu/cpu6/cpufreq/scaling_cur_freq	1600000
noise_b2	4	2	B2	spacemit	after	frequency_khz	/sys/devices/system/cpu/cpu7/cpufreq/scaling_cur_freq	1600000
noise_b2	4	2	B2	spacemit	after	temperature_millic	/sys/class/thermal/thermal_zone0/temp	58000
noise_b2	4	2	B2	spacemit	after	temperature_millic	/sys/class/thermal/thermal_zone1/temp	58000
noise_b2	4	2	B2	spacemit	after	temperature_millic	/sys/class/thermal/thermal_zone2/temp	59000
noise_b2	4	2	B2	spacemit	after	temperature_millic	/sys/class/thermal/thermal_zone3/temp	60000
noise_b2	4	3	B2	spacemit	before	governor	/sys/devices/system/cpu/cpu0/cpufreq/scaling_governor	performance
noise_b2	4	3	B2	spacemit	before	governor	/sys/devices/system/cpu/cpu1/cpufreq/scaling_governor	performance
noise_b2	4	3	B2	spacemit	before	governor	/sys/devices/system/cpu/cpu2/cpufreq/scaling_governor	performance
noise_b2	4	3	B2	spacemit	before	governor	/sys/devices/system/cpu/cpu3/cpufreq/scaling_governor	performance
noise_b2	4	3	B2	spacemit	before	governor	/sys/devices/system/cpu/cpu4/cpufreq/scaling_governor	performance
noise_b2	4	3	B2	spacemit	before	governor	/sys/devices/system/cpu/cpu5/cpufreq/scaling_governor	performance
noise_b2	4	3	B2	spacemit	before	governor	/sys/devices/system/cpu/cpu6/cpufreq/scaling_governor	performance
noise_b2	4	3	B2	spacemit	before	governor	/sys/devices/system/cpu/cpu7/cpufreq/scaling_governor	performance
noise_b2	4	3	B2	spacemit	before	frequency_khz	/sys/devices/system/cpu/cpu0/cpufreq/scaling_cur_freq	1600000
noise_b2	4	3	B2	spacemit	before	frequency_khz	/sys/devices/system/cpu/cpu1/cpufreq/scaling_cur_freq	1600000
noise_b2	4	3	B2	spacemit	before	frequency_khz	/sys/devices/system/cpu/cpu2/cpufreq/scaling_cur_freq	1600000
noise_b2	4	3	B2	spacemit	before	frequency_khz	/sys/devices/system/cpu/cpu3/cpufreq/scaling_cur_freq	1600000
noise_b2	4	3	B2	spacemit	before	frequency_khz	/sys/devices/system/cpu/cpu4/cpufreq/scaling_cur_freq	1600000
noise_b2	4	3	B2	spacemit	before	frequency_khz	/sys/devices/system/cpu/cpu5/cpufreq/scaling_cur_freq	1600000
noise_b2	4	3	B2	spacemit	before	frequency_khz	/sys/devices/system/cpu/cpu6/cpufreq/scaling_cur_freq	1600000
noise_b2	4	3	B2	spacemit	before	frequency_khz	/sys/devices/system/cpu/cpu7/cpufreq/scaling_cur_freq	1600000
noise_b2	4	3	B2	spacemit	before	temperature_millic	/sys/class/thermal/thermal_zone0/temp	59000
noise_b2	4	3	B2	spacemit	before	temperature_millic	/sys/class/thermal/thermal_zone1/temp	58000
noise_b2	4	3	B2	spacemit	before	temperature_millic	/sys/class/thermal/thermal_zone2/temp	59000
noise_b2	4	3	B2	spacemit	before	temperature_millic	/sys/class/thermal/thermal_zone3/temp	61000
noise_b2	4	3	B2	spacemit	after	governor	/sys/devices/system/cpu/cpu0/cpufreq/scaling_governor	performance
noise_b2	4	3	B2	spacemit	after	governor	/sys/devices/system/cpu/cpu1/cpufreq/scaling_governor	performance
noise_b2	4	3	B2	spacemit	after	governor	/sys/devices/system/cpu/cpu2/cpufreq/scaling_governor	performance
noise_b2	4	3	B2	spacemit	after	governor	/sys/devices/system/cpu/cpu3/cpufreq/scaling_governor	performance
noise_b2	4	3	B2	spacemit	after	governor	/sys/devices/system/cpu/cpu4/cpufreq/scaling_governor	performance
noise_b2	4	3	B2	spacemit	after	governor	/sys/devices/system/cpu/cpu5/cpufreq/scaling_governor	performance
noise_b2	4	3	B2	spacemit	after	governor	/sys/devices/system/cpu/cpu6/cpufreq/scaling_governor	performance
noise_b2	4	3	B2	spacemit	after	governor	/sys/devices/system/cpu/cpu7/cpufreq/scaling_governor	performance
noise_b2	4	3	B2	spacemit	after	frequency_khz	/sys/devices/system/cpu/cpu0/cpufreq/scaling_cur_freq	1600000
noise_b2	4	3	B2	spacemit	after	frequency_khz	/sys/devices/system/cpu/cpu1/cpufreq/scaling_cur_freq	1600000
noise_b2	4	3	B2	spacemit	after	frequency_khz	/sys/devices/system/cpu/cpu2/cpufreq/scaling_cur_freq	1600000
noise_b2	4	3	B2	spacemit	after	frequency_khz	/sys/devices/system/cpu/cpu3/cpufreq/scaling_cur_freq	1600000
noise_b2	4	3	B2	spacemit	after	frequency_khz	/sys/devices/system/cpu/cpu4/cpufreq/scaling_cur_freq	1600000
noise_b2	4	3	B2	spacemit	after	frequency_khz	/sys/devices/system/cpu/cpu5/cpufreq/scaling_cur_freq	1600000
noise_b2	4	3	B2	spacemit	after	frequency_khz	/sys/devices/system/cpu/cpu6/cpufreq/scaling_cur_freq	1600000
noise_b2	4	3	B2	spacemit	after	frequency_khz	/sys/devices/system/cpu/cpu7/cpufreq/scaling_cur_freq	1600000
noise_b2	4	3	B2	spacemit	after	temperature_millic	/sys/class/thermal/thermal_zone0/temp	58000
noise_b2	4	3	B2	spacemit	after	temperature_millic	/sys/class/thermal/thermal_zone1/temp	58000
noise_b2	4	3	B2	spacemit	after	temperature_millic	/sys/class/thermal/thermal_zone2/temp	59000
noise_b2	4	3	B2	spacemit	after	temperature_millic	/sys/class/thermal/thermal_zone3/temp	59000
noise_b2	5	0	B2	spacemit	before	governor	/sys/devices/system/cpu/cpu0/cpufreq/scaling_governor	performance
noise_b2	5	0	B2	spacemit	before	governor	/sys/devices/system/cpu/cpu1/cpufreq/scaling_governor	performance
noise_b2	5	0	B2	spacemit	before	governor	/sys/devices/system/cpu/cpu2/cpufreq/scaling_governor	performance
noise_b2	5	0	B2	spacemit	before	governor	/sys/devices/system/cpu/cpu3/cpufreq/scaling_governor	performance
noise_b2	5	0	B2	spacemit	before	governor	/sys/devices/system/cpu/cpu4/cpufreq/scaling_governor	performance
noise_b2	5	0	B2	spacemit	before	governor	/sys/devices/system/cpu/cpu5/cpufreq/scaling_governor	performance
noise_b2	5	0	B2	spacemit	before	governor	/sys/devices/system/cpu/cpu6/cpufreq/scaling_governor	performance
noise_b2	5	0	B2	spacemit	before	governor	/sys/devices/system/cpu/cpu7/cpufreq/scaling_governor	performance
noise_b2	5	0	B2	spacemit	before	frequency_khz	/sys/devices/system/cpu/cpu0/cpufreq/scaling_cur_freq	1600000
noise_b2	5	0	B2	spacemit	before	frequency_khz	/sys/devices/system/cpu/cpu1/cpufreq/scaling_cur_freq	1600000
noise_b2	5	0	B2	spacemit	before	frequency_khz	/sys/devices/system/cpu/cpu2/cpufreq/scaling_cur_freq	1600000
noise_b2	5	0	B2	spacemit	before	frequency_khz	/sys/devices/system/cpu/cpu3/cpufreq/scaling_cur_freq	1600000
noise_b2	5	0	B2	spacemit	before	frequency_khz	/sys/devices/system/cpu/cpu4/cpufreq/scaling_cur_freq	1600000
noise_b2	5	0	B2	spacemit	before	frequency_khz	/sys/devices/system/cpu/cpu5/cpufreq/scaling_cur_freq	1600000
noise_b2	5	0	B2	spacemit	before	frequency_khz	/sys/devices/system/cpu/cpu6/cpufreq/scaling_cur_freq	1600000
noise_b2	5	0	B2	spacemit	before	frequency_khz	/sys/devices/system/cpu/cpu7/cpufreq/scaling_cur_freq	1600000
noise_b2	5	0	B2	spacemit	before	temperature_millic	/sys/class/thermal/thermal_zone0/temp	58000
noise_b2	5	0	B2	spacemit	before	temperature_millic	/sys/class/thermal/thermal_zone1/temp	59000
noise_b2	5	0	B2	spacemit	before	temperature_millic	/sys/class/thermal/thermal_zone2/temp	59000
noise_b2	5	0	B2	spacemit	before	temperature_millic	/sys/class/thermal/thermal_zone3/temp	59000
noise_b2	5	0	B2	spacemit	after	governor	/sys/devices/system/cpu/cpu0/cpufreq/scaling_governor	performance
noise_b2	5	0	B2	spacemit	after	governor	/sys/devices/system/cpu/cpu1/cpufreq/scaling_governor	performance
noise_b2	5	0	B2	spacemit	after	governor	/sys/devices/system/cpu/cpu2/cpufreq/scaling_governor	performance
noise_b2	5	0	B2	spacemit	after	governor	/sys/devices/system/cpu/cpu3/cpufreq/scaling_governor	performance
noise_b2	5	0	B2	spacemit	after	governor	/sys/devices/system/cpu/cpu4/cpufreq/scaling_governor	performance
noise_b2	5	0	B2	spacemit	after	governor	/sys/devices/system/cpu/cpu5/cpufreq/scaling_governor	performance
noise_b2	5	0	B2	spacemit	after	governor	/sys/devices/system/cpu/cpu6/cpufreq/scaling_governor	performance
noise_b2	5	0	B2	spacemit	after	governor	/sys/devices/system/cpu/cpu7/cpufreq/scaling_governor	performance
noise_b2	5	0	B2	spacemit	after	frequency_khz	/sys/devices/system/cpu/cpu0/cpufreq/scaling_cur_freq	1600000
noise_b2	5	0	B2	spacemit	after	frequency_khz	/sys/devices/system/cpu/cpu1/cpufreq/scaling_cur_freq	1600000
noise_b2	5	0	B2	spacemit	after	frequency_khz	/sys/devices/system/cpu/cpu2/cpufreq/scaling_cur_freq	1600000
noise_b2	5	0	B2	spacemit	after	frequency_khz	/sys/devices/system/cpu/cpu3/cpufreq/scaling_cur_freq	1600000
noise_b2	5	0	B2	spacemit	after	frequency_khz	/sys/devices/system/cpu/cpu4/cpufreq/scaling_cur_freq	1600000
noise_b2	5	0	B2	spacemit	after	frequency_khz	/sys/devices/system/cpu/cpu5/cpufreq/scaling_cur_freq	1600000
noise_b2	5	0	B2	spacemit	after	frequency_khz	/sys/devices/system/cpu/cpu6/cpufreq/scaling_cur_freq	1600000
noise_b2	5	0	B2	spacemit	after	frequency_khz	/sys/devices/system/cpu/cpu7/cpufreq/scaling_cur_freq	1600000
noise_b2	5	0	B2	spacemit	after	temperature_millic	/sys/class/thermal/thermal_zone0/temp	59000
noise_b2	5	0	B2	spacemit	after	temperature_millic	/sys/class/thermal/thermal_zone1/temp	58000
noise_b2	5	0	B2	spacemit	after	temperature_millic	/sys/class/thermal/thermal_zone2/temp	59000
noise_b2	5	0	B2	spacemit	after	temperature_millic	/sys/class/thermal/thermal_zone3/temp	59000
noise_b2	5	1	B2	spacemit	before	governor	/sys/devices/system/cpu/cpu0/cpufreq/scaling_governor	performance
noise_b2	5	1	B2	spacemit	before	governor	/sys/devices/system/cpu/cpu1/cpufreq/scaling_governor	performance
noise_b2	5	1	B2	spacemit	before	governor	/sys/devices/system/cpu/cpu2/cpufreq/scaling_governor	performance
noise_b2	5	1	B2	spacemit	before	governor	/sys/devices/system/cpu/cpu3/cpufreq/scaling_governor	performance
noise_b2	5	1	B2	spacemit	before	governor	/sys/devices/system/cpu/cpu4/cpufreq/scaling_governor	performance
noise_b2	5	1	B2	spacemit	before	governor	/sys/devices/system/cpu/cpu5/cpufreq/scaling_governor	performance
noise_b2	5	1	B2	spacemit	before	governor	/sys/devices/system/cpu/cpu6/cpufreq/scaling_governor	performance
noise_b2	5	1	B2	spacemit	before	governor	/sys/devices/system/cpu/cpu7/cpufreq/scaling_governor	performance
noise_b2	5	1	B2	spacemit	before	frequency_khz	/sys/devices/system/cpu/cpu0/cpufreq/scaling_cur_freq	1600000
noise_b2	5	1	B2	spacemit	before	frequency_khz	/sys/devices/system/cpu/cpu1/cpufreq/scaling_cur_freq	1600000
noise_b2	5	1	B2	spacemit	before	frequency_khz	/sys/devices/system/cpu/cpu2/cpufreq/scaling_cur_freq	1600000
noise_b2	5	1	B2	spacemit	before	frequency_khz	/sys/devices/system/cpu/cpu3/cpufreq/scaling_cur_freq	1600000
noise_b2	5	1	B2	spacemit	before	frequency_khz	/sys/devices/system/cpu/cpu4/cpufreq/scaling_cur_freq	1600000
noise_b2	5	1	B2	spacemit	before	frequency_khz	/sys/devices/system/cpu/cpu5/cpufreq/scaling_cur_freq	1600000
noise_b2	5	1	B2	spacemit	before	frequency_khz	/sys/devices/system/cpu/cpu6/cpufreq/scaling_cur_freq	1600000
noise_b2	5	1	B2	spacemit	before	frequency_khz	/sys/devices/system/cpu/cpu7/cpufreq/scaling_cur_freq	1600000
noise_b2	5	1	B2	spacemit	before	temperature_millic	/sys/class/thermal/thermal_zone0/temp	58000
noise_b2	5	1	B2	spacemit	before	temperature_millic	/sys/class/thermal/thermal_zone1/temp	58000
noise_b2	5	1	B2	spacemit	before	temperature_millic	/sys/class/thermal/thermal_zone2/temp	59000
noise_b2	5	1	B2	spacemit	before	temperature_millic	/sys/class/thermal/thermal_zone3/temp	60000
noise_b2	5	1	B2	spacemit	after	governor	/sys/devices/system/cpu/cpu0/cpufreq/scaling_governor	performance
noise_b2	5	1	B2	spacemit	after	governor	/sys/devices/system/cpu/cpu1/cpufreq/scaling_governor	performance
noise_b2	5	1	B2	spacemit	after	governor	/sys/devices/system/cpu/cpu2/cpufreq/scaling_governor	performance
noise_b2	5	1	B2	spacemit	after	governor	/sys/devices/system/cpu/cpu3/cpufreq/scaling_governor	performance
noise_b2	5	1	B2	spacemit	after	governor	/sys/devices/system/cpu/cpu4/cpufreq/scaling_governor	performance
noise_b2	5	1	B2	spacemit	after	governor	/sys/devices/system/cpu/cpu5/cpufreq/scaling_governor	performance
noise_b2	5	1	B2	spacemit	after	governor	/sys/devices/system/cpu/cpu6/cpufreq/scaling_governor	performance
noise_b2	5	1	B2	spacemit	after	governor	/sys/devices/system/cpu/cpu7/cpufreq/scaling_governor	performance
noise_b2	5	1	B2	spacemit	after	frequency_khz	/sys/devices/system/cpu/cpu0/cpufreq/scaling_cur_freq	1600000
noise_b2	5	1	B2	spacemit	after	frequency_khz	/sys/devices/system/cpu/cpu1/cpufreq/scaling_cur_freq	1600000
noise_b2	5	1	B2	spacemit	after	frequency_khz	/sys/devices/system/cpu/cpu2/cpufreq/scaling_cur_freq	1600000
noise_b2	5	1	B2	spacemit	after	frequency_khz	/sys/devices/system/cpu/cpu3/cpufreq/scaling_cur_freq	1600000
noise_b2	5	1	B2	spacemit	after	frequency_khz	/sys/devices/system/cpu/cpu4/cpufreq/scaling_cur_freq	1600000
noise_b2	5	1	B2	spacemit	after	frequency_khz	/sys/devices/system/cpu/cpu5/cpufreq/scaling_cur_freq	1600000
noise_b2	5	1	B2	spacemit	after	frequency_khz	/sys/devices/system/cpu/cpu6/cpufreq/scaling_cur_freq	1600000
noise_b2	5	1	B2	spacemit	after	frequency_khz	/sys/devices/system/cpu/cpu7/cpufreq/scaling_cur_freq	1600000
noise_b2	5	1	B2	spacemit	after	temperature_millic	/sys/class/thermal/thermal_zone0/temp	60000
noise_b2	5	1	B2	spacemit	after	temperature_millic	/sys/class/thermal/thermal_zone1/temp	59000
noise_b2	5	1	B2	spacemit	after	temperature_millic	/sys/class/thermal/thermal_zone2/temp	60000
noise_b2	5	1	B2	spacemit	after	temperature_millic	/sys/class/thermal/thermal_zone3/temp	59000
noise_b2	5	2	B2	spacemit	before	governor	/sys/devices/system/cpu/cpu0/cpufreq/scaling_governor	performance
noise_b2	5	2	B2	spacemit	before	governor	/sys/devices/system/cpu/cpu1/cpufreq/scaling_governor	performance
noise_b2	5	2	B2	spacemit	before	governor	/sys/devices/system/cpu/cpu2/cpufreq/scaling_governor	performance
noise_b2	5	2	B2	spacemit	before	governor	/sys/devices/system/cpu/cpu3/cpufreq/scaling_governor	performance
noise_b2	5	2	B2	spacemit	before	governor	/sys/devices/system/cpu/cpu4/cpufreq/scaling_governor	performance
noise_b2	5	2	B2	spacemit	before	governor	/sys/devices/system/cpu/cpu5/cpufreq/scaling_governor	performance
noise_b2	5	2	B2	spacemit	before	governor	/sys/devices/system/cpu/cpu6/cpufreq/scaling_governor	performance
noise_b2	5	2	B2	spacemit	before	governor	/sys/devices/system/cpu/cpu7/cpufreq/scaling_governor	performance
noise_b2	5	2	B2	spacemit	before	frequency_khz	/sys/devices/system/cpu/cpu0/cpufreq/scaling_cur_freq	1600000
noise_b2	5	2	B2	spacemit	before	frequency_khz	/sys/devices/system/cpu/cpu1/cpufreq/scaling_cur_freq	1600000
noise_b2	5	2	B2	spacemit	before	frequency_khz	/sys/devices/system/cpu/cpu2/cpufreq/scaling_cur_freq	1600000
noise_b2	5	2	B2	spacemit	before	frequency_khz	/sys/devices/system/cpu/cpu3/cpufreq/scaling_cur_freq	1600000
noise_b2	5	2	B2	spacemit	before	frequency_khz	/sys/devices/system/cpu/cpu4/cpufreq/scaling_cur_freq	1600000
noise_b2	5	2	B2	spacemit	before	frequency_khz	/sys/devices/system/cpu/cpu5/cpufreq/scaling_cur_freq	1600000
noise_b2	5	2	B2	spacemit	before	frequency_khz	/sys/devices/system/cpu/cpu6/cpufreq/scaling_cur_freq	1600000
noise_b2	5	2	B2	spacemit	before	frequency_khz	/sys/devices/system/cpu/cpu7/cpufreq/scaling_cur_freq	1600000
noise_b2	5	2	B2	spacemit	before	temperature_millic	/sys/class/thermal/thermal_zone0/temp	58000
noise_b2	5	2	B2	spacemit	before	temperature_millic	/sys/class/thermal/thermal_zone1/temp	59000
noise_b2	5	2	B2	spacemit	before	temperature_millic	/sys/class/thermal/thermal_zone2/temp	60000
noise_b2	5	2	B2	spacemit	before	temperature_millic	/sys/class/thermal/thermal_zone3/temp	61000
noise_b2	5	2	B2	spacemit	after	governor	/sys/devices/system/cpu/cpu0/cpufreq/scaling_governor	performance
noise_b2	5	2	B2	spacemit	after	governor	/sys/devices/system/cpu/cpu1/cpufreq/scaling_governor	performance
noise_b2	5	2	B2	spacemit	after	governor	/sys/devices/system/cpu/cpu2/cpufreq/scaling_governor	performance
noise_b2	5	2	B2	spacemit	after	governor	/sys/devices/system/cpu/cpu3/cpufreq/scaling_governor	performance
noise_b2	5	2	B2	spacemit	after	governor	/sys/devices/system/cpu/cpu4/cpufreq/scaling_governor	performance
noise_b2	5	2	B2	spacemit	after	governor	/sys/devices/system/cpu/cpu5/cpufreq/scaling_governor	performance
noise_b2	5	2	B2	spacemit	after	governor	/sys/devices/system/cpu/cpu6/cpufreq/scaling_governor	performance
noise_b2	5	2	B2	spacemit	after	governor	/sys/devices/system/cpu/cpu7/cpufreq/scaling_governor	performance
noise_b2	5	2	B2	spacemit	after	frequency_khz	/sys/devices/system/cpu/cpu0/cpufreq/scaling_cur_freq	1600000
noise_b2	5	2	B2	spacemit	after	frequency_khz	/sys/devices/system/cpu/cpu1/cpufreq/scaling_cur_freq	1600000
noise_b2	5	2	B2	spacemit	after	frequency_khz	/sys/devices/system/cpu/cpu2/cpufreq/scaling_cur_freq	1600000
noise_b2	5	2	B2	spacemit	after	frequency_khz	/sys/devices/system/cpu/cpu3/cpufreq/scaling_cur_freq	1600000
noise_b2	5	2	B2	spacemit	after	frequency_khz	/sys/devices/system/cpu/cpu4/cpufreq/scaling_cur_freq	1600000
noise_b2	5	2	B2	spacemit	after	frequency_khz	/sys/devices/system/cpu/cpu5/cpufreq/scaling_cur_freq	1600000
noise_b2	5	2	B2	spacemit	after	frequency_khz	/sys/devices/system/cpu/cpu6/cpufreq/scaling_cur_freq	1600000
noise_b2	5	2	B2	spacemit	after	frequency_khz	/sys/devices/system/cpu/cpu7/cpufreq/scaling_cur_freq	1600000
noise_b2	5	2	B2	spacemit	after	temperature_millic	/sys/class/thermal/thermal_zone0/temp	59000
noise_b2	5	2	B2	spacemit	after	temperature_millic	/sys/class/thermal/thermal_zone1/temp	59000
noise_b2	5	2	B2	spacemit	after	temperature_millic	/sys/class/thermal/thermal_zone2/temp	60000
noise_b2	5	2	B2	spacemit	after	temperature_millic	/sys/class/thermal/thermal_zone3/temp	60000
noise_b2	5	3	B2	spacemit	before	governor	/sys/devices/system/cpu/cpu0/cpufreq/scaling_governor	performance
noise_b2	5	3	B2	spacemit	before	governor	/sys/devices/system/cpu/cpu1/cpufreq/scaling_governor	performance
noise_b2	5	3	B2	spacemit	before	governor	/sys/devices/system/cpu/cpu2/cpufreq/scaling_governor	performance
noise_b2	5	3	B2	spacemit	before	governor	/sys/devices/system/cpu/cpu3/cpufreq/scaling_governor	performance
noise_b2	5	3	B2	spacemit	before	governor	/sys/devices/system/cpu/cpu4/cpufreq/scaling_governor	performance
noise_b2	5	3	B2	spacemit	before	governor	/sys/devices/system/cpu/cpu5/cpufreq/scaling_governor	performance
noise_b2	5	3	B2	spacemit	before	governor	/sys/devices/system/cpu/cpu6/cpufreq/scaling_governor	performance
noise_b2	5	3	B2	spacemit	before	governor	/sys/devices/system/cpu/cpu7/cpufreq/scaling_governor	performance
noise_b2	5	3	B2	spacemit	before	frequency_khz	/sys/devices/system/cpu/cpu0/cpufreq/scaling_cur_freq	1600000
noise_b2	5	3	B2	spacemit	before	frequency_khz	/sys/devices/system/cpu/cpu1/cpufreq/scaling_cur_freq	1600000
noise_b2	5	3	B2	spacemit	before	frequency_khz	/sys/devices/system/cpu/cpu2/cpufreq/scaling_cur_freq	1600000
noise_b2	5	3	B2	spacemit	before	frequency_khz	/sys/devices/system/cpu/cpu3/cpufreq/scaling_cur_freq	1600000
noise_b2	5	3	B2	spacemit	before	frequency_khz	/sys/devices/system/cpu/cpu4/cpufreq/scaling_cur_freq	1600000
noise_b2	5	3	B2	spacemit	before	frequency_khz	/sys/devices/system/cpu/cpu5/cpufreq/scaling_cur_freq	1600000
noise_b2	5	3	B2	spacemit	before	frequency_khz	/sys/devices/system/cpu/cpu6/cpufreq/scaling_cur_freq	1600000
noise_b2	5	3	B2	spacemit	before	frequency_khz	/sys/devices/system/cpu/cpu7/cpufreq/scaling_cur_freq	1600000
noise_b2	5	3	B2	spacemit	before	temperature_millic	/sys/class/thermal/thermal_zone0/temp	59000
noise_b2	5	3	B2	spacemit	before	temperature_millic	/sys/class/thermal/thermal_zone1/temp	59000
noise_b2	5	3	B2	spacemit	before	temperature_millic	/sys/class/thermal/thermal_zone2/temp	59000
noise_b2	5	3	B2	spacemit	before	temperature_millic	/sys/class/thermal/thermal_zone3/temp	60000
noise_b2	5	3	B2	spacemit	after	governor	/sys/devices/system/cpu/cpu0/cpufreq/scaling_governor	performance
noise_b2	5	3	B2	spacemit	after	governor	/sys/devices/system/cpu/cpu1/cpufreq/scaling_governor	performance
noise_b2	5	3	B2	spacemit	after	governor	/sys/devices/system/cpu/cpu2/cpufreq/scaling_governor	performance
noise_b2	5	3	B2	spacemit	after	governor	/sys/devices/system/cpu/cpu3/cpufreq/scaling_governor	performance
noise_b2	5	3	B2	spacemit	after	governor	/sys/devices/system/cpu/cpu4/cpufreq/scaling_governor	performance
noise_b2	5	3	B2	spacemit	after	governor	/sys/devices/system/cpu/cpu5/cpufreq/scaling_governor	performance
noise_b2	5	3	B2	spacemit	after	governor	/sys/devices/system/cpu/cpu6/cpufreq/scaling_governor	performance
noise_b2	5	3	B2	spacemit	after	governor	/sys/devices/system/cpu/cpu7/cpufreq/scaling_governor	performance
noise_b2	5	3	B2	spacemit	after	frequency_khz	/sys/devices/system/cpu/cpu0/cpufreq/scaling_cur_freq	1600000
noise_b2	5	3	B2	spacemit	after	frequency_khz	/sys/devices/system/cpu/cpu1/cpufreq/scaling_cur_freq	1600000
noise_b2	5	3	B2	spacemit	after	frequency_khz	/sys/devices/system/cpu/cpu2/cpufreq/scaling_cur_freq	1600000
noise_b2	5	3	B2	spacemit	after	frequency_khz	/sys/devices/system/cpu/cpu3/cpufreq/scaling_cur_freq	1600000
noise_b2	5	3	B2	spacemit	after	frequency_khz	/sys/devices/system/cpu/cpu4/cpufreq/scaling_cur_freq	1600000
noise_b2	5	3	B2	spacemit	after	frequency_khz	/sys/devices/system/cpu/cpu5/cpufreq/scaling_cur_freq	1600000
noise_b2	5	3	B2	spacemit	after	frequency_khz	/sys/devices/system/cpu/cpu6/cpufreq/scaling_cur_freq	1600000
noise_b2	5	3	B2	spacemit	after	frequency_khz	/sys/devices/system/cpu/cpu7/cpufreq/scaling_cur_freq	1600000
noise_b2	5	3	B2	spacemit	after	temperature_millic	/sys/class/thermal/thermal_zone0/temp	59000
noise_b2	5	3	B2	spacemit	after	temperature_millic	/sys/class/thermal/thermal_zone1/temp	59000
noise_b2	5	3	B2	spacemit	after	temperature_millic	/sys/class/thermal/thermal_zone2/temp	60000
noise_b2	5	3	B2	spacemit	after	temperature_millic	/sys/class/thermal/thermal_zone3/temp	59000
noise_b2	6	0	B2	spacemit	before	governor	/sys/devices/system/cpu/cpu0/cpufreq/scaling_governor	performance
noise_b2	6	0	B2	spacemit	before	governor	/sys/devices/system/cpu/cpu1/cpufreq/scaling_governor	performance
noise_b2	6	0	B2	spacemit	before	governor	/sys/devices/system/cpu/cpu2/cpufreq/scaling_governor	performance
noise_b2	6	0	B2	spacemit	before	governor	/sys/devices/system/cpu/cpu3/cpufreq/scaling_governor	performance
noise_b2	6	0	B2	spacemit	before	governor	/sys/devices/system/cpu/cpu4/cpufreq/scaling_governor	performance
noise_b2	6	0	B2	spacemit	before	governor	/sys/devices/system/cpu/cpu5/cpufreq/scaling_governor	performance
noise_b2	6	0	B2	spacemit	before	governor	/sys/devices/system/cpu/cpu6/cpufreq/scaling_governor	performance
noise_b2	6	0	B2	spacemit	before	governor	/sys/devices/system/cpu/cpu7/cpufreq/scaling_governor	performance
noise_b2	6	0	B2	spacemit	before	frequency_khz	/sys/devices/system/cpu/cpu0/cpufreq/scaling_cur_freq	1600000
noise_b2	6	0	B2	spacemit	before	frequency_khz	/sys/devices/system/cpu/cpu1/cpufreq/scaling_cur_freq	1600000
noise_b2	6	0	B2	spacemit	before	frequency_khz	/sys/devices/system/cpu/cpu2/cpufreq/scaling_cur_freq	1600000
noise_b2	6	0	B2	spacemit	before	frequency_khz	/sys/devices/system/cpu/cpu3/cpufreq/scaling_cur_freq	1600000
noise_b2	6	0	B2	spacemit	before	frequency_khz	/sys/devices/system/cpu/cpu4/cpufreq/scaling_cur_freq	1600000
noise_b2	6	0	B2	spacemit	before	frequency_khz	/sys/devices/system/cpu/cpu5/cpufreq/scaling_cur_freq	1600000
noise_b2	6	0	B2	spacemit	before	frequency_khz	/sys/devices/system/cpu/cpu6/cpufreq/scaling_cur_freq	1600000
noise_b2	6	0	B2	spacemit	before	frequency_khz	/sys/devices/system/cpu/cpu7/cpufreq/scaling_cur_freq	1600000
noise_b2	6	0	B2	spacemit	before	temperature_millic	/sys/class/thermal/thermal_zone0/temp	59000
noise_b2	6	0	B2	spacemit	before	temperature_millic	/sys/class/thermal/thermal_zone1/temp	58000
noise_b2	6	0	B2	spacemit	before	temperature_millic	/sys/class/thermal/thermal_zone2/temp	59000
noise_b2	6	0	B2	spacemit	before	temperature_millic	/sys/class/thermal/thermal_zone3/temp	60000
noise_b2	6	0	B2	spacemit	after	governor	/sys/devices/system/cpu/cpu0/cpufreq/scaling_governor	performance
noise_b2	6	0	B2	spacemit	after	governor	/sys/devices/system/cpu/cpu1/cpufreq/scaling_governor	performance
noise_b2	6	0	B2	spacemit	after	governor	/sys/devices/system/cpu/cpu2/cpufreq/scaling_governor	performance
noise_b2	6	0	B2	spacemit	after	governor	/sys/devices/system/cpu/cpu3/cpufreq/scaling_governor	performance
noise_b2	6	0	B2	spacemit	after	governor	/sys/devices/system/cpu/cpu4/cpufreq/scaling_governor	performance
noise_b2	6	0	B2	spacemit	after	governor	/sys/devices/system/cpu/cpu5/cpufreq/scaling_governor	performance
noise_b2	6	0	B2	spacemit	after	governor	/sys/devices/system/cpu/cpu6/cpufreq/scaling_governor	performance
noise_b2	6	0	B2	spacemit	after	governor	/sys/devices/system/cpu/cpu7/cpufreq/scaling_governor	performance
noise_b2	6	0	B2	spacemit	after	frequency_khz	/sys/devices/system/cpu/cpu0/cpufreq/scaling_cur_freq	1600000
noise_b2	6	0	B2	spacemit	after	frequency_khz	/sys/devices/system/cpu/cpu1/cpufreq/scaling_cur_freq	1600000
noise_b2	6	0	B2	spacemit	after	frequency_khz	/sys/devices/system/cpu/cpu2/cpufreq/scaling_cur_freq	1600000
noise_b2	6	0	B2	spacemit	after	frequency_khz	/sys/devices/system/cpu/cpu3/cpufreq/scaling_cur_freq	1600000
noise_b2	6	0	B2	spacemit	after	frequency_khz	/sys/devices/system/cpu/cpu4/cpufreq/scaling_cur_freq	1600000
noise_b2	6	0	B2	spacemit	after	frequency_khz	/sys/devices/system/cpu/cpu5/cpufreq/scaling_cur_freq	1600000
noise_b2	6	0	B2	spacemit	after	frequency_khz	/sys/devices/system/cpu/cpu6/cpufreq/scaling_cur_freq	1600000
noise_b2	6	0	B2	spacemit	after	frequency_khz	/sys/devices/system/cpu/cpu7/cpufreq/scaling_cur_freq	1600000
noise_b2	6	0	B2	spacemit	after	temperature_millic	/sys/class/thermal/thermal_zone0/temp	59000
noise_b2	6	0	B2	spacemit	after	temperature_millic	/sys/class/thermal/thermal_zone1/temp	59000
noise_b2	6	0	B2	spacemit	after	temperature_millic	/sys/class/thermal/thermal_zone2/temp	60000
noise_b2	6	0	B2	spacemit	after	temperature_millic	/sys/class/thermal/thermal_zone3/temp	61000
noise_b2	6	1	B2	spacemit	before	governor	/sys/devices/system/cpu/cpu0/cpufreq/scaling_governor	performance
noise_b2	6	1	B2	spacemit	before	governor	/sys/devices/system/cpu/cpu1/cpufreq/scaling_governor	performance
noise_b2	6	1	B2	spacemit	before	governor	/sys/devices/system/cpu/cpu2/cpufreq/scaling_governor	performance
noise_b2	6	1	B2	spacemit	before	governor	/sys/devices/system/cpu/cpu3/cpufreq/scaling_governor	performance
noise_b2	6	1	B2	spacemit	before	governor	/sys/devices/system/cpu/cpu4/cpufreq/scaling_governor	performance
noise_b2	6	1	B2	spacemit	before	governor	/sys/devices/system/cpu/cpu5/cpufreq/scaling_governor	performance
noise_b2	6	1	B2	spacemit	before	governor	/sys/devices/system/cpu/cpu6/cpufreq/scaling_governor	performance
noise_b2	6	1	B2	spacemit	before	governor	/sys/devices/system/cpu/cpu7/cpufreq/scaling_governor	performance
noise_b2	6	1	B2	spacemit	before	frequency_khz	/sys/devices/system/cpu/cpu0/cpufreq/scaling_cur_freq	1600000
noise_b2	6	1	B2	spacemit	before	frequency_khz	/sys/devices/system/cpu/cpu1/cpufreq/scaling_cur_freq	1600000
noise_b2	6	1	B2	spacemit	before	frequency_khz	/sys/devices/system/cpu/cpu2/cpufreq/scaling_cur_freq	1600000
noise_b2	6	1	B2	spacemit	before	frequency_khz	/sys/devices/system/cpu/cpu3/cpufreq/scaling_cur_freq	1600000
noise_b2	6	1	B2	spacemit	before	frequency_khz	/sys/devices/system/cpu/cpu4/cpufreq/scaling_cur_freq	1600000
noise_b2	6	1	B2	spacemit	before	frequency_khz	/sys/devices/system/cpu/cpu5/cpufreq/scaling_cur_freq	1600000
noise_b2	6	1	B2	spacemit	before	frequency_khz	/sys/devices/system/cpu/cpu6/cpufreq/scaling_cur_freq	1600000
noise_b2	6	1	B2	spacemit	before	frequency_khz	/sys/devices/system/cpu/cpu7/cpufreq/scaling_cur_freq	1600000
noise_b2	6	1	B2	spacemit	before	temperature_millic	/sys/class/thermal/thermal_zone0/temp	59000
noise_b2	6	1	B2	spacemit	before	temperature_millic	/sys/class/thermal/thermal_zone1/temp	59000
noise_b2	6	1	B2	spacemit	before	temperature_millic	/sys/class/thermal/thermal_zone2/temp	61000
noise_b2	6	1	B2	spacemit	before	temperature_millic	/sys/class/thermal/thermal_zone3/temp	60000
noise_b2	6	1	B2	spacemit	after	governor	/sys/devices/system/cpu/cpu0/cpufreq/scaling_governor	performance
noise_b2	6	1	B2	spacemit	after	governor	/sys/devices/system/cpu/cpu1/cpufreq/scaling_governor	performance
noise_b2	6	1	B2	spacemit	after	governor	/sys/devices/system/cpu/cpu2/cpufreq/scaling_governor	performance
noise_b2	6	1	B2	spacemit	after	governor	/sys/devices/system/cpu/cpu3/cpufreq/scaling_governor	performance
noise_b2	6	1	B2	spacemit	after	governor	/sys/devices/system/cpu/cpu4/cpufreq/scaling_governor	performance
noise_b2	6	1	B2	spacemit	after	governor	/sys/devices/system/cpu/cpu5/cpufreq/scaling_governor	performance
noise_b2	6	1	B2	spacemit	after	governor	/sys/devices/system/cpu/cpu6/cpufreq/scaling_governor	performance
noise_b2	6	1	B2	spacemit	after	governor	/sys/devices/system/cpu/cpu7/cpufreq/scaling_governor	performance
noise_b2	6	1	B2	spacemit	after	frequency_khz	/sys/devices/system/cpu/cpu0/cpufreq/scaling_cur_freq	1600000
noise_b2	6	1	B2	spacemit	after	frequency_khz	/sys/devices/system/cpu/cpu1/cpufreq/scaling_cur_freq	1600000
noise_b2	6	1	B2	spacemit	after	frequency_khz	/sys/devices/system/cpu/cpu2/cpufreq/scaling_cur_freq	1600000
noise_b2	6	1	B2	spacemit	after	frequency_khz	/sys/devices/system/cpu/cpu3/cpufreq/scaling_cur_freq	1600000
noise_b2	6	1	B2	spacemit	after	frequency_khz	/sys/devices/system/cpu/cpu4/cpufreq/scaling_cur_freq	1600000
noise_b2	6	1	B2	spacemit	after	frequency_khz	/sys/devices/system/cpu/cpu5/cpufreq/scaling_cur_freq	1600000
noise_b2	6	1	B2	spacemit	after	frequency_khz	/sys/devices/system/cpu/cpu6/cpufreq/scaling_cur_freq	1600000
noise_b2	6	1	B2	spacemit	after	frequency_khz	/sys/devices/system/cpu/cpu7/cpufreq/scaling_cur_freq	1600000
noise_b2	6	1	B2	spacemit	after	temperature_millic	/sys/class/thermal/thermal_zone0/temp	59000
noise_b2	6	1	B2	spacemit	after	temperature_millic	/sys/class/thermal/thermal_zone1/temp	60000
noise_b2	6	1	B2	spacemit	after	temperature_millic	/sys/class/thermal/thermal_zone2/temp	61000
noise_b2	6	1	B2	spacemit	after	temperature_millic	/sys/class/thermal/thermal_zone3/temp	60000
noise_b2	6	2	B2	spacemit	before	governor	/sys/devices/system/cpu/cpu0/cpufreq/scaling_governor	performance
noise_b2	6	2	B2	spacemit	before	governor	/sys/devices/system/cpu/cpu1/cpufreq/scaling_governor	performance
noise_b2	6	2	B2	spacemit	before	governor	/sys/devices/system/cpu/cpu2/cpufreq/scaling_governor	performance
noise_b2	6	2	B2	spacemit	before	governor	/sys/devices/system/cpu/cpu3/cpufreq/scaling_governor	performance
noise_b2	6	2	B2	spacemit	before	governor	/sys/devices/system/cpu/cpu4/cpufreq/scaling_governor	performance
noise_b2	6	2	B2	spacemit	before	governor	/sys/devices/system/cpu/cpu5/cpufreq/scaling_governor	performance
noise_b2	6	2	B2	spacemit	before	governor	/sys/devices/system/cpu/cpu6/cpufreq/scaling_governor	performance
noise_b2	6	2	B2	spacemit	before	governor	/sys/devices/system/cpu/cpu7/cpufreq/scaling_governor	performance
noise_b2	6	2	B2	spacemit	before	frequency_khz	/sys/devices/system/cpu/cpu0/cpufreq/scaling_cur_freq	1600000
noise_b2	6	2	B2	spacemit	before	frequency_khz	/sys/devices/system/cpu/cpu1/cpufreq/scaling_cur_freq	1600000
noise_b2	6	2	B2	spacemit	before	frequency_khz	/sys/devices/system/cpu/cpu2/cpufreq/scaling_cur_freq	1600000
noise_b2	6	2	B2	spacemit	before	frequency_khz	/sys/devices/system/cpu/cpu3/cpufreq/scaling_cur_freq	1600000
noise_b2	6	2	B2	spacemit	before	frequency_khz	/sys/devices/system/cpu/cpu4/cpufreq/scaling_cur_freq	1600000
noise_b2	6	2	B2	spacemit	before	frequency_khz	/sys/devices/system/cpu/cpu5/cpufreq/scaling_cur_freq	1600000
noise_b2	6	2	B2	spacemit	before	frequency_khz	/sys/devices/system/cpu/cpu6/cpufreq/scaling_cur_freq	1600000
noise_b2	6	2	B2	spacemit	before	frequency_khz	/sys/devices/system/cpu/cpu7/cpufreq/scaling_cur_freq	1600000
noise_b2	6	2	B2	spacemit	before	temperature_millic	/sys/class/thermal/thermal_zone0/temp	59000
noise_b2	6	2	B2	spacemit	before	temperature_millic	/sys/class/thermal/thermal_zone1/temp	59000
noise_b2	6	2	B2	spacemit	before	temperature_millic	/sys/class/thermal/thermal_zone2/temp	59000
noise_b2	6	2	B2	spacemit	before	temperature_millic	/sys/class/thermal/thermal_zone3/temp	60000
noise_b2	6	2	B2	spacemit	after	governor	/sys/devices/system/cpu/cpu0/cpufreq/scaling_governor	performance
noise_b2	6	2	B2	spacemit	after	governor	/sys/devices/system/cpu/cpu1/cpufreq/scaling_governor	performance
noise_b2	6	2	B2	spacemit	after	governor	/sys/devices/system/cpu/cpu2/cpufreq/scaling_governor	performance
noise_b2	6	2	B2	spacemit	after	governor	/sys/devices/system/cpu/cpu3/cpufreq/scaling_governor	performance
noise_b2	6	2	B2	spacemit	after	governor	/sys/devices/system/cpu/cpu4/cpufreq/scaling_governor	performance
noise_b2	6	2	B2	spacemit	after	governor	/sys/devices/system/cpu/cpu5/cpufreq/scaling_governor	performance
noise_b2	6	2	B2	spacemit	after	governor	/sys/devices/system/cpu/cpu6/cpufreq/scaling_governor	performance
noise_b2	6	2	B2	spacemit	after	governor	/sys/devices/system/cpu/cpu7/cpufreq/scaling_governor	performance
noise_b2	6	2	B2	spacemit	after	frequency_khz	/sys/devices/system/cpu/cpu0/cpufreq/scaling_cur_freq	1600000
noise_b2	6	2	B2	spacemit	after	frequency_khz	/sys/devices/system/cpu/cpu1/cpufreq/scaling_cur_freq	1600000
noise_b2	6	2	B2	spacemit	after	frequency_khz	/sys/devices/system/cpu/cpu2/cpufreq/scaling_cur_freq	1600000
noise_b2	6	2	B2	spacemit	after	frequency_khz	/sys/devices/system/cpu/cpu3/cpufreq/scaling_cur_freq	1600000
noise_b2	6	2	B2	spacemit	after	frequency_khz	/sys/devices/system/cpu/cpu4/cpufreq/scaling_cur_freq	1600000
noise_b2	6	2	B2	spacemit	after	frequency_khz	/sys/devices/system/cpu/cpu5/cpufreq/scaling_cur_freq	1600000
noise_b2	6	2	B2	spacemit	after	frequency_khz	/sys/devices/system/cpu/cpu6/cpufreq/scaling_cur_freq	1600000
noise_b2	6	2	B2	spacemit	after	frequency_khz	/sys/devices/system/cpu/cpu7/cpufreq/scaling_cur_freq	1600000
noise_b2	6	2	B2	spacemit	after	temperature_millic	/sys/class/thermal/thermal_zone0/temp	59000
noise_b2	6	2	B2	spacemit	after	temperature_millic	/sys/class/thermal/thermal_zone1/temp	59000
noise_b2	6	2	B2	spacemit	after	temperature_millic	/sys/class/thermal/thermal_zone2/temp	61000
noise_b2	6	2	B2	spacemit	after	temperature_millic	/sys/class/thermal/thermal_zone3/temp	62000
noise_b2	6	3	B2	spacemit	before	governor	/sys/devices/system/cpu/cpu0/cpufreq/scaling_governor	performance
noise_b2	6	3	B2	spacemit	before	governor	/sys/devices/system/cpu/cpu1/cpufreq/scaling_governor	performance
noise_b2	6	3	B2	spacemit	before	governor	/sys/devices/system/cpu/cpu2/cpufreq/scaling_governor	performance
noise_b2	6	3	B2	spacemit	before	governor	/sys/devices/system/cpu/cpu3/cpufreq/scaling_governor	performance
noise_b2	6	3	B2	spacemit	before	governor	/sys/devices/system/cpu/cpu4/cpufreq/scaling_governor	performance
noise_b2	6	3	B2	spacemit	before	governor	/sys/devices/system/cpu/cpu5/cpufreq/scaling_governor	performance
noise_b2	6	3	B2	spacemit	before	governor	/sys/devices/system/cpu/cpu6/cpufreq/scaling_governor	performance
noise_b2	6	3	B2	spacemit	before	governor	/sys/devices/system/cpu/cpu7/cpufreq/scaling_governor	performance
noise_b2	6	3	B2	spacemit	before	frequency_khz	/sys/devices/system/cpu/cpu0/cpufreq/scaling_cur_freq	1600000
noise_b2	6	3	B2	spacemit	before	frequency_khz	/sys/devices/system/cpu/cpu1/cpufreq/scaling_cur_freq	1600000
noise_b2	6	3	B2	spacemit	before	frequency_khz	/sys/devices/system/cpu/cpu2/cpufreq/scaling_cur_freq	1600000
noise_b2	6	3	B2	spacemit	before	frequency_khz	/sys/devices/system/cpu/cpu3/cpufreq/scaling_cur_freq	1600000
noise_b2	6	3	B2	spacemit	before	frequency_khz	/sys/devices/system/cpu/cpu4/cpufreq/scaling_cur_freq	1600000
noise_b2	6	3	B2	spacemit	before	frequency_khz	/sys/devices/system/cpu/cpu5/cpufreq/scaling_cur_freq	1600000
noise_b2	6	3	B2	spacemit	before	frequency_khz	/sys/devices/system/cpu/cpu6/cpufreq/scaling_cur_freq	1600000
noise_b2	6	3	B2	spacemit	before	frequency_khz	/sys/devices/system/cpu/cpu7/cpufreq/scaling_cur_freq	1600000
noise_b2	6	3	B2	spacemit	before	temperature_millic	/sys/class/thermal/thermal_zone0/temp	58000
noise_b2	6	3	B2	spacemit	before	temperature_millic	/sys/class/thermal/thermal_zone1/temp	60000
noise_b2	6	3	B2	spacemit	before	temperature_millic	/sys/class/thermal/thermal_zone2/temp	61000
noise_b2	6	3	B2	spacemit	before	temperature_millic	/sys/class/thermal/thermal_zone3/temp	60000
noise_b2	6	3	B2	spacemit	after	governor	/sys/devices/system/cpu/cpu0/cpufreq/scaling_governor	performance
noise_b2	6	3	B2	spacemit	after	governor	/sys/devices/system/cpu/cpu1/cpufreq/scaling_governor	performance
noise_b2	6	3	B2	spacemit	after	governor	/sys/devices/system/cpu/cpu2/cpufreq/scaling_governor	performance
noise_b2	6	3	B2	spacemit	after	governor	/sys/devices/system/cpu/cpu3/cpufreq/scaling_governor	performance
noise_b2	6	3	B2	spacemit	after	governor	/sys/devices/system/cpu/cpu4/cpufreq/scaling_governor	performance
noise_b2	6	3	B2	spacemit	after	governor	/sys/devices/system/cpu/cpu5/cpufreq/scaling_governor	performance
noise_b2	6	3	B2	spacemit	after	governor	/sys/devices/system/cpu/cpu6/cpufreq/scaling_governor	performance
noise_b2	6	3	B2	spacemit	after	governor	/sys/devices/system/cpu/cpu7/cpufreq/scaling_governor	performance
noise_b2	6	3	B2	spacemit	after	frequency_khz	/sys/devices/system/cpu/cpu0/cpufreq/scaling_cur_freq	1600000
noise_b2	6	3	B2	spacemit	after	frequency_khz	/sys/devices/system/cpu/cpu1/cpufreq/scaling_cur_freq	1600000
noise_b2	6	3	B2	spacemit	after	frequency_khz	/sys/devices/system/cpu/cpu2/cpufreq/scaling_cur_freq	1600000
noise_b2	6	3	B2	spacemit	after	frequency_khz	/sys/devices/system/cpu/cpu3/cpufreq/scaling_cur_freq	1600000
noise_b2	6	3	B2	spacemit	after	frequency_khz	/sys/devices/system/cpu/cpu4/cpufreq/scaling_cur_freq	1600000
noise_b2	6	3	B2	spacemit	after	frequency_khz	/sys/devices/system/cpu/cpu5/cpufreq/scaling_cur_freq	1600000
noise_b2	6	3	B2	spacemit	after	frequency_khz	/sys/devices/system/cpu/cpu6/cpufreq/scaling_cur_freq	1600000
noise_b2	6	3	B2	spacemit	after	frequency_khz	/sys/devices/system/cpu/cpu7/cpufreq/scaling_cur_freq	1600000
noise_b2	6	3	B2	spacemit	after	temperature_millic	/sys/class/thermal/thermal_zone0/temp	59000
noise_b2	6	3	B2	spacemit	after	temperature_millic	/sys/class/thermal/thermal_zone1/temp	59000
noise_b2	6	3	B2	spacemit	after	temperature_millic	/sys/class/thermal/thermal_zone2/temp	61000
noise_b2	6	3	B2	spacemit	after	temperature_millic	/sys/class/thermal/thermal_zone3/temp	61000
noise_b2	7	0	B2	spacemit	before	governor	/sys/devices/system/cpu/cpu0/cpufreq/scaling_governor	performance
noise_b2	7	0	B2	spacemit	before	governor	/sys/devices/system/cpu/cpu1/cpufreq/scaling_governor	performance
noise_b2	7	0	B2	spacemit	before	governor	/sys/devices/system/cpu/cpu2/cpufreq/scaling_governor	performance
noise_b2	7	0	B2	spacemit	before	governor	/sys/devices/system/cpu/cpu3/cpufreq/scaling_governor	performance
noise_b2	7	0	B2	spacemit	before	governor	/sys/devices/system/cpu/cpu4/cpufreq/scaling_governor	performance
noise_b2	7	0	B2	spacemit	before	governor	/sys/devices/system/cpu/cpu5/cpufreq/scaling_governor	performance
noise_b2	7	0	B2	spacemit	before	governor	/sys/devices/system/cpu/cpu6/cpufreq/scaling_governor	performance
noise_b2	7	0	B2	spacemit	before	governor	/sys/devices/system/cpu/cpu7/cpufreq/scaling_governor	performance
noise_b2	7	0	B2	spacemit	before	frequency_khz	/sys/devices/system/cpu/cpu0/cpufreq/scaling_cur_freq	1600000
noise_b2	7	0	B2	spacemit	before	frequency_khz	/sys/devices/system/cpu/cpu1/cpufreq/scaling_cur_freq	1600000
noise_b2	7	0	B2	spacemit	before	frequency_khz	/sys/devices/system/cpu/cpu2/cpufreq/scaling_cur_freq	1600000
noise_b2	7	0	B2	spacemit	before	frequency_khz	/sys/devices/system/cpu/cpu3/cpufreq/scaling_cur_freq	1600000
noise_b2	7	0	B2	spacemit	before	frequency_khz	/sys/devices/system/cpu/cpu4/cpufreq/scaling_cur_freq	1600000
noise_b2	7	0	B2	spacemit	before	frequency_khz	/sys/devices/system/cpu/cpu5/cpufreq/scaling_cur_freq	1600000
noise_b2	7	0	B2	spacemit	before	frequency_khz	/sys/devices/system/cpu/cpu6/cpufreq/scaling_cur_freq	1600000
noise_b2	7	0	B2	spacemit	before	frequency_khz	/sys/devices/system/cpu/cpu7/cpufreq/scaling_cur_freq	1600000
noise_b2	7	0	B2	spacemit	before	temperature_millic	/sys/class/thermal/thermal_zone0/temp	59000
noise_b2	7	0	B2	spacemit	before	temperature_millic	/sys/class/thermal/thermal_zone1/temp	58000
noise_b2	7	0	B2	spacemit	before	temperature_millic	/sys/class/thermal/thermal_zone2/temp	60000
noise_b2	7	0	B2	spacemit	before	temperature_millic	/sys/class/thermal/thermal_zone3/temp	60000
noise_b2	7	0	B2	spacemit	after	governor	/sys/devices/system/cpu/cpu0/cpufreq/scaling_governor	performance
noise_b2	7	0	B2	spacemit	after	governor	/sys/devices/system/cpu/cpu1/cpufreq/scaling_governor	performance
noise_b2	7	0	B2	spacemit	after	governor	/sys/devices/system/cpu/cpu2/cpufreq/scaling_governor	performance
noise_b2	7	0	B2	spacemit	after	governor	/sys/devices/system/cpu/cpu3/cpufreq/scaling_governor	performance
noise_b2	7	0	B2	spacemit	after	governor	/sys/devices/system/cpu/cpu4/cpufreq/scaling_governor	performance
noise_b2	7	0	B2	spacemit	after	governor	/sys/devices/system/cpu/cpu5/cpufreq/scaling_governor	performance
noise_b2	7	0	B2	spacemit	after	governor	/sys/devices/system/cpu/cpu6/cpufreq/scaling_governor	performance
noise_b2	7	0	B2	spacemit	after	governor	/sys/devices/system/cpu/cpu7/cpufreq/scaling_governor	performance
noise_b2	7	0	B2	spacemit	after	frequency_khz	/sys/devices/system/cpu/cpu0/cpufreq/scaling_cur_freq	1600000
noise_b2	7	0	B2	spacemit	after	frequency_khz	/sys/devices/system/cpu/cpu1/cpufreq/scaling_cur_freq	1600000
noise_b2	7	0	B2	spacemit	after	frequency_khz	/sys/devices/system/cpu/cpu2/cpufreq/scaling_cur_freq	1600000
noise_b2	7	0	B2	spacemit	after	frequency_khz	/sys/devices/system/cpu/cpu3/cpufreq/scaling_cur_freq	1600000
noise_b2	7	0	B2	spacemit	after	frequency_khz	/sys/devices/system/cpu/cpu4/cpufreq/scaling_cur_freq	1600000
noise_b2	7	0	B2	spacemit	after	frequency_khz	/sys/devices/system/cpu/cpu5/cpufreq/scaling_cur_freq	1600000
noise_b2	7	0	B2	spacemit	after	frequency_khz	/sys/devices/system/cpu/cpu6/cpufreq/scaling_cur_freq	1600000
noise_b2	7	0	B2	spacemit	after	frequency_khz	/sys/devices/system/cpu/cpu7/cpufreq/scaling_cur_freq	1600000
noise_b2	7	0	B2	spacemit	after	temperature_millic	/sys/class/thermal/thermal_zone0/temp	59000
noise_b2	7	0	B2	spacemit	after	temperature_millic	/sys/class/thermal/thermal_zone1/temp	60000
noise_b2	7	0	B2	spacemit	after	temperature_millic	/sys/class/thermal/thermal_zone2/temp	60000
noise_b2	7	0	B2	spacemit	after	temperature_millic	/sys/class/thermal/thermal_zone3/temp	61000
noise_b2	7	1	B2	spacemit	before	governor	/sys/devices/system/cpu/cpu0/cpufreq/scaling_governor	performance
noise_b2	7	1	B2	spacemit	before	governor	/sys/devices/system/cpu/cpu1/cpufreq/scaling_governor	performance
noise_b2	7	1	B2	spacemit	before	governor	/sys/devices/system/cpu/cpu2/cpufreq/scaling_governor	performance
noise_b2	7	1	B2	spacemit	before	governor	/sys/devices/system/cpu/cpu3/cpufreq/scaling_governor	performance
noise_b2	7	1	B2	spacemit	before	governor	/sys/devices/system/cpu/cpu4/cpufreq/scaling_governor	performance
noise_b2	7	1	B2	spacemit	before	governor	/sys/devices/system/cpu/cpu5/cpufreq/scaling_governor	performance
noise_b2	7	1	B2	spacemit	before	governor	/sys/devices/system/cpu/cpu6/cpufreq/scaling_governor	performance
noise_b2	7	1	B2	spacemit	before	governor	/sys/devices/system/cpu/cpu7/cpufreq/scaling_governor	performance
noise_b2	7	1	B2	spacemit	before	frequency_khz	/sys/devices/system/cpu/cpu0/cpufreq/scaling_cur_freq	1600000
noise_b2	7	1	B2	spacemit	before	frequency_khz	/sys/devices/system/cpu/cpu1/cpufreq/scaling_cur_freq	1600000
noise_b2	7	1	B2	spacemit	before	frequency_khz	/sys/devices/system/cpu/cpu2/cpufreq/scaling_cur_freq	1600000
noise_b2	7	1	B2	spacemit	before	frequency_khz	/sys/devices/system/cpu/cpu3/cpufreq/scaling_cur_freq	1600000
noise_b2	7	1	B2	spacemit	before	frequency_khz	/sys/devices/system/cpu/cpu4/cpufreq/scaling_cur_freq	1600000
noise_b2	7	1	B2	spacemit	before	frequency_khz	/sys/devices/system/cpu/cpu5/cpufreq/scaling_cur_freq	1600000
noise_b2	7	1	B2	spacemit	before	frequency_khz	/sys/devices/system/cpu/cpu6/cpufreq/scaling_cur_freq	1600000
noise_b2	7	1	B2	spacemit	before	frequency_khz	/sys/devices/system/cpu/cpu7/cpufreq/scaling_cur_freq	1600000
noise_b2	7	1	B2	spacemit	before	temperature_millic	/sys/class/thermal/thermal_zone0/temp	59000
noise_b2	7	1	B2	spacemit	before	temperature_millic	/sys/class/thermal/thermal_zone1/temp	58000
noise_b2	7	1	B2	spacemit	before	temperature_millic	/sys/class/thermal/thermal_zone2/temp	60000
noise_b2	7	1	B2	spacemit	before	temperature_millic	/sys/class/thermal/thermal_zone3/temp	60000
noise_b2	7	1	B2	spacemit	after	governor	/sys/devices/system/cpu/cpu0/cpufreq/scaling_governor	performance
noise_b2	7	1	B2	spacemit	after	governor	/sys/devices/system/cpu/cpu1/cpufreq/scaling_governor	performance
noise_b2	7	1	B2	spacemit	after	governor	/sys/devices/system/cpu/cpu2/cpufreq/scaling_governor	performance
noise_b2	7	1	B2	spacemit	after	governor	/sys/devices/system/cpu/cpu3/cpufreq/scaling_governor	performance
noise_b2	7	1	B2	spacemit	after	governor	/sys/devices/system/cpu/cpu4/cpufreq/scaling_governor	performance
noise_b2	7	1	B2	spacemit	after	governor	/sys/devices/system/cpu/cpu5/cpufreq/scaling_governor	performance
noise_b2	7	1	B2	spacemit	after	governor	/sys/devices/system/cpu/cpu6/cpufreq/scaling_governor	performance
noise_b2	7	1	B2	spacemit	after	governor	/sys/devices/system/cpu/cpu7/cpufreq/scaling_governor	performance
noise_b2	7	1	B2	spacemit	after	frequency_khz	/sys/devices/system/cpu/cpu0/cpufreq/scaling_cur_freq	1600000
noise_b2	7	1	B2	spacemit	after	frequency_khz	/sys/devices/system/cpu/cpu1/cpufreq/scaling_cur_freq	1600000
noise_b2	7	1	B2	spacemit	after	frequency_khz	/sys/devices/system/cpu/cpu2/cpufreq/scaling_cur_freq	1600000
noise_b2	7	1	B2	spacemit	after	frequency_khz	/sys/devices/system/cpu/cpu3/cpufreq/scaling_cur_freq	1600000
noise_b2	7	1	B2	spacemit	after	frequency_khz	/sys/devices/system/cpu/cpu4/cpufreq/scaling_cur_freq	1600000
noise_b2	7	1	B2	spacemit	after	frequency_khz	/sys/devices/system/cpu/cpu5/cpufreq/scaling_cur_freq	1600000
noise_b2	7	1	B2	spacemit	after	frequency_khz	/sys/devices/system/cpu/cpu6/cpufreq/scaling_cur_freq	1600000
noise_b2	7	1	B2	spacemit	after	frequency_khz	/sys/devices/system/cpu/cpu7/cpufreq/scaling_cur_freq	1600000
noise_b2	7	1	B2	spacemit	after	temperature_millic	/sys/class/thermal/thermal_zone0/temp	58000
noise_b2	7	1	B2	spacemit	after	temperature_millic	/sys/class/thermal/thermal_zone1/temp	59000
noise_b2	7	1	B2	spacemit	after	temperature_millic	/sys/class/thermal/thermal_zone2/temp	60000
noise_b2	7	1	B2	spacemit	after	temperature_millic	/sys/class/thermal/thermal_zone3/temp	60000
noise_b2	7	2	B2	spacemit	before	governor	/sys/devices/system/cpu/cpu0/cpufreq/scaling_governor	performance
noise_b2	7	2	B2	spacemit	before	governor	/sys/devices/system/cpu/cpu1/cpufreq/scaling_governor	performance
noise_b2	7	2	B2	spacemit	before	governor	/sys/devices/system/cpu/cpu2/cpufreq/scaling_governor	performance
noise_b2	7	2	B2	spacemit	before	governor	/sys/devices/system/cpu/cpu3/cpufreq/scaling_governor	performance
noise_b2	7	2	B2	spacemit	before	governor	/sys/devices/system/cpu/cpu4/cpufreq/scaling_governor	performance
noise_b2	7	2	B2	spacemit	before	governor	/sys/devices/system/cpu/cpu5/cpufreq/scaling_governor	performance
noise_b2	7	2	B2	spacemit	before	governor	/sys/devices/system/cpu/cpu6/cpufreq/scaling_governor	performance
noise_b2	7	2	B2	spacemit	before	governor	/sys/devices/system/cpu/cpu7/cpufreq/scaling_governor	performance
noise_b2	7	2	B2	spacemit	before	frequency_khz	/sys/devices/system/cpu/cpu0/cpufreq/scaling_cur_freq	1600000
noise_b2	7	2	B2	spacemit	before	frequency_khz	/sys/devices/system/cpu/cpu1/cpufreq/scaling_cur_freq	1600000
noise_b2	7	2	B2	spacemit	before	frequency_khz	/sys/devices/system/cpu/cpu2/cpufreq/scaling_cur_freq	1600000
noise_b2	7	2	B2	spacemit	before	frequency_khz	/sys/devices/system/cpu/cpu3/cpufreq/scaling_cur_freq	1600000
noise_b2	7	2	B2	spacemit	before	frequency_khz	/sys/devices/system/cpu/cpu4/cpufreq/scaling_cur_freq	1600000
noise_b2	7	2	B2	spacemit	before	frequency_khz	/sys/devices/system/cpu/cpu5/cpufreq/scaling_cur_freq	1600000
noise_b2	7	2	B2	spacemit	before	frequency_khz	/sys/devices/system/cpu/cpu6/cpufreq/scaling_cur_freq	1600000
noise_b2	7	2	B2	spacemit	before	frequency_khz	/sys/devices/system/cpu/cpu7/cpufreq/scaling_cur_freq	1600000
noise_b2	7	2	B2	spacemit	before	temperature_millic	/sys/class/thermal/thermal_zone0/temp	58000
noise_b2	7	2	B2	spacemit	before	temperature_millic	/sys/class/thermal/thermal_zone1/temp	58000
noise_b2	7	2	B2	spacemit	before	temperature_millic	/sys/class/thermal/thermal_zone2/temp	60000
noise_b2	7	2	B2	spacemit	before	temperature_millic	/sys/class/thermal/thermal_zone3/temp	60000
noise_b2	7	2	B2	spacemit	after	governor	/sys/devices/system/cpu/cpu0/cpufreq/scaling_governor	performance
noise_b2	7	2	B2	spacemit	after	governor	/sys/devices/system/cpu/cpu1/cpufreq/scaling_governor	performance
noise_b2	7	2	B2	spacemit	after	governor	/sys/devices/system/cpu/cpu2/cpufreq/scaling_governor	performance
noise_b2	7	2	B2	spacemit	after	governor	/sys/devices/system/cpu/cpu3/cpufreq/scaling_governor	performance
noise_b2	7	2	B2	spacemit	after	governor	/sys/devices/system/cpu/cpu4/cpufreq/scaling_governor	performance
noise_b2	7	2	B2	spacemit	after	governor	/sys/devices/system/cpu/cpu5/cpufreq/scaling_governor	performance
noise_b2	7	2	B2	spacemit	after	governor	/sys/devices/system/cpu/cpu6/cpufreq/scaling_governor	performance
noise_b2	7	2	B2	spacemit	after	governor	/sys/devices/system/cpu/cpu7/cpufreq/scaling_governor	performance
noise_b2	7	2	B2	spacemit	after	frequency_khz	/sys/devices/system/cpu/cpu0/cpufreq/scaling_cur_freq	1600000
noise_b2	7	2	B2	spacemit	after	frequency_khz	/sys/devices/system/cpu/cpu1/cpufreq/scaling_cur_freq	1600000
noise_b2	7	2	B2	spacemit	after	frequency_khz	/sys/devices/system/cpu/cpu2/cpufreq/scaling_cur_freq	1600000
noise_b2	7	2	B2	spacemit	after	frequency_khz	/sys/devices/system/cpu/cpu3/cpufreq/scaling_cur_freq	1600000
noise_b2	7	2	B2	spacemit	after	frequency_khz	/sys/devices/system/cpu/cpu4/cpufreq/scaling_cur_freq	1600000
noise_b2	7	2	B2	spacemit	after	frequency_khz	/sys/devices/system/cpu/cpu5/cpufreq/scaling_cur_freq	1600000
noise_b2	7	2	B2	spacemit	after	frequency_khz	/sys/devices/system/cpu/cpu6/cpufreq/scaling_cur_freq	1600000
noise_b2	7	2	B2	spacemit	after	frequency_khz	/sys/devices/system/cpu/cpu7/cpufreq/scaling_cur_freq	1600000
noise_b2	7	2	B2	spacemit	after	temperature_millic	/sys/class/thermal/thermal_zone0/temp	58000
noise_b2	7	2	B2	spacemit	after	temperature_millic	/sys/class/thermal/thermal_zone1/temp	58000
noise_b2	7	2	B2	spacemit	after	temperature_millic	/sys/class/thermal/thermal_zone2/temp	60000
noise_b2	7	2	B2	spacemit	after	temperature_millic	/sys/class/thermal/thermal_zone3/temp	61000
noise_b2	7	3	B2	spacemit	before	governor	/sys/devices/system/cpu/cpu0/cpufreq/scaling_governor	performance
noise_b2	7	3	B2	spacemit	before	governor	/sys/devices/system/cpu/cpu1/cpufreq/scaling_governor	performance
noise_b2	7	3	B2	spacemit	before	governor	/sys/devices/system/cpu/cpu2/cpufreq/scaling_governor	performance
noise_b2	7	3	B2	spacemit	before	governor	/sys/devices/system/cpu/cpu3/cpufreq/scaling_governor	performance
noise_b2	7	3	B2	spacemit	before	governor	/sys/devices/system/cpu/cpu4/cpufreq/scaling_governor	performance
noise_b2	7	3	B2	spacemit	before	governor	/sys/devices/system/cpu/cpu5/cpufreq/scaling_governor	performance
noise_b2	7	3	B2	spacemit	before	governor	/sys/devices/system/cpu/cpu6/cpufreq/scaling_governor	performance
noise_b2	7	3	B2	spacemit	before	governor	/sys/devices/system/cpu/cpu7/cpufreq/scaling_governor	performance
noise_b2	7	3	B2	spacemit	before	frequency_khz	/sys/devices/system/cpu/cpu0/cpufreq/scaling_cur_freq	1600000
noise_b2	7	3	B2	spacemit	before	frequency_khz	/sys/devices/system/cpu/cpu1/cpufreq/scaling_cur_freq	1600000
noise_b2	7	3	B2	spacemit	before	frequency_khz	/sys/devices/system/cpu/cpu2/cpufreq/scaling_cur_freq	1600000
noise_b2	7	3	B2	spacemit	before	frequency_khz	/sys/devices/system/cpu/cpu3/cpufreq/scaling_cur_freq	1600000
noise_b2	7	3	B2	spacemit	before	frequency_khz	/sys/devices/system/cpu/cpu4/cpufreq/scaling_cur_freq	1600000
noise_b2	7	3	B2	spacemit	before	frequency_khz	/sys/devices/system/cpu/cpu5/cpufreq/scaling_cur_freq	1600000
noise_b2	7	3	B2	spacemit	before	frequency_khz	/sys/devices/system/cpu/cpu6/cpufreq/scaling_cur_freq	1600000
noise_b2	7	3	B2	spacemit	before	frequency_khz	/sys/devices/system/cpu/cpu7/cpufreq/scaling_cur_freq	1600000
noise_b2	7	3	B2	spacemit	before	temperature_millic	/sys/class/thermal/thermal_zone0/temp	59000
noise_b2	7	3	B2	spacemit	before	temperature_millic	/sys/class/thermal/thermal_zone1/temp	58000
noise_b2	7	3	B2	spacemit	before	temperature_millic	/sys/class/thermal/thermal_zone2/temp	60000
noise_b2	7	3	B2	spacemit	before	temperature_millic	/sys/class/thermal/thermal_zone3/temp	61000
noise_b2	7	3	B2	spacemit	after	governor	/sys/devices/system/cpu/cpu0/cpufreq/scaling_governor	performance
noise_b2	7	3	B2	spacemit	after	governor	/sys/devices/system/cpu/cpu1/cpufreq/scaling_governor	performance
noise_b2	7	3	B2	spacemit	after	governor	/sys/devices/system/cpu/cpu2/cpufreq/scaling_governor	performance
noise_b2	7	3	B2	spacemit	after	governor	/sys/devices/system/cpu/cpu3/cpufreq/scaling_governor	performance
noise_b2	7	3	B2	spacemit	after	governor	/sys/devices/system/cpu/cpu4/cpufreq/scaling_governor	performance
noise_b2	7	3	B2	spacemit	after	governor	/sys/devices/system/cpu/cpu5/cpufreq/scaling_governor	performance
noise_b2	7	3	B2	spacemit	after	governor	/sys/devices/system/cpu/cpu6/cpufreq/scaling_governor	performance
noise_b2	7	3	B2	spacemit	after	governor	/sys/devices/system/cpu/cpu7/cpufreq/scaling_governor	performance
noise_b2	7	3	B2	spacemit	after	frequency_khz	/sys/devices/system/cpu/cpu0/cpufreq/scaling_cur_freq	1600000
noise_b2	7	3	B2	spacemit	after	frequency_khz	/sys/devices/system/cpu/cpu1/cpufreq/scaling_cur_freq	1600000
noise_b2	7	3	B2	spacemit	after	frequency_khz	/sys/devices/system/cpu/cpu2/cpufreq/scaling_cur_freq	1600000
noise_b2	7	3	B2	spacemit	after	frequency_khz	/sys/devices/system/cpu/cpu3/cpufreq/scaling_cur_freq	1600000
noise_b2	7	3	B2	spacemit	after	frequency_khz	/sys/devices/system/cpu/cpu4/cpufreq/scaling_cur_freq	1600000
noise_b2	7	3	B2	spacemit	after	frequency_khz	/sys/devices/system/cpu/cpu5/cpufreq/scaling_cur_freq	1600000
noise_b2	7	3	B2	spacemit	after	frequency_khz	/sys/devices/system/cpu/cpu6/cpufreq/scaling_cur_freq	1600000
noise_b2	7	3	B2	spacemit	after	frequency_khz	/sys/devices/system/cpu/cpu7/cpufreq/scaling_cur_freq	1600000
noise_b2	7	3	B2	spacemit	after	temperature_millic	/sys/class/thermal/thermal_zone0/temp	60000
noise_b2	7	3	B2	spacemit	after	temperature_millic	/sys/class/thermal/thermal_zone1/temp	59000
noise_b2	7	3	B2	spacemit	after	temperature_millic	/sys/class/thermal/thermal_zone2/temp	59000
noise_b2	7	3	B2	spacemit	after	temperature_millic	/sys/class/thermal/thermal_zone3/temp	61000
noise_c2	0	0	C2	spacemit	before	governor	/sys/devices/system/cpu/cpu0/cpufreq/scaling_governor	performance
noise_c2	0	0	C2	spacemit	before	governor	/sys/devices/system/cpu/cpu1/cpufreq/scaling_governor	performance
noise_c2	0	0	C2	spacemit	before	governor	/sys/devices/system/cpu/cpu2/cpufreq/scaling_governor	performance
noise_c2	0	0	C2	spacemit	before	governor	/sys/devices/system/cpu/cpu3/cpufreq/scaling_governor	performance
noise_c2	0	0	C2	spacemit	before	governor	/sys/devices/system/cpu/cpu4/cpufreq/scaling_governor	performance
noise_c2	0	0	C2	spacemit	before	governor	/sys/devices/system/cpu/cpu5/cpufreq/scaling_governor	performance
noise_c2	0	0	C2	spacemit	before	governor	/sys/devices/system/cpu/cpu6/cpufreq/scaling_governor	performance
noise_c2	0	0	C2	spacemit	before	governor	/sys/devices/system/cpu/cpu7/cpufreq/scaling_governor	performance
noise_c2	0	0	C2	spacemit	before	frequency_khz	/sys/devices/system/cpu/cpu0/cpufreq/scaling_cur_freq	1600000
noise_c2	0	0	C2	spacemit	before	frequency_khz	/sys/devices/system/cpu/cpu1/cpufreq/scaling_cur_freq	1600000
noise_c2	0	0	C2	spacemit	before	frequency_khz	/sys/devices/system/cpu/cpu2/cpufreq/scaling_cur_freq	1600000
noise_c2	0	0	C2	spacemit	before	frequency_khz	/sys/devices/system/cpu/cpu3/cpufreq/scaling_cur_freq	1600000
noise_c2	0	0	C2	spacemit	before	frequency_khz	/sys/devices/system/cpu/cpu4/cpufreq/scaling_cur_freq	1600000
noise_c2	0	0	C2	spacemit	before	frequency_khz	/sys/devices/system/cpu/cpu5/cpufreq/scaling_cur_freq	1600000
noise_c2	0	0	C2	spacemit	before	frequency_khz	/sys/devices/system/cpu/cpu6/cpufreq/scaling_cur_freq	1600000
noise_c2	0	0	C2	spacemit	before	frequency_khz	/sys/devices/system/cpu/cpu7/cpufreq/scaling_cur_freq	1600000
noise_c2	0	0	C2	spacemit	before	temperature_millic	/sys/class/thermal/thermal_zone0/temp	60000
noise_c2	0	0	C2	spacemit	before	temperature_millic	/sys/class/thermal/thermal_zone1/temp	59000
noise_c2	0	0	C2	spacemit	before	temperature_millic	/sys/class/thermal/thermal_zone2/temp	59000
noise_c2	0	0	C2	spacemit	before	temperature_millic	/sys/class/thermal/thermal_zone3/temp	61000
noise_c2	0	0	C2	spacemit	after	governor	/sys/devices/system/cpu/cpu0/cpufreq/scaling_governor	performance
noise_c2	0	0	C2	spacemit	after	governor	/sys/devices/system/cpu/cpu1/cpufreq/scaling_governor	performance
noise_c2	0	0	C2	spacemit	after	governor	/sys/devices/system/cpu/cpu2/cpufreq/scaling_governor	performance
noise_c2	0	0	C2	spacemit	after	governor	/sys/devices/system/cpu/cpu3/cpufreq/scaling_governor	performance
noise_c2	0	0	C2	spacemit	after	governor	/sys/devices/system/cpu/cpu4/cpufreq/scaling_governor	performance
noise_c2	0	0	C2	spacemit	after	governor	/sys/devices/system/cpu/cpu5/cpufreq/scaling_governor	performance
noise_c2	0	0	C2	spacemit	after	governor	/sys/devices/system/cpu/cpu6/cpufreq/scaling_governor	performance
noise_c2	0	0	C2	spacemit	after	governor	/sys/devices/system/cpu/cpu7/cpufreq/scaling_governor	performance
noise_c2	0	0	C2	spacemit	after	frequency_khz	/sys/devices/system/cpu/cpu0/cpufreq/scaling_cur_freq	1600000
noise_c2	0	0	C2	spacemit	after	frequency_khz	/sys/devices/system/cpu/cpu1/cpufreq/scaling_cur_freq	1600000
noise_c2	0	0	C2	spacemit	after	frequency_khz	/sys/devices/system/cpu/cpu2/cpufreq/scaling_cur_freq	1600000
noise_c2	0	0	C2	spacemit	after	frequency_khz	/sys/devices/system/cpu/cpu3/cpufreq/scaling_cur_freq	1600000
noise_c2	0	0	C2	spacemit	after	frequency_khz	/sys/devices/system/cpu/cpu4/cpufreq/scaling_cur_freq	1600000
noise_c2	0	0	C2	spacemit	after	frequency_khz	/sys/devices/system/cpu/cpu5/cpufreq/scaling_cur_freq	1600000
noise_c2	0	0	C2	spacemit	after	frequency_khz	/sys/devices/system/cpu/cpu6/cpufreq/scaling_cur_freq	1600000
noise_c2	0	0	C2	spacemit	after	frequency_khz	/sys/devices/system/cpu/cpu7/cpufreq/scaling_cur_freq	1600000
noise_c2	0	0	C2	spacemit	after	temperature_millic	/sys/class/thermal/thermal_zone0/temp	60000
noise_c2	0	0	C2	spacemit	after	temperature_millic	/sys/class/thermal/thermal_zone1/temp	59000
noise_c2	0	0	C2	spacemit	after	temperature_millic	/sys/class/thermal/thermal_zone2/temp	61000
noise_c2	0	0	C2	spacemit	after	temperature_millic	/sys/class/thermal/thermal_zone3/temp	61000
noise_c2	0	1	C2	spacemit	before	governor	/sys/devices/system/cpu/cpu0/cpufreq/scaling_governor	performance
noise_c2	0	1	C2	spacemit	before	governor	/sys/devices/system/cpu/cpu1/cpufreq/scaling_governor	performance
noise_c2	0	1	C2	spacemit	before	governor	/sys/devices/system/cpu/cpu2/cpufreq/scaling_governor	performance
noise_c2	0	1	C2	spacemit	before	governor	/sys/devices/system/cpu/cpu3/cpufreq/scaling_governor	performance
noise_c2	0	1	C2	spacemit	before	governor	/sys/devices/system/cpu/cpu4/cpufreq/scaling_governor	performance
noise_c2	0	1	C2	spacemit	before	governor	/sys/devices/system/cpu/cpu5/cpufreq/scaling_governor	performance
noise_c2	0	1	C2	spacemit	before	governor	/sys/devices/system/cpu/cpu6/cpufreq/scaling_governor	performance
noise_c2	0	1	C2	spacemit	before	governor	/sys/devices/system/cpu/cpu7/cpufreq/scaling_governor	performance
noise_c2	0	1	C2	spacemit	before	frequency_khz	/sys/devices/system/cpu/cpu0/cpufreq/scaling_cur_freq	1600000
noise_c2	0	1	C2	spacemit	before	frequency_khz	/sys/devices/system/cpu/cpu1/cpufreq/scaling_cur_freq	1600000
noise_c2	0	1	C2	spacemit	before	frequency_khz	/sys/devices/system/cpu/cpu2/cpufreq/scaling_cur_freq	1600000
noise_c2	0	1	C2	spacemit	before	frequency_khz	/sys/devices/system/cpu/cpu3/cpufreq/scaling_cur_freq	1600000
noise_c2	0	1	C2	spacemit	before	frequency_khz	/sys/devices/system/cpu/cpu4/cpufreq/scaling_cur_freq	1600000
noise_c2	0	1	C2	spacemit	before	frequency_khz	/sys/devices/system/cpu/cpu5/cpufreq/scaling_cur_freq	1600000
noise_c2	0	1	C2	spacemit	before	frequency_khz	/sys/devices/system/cpu/cpu6/cpufreq/scaling_cur_freq	1600000
noise_c2	0	1	C2	spacemit	before	frequency_khz	/sys/devices/system/cpu/cpu7/cpufreq/scaling_cur_freq	1600000
noise_c2	0	1	C2	spacemit	before	temperature_millic	/sys/class/thermal/thermal_zone0/temp	60000
noise_c2	0	1	C2	spacemit	before	temperature_millic	/sys/class/thermal/thermal_zone1/temp	60000
noise_c2	0	1	C2	spacemit	before	temperature_millic	/sys/class/thermal/thermal_zone2/temp	61000
noise_c2	0	1	C2	spacemit	before	temperature_millic	/sys/class/thermal/thermal_zone3/temp	59000
noise_c2	0	1	C2	spacemit	after	governor	/sys/devices/system/cpu/cpu0/cpufreq/scaling_governor	performance
noise_c2	0	1	C2	spacemit	after	governor	/sys/devices/system/cpu/cpu1/cpufreq/scaling_governor	performance
noise_c2	0	1	C2	spacemit	after	governor	/sys/devices/system/cpu/cpu2/cpufreq/scaling_governor	performance
noise_c2	0	1	C2	spacemit	after	governor	/sys/devices/system/cpu/cpu3/cpufreq/scaling_governor	performance
noise_c2	0	1	C2	spacemit	after	governor	/sys/devices/system/cpu/cpu4/cpufreq/scaling_governor	performance
noise_c2	0	1	C2	spacemit	after	governor	/sys/devices/system/cpu/cpu5/cpufreq/scaling_governor	performance
noise_c2	0	1	C2	spacemit	after	governor	/sys/devices/system/cpu/cpu6/cpufreq/scaling_governor	performance
noise_c2	0	1	C2	spacemit	after	governor	/sys/devices/system/cpu/cpu7/cpufreq/scaling_governor	performance
noise_c2	0	1	C2	spacemit	after	frequency_khz	/sys/devices/system/cpu/cpu0/cpufreq/scaling_cur_freq	1600000
noise_c2	0	1	C2	spacemit	after	frequency_khz	/sys/devices/system/cpu/cpu1/cpufreq/scaling_cur_freq	1600000
noise_c2	0	1	C2	spacemit	after	frequency_khz	/sys/devices/system/cpu/cpu2/cpufreq/scaling_cur_freq	1600000
noise_c2	0	1	C2	spacemit	after	frequency_khz	/sys/devices/system/cpu/cpu3/cpufreq/scaling_cur_freq	1600000
noise_c2	0	1	C2	spacemit	after	frequency_khz	/sys/devices/system/cpu/cpu4/cpufreq/scaling_cur_freq	1600000
noise_c2	0	1	C2	spacemit	after	frequency_khz	/sys/devices/system/cpu/cpu5/cpufreq/scaling_cur_freq	1600000
noise_c2	0	1	C2	spacemit	after	frequency_khz	/sys/devices/system/cpu/cpu6/cpufreq/scaling_cur_freq	1600000
noise_c2	0	1	C2	spacemit	after	frequency_khz	/sys/devices/system/cpu/cpu7/cpufreq/scaling_cur_freq	1600000
noise_c2	0	1	C2	spacemit	after	temperature_millic	/sys/class/thermal/thermal_zone0/temp	60000
noise_c2	0	1	C2	spacemit	after	temperature_millic	/sys/class/thermal/thermal_zone1/temp	60000
noise_c2	0	1	C2	spacemit	after	temperature_millic	/sys/class/thermal/thermal_zone2/temp	61000
noise_c2	0	1	C2	spacemit	after	temperature_millic	/sys/class/thermal/thermal_zone3/temp	60000
noise_c2	0	2	C2	spacemit	before	governor	/sys/devices/system/cpu/cpu0/cpufreq/scaling_governor	performance
noise_c2	0	2	C2	spacemit	before	governor	/sys/devices/system/cpu/cpu1/cpufreq/scaling_governor	performance
noise_c2	0	2	C2	spacemit	before	governor	/sys/devices/system/cpu/cpu2/cpufreq/scaling_governor	performance
noise_c2	0	2	C2	spacemit	before	governor	/sys/devices/system/cpu/cpu3/cpufreq/scaling_governor	performance
noise_c2	0	2	C2	spacemit	before	governor	/sys/devices/system/cpu/cpu4/cpufreq/scaling_governor	performance
noise_c2	0	2	C2	spacemit	before	governor	/sys/devices/system/cpu/cpu5/cpufreq/scaling_governor	performance
noise_c2	0	2	C2	spacemit	before	governor	/sys/devices/system/cpu/cpu6/cpufreq/scaling_governor	performance
noise_c2	0	2	C2	spacemit	before	governor	/sys/devices/system/cpu/cpu7/cpufreq/scaling_governor	performance
noise_c2	0	2	C2	spacemit	before	frequency_khz	/sys/devices/system/cpu/cpu0/cpufreq/scaling_cur_freq	1600000
noise_c2	0	2	C2	spacemit	before	frequency_khz	/sys/devices/system/cpu/cpu1/cpufreq/scaling_cur_freq	1600000
noise_c2	0	2	C2	spacemit	before	frequency_khz	/sys/devices/system/cpu/cpu2/cpufreq/scaling_cur_freq	1600000
noise_c2	0	2	C2	spacemit	before	frequency_khz	/sys/devices/system/cpu/cpu3/cpufreq/scaling_cur_freq	1600000
noise_c2	0	2	C2	spacemit	before	frequency_khz	/sys/devices/system/cpu/cpu4/cpufreq/scaling_cur_freq	1600000
noise_c2	0	2	C2	spacemit	before	frequency_khz	/sys/devices/system/cpu/cpu5/cpufreq/scaling_cur_freq	1600000
noise_c2	0	2	C2	spacemit	before	frequency_khz	/sys/devices/system/cpu/cpu6/cpufreq/scaling_cur_freq	1600000
noise_c2	0	2	C2	spacemit	before	frequency_khz	/sys/devices/system/cpu/cpu7/cpufreq/scaling_cur_freq	1600000
noise_c2	0	2	C2	spacemit	before	temperature_millic	/sys/class/thermal/thermal_zone0/temp	60000
noise_c2	0	2	C2	spacemit	before	temperature_millic	/sys/class/thermal/thermal_zone1/temp	59000
noise_c2	0	2	C2	spacemit	before	temperature_millic	/sys/class/thermal/thermal_zone2/temp	61000
noise_c2	0	2	C2	spacemit	before	temperature_millic	/sys/class/thermal/thermal_zone3/temp	60000
noise_c2	0	2	C2	spacemit	after	governor	/sys/devices/system/cpu/cpu0/cpufreq/scaling_governor	performance
noise_c2	0	2	C2	spacemit	after	governor	/sys/devices/system/cpu/cpu1/cpufreq/scaling_governor	performance
noise_c2	0	2	C2	spacemit	after	governor	/sys/devices/system/cpu/cpu2/cpufreq/scaling_governor	performance
noise_c2	0	2	C2	spacemit	after	governor	/sys/devices/system/cpu/cpu3/cpufreq/scaling_governor	performance
noise_c2	0	2	C2	spacemit	after	governor	/sys/devices/system/cpu/cpu4/cpufreq/scaling_governor	performance
noise_c2	0	2	C2	spacemit	after	governor	/sys/devices/system/cpu/cpu5/cpufreq/scaling_governor	performance
noise_c2	0	2	C2	spacemit	after	governor	/sys/devices/system/cpu/cpu6/cpufreq/scaling_governor	performance
noise_c2	0	2	C2	spacemit	after	governor	/sys/devices/system/cpu/cpu7/cpufreq/scaling_governor	performance
noise_c2	0	2	C2	spacemit	after	frequency_khz	/sys/devices/system/cpu/cpu0/cpufreq/scaling_cur_freq	1600000
noise_c2	0	2	C2	spacemit	after	frequency_khz	/sys/devices/system/cpu/cpu1/cpufreq/scaling_cur_freq	1600000
noise_c2	0	2	C2	spacemit	after	frequency_khz	/sys/devices/system/cpu/cpu2/cpufreq/scaling_cur_freq	1600000
noise_c2	0	2	C2	spacemit	after	frequency_khz	/sys/devices/system/cpu/cpu3/cpufreq/scaling_cur_freq	1600000
noise_c2	0	2	C2	spacemit	after	frequency_khz	/sys/devices/system/cpu/cpu4/cpufreq/scaling_cur_freq	1600000
noise_c2	0	2	C2	spacemit	after	frequency_khz	/sys/devices/system/cpu/cpu5/cpufreq/scaling_cur_freq	1600000
noise_c2	0	2	C2	spacemit	after	frequency_khz	/sys/devices/system/cpu/cpu6/cpufreq/scaling_cur_freq	1600000
noise_c2	0	2	C2	spacemit	after	frequency_khz	/sys/devices/system/cpu/cpu7/cpufreq/scaling_cur_freq	1600000
noise_c2	0	2	C2	spacemit	after	temperature_millic	/sys/class/thermal/thermal_zone0/temp	59000
noise_c2	0	2	C2	spacemit	after	temperature_millic	/sys/class/thermal/thermal_zone1/temp	60000
noise_c2	0	2	C2	spacemit	after	temperature_millic	/sys/class/thermal/thermal_zone2/temp	60000
noise_c2	0	2	C2	spacemit	after	temperature_millic	/sys/class/thermal/thermal_zone3/temp	62000
noise_c2	0	3	C2	spacemit	before	governor	/sys/devices/system/cpu/cpu0/cpufreq/scaling_governor	performance
noise_c2	0	3	C2	spacemit	before	governor	/sys/devices/system/cpu/cpu1/cpufreq/scaling_governor	performance
noise_c2	0	3	C2	spacemit	before	governor	/sys/devices/system/cpu/cpu2/cpufreq/scaling_governor	performance
noise_c2	0	3	C2	spacemit	before	governor	/sys/devices/system/cpu/cpu3/cpufreq/scaling_governor	performance
noise_c2	0	3	C2	spacemit	before	governor	/sys/devices/system/cpu/cpu4/cpufreq/scaling_governor	performance
noise_c2	0	3	C2	spacemit	before	governor	/sys/devices/system/cpu/cpu5/cpufreq/scaling_governor	performance
noise_c2	0	3	C2	spacemit	before	governor	/sys/devices/system/cpu/cpu6/cpufreq/scaling_governor	performance
noise_c2	0	3	C2	spacemit	before	governor	/sys/devices/system/cpu/cpu7/cpufreq/scaling_governor	performance
noise_c2	0	3	C2	spacemit	before	frequency_khz	/sys/devices/system/cpu/cpu0/cpufreq/scaling_cur_freq	1600000
noise_c2	0	3	C2	spacemit	before	frequency_khz	/sys/devices/system/cpu/cpu1/cpufreq/scaling_cur_freq	1600000
noise_c2	0	3	C2	spacemit	before	frequency_khz	/sys/devices/system/cpu/cpu2/cpufreq/scaling_cur_freq	1600000
noise_c2	0	3	C2	spacemit	before	frequency_khz	/sys/devices/system/cpu/cpu3/cpufreq/scaling_cur_freq	1600000
noise_c2	0	3	C2	spacemit	before	frequency_khz	/sys/devices/system/cpu/cpu4/cpufreq/scaling_cur_freq	1600000
noise_c2	0	3	C2	spacemit	before	frequency_khz	/sys/devices/system/cpu/cpu5/cpufreq/scaling_cur_freq	1600000
noise_c2	0	3	C2	spacemit	before	frequency_khz	/sys/devices/system/cpu/cpu6/cpufreq/scaling_cur_freq	1600000
noise_c2	0	3	C2	spacemit	before	frequency_khz	/sys/devices/system/cpu/cpu7/cpufreq/scaling_cur_freq	1600000
noise_c2	0	3	C2	spacemit	before	temperature_millic	/sys/class/thermal/thermal_zone0/temp	59000
noise_c2	0	3	C2	spacemit	before	temperature_millic	/sys/class/thermal/thermal_zone1/temp	59000
noise_c2	0	3	C2	spacemit	before	temperature_millic	/sys/class/thermal/thermal_zone2/temp	61000
noise_c2	0	3	C2	spacemit	before	temperature_millic	/sys/class/thermal/thermal_zone3/temp	61000
noise_c2	0	3	C2	spacemit	after	governor	/sys/devices/system/cpu/cpu0/cpufreq/scaling_governor	performance
noise_c2	0	3	C2	spacemit	after	governor	/sys/devices/system/cpu/cpu1/cpufreq/scaling_governor	performance
noise_c2	0	3	C2	spacemit	after	governor	/sys/devices/system/cpu/cpu2/cpufreq/scaling_governor	performance
noise_c2	0	3	C2	spacemit	after	governor	/sys/devices/system/cpu/cpu3/cpufreq/scaling_governor	performance
noise_c2	0	3	C2	spacemit	after	governor	/sys/devices/system/cpu/cpu4/cpufreq/scaling_governor	performance
noise_c2	0	3	C2	spacemit	after	governor	/sys/devices/system/cpu/cpu5/cpufreq/scaling_governor	performance
noise_c2	0	3	C2	spacemit	after	governor	/sys/devices/system/cpu/cpu6/cpufreq/scaling_governor	performance
noise_c2	0	3	C2	spacemit	after	governor	/sys/devices/system/cpu/cpu7/cpufreq/scaling_governor	performance
noise_c2	0	3	C2	spacemit	after	frequency_khz	/sys/devices/system/cpu/cpu0/cpufreq/scaling_cur_freq	1600000
noise_c2	0	3	C2	spacemit	after	frequency_khz	/sys/devices/system/cpu/cpu1/cpufreq/scaling_cur_freq	1600000
noise_c2	0	3	C2	spacemit	after	frequency_khz	/sys/devices/system/cpu/cpu2/cpufreq/scaling_cur_freq	1600000
noise_c2	0	3	C2	spacemit	after	frequency_khz	/sys/devices/system/cpu/cpu3/cpufreq/scaling_cur_freq	1600000
noise_c2	0	3	C2	spacemit	after	frequency_khz	/sys/devices/system/cpu/cpu4/cpufreq/scaling_cur_freq	1600000
noise_c2	0	3	C2	spacemit	after	frequency_khz	/sys/devices/system/cpu/cpu5/cpufreq/scaling_cur_freq	1600000
noise_c2	0	3	C2	spacemit	after	frequency_khz	/sys/devices/system/cpu/cpu6/cpufreq/scaling_cur_freq	1600000
noise_c2	0	3	C2	spacemit	after	frequency_khz	/sys/devices/system/cpu/cpu7/cpufreq/scaling_cur_freq	1600000
noise_c2	0	3	C2	spacemit	after	temperature_millic	/sys/class/thermal/thermal_zone0/temp	60000
noise_c2	0	3	C2	spacemit	after	temperature_millic	/sys/class/thermal/thermal_zone1/temp	59000
noise_c2	0	3	C2	spacemit	after	temperature_millic	/sys/class/thermal/thermal_zone2/temp	61000
noise_c2	0	3	C2	spacemit	after	temperature_millic	/sys/class/thermal/thermal_zone3/temp	62000
noise_c2	1	0	C2	spacemit	before	governor	/sys/devices/system/cpu/cpu0/cpufreq/scaling_governor	performance
noise_c2	1	0	C2	spacemit	before	governor	/sys/devices/system/cpu/cpu1/cpufreq/scaling_governor	performance
noise_c2	1	0	C2	spacemit	before	governor	/sys/devices/system/cpu/cpu2/cpufreq/scaling_governor	performance
noise_c2	1	0	C2	spacemit	before	governor	/sys/devices/system/cpu/cpu3/cpufreq/scaling_governor	performance
noise_c2	1	0	C2	spacemit	before	governor	/sys/devices/system/cpu/cpu4/cpufreq/scaling_governor	performance
noise_c2	1	0	C2	spacemit	before	governor	/sys/devices/system/cpu/cpu5/cpufreq/scaling_governor	performance
noise_c2	1	0	C2	spacemit	before	governor	/sys/devices/system/cpu/cpu6/cpufreq/scaling_governor	performance
noise_c2	1	0	C2	spacemit	before	governor	/sys/devices/system/cpu/cpu7/cpufreq/scaling_governor	performance
noise_c2	1	0	C2	spacemit	before	frequency_khz	/sys/devices/system/cpu/cpu0/cpufreq/scaling_cur_freq	1600000
noise_c2	1	0	C2	spacemit	before	frequency_khz	/sys/devices/system/cpu/cpu1/cpufreq/scaling_cur_freq	1600000
noise_c2	1	0	C2	spacemit	before	frequency_khz	/sys/devices/system/cpu/cpu2/cpufreq/scaling_cur_freq	1600000
noise_c2	1	0	C2	spacemit	before	frequency_khz	/sys/devices/system/cpu/cpu3/cpufreq/scaling_cur_freq	1600000
noise_c2	1	0	C2	spacemit	before	frequency_khz	/sys/devices/system/cpu/cpu4/cpufreq/scaling_cur_freq	1600000
noise_c2	1	0	C2	spacemit	before	frequency_khz	/sys/devices/system/cpu/cpu5/cpufreq/scaling_cur_freq	1600000
noise_c2	1	0	C2	spacemit	before	frequency_khz	/sys/devices/system/cpu/cpu6/cpufreq/scaling_cur_freq	1600000
noise_c2	1	0	C2	spacemit	before	frequency_khz	/sys/devices/system/cpu/cpu7/cpufreq/scaling_cur_freq	1600000
noise_c2	1	0	C2	spacemit	before	temperature_millic	/sys/class/thermal/thermal_zone0/temp	58000
noise_c2	1	0	C2	spacemit	before	temperature_millic	/sys/class/thermal/thermal_zone1/temp	58000
noise_c2	1	0	C2	spacemit	before	temperature_millic	/sys/class/thermal/thermal_zone2/temp	61000
noise_c2	1	0	C2	spacemit	before	temperature_millic	/sys/class/thermal/thermal_zone3/temp	61000
noise_c2	1	0	C2	spacemit	after	governor	/sys/devices/system/cpu/cpu0/cpufreq/scaling_governor	performance
noise_c2	1	0	C2	spacemit	after	governor	/sys/devices/system/cpu/cpu1/cpufreq/scaling_governor	performance
noise_c2	1	0	C2	spacemit	after	governor	/sys/devices/system/cpu/cpu2/cpufreq/scaling_governor	performance
noise_c2	1	0	C2	spacemit	after	governor	/sys/devices/system/cpu/cpu3/cpufreq/scaling_governor	performance
noise_c2	1	0	C2	spacemit	after	governor	/sys/devices/system/cpu/cpu4/cpufreq/scaling_governor	performance
noise_c2	1	0	C2	spacemit	after	governor	/sys/devices/system/cpu/cpu5/cpufreq/scaling_governor	performance
noise_c2	1	0	C2	spacemit	after	governor	/sys/devices/system/cpu/cpu6/cpufreq/scaling_governor	performance
noise_c2	1	0	C2	spacemit	after	governor	/sys/devices/system/cpu/cpu7/cpufreq/scaling_governor	performance
noise_c2	1	0	C2	spacemit	after	frequency_khz	/sys/devices/system/cpu/cpu0/cpufreq/scaling_cur_freq	1600000
noise_c2	1	0	C2	spacemit	after	frequency_khz	/sys/devices/system/cpu/cpu1/cpufreq/scaling_cur_freq	1600000
noise_c2	1	0	C2	spacemit	after	frequency_khz	/sys/devices/system/cpu/cpu2/cpufreq/scaling_cur_freq	1600000
noise_c2	1	0	C2	spacemit	after	frequency_khz	/sys/devices/system/cpu/cpu3/cpufreq/scaling_cur_freq	1600000
noise_c2	1	0	C2	spacemit	after	frequency_khz	/sys/devices/system/cpu/cpu4/cpufreq/scaling_cur_freq	1600000
noise_c2	1	0	C2	spacemit	after	frequency_khz	/sys/devices/system/cpu/cpu5/cpufreq/scaling_cur_freq	1600000
noise_c2	1	0	C2	spacemit	after	frequency_khz	/sys/devices/system/cpu/cpu6/cpufreq/scaling_cur_freq	1600000
noise_c2	1	0	C2	spacemit	after	frequency_khz	/sys/devices/system/cpu/cpu7/cpufreq/scaling_cur_freq	1600000
noise_c2	1	0	C2	spacemit	after	temperature_millic	/sys/class/thermal/thermal_zone0/temp	59000
noise_c2	1	0	C2	spacemit	after	temperature_millic	/sys/class/thermal/thermal_zone1/temp	59000
noise_c2	1	0	C2	spacemit	after	temperature_millic	/sys/class/thermal/thermal_zone2/temp	61000
noise_c2	1	0	C2	spacemit	after	temperature_millic	/sys/class/thermal/thermal_zone3/temp	60000
noise_c2	1	1	C2	spacemit	before	governor	/sys/devices/system/cpu/cpu0/cpufreq/scaling_governor	performance
noise_c2	1	1	C2	spacemit	before	governor	/sys/devices/system/cpu/cpu1/cpufreq/scaling_governor	performance
noise_c2	1	1	C2	spacemit	before	governor	/sys/devices/system/cpu/cpu2/cpufreq/scaling_governor	performance
noise_c2	1	1	C2	spacemit	before	governor	/sys/devices/system/cpu/cpu3/cpufreq/scaling_governor	performance
noise_c2	1	1	C2	spacemit	before	governor	/sys/devices/system/cpu/cpu4/cpufreq/scaling_governor	performance
noise_c2	1	1	C2	spacemit	before	governor	/sys/devices/system/cpu/cpu5/cpufreq/scaling_governor	performance
noise_c2	1	1	C2	spacemit	before	governor	/sys/devices/system/cpu/cpu6/cpufreq/scaling_governor	performance
noise_c2	1	1	C2	spacemit	before	governor	/sys/devices/system/cpu/cpu7/cpufreq/scaling_governor	performance
noise_c2	1	1	C2	spacemit	before	frequency_khz	/sys/devices/system/cpu/cpu0/cpufreq/scaling_cur_freq	1600000
noise_c2	1	1	C2	spacemit	before	frequency_khz	/sys/devices/system/cpu/cpu1/cpufreq/scaling_cur_freq	1600000
noise_c2	1	1	C2	spacemit	before	frequency_khz	/sys/devices/system/cpu/cpu2/cpufreq/scaling_cur_freq	1600000
noise_c2	1	1	C2	spacemit	before	frequency_khz	/sys/devices/system/cpu/cpu3/cpufreq/scaling_cur_freq	1600000
noise_c2	1	1	C2	spacemit	before	frequency_khz	/sys/devices/system/cpu/cpu4/cpufreq/scaling_cur_freq	1600000
noise_c2	1	1	C2	spacemit	before	frequency_khz	/sys/devices/system/cpu/cpu5/cpufreq/scaling_cur_freq	1600000
noise_c2	1	1	C2	spacemit	before	frequency_khz	/sys/devices/system/cpu/cpu6/cpufreq/scaling_cur_freq	1600000
noise_c2	1	1	C2	spacemit	before	frequency_khz	/sys/devices/system/cpu/cpu7/cpufreq/scaling_cur_freq	1600000
noise_c2	1	1	C2	spacemit	before	temperature_millic	/sys/class/thermal/thermal_zone0/temp	60000
noise_c2	1	1	C2	spacemit	before	temperature_millic	/sys/class/thermal/thermal_zone1/temp	58000
noise_c2	1	1	C2	spacemit	before	temperature_millic	/sys/class/thermal/thermal_zone2/temp	60000
noise_c2	1	1	C2	spacemit	before	temperature_millic	/sys/class/thermal/thermal_zone3/temp	60000
noise_c2	1	1	C2	spacemit	after	governor	/sys/devices/system/cpu/cpu0/cpufreq/scaling_governor	performance
noise_c2	1	1	C2	spacemit	after	governor	/sys/devices/system/cpu/cpu1/cpufreq/scaling_governor	performance
noise_c2	1	1	C2	spacemit	after	governor	/sys/devices/system/cpu/cpu2/cpufreq/scaling_governor	performance
noise_c2	1	1	C2	spacemit	after	governor	/sys/devices/system/cpu/cpu3/cpufreq/scaling_governor	performance
noise_c2	1	1	C2	spacemit	after	governor	/sys/devices/system/cpu/cpu4/cpufreq/scaling_governor	performance
noise_c2	1	1	C2	spacemit	after	governor	/sys/devices/system/cpu/cpu5/cpufreq/scaling_governor	performance
noise_c2	1	1	C2	spacemit	after	governor	/sys/devices/system/cpu/cpu6/cpufreq/scaling_governor	performance
noise_c2	1	1	C2	spacemit	after	governor	/sys/devices/system/cpu/cpu7/cpufreq/scaling_governor	performance
noise_c2	1	1	C2	spacemit	after	frequency_khz	/sys/devices/system/cpu/cpu0/cpufreq/scaling_cur_freq	1600000
noise_c2	1	1	C2	spacemit	after	frequency_khz	/sys/devices/system/cpu/cpu1/cpufreq/scaling_cur_freq	1600000
noise_c2	1	1	C2	spacemit	after	frequency_khz	/sys/devices/system/cpu/cpu2/cpufreq/scaling_cur_freq	1600000
noise_c2	1	1	C2	spacemit	after	frequency_khz	/sys/devices/system/cpu/cpu3/cpufreq/scaling_cur_freq	1600000
noise_c2	1	1	C2	spacemit	after	frequency_khz	/sys/devices/system/cpu/cpu4/cpufreq/scaling_cur_freq	1600000
noise_c2	1	1	C2	spacemit	after	frequency_khz	/sys/devices/system/cpu/cpu5/cpufreq/scaling_cur_freq	1600000
noise_c2	1	1	C2	spacemit	after	frequency_khz	/sys/devices/system/cpu/cpu6/cpufreq/scaling_cur_freq	1600000
noise_c2	1	1	C2	spacemit	after	frequency_khz	/sys/devices/system/cpu/cpu7/cpufreq/scaling_cur_freq	1600000
noise_c2	1	1	C2	spacemit	after	temperature_millic	/sys/class/thermal/thermal_zone0/temp	60000
noise_c2	1	1	C2	spacemit	after	temperature_millic	/sys/class/thermal/thermal_zone1/temp	60000
noise_c2	1	1	C2	spacemit	after	temperature_millic	/sys/class/thermal/thermal_zone2/temp	61000
noise_c2	1	1	C2	spacemit	after	temperature_millic	/sys/class/thermal/thermal_zone3/temp	61000
noise_c2	1	2	C2	spacemit	before	governor	/sys/devices/system/cpu/cpu0/cpufreq/scaling_governor	performance
noise_c2	1	2	C2	spacemit	before	governor	/sys/devices/system/cpu/cpu1/cpufreq/scaling_governor	performance
noise_c2	1	2	C2	spacemit	before	governor	/sys/devices/system/cpu/cpu2/cpufreq/scaling_governor	performance
noise_c2	1	2	C2	spacemit	before	governor	/sys/devices/system/cpu/cpu3/cpufreq/scaling_governor	performance
noise_c2	1	2	C2	spacemit	before	governor	/sys/devices/system/cpu/cpu4/cpufreq/scaling_governor	performance
noise_c2	1	2	C2	spacemit	before	governor	/sys/devices/system/cpu/cpu5/cpufreq/scaling_governor	performance
noise_c2	1	2	C2	spacemit	before	governor	/sys/devices/system/cpu/cpu6/cpufreq/scaling_governor	performance
noise_c2	1	2	C2	spacemit	before	governor	/sys/devices/system/cpu/cpu7/cpufreq/scaling_governor	performance
noise_c2	1	2	C2	spacemit	before	frequency_khz	/sys/devices/system/cpu/cpu0/cpufreq/scaling_cur_freq	1600000
noise_c2	1	2	C2	spacemit	before	frequency_khz	/sys/devices/system/cpu/cpu1/cpufreq/scaling_cur_freq	1600000
noise_c2	1	2	C2	spacemit	before	frequency_khz	/sys/devices/system/cpu/cpu2/cpufreq/scaling_cur_freq	1600000
noise_c2	1	2	C2	spacemit	before	frequency_khz	/sys/devices/system/cpu/cpu3/cpufreq/scaling_cur_freq	1600000
noise_c2	1	2	C2	spacemit	before	frequency_khz	/sys/devices/system/cpu/cpu4/cpufreq/scaling_cur_freq	1600000
noise_c2	1	2	C2	spacemit	before	frequency_khz	/sys/devices/system/cpu/cpu5/cpufreq/scaling_cur_freq	1600000
noise_c2	1	2	C2	spacemit	before	frequency_khz	/sys/devices/system/cpu/cpu6/cpufreq/scaling_cur_freq	1600000
noise_c2	1	2	C2	spacemit	before	frequency_khz	/sys/devices/system/cpu/cpu7/cpufreq/scaling_cur_freq	1600000
noise_c2	1	2	C2	spacemit	before	temperature_millic	/sys/class/thermal/thermal_zone0/temp	59000
noise_c2	1	2	C2	spacemit	before	temperature_millic	/sys/class/thermal/thermal_zone1/temp	59000
noise_c2	1	2	C2	spacemit	before	temperature_millic	/sys/class/thermal/thermal_zone2/temp	60000
noise_c2	1	2	C2	spacemit	before	temperature_millic	/sys/class/thermal/thermal_zone3/temp	61000
noise_c2	1	2	C2	spacemit	after	governor	/sys/devices/system/cpu/cpu0/cpufreq/scaling_governor	performance
noise_c2	1	2	C2	spacemit	after	governor	/sys/devices/system/cpu/cpu1/cpufreq/scaling_governor	performance
noise_c2	1	2	C2	spacemit	after	governor	/sys/devices/system/cpu/cpu2/cpufreq/scaling_governor	performance
noise_c2	1	2	C2	spacemit	after	governor	/sys/devices/system/cpu/cpu3/cpufreq/scaling_governor	performance
noise_c2	1	2	C2	spacemit	after	governor	/sys/devices/system/cpu/cpu4/cpufreq/scaling_governor	performance
noise_c2	1	2	C2	spacemit	after	governor	/sys/devices/system/cpu/cpu5/cpufreq/scaling_governor	performance
noise_c2	1	2	C2	spacemit	after	governor	/sys/devices/system/cpu/cpu6/cpufreq/scaling_governor	performance
noise_c2	1	2	C2	spacemit	after	governor	/sys/devices/system/cpu/cpu7/cpufreq/scaling_governor	performance
noise_c2	1	2	C2	spacemit	after	frequency_khz	/sys/devices/system/cpu/cpu0/cpufreq/scaling_cur_freq	1600000
noise_c2	1	2	C2	spacemit	after	frequency_khz	/sys/devices/system/cpu/cpu1/cpufreq/scaling_cur_freq	1600000
noise_c2	1	2	C2	spacemit	after	frequency_khz	/sys/devices/system/cpu/cpu2/cpufreq/scaling_cur_freq	1600000
noise_c2	1	2	C2	spacemit	after	frequency_khz	/sys/devices/system/cpu/cpu3/cpufreq/scaling_cur_freq	1600000
noise_c2	1	2	C2	spacemit	after	frequency_khz	/sys/devices/system/cpu/cpu4/cpufreq/scaling_cur_freq	1600000
noise_c2	1	2	C2	spacemit	after	frequency_khz	/sys/devices/system/cpu/cpu5/cpufreq/scaling_cur_freq	1600000
noise_c2	1	2	C2	spacemit	after	frequency_khz	/sys/devices/system/cpu/cpu6/cpufreq/scaling_cur_freq	1600000
noise_c2	1	2	C2	spacemit	after	frequency_khz	/sys/devices/system/cpu/cpu7/cpufreq/scaling_cur_freq	1600000
noise_c2	1	2	C2	spacemit	after	temperature_millic	/sys/class/thermal/thermal_zone0/temp	60000
noise_c2	1	2	C2	spacemit	after	temperature_millic	/sys/class/thermal/thermal_zone1/temp	59000
noise_c2	1	2	C2	spacemit	after	temperature_millic	/sys/class/thermal/thermal_zone2/temp	61000
noise_c2	1	2	C2	spacemit	after	temperature_millic	/sys/class/thermal/thermal_zone3/temp	60000
noise_c2	1	3	C2	spacemit	before	governor	/sys/devices/system/cpu/cpu0/cpufreq/scaling_governor	performance
noise_c2	1	3	C2	spacemit	before	governor	/sys/devices/system/cpu/cpu1/cpufreq/scaling_governor	performance
noise_c2	1	3	C2	spacemit	before	governor	/sys/devices/system/cpu/cpu2/cpufreq/scaling_governor	performance
noise_c2	1	3	C2	spacemit	before	governor	/sys/devices/system/cpu/cpu3/cpufreq/scaling_governor	performance
noise_c2	1	3	C2	spacemit	before	governor	/sys/devices/system/cpu/cpu4/cpufreq/scaling_governor	performance
noise_c2	1	3	C2	spacemit	before	governor	/sys/devices/system/cpu/cpu5/cpufreq/scaling_governor	performance
noise_c2	1	3	C2	spacemit	before	governor	/sys/devices/system/cpu/cpu6/cpufreq/scaling_governor	performance
noise_c2	1	3	C2	spacemit	before	governor	/sys/devices/system/cpu/cpu7/cpufreq/scaling_governor	performance
noise_c2	1	3	C2	spacemit	before	frequency_khz	/sys/devices/system/cpu/cpu0/cpufreq/scaling_cur_freq	1600000
noise_c2	1	3	C2	spacemit	before	frequency_khz	/sys/devices/system/cpu/cpu1/cpufreq/scaling_cur_freq	1600000
noise_c2	1	3	C2	spacemit	before	frequency_khz	/sys/devices/system/cpu/cpu2/cpufreq/scaling_cur_freq	1600000
noise_c2	1	3	C2	spacemit	before	frequency_khz	/sys/devices/system/cpu/cpu3/cpufreq/scaling_cur_freq	1600000
noise_c2	1	3	C2	spacemit	before	frequency_khz	/sys/devices/system/cpu/cpu4/cpufreq/scaling_cur_freq	1600000
noise_c2	1	3	C2	spacemit	before	frequency_khz	/sys/devices/system/cpu/cpu5/cpufreq/scaling_cur_freq	1600000
noise_c2	1	3	C2	spacemit	before	frequency_khz	/sys/devices/system/cpu/cpu6/cpufreq/scaling_cur_freq	1600000
noise_c2	1	3	C2	spacemit	before	frequency_khz	/sys/devices/system/cpu/cpu7/cpufreq/scaling_cur_freq	1600000
noise_c2	1	3	C2	spacemit	before	temperature_millic	/sys/class/thermal/thermal_zone0/temp	59000
noise_c2	1	3	C2	spacemit	before	temperature_millic	/sys/class/thermal/thermal_zone1/temp	58000
noise_c2	1	3	C2	spacemit	before	temperature_millic	/sys/class/thermal/thermal_zone2/temp	61000
noise_c2	1	3	C2	spacemit	before	temperature_millic	/sys/class/thermal/thermal_zone3/temp	61000
noise_c2	1	3	C2	spacemit	after	governor	/sys/devices/system/cpu/cpu0/cpufreq/scaling_governor	performance
noise_c2	1	3	C2	spacemit	after	governor	/sys/devices/system/cpu/cpu1/cpufreq/scaling_governor	performance
noise_c2	1	3	C2	spacemit	after	governor	/sys/devices/system/cpu/cpu2/cpufreq/scaling_governor	performance
noise_c2	1	3	C2	spacemit	after	governor	/sys/devices/system/cpu/cpu3/cpufreq/scaling_governor	performance
noise_c2	1	3	C2	spacemit	after	governor	/sys/devices/system/cpu/cpu4/cpufreq/scaling_governor	performance
noise_c2	1	3	C2	spacemit	after	governor	/sys/devices/system/cpu/cpu5/cpufreq/scaling_governor	performance
noise_c2	1	3	C2	spacemit	after	governor	/sys/devices/system/cpu/cpu6/cpufreq/scaling_governor	performance
noise_c2	1	3	C2	spacemit	after	governor	/sys/devices/system/cpu/cpu7/cpufreq/scaling_governor	performance
noise_c2	1	3	C2	spacemit	after	frequency_khz	/sys/devices/system/cpu/cpu0/cpufreq/scaling_cur_freq	1600000
noise_c2	1	3	C2	spacemit	after	frequency_khz	/sys/devices/system/cpu/cpu1/cpufreq/scaling_cur_freq	1600000
noise_c2	1	3	C2	spacemit	after	frequency_khz	/sys/devices/system/cpu/cpu2/cpufreq/scaling_cur_freq	1600000
noise_c2	1	3	C2	spacemit	after	frequency_khz	/sys/devices/system/cpu/cpu3/cpufreq/scaling_cur_freq	1600000
noise_c2	1	3	C2	spacemit	after	frequency_khz	/sys/devices/system/cpu/cpu4/cpufreq/scaling_cur_freq	1600000
noise_c2	1	3	C2	spacemit	after	frequency_khz	/sys/devices/system/cpu/cpu5/cpufreq/scaling_cur_freq	1600000
noise_c2	1	3	C2	spacemit	after	frequency_khz	/sys/devices/system/cpu/cpu6/cpufreq/scaling_cur_freq	1600000
noise_c2	1	3	C2	spacemit	after	frequency_khz	/sys/devices/system/cpu/cpu7/cpufreq/scaling_cur_freq	1600000
noise_c2	1	3	C2	spacemit	after	temperature_millic	/sys/class/thermal/thermal_zone0/temp	60000
noise_c2	1	3	C2	spacemit	after	temperature_millic	/sys/class/thermal/thermal_zone1/temp	60000
noise_c2	1	3	C2	spacemit	after	temperature_millic	/sys/class/thermal/thermal_zone2/temp	61000
noise_c2	1	3	C2	spacemit	after	temperature_millic	/sys/class/thermal/thermal_zone3/temp	61000
noise_c2	2	0	C2	spacemit	before	governor	/sys/devices/system/cpu/cpu0/cpufreq/scaling_governor	performance
noise_c2	2	0	C2	spacemit	before	governor	/sys/devices/system/cpu/cpu1/cpufreq/scaling_governor	performance
noise_c2	2	0	C2	spacemit	before	governor	/sys/devices/system/cpu/cpu2/cpufreq/scaling_governor	performance
noise_c2	2	0	C2	spacemit	before	governor	/sys/devices/system/cpu/cpu3/cpufreq/scaling_governor	performance
noise_c2	2	0	C2	spacemit	before	governor	/sys/devices/system/cpu/cpu4/cpufreq/scaling_governor	performance
noise_c2	2	0	C2	spacemit	before	governor	/sys/devices/system/cpu/cpu5/cpufreq/scaling_governor	performance
noise_c2	2	0	C2	spacemit	before	governor	/sys/devices/system/cpu/cpu6/cpufreq/scaling_governor	performance
noise_c2	2	0	C2	spacemit	before	governor	/sys/devices/system/cpu/cpu7/cpufreq/scaling_governor	performance
noise_c2	2	0	C2	spacemit	before	frequency_khz	/sys/devices/system/cpu/cpu0/cpufreq/scaling_cur_freq	1600000
noise_c2	2	0	C2	spacemit	before	frequency_khz	/sys/devices/system/cpu/cpu1/cpufreq/scaling_cur_freq	1600000
noise_c2	2	0	C2	spacemit	before	frequency_khz	/sys/devices/system/cpu/cpu2/cpufreq/scaling_cur_freq	1600000
noise_c2	2	0	C2	spacemit	before	frequency_khz	/sys/devices/system/cpu/cpu3/cpufreq/scaling_cur_freq	1600000
noise_c2	2	0	C2	spacemit	before	frequency_khz	/sys/devices/system/cpu/cpu4/cpufreq/scaling_cur_freq	1600000
noise_c2	2	0	C2	spacemit	before	frequency_khz	/sys/devices/system/cpu/cpu5/cpufreq/scaling_cur_freq	1600000
noise_c2	2	0	C2	spacemit	before	frequency_khz	/sys/devices/system/cpu/cpu6/cpufreq/scaling_cur_freq	1600000
noise_c2	2	0	C2	spacemit	before	frequency_khz	/sys/devices/system/cpu/cpu7/cpufreq/scaling_cur_freq	1600000
noise_c2	2	0	C2	spacemit	before	temperature_millic	/sys/class/thermal/thermal_zone0/temp	59000
noise_c2	2	0	C2	spacemit	before	temperature_millic	/sys/class/thermal/thermal_zone1/temp	59000
noise_c2	2	0	C2	spacemit	before	temperature_millic	/sys/class/thermal/thermal_zone2/temp	60000
noise_c2	2	0	C2	spacemit	before	temperature_millic	/sys/class/thermal/thermal_zone3/temp	61000
noise_c2	2	0	C2	spacemit	after	governor	/sys/devices/system/cpu/cpu0/cpufreq/scaling_governor	performance
noise_c2	2	0	C2	spacemit	after	governor	/sys/devices/system/cpu/cpu1/cpufreq/scaling_governor	performance
noise_c2	2	0	C2	spacemit	after	governor	/sys/devices/system/cpu/cpu2/cpufreq/scaling_governor	performance
noise_c2	2	0	C2	spacemit	after	governor	/sys/devices/system/cpu/cpu3/cpufreq/scaling_governor	performance
noise_c2	2	0	C2	spacemit	after	governor	/sys/devices/system/cpu/cpu4/cpufreq/scaling_governor	performance
noise_c2	2	0	C2	spacemit	after	governor	/sys/devices/system/cpu/cpu5/cpufreq/scaling_governor	performance
noise_c2	2	0	C2	spacemit	after	governor	/sys/devices/system/cpu/cpu6/cpufreq/scaling_governor	performance
noise_c2	2	0	C2	spacemit	after	governor	/sys/devices/system/cpu/cpu7/cpufreq/scaling_governor	performance
noise_c2	2	0	C2	spacemit	after	frequency_khz	/sys/devices/system/cpu/cpu0/cpufreq/scaling_cur_freq	1600000
noise_c2	2	0	C2	spacemit	after	frequency_khz	/sys/devices/system/cpu/cpu1/cpufreq/scaling_cur_freq	1600000
noise_c2	2	0	C2	spacemit	after	frequency_khz	/sys/devices/system/cpu/cpu2/cpufreq/scaling_cur_freq	1600000
noise_c2	2	0	C2	spacemit	after	frequency_khz	/sys/devices/system/cpu/cpu3/cpufreq/scaling_cur_freq	1600000
noise_c2	2	0	C2	spacemit	after	frequency_khz	/sys/devices/system/cpu/cpu4/cpufreq/scaling_cur_freq	1600000
noise_c2	2	0	C2	spacemit	after	frequency_khz	/sys/devices/system/cpu/cpu5/cpufreq/scaling_cur_freq	1600000
noise_c2	2	0	C2	spacemit	after	frequency_khz	/sys/devices/system/cpu/cpu6/cpufreq/scaling_cur_freq	1600000
noise_c2	2	0	C2	spacemit	after	frequency_khz	/sys/devices/system/cpu/cpu7/cpufreq/scaling_cur_freq	1600000
noise_c2	2	0	C2	spacemit	after	temperature_millic	/sys/class/thermal/thermal_zone0/temp	59000
noise_c2	2	0	C2	spacemit	after	temperature_millic	/sys/class/thermal/thermal_zone1/temp	59000
noise_c2	2	0	C2	spacemit	after	temperature_millic	/sys/class/thermal/thermal_zone2/temp	61000
noise_c2	2	0	C2	spacemit	after	temperature_millic	/sys/class/thermal/thermal_zone3/temp	61000
noise_c2	2	1	C2	spacemit	before	governor	/sys/devices/system/cpu/cpu0/cpufreq/scaling_governor	performance
noise_c2	2	1	C2	spacemit	before	governor	/sys/devices/system/cpu/cpu1/cpufreq/scaling_governor	performance
noise_c2	2	1	C2	spacemit	before	governor	/sys/devices/system/cpu/cpu2/cpufreq/scaling_governor	performance
noise_c2	2	1	C2	spacemit	before	governor	/sys/devices/system/cpu/cpu3/cpufreq/scaling_governor	performance
noise_c2	2	1	C2	spacemit	before	governor	/sys/devices/system/cpu/cpu4/cpufreq/scaling_governor	performance
noise_c2	2	1	C2	spacemit	before	governor	/sys/devices/system/cpu/cpu5/cpufreq/scaling_governor	performance
noise_c2	2	1	C2	spacemit	before	governor	/sys/devices/system/cpu/cpu6/cpufreq/scaling_governor	performance
noise_c2	2	1	C2	spacemit	before	governor	/sys/devices/system/cpu/cpu7/cpufreq/scaling_governor	performance
noise_c2	2	1	C2	spacemit	before	frequency_khz	/sys/devices/system/cpu/cpu0/cpufreq/scaling_cur_freq	1600000
noise_c2	2	1	C2	spacemit	before	frequency_khz	/sys/devices/system/cpu/cpu1/cpufreq/scaling_cur_freq	1600000
noise_c2	2	1	C2	spacemit	before	frequency_khz	/sys/devices/system/cpu/cpu2/cpufreq/scaling_cur_freq	1600000
noise_c2	2	1	C2	spacemit	before	frequency_khz	/sys/devices/system/cpu/cpu3/cpufreq/scaling_cur_freq	1600000
noise_c2	2	1	C2	spacemit	before	frequency_khz	/sys/devices/system/cpu/cpu4/cpufreq/scaling_cur_freq	1600000
noise_c2	2	1	C2	spacemit	before	frequency_khz	/sys/devices/system/cpu/cpu5/cpufreq/scaling_cur_freq	1600000
noise_c2	2	1	C2	spacemit	before	frequency_khz	/sys/devices/system/cpu/cpu6/cpufreq/scaling_cur_freq	1600000
noise_c2	2	1	C2	spacemit	before	frequency_khz	/sys/devices/system/cpu/cpu7/cpufreq/scaling_cur_freq	1600000
noise_c2	2	1	C2	spacemit	before	temperature_millic	/sys/class/thermal/thermal_zone0/temp	59000
noise_c2	2	1	C2	spacemit	before	temperature_millic	/sys/class/thermal/thermal_zone1/temp	58000
noise_c2	2	1	C2	spacemit	before	temperature_millic	/sys/class/thermal/thermal_zone2/temp	60000
noise_c2	2	1	C2	spacemit	before	temperature_millic	/sys/class/thermal/thermal_zone3/temp	60000
noise_c2	2	1	C2	spacemit	after	governor	/sys/devices/system/cpu/cpu0/cpufreq/scaling_governor	performance
noise_c2	2	1	C2	spacemit	after	governor	/sys/devices/system/cpu/cpu1/cpufreq/scaling_governor	performance
noise_c2	2	1	C2	spacemit	after	governor	/sys/devices/system/cpu/cpu2/cpufreq/scaling_governor	performance
noise_c2	2	1	C2	spacemit	after	governor	/sys/devices/system/cpu/cpu3/cpufreq/scaling_governor	performance
noise_c2	2	1	C2	spacemit	after	governor	/sys/devices/system/cpu/cpu4/cpufreq/scaling_governor	performance
noise_c2	2	1	C2	spacemit	after	governor	/sys/devices/system/cpu/cpu5/cpufreq/scaling_governor	performance
noise_c2	2	1	C2	spacemit	after	governor	/sys/devices/system/cpu/cpu6/cpufreq/scaling_governor	performance
noise_c2	2	1	C2	spacemit	after	governor	/sys/devices/system/cpu/cpu7/cpufreq/scaling_governor	performance
noise_c2	2	1	C2	spacemit	after	frequency_khz	/sys/devices/system/cpu/cpu0/cpufreq/scaling_cur_freq	1600000
noise_c2	2	1	C2	spacemit	after	frequency_khz	/sys/devices/system/cpu/cpu1/cpufreq/scaling_cur_freq	1600000
noise_c2	2	1	C2	spacemit	after	frequency_khz	/sys/devices/system/cpu/cpu2/cpufreq/scaling_cur_freq	1600000
noise_c2	2	1	C2	spacemit	after	frequency_khz	/sys/devices/system/cpu/cpu3/cpufreq/scaling_cur_freq	1600000
noise_c2	2	1	C2	spacemit	after	frequency_khz	/sys/devices/system/cpu/cpu4/cpufreq/scaling_cur_freq	1600000
noise_c2	2	1	C2	spacemit	after	frequency_khz	/sys/devices/system/cpu/cpu5/cpufreq/scaling_cur_freq	1600000
noise_c2	2	1	C2	spacemit	after	frequency_khz	/sys/devices/system/cpu/cpu6/cpufreq/scaling_cur_freq	1600000
noise_c2	2	1	C2	spacemit	after	frequency_khz	/sys/devices/system/cpu/cpu7/cpufreq/scaling_cur_freq	1600000
noise_c2	2	1	C2	spacemit	after	temperature_millic	/sys/class/thermal/thermal_zone0/temp	60000
noise_c2	2	1	C2	spacemit	after	temperature_millic	/sys/class/thermal/thermal_zone1/temp	60000
noise_c2	2	1	C2	spacemit	after	temperature_millic	/sys/class/thermal/thermal_zone2/temp	61000
noise_c2	2	1	C2	spacemit	after	temperature_millic	/sys/class/thermal/thermal_zone3/temp	61000
noise_c2	2	2	C2	spacemit	before	governor	/sys/devices/system/cpu/cpu0/cpufreq/scaling_governor	performance
noise_c2	2	2	C2	spacemit	before	governor	/sys/devices/system/cpu/cpu1/cpufreq/scaling_governor	performance
noise_c2	2	2	C2	spacemit	before	governor	/sys/devices/system/cpu/cpu2/cpufreq/scaling_governor	performance
noise_c2	2	2	C2	spacemit	before	governor	/sys/devices/system/cpu/cpu3/cpufreq/scaling_governor	performance
noise_c2	2	2	C2	spacemit	before	governor	/sys/devices/system/cpu/cpu4/cpufreq/scaling_governor	performance
noise_c2	2	2	C2	spacemit	before	governor	/sys/devices/system/cpu/cpu5/cpufreq/scaling_governor	performance
noise_c2	2	2	C2	spacemit	before	governor	/sys/devices/system/cpu/cpu6/cpufreq/scaling_governor	performance
noise_c2	2	2	C2	spacemit	before	governor	/sys/devices/system/cpu/cpu7/cpufreq/scaling_governor	performance
noise_c2	2	2	C2	spacemit	before	frequency_khz	/sys/devices/system/cpu/cpu0/cpufreq/scaling_cur_freq	1600000
noise_c2	2	2	C2	spacemit	before	frequency_khz	/sys/devices/system/cpu/cpu1/cpufreq/scaling_cur_freq	1600000
noise_c2	2	2	C2	spacemit	before	frequency_khz	/sys/devices/system/cpu/cpu2/cpufreq/scaling_cur_freq	1600000
noise_c2	2	2	C2	spacemit	before	frequency_khz	/sys/devices/system/cpu/cpu3/cpufreq/scaling_cur_freq	1600000
noise_c2	2	2	C2	spacemit	before	frequency_khz	/sys/devices/system/cpu/cpu4/cpufreq/scaling_cur_freq	1600000
noise_c2	2	2	C2	spacemit	before	frequency_khz	/sys/devices/system/cpu/cpu5/cpufreq/scaling_cur_freq	1600000
noise_c2	2	2	C2	spacemit	before	frequency_khz	/sys/devices/system/cpu/cpu6/cpufreq/scaling_cur_freq	1600000
noise_c2	2	2	C2	spacemit	before	frequency_khz	/sys/devices/system/cpu/cpu7/cpufreq/scaling_cur_freq	1600000
noise_c2	2	2	C2	spacemit	before	temperature_millic	/sys/class/thermal/thermal_zone0/temp	60000
noise_c2	2	2	C2	spacemit	before	temperature_millic	/sys/class/thermal/thermal_zone1/temp	60000
noise_c2	2	2	C2	spacemit	before	temperature_millic	/sys/class/thermal/thermal_zone2/temp	61000
noise_c2	2	2	C2	spacemit	before	temperature_millic	/sys/class/thermal/thermal_zone3/temp	62000
noise_c2	2	2	C2	spacemit	after	governor	/sys/devices/system/cpu/cpu0/cpufreq/scaling_governor	performance
noise_c2	2	2	C2	spacemit	after	governor	/sys/devices/system/cpu/cpu1/cpufreq/scaling_governor	performance
noise_c2	2	2	C2	spacemit	after	governor	/sys/devices/system/cpu/cpu2/cpufreq/scaling_governor	performance
noise_c2	2	2	C2	spacemit	after	governor	/sys/devices/system/cpu/cpu3/cpufreq/scaling_governor	performance
noise_c2	2	2	C2	spacemit	after	governor	/sys/devices/system/cpu/cpu4/cpufreq/scaling_governor	performance
noise_c2	2	2	C2	spacemit	after	governor	/sys/devices/system/cpu/cpu5/cpufreq/scaling_governor	performance
noise_c2	2	2	C2	spacemit	after	governor	/sys/devices/system/cpu/cpu6/cpufreq/scaling_governor	performance
noise_c2	2	2	C2	spacemit	after	governor	/sys/devices/system/cpu/cpu7/cpufreq/scaling_governor	performance
noise_c2	2	2	C2	spacemit	after	frequency_khz	/sys/devices/system/cpu/cpu0/cpufreq/scaling_cur_freq	1600000
noise_c2	2	2	C2	spacemit	after	frequency_khz	/sys/devices/system/cpu/cpu1/cpufreq/scaling_cur_freq	1600000
noise_c2	2	2	C2	spacemit	after	frequency_khz	/sys/devices/system/cpu/cpu2/cpufreq/scaling_cur_freq	1600000
noise_c2	2	2	C2	spacemit	after	frequency_khz	/sys/devices/system/cpu/cpu3/cpufreq/scaling_cur_freq	1600000
noise_c2	2	2	C2	spacemit	after	frequency_khz	/sys/devices/system/cpu/cpu4/cpufreq/scaling_cur_freq	1600000
noise_c2	2	2	C2	spacemit	after	frequency_khz	/sys/devices/system/cpu/cpu5/cpufreq/scaling_cur_freq	1600000
noise_c2	2	2	C2	spacemit	after	frequency_khz	/sys/devices/system/cpu/cpu6/cpufreq/scaling_cur_freq	1600000
noise_c2	2	2	C2	spacemit	after	frequency_khz	/sys/devices/system/cpu/cpu7/cpufreq/scaling_cur_freq	1600000
noise_c2	2	2	C2	spacemit	after	temperature_millic	/sys/class/thermal/thermal_zone0/temp	59000
noise_c2	2	2	C2	spacemit	after	temperature_millic	/sys/class/thermal/thermal_zone1/temp	59000
noise_c2	2	2	C2	spacemit	after	temperature_millic	/sys/class/thermal/thermal_zone2/temp	61000
noise_c2	2	2	C2	spacemit	after	temperature_millic	/sys/class/thermal/thermal_zone3/temp	61000
noise_c2	2	3	C2	spacemit	before	governor	/sys/devices/system/cpu/cpu0/cpufreq/scaling_governor	performance
noise_c2	2	3	C2	spacemit	before	governor	/sys/devices/system/cpu/cpu1/cpufreq/scaling_governor	performance
noise_c2	2	3	C2	spacemit	before	governor	/sys/devices/system/cpu/cpu2/cpufreq/scaling_governor	performance
noise_c2	2	3	C2	spacemit	before	governor	/sys/devices/system/cpu/cpu3/cpufreq/scaling_governor	performance
noise_c2	2	3	C2	spacemit	before	governor	/sys/devices/system/cpu/cpu4/cpufreq/scaling_governor	performance
noise_c2	2	3	C2	spacemit	before	governor	/sys/devices/system/cpu/cpu5/cpufreq/scaling_governor	performance
noise_c2	2	3	C2	spacemit	before	governor	/sys/devices/system/cpu/cpu6/cpufreq/scaling_governor	performance
noise_c2	2	3	C2	spacemit	before	governor	/sys/devices/system/cpu/cpu7/cpufreq/scaling_governor	performance
noise_c2	2	3	C2	spacemit	before	frequency_khz	/sys/devices/system/cpu/cpu0/cpufreq/scaling_cur_freq	1600000
noise_c2	2	3	C2	spacemit	before	frequency_khz	/sys/devices/system/cpu/cpu1/cpufreq/scaling_cur_freq	1600000
noise_c2	2	3	C2	spacemit	before	frequency_khz	/sys/devices/system/cpu/cpu2/cpufreq/scaling_cur_freq	1600000
noise_c2	2	3	C2	spacemit	before	frequency_khz	/sys/devices/system/cpu/cpu3/cpufreq/scaling_cur_freq	1600000
noise_c2	2	3	C2	spacemit	before	frequency_khz	/sys/devices/system/cpu/cpu4/cpufreq/scaling_cur_freq	1600000
noise_c2	2	3	C2	spacemit	before	frequency_khz	/sys/devices/system/cpu/cpu5/cpufreq/scaling_cur_freq	1600000
noise_c2	2	3	C2	spacemit	before	frequency_khz	/sys/devices/system/cpu/cpu6/cpufreq/scaling_cur_freq	1600000
noise_c2	2	3	C2	spacemit	before	frequency_khz	/sys/devices/system/cpu/cpu7/cpufreq/scaling_cur_freq	1600000
noise_c2	2	3	C2	spacemit	before	temperature_millic	/sys/class/thermal/thermal_zone0/temp	60000
noise_c2	2	3	C2	spacemit	before	temperature_millic	/sys/class/thermal/thermal_zone1/temp	59000
noise_c2	2	3	C2	spacemit	before	temperature_millic	/sys/class/thermal/thermal_zone2/temp	61000
noise_c2	2	3	C2	spacemit	before	temperature_millic	/sys/class/thermal/thermal_zone3/temp	61000
noise_c2	2	3	C2	spacemit	after	governor	/sys/devices/system/cpu/cpu0/cpufreq/scaling_governor	performance
noise_c2	2	3	C2	spacemit	after	governor	/sys/devices/system/cpu/cpu1/cpufreq/scaling_governor	performance
noise_c2	2	3	C2	spacemit	after	governor	/sys/devices/system/cpu/cpu2/cpufreq/scaling_governor	performance
noise_c2	2	3	C2	spacemit	after	governor	/sys/devices/system/cpu/cpu3/cpufreq/scaling_governor	performance
noise_c2	2	3	C2	spacemit	after	governor	/sys/devices/system/cpu/cpu4/cpufreq/scaling_governor	performance
noise_c2	2	3	C2	spacemit	after	governor	/sys/devices/system/cpu/cpu5/cpufreq/scaling_governor	performance
noise_c2	2	3	C2	spacemit	after	governor	/sys/devices/system/cpu/cpu6/cpufreq/scaling_governor	performance
noise_c2	2	3	C2	spacemit	after	governor	/sys/devices/system/cpu/cpu7/cpufreq/scaling_governor	performance
noise_c2	2	3	C2	spacemit	after	frequency_khz	/sys/devices/system/cpu/cpu0/cpufreq/scaling_cur_freq	1600000
noise_c2	2	3	C2	spacemit	after	frequency_khz	/sys/devices/system/cpu/cpu1/cpufreq/scaling_cur_freq	1600000
noise_c2	2	3	C2	spacemit	after	frequency_khz	/sys/devices/system/cpu/cpu2/cpufreq/scaling_cur_freq	1600000
noise_c2	2	3	C2	spacemit	after	frequency_khz	/sys/devices/system/cpu/cpu3/cpufreq/scaling_cur_freq	1600000
noise_c2	2	3	C2	spacemit	after	frequency_khz	/sys/devices/system/cpu/cpu4/cpufreq/scaling_cur_freq	1600000
noise_c2	2	3	C2	spacemit	after	frequency_khz	/sys/devices/system/cpu/cpu5/cpufreq/scaling_cur_freq	1600000
noise_c2	2	3	C2	spacemit	after	frequency_khz	/sys/devices/system/cpu/cpu6/cpufreq/scaling_cur_freq	1600000
noise_c2	2	3	C2	spacemit	after	frequency_khz	/sys/devices/system/cpu/cpu7/cpufreq/scaling_cur_freq	1600000
noise_c2	2	3	C2	spacemit	after	temperature_millic	/sys/class/thermal/thermal_zone0/temp	60000
noise_c2	2	3	C2	spacemit	after	temperature_millic	/sys/class/thermal/thermal_zone1/temp	59000
noise_c2	2	3	C2	spacemit	after	temperature_millic	/sys/class/thermal/thermal_zone2/temp	61000
noise_c2	2	3	C2	spacemit	after	temperature_millic	/sys/class/thermal/thermal_zone3/temp	62000
noise_c2	3	0	C2	spacemit	before	governor	/sys/devices/system/cpu/cpu0/cpufreq/scaling_governor	performance
noise_c2	3	0	C2	spacemit	before	governor	/sys/devices/system/cpu/cpu1/cpufreq/scaling_governor	performance
noise_c2	3	0	C2	spacemit	before	governor	/sys/devices/system/cpu/cpu2/cpufreq/scaling_governor	performance
noise_c2	3	0	C2	spacemit	before	governor	/sys/devices/system/cpu/cpu3/cpufreq/scaling_governor	performance
noise_c2	3	0	C2	spacemit	before	governor	/sys/devices/system/cpu/cpu4/cpufreq/scaling_governor	performance
noise_c2	3	0	C2	spacemit	before	governor	/sys/devices/system/cpu/cpu5/cpufreq/scaling_governor	performance
noise_c2	3	0	C2	spacemit	before	governor	/sys/devices/system/cpu/cpu6/cpufreq/scaling_governor	performance
noise_c2	3	0	C2	spacemit	before	governor	/sys/devices/system/cpu/cpu7/cpufreq/scaling_governor	performance
noise_c2	3	0	C2	spacemit	before	frequency_khz	/sys/devices/system/cpu/cpu0/cpufreq/scaling_cur_freq	1600000
noise_c2	3	0	C2	spacemit	before	frequency_khz	/sys/devices/system/cpu/cpu1/cpufreq/scaling_cur_freq	1600000
noise_c2	3	0	C2	spacemit	before	frequency_khz	/sys/devices/system/cpu/cpu2/cpufreq/scaling_cur_freq	1600000
noise_c2	3	0	C2	spacemit	before	frequency_khz	/sys/devices/system/cpu/cpu3/cpufreq/scaling_cur_freq	1600000
noise_c2	3	0	C2	spacemit	before	frequency_khz	/sys/devices/system/cpu/cpu4/cpufreq/scaling_cur_freq	1600000
noise_c2	3	0	C2	spacemit	before	frequency_khz	/sys/devices/system/cpu/cpu5/cpufreq/scaling_cur_freq	1600000
noise_c2	3	0	C2	spacemit	before	frequency_khz	/sys/devices/system/cpu/cpu6/cpufreq/scaling_cur_freq	1600000
noise_c2	3	0	C2	spacemit	before	frequency_khz	/sys/devices/system/cpu/cpu7/cpufreq/scaling_cur_freq	1600000
noise_c2	3	0	C2	spacemit	before	temperature_millic	/sys/class/thermal/thermal_zone0/temp	59000
noise_c2	3	0	C2	spacemit	before	temperature_millic	/sys/class/thermal/thermal_zone1/temp	58000
noise_c2	3	0	C2	spacemit	before	temperature_millic	/sys/class/thermal/thermal_zone2/temp	61000
noise_c2	3	0	C2	spacemit	before	temperature_millic	/sys/class/thermal/thermal_zone3/temp	60000
noise_c2	3	0	C2	spacemit	after	governor	/sys/devices/system/cpu/cpu0/cpufreq/scaling_governor	performance
noise_c2	3	0	C2	spacemit	after	governor	/sys/devices/system/cpu/cpu1/cpufreq/scaling_governor	performance
noise_c2	3	0	C2	spacemit	after	governor	/sys/devices/system/cpu/cpu2/cpufreq/scaling_governor	performance
noise_c2	3	0	C2	spacemit	after	governor	/sys/devices/system/cpu/cpu3/cpufreq/scaling_governor	performance
noise_c2	3	0	C2	spacemit	after	governor	/sys/devices/system/cpu/cpu4/cpufreq/scaling_governor	performance
noise_c2	3	0	C2	spacemit	after	governor	/sys/devices/system/cpu/cpu5/cpufreq/scaling_governor	performance
noise_c2	3	0	C2	spacemit	after	governor	/sys/devices/system/cpu/cpu6/cpufreq/scaling_governor	performance
noise_c2	3	0	C2	spacemit	after	governor	/sys/devices/system/cpu/cpu7/cpufreq/scaling_governor	performance
noise_c2	3	0	C2	spacemit	after	frequency_khz	/sys/devices/system/cpu/cpu0/cpufreq/scaling_cur_freq	1600000
noise_c2	3	0	C2	spacemit	after	frequency_khz	/sys/devices/system/cpu/cpu1/cpufreq/scaling_cur_freq	1600000
noise_c2	3	0	C2	spacemit	after	frequency_khz	/sys/devices/system/cpu/cpu2/cpufreq/scaling_cur_freq	1600000
noise_c2	3	0	C2	spacemit	after	frequency_khz	/sys/devices/system/cpu/cpu3/cpufreq/scaling_cur_freq	1600000
noise_c2	3	0	C2	spacemit	after	frequency_khz	/sys/devices/system/cpu/cpu4/cpufreq/scaling_cur_freq	1600000
noise_c2	3	0	C2	spacemit	after	frequency_khz	/sys/devices/system/cpu/cpu5/cpufreq/scaling_cur_freq	1600000
noise_c2	3	0	C2	spacemit	after	frequency_khz	/sys/devices/system/cpu/cpu6/cpufreq/scaling_cur_freq	1600000
noise_c2	3	0	C2	spacemit	after	frequency_khz	/sys/devices/system/cpu/cpu7/cpufreq/scaling_cur_freq	1600000
noise_c2	3	0	C2	spacemit	after	temperature_millic	/sys/class/thermal/thermal_zone0/temp	60000
noise_c2	3	0	C2	spacemit	after	temperature_millic	/sys/class/thermal/thermal_zone1/temp	60000
noise_c2	3	0	C2	spacemit	after	temperature_millic	/sys/class/thermal/thermal_zone2/temp	62000
noise_c2	3	0	C2	spacemit	after	temperature_millic	/sys/class/thermal/thermal_zone3/temp	61000
noise_c2	3	1	C2	spacemit	before	governor	/sys/devices/system/cpu/cpu0/cpufreq/scaling_governor	performance
noise_c2	3	1	C2	spacemit	before	governor	/sys/devices/system/cpu/cpu1/cpufreq/scaling_governor	performance
noise_c2	3	1	C2	spacemit	before	governor	/sys/devices/system/cpu/cpu2/cpufreq/scaling_governor	performance
noise_c2	3	1	C2	spacemit	before	governor	/sys/devices/system/cpu/cpu3/cpufreq/scaling_governor	performance
noise_c2	3	1	C2	spacemit	before	governor	/sys/devices/system/cpu/cpu4/cpufreq/scaling_governor	performance
noise_c2	3	1	C2	spacemit	before	governor	/sys/devices/system/cpu/cpu5/cpufreq/scaling_governor	performance
noise_c2	3	1	C2	spacemit	before	governor	/sys/devices/system/cpu/cpu6/cpufreq/scaling_governor	performance
noise_c2	3	1	C2	spacemit	before	governor	/sys/devices/system/cpu/cpu7/cpufreq/scaling_governor	performance
noise_c2	3	1	C2	spacemit	before	frequency_khz	/sys/devices/system/cpu/cpu0/cpufreq/scaling_cur_freq	1600000
noise_c2	3	1	C2	spacemit	before	frequency_khz	/sys/devices/system/cpu/cpu1/cpufreq/scaling_cur_freq	1600000
noise_c2	3	1	C2	spacemit	before	frequency_khz	/sys/devices/system/cpu/cpu2/cpufreq/scaling_cur_freq	1600000
noise_c2	3	1	C2	spacemit	before	frequency_khz	/sys/devices/system/cpu/cpu3/cpufreq/scaling_cur_freq	1600000
noise_c2	3	1	C2	spacemit	before	frequency_khz	/sys/devices/system/cpu/cpu4/cpufreq/scaling_cur_freq	1600000
noise_c2	3	1	C2	spacemit	before	frequency_khz	/sys/devices/system/cpu/cpu5/cpufreq/scaling_cur_freq	1600000
noise_c2	3	1	C2	spacemit	before	frequency_khz	/sys/devices/system/cpu/cpu6/cpufreq/scaling_cur_freq	1600000
noise_c2	3	1	C2	spacemit	before	frequency_khz	/sys/devices/system/cpu/cpu7/cpufreq/scaling_cur_freq	1600000
noise_c2	3	1	C2	spacemit	before	temperature_millic	/sys/class/thermal/thermal_zone0/temp	60000
noise_c2	3	1	C2	spacemit	before	temperature_millic	/sys/class/thermal/thermal_zone1/temp	59000
noise_c2	3	1	C2	spacemit	before	temperature_millic	/sys/class/thermal/thermal_zone2/temp	61000
noise_c2	3	1	C2	spacemit	before	temperature_millic	/sys/class/thermal/thermal_zone3/temp	61000
noise_c2	3	1	C2	spacemit	after	governor	/sys/devices/system/cpu/cpu0/cpufreq/scaling_governor	performance
noise_c2	3	1	C2	spacemit	after	governor	/sys/devices/system/cpu/cpu1/cpufreq/scaling_governor	performance
noise_c2	3	1	C2	spacemit	after	governor	/sys/devices/system/cpu/cpu2/cpufreq/scaling_governor	performance
noise_c2	3	1	C2	spacemit	after	governor	/sys/devices/system/cpu/cpu3/cpufreq/scaling_governor	performance
noise_c2	3	1	C2	spacemit	after	governor	/sys/devices/system/cpu/cpu4/cpufreq/scaling_governor	performance
noise_c2	3	1	C2	spacemit	after	governor	/sys/devices/system/cpu/cpu5/cpufreq/scaling_governor	performance
noise_c2	3	1	C2	spacemit	after	governor	/sys/devices/system/cpu/cpu6/cpufreq/scaling_governor	performance
noise_c2	3	1	C2	spacemit	after	governor	/sys/devices/system/cpu/cpu7/cpufreq/scaling_governor	performance
noise_c2	3	1	C2	spacemit	after	frequency_khz	/sys/devices/system/cpu/cpu0/cpufreq/scaling_cur_freq	1600000
noise_c2	3	1	C2	spacemit	after	frequency_khz	/sys/devices/system/cpu/cpu1/cpufreq/scaling_cur_freq	1600000
noise_c2	3	1	C2	spacemit	after	frequency_khz	/sys/devices/system/cpu/cpu2/cpufreq/scaling_cur_freq	1600000
noise_c2	3	1	C2	spacemit	after	frequency_khz	/sys/devices/system/cpu/cpu3/cpufreq/scaling_cur_freq	1600000
noise_c2	3	1	C2	spacemit	after	frequency_khz	/sys/devices/system/cpu/cpu4/cpufreq/scaling_cur_freq	1600000
noise_c2	3	1	C2	spacemit	after	frequency_khz	/sys/devices/system/cpu/cpu5/cpufreq/scaling_cur_freq	1600000
noise_c2	3	1	C2	spacemit	after	frequency_khz	/sys/devices/system/cpu/cpu6/cpufreq/scaling_cur_freq	1600000
noise_c2	3	1	C2	spacemit	after	frequency_khz	/sys/devices/system/cpu/cpu7/cpufreq/scaling_cur_freq	1600000
noise_c2	3	1	C2	spacemit	after	temperature_millic	/sys/class/thermal/thermal_zone0/temp	60000
noise_c2	3	1	C2	spacemit	after	temperature_millic	/sys/class/thermal/thermal_zone1/temp	59000
noise_c2	3	1	C2	spacemit	after	temperature_millic	/sys/class/thermal/thermal_zone2/temp	61000
noise_c2	3	1	C2	spacemit	after	temperature_millic	/sys/class/thermal/thermal_zone3/temp	59000
noise_c2	3	2	C2	spacemit	before	governor	/sys/devices/system/cpu/cpu0/cpufreq/scaling_governor	performance
noise_c2	3	2	C2	spacemit	before	governor	/sys/devices/system/cpu/cpu1/cpufreq/scaling_governor	performance
noise_c2	3	2	C2	spacemit	before	governor	/sys/devices/system/cpu/cpu2/cpufreq/scaling_governor	performance
noise_c2	3	2	C2	spacemit	before	governor	/sys/devices/system/cpu/cpu3/cpufreq/scaling_governor	performance
noise_c2	3	2	C2	spacemit	before	governor	/sys/devices/system/cpu/cpu4/cpufreq/scaling_governor	performance
noise_c2	3	2	C2	spacemit	before	governor	/sys/devices/system/cpu/cpu5/cpufreq/scaling_governor	performance
noise_c2	3	2	C2	spacemit	before	governor	/sys/devices/system/cpu/cpu6/cpufreq/scaling_governor	performance
noise_c2	3	2	C2	spacemit	before	governor	/sys/devices/system/cpu/cpu7/cpufreq/scaling_governor	performance
noise_c2	3	2	C2	spacemit	before	frequency_khz	/sys/devices/system/cpu/cpu0/cpufreq/scaling_cur_freq	1600000
noise_c2	3	2	C2	spacemit	before	frequency_khz	/sys/devices/system/cpu/cpu1/cpufreq/scaling_cur_freq	1600000
noise_c2	3	2	C2	spacemit	before	frequency_khz	/sys/devices/system/cpu/cpu2/cpufreq/scaling_cur_freq	1600000
noise_c2	3	2	C2	spacemit	before	frequency_khz	/sys/devices/system/cpu/cpu3/cpufreq/scaling_cur_freq	1600000
noise_c2	3	2	C2	spacemit	before	frequency_khz	/sys/devices/system/cpu/cpu4/cpufreq/scaling_cur_freq	1600000
noise_c2	3	2	C2	spacemit	before	frequency_khz	/sys/devices/system/cpu/cpu5/cpufreq/scaling_cur_freq	1600000
noise_c2	3	2	C2	spacemit	before	frequency_khz	/sys/devices/system/cpu/cpu6/cpufreq/scaling_cur_freq	1600000
noise_c2	3	2	C2	spacemit	before	frequency_khz	/sys/devices/system/cpu/cpu7/cpufreq/scaling_cur_freq	1600000
noise_c2	3	2	C2	spacemit	before	temperature_millic	/sys/class/thermal/thermal_zone0/temp	61000
noise_c2	3	2	C2	spacemit	before	temperature_millic	/sys/class/thermal/thermal_zone1/temp	59000
noise_c2	3	2	C2	spacemit	before	temperature_millic	/sys/class/thermal/thermal_zone2/temp	60000
noise_c2	3	2	C2	spacemit	before	temperature_millic	/sys/class/thermal/thermal_zone3/temp	60000
noise_c2	3	2	C2	spacemit	after	governor	/sys/devices/system/cpu/cpu0/cpufreq/scaling_governor	performance
noise_c2	3	2	C2	spacemit	after	governor	/sys/devices/system/cpu/cpu1/cpufreq/scaling_governor	performance
noise_c2	3	2	C2	spacemit	after	governor	/sys/devices/system/cpu/cpu2/cpufreq/scaling_governor	performance
noise_c2	3	2	C2	spacemit	after	governor	/sys/devices/system/cpu/cpu3/cpufreq/scaling_governor	performance
noise_c2	3	2	C2	spacemit	after	governor	/sys/devices/system/cpu/cpu4/cpufreq/scaling_governor	performance
noise_c2	3	2	C2	spacemit	after	governor	/sys/devices/system/cpu/cpu5/cpufreq/scaling_governor	performance
noise_c2	3	2	C2	spacemit	after	governor	/sys/devices/system/cpu/cpu6/cpufreq/scaling_governor	performance
noise_c2	3	2	C2	spacemit	after	governor	/sys/devices/system/cpu/cpu7/cpufreq/scaling_governor	performance
noise_c2	3	2	C2	spacemit	after	frequency_khz	/sys/devices/system/cpu/cpu0/cpufreq/scaling_cur_freq	1600000
noise_c2	3	2	C2	spacemit	after	frequency_khz	/sys/devices/system/cpu/cpu1/cpufreq/scaling_cur_freq	1600000
noise_c2	3	2	C2	spacemit	after	frequency_khz	/sys/devices/system/cpu/cpu2/cpufreq/scaling_cur_freq	1600000
noise_c2	3	2	C2	spacemit	after	frequency_khz	/sys/devices/system/cpu/cpu3/cpufreq/scaling_cur_freq	1600000
noise_c2	3	2	C2	spacemit	after	frequency_khz	/sys/devices/system/cpu/cpu4/cpufreq/scaling_cur_freq	1600000
noise_c2	3	2	C2	spacemit	after	frequency_khz	/sys/devices/system/cpu/cpu5/cpufreq/scaling_cur_freq	1600000
noise_c2	3	2	C2	spacemit	after	frequency_khz	/sys/devices/system/cpu/cpu6/cpufreq/scaling_cur_freq	1600000
noise_c2	3	2	C2	spacemit	after	frequency_khz	/sys/devices/system/cpu/cpu7/cpufreq/scaling_cur_freq	1600000
noise_c2	3	2	C2	spacemit	after	temperature_millic	/sys/class/thermal/thermal_zone0/temp	60000
noise_c2	3	2	C2	spacemit	after	temperature_millic	/sys/class/thermal/thermal_zone1/temp	60000
noise_c2	3	2	C2	spacemit	after	temperature_millic	/sys/class/thermal/thermal_zone2/temp	60000
noise_c2	3	2	C2	spacemit	after	temperature_millic	/sys/class/thermal/thermal_zone3/temp	62000
noise_c2	3	3	C2	spacemit	before	governor	/sys/devices/system/cpu/cpu0/cpufreq/scaling_governor	performance
noise_c2	3	3	C2	spacemit	before	governor	/sys/devices/system/cpu/cpu1/cpufreq/scaling_governor	performance
noise_c2	3	3	C2	spacemit	before	governor	/sys/devices/system/cpu/cpu2/cpufreq/scaling_governor	performance
noise_c2	3	3	C2	spacemit	before	governor	/sys/devices/system/cpu/cpu3/cpufreq/scaling_governor	performance
noise_c2	3	3	C2	spacemit	before	governor	/sys/devices/system/cpu/cpu4/cpufreq/scaling_governor	performance
noise_c2	3	3	C2	spacemit	before	governor	/sys/devices/system/cpu/cpu5/cpufreq/scaling_governor	performance
noise_c2	3	3	C2	spacemit	before	governor	/sys/devices/system/cpu/cpu6/cpufreq/scaling_governor	performance
noise_c2	3	3	C2	spacemit	before	governor	/sys/devices/system/cpu/cpu7/cpufreq/scaling_governor	performance
noise_c2	3	3	C2	spacemit	before	frequency_khz	/sys/devices/system/cpu/cpu0/cpufreq/scaling_cur_freq	1600000
noise_c2	3	3	C2	spacemit	before	frequency_khz	/sys/devices/system/cpu/cpu1/cpufreq/scaling_cur_freq	1600000
noise_c2	3	3	C2	spacemit	before	frequency_khz	/sys/devices/system/cpu/cpu2/cpufreq/scaling_cur_freq	1600000
noise_c2	3	3	C2	spacemit	before	frequency_khz	/sys/devices/system/cpu/cpu3/cpufreq/scaling_cur_freq	1600000
noise_c2	3	3	C2	spacemit	before	frequency_khz	/sys/devices/system/cpu/cpu4/cpufreq/scaling_cur_freq	1600000
noise_c2	3	3	C2	spacemit	before	frequency_khz	/sys/devices/system/cpu/cpu5/cpufreq/scaling_cur_freq	1600000
noise_c2	3	3	C2	spacemit	before	frequency_khz	/sys/devices/system/cpu/cpu6/cpufreq/scaling_cur_freq	1600000
noise_c2	3	3	C2	spacemit	before	frequency_khz	/sys/devices/system/cpu/cpu7/cpufreq/scaling_cur_freq	1600000
noise_c2	3	3	C2	spacemit	before	temperature_millic	/sys/class/thermal/thermal_zone0/temp	59000
noise_c2	3	3	C2	spacemit	before	temperature_millic	/sys/class/thermal/thermal_zone1/temp	59000
noise_c2	3	3	C2	spacemit	before	temperature_millic	/sys/class/thermal/thermal_zone2/temp	60000
noise_c2	3	3	C2	spacemit	before	temperature_millic	/sys/class/thermal/thermal_zone3/temp	61000
noise_c2	3	3	C2	spacemit	after	governor	/sys/devices/system/cpu/cpu0/cpufreq/scaling_governor	performance
noise_c2	3	3	C2	spacemit	after	governor	/sys/devices/system/cpu/cpu1/cpufreq/scaling_governor	performance
noise_c2	3	3	C2	spacemit	after	governor	/sys/devices/system/cpu/cpu2/cpufreq/scaling_governor	performance
noise_c2	3	3	C2	spacemit	after	governor	/sys/devices/system/cpu/cpu3/cpufreq/scaling_governor	performance
noise_c2	3	3	C2	spacemit	after	governor	/sys/devices/system/cpu/cpu4/cpufreq/scaling_governor	performance
noise_c2	3	3	C2	spacemit	after	governor	/sys/devices/system/cpu/cpu5/cpufreq/scaling_governor	performance
noise_c2	3	3	C2	spacemit	after	governor	/sys/devices/system/cpu/cpu6/cpufreq/scaling_governor	performance
noise_c2	3	3	C2	spacemit	after	governor	/sys/devices/system/cpu/cpu7/cpufreq/scaling_governor	performance
noise_c2	3	3	C2	spacemit	after	frequency_khz	/sys/devices/system/cpu/cpu0/cpufreq/scaling_cur_freq	1600000
noise_c2	3	3	C2	spacemit	after	frequency_khz	/sys/devices/system/cpu/cpu1/cpufreq/scaling_cur_freq	1600000
noise_c2	3	3	C2	spacemit	after	frequency_khz	/sys/devices/system/cpu/cpu2/cpufreq/scaling_cur_freq	1600000
noise_c2	3	3	C2	spacemit	after	frequency_khz	/sys/devices/system/cpu/cpu3/cpufreq/scaling_cur_freq	1600000
noise_c2	3	3	C2	spacemit	after	frequency_khz	/sys/devices/system/cpu/cpu4/cpufreq/scaling_cur_freq	1600000
noise_c2	3	3	C2	spacemit	after	frequency_khz	/sys/devices/system/cpu/cpu5/cpufreq/scaling_cur_freq	1600000
noise_c2	3	3	C2	spacemit	after	frequency_khz	/sys/devices/system/cpu/cpu6/cpufreq/scaling_cur_freq	1600000
noise_c2	3	3	C2	spacemit	after	frequency_khz	/sys/devices/system/cpu/cpu7/cpufreq/scaling_cur_freq	1600000
noise_c2	3	3	C2	spacemit	after	temperature_millic	/sys/class/thermal/thermal_zone0/temp	60000
noise_c2	3	3	C2	spacemit	after	temperature_millic	/sys/class/thermal/thermal_zone1/temp	61000
noise_c2	3	3	C2	spacemit	after	temperature_millic	/sys/class/thermal/thermal_zone2/temp	61000
noise_c2	3	3	C2	spacemit	after	temperature_millic	/sys/class/thermal/thermal_zone3/temp	60000
noise_c2	4	0	C2	spacemit	before	governor	/sys/devices/system/cpu/cpu0/cpufreq/scaling_governor	performance
noise_c2	4	0	C2	spacemit	before	governor	/sys/devices/system/cpu/cpu1/cpufreq/scaling_governor	performance
noise_c2	4	0	C2	spacemit	before	governor	/sys/devices/system/cpu/cpu2/cpufreq/scaling_governor	performance
noise_c2	4	0	C2	spacemit	before	governor	/sys/devices/system/cpu/cpu3/cpufreq/scaling_governor	performance
noise_c2	4	0	C2	spacemit	before	governor	/sys/devices/system/cpu/cpu4/cpufreq/scaling_governor	performance
noise_c2	4	0	C2	spacemit	before	governor	/sys/devices/system/cpu/cpu5/cpufreq/scaling_governor	performance
noise_c2	4	0	C2	spacemit	before	governor	/sys/devices/system/cpu/cpu6/cpufreq/scaling_governor	performance
noise_c2	4	0	C2	spacemit	before	governor	/sys/devices/system/cpu/cpu7/cpufreq/scaling_governor	performance
noise_c2	4	0	C2	spacemit	before	frequency_khz	/sys/devices/system/cpu/cpu0/cpufreq/scaling_cur_freq	1600000
noise_c2	4	0	C2	spacemit	before	frequency_khz	/sys/devices/system/cpu/cpu1/cpufreq/scaling_cur_freq	1600000
noise_c2	4	0	C2	spacemit	before	frequency_khz	/sys/devices/system/cpu/cpu2/cpufreq/scaling_cur_freq	1600000
noise_c2	4	0	C2	spacemit	before	frequency_khz	/sys/devices/system/cpu/cpu3/cpufreq/scaling_cur_freq	1600000
noise_c2	4	0	C2	spacemit	before	frequency_khz	/sys/devices/system/cpu/cpu4/cpufreq/scaling_cur_freq	1600000
noise_c2	4	0	C2	spacemit	before	frequency_khz	/sys/devices/system/cpu/cpu5/cpufreq/scaling_cur_freq	1600000
noise_c2	4	0	C2	spacemit	before	frequency_khz	/sys/devices/system/cpu/cpu6/cpufreq/scaling_cur_freq	1600000
noise_c2	4	0	C2	spacemit	before	frequency_khz	/sys/devices/system/cpu/cpu7/cpufreq/scaling_cur_freq	1600000
noise_c2	4	0	C2	spacemit	before	temperature_millic	/sys/class/thermal/thermal_zone0/temp	59000
noise_c2	4	0	C2	spacemit	before	temperature_millic	/sys/class/thermal/thermal_zone1/temp	60000
noise_c2	4	0	C2	spacemit	before	temperature_millic	/sys/class/thermal/thermal_zone2/temp	61000
noise_c2	4	0	C2	spacemit	before	temperature_millic	/sys/class/thermal/thermal_zone3/temp	62000
noise_c2	4	0	C2	spacemit	after	governor	/sys/devices/system/cpu/cpu0/cpufreq/scaling_governor	performance
noise_c2	4	0	C2	spacemit	after	governor	/sys/devices/system/cpu/cpu1/cpufreq/scaling_governor	performance
noise_c2	4	0	C2	spacemit	after	governor	/sys/devices/system/cpu/cpu2/cpufreq/scaling_governor	performance
noise_c2	4	0	C2	spacemit	after	governor	/sys/devices/system/cpu/cpu3/cpufreq/scaling_governor	performance
noise_c2	4	0	C2	spacemit	after	governor	/sys/devices/system/cpu/cpu4/cpufreq/scaling_governor	performance
noise_c2	4	0	C2	spacemit	after	governor	/sys/devices/system/cpu/cpu5/cpufreq/scaling_governor	performance
noise_c2	4	0	C2	spacemit	after	governor	/sys/devices/system/cpu/cpu6/cpufreq/scaling_governor	performance
noise_c2	4	0	C2	spacemit	after	governor	/sys/devices/system/cpu/cpu7/cpufreq/scaling_governor	performance
noise_c2	4	0	C2	spacemit	after	frequency_khz	/sys/devices/system/cpu/cpu0/cpufreq/scaling_cur_freq	1600000
noise_c2	4	0	C2	spacemit	after	frequency_khz	/sys/devices/system/cpu/cpu1/cpufreq/scaling_cur_freq	1600000
noise_c2	4	0	C2	spacemit	after	frequency_khz	/sys/devices/system/cpu/cpu2/cpufreq/scaling_cur_freq	1600000
noise_c2	4	0	C2	spacemit	after	frequency_khz	/sys/devices/system/cpu/cpu3/cpufreq/scaling_cur_freq	1600000
noise_c2	4	0	C2	spacemit	after	frequency_khz	/sys/devices/system/cpu/cpu4/cpufreq/scaling_cur_freq	1600000
noise_c2	4	0	C2	spacemit	after	frequency_khz	/sys/devices/system/cpu/cpu5/cpufreq/scaling_cur_freq	1600000
noise_c2	4	0	C2	spacemit	after	frequency_khz	/sys/devices/system/cpu/cpu6/cpufreq/scaling_cur_freq	1600000
noise_c2	4	0	C2	spacemit	after	frequency_khz	/sys/devices/system/cpu/cpu7/cpufreq/scaling_cur_freq	1600000
noise_c2	4	0	C2	spacemit	after	temperature_millic	/sys/class/thermal/thermal_zone0/temp	60000
noise_c2	4	0	C2	spacemit	after	temperature_millic	/sys/class/thermal/thermal_zone1/temp	60000
noise_c2	4	0	C2	spacemit	after	temperature_millic	/sys/class/thermal/thermal_zone2/temp	61000
noise_c2	4	0	C2	spacemit	after	temperature_millic	/sys/class/thermal/thermal_zone3/temp	61000
noise_c2	4	1	C2	spacemit	before	governor	/sys/devices/system/cpu/cpu0/cpufreq/scaling_governor	performance
noise_c2	4	1	C2	spacemit	before	governor	/sys/devices/system/cpu/cpu1/cpufreq/scaling_governor	performance
noise_c2	4	1	C2	spacemit	before	governor	/sys/devices/system/cpu/cpu2/cpufreq/scaling_governor	performance
noise_c2	4	1	C2	spacemit	before	governor	/sys/devices/system/cpu/cpu3/cpufreq/scaling_governor	performance
noise_c2	4	1	C2	spacemit	before	governor	/sys/devices/system/cpu/cpu4/cpufreq/scaling_governor	performance
noise_c2	4	1	C2	spacemit	before	governor	/sys/devices/system/cpu/cpu5/cpufreq/scaling_governor	performance
noise_c2	4	1	C2	spacemit	before	governor	/sys/devices/system/cpu/cpu6/cpufreq/scaling_governor	performance
noise_c2	4	1	C2	spacemit	before	governor	/sys/devices/system/cpu/cpu7/cpufreq/scaling_governor	performance
noise_c2	4	1	C2	spacemit	before	frequency_khz	/sys/devices/system/cpu/cpu0/cpufreq/scaling_cur_freq	1600000
noise_c2	4	1	C2	spacemit	before	frequency_khz	/sys/devices/system/cpu/cpu1/cpufreq/scaling_cur_freq	1600000
noise_c2	4	1	C2	spacemit	before	frequency_khz	/sys/devices/system/cpu/cpu2/cpufreq/scaling_cur_freq	1600000
noise_c2	4	1	C2	spacemit	before	frequency_khz	/sys/devices/system/cpu/cpu3/cpufreq/scaling_cur_freq	1600000
noise_c2	4	1	C2	spacemit	before	frequency_khz	/sys/devices/system/cpu/cpu4/cpufreq/scaling_cur_freq	1600000
noise_c2	4	1	C2	spacemit	before	frequency_khz	/sys/devices/system/cpu/cpu5/cpufreq/scaling_cur_freq	1600000
noise_c2	4	1	C2	spacemit	before	frequency_khz	/sys/devices/system/cpu/cpu6/cpufreq/scaling_cur_freq	1600000
noise_c2	4	1	C2	spacemit	before	frequency_khz	/sys/devices/system/cpu/cpu7/cpufreq/scaling_cur_freq	1600000
noise_c2	4	1	C2	spacemit	before	temperature_millic	/sys/class/thermal/thermal_zone0/temp	60000
noise_c2	4	1	C2	spacemit	before	temperature_millic	/sys/class/thermal/thermal_zone1/temp	59000
noise_c2	4	1	C2	spacemit	before	temperature_millic	/sys/class/thermal/thermal_zone2/temp	61000
noise_c2	4	1	C2	spacemit	before	temperature_millic	/sys/class/thermal/thermal_zone3/temp	62000
noise_c2	4	1	C2	spacemit	after	governor	/sys/devices/system/cpu/cpu0/cpufreq/scaling_governor	performance
noise_c2	4	1	C2	spacemit	after	governor	/sys/devices/system/cpu/cpu1/cpufreq/scaling_governor	performance
noise_c2	4	1	C2	spacemit	after	governor	/sys/devices/system/cpu/cpu2/cpufreq/scaling_governor	performance
noise_c2	4	1	C2	spacemit	after	governor	/sys/devices/system/cpu/cpu3/cpufreq/scaling_governor	performance
noise_c2	4	1	C2	spacemit	after	governor	/sys/devices/system/cpu/cpu4/cpufreq/scaling_governor	performance
noise_c2	4	1	C2	spacemit	after	governor	/sys/devices/system/cpu/cpu5/cpufreq/scaling_governor	performance
noise_c2	4	1	C2	spacemit	after	governor	/sys/devices/system/cpu/cpu6/cpufreq/scaling_governor	performance
noise_c2	4	1	C2	spacemit	after	governor	/sys/devices/system/cpu/cpu7/cpufreq/scaling_governor	performance
noise_c2	4	1	C2	spacemit	after	frequency_khz	/sys/devices/system/cpu/cpu0/cpufreq/scaling_cur_freq	1600000
noise_c2	4	1	C2	spacemit	after	frequency_khz	/sys/devices/system/cpu/cpu1/cpufreq/scaling_cur_freq	1600000
noise_c2	4	1	C2	spacemit	after	frequency_khz	/sys/devices/system/cpu/cpu2/cpufreq/scaling_cur_freq	1600000
noise_c2	4	1	C2	spacemit	after	frequency_khz	/sys/devices/system/cpu/cpu3/cpufreq/scaling_cur_freq	1600000
noise_c2	4	1	C2	spacemit	after	frequency_khz	/sys/devices/system/cpu/cpu4/cpufreq/scaling_cur_freq	1600000
noise_c2	4	1	C2	spacemit	after	frequency_khz	/sys/devices/system/cpu/cpu5/cpufreq/scaling_cur_freq	1600000
noise_c2	4	1	C2	spacemit	after	frequency_khz	/sys/devices/system/cpu/cpu6/cpufreq/scaling_cur_freq	1600000
noise_c2	4	1	C2	spacemit	after	frequency_khz	/sys/devices/system/cpu/cpu7/cpufreq/scaling_cur_freq	1600000
noise_c2	4	1	C2	spacemit	after	temperature_millic	/sys/class/thermal/thermal_zone0/temp	59000
noise_c2	4	1	C2	spacemit	after	temperature_millic	/sys/class/thermal/thermal_zone1/temp	59000
noise_c2	4	1	C2	spacemit	after	temperature_millic	/sys/class/thermal/thermal_zone2/temp	61000
noise_c2	4	1	C2	spacemit	after	temperature_millic	/sys/class/thermal/thermal_zone3/temp	60000
noise_c2	4	2	C2	spacemit	before	governor	/sys/devices/system/cpu/cpu0/cpufreq/scaling_governor	performance
noise_c2	4	2	C2	spacemit	before	governor	/sys/devices/system/cpu/cpu1/cpufreq/scaling_governor	performance
noise_c2	4	2	C2	spacemit	before	governor	/sys/devices/system/cpu/cpu2/cpufreq/scaling_governor	performance
noise_c2	4	2	C2	spacemit	before	governor	/sys/devices/system/cpu/cpu3/cpufreq/scaling_governor	performance
noise_c2	4	2	C2	spacemit	before	governor	/sys/devices/system/cpu/cpu4/cpufreq/scaling_governor	performance
noise_c2	4	2	C2	spacemit	before	governor	/sys/devices/system/cpu/cpu5/cpufreq/scaling_governor	performance
noise_c2	4	2	C2	spacemit	before	governor	/sys/devices/system/cpu/cpu6/cpufreq/scaling_governor	performance
noise_c2	4	2	C2	spacemit	before	governor	/sys/devices/system/cpu/cpu7/cpufreq/scaling_governor	performance
noise_c2	4	2	C2	spacemit	before	frequency_khz	/sys/devices/system/cpu/cpu0/cpufreq/scaling_cur_freq	1600000
noise_c2	4	2	C2	spacemit	before	frequency_khz	/sys/devices/system/cpu/cpu1/cpufreq/scaling_cur_freq	1600000
noise_c2	4	2	C2	spacemit	before	frequency_khz	/sys/devices/system/cpu/cpu2/cpufreq/scaling_cur_freq	1600000
noise_c2	4	2	C2	spacemit	before	frequency_khz	/sys/devices/system/cpu/cpu3/cpufreq/scaling_cur_freq	1600000
noise_c2	4	2	C2	spacemit	before	frequency_khz	/sys/devices/system/cpu/cpu4/cpufreq/scaling_cur_freq	1600000
noise_c2	4	2	C2	spacemit	before	frequency_khz	/sys/devices/system/cpu/cpu5/cpufreq/scaling_cur_freq	1600000
noise_c2	4	2	C2	spacemit	before	frequency_khz	/sys/devices/system/cpu/cpu6/cpufreq/scaling_cur_freq	1600000
noise_c2	4	2	C2	spacemit	before	frequency_khz	/sys/devices/system/cpu/cpu7/cpufreq/scaling_cur_freq	1600000
noise_c2	4	2	C2	spacemit	before	temperature_millic	/sys/class/thermal/thermal_zone0/temp	60000
noise_c2	4	2	C2	spacemit	before	temperature_millic	/sys/class/thermal/thermal_zone1/temp	60000
noise_c2	4	2	C2	spacemit	before	temperature_millic	/sys/class/thermal/thermal_zone2/temp	61000
noise_c2	4	2	C2	spacemit	before	temperature_millic	/sys/class/thermal/thermal_zone3/temp	61000
noise_c2	4	2	C2	spacemit	after	governor	/sys/devices/system/cpu/cpu0/cpufreq/scaling_governor	performance
noise_c2	4	2	C2	spacemit	after	governor	/sys/devices/system/cpu/cpu1/cpufreq/scaling_governor	performance
noise_c2	4	2	C2	spacemit	after	governor	/sys/devices/system/cpu/cpu2/cpufreq/scaling_governor	performance
noise_c2	4	2	C2	spacemit	after	governor	/sys/devices/system/cpu/cpu3/cpufreq/scaling_governor	performance
noise_c2	4	2	C2	spacemit	after	governor	/sys/devices/system/cpu/cpu4/cpufreq/scaling_governor	performance
noise_c2	4	2	C2	spacemit	after	governor	/sys/devices/system/cpu/cpu5/cpufreq/scaling_governor	performance
noise_c2	4	2	C2	spacemit	after	governor	/sys/devices/system/cpu/cpu6/cpufreq/scaling_governor	performance
noise_c2	4	2	C2	spacemit	after	governor	/sys/devices/system/cpu/cpu7/cpufreq/scaling_governor	performance
noise_c2	4	2	C2	spacemit	after	frequency_khz	/sys/devices/system/cpu/cpu0/cpufreq/scaling_cur_freq	1600000
noise_c2	4	2	C2	spacemit	after	frequency_khz	/sys/devices/system/cpu/cpu1/cpufreq/scaling_cur_freq	1600000
noise_c2	4	2	C2	spacemit	after	frequency_khz	/sys/devices/system/cpu/cpu2/cpufreq/scaling_cur_freq	1600000
noise_c2	4	2	C2	spacemit	after	frequency_khz	/sys/devices/system/cpu/cpu3/cpufreq/scaling_cur_freq	1600000
noise_c2	4	2	C2	spacemit	after	frequency_khz	/sys/devices/system/cpu/cpu4/cpufreq/scaling_cur_freq	1600000
noise_c2	4	2	C2	spacemit	after	frequency_khz	/sys/devices/system/cpu/cpu5/cpufreq/scaling_cur_freq	1600000
noise_c2	4	2	C2	spacemit	after	frequency_khz	/sys/devices/system/cpu/cpu6/cpufreq/scaling_cur_freq	1600000
noise_c2	4	2	C2	spacemit	after	frequency_khz	/sys/devices/system/cpu/cpu7/cpufreq/scaling_cur_freq	1600000
noise_c2	4	2	C2	spacemit	after	temperature_millic	/sys/class/thermal/thermal_zone0/temp	60000
noise_c2	4	2	C2	spacemit	after	temperature_millic	/sys/class/thermal/thermal_zone1/temp	61000
noise_c2	4	2	C2	spacemit	after	temperature_millic	/sys/class/thermal/thermal_zone2/temp	60000
noise_c2	4	2	C2	spacemit	after	temperature_millic	/sys/class/thermal/thermal_zone3/temp	61000
noise_c2	4	3	C2	spacemit	before	governor	/sys/devices/system/cpu/cpu0/cpufreq/scaling_governor	performance
noise_c2	4	3	C2	spacemit	before	governor	/sys/devices/system/cpu/cpu1/cpufreq/scaling_governor	performance
noise_c2	4	3	C2	spacemit	before	governor	/sys/devices/system/cpu/cpu2/cpufreq/scaling_governor	performance
noise_c2	4	3	C2	spacemit	before	governor	/sys/devices/system/cpu/cpu3/cpufreq/scaling_governor	performance
noise_c2	4	3	C2	spacemit	before	governor	/sys/devices/system/cpu/cpu4/cpufreq/scaling_governor	performance
noise_c2	4	3	C2	spacemit	before	governor	/sys/devices/system/cpu/cpu5/cpufreq/scaling_governor	performance
noise_c2	4	3	C2	spacemit	before	governor	/sys/devices/system/cpu/cpu6/cpufreq/scaling_governor	performance
noise_c2	4	3	C2	spacemit	before	governor	/sys/devices/system/cpu/cpu7/cpufreq/scaling_governor	performance
noise_c2	4	3	C2	spacemit	before	frequency_khz	/sys/devices/system/cpu/cpu0/cpufreq/scaling_cur_freq	1600000
noise_c2	4	3	C2	spacemit	before	frequency_khz	/sys/devices/system/cpu/cpu1/cpufreq/scaling_cur_freq	1600000
noise_c2	4	3	C2	spacemit	before	frequency_khz	/sys/devices/system/cpu/cpu2/cpufreq/scaling_cur_freq	1600000
noise_c2	4	3	C2	spacemit	before	frequency_khz	/sys/devices/system/cpu/cpu3/cpufreq/scaling_cur_freq	1600000
noise_c2	4	3	C2	spacemit	before	frequency_khz	/sys/devices/system/cpu/cpu4/cpufreq/scaling_cur_freq	1600000
noise_c2	4	3	C2	spacemit	before	frequency_khz	/sys/devices/system/cpu/cpu5/cpufreq/scaling_cur_freq	1600000
noise_c2	4	3	C2	spacemit	before	frequency_khz	/sys/devices/system/cpu/cpu6/cpufreq/scaling_cur_freq	1600000
noise_c2	4	3	C2	spacemit	before	frequency_khz	/sys/devices/system/cpu/cpu7/cpufreq/scaling_cur_freq	1600000
noise_c2	4	3	C2	spacemit	before	temperature_millic	/sys/class/thermal/thermal_zone0/temp	60000
noise_c2	4	3	C2	spacemit	before	temperature_millic	/sys/class/thermal/thermal_zone1/temp	60000
noise_c2	4	3	C2	spacemit	before	temperature_millic	/sys/class/thermal/thermal_zone2/temp	61000
noise_c2	4	3	C2	spacemit	before	temperature_millic	/sys/class/thermal/thermal_zone3/temp	61000
noise_c2	4	3	C2	spacemit	after	governor	/sys/devices/system/cpu/cpu0/cpufreq/scaling_governor	performance
noise_c2	4	3	C2	spacemit	after	governor	/sys/devices/system/cpu/cpu1/cpufreq/scaling_governor	performance
noise_c2	4	3	C2	spacemit	after	governor	/sys/devices/system/cpu/cpu2/cpufreq/scaling_governor	performance
noise_c2	4	3	C2	spacemit	after	governor	/sys/devices/system/cpu/cpu3/cpufreq/scaling_governor	performance
noise_c2	4	3	C2	spacemit	after	governor	/sys/devices/system/cpu/cpu4/cpufreq/scaling_governor	performance
noise_c2	4	3	C2	spacemit	after	governor	/sys/devices/system/cpu/cpu5/cpufreq/scaling_governor	performance
noise_c2	4	3	C2	spacemit	after	governor	/sys/devices/system/cpu/cpu6/cpufreq/scaling_governor	performance
noise_c2	4	3	C2	spacemit	after	governor	/sys/devices/system/cpu/cpu7/cpufreq/scaling_governor	performance
noise_c2	4	3	C2	spacemit	after	frequency_khz	/sys/devices/system/cpu/cpu0/cpufreq/scaling_cur_freq	1600000
noise_c2	4	3	C2	spacemit	after	frequency_khz	/sys/devices/system/cpu/cpu1/cpufreq/scaling_cur_freq	1600000
noise_c2	4	3	C2	spacemit	after	frequency_khz	/sys/devices/system/cpu/cpu2/cpufreq/scaling_cur_freq	1600000
noise_c2	4	3	C2	spacemit	after	frequency_khz	/sys/devices/system/cpu/cpu3/cpufreq/scaling_cur_freq	1600000
noise_c2	4	3	C2	spacemit	after	frequency_khz	/sys/devices/system/cpu/cpu4/cpufreq/scaling_cur_freq	1600000
noise_c2	4	3	C2	spacemit	after	frequency_khz	/sys/devices/system/cpu/cpu5/cpufreq/scaling_cur_freq	1600000
noise_c2	4	3	C2	spacemit	after	frequency_khz	/sys/devices/system/cpu/cpu6/cpufreq/scaling_cur_freq	1600000
noise_c2	4	3	C2	spacemit	after	frequency_khz	/sys/devices/system/cpu/cpu7/cpufreq/scaling_cur_freq	1600000
noise_c2	4	3	C2	spacemit	after	temperature_millic	/sys/class/thermal/thermal_zone0/temp	61000
noise_c2	4	3	C2	spacemit	after	temperature_millic	/sys/class/thermal/thermal_zone1/temp	59000
noise_c2	4	3	C2	spacemit	after	temperature_millic	/sys/class/thermal/thermal_zone2/temp	61000
noise_c2	4	3	C2	spacemit	after	temperature_millic	/sys/class/thermal/thermal_zone3/temp	62000
noise_c2	5	0	C2	spacemit	before	governor	/sys/devices/system/cpu/cpu0/cpufreq/scaling_governor	performance
noise_c2	5	0	C2	spacemit	before	governor	/sys/devices/system/cpu/cpu1/cpufreq/scaling_governor	performance
noise_c2	5	0	C2	spacemit	before	governor	/sys/devices/system/cpu/cpu2/cpufreq/scaling_governor	performance
noise_c2	5	0	C2	spacemit	before	governor	/sys/devices/system/cpu/cpu3/cpufreq/scaling_governor	performance
noise_c2	5	0	C2	spacemit	before	governor	/sys/devices/system/cpu/cpu4/cpufreq/scaling_governor	performance
noise_c2	5	0	C2	spacemit	before	governor	/sys/devices/system/cpu/cpu5/cpufreq/scaling_governor	performance
noise_c2	5	0	C2	spacemit	before	governor	/sys/devices/system/cpu/cpu6/cpufreq/scaling_governor	performance
noise_c2	5	0	C2	spacemit	before	governor	/sys/devices/system/cpu/cpu7/cpufreq/scaling_governor	performance
noise_c2	5	0	C2	spacemit	before	frequency_khz	/sys/devices/system/cpu/cpu0/cpufreq/scaling_cur_freq	1600000
noise_c2	5	0	C2	spacemit	before	frequency_khz	/sys/devices/system/cpu/cpu1/cpufreq/scaling_cur_freq	1600000
noise_c2	5	0	C2	spacemit	before	frequency_khz	/sys/devices/system/cpu/cpu2/cpufreq/scaling_cur_freq	1600000
noise_c2	5	0	C2	spacemit	before	frequency_khz	/sys/devices/system/cpu/cpu3/cpufreq/scaling_cur_freq	1600000
noise_c2	5	0	C2	spacemit	before	frequency_khz	/sys/devices/system/cpu/cpu4/cpufreq/scaling_cur_freq	1600000
noise_c2	5	0	C2	spacemit	before	frequency_khz	/sys/devices/system/cpu/cpu5/cpufreq/scaling_cur_freq	1600000
noise_c2	5	0	C2	spacemit	before	frequency_khz	/sys/devices/system/cpu/cpu6/cpufreq/scaling_cur_freq	1600000
noise_c2	5	0	C2	spacemit	before	frequency_khz	/sys/devices/system/cpu/cpu7/cpufreq/scaling_cur_freq	1600000
noise_c2	5	0	C2	spacemit	before	temperature_millic	/sys/class/thermal/thermal_zone0/temp	60000
noise_c2	5	0	C2	spacemit	before	temperature_millic	/sys/class/thermal/thermal_zone1/temp	59000
noise_c2	5	0	C2	spacemit	before	temperature_millic	/sys/class/thermal/thermal_zone2/temp	60000
noise_c2	5	0	C2	spacemit	before	temperature_millic	/sys/class/thermal/thermal_zone3/temp	60000
noise_c2	5	0	C2	spacemit	after	governor	/sys/devices/system/cpu/cpu0/cpufreq/scaling_governor	performance
noise_c2	5	0	C2	spacemit	after	governor	/sys/devices/system/cpu/cpu1/cpufreq/scaling_governor	performance
noise_c2	5	0	C2	spacemit	after	governor	/sys/devices/system/cpu/cpu2/cpufreq/scaling_governor	performance
noise_c2	5	0	C2	spacemit	after	governor	/sys/devices/system/cpu/cpu3/cpufreq/scaling_governor	performance
noise_c2	5	0	C2	spacemit	after	governor	/sys/devices/system/cpu/cpu4/cpufreq/scaling_governor	performance
noise_c2	5	0	C2	spacemit	after	governor	/sys/devices/system/cpu/cpu5/cpufreq/scaling_governor	performance
noise_c2	5	0	C2	spacemit	after	governor	/sys/devices/system/cpu/cpu6/cpufreq/scaling_governor	performance
noise_c2	5	0	C2	spacemit	after	governor	/sys/devices/system/cpu/cpu7/cpufreq/scaling_governor	performance
noise_c2	5	0	C2	spacemit	after	frequency_khz	/sys/devices/system/cpu/cpu0/cpufreq/scaling_cur_freq	1600000
noise_c2	5	0	C2	spacemit	after	frequency_khz	/sys/devices/system/cpu/cpu1/cpufreq/scaling_cur_freq	1600000
noise_c2	5	0	C2	spacemit	after	frequency_khz	/sys/devices/system/cpu/cpu2/cpufreq/scaling_cur_freq	1600000
noise_c2	5	0	C2	spacemit	after	frequency_khz	/sys/devices/system/cpu/cpu3/cpufreq/scaling_cur_freq	1600000
noise_c2	5	0	C2	spacemit	after	frequency_khz	/sys/devices/system/cpu/cpu4/cpufreq/scaling_cur_freq	1600000
noise_c2	5	0	C2	spacemit	after	frequency_khz	/sys/devices/system/cpu/cpu5/cpufreq/scaling_cur_freq	1600000
noise_c2	5	0	C2	spacemit	after	frequency_khz	/sys/devices/system/cpu/cpu6/cpufreq/scaling_cur_freq	1600000
noise_c2	5	0	C2	spacemit	after	frequency_khz	/sys/devices/system/cpu/cpu7/cpufreq/scaling_cur_freq	1600000
noise_c2	5	0	C2	spacemit	after	temperature_millic	/sys/class/thermal/thermal_zone0/temp	59000
noise_c2	5	0	C2	spacemit	after	temperature_millic	/sys/class/thermal/thermal_zone1/temp	60000
noise_c2	5	0	C2	spacemit	after	temperature_millic	/sys/class/thermal/thermal_zone2/temp	60000
noise_c2	5	0	C2	spacemit	after	temperature_millic	/sys/class/thermal/thermal_zone3/temp	61000
noise_c2	5	1	C2	spacemit	before	governor	/sys/devices/system/cpu/cpu0/cpufreq/scaling_governor	performance
noise_c2	5	1	C2	spacemit	before	governor	/sys/devices/system/cpu/cpu1/cpufreq/scaling_governor	performance
noise_c2	5	1	C2	spacemit	before	governor	/sys/devices/system/cpu/cpu2/cpufreq/scaling_governor	performance
noise_c2	5	1	C2	spacemit	before	governor	/sys/devices/system/cpu/cpu3/cpufreq/scaling_governor	performance
noise_c2	5	1	C2	spacemit	before	governor	/sys/devices/system/cpu/cpu4/cpufreq/scaling_governor	performance
noise_c2	5	1	C2	spacemit	before	governor	/sys/devices/system/cpu/cpu5/cpufreq/scaling_governor	performance
noise_c2	5	1	C2	spacemit	before	governor	/sys/devices/system/cpu/cpu6/cpufreq/scaling_governor	performance
noise_c2	5	1	C2	spacemit	before	governor	/sys/devices/system/cpu/cpu7/cpufreq/scaling_governor	performance
noise_c2	5	1	C2	spacemit	before	frequency_khz	/sys/devices/system/cpu/cpu0/cpufreq/scaling_cur_freq	1600000
noise_c2	5	1	C2	spacemit	before	frequency_khz	/sys/devices/system/cpu/cpu1/cpufreq/scaling_cur_freq	1600000
noise_c2	5	1	C2	spacemit	before	frequency_khz	/sys/devices/system/cpu/cpu2/cpufreq/scaling_cur_freq	1600000
noise_c2	5	1	C2	spacemit	before	frequency_khz	/sys/devices/system/cpu/cpu3/cpufreq/scaling_cur_freq	1600000
noise_c2	5	1	C2	spacemit	before	frequency_khz	/sys/devices/system/cpu/cpu4/cpufreq/scaling_cur_freq	1600000
noise_c2	5	1	C2	spacemit	before	frequency_khz	/sys/devices/system/cpu/cpu5/cpufreq/scaling_cur_freq	1600000
noise_c2	5	1	C2	spacemit	before	frequency_khz	/sys/devices/system/cpu/cpu6/cpufreq/scaling_cur_freq	1600000
noise_c2	5	1	C2	spacemit	before	frequency_khz	/sys/devices/system/cpu/cpu7/cpufreq/scaling_cur_freq	1600000
noise_c2	5	1	C2	spacemit	before	temperature_millic	/sys/class/thermal/thermal_zone0/temp	60000
noise_c2	5	1	C2	spacemit	before	temperature_millic	/sys/class/thermal/thermal_zone1/temp	59000
noise_c2	5	1	C2	spacemit	before	temperature_millic	/sys/class/thermal/thermal_zone2/temp	61000
noise_c2	5	1	C2	spacemit	before	temperature_millic	/sys/class/thermal/thermal_zone3/temp	62000
noise_c2	5	1	C2	spacemit	after	governor	/sys/devices/system/cpu/cpu0/cpufreq/scaling_governor	performance
noise_c2	5	1	C2	spacemit	after	governor	/sys/devices/system/cpu/cpu1/cpufreq/scaling_governor	performance
noise_c2	5	1	C2	spacemit	after	governor	/sys/devices/system/cpu/cpu2/cpufreq/scaling_governor	performance
noise_c2	5	1	C2	spacemit	after	governor	/sys/devices/system/cpu/cpu3/cpufreq/scaling_governor	performance
noise_c2	5	1	C2	spacemit	after	governor	/sys/devices/system/cpu/cpu4/cpufreq/scaling_governor	performance
noise_c2	5	1	C2	spacemit	after	governor	/sys/devices/system/cpu/cpu5/cpufreq/scaling_governor	performance
noise_c2	5	1	C2	spacemit	after	governor	/sys/devices/system/cpu/cpu6/cpufreq/scaling_governor	performance
noise_c2	5	1	C2	spacemit	after	governor	/sys/devices/system/cpu/cpu7/cpufreq/scaling_governor	performance
noise_c2	5	1	C2	spacemit	after	frequency_khz	/sys/devices/system/cpu/cpu0/cpufreq/scaling_cur_freq	1600000
noise_c2	5	1	C2	spacemit	after	frequency_khz	/sys/devices/system/cpu/cpu1/cpufreq/scaling_cur_freq	1600000
noise_c2	5	1	C2	spacemit	after	frequency_khz	/sys/devices/system/cpu/cpu2/cpufreq/scaling_cur_freq	1600000
noise_c2	5	1	C2	spacemit	after	frequency_khz	/sys/devices/system/cpu/cpu3/cpufreq/scaling_cur_freq	1600000
noise_c2	5	1	C2	spacemit	after	frequency_khz	/sys/devices/system/cpu/cpu4/cpufreq/scaling_cur_freq	1600000
noise_c2	5	1	C2	spacemit	after	frequency_khz	/sys/devices/system/cpu/cpu5/cpufreq/scaling_cur_freq	1600000
noise_c2	5	1	C2	spacemit	after	frequency_khz	/sys/devices/system/cpu/cpu6/cpufreq/scaling_cur_freq	1600000
noise_c2	5	1	C2	spacemit	after	frequency_khz	/sys/devices/system/cpu/cpu7/cpufreq/scaling_cur_freq	1600000
noise_c2	5	1	C2	spacemit	after	temperature_millic	/sys/class/thermal/thermal_zone0/temp	60000
noise_c2	5	1	C2	spacemit	after	temperature_millic	/sys/class/thermal/thermal_zone1/temp	60000
noise_c2	5	1	C2	spacemit	after	temperature_millic	/sys/class/thermal/thermal_zone2/temp	61000
noise_c2	5	1	C2	spacemit	after	temperature_millic	/sys/class/thermal/thermal_zone3/temp	61000
noise_c2	5	2	C2	spacemit	before	governor	/sys/devices/system/cpu/cpu0/cpufreq/scaling_governor	performance
noise_c2	5	2	C2	spacemit	before	governor	/sys/devices/system/cpu/cpu1/cpufreq/scaling_governor	performance
noise_c2	5	2	C2	spacemit	before	governor	/sys/devices/system/cpu/cpu2/cpufreq/scaling_governor	performance
noise_c2	5	2	C2	spacemit	before	governor	/sys/devices/system/cpu/cpu3/cpufreq/scaling_governor	performance
noise_c2	5	2	C2	spacemit	before	governor	/sys/devices/system/cpu/cpu4/cpufreq/scaling_governor	performance
noise_c2	5	2	C2	spacemit	before	governor	/sys/devices/system/cpu/cpu5/cpufreq/scaling_governor	performance
noise_c2	5	2	C2	spacemit	before	governor	/sys/devices/system/cpu/cpu6/cpufreq/scaling_governor	performance
noise_c2	5	2	C2	spacemit	before	governor	/sys/devices/system/cpu/cpu7/cpufreq/scaling_governor	performance
noise_c2	5	2	C2	spacemit	before	frequency_khz	/sys/devices/system/cpu/cpu0/cpufreq/scaling_cur_freq	1600000
noise_c2	5	2	C2	spacemit	before	frequency_khz	/sys/devices/system/cpu/cpu1/cpufreq/scaling_cur_freq	1600000
noise_c2	5	2	C2	spacemit	before	frequency_khz	/sys/devices/system/cpu/cpu2/cpufreq/scaling_cur_freq	1600000
noise_c2	5	2	C2	spacemit	before	frequency_khz	/sys/devices/system/cpu/cpu3/cpufreq/scaling_cur_freq	1600000
noise_c2	5	2	C2	spacemit	before	frequency_khz	/sys/devices/system/cpu/cpu4/cpufreq/scaling_cur_freq	1600000
noise_c2	5	2	C2	spacemit	before	frequency_khz	/sys/devices/system/cpu/cpu5/cpufreq/scaling_cur_freq	1600000
noise_c2	5	2	C2	spacemit	before	frequency_khz	/sys/devices/system/cpu/cpu6/cpufreq/scaling_cur_freq	1600000
noise_c2	5	2	C2	spacemit	before	frequency_khz	/sys/devices/system/cpu/cpu7/cpufreq/scaling_cur_freq	1600000
noise_c2	5	2	C2	spacemit	before	temperature_millic	/sys/class/thermal/thermal_zone0/temp	59000
noise_c2	5	2	C2	spacemit	before	temperature_millic	/sys/class/thermal/thermal_zone1/temp	60000
noise_c2	5	2	C2	spacemit	before	temperature_millic	/sys/class/thermal/thermal_zone2/temp	61000
noise_c2	5	2	C2	spacemit	before	temperature_millic	/sys/class/thermal/thermal_zone3/temp	62000
noise_c2	5	2	C2	spacemit	after	governor	/sys/devices/system/cpu/cpu0/cpufreq/scaling_governor	performance
noise_c2	5	2	C2	spacemit	after	governor	/sys/devices/system/cpu/cpu1/cpufreq/scaling_governor	performance
noise_c2	5	2	C2	spacemit	after	governor	/sys/devices/system/cpu/cpu2/cpufreq/scaling_governor	performance
noise_c2	5	2	C2	spacemit	after	governor	/sys/devices/system/cpu/cpu3/cpufreq/scaling_governor	performance
noise_c2	5	2	C2	spacemit	after	governor	/sys/devices/system/cpu/cpu4/cpufreq/scaling_governor	performance
noise_c2	5	2	C2	spacemit	after	governor	/sys/devices/system/cpu/cpu5/cpufreq/scaling_governor	performance
noise_c2	5	2	C2	spacemit	after	governor	/sys/devices/system/cpu/cpu6/cpufreq/scaling_governor	performance
noise_c2	5	2	C2	spacemit	after	governor	/sys/devices/system/cpu/cpu7/cpufreq/scaling_governor	performance
noise_c2	5	2	C2	spacemit	after	frequency_khz	/sys/devices/system/cpu/cpu0/cpufreq/scaling_cur_freq	1600000
noise_c2	5	2	C2	spacemit	after	frequency_khz	/sys/devices/system/cpu/cpu1/cpufreq/scaling_cur_freq	1600000
noise_c2	5	2	C2	spacemit	after	frequency_khz	/sys/devices/system/cpu/cpu2/cpufreq/scaling_cur_freq	1600000
noise_c2	5	2	C2	spacemit	after	frequency_khz	/sys/devices/system/cpu/cpu3/cpufreq/scaling_cur_freq	1600000
noise_c2	5	2	C2	spacemit	after	frequency_khz	/sys/devices/system/cpu/cpu4/cpufreq/scaling_cur_freq	1600000
noise_c2	5	2	C2	spacemit	after	frequency_khz	/sys/devices/system/cpu/cpu5/cpufreq/scaling_cur_freq	1600000
noise_c2	5	2	C2	spacemit	after	frequency_khz	/sys/devices/system/cpu/cpu6/cpufreq/scaling_cur_freq	1600000
noise_c2	5	2	C2	spacemit	after	frequency_khz	/sys/devices/system/cpu/cpu7/cpufreq/scaling_cur_freq	1600000
noise_c2	5	2	C2	spacemit	after	temperature_millic	/sys/class/thermal/thermal_zone0/temp	61000
noise_c2	5	2	C2	spacemit	after	temperature_millic	/sys/class/thermal/thermal_zone1/temp	61000
noise_c2	5	2	C2	spacemit	after	temperature_millic	/sys/class/thermal/thermal_zone2/temp	61000
noise_c2	5	2	C2	spacemit	after	temperature_millic	/sys/class/thermal/thermal_zone3/temp	62000
noise_c2	5	3	C2	spacemit	before	governor	/sys/devices/system/cpu/cpu0/cpufreq/scaling_governor	performance
noise_c2	5	3	C2	spacemit	before	governor	/sys/devices/system/cpu/cpu1/cpufreq/scaling_governor	performance
noise_c2	5	3	C2	spacemit	before	governor	/sys/devices/system/cpu/cpu2/cpufreq/scaling_governor	performance
noise_c2	5	3	C2	spacemit	before	governor	/sys/devices/system/cpu/cpu3/cpufreq/scaling_governor	performance
noise_c2	5	3	C2	spacemit	before	governor	/sys/devices/system/cpu/cpu4/cpufreq/scaling_governor	performance
noise_c2	5	3	C2	spacemit	before	governor	/sys/devices/system/cpu/cpu5/cpufreq/scaling_governor	performance
noise_c2	5	3	C2	spacemit	before	governor	/sys/devices/system/cpu/cpu6/cpufreq/scaling_governor	performance
noise_c2	5	3	C2	spacemit	before	governor	/sys/devices/system/cpu/cpu7/cpufreq/scaling_governor	performance
noise_c2	5	3	C2	spacemit	before	frequency_khz	/sys/devices/system/cpu/cpu0/cpufreq/scaling_cur_freq	1600000
noise_c2	5	3	C2	spacemit	before	frequency_khz	/sys/devices/system/cpu/cpu1/cpufreq/scaling_cur_freq	1600000
noise_c2	5	3	C2	spacemit	before	frequency_khz	/sys/devices/system/cpu/cpu2/cpufreq/scaling_cur_freq	1600000
noise_c2	5	3	C2	spacemit	before	frequency_khz	/sys/devices/system/cpu/cpu3/cpufreq/scaling_cur_freq	1600000
noise_c2	5	3	C2	spacemit	before	frequency_khz	/sys/devices/system/cpu/cpu4/cpufreq/scaling_cur_freq	1600000
noise_c2	5	3	C2	spacemit	before	frequency_khz	/sys/devices/system/cpu/cpu5/cpufreq/scaling_cur_freq	1600000
noise_c2	5	3	C2	spacemit	before	frequency_khz	/sys/devices/system/cpu/cpu6/cpufreq/scaling_cur_freq	1600000
noise_c2	5	3	C2	spacemit	before	frequency_khz	/sys/devices/system/cpu/cpu7/cpufreq/scaling_cur_freq	1600000
noise_c2	5	3	C2	spacemit	before	temperature_millic	/sys/class/thermal/thermal_zone0/temp	59000
noise_c2	5	3	C2	spacemit	before	temperature_millic	/sys/class/thermal/thermal_zone1/temp	59000
noise_c2	5	3	C2	spacemit	before	temperature_millic	/sys/class/thermal/thermal_zone2/temp	61000
noise_c2	5	3	C2	spacemit	before	temperature_millic	/sys/class/thermal/thermal_zone3/temp	61000
noise_c2	5	3	C2	spacemit	after	governor	/sys/devices/system/cpu/cpu0/cpufreq/scaling_governor	performance
noise_c2	5	3	C2	spacemit	after	governor	/sys/devices/system/cpu/cpu1/cpufreq/scaling_governor	performance
noise_c2	5	3	C2	spacemit	after	governor	/sys/devices/system/cpu/cpu2/cpufreq/scaling_governor	performance
noise_c2	5	3	C2	spacemit	after	governor	/sys/devices/system/cpu/cpu3/cpufreq/scaling_governor	performance
noise_c2	5	3	C2	spacemit	after	governor	/sys/devices/system/cpu/cpu4/cpufreq/scaling_governor	performance
noise_c2	5	3	C2	spacemit	after	governor	/sys/devices/system/cpu/cpu5/cpufreq/scaling_governor	performance
noise_c2	5	3	C2	spacemit	after	governor	/sys/devices/system/cpu/cpu6/cpufreq/scaling_governor	performance
noise_c2	5	3	C2	spacemit	after	governor	/sys/devices/system/cpu/cpu7/cpufreq/scaling_governor	performance
noise_c2	5	3	C2	spacemit	after	frequency_khz	/sys/devices/system/cpu/cpu0/cpufreq/scaling_cur_freq	1600000
noise_c2	5	3	C2	spacemit	after	frequency_khz	/sys/devices/system/cpu/cpu1/cpufreq/scaling_cur_freq	1600000
noise_c2	5	3	C2	spacemit	after	frequency_khz	/sys/devices/system/cpu/cpu2/cpufreq/scaling_cur_freq	1600000
noise_c2	5	3	C2	spacemit	after	frequency_khz	/sys/devices/system/cpu/cpu3/cpufreq/scaling_cur_freq	1600000
noise_c2	5	3	C2	spacemit	after	frequency_khz	/sys/devices/system/cpu/cpu4/cpufreq/scaling_cur_freq	1600000
noise_c2	5	3	C2	spacemit	after	frequency_khz	/sys/devices/system/cpu/cpu5/cpufreq/scaling_cur_freq	1600000
noise_c2	5	3	C2	spacemit	after	frequency_khz	/sys/devices/system/cpu/cpu6/cpufreq/scaling_cur_freq	1600000
noise_c2	5	3	C2	spacemit	after	frequency_khz	/sys/devices/system/cpu/cpu7/cpufreq/scaling_cur_freq	1600000
noise_c2	5	3	C2	spacemit	after	temperature_millic	/sys/class/thermal/thermal_zone0/temp	60000
noise_c2	5	3	C2	spacemit	after	temperature_millic	/sys/class/thermal/thermal_zone1/temp	59000
noise_c2	5	3	C2	spacemit	after	temperature_millic	/sys/class/thermal/thermal_zone2/temp	62000
noise_c2	5	3	C2	spacemit	after	temperature_millic	/sys/class/thermal/thermal_zone3/temp	62000
noise_c2	6	0	C2	spacemit	before	governor	/sys/devices/system/cpu/cpu0/cpufreq/scaling_governor	performance
noise_c2	6	0	C2	spacemit	before	governor	/sys/devices/system/cpu/cpu1/cpufreq/scaling_governor	performance
noise_c2	6	0	C2	spacemit	before	governor	/sys/devices/system/cpu/cpu2/cpufreq/scaling_governor	performance
noise_c2	6	0	C2	spacemit	before	governor	/sys/devices/system/cpu/cpu3/cpufreq/scaling_governor	performance
noise_c2	6	0	C2	spacemit	before	governor	/sys/devices/system/cpu/cpu4/cpufreq/scaling_governor	performance
noise_c2	6	0	C2	spacemit	before	governor	/sys/devices/system/cpu/cpu5/cpufreq/scaling_governor	performance
noise_c2	6	0	C2	spacemit	before	governor	/sys/devices/system/cpu/cpu6/cpufreq/scaling_governor	performance
noise_c2	6	0	C2	spacemit	before	governor	/sys/devices/system/cpu/cpu7/cpufreq/scaling_governor	performance
noise_c2	6	0	C2	spacemit	before	frequency_khz	/sys/devices/system/cpu/cpu0/cpufreq/scaling_cur_freq	1600000
noise_c2	6	0	C2	spacemit	before	frequency_khz	/sys/devices/system/cpu/cpu1/cpufreq/scaling_cur_freq	1600000
noise_c2	6	0	C2	spacemit	before	frequency_khz	/sys/devices/system/cpu/cpu2/cpufreq/scaling_cur_freq	1600000
noise_c2	6	0	C2	spacemit	before	frequency_khz	/sys/devices/system/cpu/cpu3/cpufreq/scaling_cur_freq	1600000
noise_c2	6	0	C2	spacemit	before	frequency_khz	/sys/devices/system/cpu/cpu4/cpufreq/scaling_cur_freq	1600000
noise_c2	6	0	C2	spacemit	before	frequency_khz	/sys/devices/system/cpu/cpu5/cpufreq/scaling_cur_freq	1600000
noise_c2	6	0	C2	spacemit	before	frequency_khz	/sys/devices/system/cpu/cpu6/cpufreq/scaling_cur_freq	1600000
noise_c2	6	0	C2	spacemit	before	frequency_khz	/sys/devices/system/cpu/cpu7/cpufreq/scaling_cur_freq	1600000
noise_c2	6	0	C2	spacemit	before	temperature_millic	/sys/class/thermal/thermal_zone0/temp	60000
noise_c2	6	0	C2	spacemit	before	temperature_millic	/sys/class/thermal/thermal_zone1/temp	60000
noise_c2	6	0	C2	spacemit	before	temperature_millic	/sys/class/thermal/thermal_zone2/temp	61000
noise_c2	6	0	C2	spacemit	before	temperature_millic	/sys/class/thermal/thermal_zone3/temp	62000
noise_c2	6	0	C2	spacemit	after	governor	/sys/devices/system/cpu/cpu0/cpufreq/scaling_governor	performance
noise_c2	6	0	C2	spacemit	after	governor	/sys/devices/system/cpu/cpu1/cpufreq/scaling_governor	performance
noise_c2	6	0	C2	spacemit	after	governor	/sys/devices/system/cpu/cpu2/cpufreq/scaling_governor	performance
noise_c2	6	0	C2	spacemit	after	governor	/sys/devices/system/cpu/cpu3/cpufreq/scaling_governor	performance
noise_c2	6	0	C2	spacemit	after	governor	/sys/devices/system/cpu/cpu4/cpufreq/scaling_governor	performance
noise_c2	6	0	C2	spacemit	after	governor	/sys/devices/system/cpu/cpu5/cpufreq/scaling_governor	performance
noise_c2	6	0	C2	spacemit	after	governor	/sys/devices/system/cpu/cpu6/cpufreq/scaling_governor	performance
noise_c2	6	0	C2	spacemit	after	governor	/sys/devices/system/cpu/cpu7/cpufreq/scaling_governor	performance
noise_c2	6	0	C2	spacemit	after	frequency_khz	/sys/devices/system/cpu/cpu0/cpufreq/scaling_cur_freq	1600000
noise_c2	6	0	C2	spacemit	after	frequency_khz	/sys/devices/system/cpu/cpu1/cpufreq/scaling_cur_freq	1600000
noise_c2	6	0	C2	spacemit	after	frequency_khz	/sys/devices/system/cpu/cpu2/cpufreq/scaling_cur_freq	1600000
noise_c2	6	0	C2	spacemit	after	frequency_khz	/sys/devices/system/cpu/cpu3/cpufreq/scaling_cur_freq	1600000
noise_c2	6	0	C2	spacemit	after	frequency_khz	/sys/devices/system/cpu/cpu4/cpufreq/scaling_cur_freq	1600000
noise_c2	6	0	C2	spacemit	after	frequency_khz	/sys/devices/system/cpu/cpu5/cpufreq/scaling_cur_freq	1600000
noise_c2	6	0	C2	spacemit	after	frequency_khz	/sys/devices/system/cpu/cpu6/cpufreq/scaling_cur_freq	1600000
noise_c2	6	0	C2	spacemit	after	frequency_khz	/sys/devices/system/cpu/cpu7/cpufreq/scaling_cur_freq	1600000
noise_c2	6	0	C2	spacemit	after	temperature_millic	/sys/class/thermal/thermal_zone0/temp	61000
noise_c2	6	0	C2	spacemit	after	temperature_millic	/sys/class/thermal/thermal_zone1/temp	61000
noise_c2	6	0	C2	spacemit	after	temperature_millic	/sys/class/thermal/thermal_zone2/temp	60000
noise_c2	6	0	C2	spacemit	after	temperature_millic	/sys/class/thermal/thermal_zone3/temp	61000
noise_c2	6	1	C2	spacemit	before	governor	/sys/devices/system/cpu/cpu0/cpufreq/scaling_governor	performance
noise_c2	6	1	C2	spacemit	before	governor	/sys/devices/system/cpu/cpu1/cpufreq/scaling_governor	performance
noise_c2	6	1	C2	spacemit	before	governor	/sys/devices/system/cpu/cpu2/cpufreq/scaling_governor	performance
noise_c2	6	1	C2	spacemit	before	governor	/sys/devices/system/cpu/cpu3/cpufreq/scaling_governor	performance
noise_c2	6	1	C2	spacemit	before	governor	/sys/devices/system/cpu/cpu4/cpufreq/scaling_governor	performance
noise_c2	6	1	C2	spacemit	before	governor	/sys/devices/system/cpu/cpu5/cpufreq/scaling_governor	performance
noise_c2	6	1	C2	spacemit	before	governor	/sys/devices/system/cpu/cpu6/cpufreq/scaling_governor	performance
noise_c2	6	1	C2	spacemit	before	governor	/sys/devices/system/cpu/cpu7/cpufreq/scaling_governor	performance
noise_c2	6	1	C2	spacemit	before	frequency_khz	/sys/devices/system/cpu/cpu0/cpufreq/scaling_cur_freq	1600000
noise_c2	6	1	C2	spacemit	before	frequency_khz	/sys/devices/system/cpu/cpu1/cpufreq/scaling_cur_freq	1600000
noise_c2	6	1	C2	spacemit	before	frequency_khz	/sys/devices/system/cpu/cpu2/cpufreq/scaling_cur_freq	1600000
noise_c2	6	1	C2	spacemit	before	frequency_khz	/sys/devices/system/cpu/cpu3/cpufreq/scaling_cur_freq	1600000
noise_c2	6	1	C2	spacemit	before	frequency_khz	/sys/devices/system/cpu/cpu4/cpufreq/scaling_cur_freq	1600000
noise_c2	6	1	C2	spacemit	before	frequency_khz	/sys/devices/system/cpu/cpu5/cpufreq/scaling_cur_freq	1600000
noise_c2	6	1	C2	spacemit	before	frequency_khz	/sys/devices/system/cpu/cpu6/cpufreq/scaling_cur_freq	1600000
noise_c2	6	1	C2	spacemit	before	frequency_khz	/sys/devices/system/cpu/cpu7/cpufreq/scaling_cur_freq	1600000
noise_c2	6	1	C2	spacemit	before	temperature_millic	/sys/class/thermal/thermal_zone0/temp	60000
noise_c2	6	1	C2	spacemit	before	temperature_millic	/sys/class/thermal/thermal_zone1/temp	59000
noise_c2	6	1	C2	spacemit	before	temperature_millic	/sys/class/thermal/thermal_zone2/temp	60000
noise_c2	6	1	C2	spacemit	before	temperature_millic	/sys/class/thermal/thermal_zone3/temp	62000
noise_c2	6	1	C2	spacemit	after	governor	/sys/devices/system/cpu/cpu0/cpufreq/scaling_governor	performance
noise_c2	6	1	C2	spacemit	after	governor	/sys/devices/system/cpu/cpu1/cpufreq/scaling_governor	performance
noise_c2	6	1	C2	spacemit	after	governor	/sys/devices/system/cpu/cpu2/cpufreq/scaling_governor	performance
noise_c2	6	1	C2	spacemit	after	governor	/sys/devices/system/cpu/cpu3/cpufreq/scaling_governor	performance
noise_c2	6	1	C2	spacemit	after	governor	/sys/devices/system/cpu/cpu4/cpufreq/scaling_governor	performance
noise_c2	6	1	C2	spacemit	after	governor	/sys/devices/system/cpu/cpu5/cpufreq/scaling_governor	performance
noise_c2	6	1	C2	spacemit	after	governor	/sys/devices/system/cpu/cpu6/cpufreq/scaling_governor	performance
noise_c2	6	1	C2	spacemit	after	governor	/sys/devices/system/cpu/cpu7/cpufreq/scaling_governor	performance
noise_c2	6	1	C2	spacemit	after	frequency_khz	/sys/devices/system/cpu/cpu0/cpufreq/scaling_cur_freq	1600000
noise_c2	6	1	C2	spacemit	after	frequency_khz	/sys/devices/system/cpu/cpu1/cpufreq/scaling_cur_freq	1600000
noise_c2	6	1	C2	spacemit	after	frequency_khz	/sys/devices/system/cpu/cpu2/cpufreq/scaling_cur_freq	1600000
noise_c2	6	1	C2	spacemit	after	frequency_khz	/sys/devices/system/cpu/cpu3/cpufreq/scaling_cur_freq	1600000
noise_c2	6	1	C2	spacemit	after	frequency_khz	/sys/devices/system/cpu/cpu4/cpufreq/scaling_cur_freq	1600000
noise_c2	6	1	C2	spacemit	after	frequency_khz	/sys/devices/system/cpu/cpu5/cpufreq/scaling_cur_freq	1600000
noise_c2	6	1	C2	spacemit	after	frequency_khz	/sys/devices/system/cpu/cpu6/cpufreq/scaling_cur_freq	1600000
noise_c2	6	1	C2	spacemit	after	frequency_khz	/sys/devices/system/cpu/cpu7/cpufreq/scaling_cur_freq	1600000
noise_c2	6	1	C2	spacemit	after	temperature_millic	/sys/class/thermal/thermal_zone0/temp	60000
noise_c2	6	1	C2	spacemit	after	temperature_millic	/sys/class/thermal/thermal_zone1/temp	59000
noise_c2	6	1	C2	spacemit	after	temperature_millic	/sys/class/thermal/thermal_zone2/temp	61000
noise_c2	6	1	C2	spacemit	after	temperature_millic	/sys/class/thermal/thermal_zone3/temp	61000
noise_c2	6	2	C2	spacemit	before	governor	/sys/devices/system/cpu/cpu0/cpufreq/scaling_governor	performance
noise_c2	6	2	C2	spacemit	before	governor	/sys/devices/system/cpu/cpu1/cpufreq/scaling_governor	performance
noise_c2	6	2	C2	spacemit	before	governor	/sys/devices/system/cpu/cpu2/cpufreq/scaling_governor	performance
noise_c2	6	2	C2	spacemit	before	governor	/sys/devices/system/cpu/cpu3/cpufreq/scaling_governor	performance
noise_c2	6	2	C2	spacemit	before	governor	/sys/devices/system/cpu/cpu4/cpufreq/scaling_governor	performance
noise_c2	6	2	C2	spacemit	before	governor	/sys/devices/system/cpu/cpu5/cpufreq/scaling_governor	performance
noise_c2	6	2	C2	spacemit	before	governor	/sys/devices/system/cpu/cpu6/cpufreq/scaling_governor	performance
noise_c2	6	2	C2	spacemit	before	governor	/sys/devices/system/cpu/cpu7/cpufreq/scaling_governor	performance
noise_c2	6	2	C2	spacemit	before	frequency_khz	/sys/devices/system/cpu/cpu0/cpufreq/scaling_cur_freq	1600000
noise_c2	6	2	C2	spacemit	before	frequency_khz	/sys/devices/system/cpu/cpu1/cpufreq/scaling_cur_freq	1600000
noise_c2	6	2	C2	spacemit	before	frequency_khz	/sys/devices/system/cpu/cpu2/cpufreq/scaling_cur_freq	1600000
noise_c2	6	2	C2	spacemit	before	frequency_khz	/sys/devices/system/cpu/cpu3/cpufreq/scaling_cur_freq	1600000
noise_c2	6	2	C2	spacemit	before	frequency_khz	/sys/devices/system/cpu/cpu4/cpufreq/scaling_cur_freq	1600000
noise_c2	6	2	C2	spacemit	before	frequency_khz	/sys/devices/system/cpu/cpu5/cpufreq/scaling_cur_freq	1600000
noise_c2	6	2	C2	spacemit	before	frequency_khz	/sys/devices/system/cpu/cpu6/cpufreq/scaling_cur_freq	1600000
noise_c2	6	2	C2	spacemit	before	frequency_khz	/sys/devices/system/cpu/cpu7/cpufreq/scaling_cur_freq	1600000
noise_c2	6	2	C2	spacemit	before	temperature_millic	/sys/class/thermal/thermal_zone0/temp	60000
noise_c2	6	2	C2	spacemit	before	temperature_millic	/sys/class/thermal/thermal_zone1/temp	60000
noise_c2	6	2	C2	spacemit	before	temperature_millic	/sys/class/thermal/thermal_zone2/temp	60000
noise_c2	6	2	C2	spacemit	before	temperature_millic	/sys/class/thermal/thermal_zone3/temp	60000
noise_c2	6	2	C2	spacemit	after	governor	/sys/devices/system/cpu/cpu0/cpufreq/scaling_governor	performance
noise_c2	6	2	C2	spacemit	after	governor	/sys/devices/system/cpu/cpu1/cpufreq/scaling_governor	performance
noise_c2	6	2	C2	spacemit	after	governor	/sys/devices/system/cpu/cpu2/cpufreq/scaling_governor	performance
noise_c2	6	2	C2	spacemit	after	governor	/sys/devices/system/cpu/cpu3/cpufreq/scaling_governor	performance
noise_c2	6	2	C2	spacemit	after	governor	/sys/devices/system/cpu/cpu4/cpufreq/scaling_governor	performance
noise_c2	6	2	C2	spacemit	after	governor	/sys/devices/system/cpu/cpu5/cpufreq/scaling_governor	performance
noise_c2	6	2	C2	spacemit	after	governor	/sys/devices/system/cpu/cpu6/cpufreq/scaling_governor	performance
noise_c2	6	2	C2	spacemit	after	governor	/sys/devices/system/cpu/cpu7/cpufreq/scaling_governor	performance
noise_c2	6	2	C2	spacemit	after	frequency_khz	/sys/devices/system/cpu/cpu0/cpufreq/scaling_cur_freq	1600000
noise_c2	6	2	C2	spacemit	after	frequency_khz	/sys/devices/system/cpu/cpu1/cpufreq/scaling_cur_freq	1600000
noise_c2	6	2	C2	spacemit	after	frequency_khz	/sys/devices/system/cpu/cpu2/cpufreq/scaling_cur_freq	1600000
noise_c2	6	2	C2	spacemit	after	frequency_khz	/sys/devices/system/cpu/cpu3/cpufreq/scaling_cur_freq	1600000
noise_c2	6	2	C2	spacemit	after	frequency_khz	/sys/devices/system/cpu/cpu4/cpufreq/scaling_cur_freq	1600000
noise_c2	6	2	C2	spacemit	after	frequency_khz	/sys/devices/system/cpu/cpu5/cpufreq/scaling_cur_freq	1600000
noise_c2	6	2	C2	spacemit	after	frequency_khz	/sys/devices/system/cpu/cpu6/cpufreq/scaling_cur_freq	1600000
noise_c2	6	2	C2	spacemit	after	frequency_khz	/sys/devices/system/cpu/cpu7/cpufreq/scaling_cur_freq	1600000
noise_c2	6	2	C2	spacemit	after	temperature_millic	/sys/class/thermal/thermal_zone0/temp	61000
noise_c2	6	2	C2	spacemit	after	temperature_millic	/sys/class/thermal/thermal_zone1/temp	60000
noise_c2	6	2	C2	spacemit	after	temperature_millic	/sys/class/thermal/thermal_zone2/temp	61000
noise_c2	6	2	C2	spacemit	after	temperature_millic	/sys/class/thermal/thermal_zone3/temp	62000
noise_c2	6	3	C2	spacemit	before	governor	/sys/devices/system/cpu/cpu0/cpufreq/scaling_governor	performance
noise_c2	6	3	C2	spacemit	before	governor	/sys/devices/system/cpu/cpu1/cpufreq/scaling_governor	performance
noise_c2	6	3	C2	spacemit	before	governor	/sys/devices/system/cpu/cpu2/cpufreq/scaling_governor	performance
noise_c2	6	3	C2	spacemit	before	governor	/sys/devices/system/cpu/cpu3/cpufreq/scaling_governor	performance
noise_c2	6	3	C2	spacemit	before	governor	/sys/devices/system/cpu/cpu4/cpufreq/scaling_governor	performance
noise_c2	6	3	C2	spacemit	before	governor	/sys/devices/system/cpu/cpu5/cpufreq/scaling_governor	performance
noise_c2	6	3	C2	spacemit	before	governor	/sys/devices/system/cpu/cpu6/cpufreq/scaling_governor	performance
noise_c2	6	3	C2	spacemit	before	governor	/sys/devices/system/cpu/cpu7/cpufreq/scaling_governor	performance
noise_c2	6	3	C2	spacemit	before	frequency_khz	/sys/devices/system/cpu/cpu0/cpufreq/scaling_cur_freq	1600000
noise_c2	6	3	C2	spacemit	before	frequency_khz	/sys/devices/system/cpu/cpu1/cpufreq/scaling_cur_freq	1600000
noise_c2	6	3	C2	spacemit	before	frequency_khz	/sys/devices/system/cpu/cpu2/cpufreq/scaling_cur_freq	1600000
noise_c2	6	3	C2	spacemit	before	frequency_khz	/sys/devices/system/cpu/cpu3/cpufreq/scaling_cur_freq	1600000
noise_c2	6	3	C2	spacemit	before	frequency_khz	/sys/devices/system/cpu/cpu4/cpufreq/scaling_cur_freq	1600000
noise_c2	6	3	C2	spacemit	before	frequency_khz	/sys/devices/system/cpu/cpu5/cpufreq/scaling_cur_freq	1600000
noise_c2	6	3	C2	spacemit	before	frequency_khz	/sys/devices/system/cpu/cpu6/cpufreq/scaling_cur_freq	1600000
noise_c2	6	3	C2	spacemit	before	frequency_khz	/sys/devices/system/cpu/cpu7/cpufreq/scaling_cur_freq	1600000
noise_c2	6	3	C2	spacemit	before	temperature_millic	/sys/class/thermal/thermal_zone0/temp	59000
noise_c2	6	3	C2	spacemit	before	temperature_millic	/sys/class/thermal/thermal_zone1/temp	59000
noise_c2	6	3	C2	spacemit	before	temperature_millic	/sys/class/thermal/thermal_zone2/temp	61000
noise_c2	6	3	C2	spacemit	before	temperature_millic	/sys/class/thermal/thermal_zone3/temp	63000
noise_c2	6	3	C2	spacemit	after	governor	/sys/devices/system/cpu/cpu0/cpufreq/scaling_governor	performance
noise_c2	6	3	C2	spacemit	after	governor	/sys/devices/system/cpu/cpu1/cpufreq/scaling_governor	performance
noise_c2	6	3	C2	spacemit	after	governor	/sys/devices/system/cpu/cpu2/cpufreq/scaling_governor	performance
noise_c2	6	3	C2	spacemit	after	governor	/sys/devices/system/cpu/cpu3/cpufreq/scaling_governor	performance
noise_c2	6	3	C2	spacemit	after	governor	/sys/devices/system/cpu/cpu4/cpufreq/scaling_governor	performance
noise_c2	6	3	C2	spacemit	after	governor	/sys/devices/system/cpu/cpu5/cpufreq/scaling_governor	performance
noise_c2	6	3	C2	spacemit	after	governor	/sys/devices/system/cpu/cpu6/cpufreq/scaling_governor	performance
noise_c2	6	3	C2	spacemit	after	governor	/sys/devices/system/cpu/cpu7/cpufreq/scaling_governor	performance
noise_c2	6	3	C2	spacemit	after	frequency_khz	/sys/devices/system/cpu/cpu0/cpufreq/scaling_cur_freq	1600000
noise_c2	6	3	C2	spacemit	after	frequency_khz	/sys/devices/system/cpu/cpu1/cpufreq/scaling_cur_freq	1600000
noise_c2	6	3	C2	spacemit	after	frequency_khz	/sys/devices/system/cpu/cpu2/cpufreq/scaling_cur_freq	1600000
noise_c2	6	3	C2	spacemit	after	frequency_khz	/sys/devices/system/cpu/cpu3/cpufreq/scaling_cur_freq	1600000
noise_c2	6	3	C2	spacemit	after	frequency_khz	/sys/devices/system/cpu/cpu4/cpufreq/scaling_cur_freq	1600000
noise_c2	6	3	C2	spacemit	after	frequency_khz	/sys/devices/system/cpu/cpu5/cpufreq/scaling_cur_freq	1600000
noise_c2	6	3	C2	spacemit	after	frequency_khz	/sys/devices/system/cpu/cpu6/cpufreq/scaling_cur_freq	1600000
noise_c2	6	3	C2	spacemit	after	frequency_khz	/sys/devices/system/cpu/cpu7/cpufreq/scaling_cur_freq	1600000
noise_c2	6	3	C2	spacemit	after	temperature_millic	/sys/class/thermal/thermal_zone0/temp	61000
noise_c2	6	3	C2	spacemit	after	temperature_millic	/sys/class/thermal/thermal_zone1/temp	60000
noise_c2	6	3	C2	spacemit	after	temperature_millic	/sys/class/thermal/thermal_zone2/temp	61000
noise_c2	6	3	C2	spacemit	after	temperature_millic	/sys/class/thermal/thermal_zone3/temp	63000
noise_c2	7	0	C2	spacemit	before	governor	/sys/devices/system/cpu/cpu0/cpufreq/scaling_governor	performance
noise_c2	7	0	C2	spacemit	before	governor	/sys/devices/system/cpu/cpu1/cpufreq/scaling_governor	performance
noise_c2	7	0	C2	spacemit	before	governor	/sys/devices/system/cpu/cpu2/cpufreq/scaling_governor	performance
noise_c2	7	0	C2	spacemit	before	governor	/sys/devices/system/cpu/cpu3/cpufreq/scaling_governor	performance
noise_c2	7	0	C2	spacemit	before	governor	/sys/devices/system/cpu/cpu4/cpufreq/scaling_governor	performance
noise_c2	7	0	C2	spacemit	before	governor	/sys/devices/system/cpu/cpu5/cpufreq/scaling_governor	performance
noise_c2	7	0	C2	spacemit	before	governor	/sys/devices/system/cpu/cpu6/cpufreq/scaling_governor	performance
noise_c2	7	0	C2	spacemit	before	governor	/sys/devices/system/cpu/cpu7/cpufreq/scaling_governor	performance
noise_c2	7	0	C2	spacemit	before	frequency_khz	/sys/devices/system/cpu/cpu0/cpufreq/scaling_cur_freq	1600000
noise_c2	7	0	C2	spacemit	before	frequency_khz	/sys/devices/system/cpu/cpu1/cpufreq/scaling_cur_freq	1600000
noise_c2	7	0	C2	spacemit	before	frequency_khz	/sys/devices/system/cpu/cpu2/cpufreq/scaling_cur_freq	1600000
noise_c2	7	0	C2	spacemit	before	frequency_khz	/sys/devices/system/cpu/cpu3/cpufreq/scaling_cur_freq	1600000
noise_c2	7	0	C2	spacemit	before	frequency_khz	/sys/devices/system/cpu/cpu4/cpufreq/scaling_cur_freq	1600000
noise_c2	7	0	C2	spacemit	before	frequency_khz	/sys/devices/system/cpu/cpu5/cpufreq/scaling_cur_freq	1600000
noise_c2	7	0	C2	spacemit	before	frequency_khz	/sys/devices/system/cpu/cpu6/cpufreq/scaling_cur_freq	1600000
noise_c2	7	0	C2	spacemit	before	frequency_khz	/sys/devices/system/cpu/cpu7/cpufreq/scaling_cur_freq	1600000
noise_c2	7	0	C2	spacemit	before	temperature_millic	/sys/class/thermal/thermal_zone0/temp	60000
noise_c2	7	0	C2	spacemit	before	temperature_millic	/sys/class/thermal/thermal_zone1/temp	60000
noise_c2	7	0	C2	spacemit	before	temperature_millic	/sys/class/thermal/thermal_zone2/temp	61000
noise_c2	7	0	C2	spacemit	before	temperature_millic	/sys/class/thermal/thermal_zone3/temp	62000
noise_c2	7	0	C2	spacemit	after	governor	/sys/devices/system/cpu/cpu0/cpufreq/scaling_governor	performance
noise_c2	7	0	C2	spacemit	after	governor	/sys/devices/system/cpu/cpu1/cpufreq/scaling_governor	performance
noise_c2	7	0	C2	spacemit	after	governor	/sys/devices/system/cpu/cpu2/cpufreq/scaling_governor	performance
noise_c2	7	0	C2	spacemit	after	governor	/sys/devices/system/cpu/cpu3/cpufreq/scaling_governor	performance
noise_c2	7	0	C2	spacemit	after	governor	/sys/devices/system/cpu/cpu4/cpufreq/scaling_governor	performance
noise_c2	7	0	C2	spacemit	after	governor	/sys/devices/system/cpu/cpu5/cpufreq/scaling_governor	performance
noise_c2	7	0	C2	spacemit	after	governor	/sys/devices/system/cpu/cpu6/cpufreq/scaling_governor	performance
noise_c2	7	0	C2	spacemit	after	governor	/sys/devices/system/cpu/cpu7/cpufreq/scaling_governor	performance
noise_c2	7	0	C2	spacemit	after	frequency_khz	/sys/devices/system/cpu/cpu0/cpufreq/scaling_cur_freq	1600000
noise_c2	7	0	C2	spacemit	after	frequency_khz	/sys/devices/system/cpu/cpu1/cpufreq/scaling_cur_freq	1600000
noise_c2	7	0	C2	spacemit	after	frequency_khz	/sys/devices/system/cpu/cpu2/cpufreq/scaling_cur_freq	1600000
noise_c2	7	0	C2	spacemit	after	frequency_khz	/sys/devices/system/cpu/cpu3/cpufreq/scaling_cur_freq	1600000
noise_c2	7	0	C2	spacemit	after	frequency_khz	/sys/devices/system/cpu/cpu4/cpufreq/scaling_cur_freq	1600000
noise_c2	7	0	C2	spacemit	after	frequency_khz	/sys/devices/system/cpu/cpu5/cpufreq/scaling_cur_freq	1600000
noise_c2	7	0	C2	spacemit	after	frequency_khz	/sys/devices/system/cpu/cpu6/cpufreq/scaling_cur_freq	1600000
noise_c2	7	0	C2	spacemit	after	frequency_khz	/sys/devices/system/cpu/cpu7/cpufreq/scaling_cur_freq	1600000
noise_c2	7	0	C2	spacemit	after	temperature_millic	/sys/class/thermal/thermal_zone0/temp	60000
noise_c2	7	0	C2	spacemit	after	temperature_millic	/sys/class/thermal/thermal_zone1/temp	60000
noise_c2	7	0	C2	spacemit	after	temperature_millic	/sys/class/thermal/thermal_zone2/temp	62000
noise_c2	7	0	C2	spacemit	after	temperature_millic	/sys/class/thermal/thermal_zone3/temp	63000
noise_c2	7	1	C2	spacemit	before	governor	/sys/devices/system/cpu/cpu0/cpufreq/scaling_governor	performance
noise_c2	7	1	C2	spacemit	before	governor	/sys/devices/system/cpu/cpu1/cpufreq/scaling_governor	performance
noise_c2	7	1	C2	spacemit	before	governor	/sys/devices/system/cpu/cpu2/cpufreq/scaling_governor	performance
noise_c2	7	1	C2	spacemit	before	governor	/sys/devices/system/cpu/cpu3/cpufreq/scaling_governor	performance
noise_c2	7	1	C2	spacemit	before	governor	/sys/devices/system/cpu/cpu4/cpufreq/scaling_governor	performance
noise_c2	7	1	C2	spacemit	before	governor	/sys/devices/system/cpu/cpu5/cpufreq/scaling_governor	performance
noise_c2	7	1	C2	spacemit	before	governor	/sys/devices/system/cpu/cpu6/cpufreq/scaling_governor	performance
noise_c2	7	1	C2	spacemit	before	governor	/sys/devices/system/cpu/cpu7/cpufreq/scaling_governor	performance
noise_c2	7	1	C2	spacemit	before	frequency_khz	/sys/devices/system/cpu/cpu0/cpufreq/scaling_cur_freq	1600000
noise_c2	7	1	C2	spacemit	before	frequency_khz	/sys/devices/system/cpu/cpu1/cpufreq/scaling_cur_freq	1600000
noise_c2	7	1	C2	spacemit	before	frequency_khz	/sys/devices/system/cpu/cpu2/cpufreq/scaling_cur_freq	1600000
noise_c2	7	1	C2	spacemit	before	frequency_khz	/sys/devices/system/cpu/cpu3/cpufreq/scaling_cur_freq	1600000
noise_c2	7	1	C2	spacemit	before	frequency_khz	/sys/devices/system/cpu/cpu4/cpufreq/scaling_cur_freq	1600000
noise_c2	7	1	C2	spacemit	before	frequency_khz	/sys/devices/system/cpu/cpu5/cpufreq/scaling_cur_freq	1600000
noise_c2	7	1	C2	spacemit	before	frequency_khz	/sys/devices/system/cpu/cpu6/cpufreq/scaling_cur_freq	1600000
noise_c2	7	1	C2	spacemit	before	frequency_khz	/sys/devices/system/cpu/cpu7/cpufreq/scaling_cur_freq	1600000
noise_c2	7	1	C2	spacemit	before	temperature_millic	/sys/class/thermal/thermal_zone0/temp	60000
noise_c2	7	1	C2	spacemit	before	temperature_millic	/sys/class/thermal/thermal_zone1/temp	59000
noise_c2	7	1	C2	spacemit	before	temperature_millic	/sys/class/thermal/thermal_zone2/temp	63000
noise_c2	7	1	C2	spacemit	before	temperature_millic	/sys/class/thermal/thermal_zone3/temp	63000
noise_c2	7	1	C2	spacemit	after	governor	/sys/devices/system/cpu/cpu0/cpufreq/scaling_governor	performance
noise_c2	7	1	C2	spacemit	after	governor	/sys/devices/system/cpu/cpu1/cpufreq/scaling_governor	performance
noise_c2	7	1	C2	spacemit	after	governor	/sys/devices/system/cpu/cpu2/cpufreq/scaling_governor	performance
noise_c2	7	1	C2	spacemit	after	governor	/sys/devices/system/cpu/cpu3/cpufreq/scaling_governor	performance
noise_c2	7	1	C2	spacemit	after	governor	/sys/devices/system/cpu/cpu4/cpufreq/scaling_governor	performance
noise_c2	7	1	C2	spacemit	after	governor	/sys/devices/system/cpu/cpu5/cpufreq/scaling_governor	performance
noise_c2	7	1	C2	spacemit	after	governor	/sys/devices/system/cpu/cpu6/cpufreq/scaling_governor	performance
noise_c2	7	1	C2	spacemit	after	governor	/sys/devices/system/cpu/cpu7/cpufreq/scaling_governor	performance
noise_c2	7	1	C2	spacemit	after	frequency_khz	/sys/devices/system/cpu/cpu0/cpufreq/scaling_cur_freq	1600000
noise_c2	7	1	C2	spacemit	after	frequency_khz	/sys/devices/system/cpu/cpu1/cpufreq/scaling_cur_freq	1600000
noise_c2	7	1	C2	spacemit	after	frequency_khz	/sys/devices/system/cpu/cpu2/cpufreq/scaling_cur_freq	1600000
noise_c2	7	1	C2	spacemit	after	frequency_khz	/sys/devices/system/cpu/cpu3/cpufreq/scaling_cur_freq	1600000
noise_c2	7	1	C2	spacemit	after	frequency_khz	/sys/devices/system/cpu/cpu4/cpufreq/scaling_cur_freq	1600000
noise_c2	7	1	C2	spacemit	after	frequency_khz	/sys/devices/system/cpu/cpu5/cpufreq/scaling_cur_freq	1600000
noise_c2	7	1	C2	spacemit	after	frequency_khz	/sys/devices/system/cpu/cpu6/cpufreq/scaling_cur_freq	1600000
noise_c2	7	1	C2	spacemit	after	frequency_khz	/sys/devices/system/cpu/cpu7/cpufreq/scaling_cur_freq	1600000
noise_c2	7	1	C2	spacemit	after	temperature_millic	/sys/class/thermal/thermal_zone0/temp	60000
noise_c2	7	1	C2	spacemit	after	temperature_millic	/sys/class/thermal/thermal_zone1/temp	59000
noise_c2	7	1	C2	spacemit	after	temperature_millic	/sys/class/thermal/thermal_zone2/temp	62000
noise_c2	7	1	C2	spacemit	after	temperature_millic	/sys/class/thermal/thermal_zone3/temp	61000
noise_c2	7	2	C2	spacemit	before	governor	/sys/devices/system/cpu/cpu0/cpufreq/scaling_governor	performance
noise_c2	7	2	C2	spacemit	before	governor	/sys/devices/system/cpu/cpu1/cpufreq/scaling_governor	performance
noise_c2	7	2	C2	spacemit	before	governor	/sys/devices/system/cpu/cpu2/cpufreq/scaling_governor	performance
noise_c2	7	2	C2	spacemit	before	governor	/sys/devices/system/cpu/cpu3/cpufreq/scaling_governor	performance
noise_c2	7	2	C2	spacemit	before	governor	/sys/devices/system/cpu/cpu4/cpufreq/scaling_governor	performance
noise_c2	7	2	C2	spacemit	before	governor	/sys/devices/system/cpu/cpu5/cpufreq/scaling_governor	performance
noise_c2	7	2	C2	spacemit	before	governor	/sys/devices/system/cpu/cpu6/cpufreq/scaling_governor	performance
noise_c2	7	2	C2	spacemit	before	governor	/sys/devices/system/cpu/cpu7/cpufreq/scaling_governor	performance
noise_c2	7	2	C2	spacemit	before	frequency_khz	/sys/devices/system/cpu/cpu0/cpufreq/scaling_cur_freq	1600000
noise_c2	7	2	C2	spacemit	before	frequency_khz	/sys/devices/system/cpu/cpu1/cpufreq/scaling_cur_freq	1600000
noise_c2	7	2	C2	spacemit	before	frequency_khz	/sys/devices/system/cpu/cpu2/cpufreq/scaling_cur_freq	1600000
noise_c2	7	2	C2	spacemit	before	frequency_khz	/sys/devices/system/cpu/cpu3/cpufreq/scaling_cur_freq	1600000
noise_c2	7	2	C2	spacemit	before	frequency_khz	/sys/devices/system/cpu/cpu4/cpufreq/scaling_cur_freq	1600000
noise_c2	7	2	C2	spacemit	before	frequency_khz	/sys/devices/system/cpu/cpu5/cpufreq/scaling_cur_freq	1600000
noise_c2	7	2	C2	spacemit	before	frequency_khz	/sys/devices/system/cpu/cpu6/cpufreq/scaling_cur_freq	1600000
noise_c2	7	2	C2	spacemit	before	frequency_khz	/sys/devices/system/cpu/cpu7/cpufreq/scaling_cur_freq	1600000
noise_c2	7	2	C2	spacemit	before	temperature_millic	/sys/class/thermal/thermal_zone0/temp	61000
noise_c2	7	2	C2	spacemit	before	temperature_millic	/sys/class/thermal/thermal_zone1/temp	61000
noise_c2	7	2	C2	spacemit	before	temperature_millic	/sys/class/thermal/thermal_zone2/temp	62000
noise_c2	7	2	C2	spacemit	before	temperature_millic	/sys/class/thermal/thermal_zone3/temp	61000
noise_c2	7	2	C2	spacemit	after	governor	/sys/devices/system/cpu/cpu0/cpufreq/scaling_governor	performance
noise_c2	7	2	C2	spacemit	after	governor	/sys/devices/system/cpu/cpu1/cpufreq/scaling_governor	performance
noise_c2	7	2	C2	spacemit	after	governor	/sys/devices/system/cpu/cpu2/cpufreq/scaling_governor	performance
noise_c2	7	2	C2	spacemit	after	governor	/sys/devices/system/cpu/cpu3/cpufreq/scaling_governor	performance
noise_c2	7	2	C2	spacemit	after	governor	/sys/devices/system/cpu/cpu4/cpufreq/scaling_governor	performance
noise_c2	7	2	C2	spacemit	after	governor	/sys/devices/system/cpu/cpu5/cpufreq/scaling_governor	performance
noise_c2	7	2	C2	spacemit	after	governor	/sys/devices/system/cpu/cpu6/cpufreq/scaling_governor	performance
noise_c2	7	2	C2	spacemit	after	governor	/sys/devices/system/cpu/cpu7/cpufreq/scaling_governor	performance
noise_c2	7	2	C2	spacemit	after	frequency_khz	/sys/devices/system/cpu/cpu0/cpufreq/scaling_cur_freq	1600000
noise_c2	7	2	C2	spacemit	after	frequency_khz	/sys/devices/system/cpu/cpu1/cpufreq/scaling_cur_freq	1600000
noise_c2	7	2	C2	spacemit	after	frequency_khz	/sys/devices/system/cpu/cpu2/cpufreq/scaling_cur_freq	1600000
noise_c2	7	2	C2	spacemit	after	frequency_khz	/sys/devices/system/cpu/cpu3/cpufreq/scaling_cur_freq	1600000
noise_c2	7	2	C2	spacemit	after	frequency_khz	/sys/devices/system/cpu/cpu4/cpufreq/scaling_cur_freq	1600000
noise_c2	7	2	C2	spacemit	after	frequency_khz	/sys/devices/system/cpu/cpu5/cpufreq/scaling_cur_freq	1600000
noise_c2	7	2	C2	spacemit	after	frequency_khz	/sys/devices/system/cpu/cpu6/cpufreq/scaling_cur_freq	1600000
noise_c2	7	2	C2	spacemit	after	frequency_khz	/sys/devices/system/cpu/cpu7/cpufreq/scaling_cur_freq	1600000
noise_c2	7	2	C2	spacemit	after	temperature_millic	/sys/class/thermal/thermal_zone0/temp	60000
noise_c2	7	2	C2	spacemit	after	temperature_millic	/sys/class/thermal/thermal_zone1/temp	61000
noise_c2	7	2	C2	spacemit	after	temperature_millic	/sys/class/thermal/thermal_zone2/temp	61000
noise_c2	7	2	C2	spacemit	after	temperature_millic	/sys/class/thermal/thermal_zone3/temp	61000
noise_c2	7	3	C2	spacemit	before	governor	/sys/devices/system/cpu/cpu0/cpufreq/scaling_governor	performance
noise_c2	7	3	C2	spacemit	before	governor	/sys/devices/system/cpu/cpu1/cpufreq/scaling_governor	performance
noise_c2	7	3	C2	spacemit	before	governor	/sys/devices/system/cpu/cpu2/cpufreq/scaling_governor	performance
noise_c2	7	3	C2	spacemit	before	governor	/sys/devices/system/cpu/cpu3/cpufreq/scaling_governor	performance
noise_c2	7	3	C2	spacemit	before	governor	/sys/devices/system/cpu/cpu4/cpufreq/scaling_governor	performance
noise_c2	7	3	C2	spacemit	before	governor	/sys/devices/system/cpu/cpu5/cpufreq/scaling_governor	performance
noise_c2	7	3	C2	spacemit	before	governor	/sys/devices/system/cpu/cpu6/cpufreq/scaling_governor	performance
noise_c2	7	3	C2	spacemit	before	governor	/sys/devices/system/cpu/cpu7/cpufreq/scaling_governor	performance
noise_c2	7	3	C2	spacemit	before	frequency_khz	/sys/devices/system/cpu/cpu0/cpufreq/scaling_cur_freq	1600000
noise_c2	7	3	C2	spacemit	before	frequency_khz	/sys/devices/system/cpu/cpu1/cpufreq/scaling_cur_freq	1600000
noise_c2	7	3	C2	spacemit	before	frequency_khz	/sys/devices/system/cpu/cpu2/cpufreq/scaling_cur_freq	1600000
noise_c2	7	3	C2	spacemit	before	frequency_khz	/sys/devices/system/cpu/cpu3/cpufreq/scaling_cur_freq	1600000
noise_c2	7	3	C2	spacemit	before	frequency_khz	/sys/devices/system/cpu/cpu4/cpufreq/scaling_cur_freq	1600000
noise_c2	7	3	C2	spacemit	before	frequency_khz	/sys/devices/system/cpu/cpu5/cpufreq/scaling_cur_freq	1600000
noise_c2	7	3	C2	spacemit	before	frequency_khz	/sys/devices/system/cpu/cpu6/cpufreq/scaling_cur_freq	1600000
noise_c2	7	3	C2	spacemit	before	frequency_khz	/sys/devices/system/cpu/cpu7/cpufreq/scaling_cur_freq	1600000
noise_c2	7	3	C2	spacemit	before	temperature_millic	/sys/class/thermal/thermal_zone0/temp	61000
noise_c2	7	3	C2	spacemit	before	temperature_millic	/sys/class/thermal/thermal_zone1/temp	59000
noise_c2	7	3	C2	spacemit	before	temperature_millic	/sys/class/thermal/thermal_zone2/temp	61000
noise_c2	7	3	C2	spacemit	before	temperature_millic	/sys/class/thermal/thermal_zone3/temp	62000
noise_c2	7	3	C2	spacemit	after	governor	/sys/devices/system/cpu/cpu0/cpufreq/scaling_governor	performance
noise_c2	7	3	C2	spacemit	after	governor	/sys/devices/system/cpu/cpu1/cpufreq/scaling_governor	performance
noise_c2	7	3	C2	spacemit	after	governor	/sys/devices/system/cpu/cpu2/cpufreq/scaling_governor	performance
noise_c2	7	3	C2	spacemit	after	governor	/sys/devices/system/cpu/cpu3/cpufreq/scaling_governor	performance
noise_c2	7	3	C2	spacemit	after	governor	/sys/devices/system/cpu/cpu4/cpufreq/scaling_governor	performance
noise_c2	7	3	C2	spacemit	after	governor	/sys/devices/system/cpu/cpu5/cpufreq/scaling_governor	performance
noise_c2	7	3	C2	spacemit	after	governor	/sys/devices/system/cpu/cpu6/cpufreq/scaling_governor	performance
noise_c2	7	3	C2	spacemit	after	governor	/sys/devices/system/cpu/cpu7/cpufreq/scaling_governor	performance
noise_c2	7	3	C2	spacemit	after	frequency_khz	/sys/devices/system/cpu/cpu0/cpufreq/scaling_cur_freq	1600000
noise_c2	7	3	C2	spacemit	after	frequency_khz	/sys/devices/system/cpu/cpu1/cpufreq/scaling_cur_freq	1600000
noise_c2	7	3	C2	spacemit	after	frequency_khz	/sys/devices/system/cpu/cpu2/cpufreq/scaling_cur_freq	1600000
noise_c2	7	3	C2	spacemit	after	frequency_khz	/sys/devices/system/cpu/cpu3/cpufreq/scaling_cur_freq	1600000
noise_c2	7	3	C2	spacemit	after	frequency_khz	/sys/devices/system/cpu/cpu4/cpufreq/scaling_cur_freq	1600000
noise_c2	7	3	C2	spacemit	after	frequency_khz	/sys/devices/system/cpu/cpu5/cpufreq/scaling_cur_freq	1600000
noise_c2	7	3	C2	spacemit	after	frequency_khz	/sys/devices/system/cpu/cpu6/cpufreq/scaling_cur_freq	1600000
noise_c2	7	3	C2	spacemit	after	frequency_khz	/sys/devices/system/cpu/cpu7/cpufreq/scaling_cur_freq	1600000
noise_c2	7	3	C2	spacemit	after	temperature_millic	/sys/class/thermal/thermal_zone0/temp	59000
noise_c2	7	3	C2	spacemit	after	temperature_millic	/sys/class/thermal/thermal_zone1/temp	60000
noise_c2	7	3	C2	spacemit	after	temperature_millic	/sys/class/thermal/thermal_zone2/temp	61000
noise_c2	7	3	C2	spacemit	after	temperature_millic	/sys/class/thermal/thermal_zone3/temp	63000
