candidate	node_name	op_type	source_weight	quantized_weight	source_shape	quantized_shape	source_dtype	quantized_dtype	zero_point_dtype	zero_point_min	zero_point_max	scale_shape	axis	shape_match	mae_after_dequantize	max_abs_after_dequantize	cosine_after_dequantize	source_sha256	quantized_sha256
R211_PROJECT_EXACT_SPLIT_run1	/model.0/conv/Conv	Conv	model.0.conv.weight	model.0.conv.weight	16x3x3x3	16x3x3x3	float32	int8	int8	0	0	16	0	1	0.022556142118345533	0.09255662560462952	0.9999816241869873	e22500dcb8dca0f23875b66c55a3003b18d3d10928cc838ee5bef98dc98b11b2	f7ca1e1bef78aa45707a27241833457d9e6ac75a6dbcb617a1bf580413eec6bc
R211_PROJECT_EXACT_SPLIT_run1	/model.1/conv/Conv	Conv	model.1.conv.weight	model.1.conv.weight	32x16x3x3	32x16x3x3	float32	int8	int8	0	0	32	0	1	0.001627038955328292	0.006612896919250488	0.9999542069942322	a6a15755a22700172bffe614d58b79f61c52dc0cbd682df31f98c91aa5220130	b8b67145ad7105be0d72745ce1df44a9022862011e351fa75796be2322645933
R211_PROJECT_EXACT_SPLIT_run1	/model.2/cv1/conv/Conv	Conv	model.2.cv1.conv.weight	model.2.cv1.conv.weight	32x32x1x1	32x32x1x1	float32	int8	int8	0	0	32	0	1	0.0015062246431485349	0.0056122541427612305	0.9999558290718905	5e382e809489d2ee4194d0c577bb1f6186d38c12db934737d8725c1aebafc220	cd7bee92dd97b8411b04605daf8e38b4043fe6ed7419418cf0d8023ea7d86981
R211_PROJECT_EXACT_SPLIT_run1	/model.2/m.0/cv1/conv/Conv	Conv	model.2.m.0.cv1.conv.weight	model.2.m.0.cv1.conv.weight	8x16x3x3	8x16x3x3	float32	int8	int8	0	0	8	0	1	0.00015327363526079156	0.000581577536650002	0.9998953101243888	491796c756eaf17db25330ff37841bb2f42f2e3d715927ed649c5bd923bf5cc3	60699a187d0b3433515912c0a567e189c4ea91d1f435980fac9bec9ea141df76
R211_PROJECT_EXACT_SPLIT_run1	/model.2/m.0/cv2/conv/Conv	Conv	model.2.m.0.cv2.conv.weight	model.2.m.0.cv2.conv.weight	16x8x3x3	16x8x3x3	float32	int8	int8	0	0	16	0	1	0.030315802061724954	0.11695098876953125	0.9999369017186392	8135d6243d74b4e27567d755a8e2ba2fbc3f5f4f2caa1cea38aa73887aa95829	7b76a1788381c47185fd29de9d0b6d2142a38b23e59d600c2836252cbc5fa228
R211_PROJECT_EXACT_SPLIT_run1	/model.2/cv2/conv/Conv	Conv	model.2.cv2.conv.weight	model.2.cv2.conv.weight	64x48x1x1	64x48x1x1	float32	int8	int8	0	0	64	0	1	0.0012118311099340445	0.005568205378949642	0.999960289467614	1ad86b0890504b9cee6750559e2c2453307df57be8fd5a61f693bd9432da01e7	0e7610fb051f1282f30b6438104dcad7314a1ba1c75049d0e311630ff66084d3
R211_PROJECT_EXACT_SPLIT_run1	/model.3/conv/Conv	Conv	model.3.conv.weight	model.3.conv.weight	64x64x3x3	64x64x3x3	float32	int8	int8	0	0	64	0	1	0.0002365968231671735	0.0010397755540907383	0.9999313579863578	e44672cbbfa251a82dbd542bbe86bad6cddcd8ce8d2a4c9a2e3ccb47b019c44c	fce3b341fc694b856a0ff2ee6d2972b0aded8ab24b18bcdb993a487fd77d4edd
R211_PROJECT_EXACT_SPLIT_run1	/model.4/cv1/conv/Conv	Conv	model.4.cv1.conv.weight	model.4.cv1.conv.weight	64x64x1x1	64x64x1x1	float32	int8	int8	0	0	64	0	1	0.0011833947307460235	0.0062628984451293945	0.9999583570310059	b10ef437446e72501409d3fa97a2264549ed86e3774898d7f75cb16961a44081	5724c907475ef0fa280d38d7d4d84f02e7591194543c540d2f827f0a122c8140
R211_PROJECT_EXACT_SPLIT_run1	/model.4/m.0/cv1/conv/Conv	Conv	model.4.m.0.cv1.conv.weight	model.4.m.0.cv1.conv.weight	16x32x3x3	16x32x3x3	float32	int8	int8	0	0	16	0	1	0.0008597282741978783	0.003327850252389908	0.9999194930808551	87b7743489827a3827af7633d1dbb869ace4f9c560666da3ac331acfbde81dae	e3950aa13ea5b5d178000f98f043d240722c1991092ec4661f98fd9fe5f0c1be
R211_PROJECT_EXACT_SPLIT_run1	/model.4/m.0/cv2/conv/Conv	Conv	model.4.m.0.cv2.conv.weight	model.4.m.0.cv2.conv.weight	32x16x3x3	32x16x3x3	float32	int8	int8	0	0	32	0	1	0.0011366816322938196	0.004071526229381561	0.9999496458126323	2bd4fd356060dc0b39f4a0d29112fb402a04d61305e5b678932905095381cc3d	759f2b401563fdee24d485d76561b92b9afb87b515f0f3aa2d9d9546be23b6ba
R211_PROJECT_EXACT_SPLIT_run1	/model.4/cv2/conv/Conv	Conv	model.4.cv2.conv.weight	model.4.cv2.conv.weight	128x96x1x1	128x96x1x1	float32	int8	int8	0	0	128	0	1	0.001178122197963612	0.0048109544441103935	0.9999650881937222	a2bced9665bce9c4a1c21438d7d48f8d35cef419584d7f7bde5d7dfff49db2b8	ebc344d1df055db206dbbe677c7c4f23d4eab9edf0dc61489d709fb314e1fef1
R211_PROJECT_EXACT_SPLIT_run1	/model.5/conv/Conv	Conv	model.5.conv.weight	model.5.conv.weight	128x128x3x3	128x128x3x3	float32	int8	int8	0	0	128	0	1	0.0006145471119504067	0.007040782831609249	0.9998908645202452	2de86fdc0d300ce40782010a0efe49d89b7f7a2b3226d5bc5a61893ca663fe21	b88a0ebf8efe707f48e8d094217e5ccddab55bacc328e68790c0e9f07196504d
R211_PROJECT_EXACT_SPLIT_run1	/model.6/cv1/conv/Conv	Conv	model.6.cv1.conv.weight	model.6.cv1.conv.weight	128x128x1x1	128x128x1x1	float32	int8	int8	0	0	128	0	1	0.001152205585368729	0.005274653434753418	0.9999563471596137	744b84284d6eedfe337a2b8c0fb5c2a165c96c7bc2d5152ed9bf7de46b897590	5d91674bf265980fb721056e7ff5bde3534e67abc26853304613d39f31dfedaa
R211_PROJECT_EXACT_SPLIT_run1	/model.6/m.0/cv1/conv/Conv	Conv	model.6.m.0.cv1.conv.weight	model.6.m.0.cv1.conv.weight	32x64x1x1	32x64x1x1	float32	int8	int8	0	0	32	0	1	0.000735326130643088	0.0029265880584716797	0.9999726798657821	76295caf45367e86155070f0ce7584c479df3d191a197d3ce70ac05d041a5bd2	d9a4e6915147120dd1c70995cb49f31471a7255f958f3afa260a95ef40ede24d
R211_PROJECT_EXACT_SPLIT_run1	/model.6/m.0/cv2/conv/Conv	Conv	model.6.m.0.cv2.conv.weight	model.6.m.0.cv2.conv.weight	32x64x1x1	32x64x1x1	float32	int8	int8	0	0	32	0	1	0.002114221238651126	0.013632090762257576	0.999957181603377	4a012940c8c98f143204d49cd861bd4bbfc26651b0df88cc2920a0878dfe4e15	d11ceba5d7f49e02f3b2c01c71625ea5e147fb3277988add3fa1bc0c08659672
R211_PROJECT_EXACT_SPLIT_run1	/model.6/m.0/m/m.0/cv1/conv/Conv	Conv	model.6.m.0.m.0.cv1.conv.weight	model.6.m.0.m.0.cv1.conv.weight	32x32x3x3	32x32x3x3	float32	int8	int8	0	0	32	0	1	0.0013396496276578932	0.006324648857116699	0.999935581841366	a24b256697ed4238e33156978694f7b73aebf7bb2cef80d07e95930278a9352f	60edaa71fc4613c28d982af8c87c34f30cd4e5e58bc7bec2b94505ac94512a95
R211_PROJECT_EXACT_SPLIT_run1	/model.6/m.0/m/m.0/cv2/conv/Conv	Conv	model.6.m.0.m.0.cv2.conv.weight	model.6.m.0.m.0.cv2.conv.weight	32x32x3x3	32x32x3x3	float32	int8	int8	0	0	32	0	1	0.0007041723663534012	0.0036422181874513626	0.9999420049086137	6208c8619091b4f2e5b01b00e30f3cd44c904d9d707d7cac73ec7a8e12f58966	69ffc375cd5020cda9eb7370efc1fe24d8dd1fdb4f2e748325089716e11c90e9
R211_PROJECT_EXACT_SPLIT_run1	/model.6/m.0/m/m.1/cv1/conv/Conv	Conv	model.6.m.0.m.1.cv1.conv.weight	model.6.m.0.m.1.cv1.conv.weight	32x32x3x3	32x32x3x3	float32	int8	int8	0	0	32	0	1	0.0008168866844273155	0.0034613609313964844	0.9999398316566953	a884cde40ad5a992394165ff404d39bb39db6016aae88db33a2413a8ecbd194b	7411da07585f6f164f7c822f4a16d3da7bdb1bcd17cb17287cdd3dadbad2207e
R211_PROJECT_EXACT_SPLIT_run1	/model.6/m.0/m/m.1/cv2/conv/Conv	Conv	model.6.m.0.m.1.cv2.conv.weight	model.6.m.0.m.1.cv2.conv.weight	32x32x3x3	32x32x3x3	float32	int8	int8	0	0	32	0	1	0.0011493792549579496	0.005071333609521389	0.9999517046032327	4c8ba73f3447175c968220001db32007a1184159c3ecd1d9639a9ce1976e9c9b	273534559be5555d21b1d21473af95be299a999a1eba427a9e1a21020a4cc57a
R211_PROJECT_EXACT_SPLIT_run1	/model.6/m.0/cv3/conv/Conv	Conv	model.6.m.0.cv3.conv.weight	model.6.m.0.cv3.conv.weight	64x64x1x1	64x64x1x1	float32	int8	int8	0	0	64	0	1	0.0008543062616181984	0.0037229061126708984	0.9999705508638472	b65656a4a2cc369fb4101881173a800e2ae83dca390bb45ef3d2d305696057e2	c26b5af48c3f5e9ebf40dc22af58d806c40a75abe51d89ce0d93cf0073ca0994
R211_PROJECT_EXACT_SPLIT_run1	/model.6/cv2/conv/Conv	Conv	model.6.cv2.conv.weight	model.6.cv2.conv.weight	128x192x1x1	128x192x1x1	float32	int8	int8	0	0	128	0	1	0.0007813892333776532	0.0033746957778930664	0.9999557329109043	3bb7c8396ce3a1eaefa5d479437fedaafd1809761460cd9d00c768267a4d00ce	7739354dc9a286472e39d57add986ae06f570bb7c83f3051c189fdaeddf5944d
R211_PROJECT_EXACT_SPLIT_run1	/model.7/conv/Conv	Conv	model.7.conv.weight	model.7.conv.weight	256x128x3x3	256x128x3x3	float32	int8	int8	0	0	256	0	1	0.0005546679838592353	0.004590466618537903	0.999899626033717	87c9bd59f53419128bbc7b9f1b36f0ebffff5cc2109ad2c027c11a68b73e1877	8ac1b3733cb0d896fecee05d18fbdf93a7537b06fdd7a1473806b628260f609f
R211_PROJECT_EXACT_SPLIT_run1	/model.8/cv1/conv/Conv	Conv	model.8.cv1.conv.weight	model.8.cv1.conv.weight	256x256x1x1	256x256x1x1	float32	int8	int8	0	0	256	0	1	0.0010337266592880473	0.007049861364066601	0.9999543088714726	7ba188e3e0faca9714d8f5bd1b9145dd5b11e0ab2774f9d1ef486feeffea0614	ed7ef07e4d2c2ce4c47469f782e1d81113ef748ebc54e9217acbc11ee51e7ff3
R211_PROJECT_EXACT_SPLIT_run1	/model.8/m.0/cv1/conv/Conv	Conv	model.8.m.0.cv1.conv.weight	model.8.m.0.cv1.conv.weight	64x128x1x1	64x128x1x1	float32	int8	int8	0	0	64	0	1	0.0007516361064148214	0.00330960750579834	0.9999589645771629	b1935dcf695ca1fa13d1b1097ada44e8b56b7716f783b723af35b6b042087065	37ea5404eef2d213e0b7c41d320ebc857d97a7684391023f12244e3718ae03b0
R211_PROJECT_EXACT_SPLIT_run1	/model.8/m.0/cv2/conv/Conv	Conv	model.8.m.0.cv2.conv.weight	model.8.m.0.cv2.conv.weight	64x128x1x1	64x128x1x1	float32	int8	int8	0	0	64	0	1	0.0016226283014864062	0.007958732545375824	0.9999717911169519	642b8b75e8491f04035f9836714ff557f57677335f793d022f3cc3843ea9bf0f	d716839286ab18032dafaae5c2501b472134df251586566df8ea1e69744d1586
R211_PROJECT_EXACT_SPLIT_run1	/model.8/m.0/m/m.0/cv1/conv/Conv	Conv	model.8.m.0.m.0.cv1.conv.weight	model.8.m.0.m.0.cv1.conv.weight	64x64x3x3	64x64x3x3	float32	int8	int8	0	0	64	0	1	0.00133368565267461	0.0074776411056518555	0.9999188219588149	3acca604d841c3b63c9c0d44cf044226ab2278c87c32ca85a275f7b318a322c7	61c4b15ed66d68b241fb76f8d5ba64cfa7c537a19b062a36b39493fd9050694a
R211_PROJECT_EXACT_SPLIT_run1	/model.8/m.0/m/m.0/cv2/conv/Conv	Conv	model.8.m.0.m.0.cv2.conv.weight	model.8.m.0.m.0.cv2.conv.weight	64x64x3x3	64x64x3x3	float32	int8	int8	0	0	64	0	1	0.000663498720621214	0.004790008068084717	0.9999223318939651	002ff0e874b3ef609d4bbc7683e03a078b028d58caa32a3980429730a6f5434e	a66cb7faab43161d1f9da97608ac0ea364f9cd414a150800de753752582610ab
R211_PROJECT_EXACT_SPLIT_run1	/model.8/m.0/m/m.1/cv1/conv/Conv	Conv	model.8.m.0.m.1.cv1.conv.weight	model.8.m.0.m.1.cv1.conv.weight	64x64x3x3	64x64x3x3	float32	int8	int8	0	0	64	0	1	0.0004097522330630389	0.0019377709832042456	0.9999373984725887	d679851699f2fd3b14379ca6b8885007b91197658b6df2dc4de88a4fe7cf77b9	8c8e2d7edb0202d3d389f42ce73822c602e2456026b652c4979d8bba06d28d16
R211_PROJECT_EXACT_SPLIT_run1	/model.8/m.0/m/m.1/cv2/conv/Conv	Conv	model.8.m.0.m.1.cv2.conv.weight	model.8.m.0.m.1.cv2.conv.weight	64x64x3x3	64x64x3x3	float32	int8	int8	0	0	64	0	1	0.0008633033928933047	0.005503296852111816	0.9999074097642271	381fb5c2577f58d0a0df1719980d305b8fb53cf268849a049be65bb6d389fd92	3e0b7e995632ed1e1ecc69791add91db842170199c02718ca5728d28d7a23901
R211_PROJECT_EXACT_SPLIT_run1	/model.8/m.0/cv3/conv/Conv	Conv	model.8.m.0.cv3.conv.weight	model.8.m.0.cv3.conv.weight	128x128x1x1	128x128x1x1	float32	int8	int8	0	0	128	0	1	0.0004939773371428029	0.003238677978515625	0.9999660876028692	66bdf4e29a3d8d4dcd38e8a392cb5711eac3b7972574c477ef3fbd45f7387863	0bb118d2f48fd3ba0c3739a29ef24051c1ab15d24de668d4b416d5785abcc428
R211_PROJECT_EXACT_SPLIT_run1	/model.8/cv2/conv/Conv	Conv	model.8.cv2.conv.weight	model.8.cv2.conv.weight	256x384x1x1	256x384x1x1	float32	int8	int8	0	0	256	0	1	0.0006289402462326818	0.005124330520629883	0.9999544832056109	ed2b6e3346ec4b143a59d9147145c407e23866205451b910dcf6429fcc2b46c7	c8059142a59ad41a7c8e0720b364e033834a1a589738fc3fe9c5b6d2215d8e22
R211_PROJECT_EXACT_SPLIT_run1	/model.9/cv1/conv/Conv	Conv	model.9.cv1.conv.weight	model.9.cv1.conv.weight	128x256x1x1	128x256x1x1	float32	int8	int8	0	0	128	0	1	0.0010879960388630663	0.007387638092041016	0.9999514716406472	0c11468a5ff97f82b453d0e32503b82725c15cee08b4d1ebf6ea39c8d8b2d39b	51cd1a166a3dcc28868405d33c4d7e7ac858d00490eff7f3893fb62bcb6adf38
R211_PROJECT_EXACT_SPLIT_run1	/model.9/cv2/conv/Conv	Conv	model.9.cv2.conv.weight	model.9.cv2.conv.weight	256x512x1x1	256x512x1x1	float32	int8	int8	0	0	256	0	1	0.000414093477228461	0.006281495094299316	0.9999023440861814	852c8c273fc11a4552fef682352580639f4c5ceb9935af859a42e1f2851aabcb	364052e1d4fb62cab9704f3abfec0d4767748167758630ffdda0f58c6c0d1320
R211_PROJECT_EXACT_SPLIT_run1	/model.10/cv1/conv/Conv	Conv	model.10.cv1.conv.weight	model.10.cv1.conv.weight	256x256x1x1	256x256x1x1	float32	int8	int8	0	0	256	0	1	0.0009943855119711404	0.005569950677454472	0.9999575533414168	bf504f342f5dd47b6df147ea079dae5976f15d2f89fa915a5de1c4fb759bd358	f1d3218fd23bbd486f4d7772b61983edd3ddc132a9ad74cd048173c34106e61b
R211_PROJECT_EXACT_SPLIT_run1	/model.10/m/m.0/attn/qkv/conv/Conv	Conv	model.10.m.0.attn.qkv.conv.weight	model.10.m.0.attn.qkv.conv.weight	256x128x1x1	256x128x1x1	float32	int8	int8	0	0	256	0	1	0.0010524746296874422	0.006457190029323101	0.9999660589250491	a8c67903d02421263fd769ba82728cce6ffc5a6a00275c3f703ee78977869750	986d8b81c42bdef8600b882bff65124d5196ccb48a357468e87c3408c64382d0
R211_PROJECT_EXACT_SPLIT_run1	/model.10/m/m.0/attn/pe/conv/Conv	Conv	model.10.m.0.attn.pe.conv.weight	model.10.m.0.attn.pe.conv.weight	128x1x3x3	128x1x3x3	float32	int8	int8	0	0	128	0	1	0.0013004302097054203	0.009750127792358398	0.9999800011134244	de3f3504777a34a43ef968b38e1a7b226598dcc11a99064172a243812a77730a	a66fa56fe437801be5c41c1ef8b2afa546aceb17c0bc9968fdbd262fe3c3af0c
R211_PROJECT_EXACT_SPLIT_run1	/model.10/m/m.0/attn/proj/conv/Conv	Conv	model.10.m.0.attn.proj.conv.weight	model.10.m.0.attn.proj.conv.weight	128x128x1x1	128x128x1x1	float32	int8	int8	0	0	128	0	1	0.0006421998844763008	0.004695502109825611	0.9999689476692937	47da1da5d4b437d00dddf1a11a2dbc322a7e35b7958565a0f03f52ddea89d553	7a7f333cc65195c4be01deb18cb77a3c9201a552c3897e4f3cdb13393cc901a2
R211_PROJECT_EXACT_SPLIT_run1	/model.10/m/m.0/ffn/ffn.0/conv/Conv	Conv	model.10.m.0.ffn.0.conv.weight	model.10.m.0.ffn.0.conv.weight	256x128x1x1	256x128x1x1	float32	int8	int8	0	0	256	0	1	0.00047211819634265795	0.0020034313201904297	0.999971192415005	e36e707c549681f3030c2250a86e160836fc234a345428cb39b60814a8b0a3e8	d95f743b20d91db8feee341c965e2055e14649b82245baeaf26ff8d644dc5c62
R211_PROJECT_EXACT_SPLIT_run1	/model.10/m/m.0/ffn/ffn.1/conv/Conv	Conv	model.10.m.0.ffn.1.conv.weight	model.10.m.0.ffn.1.conv.weight	128x256x1x1	128x256x1x1	float32	int8	int8	0	0	128	0	1	0.0020687679451969407	0.012620072811841965	0.9999703654602995	3c508dbd7b03d8a15442b047c57648c3fc6098aa667d71d35612334c0d57934f	ef8e363e511757c7d9c46bffb63aa1c11901033b09e4f3e57cc1d219edc4d5e6
R211_PROJECT_EXACT_SPLIT_run1	/model.10/cv2/conv/Conv	Conv	model.10.cv2.conv.weight	model.10.cv2.conv.weight	256x256x1x1	256x256x1x1	float32	int8	int8	0	0	256	0	1	0.00041655695473503604	0.002622842788696289	0.9999607023043885	67d8565cfefa74707083ee434b098a4f351396c3af3276b129758311477b36cf	7344d1ce0468dd754d290978579e16eb86ecb5f59ac77c859d37687902deeece
R211_PROJECT_EXACT_SPLIT_run1	/model.13/cv1/conv/Conv	Conv	model.13.cv1.conv.weight	model.13.cv1.conv.weight	128x384x1x1	128x384x1x1	float32	int8	int8	0	0	128	0	1	0.0009263319561273626	0.006906867027282715	0.9999454158659156	0f48e774799ae2c9879a857b07d7651e6ea7afe2f81a4f5468c49298c445f730	b820e3f7add1b26479232f3d4e12271c614a03c7530671f4e16f49d4a2b03bcc
R211_PROJECT_EXACT_SPLIT_run1	/model.13/m.0/cv1/conv/Conv	Conv	model.13.m.0.cv1.conv.weight	model.13.m.0.cv1.conv.weight	32x64x1x1	32x64x1x1	float32	int8	int8	0	0	32	0	1	0.0008345177446464902	0.0024700164794921875	0.9999749778261419	19f8c87cbb81ec691733f7582990fb3dfeb03d38ac081f10e31fc5de9622760c	1998211e3e5da6b0baffa903901e8089b70477c1b87527391cfc6cd68457c33a
R211_PROJECT_EXACT_SPLIT_run1	/model.13/m.0/cv2/conv/Conv	Conv	model.13.m.0.cv2.conv.weight	model.13.m.0.cv2.conv.weight	32x64x1x1	32x64x1x1	float32	int8	int8	0	0	32	0	1	0.0020518095709007866	0.005659261718392372	0.9999806446410667	ea448b2eb2bc8d848e6962fa4bcd8552311f1e29ada329e3beccd7b455754323	a3dedf1bbb671b92c1381472a65650757cc6be7098fddbe5309b75807013f1bf
R211_PROJECT_EXACT_SPLIT_run1	/model.13/m.0/m/m.0/cv1/conv/Conv	Conv	model.13.m.0.m.0.cv1.conv.weight	model.13.m.0.m.0.cv1.conv.weight	32x32x3x3	32x32x3x3	float32	int8	int8	0	0	32	0	1	0.0015091327751457248	0.0051392316818237305	0.9999529776405557	28a369c5b49517d46e5bdbb7d0c38b144ffc731931492928d87f820efd92f1d2	9f5cd3f9e7ad484ada89e2abc639ede8beb70c84fdce4708f8d9068a835c5323
R211_PROJECT_EXACT_SPLIT_run1	/model.13/m.0/m/m.0/cv2/conv/Conv	Conv	model.13.m.0.m.0.cv2.conv.weight	model.13.m.0.m.0.cv2.conv.weight	32x32x3x3	32x32x3x3	float32	int8	int8	0	0	32	0	1	0.0009851476958340458	0.0034964834339916706	0.9999486051258497	e2699236b263e404c9fa7d28d4f7b181a2f85108455562e40f8587aee809e7f4	8baaebe00da30142226dd0aec6c72df0ef71904c1814af37243298a70f7d39a6
R211_PROJECT_EXACT_SPLIT_run1	/model.13/m.0/m/m.1/cv1/conv/Conv	Conv	model.13.m.0.m.1.cv1.conv.weight	model.13.m.0.m.1.cv1.conv.weight	32x32x3x3	32x32x3x3	float32	int8	int8	0	0	32	0	1	0.0004677936266522366	0.0014590620994567871	0.9999606752088961	5125ff4ae6c37e96528f8ff89d1a8dd8ec8a83e42424a8311d5d08c2b563b4b8	e9bccf51b3b48829fb9ab8e75e0fc0e3624886afb978d149efe3333367ef313a
R211_PROJECT_EXACT_SPLIT_run1	/model.13/m.0/m/m.1/cv2/conv/Conv	Conv	model.13.m.0.m.1.cv2.conv.weight	model.13.m.0.m.1.cv2.conv.weight	32x32x3x3	32x32x3x3	float32	int8	int8	0	0	32	0	1	0.0015503409216809495	0.005854438990354538	0.9999534725029698	bc1333225c592836f545a6941cd6c28d063cbb2e4baf2ee6ea2a4de6d4775723	f9de5562be97bc7e5c434a44bf7106b2b007e3ca05063f89e8e4043d36970682
R211_PROJECT_EXACT_SPLIT_run1	/model.13/m.0/cv3/conv/Conv	Conv	model.13.m.0.cv3.conv.weight	model.13.m.0.cv3.conv.weight	64x64x1x1	64x64x1x1	float32	int8	int8	0	0	64	0	1	0.0006140464218513664	0.002050694078207016	0.9999789764726131	c28f4b69234ee547b2e5bff478c4be2f9c3214ed418bb2bc8b27940593bdddfb	b2d6ae072b86b03a1de08174a99af6e0dd198ce0e04e4e63794751b95db7264c
R211_PROJECT_EXACT_SPLIT_run1	/model.13/cv2/conv/Conv	Conv	model.13.cv2.conv.weight	model.13.cv2.conv.weight	128x192x1x1	128x192x1x1	float32	int8	int8	0	0	128	0	1	0.0007336649301404689	0.00398147851228714	0.9999627574434085	86520ada5f9f975a71b6155e94fbe293c7e0e04a2143796eee348d3553d1fd1b	559c72b4ffa42744795f1677cbdaf85dd53594d115769dde22388b4da785143e
R211_PROJECT_EXACT_SPLIT_run1	/model.16/cv1/conv/Conv	Conv	model.16.cv1.conv.weight	model.16.cv1.conv.weight	64x256x1x1	64x256x1x1	float32	int8	int8	0	0	64	0	1	0.0008871381623543669	0.002755463123321533	0.9999463677520416	d73a8c11545bca926b1844f75001242c44bbcca935c2fa16504a92a8f987db13	2ea138f62fde4ee41af09f2facd40a6a40a5f6fe7d2fd3179a7d2b41053b00b3
R211_PROJECT_EXACT_SPLIT_run1	/model.16/m.0/cv1/conv/Conv	Conv	model.16.m.0.cv1.conv.weight	model.16.m.0.cv1.conv.weight	16x32x1x1	16x32x1x1	float32	int8	int8	0	0	16	0	1	0.000623227074951771	0.0022674589417874813	0.9999820374311621	90c2ec2f5a49e825a399c1ea22134623d8e3c4538d20614d0b8c6e98c2227e8a	7c284b49ccae5237ea549d9904166120ed052e53a12f0e5a44b4ee7795955631
R211_PROJECT_EXACT_SPLIT_run1	/model.16/m.0/cv2/conv/Conv	Conv	model.16.m.0.cv2.conv.weight	model.16.m.0.cv2.conv.weight	16x32x1x1	16x32x1x1	float32	int8	int8	0	0	16	0	1	0.002826812632065412	0.009142160415649414	0.9999796090368959	ac819aa7c3a3f043d17f692a2ac6c232df2aa403a11ab757a71082911a4516a8	42717ebdc5b3dde592fe0ee3b3adfc46edd0edf8dd20334c038c3217d2ea1e70
R211_PROJECT_EXACT_SPLIT_run1	/model.16/m.0/m/m.0/cv1/conv/Conv	Conv	model.16.m.0.m.0.cv1.conv.weight	model.16.m.0.m.0.cv1.conv.weight	16x16x3x3	16x16x3x3	float32	int8	int8	0	0	16	0	1	0.004752788992751296	0.013353602960705757	0.9999604294342598	9922ddde00b9732854dd50abec2c67ca51275b0b81da3290d0f0fc1498cec0f5	5c6c3a6146f75c12bd3a18f3d47fb501d6f7a9d94e951cfc1ddea94f6f2302c9
R211_PROJECT_EXACT_SPLIT_run1	/model.16/m.0/m/m.0/cv2/conv/Conv	Conv	model.16.m.0.m.0.cv2.conv.weight	model.16.m.0.m.0.cv2.conv.weight	16x16x3x3	16x16x3x3	float32	int8	int8	0	0	16	0	1	0.0012216504717975517	0.003698349930346012	0.9999434337091478	30e3c7f11586a1683e5efe6092c1b5ab5f91acbe67d24c58e79bb0c9b009f2c0	0cb84060020e3c1a2d601c2d3c9bcb58d3f69b0157984d3095edb59e26fbdb84
R211_PROJECT_EXACT_SPLIT_run1	/model.16/m.0/m/m.1/cv1/conv/Conv	Conv	model.16.m.0.m.1.cv1.conv.weight	model.16.m.0.m.1.cv1.conv.weight	16x16x3x3	16x16x3x3	float32	int8	int8	0	0	16	0	1	0.000976858423274823	0.0030510248616337776	0.9999418570443944	064638469195e4ecf1ee749544373f8f49d044cc31ddd2bdacc63da7decd9491	13b81295c21c7cb203a4d5ef60d8f057a58eac7d7e704d320a962abd6c930bfa
R211_PROJECT_EXACT_SPLIT_run1	/model.16/m.0/m/m.1/cv2/conv/Conv	Conv	model.16.m.0.m.1.cv2.conv.weight	model.16.m.0.m.1.cv2.conv.weight	16x16x3x3	16x16x3x3	float32	int8	int8	0	0	16	0	1	0.003998669275713635	0.01161646842956543	0.9999378619336532	1387b8a0e511b9eedf89432527db7df405d3db243133a97578cfa388b1840701	0cf9d852e7243231b491ff7702990b1db1df9bdb585df9fa57c51612e0ddd39f
R211_PROJECT_EXACT_SPLIT_run1	/model.16/m.0/cv3/conv/Conv	Conv	model.16.m.0.cv3.conv.weight	model.16.m.0.cv3.conv.weight	32x32x1x1	32x32x1x1	float32	int8	int8	0	0	32	0	1	0.0011898195560817726	0.004118800163269043	0.9999701331215973	89705903ec896161ebede39a891478f501cf83947e7e43450ba1e93853b955a6	e81b5a0d8f1cddf21f54cceee19f11a9bc0e03a7787f2e9f14e68652c1aee2ff
R211_PROJECT_EXACT_SPLIT_run1	/model.16/cv2/conv/Conv	Conv	model.16.cv2.conv.weight	model.16.cv2.conv.weight	64x96x1x1	64x96x1x1	float32	int8	int8	0	0	64	0	1	0.0010534456603608078	0.01360321044921875	0.9999179898956293	0b08e81d5497c7820019751d2c689a1379b6957ebb3afbc48d1a1e03999d446e	c318f72495b4cf221b04eb1bc82c0b24a8a4a67ddb0cc8774ddabfc2ad553c31
R211_PROJECT_EXACT_SPLIT_run1	/model.17/conv/Conv	Conv	model.17.conv.weight	model.17.conv.weight	64x64x3x3	64x64x3x3	float32	int8	int8	0	0	64	0	1	0.0007669504667069232	0.0028989315032958984	0.9999153920390924	26ccbdd1ddc07a57ebca0f33fecedec7eb9456eeeb6cec9830fec12bfbef3001	9ccdf9fbcdeb863b436882c4a3200718b4770374115a9a28308d2cce5559393d
R211_PROJECT_EXACT_SPLIT_run1	/model.23/one2one_cv2.0/one2one_cv2.0.0/conv/Conv	Conv	model.23.one2one_cv2.0.0.conv.weight	model.23.one2one_cv2.0.0.conv.weight	16x64x3x3	16x64x3x3	float32	int8	int8	0	0	16	0	1	0.002717191048205435	0.011184535920619965	0.9998649633004953	ba9f73a00c947f8376895ca59f733bccd001670cf645490c0516863ac8659d60	706087972b1205f2f6ece57c96f39c7c56416d5f20fdd89c5c2feaccdb4d45d9
R211_PROJECT_EXACT_SPLIT_run1	/model.23/one2one_cv3.0/one2one_cv3.0.0/one2one_cv3.0.0.0/conv/Conv	Conv	model.23.one2one_cv3.0.0.0.conv.weight	model.23.one2one_cv3.0.0.0.conv.weight	64x1x3x3	64x1x3x3	float32	int8	int8	0	0	64	0	1	0.0032619755897940195	0.010919380933046341	0.9999843878409809	4fe0dd2a6ea5f28860bcc674a25bb37ac7a7f09ffc8f282d14cb102c816f4e01	67daa27d9164fdbdee58e1de19f5e4e64d1e42ab246e33f45689933e5a09104b
R211_PROJECT_EXACT_SPLIT_run1	/model.23/one2one_cv2.0/one2one_cv2.0.1/conv/Conv	Conv	model.23.one2one_cv2.0.1.conv.weight	model.23.one2one_cv2.0.1.conv.weight	16x16x3x3	16x16x3x3	float32	int8	int8	0	0	16	0	1	0.0006670456869302615	0.0035496950149536133	0.9998020497322002	a2ed366ffd6fcc0a8ff340feaa5aedbed12ed78fd5b5f540c1e8b87e53fe5fd1	d6d7b689c4affad4031ef96b08f69144e8da42697d359daa3485163cd98e7484
R211_PROJECT_EXACT_SPLIT_run1	/model.23/one2one_cv3.0/one2one_cv3.0.0/one2one_cv3.0.0.1/conv/Conv	Conv	model.23.one2one_cv3.0.0.1.conv.weight	model.23.one2one_cv3.0.0.1.conv.weight	80x64x1x1	80x64x1x1	float32	int8	int8	0	0	80	0	1	0.0006691290859249577	0.003799617290496826	0.9999711352462619	198b9f2769bb9acea3d1e6471ef65ec3117eb720d49a94e9dfe32654d16123e0	bd819ff24efba6058a17ba7fa37603cd2628d97e5c6d075a78c6a9ea527be27c
R211_PROJECT_EXACT_SPLIT_run1	/model.19/cv1/conv/Conv	Conv	model.19.cv1.conv.weight	model.19.cv1.conv.weight	128x192x1x1	128x192x1x1	float32	int8	int8	0	0	128	0	1	0.0015158378104388286	0.005264878273010254	0.999952826169329	98c19a8d213995fa3da218d9c18766bf01a104d36831425fbcf95061dcf30e3e	00d49646354c452b19c9c5c90cd6c0b882f8adbfb8f9138b524feaa968499dd6
R211_PROJECT_EXACT_SPLIT_run1	/model.23/one2one_cv2.0/one2one_cv2.0.2/Conv	Conv	model.23.one2one_cv2.0.2.weight	model.23.one2one_cv2.0.2.weight	4x16x1x1	4x16x1x1	float32	int8	int8	0	0	4	0	1	0.0021298267965903506	0.00446157343685627	0.9999801555369596	b66da2cf5a310ce89a5cdf1da7f371e28beca200b265ba1a9e74ea82e9d05b26	0ae28eab2304e2f7be98d1c9e46bb4107690fc91b72eb580649efc97fcdfa79e
R211_PROJECT_EXACT_SPLIT_run1	/model.23/one2one_cv3.0/one2one_cv3.0.1/one2one_cv3.0.1.0/conv/Conv	Conv	model.23.one2one_cv3.0.1.0.conv.weight	model.23.one2one_cv3.0.1.0.conv.weight	80x1x3x3	80x1x3x3	float32	int8	int8	0	0	80	0	1	0.004686488158687199	0.05014228820800781	0.9999826813125725	dd4d22ae3450af3cfd3a35422189458c9f6e47863a737d5521fde998c4715f04	a33a04aed0fc957ffe92dd6a01d6c3c8075502bad7cd25198b478293c6baf6f7
R211_PROJECT_EXACT_SPLIT_run1	/model.19/m.0/cv1/conv/Conv	Conv	model.19.m.0.cv1.conv.weight	model.19.m.0.cv1.conv.weight	32x64x1x1	32x64x1x1	float32	int8	int8	0	0	32	0	1	0.0004129511526604901	0.002016782760620117	0.9999745890424514	a3fa129b643bbc7eb40adcb7b585c6dd6f0012bd7efbcda2a88823ec2fe99350	0e22d26293ca37d87a9bf35630836a2838cf8c4ff66d0137483decb76f387775
R211_PROJECT_EXACT_SPLIT_run1	/model.19/m.0/cv2/conv/Conv	Conv	model.19.m.0.cv2.conv.weight	model.19.m.0.cv2.conv.weight	32x64x1x1	32x64x1x1	float32	int8	int8	0	0	32	0	1	0.0016575997124164132	0.005542278289794922	0.999968657433368	6b50a2bdb1eca7e77b8122eef6568cf15e285cf7b2290c2b2535c7a145b55b10	32e1365579cc77a70b87251ec9e546a95a39eb4d6fbeb8efe68a2389e2f9f7cc
R211_PROJECT_EXACT_SPLIT_run1	/model.23/one2one_cv3.0/one2one_cv3.0.1/one2one_cv3.0.1.1/conv/Conv	Conv	model.23.one2one_cv3.0.1.1.conv.weight	model.23.one2one_cv3.0.1.1.conv.weight	80x80x1x1	80x80x1x1	float32	int8	int8	0	0	80	0	1	0.001952158057274289	0.03802299499511719	0.9999633033814912	53d250b5f57533ddf80f5991a2ab156faf2cde885ba8e35644534b162722310a	0119805b1b99dcd58eb00cfc61dbe3599793a7f27006fe90538ff409b36f450d
R211_PROJECT_EXACT_SPLIT_run1	/model.19/m.0/m/m.0/cv1/conv/Conv	Conv	model.19.m.0.m.0.cv1.conv.weight	model.19.m.0.m.0.cv1.conv.weight	32x32x3x3	32x32x3x3	float32	int8	int8	0	0	32	0	1	0.0031253317658569363	0.011811615899205208	0.9999269314792629	6eb965aca7718c8c4bec16d51efd7e77926a07c2f3ae304000a8dccee64574a5	891c33797862348324c12bef324ee296d64670b68cb1d111982d1fa717bc61af
R211_PROJECT_EXACT_SPLIT_run1	/model.23/one2one_cv3.0/one2one_cv3.0.2/Conv	Conv	model.23.one2one_cv3.0.2.weight	model.23.one2one_cv3.0.2.weight	80x80x1x1	80x80x1x1	float32	int8	int8	0	0	80	0	1	0.0006599724375701044	0.0018468541093170643	0.9999829567824797	d907ba90f232b1fb7e6381f3ee3a9dd65c241dc768b7b7e707c51382c5e0f62d	f418853dd2b054f2757cc86a1d97e387d92028d67bad9f7b6739c75210784320
R211_PROJECT_EXACT_SPLIT_run1	/model.19/m.0/m/m.0/cv2/conv/Conv	Conv	model.19.m.0.m.0.cv2.conv.weight	model.19.m.0.m.0.cv2.conv.weight	32x32x3x3	32x32x3x3	float32	int8	int8	0	0	32	0	1	0.0013798114170915613	0.0044325729832053185	0.999908628871077	53107d74115b3eca6d03f79488dec1dbbd332dbae01e67dab86e69ff4b1a7126	fe1168e089451639c8d8eb7bff03719d632b964c14ab0b7bc64f7f65130f7864
R211_PROJECT_EXACT_SPLIT_run1	/model.19/m.0/m/m.1/cv1/conv/Conv	Conv	model.19.m.0.m.1.cv1.conv.weight	model.19.m.0.m.1.cv1.conv.weight	32x32x3x3	32x32x3x3	float32	int8	int8	0	0	32	0	1	0.0011369854558934812	0.003673489671200514	0.9999156906795493	4538ad238a53664ed34e78e74f12f76b36ad7dcaed97c5c819c841b130ad6210	a888b2a1329ff79283d2791692ce122853bafae669ef6ebbd4b9d586eef6a3bb
R211_PROJECT_EXACT_SPLIT_run1	/model.19/m.0/m/m.1/cv2/conv/Conv	Conv	model.19.m.0.m.1.cv2.conv.weight	model.19.m.0.m.1.cv2.conv.weight	32x32x3x3	32x32x3x3	float32	int8	int8	0	0	32	0	1	0.0027649255557717664	0.01382136344909668	0.9998938828285411	79420109c63780c62b0a0d92f357ae2a594cc076ed4fe036d2b1375f7209a9b6	6ef80139c4a7031d687b696ce8459f318d2a05e91ebdb518993dc2bdf044c61f
R211_PROJECT_EXACT_SPLIT_run1	/model.19/m.0/cv3/conv/Conv	Conv	model.19.m.0.cv3.conv.weight	model.19.m.0.cv3.conv.weight	64x64x1x1	64x64x1x1	float32	int8	int8	0	0	64	0	1	0.0010954431320069902	0.007328391075134277	0.9999529756789991	18000326530cf90d7c2dd2b5543fc3a047e6828f1d10b023f6da64cd4695ecec	e59e73f9f17f2d4ff52e270dec090b4aa860425b8d714c41ac9352dc3d7289c5
R211_PROJECT_EXACT_SPLIT_run1	/model.19/cv2/conv/Conv	Conv	model.19.cv2.conv.weight	model.19.cv2.conv.weight	128x192x1x1	128x192x1x1	float32	int8	int8	0	0	128	0	1	0.0008949892530796116	0.010485703125596046	0.9998710211334578	c60f0460363d8db99fe9d51018f1affeb4be0540ab82d7e65e27db1286611bab	f02d665f2a695b98184f975bf56300022d7c671f9f63ea56b68d0c1d7d2be47f
R211_PROJECT_EXACT_SPLIT_run1	/model.20/conv/Conv	Conv	model.20.conv.weight	model.20.conv.weight	128x128x3x3	128x128x3x3	float32	int8	int8	0	0	128	0	1	0.0005847393924132587	0.0026394184678792953	0.9998951049555634	31c1155782ae5b215b1f6de15a03402c2d19d2bf664cb72e030405866f48b40e	67ab49fcf8d6fdb02b6e35d084687b7cf78457fe3c4757719f3cd893edc543a2
R211_PROJECT_EXACT_SPLIT_run1	/model.23/one2one_cv2.1/one2one_cv2.1.0/conv/Conv	Conv	model.23.one2one_cv2.1.0.conv.weight	model.23.one2one_cv2.1.0.conv.weight	16x128x3x3	16x128x3x3	float32	int8	int8	0	0	16	0	1	0.0013988249334193625	0.005168437957763672	0.9995743580523144	d12f73aedd2af75d665fe36a2c565b94118088072f82a4da526f8d0a1d50947c	82312d77faef6d2dbb2c6e2f05b7363be1c2a3a28c170ed61a7478877748de70
R211_PROJECT_EXACT_SPLIT_run1	/model.23/one2one_cv3.1/one2one_cv3.1.0/one2one_cv3.1.0.0/conv/Conv	Conv	model.23.one2one_cv3.1.0.0.conv.weight	model.23.one2one_cv3.1.0.0.conv.weight	128x1x3x3	128x1x3x3	float32	int8	int8	0	0	128	0	1	0.0028053022214559555	0.01662970334291458	0.9999849452682966	863379ed00aaaac27fd60fd51f85d6497d578b380db81b29a6424dff4bb5b8e2	b0e9fd3619fe3fe2b570ad4acc15e78537238149d06c828f57303c0c7c25d5b8
R211_PROJECT_EXACT_SPLIT_run1	/model.23/one2one_cv2.1/one2one_cv2.1.1/conv/Conv	Conv	model.23.one2one_cv2.1.1.conv.weight	model.23.one2one_cv2.1.1.conv.weight	16x16x3x3	16x16x3x3	float32	int8	int8	0	0	16	0	1	0.0008368186395251041	0.00402631051838398	0.9998268030936048	652d2f79edc378e99ca35af5ba43c52a0d66733029d1d1a0e0fecd78c888fffd	21af1908f52219095bc6e65c71ef2a006cc395c4b4b19fb1c18d8bc935876ddf
R211_PROJECT_EXACT_SPLIT_run1	/model.23/one2one_cv3.1/one2one_cv3.1.0/one2one_cv3.1.0.1/conv/Conv	Conv	model.23.one2one_cv3.1.0.1.conv.weight	model.23.one2one_cv3.1.0.1.conv.weight	80x128x1x1	80x128x1x1	float32	int8	int8	0	0	80	0	1	0.0009087489969235918	0.004337571561336517	0.9999478643459792	32c1c0fb88abe93a74e89801ac308edd0837298c005a94b52c0fc5361e93ef5b	5372e1c68652462249dab0da38104daf9fbb546fee5236b834778b6686e85b9f
R211_PROJECT_EXACT_SPLIT_run1	/model.22/cv1/conv/Conv	Conv	model.22.cv1.conv.weight	model.22.cv1.conv.weight	256x384x1x1	256x384x1x1	float32	int8	int8	0	0	256	0	1	0.0011835750406698504	0.005546547472476959	0.9999590214989597	e4c8d0d31462fd5fee847ef1c5e7622dba8e266ed9d2f666ebb147f1aa96fb40	5fbd7ee90ea4b55f448581ed4f73dec73a7e671a235882d867744a66d7c5497b
R211_PROJECT_EXACT_SPLIT_run1	/model.23/one2one_cv2.1/one2one_cv2.1.2/Conv	Conv	model.23.one2one_cv2.1.2.weight	model.23.one2one_cv2.1.2.weight	4x16x1x1	4x16x1x1	float32	int8	int8	0	0	4	0	1	0.0016215654177358374	0.0034371321089565754	0.9999848585150326	8c7c2c35da42589edf8c29416cf5af08687862d9acb7e0210ad5de5e0e1763a3	d896782e8c41bd112b7153c092e5ea3a0d34d5a3a1f0a721e214e98027c043e6
R211_PROJECT_EXACT_SPLIT_run1	/model.23/one2one_cv3.1/one2one_cv3.1.1/one2one_cv3.1.1.0/conv/Conv	Conv	model.23.one2one_cv3.1.1.0.conv.weight	model.23.one2one_cv3.1.1.0.conv.weight	80x1x3x3	80x1x3x3	float32	int8	int8	0	0	80	0	1	0.0030201611967944093	0.055061958730220795	0.9999782335390557	63ddd889670d0d7e17c8b3891ca407886d3e5321b40aa3947476a86e3dd73808	efd52965ad4015b49d3710cf937cda4dd90201944475d1075e34ffa7d9fedce1
R211_PROJECT_EXACT_SPLIT_run1	/model.22/m.0/m.0.0/cv1/conv/Conv	Conv	model.22.m.0.0.cv1.conv.weight	model.22.m.0.0.cv1.conv.weight	64x128x3x3	64x128x3x3	float32	int8	int8	0	0	64	0	1	0.001280704516802232	0.0053517818450927734	0.9998758688920124	1774e33bddb5b5268f7eb590e4b4d3fe0f3322ab82a694f668d596ecc87dd80e	840060421c7fa9c0d3cbe5464baa1f5c8b363eb84ff6f11dbaa0701fb8741432
R211_PROJECT_EXACT_SPLIT_run1	/model.23/one2one_cv3.1/one2one_cv3.1.1/one2one_cv3.1.1.1/conv/Conv	Conv	model.23.one2one_cv3.1.1.1.conv.weight	model.23.one2one_cv3.1.1.1.conv.weight	80x80x1x1	80x80x1x1	float32	int8	int8	0	0	80	0	1	0.002347194699660804	0.038105010986328125	0.9999575488985837	2d724251be5a0be09e00e55aab0a0bd6fb30c5c0b676c03a82b5fffef585331e	afaaf47ec2d389241c7837d9ce662395496f0b8c7b1473c97a23dab90f998e07
R211_PROJECT_EXACT_SPLIT_run1	/model.22/m.0/m.0.0/cv2/conv/Conv	Conv	model.22.m.0.0.cv2.conv.weight	model.22.m.0.0.cv2.conv.weight	128x64x3x3	128x64x3x3	float32	int8	int8	0	0	128	0	1	0.0009519485590599792	0.004379165358841419	0.9998845879301793	900403312b529c29a5c3834d1155424c80dbe169bedf4f6602abb7b03b82912e	2c12f0438b96d12d3047a7e0bb7cb59e729905251246a6bbce4001050c3ce805
R211_PROJECT_EXACT_SPLIT_run1	/model.23/one2one_cv3.1/one2one_cv3.1.2/Conv	Conv	model.23.one2one_cv3.1.2.weight	model.23.one2one_cv3.1.2.weight	80x80x1x1	80x80x1x1	float32	int8	int8	0	0	80	0	1	0.0008376729048177367	0.0023207664489746094	0.9999719786814771	fe218bedcdc405fe23434040163558db0ff952a4467ed2f5b8744ed4f2a4bed8	fecf4c82277cc03d219ff0f09b717ae2a0fa4d644cb15af1d2e90274974f5e13
R211_PROJECT_EXACT_SPLIT_run1	/model.22/m.0/m.0.1/attn/qkv/conv/Conv	Conv	model.22.m.0.1.attn.qkv.conv.weight	model.22.m.0.1.attn.qkv.conv.weight	256x128x1x1	256x128x1x1	float32	int8	int8	0	0	256	0	1	0.0008295068060558061	0.00559882540255785	0.9999603500104141	11bfe3cda657813e74abc18e2888733b1ac3fec5c749142b85fa3bfef8e2c87c	c596a60ded0c91c4638bd48a19e3a7da1ac5feb184377b23f22dc316a2030c71
R211_PROJECT_EXACT_SPLIT_run1	/model.22/m.0/m.0.1/attn/pe/conv/Conv	Conv	model.22.m.0.1.attn.pe.conv.weight	model.22.m.0.1.attn.pe.conv.weight	128x1x3x3	128x1x3x3	float32	int8	int8	0	0	128	0	1	0.00487565426917374	0.03950691223144531	0.9999856146231492	9aa3fd5738f4955ef31b4bf82fce6c7bbe36dce07f77cac927b34fd54178caf1	3d52e580cf26e038d91ae14180c65151e5e4beb1069195e7dfa742b9c0dfc00e
R211_PROJECT_EXACT_SPLIT_run1	/model.22/m.0/m.0.1/attn/proj/conv/Conv	Conv	model.22.m.0.1.attn.proj.conv.weight	model.22.m.0.1.attn.proj.conv.weight	128x128x1x1	128x128x1x1	float32	int8	int8	0	0	128	0	1	0.00046920576473961483	0.0017597675323486328	0.9999604306300655	644cdd9be1f3399cac745f8a89f655430d7449e34ff47f559d785427b73958cb	101a89565a58bd2d3899181db42fec3920a1c3f95d33ac784265634eae6a395b
R211_PROJECT_EXACT_SPLIT_run1	/model.22/m.0/m.0.1/ffn/ffn.0/conv/Conv	Conv	model.22.m.0.1.ffn.0.conv.weight	model.22.m.0.1.ffn.0.conv.weight	256x128x1x1	256x128x1x1	float32	int8	int8	0	0	256	0	1	0.0008986134759110097	0.004571235738694668	0.9999471425697357	239645e81b2ad646719622f2a8dddab03070a614d6bfa94e791dc81c50418a0a	3f00ddbdeb73034a6b27f776d2508b23600d79d50592dfc3dde6c976ae7fb9e5
R211_PROJECT_EXACT_SPLIT_run1	/model.22/m.0/m.0.1/ffn/ffn.1/conv/Conv	Conv	model.22.m.0.1.ffn.1.conv.weight	model.22.m.0.1.ffn.1.conv.weight	128x256x1x1	128x256x1x1	float32	int8	int8	0	0	128	0	1	0.0008795684631657495	0.003930339589715004	0.9999547856729056	32d4d0da9dd3529866e1ad028b0105971e0a84bd6488c993beea320c8f157311	cbefcba4b245fa6ee63c28f3922fa28d0aa72a4637ced9eeb14b5f4670814e54
R211_PROJECT_EXACT_SPLIT_run1	/model.22/cv2/conv/Conv	Conv	model.22.cv2.conv.weight	model.22.cv2.conv.weight	256x384x1x1	256x384x1x1	float32	int8	int8	0	0	256	0	1	0.000598877572665945	0.006128442473709583	0.9998751775624408	1f94cac08ca49dec072153a52ce246928903f9e69c65645ea1ac375db616e75b	44b097f1806c9ce28280ae886ae6e95557465d61ab2903adb3ce675a0aefb7de
R211_PROJECT_EXACT_SPLIT_run1	/model.23/one2one_cv2.2/one2one_cv2.2.0/conv/Conv	Conv	model.23.one2one_cv2.2.0.conv.weight	model.23.one2one_cv2.2.0.conv.weight	16x256x3x3	16x256x3x3	float32	int8	int8	0	0	16	0	1	0.0005593275695367001	0.002488199155777693	0.9986686536875713	429ea44ad7768d957691d036c3ec4d4f7a89a529961c45a854bd3d07269154c4	1525cbe82ab4483cd4feb3d7d295779ec305153724a69ffa1540d904b231ad0b
R211_PROJECT_EXACT_SPLIT_run1	/model.23/one2one_cv3.2/one2one_cv3.2.0/one2one_cv3.2.0.0/conv/Conv	Conv	model.23.one2one_cv3.2.0.0.conv.weight	model.23.one2one_cv3.2.0.0.conv.weight	256x1x3x3	256x1x3x3	float32	int8	int8	0	0	256	0	1	0.0030071179052002764	0.032733917236328125	0.9999868977928693	72bbd1868f8104aa884100f26963dd5b97b408ece59ae5fcca1c01fb7de1598d	3b980098110a25097ecf0ae3bab156a73abc71053a6cfebab754110b9dd9cb01
R211_PROJECT_EXACT_SPLIT_run1	/model.23/one2one_cv2.2/one2one_cv2.2.1/conv/Conv	Conv	model.23.one2one_cv2.2.1.conv.weight	model.23.one2one_cv2.2.1.conv.weight	16x16x3x3	16x16x3x3	float32	int8	int8	0	0	16	0	1	0.001171086049299085	0.005659055896103382	0.999852282040797	a960e91c178ddbee4bfb2af5f695e2c42a220fd4acc85c744c8b17068bc3b9e7	46fe90d875dcdc9cb759b650482053af1a8c4dd449e2e5a13f1134fda0d50442
R211_PROJECT_EXACT_SPLIT_run1	/model.23/one2one_cv3.2/one2one_cv3.2.0/one2one_cv3.2.0.1/conv/Conv	Conv	model.23.one2one_cv3.2.0.1.conv.weight	model.23.one2one_cv3.2.0.1.conv.weight	80x256x1x1	80x256x1x1	float32	int8	int8	0	0	80	0	1	0.0006747551711459743	0.002604067325592041	0.9999532943397966	4fa5192a1b8b1e1b3de366aa1101ea7a33917cfe5c453a25b5b45b78c289c4af	083d796da7d1b964f09a3f2155536fab1e5bcfef964dc6f34663cddcc9f1a860
R211_PROJECT_EXACT_SPLIT_run1	/model.23/one2one_cv2.2/one2one_cv2.2.2/Conv	Conv	model.23.one2one_cv2.2.2.weight	model.23.one2one_cv2.2.2.weight	4x16x1x1	4x16x1x1	float32	int8	int8	0	0	4	0	1	0.0016016836671042256	0.0034313653595745564	0.9999846896713268	a7f78ed2a5d747a534cf669992ca1770531db78ba1ed5f0de137b2f43d19f4e1	b522d67d99bd6d9c78a4a12b39051cfa3faa0c239e754fef7e1b4771d25705e6
R211_PROJECT_EXACT_SPLIT_run1	/model.23/one2one_cv3.2/one2one_cv3.2.1/one2one_cv3.2.1.0/conv/Conv	Conv	model.23.one2one_cv3.2.1.0.conv.weight	model.23.one2one_cv3.2.1.0.conv.weight	80x1x3x3	80x1x3x3	float32	int8	int8	0	0	80	0	1	0.0024508001436818936	0.0488128662109375	0.99998517606792	e6e32449fcc2e71feb6f16f19cf1b8ad5125c7af47699536e8ed7a40d157502b	9e4c7f93b3117ac507c9ca8a96b74eaff3086f1e601bd5fb43b68e482346388c
R211_PROJECT_EXACT_SPLIT_run1	/model.23/one2one_cv3.2/one2one_cv3.2.1/one2one_cv3.2.1.1/conv/Conv	Conv	model.23.one2one_cv3.2.1.1.conv.weight	model.23.one2one_cv3.2.1.1.conv.weight	80x80x1x1	80x80x1x1	float32	int8	int8	0	0	80	0	1	0.002310862430470113	0.031823158264160156	0.9999657395443484	c397d595ce48f6d48dd536087507c3674ce7724c1aa0076750bdcddd53e94f4f	96abf0a958550f436a1947d97ac09ee150b9ea1ef707cf0c9a252f6d362745b4
R211_PROJECT_EXACT_SPLIT_run1	/model.23/one2one_cv3.2/one2one_cv3.2.2/Conv	Conv	model.23.one2one_cv3.2.2.weight	model.23.one2one_cv3.2.2.weight	80x80x1x1	80x80x1x1	float32	int8	int8	0	0	80	0	1	0.001067323512979783	0.0030637383460998535	0.9999553594811335	acd86d86a3a976e2955302b40424523bd2640a174395c1f39a4e9e38a54f03fa	8d188d5bc87f4854a1d852d627e3ed6ed990dfd37bb7016a58ba8170d1f036b9
R211_VENDOR_LITERAL_SPLIT_run1b	/model.0/conv/Conv	Conv	model.0.conv.weight	model.0.conv.weight	16x3x3x3	16x3x3x3	float32	int8	int8	0	0	16	0	1	0.022556142118345533	0.09255662560462952	0.9999816241869873	e22500dcb8dca0f23875b66c55a3003b18d3d10928cc838ee5bef98dc98b11b2	f7ca1e1bef78aa45707a27241833457d9e6ac75a6dbcb617a1bf580413eec6bc
R211_VENDOR_LITERAL_SPLIT_run1b	/model.1/conv/Conv	Conv	model.1.conv.weight	model.1.conv.weight	32x16x3x3	32x16x3x3	float32	int8	int8	0	0	32	0	1	0.001627038955328292	0.006612896919250488	0.9999542069942322	a6a15755a22700172bffe614d58b79f61c52dc0cbd682df31f98c91aa5220130	b8b67145ad7105be0d72745ce1df44a9022862011e351fa75796be2322645933
R211_VENDOR_LITERAL_SPLIT_run1b	/model.2/cv1/conv/Conv	Conv	model.2.cv1.conv.weight	model.2.cv1.conv.weight	32x32x1x1	32x32x1x1	float32	int8	int8	0	0	32	0	1	0.0015062246431485349	0.0056122541427612305	0.9999558290718905	5e382e809489d2ee4194d0c577bb1f6186d38c12db934737d8725c1aebafc220	cd7bee92dd97b8411b04605daf8e38b4043fe6ed7419418cf0d8023ea7d86981
R211_VENDOR_LITERAL_SPLIT_run1b	/model.2/m.0/cv1/conv/Conv	Conv	model.2.m.0.cv1.conv.weight	model.2.m.0.cv1.conv.weight	8x16x3x3	8x16x3x3	float32	int8	int8	0	0	8	0	1	0.00015327363526079156	0.000581577536650002	0.9998953101243888	491796c756eaf17db25330ff37841bb2f42f2e3d715927ed649c5bd923bf5cc3	60699a187d0b3433515912c0a567e189c4ea91d1f435980fac9bec9ea141df76
R211_VENDOR_LITERAL_SPLIT_run1b	/model.2/m.0/cv2/conv/Conv	Conv	model.2.m.0.cv2.conv.weight	model.2.m.0.cv2.conv.weight	16x8x3x3	16x8x3x3	float32	int8	int8	0	0	16	0	1	0.030315802061724954	0.11695098876953125	0.9999369017186392	8135d6243d74b4e27567d755a8e2ba2fbc3f5f4f2caa1cea38aa73887aa95829	7b76a1788381c47185fd29de9d0b6d2142a38b23e59d600c2836252cbc5fa228
R211_VENDOR_LITERAL_SPLIT_run1b	/model.2/cv2/conv/Conv	Conv	model.2.cv2.conv.weight	model.2.cv2.conv.weight	64x48x1x1	64x48x1x1	float32	int8	int8	0	0	64	0	1	0.0012118311099340445	0.005568205378949642	0.999960289467614	1ad86b0890504b9cee6750559e2c2453307df57be8fd5a61f693bd9432da01e7	0e7610fb051f1282f30b6438104dcad7314a1ba1c75049d0e311630ff66084d3
R211_VENDOR_LITERAL_SPLIT_run1b	/model.3/conv/Conv	Conv	model.3.conv.weight	model.3.conv.weight	64x64x3x3	64x64x3x3	float32	int8	int8	0	0	64	0	1	0.0002365968231671735	0.0010397755540907383	0.9999313579863578	e44672cbbfa251a82dbd542bbe86bad6cddcd8ce8d2a4c9a2e3ccb47b019c44c	fce3b341fc694b856a0ff2ee6d2972b0aded8ab24b18bcdb993a487fd77d4edd
R211_VENDOR_LITERAL_SPLIT_run1b	/model.4/cv1/conv/Conv	Conv	model.4.cv1.conv.weight	model.4.cv1.conv.weight	64x64x1x1	64x64x1x1	float32	int8	int8	0	0	64	0	1	0.0011833947307460235	0.0062628984451293945	0.9999583570310059	b10ef437446e72501409d3fa97a2264549ed86e3774898d7f75cb16961a44081	5724c907475ef0fa280d38d7d4d84f02e7591194543c540d2f827f0a122c8140
R211_VENDOR_LITERAL_SPLIT_run1b	/model.4/m.0/cv1/conv/Conv	Conv	model.4.m.0.cv1.conv.weight	model.4.m.0.cv1.conv.weight	16x32x3x3	16x32x3x3	float32	int8	int8	0	0	16	0	1	0.0008597282741978783	0.003327850252389908	0.9999194930808551	87b7743489827a3827af7633d1dbb869ace4f9c560666da3ac331acfbde81dae	e3950aa13ea5b5d178000f98f043d240722c1991092ec4661f98fd9fe5f0c1be
R211_VENDOR_LITERAL_SPLIT_run1b	/model.4/m.0/cv2/conv/Conv	Conv	model.4.m.0.cv2.conv.weight	model.4.m.0.cv2.conv.weight	32x16x3x3	32x16x3x3	float32	int8	int8	0	0	32	0	1	0.0011366816322938196	0.004071526229381561	0.9999496458126323	2bd4fd356060dc0b39f4a0d29112fb402a04d61305e5b678932905095381cc3d	759f2b401563fdee24d485d76561b92b9afb87b515f0f3aa2d9d9546be23b6ba
R211_VENDOR_LITERAL_SPLIT_run1b	/model.4/cv2/conv/Conv	Conv	model.4.cv2.conv.weight	model.4.cv2.conv.weight	128x96x1x1	128x96x1x1	float32	int8	int8	0	0	128	0	1	0.001178122197963612	0.0048109544441103935	0.9999650881937222	a2bced9665bce9c4a1c21438d7d48f8d35cef419584d7f7bde5d7dfff49db2b8	ebc344d1df055db206dbbe677c7c4f23d4eab9edf0dc61489d709fb314e1fef1
R211_VENDOR_LITERAL_SPLIT_run1b	/model.5/conv/Conv	Conv	model.5.conv.weight	model.5.conv.weight	128x128x3x3	128x128x3x3	float32	int8	int8	0	0	128	0	1	0.0006145471119504067	0.007040782831609249	0.9998908645202452	2de86fdc0d300ce40782010a0efe49d89b7f7a2b3226d5bc5a61893ca663fe21	b88a0ebf8efe707f48e8d094217e5ccddab55bacc328e68790c0e9f07196504d
R211_VENDOR_LITERAL_SPLIT_run1b	/model.6/cv1/conv/Conv	Conv	model.6.cv1.conv.weight	model.6.cv1.conv.weight	128x128x1x1	128x128x1x1	float32	int8	int8	0	0	128	0	1	0.001152205585368729	0.005274653434753418	0.9999563471596137	744b84284d6eedfe337a2b8c0fb5c2a165c96c7bc2d5152ed9bf7de46b897590	5d91674bf265980fb721056e7ff5bde3534e67abc26853304613d39f31dfedaa
R211_VENDOR_LITERAL_SPLIT_run1b	/model.6/m.0/cv1/conv/Conv	Conv	model.6.m.0.cv1.conv.weight	model.6.m.0.cv1.conv.weight	32x64x1x1	32x64x1x1	float32	int8	int8	0	0	32	0	1	0.000735326130643088	0.0029265880584716797	0.9999726798657821	76295caf45367e86155070f0ce7584c479df3d191a197d3ce70ac05d041a5bd2	d9a4e6915147120dd1c70995cb49f31471a7255f958f3afa260a95ef40ede24d
R211_VENDOR_LITERAL_SPLIT_run1b	/model.6/m.0/cv2/conv/Conv	Conv	model.6.m.0.cv2.conv.weight	model.6.m.0.cv2.conv.weight	32x64x1x1	32x64x1x1	float32	int8	int8	0	0	32	0	1	0.002114221238651126	0.013632090762257576	0.999957181603377	4a012940c8c98f143204d49cd861bd4bbfc26651b0df88cc2920a0878dfe4e15	d11ceba5d7f49e02f3b2c01c71625ea5e147fb3277988add3fa1bc0c08659672
R211_VENDOR_LITERAL_SPLIT_run1b	/model.6/m.0/m/m.0/cv1/conv/Conv	Conv	model.6.m.0.m.0.cv1.conv.weight	model.6.m.0.m.0.cv1.conv.weight	32x32x3x3	32x32x3x3	float32	int8	int8	0	0	32	0	1	0.0013396496276578932	0.006324648857116699	0.999935581841366	a24b256697ed4238e33156978694f7b73aebf7bb2cef80d07e95930278a9352f	60edaa71fc4613c28d982af8c87c34f30cd4e5e58bc7bec2b94505ac94512a95
R211_VENDOR_LITERAL_SPLIT_run1b	/model.6/m.0/m/m.0/cv2/conv/Conv	Conv	model.6.m.0.m.0.cv2.conv.weight	model.6.m.0.m.0.cv2.conv.weight	32x32x3x3	32x32x3x3	float32	int8	int8	0	0	32	0	1	0.0007041723663534012	0.0036422181874513626	0.9999420049086137	6208c8619091b4f2e5b01b00e30f3cd44c904d9d707d7cac73ec7a8e12f58966	69ffc375cd5020cda9eb7370efc1fe24d8dd1fdb4f2e748325089716e11c90e9
R211_VENDOR_LITERAL_SPLIT_run1b	/model.6/m.0/m/m.1/cv1/conv/Conv	Conv	model.6.m.0.m.1.cv1.conv.weight	model.6.m.0.m.1.cv1.conv.weight	32x32x3x3	32x32x3x3	float32	int8	int8	0	0	32	0	1	0.0008168866844273155	0.0034613609313964844	0.9999398316566953	a884cde40ad5a992394165ff404d39bb39db6016aae88db33a2413a8ecbd194b	7411da07585f6f164f7c822f4a16d3da7bdb1bcd17cb17287cdd3dadbad2207e
R211_VENDOR_LITERAL_SPLIT_run1b	/model.6/m.0/m/m.1/cv2/conv/Conv	Conv	model.6.m.0.m.1.cv2.conv.weight	model.6.m.0.m.1.cv2.conv.weight	32x32x3x3	32x32x3x3	float32	int8	int8	0	0	32	0	1	0.0011493792549579496	0.005071333609521389	0.9999517046032327	4c8ba73f3447175c968220001db32007a1184159c3ecd1d9639a9ce1976e9c9b	273534559be5555d21b1d21473af95be299a999a1eba427a9e1a21020a4cc57a
R211_VENDOR_LITERAL_SPLIT_run1b	/model.6/m.0/cv3/conv/Conv	Conv	model.6.m.0.cv3.conv.weight	model.6.m.0.cv3.conv.weight	64x64x1x1	64x64x1x1	float32	int8	int8	0	0	64	0	1	0.0008543062616181984	0.0037229061126708984	0.9999705508638472	b65656a4a2cc369fb4101881173a800e2ae83dca390bb45ef3d2d305696057e2	c26b5af48c3f5e9ebf40dc22af58d806c40a75abe51d89ce0d93cf0073ca0994
R211_VENDOR_LITERAL_SPLIT_run1b	/model.6/cv2/conv/Conv	Conv	model.6.cv2.conv.weight	model.6.cv2.conv.weight	128x192x1x1	128x192x1x1	float32	int8	int8	0	0	128	0	1	0.0007813892333776532	0.0033746957778930664	0.9999557329109043	3bb7c8396ce3a1eaefa5d479437fedaafd1809761460cd9d00c768267a4d00ce	7739354dc9a286472e39d57add986ae06f570bb7c83f3051c189fdaeddf5944d
R211_VENDOR_LITERAL_SPLIT_run1b	/model.7/conv/Conv	Conv	model.7.conv.weight	model.7.conv.weight	256x128x3x3	256x128x3x3	float32	int8	int8	0	0	256	0	1	0.0005546679838592353	0.004590466618537903	0.999899626033717	87c9bd59f53419128bbc7b9f1b36f0ebffff5cc2109ad2c027c11a68b73e1877	8ac1b3733cb0d896fecee05d18fbdf93a7537b06fdd7a1473806b628260f609f
R211_VENDOR_LITERAL_SPLIT_run1b	/model.8/cv1/conv/Conv	Conv	model.8.cv1.conv.weight	model.8.cv1.conv.weight	256x256x1x1	256x256x1x1	float32	int8	int8	0	0	256	0	1	0.0010337266592880473	0.007049861364066601	0.9999543088714726	7ba188e3e0faca9714d8f5bd1b9145dd5b11e0ab2774f9d1ef486feeffea0614	ed7ef07e4d2c2ce4c47469f782e1d81113ef748ebc54e9217acbc11ee51e7ff3
R211_VENDOR_LITERAL_SPLIT_run1b	/model.8/m.0/cv1/conv/Conv	Conv	model.8.m.0.cv1.conv.weight	model.8.m.0.cv1.conv.weight	64x128x1x1	64x128x1x1	float32	int8	int8	0	0	64	0	1	0.0007516361064148214	0.00330960750579834	0.9999589645771629	b1935dcf695ca1fa13d1b1097ada44e8b56b7716f783b723af35b6b042087065	37ea5404eef2d213e0b7c41d320ebc857d97a7684391023f12244e3718ae03b0
R211_VENDOR_LITERAL_SPLIT_run1b	/model.8/m.0/cv2/conv/Conv	Conv	model.8.m.0.cv2.conv.weight	model.8.m.0.cv2.conv.weight	64x128x1x1	64x128x1x1	float32	int8	int8	0	0	64	0	1	0.0016226283014864062	0.007958732545375824	0.9999717911169519	642b8b75e8491f04035f9836714ff557f57677335f793d022f3cc3843ea9bf0f	d716839286ab18032dafaae5c2501b472134df251586566df8ea1e69744d1586
R211_VENDOR_LITERAL_SPLIT_run1b	/model.8/m.0/m/m.0/cv1/conv/Conv	Conv	model.8.m.0.m.0.cv1.conv.weight	model.8.m.0.m.0.cv1.conv.weight	64x64x3x3	64x64x3x3	float32	int8	int8	0	0	64	0	1	0.00133368565267461	0.0074776411056518555	0.9999188219588149	3acca604d841c3b63c9c0d44cf044226ab2278c87c32ca85a275f7b318a322c7	61c4b15ed66d68b241fb76f8d5ba64cfa7c537a19b062a36b39493fd9050694a
R211_VENDOR_LITERAL_SPLIT_run1b	/model.8/m.0/m/m.0/cv2/conv/Conv	Conv	model.8.m.0.m.0.cv2.conv.weight	model.8.m.0.m.0.cv2.conv.weight	64x64x3x3	64x64x3x3	float32	int8	int8	0	0	64	0	1	0.000663498720621214	0.004790008068084717	0.9999223318939651	002ff0e874b3ef609d4bbc7683e03a078b028d58caa32a3980429730a6f5434e	a66cb7faab43161d1f9da97608ac0ea364f9cd414a150800de753752582610ab
R211_VENDOR_LITERAL_SPLIT_run1b	/model.8/m.0/m/m.1/cv1/conv/Conv	Conv	model.8.m.0.m.1.cv1.conv.weight	model.8.m.0.m.1.cv1.conv.weight	64x64x3x3	64x64x3x3	float32	int8	int8	0	0	64	0	1	0.0004097522330630389	0.0019377709832042456	0.9999373984725887	d679851699f2fd3b14379ca6b8885007b91197658b6df2dc4de88a4fe7cf77b9	8c8e2d7edb0202d3d389f42ce73822c602e2456026b652c4979d8bba06d28d16
R211_VENDOR_LITERAL_SPLIT_run1b	/model.8/m.0/m/m.1/cv2/conv/Conv	Conv	model.8.m.0.m.1.cv2.conv.weight	model.8.m.0.m.1.cv2.conv.weight	64x64x3x3	64x64x3x3	float32	int8	int8	0	0	64	0	1	0.0008633033928933047	0.005503296852111816	0.9999074097642271	381fb5c2577f58d0a0df1719980d305b8fb53cf268849a049be65bb6d389fd92	3e0b7e995632ed1e1ecc69791add91db842170199c02718ca5728d28d7a23901
R211_VENDOR_LITERAL_SPLIT_run1b	/model.8/m.0/cv3/conv/Conv	Conv	model.8.m.0.cv3.conv.weight	model.8.m.0.cv3.conv.weight	128x128x1x1	128x128x1x1	float32	int8	int8	0	0	128	0	1	0.0004939773371428029	0.003238677978515625	0.9999660876028692	66bdf4e29a3d8d4dcd38e8a392cb5711eac3b7972574c477ef3fbd45f7387863	0bb118d2f48fd3ba0c3739a29ef24051c1ab15d24de668d4b416d5785abcc428
R211_VENDOR_LITERAL_SPLIT_run1b	/model.8/cv2/conv/Conv	Conv	model.8.cv2.conv.weight	model.8.cv2.conv.weight	256x384x1x1	256x384x1x1	float32	int8	int8	0	0	256	0	1	0.0006289402462326818	0.005124330520629883	0.9999544832056109	ed2b6e3346ec4b143a59d9147145c407e23866205451b910dcf6429fcc2b46c7	c8059142a59ad41a7c8e0720b364e033834a1a589738fc3fe9c5b6d2215d8e22
R211_VENDOR_LITERAL_SPLIT_run1b	/model.9/cv1/conv/Conv	Conv	model.9.cv1.conv.weight	model.9.cv1.conv.weight	128x256x1x1	128x256x1x1	float32	int8	int8	0	0	128	0	1	0.0010879960388630663	0.007387638092041016	0.9999514716406472	0c11468a5ff97f82b453d0e32503b82725c15cee08b4d1ebf6ea39c8d8b2d39b	51cd1a166a3dcc28868405d33c4d7e7ac858d00490eff7f3893fb62bcb6adf38
R211_VENDOR_LITERAL_SPLIT_run1b	/model.9/cv2/conv/Conv	Conv	model.9.cv2.conv.weight	model.9.cv2.conv.weight	256x512x1x1	256x512x1x1	float32	int8	int8	0	0	256	0	1	0.000414093477228461	0.006281495094299316	0.9999023440861814	852c8c273fc11a4552fef682352580639f4c5ceb9935af859a42e1f2851aabcb	364052e1d4fb62cab9704f3abfec0d4767748167758630ffdda0f58c6c0d1320
R211_VENDOR_LITERAL_SPLIT_run1b	/model.10/cv1/conv/Conv	Conv	model.10.cv1.conv.weight	model.10.cv1.conv.weight	256x256x1x1	256x256x1x1	float32	int8	int8	0	0	256	0	1	0.0009943855119711404	0.005569950677454472	0.9999575533414168	bf504f342f5dd47b6df147ea079dae5976f15d2f89fa915a5de1c4fb759bd358	f1d3218fd23bbd486f4d7772b61983edd3ddc132a9ad74cd048173c34106e61b
R211_VENDOR_LITERAL_SPLIT_run1b	/model.10/m/m.0/attn/qkv/conv/Conv	Conv	model.10.m.0.attn.qkv.conv.weight	model.10.m.0.attn.qkv.conv.weight	256x128x1x1	256x128x1x1	float32	int8	int8	0	0	256	0	1	0.0010524746296874422	0.006457190029323101	0.9999660589250491	a8c67903d02421263fd769ba82728cce6ffc5a6a00275c3f703ee78977869750	986d8b81c42bdef8600b882bff65124d5196ccb48a357468e87c3408c64382d0
R211_VENDOR_LITERAL_SPLIT_run1b	/model.10/m/m.0/attn/pe/conv/Conv	Conv	model.10.m.0.attn.pe.conv.weight	model.10.m.0.attn.pe.conv.weight	128x1x3x3	128x1x3x3	float32	int8	int8	0	0	128	0	1	0.0013004302097054203	0.009750127792358398	0.9999800011134244	de3f3504777a34a43ef968b38e1a7b226598dcc11a99064172a243812a77730a	a66fa56fe437801be5c41c1ef8b2afa546aceb17c0bc9968fdbd262fe3c3af0c
R211_VENDOR_LITERAL_SPLIT_run1b	/model.10/m/m.0/attn/proj/conv/Conv	Conv	model.10.m.0.attn.proj.conv.weight	model.10.m.0.attn.proj.conv.weight	128x128x1x1	128x128x1x1	float32	int8	int8	0	0	128	0	1	0.0006421998844763008	0.004695502109825611	0.9999689476692937	47da1da5d4b437d00dddf1a11a2dbc322a7e35b7958565a0f03f52ddea89d553	7a7f333cc65195c4be01deb18cb77a3c9201a552c3897e4f3cdb13393cc901a2
R211_VENDOR_LITERAL_SPLIT_run1b	/model.10/m/m.0/ffn/ffn.0/conv/Conv	Conv	model.10.m.0.ffn.0.conv.weight	model.10.m.0.ffn.0.conv.weight	256x128x1x1	256x128x1x1	float32	int8	int8	0	0	256	0	1	0.00047211819634265795	0.0020034313201904297	0.999971192415005	e36e707c549681f3030c2250a86e160836fc234a345428cb39b60814a8b0a3e8	d95f743b20d91db8feee341c965e2055e14649b82245baeaf26ff8d644dc5c62
R211_VENDOR_LITERAL_SPLIT_run1b	/model.10/m/m.0/ffn/ffn.1/conv/Conv	Conv	model.10.m.0.ffn.1.conv.weight	model.10.m.0.ffn.1.conv.weight	128x256x1x1	128x256x1x1	float32	int8	int8	0	0	128	0	1	0.0020687679451969407	0.012620072811841965	0.9999703654602995	3c508dbd7b03d8a15442b047c57648c3fc6098aa667d71d35612334c0d57934f	ef8e363e511757c7d9c46bffb63aa1c11901033b09e4f3e57cc1d219edc4d5e6
R211_VENDOR_LITERAL_SPLIT_run1b	/model.10/cv2/conv/Conv	Conv	model.10.cv2.conv.weight	model.10.cv2.conv.weight	256x256x1x1	256x256x1x1	float32	int8	int8	0	0	256	0	1	0.00041655695473503604	0.002622842788696289	0.9999607023043885	67d8565cfefa74707083ee434b098a4f351396c3af3276b129758311477b36cf	7344d1ce0468dd754d290978579e16eb86ecb5f59ac77c859d37687902deeece
R211_VENDOR_LITERAL_SPLIT_run1b	/model.13/cv1/conv/Conv	Conv	model.13.cv1.conv.weight	model.13.cv1.conv.weight	128x384x1x1	128x384x1x1	float32	int8	int8	0	0	128	0	1	0.0009263319561273626	0.006906867027282715	0.9999454158659156	0f48e774799ae2c9879a857b07d7651e6ea7afe2f81a4f5468c49298c445f730	b820e3f7add1b26479232f3d4e12271c614a03c7530671f4e16f49d4a2b03bcc
R211_VENDOR_LITERAL_SPLIT_run1b	/model.13/m.0/cv1/conv/Conv	Conv	model.13.m.0.cv1.conv.weight	model.13.m.0.cv1.conv.weight	32x64x1x1	32x64x1x1	float32	int8	int8	0	0	32	0	1	0.0008345177446464902	0.0024700164794921875	0.9999749778261419	19f8c87cbb81ec691733f7582990fb3dfeb03d38ac081f10e31fc5de9622760c	1998211e3e5da6b0baffa903901e8089b70477c1b87527391cfc6cd68457c33a
R211_VENDOR_LITERAL_SPLIT_run1b	/model.13/m.0/cv2/conv/Conv	Conv	model.13.m.0.cv2.conv.weight	model.13.m.0.cv2.conv.weight	32x64x1x1	32x64x1x1	float32	int8	int8	0	0	32	0	1	0.0020518095709007866	0.005659261718392372	0.9999806446410667	ea448b2eb2bc8d848e6962fa4bcd8552311f1e29ada329e3beccd7b455754323	a3dedf1bbb671b92c1381472a65650757cc6be7098fddbe5309b75807013f1bf
R211_VENDOR_LITERAL_SPLIT_run1b	/model.13/m.0/m/m.0/cv1/conv/Conv	Conv	model.13.m.0.m.0.cv1.conv.weight	model.13.m.0.m.0.cv1.conv.weight	32x32x3x3	32x32x3x3	float32	int8	int8	0	0	32	0	1	0.0015091327751457248	0.0051392316818237305	0.9999529776405557	28a369c5b49517d46e5bdbb7d0c38b144ffc731931492928d87f820efd92f1d2	9f5cd3f9e7ad484ada89e2abc639ede8beb70c84fdce4708f8d9068a835c5323
R211_VENDOR_LITERAL_SPLIT_run1b	/model.13/m.0/m/m.0/cv2/conv/Conv	Conv	model.13.m.0.m.0.cv2.conv.weight	model.13.m.0.m.0.cv2.conv.weight	32x32x3x3	32x32x3x3	float32	int8	int8	0	0	32	0	1	0.0009851476958340458	0.0034964834339916706	0.9999486051258497	e2699236b263e404c9fa7d28d4f7b181a2f85108455562e40f8587aee809e7f4	8baaebe00da30142226dd0aec6c72df0ef71904c1814af37243298a70f7d39a6
R211_VENDOR_LITERAL_SPLIT_run1b	/model.13/m.0/m/m.1/cv1/conv/Conv	Conv	model.13.m.0.m.1.cv1.conv.weight	model.13.m.0.m.1.cv1.conv.weight	32x32x3x3	32x32x3x3	float32	int8	int8	0	0	32	0	1	0.0004677936266522366	0.0014590620994567871	0.9999606752088961	5125ff4ae6c37e96528f8ff89d1a8dd8ec8a83e42424a8311d5d08c2b563b4b8	e9bccf51b3b48829fb9ab8e75e0fc0e3624886afb978d149efe3333367ef313a
R211_VENDOR_LITERAL_SPLIT_run1b	/model.13/m.0/m/m.1/cv2/conv/Conv	Conv	model.13.m.0.m.1.cv2.conv.weight	model.13.m.0.m.1.cv2.conv.weight	32x32x3x3	32x32x3x3	float32	int8	int8	0	0	32	0	1	0.0015503409216809495	0.005854438990354538	0.9999534725029698	bc1333225c592836f545a6941cd6c28d063cbb2e4baf2ee6ea2a4de6d4775723	f9de5562be97bc7e5c434a44bf7106b2b007e3ca05063f89e8e4043d36970682
R211_VENDOR_LITERAL_SPLIT_run1b	/model.13/m.0/cv3/conv/Conv	Conv	model.13.m.0.cv3.conv.weight	model.13.m.0.cv3.conv.weight	64x64x1x1	64x64x1x1	float32	int8	int8	0	0	64	0	1	0.0006140464218513664	0.002050694078207016	0.9999789764726131	c28f4b69234ee547b2e5bff478c4be2f9c3214ed418bb2bc8b27940593bdddfb	b2d6ae072b86b03a1de08174a99af6e0dd198ce0e04e4e63794751b95db7264c
R211_VENDOR_LITERAL_SPLIT_run1b	/model.13/cv2/conv/Conv	Conv	model.13.cv2.conv.weight	model.13.cv2.conv.weight	128x192x1x1	128x192x1x1	float32	int8	int8	0	0	128	0	1	0.0007336649301404689	0.00398147851228714	0.9999627574434085	86520ada5f9f975a71b6155e94fbe293c7e0e04a2143796eee348d3553d1fd1b	559c72b4ffa42744795f1677cbdaf85dd53594d115769dde22388b4da785143e
R211_VENDOR_LITERAL_SPLIT_run1b	/model.16/cv1/conv/Conv	Conv	model.16.cv1.conv.weight	model.16.cv1.conv.weight	64x256x1x1	64x256x1x1	float32	int8	int8	0	0	64	0	1	0.0008871381623543669	0.002755463123321533	0.9999463677520416	d73a8c11545bca926b1844f75001242c44bbcca935c2fa16504a92a8f987db13	2ea138f62fde4ee41af09f2facd40a6a40a5f6fe7d2fd3179a7d2b41053b00b3
R211_VENDOR_LITERAL_SPLIT_run1b	/model.16/m.0/cv1/conv/Conv	Conv	model.16.m.0.cv1.conv.weight	model.16.m.0.cv1.conv.weight	16x32x1x1	16x32x1x1	float32	int8	int8	0	0	16	0	1	0.000623227074951771	0.0022674589417874813	0.9999820374311621	90c2ec2f5a49e825a399c1ea22134623d8e3c4538d20614d0b8c6e98c2227e8a	7c284b49ccae5237ea549d9904166120ed052e53a12f0e5a44b4ee7795955631
R211_VENDOR_LITERAL_SPLIT_run1b	/model.16/m.0/cv2/conv/Conv	Conv	model.16.m.0.cv2.conv.weight	model.16.m.0.cv2.conv.weight	16x32x1x1	16x32x1x1	float32	int8	int8	0	0	16	0	1	0.002826812632065412	0.009142160415649414	0.9999796090368959	ac819aa7c3a3f043d17f692a2ac6c232df2aa403a11ab757a71082911a4516a8	42717ebdc5b3dde592fe0ee3b3adfc46edd0edf8dd20334c038c3217d2ea1e70
R211_VENDOR_LITERAL_SPLIT_run1b	/model.16/m.0/m/m.0/cv1/conv/Conv	Conv	model.16.m.0.m.0.cv1.conv.weight	model.16.m.0.m.0.cv1.conv.weight	16x16x3x3	16x16x3x3	float32	int8	int8	0	0	16	0	1	0.004752788992751296	0.013353602960705757	0.9999604294342598	9922ddde00b9732854dd50abec2c67ca51275b0b81da3290d0f0fc1498cec0f5	5c6c3a6146f75c12bd3a18f3d47fb501d6f7a9d94e951cfc1ddea94f6f2302c9
R211_VENDOR_LITERAL_SPLIT_run1b	/model.16/m.0/m/m.0/cv2/conv/Conv	Conv	model.16.m.0.m.0.cv2.conv.weight	model.16.m.0.m.0.cv2.conv.weight	16x16x3x3	16x16x3x3	float32	int8	int8	0	0	16	0	1	0.0012216504717975517	0.003698349930346012	0.9999434337091478	30e3c7f11586a1683e5efe6092c1b5ab5f91acbe67d24c58e79bb0c9b009f2c0	0cb84060020e3c1a2d601c2d3c9bcb58d3f69b0157984d3095edb59e26fbdb84
R211_VENDOR_LITERAL_SPLIT_run1b	/model.16/m.0/m/m.1/cv1/conv/Conv	Conv	model.16.m.0.m.1.cv1.conv.weight	model.16.m.0.m.1.cv1.conv.weight	16x16x3x3	16x16x3x3	float32	int8	int8	0	0	16	0	1	0.000976858423274823	0.0030510248616337776	0.9999418570443944	064638469195e4ecf1ee749544373f8f49d044cc31ddd2bdacc63da7decd9491	13b81295c21c7cb203a4d5ef60d8f057a58eac7d7e704d320a962abd6c930bfa
R211_VENDOR_LITERAL_SPLIT_run1b	/model.16/m.0/m/m.1/cv2/conv/Conv	Conv	model.16.m.0.m.1.cv2.conv.weight	model.16.m.0.m.1.cv2.conv.weight	16x16x3x3	16x16x3x3	float32	int8	int8	0	0	16	0	1	0.003998669275713635	0.01161646842956543	0.9999378619336532	1387b8a0e511b9eedf89432527db7df405d3db243133a97578cfa388b1840701	0cf9d852e7243231b491ff7702990b1db1df9bdb585df9fa57c51612e0ddd39f
R211_VENDOR_LITERAL_SPLIT_run1b	/model.16/m.0/cv3/conv/Conv	Conv	model.16.m.0.cv3.conv.weight	model.16.m.0.cv3.conv.weight	32x32x1x1	32x32x1x1	float32	int8	int8	0	0	32	0	1	0.0011898195560817726	0.004118800163269043	0.9999701331215973	89705903ec896161ebede39a891478f501cf83947e7e43450ba1e93853b955a6	e81b5a0d8f1cddf21f54cceee19f11a9bc0e03a7787f2e9f14e68652c1aee2ff
R211_VENDOR_LITERAL_SPLIT_run1b	/model.16/cv2/conv/Conv	Conv	model.16.cv2.conv.weight	model.16.cv2.conv.weight	64x96x1x1	64x96x1x1	float32	int8	int8	0	0	64	0	1	0.0010534456603608078	0.01360321044921875	0.9999179898956293	0b08e81d5497c7820019751d2c689a1379b6957ebb3afbc48d1a1e03999d446e	c318f72495b4cf221b04eb1bc82c0b24a8a4a67ddb0cc8774ddabfc2ad553c31
R211_VENDOR_LITERAL_SPLIT_run1b	/model.17/conv/Conv	Conv	model.17.conv.weight	model.17.conv.weight	64x64x3x3	64x64x3x3	float32	int8	int8	0	0	64	0	1	0.0007669504667069232	0.0028989315032958984	0.9999153920390924	26ccbdd1ddc07a57ebca0f33fecedec7eb9456eeeb6cec9830fec12bfbef3001	9ccdf9fbcdeb863b436882c4a3200718b4770374115a9a28308d2cce5559393d
R211_VENDOR_LITERAL_SPLIT_run1b	/model.23/one2one_cv2.0/one2one_cv2.0.0/conv/Conv	Conv	model.23.one2one_cv2.0.0.conv.weight	model.23.one2one_cv2.0.0.conv.weight	16x64x3x3	16x64x3x3	float32	int8	int8	0	0	16	0	1	0.002717191048205435	0.011184535920619965	0.9998649633004953	ba9f73a00c947f8376895ca59f733bccd001670cf645490c0516863ac8659d60	706087972b1205f2f6ece57c96f39c7c56416d5f20fdd89c5c2feaccdb4d45d9
R211_VENDOR_LITERAL_SPLIT_run1b	/model.23/one2one_cv3.0/one2one_cv3.0.0/one2one_cv3.0.0.0/conv/Conv	Conv	model.23.one2one_cv3.0.0.0.conv.weight	model.23.one2one_cv3.0.0.0.conv.weight	64x1x3x3	64x1x3x3	float32	int8	int8	0	0	64	0	1	0.0032619755897940195	0.010919380933046341	0.9999843878409809	4fe0dd2a6ea5f28860bcc674a25bb37ac7a7f09ffc8f282d14cb102c816f4e01	67daa27d9164fdbdee58e1de19f5e4e64d1e42ab246e33f45689933e5a09104b
R211_VENDOR_LITERAL_SPLIT_run1b	/model.23/one2one_cv2.0/one2one_cv2.0.1/conv/Conv	Conv	model.23.one2one_cv2.0.1.conv.weight	model.23.one2one_cv2.0.1.conv.weight	16x16x3x3	16x16x3x3	float32	int8	int8	0	0	16	0	1	0.0006670456869302615	0.0035496950149536133	0.9998020497322002	a2ed366ffd6fcc0a8ff340feaa5aedbed12ed78fd5b5f540c1e8b87e53fe5fd1	d6d7b689c4affad4031ef96b08f69144e8da42697d359daa3485163cd98e7484
R211_VENDOR_LITERAL_SPLIT_run1b	/model.23/one2one_cv3.0/one2one_cv3.0.0/one2one_cv3.0.0.1/conv/Conv	Conv	model.23.one2one_cv3.0.0.1.conv.weight	model.23.one2one_cv3.0.0.1.conv.weight	80x64x1x1	80x64x1x1	float32	int8	int8	0	0	80	0	1	0.0006691290859249577	0.003799617290496826	0.9999711352462619	198b9f2769bb9acea3d1e6471ef65ec3117eb720d49a94e9dfe32654d16123e0	bd819ff24efba6058a17ba7fa37603cd2628d97e5c6d075a78c6a9ea527be27c
R211_VENDOR_LITERAL_SPLIT_run1b	/model.19/cv1/conv/Conv	Conv	model.19.cv1.conv.weight	model.19.cv1.conv.weight	128x192x1x1	128x192x1x1	float32	int8	int8	0	0	128	0	1	0.0015158378104388286	0.005264878273010254	0.999952826169329	98c19a8d213995fa3da218d9c18766bf01a104d36831425fbcf95061dcf30e3e	00d49646354c452b19c9c5c90cd6c0b882f8adbfb8f9138b524feaa968499dd6
R211_VENDOR_LITERAL_SPLIT_run1b	/model.23/one2one_cv2.0/one2one_cv2.0.2/Conv	Conv	model.23.one2one_cv2.0.2.weight	model.23.one2one_cv2.0.2.weight	4x16x1x1	4x16x1x1	float32	int8	int8	0	0	4	0	1	0.0021298267965903506	0.00446157343685627	0.9999801555369596	b66da2cf5a310ce89a5cdf1da7f371e28beca200b265ba1a9e74ea82e9d05b26	0ae28eab2304e2f7be98d1c9e46bb4107690fc91b72eb580649efc97fcdfa79e
R211_VENDOR_LITERAL_SPLIT_run1b	/model.23/one2one_cv3.0/one2one_cv3.0.1/one2one_cv3.0.1.0/conv/Conv	Conv	model.23.one2one_cv3.0.1.0.conv.weight	model.23.one2one_cv3.0.1.0.conv.weight	80x1x3x3	80x1x3x3	float32	int8	int8	0	0	80	0	1	0.004686488158687199	0.05014228820800781	0.9999826813125725	dd4d22ae3450af3cfd3a35422189458c9f6e47863a737d5521fde998c4715f04	a33a04aed0fc957ffe92dd6a01d6c3c8075502bad7cd25198b478293c6baf6f7
R211_VENDOR_LITERAL_SPLIT_run1b	/model.19/m.0/cv1/conv/Conv	Conv	model.19.m.0.cv1.conv.weight	model.19.m.0.cv1.conv.weight	32x64x1x1	32x64x1x1	float32	int8	int8	0	0	32	0	1	0.0004129511526604901	0.002016782760620117	0.9999745890424514	a3fa129b643bbc7eb40adcb7b585c6dd6f0012bd7efbcda2a88823ec2fe99350	0e22d26293ca37d87a9bf35630836a2838cf8c4ff66d0137483decb76f387775
R211_VENDOR_LITERAL_SPLIT_run1b	/model.19/m.0/cv2/conv/Conv	Conv	model.19.m.0.cv2.conv.weight	model.19.m.0.cv2.conv.weight	32x64x1x1	32x64x1x1	float32	int8	int8	0	0	32	0	1	0.0016575997124164132	0.005542278289794922	0.999968657433368	6b50a2bdb1eca7e77b8122eef6568cf15e285cf7b2290c2b2535c7a145b55b10	32e1365579cc77a70b87251ec9e546a95a39eb4d6fbeb8efe68a2389e2f9f7cc
R211_VENDOR_LITERAL_SPLIT_run1b	/model.23/one2one_cv3.0/one2one_cv3.0.1/one2one_cv3.0.1.1/conv/Conv	Conv	model.23.one2one_cv3.0.1.1.conv.weight	model.23.one2one_cv3.0.1.1.conv.weight	80x80x1x1	80x80x1x1	float32	int8	int8	0	0	80	0	1	0.001952158057274289	0.03802299499511719	0.9999633033814912	53d250b5f57533ddf80f5991a2ab156faf2cde885ba8e35644534b162722310a	0119805b1b99dcd58eb00cfc61dbe3599793a7f27006fe90538ff409b36f450d
R211_VENDOR_LITERAL_SPLIT_run1b	/model.19/m.0/m/m.0/cv1/conv/Conv	Conv	model.19.m.0.m.0.cv1.conv.weight	model.19.m.0.m.0.cv1.conv.weight	32x32x3x3	32x32x3x3	float32	int8	int8	0	0	32	0	1	0.0031253317658569363	0.011811615899205208	0.9999269314792629	6eb965aca7718c8c4bec16d51efd7e77926a07c2f3ae304000a8dccee64574a5	891c33797862348324c12bef324ee296d64670b68cb1d111982d1fa717bc61af
R211_VENDOR_LITERAL_SPLIT_run1b	/model.23/one2one_cv3.0/one2one_cv3.0.2/Conv	Conv	model.23.one2one_cv3.0.2.weight	model.23.one2one_cv3.0.2.weight	80x80x1x1	80x80x1x1	float32	int8	int8	0	0	80	0	1	0.0006599724375701044	0.0018468541093170643	0.9999829567824797	d907ba90f232b1fb7e6381f3ee3a9dd65c241dc768b7b7e707c51382c5e0f62d	f418853dd2b054f2757cc86a1d97e387d92028d67bad9f7b6739c75210784320
R211_VENDOR_LITERAL_SPLIT_run1b	/model.19/m.0/m/m.0/cv2/conv/Conv	Conv	model.19.m.0.m.0.cv2.conv.weight	model.19.m.0.m.0.cv2.conv.weight	32x32x3x3	32x32x3x3	float32	int8	int8	0	0	32	0	1	0.0013798114170915613	0.0044325729832053185	0.999908628871077	53107d74115b3eca6d03f79488dec1dbbd332dbae01e67dab86e69ff4b1a7126	fe1168e089451639c8d8eb7bff03719d632b964c14ab0b7bc64f7f65130f7864
R211_VENDOR_LITERAL_SPLIT_run1b	/model.19/m.0/m/m.1/cv1/conv/Conv	Conv	model.19.m.0.m.1.cv1.conv.weight	model.19.m.0.m.1.cv1.conv.weight	32x32x3x3	32x32x3x3	float32	int8	int8	0	0	32	0	1	0.0011369854558934812	0.003673489671200514	0.9999156906795493	4538ad238a53664ed34e78e74f12f76b36ad7dcaed97c5c819c841b130ad6210	a888b2a1329ff79283d2791692ce122853bafae669ef6ebbd4b9d586eef6a3bb
R211_VENDOR_LITERAL_SPLIT_run1b	/model.19/m.0/m/m.1/cv2/conv/Conv	Conv	model.19.m.0.m.1.cv2.conv.weight	model.19.m.0.m.1.cv2.conv.weight	32x32x3x3	32x32x3x3	float32	int8	int8	0	0	32	0	1	0.0027649255557717664	0.01382136344909668	0.9998938828285411	79420109c63780c62b0a0d92f357ae2a594cc076ed4fe036d2b1375f7209a9b6	6ef80139c4a7031d687b696ce8459f318d2a05e91ebdb518993dc2bdf044c61f
R211_VENDOR_LITERAL_SPLIT_run1b	/model.19/m.0/cv3/conv/Conv	Conv	model.19.m.0.cv3.conv.weight	model.19.m.0.cv3.conv.weight	64x64x1x1	64x64x1x1	float32	int8	int8	0	0	64	0	1	0.0010954431320069902	0.007328391075134277	0.9999529756789991	18000326530cf90d7c2dd2b5543fc3a047e6828f1d10b023f6da64cd4695ecec	e59e73f9f17f2d4ff52e270dec090b4aa860425b8d714c41ac9352dc3d7289c5
R211_VENDOR_LITERAL_SPLIT_run1b	/model.19/cv2/conv/Conv	Conv	model.19.cv2.conv.weight	model.19.cv2.conv.weight	128x192x1x1	128x192x1x1	float32	int8	int8	0	0	128	0	1	0.0008949892530796116	0.010485703125596046	0.9998710211334578	c60f0460363d8db99fe9d51018f1affeb4be0540ab82d7e65e27db1286611bab	f02d665f2a695b98184f975bf56300022d7c671f9f63ea56b68d0c1d7d2be47f
R211_VENDOR_LITERAL_SPLIT_run1b	/model.20/conv/Conv	Conv	model.20.conv.weight	model.20.conv.weight	128x128x3x3	128x128x3x3	float32	int8	int8	0	0	128	0	1	0.0005847393924132587	0.0026394184678792953	0.9998951049555634	31c1155782ae5b215b1f6de15a03402c2d19d2bf664cb72e030405866f48b40e	67ab49fcf8d6fdb02b6e35d084687b7cf78457fe3c4757719f3cd893edc543a2
R211_VENDOR_LITERAL_SPLIT_run1b	/model.23/one2one_cv2.1/one2one_cv2.1.0/conv/Conv	Conv	model.23.one2one_cv2.1.0.conv.weight	model.23.one2one_cv2.1.0.conv.weight	16x128x3x3	16x128x3x3	float32	int8	int8	0	0	16	0	1	0.0013988249334193625	0.005168437957763672	0.9995743580523144	d12f73aedd2af75d665fe36a2c565b94118088072f82a4da526f8d0a1d50947c	82312d77faef6d2dbb2c6e2f05b7363be1c2a3a28c170ed61a7478877748de70
R211_VENDOR_LITERAL_SPLIT_run1b	/model.23/one2one_cv3.1/one2one_cv3.1.0/one2one_cv3.1.0.0/conv/Conv	Conv	model.23.one2one_cv3.1.0.0.conv.weight	model.23.one2one_cv3.1.0.0.conv.weight	128x1x3x3	128x1x3x3	float32	int8	int8	0	0	128	0	1	0.0028053022214559555	0.01662970334291458	0.9999849452682966	863379ed00aaaac27fd60fd51f85d6497d578b380db81b29a6424dff4bb5b8e2	b0e9fd3619fe3fe2b570ad4acc15e78537238149d06c828f57303c0c7c25d5b8
R211_VENDOR_LITERAL_SPLIT_run1b	/model.23/one2one_cv2.1/one2one_cv2.1.1/conv/Conv	Conv	model.23.one2one_cv2.1.1.conv.weight	model.23.one2one_cv2.1.1.conv.weight	16x16x3x3	16x16x3x3	float32	int8	int8	0	0	16	0	1	0.0008368186395251041	0.00402631051838398	0.9998268030936048	652d2f79edc378e99ca35af5ba43c52a0d66733029d1d1a0e0fecd78c888fffd	21af1908f52219095bc6e65c71ef2a006cc395c4b4b19fb1c18d8bc935876ddf
R211_VENDOR_LITERAL_SPLIT_run1b	/model.23/one2one_cv3.1/one2one_cv3.1.0/one2one_cv3.1.0.1/conv/Conv	Conv	model.23.one2one_cv3.1.0.1.conv.weight	model.23.one2one_cv3.1.0.1.conv.weight	80x128x1x1	80x128x1x1	float32	int8	int8	0	0	80	0	1	0.0009087489969235918	0.004337571561336517	0.9999478643459792	32c1c0fb88abe93a74e89801ac308edd0837298c005a94b52c0fc5361e93ef5b	5372e1c68652462249dab0da38104daf9fbb546fee5236b834778b6686e85b9f
R211_VENDOR_LITERAL_SPLIT_run1b	/model.22/cv1/conv/Conv	Conv	model.22.cv1.conv.weight	model.22.cv1.conv.weight	256x384x1x1	256x384x1x1	float32	int8	int8	0	0	256	0	1	0.0011835750406698504	0.005546547472476959	0.9999590214989597	e4c8d0d31462fd5fee847ef1c5e7622dba8e266ed9d2f666ebb147f1aa96fb40	5fbd7ee90ea4b55f448581ed4f73dec73a7e671a235882d867744a66d7c5497b
R211_VENDOR_LITERAL_SPLIT_run1b	/model.23/one2one_cv2.1/one2one_cv2.1.2/Conv	Conv	model.23.one2one_cv2.1.2.weight	model.23.one2one_cv2.1.2.weight	4x16x1x1	4x16x1x1	float32	int8	int8	0	0	4	0	1	0.0016215654177358374	0.0034371321089565754	0.9999848585150326	8c7c2c35da42589edf8c29416cf5af08687862d9acb7e0210ad5de5e0e1763a3	d896782e8c41bd112b7153c092e5ea3a0d34d5a3a1f0a721e214e98027c043e6
R211_VENDOR_LITERAL_SPLIT_run1b	/model.23/one2one_cv3.1/one2one_cv3.1.1/one2one_cv3.1.1.0/conv/Conv	Conv	model.23.one2one_cv3.1.1.0.conv.weight	model.23.one2one_cv3.1.1.0.conv.weight	80x1x3x3	80x1x3x3	float32	int8	int8	0	0	80	0	1	0.0030201611967944093	0.055061958730220795	0.9999782335390557	63ddd889670d0d7e17c8b3891ca407886d3e5321b40aa3947476a86e3dd73808	efd52965ad4015b49d3710cf937cda4dd90201944475d1075e34ffa7d9fedce1
R211_VENDOR_LITERAL_SPLIT_run1b	/model.22/m.0/m.0.0/cv1/conv/Conv	Conv	model.22.m.0.0.cv1.conv.weight	model.22.m.0.0.cv1.conv.weight	64x128x3x3	64x128x3x3	float32	int8	int8	0	0	64	0	1	0.001280704516802232	0.0053517818450927734	0.9998758688920124	1774e33bddb5b5268f7eb590e4b4d3fe0f3322ab82a694f668d596ecc87dd80e	840060421c7fa9c0d3cbe5464baa1f5c8b363eb84ff6f11dbaa0701fb8741432
R211_VENDOR_LITERAL_SPLIT_run1b	/model.23/one2one_cv3.1/one2one_cv3.1.1/one2one_cv3.1.1.1/conv/Conv	Conv	model.23.one2one_cv3.1.1.1.conv.weight	model.23.one2one_cv3.1.1.1.conv.weight	80x80x1x1	80x80x1x1	float32	int8	int8	0	0	80	0	1	0.002347194699660804	0.038105010986328125	0.9999575488985837	2d724251be5a0be09e00e55aab0a0bd6fb30c5c0b676c03a82b5fffef585331e	afaaf47ec2d389241c7837d9ce662395496f0b8c7b1473c97a23dab90f998e07
R211_VENDOR_LITERAL_SPLIT_run1b	/model.22/m.0/m.0.0/cv2/conv/Conv	Conv	model.22.m.0.0.cv2.conv.weight	model.22.m.0.0.cv2.conv.weight	128x64x3x3	128x64x3x3	float32	int8	int8	0	0	128	0	1	0.0009519485590599792	0.004379165358841419	0.9998845879301793	900403312b529c29a5c3834d1155424c80dbe169bedf4f6602abb7b03b82912e	2c12f0438b96d12d3047a7e0bb7cb59e729905251246a6bbce4001050c3ce805
R211_VENDOR_LITERAL_SPLIT_run1b	/model.23/one2one_cv3.1/one2one_cv3.1.2/Conv	Conv	model.23.one2one_cv3.1.2.weight	model.23.one2one_cv3.1.2.weight	80x80x1x1	80x80x1x1	float32	int8	int8	0	0	80	0	1	0.0008376729048177367	0.0023207664489746094	0.9999719786814771	fe218bedcdc405fe23434040163558db0ff952a4467ed2f5b8744ed4f2a4bed8	fecf4c82277cc03d219ff0f09b717ae2a0fa4d644cb15af1d2e90274974f5e13
R211_VENDOR_LITERAL_SPLIT_run1b	/model.22/m.0/m.0.1/attn/qkv/conv/Conv	Conv	model.22.m.0.1.attn.qkv.conv.weight	model.22.m.0.1.attn.qkv.conv.weight	256x128x1x1	256x128x1x1	float32	int8	int8	0	0	256	0	1	0.0008295068060558061	0.00559882540255785	0.9999603500104141	11bfe3cda657813e74abc18e2888733b1ac3fec5c749142b85fa3bfef8e2c87c	c596a60ded0c91c4638bd48a19e3a7da1ac5feb184377b23f22dc316a2030c71
R211_VENDOR_LITERAL_SPLIT_run1b	/model.22/m.0/m.0.1/attn/pe/conv/Conv	Conv	model.22.m.0.1.attn.pe.conv.weight	model.22.m.0.1.attn.pe.conv.weight	128x1x3x3	128x1x3x3	float32	int8	int8	0	0	128	0	1	0.00487565426917374	0.03950691223144531	0.9999856146231492	9aa3fd5738f4955ef31b4bf82fce6c7bbe36dce07f77cac927b34fd54178caf1	3d52e580cf26e038d91ae14180c65151e5e4beb1069195e7dfa742b9c0dfc00e
R211_VENDOR_LITERAL_SPLIT_run1b	/model.22/m.0/m.0.1/attn/proj/conv/Conv	Conv	model.22.m.0.1.attn.proj.conv.weight	model.22.m.0.1.attn.proj.conv.weight	128x128x1x1	128x128x1x1	float32	int8	int8	0	0	128	0	1	0.00046920576473961483	0.0017597675323486328	0.9999604306300655	644cdd9be1f3399cac745f8a89f655430d7449e34ff47f559d785427b73958cb	101a89565a58bd2d3899181db42fec3920a1c3f95d33ac784265634eae6a395b
R211_VENDOR_LITERAL_SPLIT_run1b	/model.22/m.0/m.0.1/ffn/ffn.0/conv/Conv	Conv	model.22.m.0.1.ffn.0.conv.weight	model.22.m.0.1.ffn.0.conv.weight	256x128x1x1	256x128x1x1	float32	int8	int8	0	0	256	0	1	0.0008986134759110097	0.004571235738694668	0.9999471425697357	239645e81b2ad646719622f2a8dddab03070a614d6bfa94e791dc81c50418a0a	3f00ddbdeb73034a6b27f776d2508b23600d79d50592dfc3dde6c976ae7fb9e5
R211_VENDOR_LITERAL_SPLIT_run1b	/model.22/m.0/m.0.1/ffn/ffn.1/conv/Conv	Conv	model.22.m.0.1.ffn.1.conv.weight	model.22.m.0.1.ffn.1.conv.weight	128x256x1x1	128x256x1x1	float32	int8	int8	0	0	128	0	1	0.0008795684631657495	0.003930339589715004	0.9999547856729056	32d4d0da9dd3529866e1ad028b0105971e0a84bd6488c993beea320c8f157311	cbefcba4b245fa6ee63c28f3922fa28d0aa72a4637ced9eeb14b5f4670814e54
R211_VENDOR_LITERAL_SPLIT_run1b	/model.22/cv2/conv/Conv	Conv	model.22.cv2.conv.weight	model.22.cv2.conv.weight	256x384x1x1	256x384x1x1	float32	int8	int8	0	0	256	0	1	0.000598877572665945	0.006128442473709583	0.9998751775624408	1f94cac08ca49dec072153a52ce246928903f9e69c65645ea1ac375db616e75b	44b097f1806c9ce28280ae886ae6e95557465d61ab2903adb3ce675a0aefb7de
R211_VENDOR_LITERAL_SPLIT_run1b	/model.23/one2one_cv2.2/one2one_cv2.2.0/conv/Conv	Conv	model.23.one2one_cv2.2.0.conv.weight	model.23.one2one_cv2.2.0.conv.weight	16x256x3x3	16x256x3x3	float32	int8	int8	0	0	16	0	1	0.0005593275695367001	0.002488199155777693	0.9986686536875713	429ea44ad7768d957691d036c3ec4d4f7a89a529961c45a854bd3d07269154c4	1525cbe82ab4483cd4feb3d7d295779ec305153724a69ffa1540d904b231ad0b
R211_VENDOR_LITERAL_SPLIT_run1b	/model.23/one2one_cv3.2/one2one_cv3.2.0/one2one_cv3.2.0.0/conv/Conv	Conv	model.23.one2one_cv3.2.0.0.conv.weight	model.23.one2one_cv3.2.0.0.conv.weight	256x1x3x3	256x1x3x3	float32	int8	int8	0	0	256	0	1	0.0030071179052002764	0.032733917236328125	0.9999868977928693	72bbd1868f8104aa884100f26963dd5b97b408ece59ae5fcca1c01fb7de1598d	3b980098110a25097ecf0ae3bab156a73abc71053a6cfebab754110b9dd9cb01
R211_VENDOR_LITERAL_SPLIT_run1b	/model.23/one2one_cv2.2/one2one_cv2.2.1/conv/Conv	Conv	model.23.one2one_cv2.2.1.conv.weight	model.23.one2one_cv2.2.1.conv.weight	16x16x3x3	16x16x3x3	float32	int8	int8	0	0	16	0	1	0.001171086049299085	0.005659055896103382	0.999852282040797	a960e91c178ddbee4bfb2af5f695e2c42a220fd4acc85c744c8b17068bc3b9e7	46fe90d875dcdc9cb759b650482053af1a8c4dd449e2e5a13f1134fda0d50442
R211_VENDOR_LITERAL_SPLIT_run1b	/model.23/one2one_cv3.2/one2one_cv3.2.0/one2one_cv3.2.0.1/conv/Conv	Conv	model.23.one2one_cv3.2.0.1.conv.weight	model.23.one2one_cv3.2.0.1.conv.weight	80x256x1x1	80x256x1x1	float32	int8	int8	0	0	80	0	1	0.0006747551711459743	0.002604067325592041	0.9999532943397966	4fa5192a1b8b1e1b3de366aa1101ea7a33917cfe5c453a25b5b45b78c289c4af	083d796da7d1b964f09a3f2155536fab1e5bcfef964dc6f34663cddcc9f1a860
R211_VENDOR_LITERAL_SPLIT_run1b	/model.23/one2one_cv2.2/one2one_cv2.2.2/Conv	Conv	model.23.one2one_cv2.2.2.weight	model.23.one2one_cv2.2.2.weight	4x16x1x1	4x16x1x1	float32	int8	int8	0	0	4	0	1	0.0016016836671042256	0.0034313653595745564	0.9999846896713268	a7f78ed2a5d747a534cf669992ca1770531db78ba1ed5f0de137b2f43d19f4e1	b522d67d99bd6d9c78a4a12b39051cfa3faa0c239e754fef7e1b4771d25705e6
R211_VENDOR_LITERAL_SPLIT_run1b	/model.23/one2one_cv3.2/one2one_cv3.2.1/one2one_cv3.2.1.0/conv/Conv	Conv	model.23.one2one_cv3.2.1.0.conv.weight	model.23.one2one_cv3.2.1.0.conv.weight	80x1x3x3	80x1x3x3	float32	int8	int8	0	0	80	0	1	0.0024508001436818936	0.0488128662109375	0.99998517606792	e6e32449fcc2e71feb6f16f19cf1b8ad5125c7af47699536e8ed7a40d157502b	9e4c7f93b3117ac507c9ca8a96b74eaff3086f1e601bd5fb43b68e482346388c
R211_VENDOR_LITERAL_SPLIT_run1b	/model.23/one2one_cv3.2/one2one_cv3.2.1/one2one_cv3.2.1.1/conv/Conv	Conv	model.23.one2one_cv3.2.1.1.conv.weight	model.23.one2one_cv3.2.1.1.conv.weight	80x80x1x1	80x80x1x1	float32	int8	int8	0	0	80	0	1	0.002310862430470113	0.031823158264160156	0.9999657395443484	c397d595ce48f6d48dd536087507c3674ce7724c1aa0076750bdcddd53e94f4f	96abf0a958550f436a1947d97ac09ee150b9ea1ef707cf0c9a252f6d362745b4
R211_VENDOR_LITERAL_SPLIT_run1b	/model.23/one2one_cv3.2/one2one_cv3.2.2/Conv	Conv	model.23.one2one_cv3.2.2.weight	model.23.one2one_cv3.2.2.weight	80x80x1x1	80x80x1x1	float32	int8	int8	0	0	80	0	1	0.001067323512979783	0.0030637383460998535	0.9999553594811335	acd86d86a3a976e2955302b40424523bd2640a174395c1f39a4e9e38a54f03fa	8d188d5bc87f4854a1d852d627e3ed6ed990dfd37bb7016a58ba8170d1f036b9
V9A33_PROJECT_EXACT_SPLIT_run1	/model.0/conv/Conv	Conv	model.0.conv.weight	model.0.conv.weight	16x3x3x3	16x3x3x3	float32	int8	int8	0	0	16	0	1	0.022556142118345533	0.09255662560462952	0.9999816241869873	e22500dcb8dca0f23875b66c55a3003b18d3d10928cc838ee5bef98dc98b11b2	f7ca1e1bef78aa45707a27241833457d9e6ac75a6dbcb617a1bf580413eec6bc
V9A33_PROJECT_EXACT_SPLIT_run1	/model.1/conv/Conv	Conv	model.1.conv.weight	model.1.conv.weight	32x16x3x3	32x16x3x3	float32	int8	int8	0	0	32	0	1	0.001627038955328292	0.006612896919250488	0.9999542069942322	a6a15755a22700172bffe614d58b79f61c52dc0cbd682df31f98c91aa5220130	b8b67145ad7105be0d72745ce1df44a9022862011e351fa75796be2322645933
V9A33_PROJECT_EXACT_SPLIT_run1	/model.2/cv1/conv/Conv	Conv	model.2.cv1.conv.weight	model.2.cv1.conv.weight	32x32x1x1	32x32x1x1	float32	int8	int8	0	0	32	0	1	0.0015062246431485349	0.0056122541427612305	0.9999558290718905	5e382e809489d2ee4194d0c577bb1f6186d38c12db934737d8725c1aebafc220	cd7bee92dd97b8411b04605daf8e38b4043fe6ed7419418cf0d8023ea7d86981
V9A33_PROJECT_EXACT_SPLIT_run1	/model.2/m.0/cv1/conv/Conv	Conv	model.2.m.0.cv1.conv.weight	model.2.m.0.cv1.conv.weight	8x16x3x3	8x16x3x3	float32	int8	int8	0	0	8	0	1	0.00015327363526079156	0.000581577536650002	0.9998953101243888	491796c756eaf17db25330ff37841bb2f42f2e3d715927ed649c5bd923bf5cc3	60699a187d0b3433515912c0a567e189c4ea91d1f435980fac9bec9ea141df76
V9A33_PROJECT_EXACT_SPLIT_run1	/model.2/m.0/cv2/conv/Conv	Conv	model.2.m.0.cv2.conv.weight	model.2.m.0.cv2.conv.weight	16x8x3x3	16x8x3x3	float32	int8	int8	0	0	16	0	1	0.030315802061724954	0.11695098876953125	0.9999369017186392	8135d6243d74b4e27567d755a8e2ba2fbc3f5f4f2caa1cea38aa73887aa95829	7b76a1788381c47185fd29de9d0b6d2142a38b23e59d600c2836252cbc5fa228
V9A33_PROJECT_EXACT_SPLIT_run1	/model.2/cv2/conv/Conv	Conv	model.2.cv2.conv.weight	model.2.cv2.conv.weight	64x48x1x1	64x48x1x1	float32	int8	int8	0	0	64	0	1	0.0012118311099340445	0.005568205378949642	0.999960289467614	1ad86b0890504b9cee6750559e2c2453307df57be8fd5a61f693bd9432da01e7	0e7610fb051f1282f30b6438104dcad7314a1ba1c75049d0e311630ff66084d3
V9A33_PROJECT_EXACT_SPLIT_run1	/model.3/conv/Conv	Conv	model.3.conv.weight	model.3.conv.weight	64x64x3x3	64x64x3x3	float32	int8	int8	0	0	64	0	1	0.0002365968231671735	0.0010397755540907383	0.9999313579863578	e44672cbbfa251a82dbd542bbe86bad6cddcd8ce8d2a4c9a2e3ccb47b019c44c	fce3b341fc694b856a0ff2ee6d2972b0aded8ab24b18bcdb993a487fd77d4edd
V9A33_PROJECT_EXACT_SPLIT_run1	/model.4/cv1/conv/Conv	Conv	model.4.cv1.conv.weight	model.4.cv1.conv.weight	64x64x1x1	64x64x1x1	float32	int8	int8	0	0	64	0	1	0.0011833947307460235	0.0062628984451293945	0.9999583570310059	b10ef437446e72501409d3fa97a2264549ed86e3774898d7f75cb16961a44081	5724c907475ef0fa280d38d7d4d84f02e7591194543c540d2f827f0a122c8140
V9A33_PROJECT_EXACT_SPLIT_run1	/model.4/m.0/cv1/conv/Conv	Conv	model.4.m.0.cv1.conv.weight	model.4.m.0.cv1.conv.weight	16x32x3x3	16x32x3x3	float32	int8	int8	0	0	16	0	1	0.0008597282741978783	0.003327850252389908	0.9999194930808551	87b7743489827a3827af7633d1dbb869ace4f9c560666da3ac331acfbde81dae	e3950aa13ea5b5d178000f98f043d240722c1991092ec4661f98fd9fe5f0c1be
V9A33_PROJECT_EXACT_SPLIT_run1	/model.4/m.0/cv2/conv/Conv	Conv	model.4.m.0.cv2.conv.weight	model.4.m.0.cv2.conv.weight	32x16x3x3	32x16x3x3	float32	int8	int8	0	0	32	0	1	0.0011366816322938196	0.004071526229381561	0.9999496458126323	2bd4fd356060dc0b39f4a0d29112fb402a04d61305e5b678932905095381cc3d	759f2b401563fdee24d485d76561b92b9afb87b515f0f3aa2d9d9546be23b6ba
V9A33_PROJECT_EXACT_SPLIT_run1	/model.4/cv2/conv/Conv	Conv	model.4.cv2.conv.weight	model.4.cv2.conv.weight	128x96x1x1	128x96x1x1	float32	int8	int8	0	0	128	0	1	0.001178122197963612	0.0048109544441103935	0.9999650881937222	a2bced9665bce9c4a1c21438d7d48f8d35cef419584d7f7bde5d7dfff49db2b8	ebc344d1df055db206dbbe677c7c4f23d4eab9edf0dc61489d709fb314e1fef1
V9A33_PROJECT_EXACT_SPLIT_run1	/model.5/conv/Conv	Conv	model.5.conv.weight	model.5.conv.weight	128x128x3x3	128x128x3x3	float32	int8	int8	0	0	128	0	1	0.0006145471119504067	0.007040782831609249	0.9998908645202452	2de86fdc0d300ce40782010a0efe49d89b7f7a2b3226d5bc5a61893ca663fe21	b88a0ebf8efe707f48e8d094217e5ccddab55bacc328e68790c0e9f07196504d
V9A33_PROJECT_EXACT_SPLIT_run1	/model.6/cv1/conv/Conv	Conv	model.6.cv1.conv.weight	model.6.cv1.conv.weight	128x128x1x1	128x128x1x1	float32	int8	int8	0	0	128	0	1	0.001152205585368729	0.005274653434753418	0.9999563471596137	744b84284d6eedfe337a2b8c0fb5c2a165c96c7bc2d5152ed9bf7de46b897590	5d91674bf265980fb721056e7ff5bde3534e67abc26853304613d39f31dfedaa
V9A33_PROJECT_EXACT_SPLIT_run1	/model.6/m.0/cv1/conv/Conv	Conv	model.6.m.0.cv1.conv.weight	model.6.m.0.cv1.conv.weight	32x64x1x1	32x64x1x1	float32	int8	int8	0	0	32	0	1	0.000735326130643088	0.0029265880584716797	0.9999726798657821	76295caf45367e86155070f0ce7584c479df3d191a197d3ce70ac05d041a5bd2	d9a4e6915147120dd1c70995cb49f31471a7255f958f3afa260a95ef40ede24d
V9A33_PROJECT_EXACT_SPLIT_run1	/model.6/m.0/cv2/conv/Conv	Conv	model.6.m.0.cv2.conv.weight	model.6.m.0.cv2.conv.weight	32x64x1x1	32x64x1x1	float32	int8	int8	0	0	32	0	1	0.002114221238651126	0.013632090762257576	0.999957181603377	4a012940c8c98f143204d49cd861bd4bbfc26651b0df88cc2920a0878dfe4e15	d11ceba5d7f49e02f3b2c01c71625ea5e147fb3277988add3fa1bc0c08659672
V9A33_PROJECT_EXACT_SPLIT_run1	/model.6/m.0/m/m.0/cv1/conv/Conv	Conv	model.6.m.0.m.0.cv1.conv.weight	model.6.m.0.m.0.cv1.conv.weight	32x32x3x3	32x32x3x3	float32	int8	int8	0	0	32	0	1	0.0013396496276578932	0.006324648857116699	0.999935581841366	a24b256697ed4238e33156978694f7b73aebf7bb2cef80d07e95930278a9352f	60edaa71fc4613c28d982af8c87c34f30cd4e5e58bc7bec2b94505ac94512a95
V9A33_PROJECT_EXACT_SPLIT_run1	/model.6/m.0/m/m.0/cv2/conv/Conv	Conv	model.6.m.0.m.0.cv2.conv.weight	model.6.m.0.m.0.cv2.conv.weight	32x32x3x3	32x32x3x3	float32	int8	int8	0	0	32	0	1	0.0007041723663534012	0.0036422181874513626	0.9999420049086137	6208c8619091b4f2e5b01b00e30f3cd44c904d9d707d7cac73ec7a8e12f58966	69ffc375cd5020cda9eb7370efc1fe24d8dd1fdb4f2e748325089716e11c90e9
V9A33_PROJECT_EXACT_SPLIT_run1	/model.6/m.0/m/m.1/cv1/conv/Conv	Conv	model.6.m.0.m.1.cv1.conv.weight	model.6.m.0.m.1.cv1.conv.weight	32x32x3x3	32x32x3x3	float32	int8	int8	0	0	32	0	1	0.0008168866844273155	0.0034613609313964844	0.9999398316566953	a884cde40ad5a992394165ff404d39bb39db6016aae88db33a2413a8ecbd194b	7411da07585f6f164f7c822f4a16d3da7bdb1bcd17cb17287cdd3dadbad2207e
V9A33_PROJECT_EXACT_SPLIT_run1	/model.6/m.0/m/m.1/cv2/conv/Conv	Conv	model.6.m.0.m.1.cv2.conv.weight	model.6.m.0.m.1.cv2.conv.weight	32x32x3x3	32x32x3x3	float32	int8	int8	0	0	32	0	1	0.0011493792549579496	0.005071333609521389	0.9999517046032327	4c8ba73f3447175c968220001db32007a1184159c3ecd1d9639a9ce1976e9c9b	273534559be5555d21b1d21473af95be299a999a1eba427a9e1a21020a4cc57a
V9A33_PROJECT_EXACT_SPLIT_run1	/model.6/m.0/cv3/conv/Conv	Conv	model.6.m.0.cv3.conv.weight	model.6.m.0.cv3.conv.weight	64x64x1x1	64x64x1x1	float32	int8	int8	0	0	64	0	1	0.0008543062616181984	0.0037229061126708984	0.9999705508638472	b65656a4a2cc369fb4101881173a800e2ae83dca390bb45ef3d2d305696057e2	c26b5af48c3f5e9ebf40dc22af58d806c40a75abe51d89ce0d93cf0073ca0994
V9A33_PROJECT_EXACT_SPLIT_run1	/model.6/cv2/conv/Conv	Conv	model.6.cv2.conv.weight	model.6.cv2.conv.weight	128x192x1x1	128x192x1x1	float32	int8	int8	0	0	128	0	1	0.0007813892333776532	0.0033746957778930664	0.9999557329109043	3bb7c8396ce3a1eaefa5d479437fedaafd1809761460cd9d00c768267a4d00ce	7739354dc9a286472e39d57add986ae06f570bb7c83f3051c189fdaeddf5944d
V9A33_PROJECT_EXACT_SPLIT_run1	/model.7/conv/Conv	Conv	model.7.conv.weight	model.7.conv.weight	256x128x3x3	256x128x3x3	float32	int8	int8	0	0	256	0	1	0.0005546679838592353	0.004590466618537903	0.999899626033717	87c9bd59f53419128bbc7b9f1b36f0ebffff5cc2109ad2c027c11a68b73e1877	8ac1b3733cb0d896fecee05d18fbdf93a7537b06fdd7a1473806b628260f609f
V9A33_PROJECT_EXACT_SPLIT_run1	/model.8/cv1/conv/Conv	Conv	model.8.cv1.conv.weight	model.8.cv1.conv.weight	256x256x1x1	256x256x1x1	float32	int8	int8	0	0	256	0	1	0.0010337266592880473	0.007049861364066601	0.9999543088714726	7ba188e3e0faca9714d8f5bd1b9145dd5b11e0ab2774f9d1ef486feeffea0614	ed7ef07e4d2c2ce4c47469f782e1d81113ef748ebc54e9217acbc11ee51e7ff3
V9A33_PROJECT_EXACT_SPLIT_run1	/model.8/m.0/cv1/conv/Conv	Conv	model.8.m.0.cv1.conv.weight	model.8.m.0.cv1.conv.weight	64x128x1x1	64x128x1x1	float32	int8	int8	0	0	64	0	1	0.0007516361064148214	0.00330960750579834	0.9999589645771629	b1935dcf695ca1fa13d1b1097ada44e8b56b7716f783b723af35b6b042087065	37ea5404eef2d213e0b7c41d320ebc857d97a7684391023f12244e3718ae03b0
V9A33_PROJECT_EXACT_SPLIT_run1	/model.8/m.0/cv2/conv/Conv	Conv	model.8.m.0.cv2.conv.weight	model.8.m.0.cv2.conv.weight	64x128x1x1	64x128x1x1	float32	int8	int8	0	0	64	0	1	0.0016226283014864062	0.007958732545375824	0.9999717911169519	642b8b75e8491f04035f9836714ff557f57677335f793d022f3cc3843ea9bf0f	d716839286ab18032dafaae5c2501b472134df251586566df8ea1e69744d1586
V9A33_PROJECT_EXACT_SPLIT_run1	/model.8/m.0/m/m.0/cv1/conv/Conv	Conv	model.8.m.0.m.0.cv1.conv.weight	model.8.m.0.m.0.cv1.conv.weight	64x64x3x3	64x64x3x3	float32	int8	int8	0	0	64	0	1	0.00133368565267461	0.0074776411056518555	0.9999188219588149	3acca604d841c3b63c9c0d44cf044226ab2278c87c32ca85a275f7b318a322c7	61c4b15ed66d68b241fb76f8d5ba64cfa7c537a19b062a36b39493fd9050694a
V9A33_PROJECT_EXACT_SPLIT_run1	/model.8/m.0/m/m.0/cv2/conv/Conv	Conv	model.8.m.0.m.0.cv2.conv.weight	model.8.m.0.m.0.cv2.conv.weight	64x64x3x3	64x64x3x3	float32	int8	int8	0	0	64	0	1	0.000663498720621214	0.004790008068084717	0.9999223318939651	002ff0e874b3ef609d4bbc7683e03a078b028d58caa32a3980429730a6f5434e	a66cb7faab43161d1f9da97608ac0ea364f9cd414a150800de753752582610ab
V9A33_PROJECT_EXACT_SPLIT_run1	/model.8/m.0/m/m.1/cv1/conv/Conv	Conv	model.8.m.0.m.1.cv1.conv.weight	model.8.m.0.m.1.cv1.conv.weight	64x64x3x3	64x64x3x3	float32	int8	int8	0	0	64	0	1	0.0004097522330630389	0.0019377709832042456	0.9999373984725887	d679851699f2fd3b14379ca6b8885007b91197658b6df2dc4de88a4fe7cf77b9	8c8e2d7edb0202d3d389f42ce73822c602e2456026b652c4979d8bba06d28d16
V9A33_PROJECT_EXACT_SPLIT_run1	/model.8/m.0/m/m.1/cv2/conv/Conv	Conv	model.8.m.0.m.1.cv2.conv.weight	model.8.m.0.m.1.cv2.conv.weight	64x64x3x3	64x64x3x3	float32	int8	int8	0	0	64	0	1	0.0008633033928933047	0.005503296852111816	0.9999074097642271	381fb5c2577f58d0a0df1719980d305b8fb53cf268849a049be65bb6d389fd92	3e0b7e995632ed1e1ecc69791add91db842170199c02718ca5728d28d7a23901
V9A33_PROJECT_EXACT_SPLIT_run1	/model.8/m.0/cv3/conv/Conv	Conv	model.8.m.0.cv3.conv.weight	model.8.m.0.cv3.conv.weight	128x128x1x1	128x128x1x1	float32	int8	int8	0	0	128	0	1	0.0004939773371428029	0.003238677978515625	0.9999660876028692	66bdf4e29a3d8d4dcd38e8a392cb5711eac3b7972574c477ef3fbd45f7387863	0bb118d2f48fd3ba0c3739a29ef24051c1ab15d24de668d4b416d5785abcc428
V9A33_PROJECT_EXACT_SPLIT_run1	/model.8/cv2/conv/Conv	Conv	model.8.cv2.conv.weight	model.8.cv2.conv.weight	256x384x1x1	256x384x1x1	float32	int8	int8	0	0	256	0	1	0.0006289402462326818	0.005124330520629883	0.9999544832056109	ed2b6e3346ec4b143a59d9147145c407e23866205451b910dcf6429fcc2b46c7	c8059142a59ad41a7c8e0720b364e033834a1a589738fc3fe9c5b6d2215d8e22
V9A33_PROJECT_EXACT_SPLIT_run1	/model.9/cv1/conv/Conv	Conv	model.9.cv1.conv.weight	model.9.cv1.conv.weight	128x256x1x1	128x256x1x1	float32	int8	int8	0	0	128	0	1	0.0010879960388630663	0.007387638092041016	0.9999514716406472	0c11468a5ff97f82b453d0e32503b82725c15cee08b4d1ebf6ea39c8d8b2d39b	51cd1a166a3dcc28868405d33c4d7e7ac858d00490eff7f3893fb62bcb6adf38
V9A33_PROJECT_EXACT_SPLIT_run1	/model.9/cv2/conv/Conv	Conv	model.9.cv2.conv.weight	model.9.cv2.conv.weight	256x512x1x1	256x512x1x1	float32	int8	int8	0	0	256	0	1	0.000414093477228461	0.006281495094299316	0.9999023440861814	852c8c273fc11a4552fef682352580639f4c5ceb9935af859a42e1f2851aabcb	364052e1d4fb62cab9704f3abfec0d4767748167758630ffdda0f58c6c0d1320
V9A33_PROJECT_EXACT_SPLIT_run1	/model.10/cv1/conv/Conv	Conv	model.10.cv1.conv.weight	model.10.cv1.conv.weight	256x256x1x1	256x256x1x1	float32	int8	int8	0	0	256	0	1	0.0009943855119711404	0.005569950677454472	0.9999575533414168	bf504f342f5dd47b6df147ea079dae5976f15d2f89fa915a5de1c4fb759bd358	f1d3218fd23bbd486f4d7772b61983edd3ddc132a9ad74cd048173c34106e61b
V9A33_PROJECT_EXACT_SPLIT_run1	/model.10/m/m.0/attn/qkv/conv/Conv	Conv	model.10.m.0.attn.qkv.conv.weight	model.10.m.0.attn.qkv.conv.weight	256x128x1x1	256x128x1x1	float32	int8	int8	0	0	256	0	1	0.0010524746296874422	0.006457190029323101	0.9999660589250491	a8c67903d02421263fd769ba82728cce6ffc5a6a00275c3f703ee78977869750	986d8b81c42bdef8600b882bff65124d5196ccb48a357468e87c3408c64382d0
V9A33_PROJECT_EXACT_SPLIT_run1	/model.10/m/m.0/attn/pe/conv/Conv	Conv	model.10.m.0.attn.pe.conv.weight	model.10.m.0.attn.pe.conv.weight	128x1x3x3	128x1x3x3	float32	int8	int8	0	0	128	0	1	0.0013004302097054203	0.009750127792358398	0.9999800011134244	de3f3504777a34a43ef968b38e1a7b226598dcc11a99064172a243812a77730a	a66fa56fe437801be5c41c1ef8b2afa546aceb17c0bc9968fdbd262fe3c3af0c
V9A33_PROJECT_EXACT_SPLIT_run1	/model.10/m/m.0/attn/proj/conv/Conv	Conv	model.10.m.0.attn.proj.conv.weight	model.10.m.0.attn.proj.conv.weight	128x128x1x1	128x128x1x1	float32	int8	int8	0	0	128	0	1	0.0006421998844763008	0.004695502109825611	0.9999689476692937	47da1da5d4b437d00dddf1a11a2dbc322a7e35b7958565a0f03f52ddea89d553	7a7f333cc65195c4be01deb18cb77a3c9201a552c3897e4f3cdb13393cc901a2
V9A33_PROJECT_EXACT_SPLIT_run1	/model.10/m/m.0/ffn/ffn.0/conv/Conv	Conv	model.10.m.0.ffn.0.conv.weight	model.10.m.0.ffn.0.conv.weight	256x128x1x1	256x128x1x1	float32	int8	int8	0	0	256	0	1	0.00047211819634265795	0.0020034313201904297	0.999971192415005	e36e707c549681f3030c2250a86e160836fc234a345428cb39b60814a8b0a3e8	d95f743b20d91db8feee341c965e2055e14649b82245baeaf26ff8d644dc5c62
V9A33_PROJECT_EXACT_SPLIT_run1	/model.10/m/m.0/ffn/ffn.1/conv/Conv	Conv	model.10.m.0.ffn.1.conv.weight	model.10.m.0.ffn.1.conv.weight	128x256x1x1	128x256x1x1	float32	int8	int8	0	0	128	0	1	0.0020687679451969407	0.012620072811841965	0.9999703654602995	3c508dbd7b03d8a15442b047c57648c3fc6098aa667d71d35612334c0d57934f	ef8e363e511757c7d9c46bffb63aa1c11901033b09e4f3e57cc1d219edc4d5e6
V9A33_PROJECT_EXACT_SPLIT_run1	/model.10/cv2/conv/Conv	Conv	model.10.cv2.conv.weight	model.10.cv2.conv.weight	256x256x1x1	256x256x1x1	float32	int8	int8	0	0	256	0	1	0.00041655695473503604	0.002622842788696289	0.9999607023043885	67d8565cfefa74707083ee434b098a4f351396c3af3276b129758311477b36cf	7344d1ce0468dd754d290978579e16eb86ecb5f59ac77c859d37687902deeece
V9A33_PROJECT_EXACT_SPLIT_run1	/model.13/cv1/conv/Conv	Conv	model.13.cv1.conv.weight	model.13.cv1.conv.weight	128x384x1x1	128x384x1x1	float32	int8	int8	0	0	128	0	1	0.0009263319561273626	0.006906867027282715	0.9999454158659156	0f48e774799ae2c9879a857b07d7651e6ea7afe2f81a4f5468c49298c445f730	b820e3f7add1b26479232f3d4e12271c614a03c7530671f4e16f49d4a2b03bcc
V9A33_PROJECT_EXACT_SPLIT_run1	/model.13/m.0/cv1/conv/Conv	Conv	model.13.m.0.cv1.conv.weight	model.13.m.0.cv1.conv.weight	32x64x1x1	32x64x1x1	float32	int8	int8	0	0	32	0	1	0.0008345177446464902	0.0024700164794921875	0.9999749778261419	19f8c87cbb81ec691733f7582990fb3dfeb03d38ac081f10e31fc5de9622760c	1998211e3e5da6b0baffa903901e8089b70477c1b87527391cfc6cd68457c33a
V9A33_PROJECT_EXACT_SPLIT_run1	/model.13/m.0/cv2/conv/Conv	Conv	model.13.m.0.cv2.conv.weight	model.13.m.0.cv2.conv.weight	32x64x1x1	32x64x1x1	float32	int8	int8	0	0	32	0	1	0.0020518095709007866	0.005659261718392372	0.9999806446410667	ea448b2eb2bc8d848e6962fa4bcd8552311f1e29ada329e3beccd7b455754323	a3dedf1bbb671b92c1381472a65650757cc6be7098fddbe5309b75807013f1bf
V9A33_PROJECT_EXACT_SPLIT_run1	/model.13/m.0/m/m.0/cv1/conv/Conv	Conv	model.13.m.0.m.0.cv1.conv.weight	model.13.m.0.m.0.cv1.conv.weight	32x32x3x3	32x32x3x3	float32	int8	int8	0	0	32	0	1	0.0015091327751457248	0.0051392316818237305	0.9999529776405557	28a369c5b49517d46e5bdbb7d0c38b144ffc731931492928d87f820efd92f1d2	9f5cd3f9e7ad484ada89e2abc639ede8beb70c84fdce4708f8d9068a835c5323
V9A33_PROJECT_EXACT_SPLIT_run1	/model.13/m.0/m/m.0/cv2/conv/Conv	Conv	model.13.m.0.m.0.cv2.conv.weight	model.13.m.0.m.0.cv2.conv.weight	32x32x3x3	32x32x3x3	float32	int8	int8	0	0	32	0	1	0.0009851476958340458	0.0034964834339916706	0.9999486051258497	e2699236b263e404c9fa7d28d4f7b181a2f85108455562e40f8587aee809e7f4	8baaebe00da30142226dd0aec6c72df0ef71904c1814af37243298a70f7d39a6
V9A33_PROJECT_EXACT_SPLIT_run1	/model.13/m.0/m/m.1/cv1/conv/Conv	Conv	model.13.m.0.m.1.cv1.conv.weight	model.13.m.0.m.1.cv1.conv.weight	32x32x3x3	32x32x3x3	float32	int8	int8	0	0	32	0	1	0.0004677936266522366	0.0014590620994567871	0.9999606752088961	5125ff4ae6c37e96528f8ff89d1a8dd8ec8a83e42424a8311d5d08c2b563b4b8	e9bccf51b3b48829fb9ab8e75e0fc0e3624886afb978d149efe3333367ef313a
V9A33_PROJECT_EXACT_SPLIT_run1	/model.13/m.0/m/m.1/cv2/conv/Conv	Conv	model.13.m.0.m.1.cv2.conv.weight	model.13.m.0.m.1.cv2.conv.weight	32x32x3x3	32x32x3x3	float32	int8	int8	0	0	32	0	1	0.0015503409216809495	0.005854438990354538	0.9999534725029698	bc1333225c592836f545a6941cd6c28d063cbb2e4baf2ee6ea2a4de6d4775723	f9de5562be97bc7e5c434a44bf7106b2b007e3ca05063f89e8e4043d36970682
V9A33_PROJECT_EXACT_SPLIT_run1	/model.13/m.0/cv3/conv/Conv	Conv	model.13.m.0.cv3.conv.weight	model.13.m.0.cv3.conv.weight	64x64x1x1	64x64x1x1	float32	int8	int8	0	0	64	0	1	0.0006140464218513664	0.002050694078207016	0.9999789764726131	c28f4b69234ee547b2e5bff478c4be2f9c3214ed418bb2bc8b27940593bdddfb	b2d6ae072b86b03a1de08174a99af6e0dd198ce0e04e4e63794751b95db7264c
V9A33_PROJECT_EXACT_SPLIT_run1	/model.13/cv2/conv/Conv	Conv	model.13.cv2.conv.weight	model.13.cv2.conv.weight	128x192x1x1	128x192x1x1	float32	int8	int8	0	0	128	0	1	0.0007336649301404689	0.00398147851228714	0.9999627574434085	86520ada5f9f975a71b6155e94fbe293c7e0e04a2143796eee348d3553d1fd1b	559c72b4ffa42744795f1677cbdaf85dd53594d115769dde22388b4da785143e
V9A33_PROJECT_EXACT_SPLIT_run1	/model.16/cv1/conv/Conv	Conv	model.16.cv1.conv.weight	model.16.cv1.conv.weight	64x256x1x1	64x256x1x1	float32	int8	int8	0	0	64	0	1	0.0008871381623543669	0.002755463123321533	0.9999463677520416	d73a8c11545bca926b1844f75001242c44bbcca935c2fa16504a92a8f987db13	2ea138f62fde4ee41af09f2facd40a6a40a5f6fe7d2fd3179a7d2b41053b00b3
V9A33_PROJECT_EXACT_SPLIT_run1	/model.16/m.0/cv1/conv/Conv	Conv	model.16.m.0.cv1.conv.weight	model.16.m.0.cv1.conv.weight	16x32x1x1	16x32x1x1	float32	int8	int8	0	0	16	0	1	0.000623227074951771	0.0022674589417874813	0.9999820374311621	90c2ec2f5a49e825a399c1ea22134623d8e3c4538d20614d0b8c6e98c2227e8a	7c284b49ccae5237ea549d9904166120ed052e53a12f0e5a44b4ee7795955631
V9A33_PROJECT_EXACT_SPLIT_run1	/model.16/m.0/cv2/conv/Conv	Conv	model.16.m.0.cv2.conv.weight	model.16.m.0.cv2.conv.weight	16x32x1x1	16x32x1x1	float32	int8	int8	0	0	16	0	1	0.002826812632065412	0.009142160415649414	0.9999796090368959	ac819aa7c3a3f043d17f692a2ac6c232df2aa403a11ab757a71082911a4516a8	42717ebdc5b3dde592fe0ee3b3adfc46edd0edf8dd20334c038c3217d2ea1e70
V9A33_PROJECT_EXACT_SPLIT_run1	/model.16/m.0/m/m.0/cv1/conv/Conv	Conv	model.16.m.0.m.0.cv1.conv.weight	model.16.m.0.m.0.cv1.conv.weight	16x16x3x3	16x16x3x3	float32	int8	int8	0	0	16	0	1	0.004752788992751296	0.013353602960705757	0.9999604294342598	9922ddde00b9732854dd50abec2c67ca51275b0b81da3290d0f0fc1498cec0f5	5c6c3a6146f75c12bd3a18f3d47fb501d6f7a9d94e951cfc1ddea94f6f2302c9
V9A33_PROJECT_EXACT_SPLIT_run1	/model.16/m.0/m/m.0/cv2/conv/Conv	Conv	model.16.m.0.m.0.cv2.conv.weight	model.16.m.0.m.0.cv2.conv.weight	16x16x3x3	16x16x3x3	float32	int8	int8	0	0	16	0	1	0.0012216504717975517	0.003698349930346012	0.9999434337091478	30e3c7f11586a1683e5efe6092c1b5ab5f91acbe67d24c58e79bb0c9b009f2c0	0cb84060020e3c1a2d601c2d3c9bcb58d3f69b0157984d3095edb59e26fbdb84
V9A33_PROJECT_EXACT_SPLIT_run1	/model.16/m.0/m/m.1/cv1/conv/Conv	Conv	model.16.m.0.m.1.cv1.conv.weight	model.16.m.0.m.1.cv1.conv.weight	16x16x3x3	16x16x3x3	float32	int8	int8	0	0	16	0	1	0.000976858423274823	0.0030510248616337776	0.9999418570443944	064638469195e4ecf1ee749544373f8f49d044cc31ddd2bdacc63da7decd9491	13b81295c21c7cb203a4d5ef60d8f057a58eac7d7e704d320a962abd6c930bfa
V9A33_PROJECT_EXACT_SPLIT_run1	/model.16/m.0/m/m.1/cv2/conv/Conv	Conv	model.16.m.0.m.1.cv2.conv.weight	model.16.m.0.m.1.cv2.conv.weight	16x16x3x3	16x16x3x3	float32	int8	int8	0	0	16	0	1	0.003998669275713635	0.01161646842956543	0.9999378619336532	1387b8a0e511b9eedf89432527db7df405d3db243133a97578cfa388b1840701	0cf9d852e7243231b491ff7702990b1db1df9bdb585df9fa57c51612e0ddd39f
V9A33_PROJECT_EXACT_SPLIT_run1	/model.16/m.0/cv3/conv/Conv	Conv	model.16.m.0.cv3.conv.weight	model.16.m.0.cv3.conv.weight	32x32x1x1	32x32x1x1	float32	int8	int8	0	0	32	0	1	0.0011898195560817726	0.004118800163269043	0.9999701331215973	89705903ec896161ebede39a891478f501cf83947e7e43450ba1e93853b955a6	e81b5a0d8f1cddf21f54cceee19f11a9bc0e03a7787f2e9f14e68652c1aee2ff
V9A33_PROJECT_EXACT_SPLIT_run1	/model.16/cv2/conv/Conv	Conv	model.16.cv2.conv.weight	model.16.cv2.conv.weight	64x96x1x1	64x96x1x1	float32	int8	int8	0	0	64	0	1	0.0010534456603608078	0.01360321044921875	0.9999179898956293	0b08e81d5497c7820019751d2c689a1379b6957ebb3afbc48d1a1e03999d446e	c318f72495b4cf221b04eb1bc82c0b24a8a4a67ddb0cc8774ddabfc2ad553c31
V9A33_PROJECT_EXACT_SPLIT_run1	/model.17/conv/Conv	Conv	model.17.conv.weight	model.17.conv.weight	64x64x3x3	64x64x3x3	float32	int8	int8	0	0	64	0	1	0.0007669504667069232	0.0028989315032958984	0.9999153920390924	26ccbdd1ddc07a57ebca0f33fecedec7eb9456eeeb6cec9830fec12bfbef3001	9ccdf9fbcdeb863b436882c4a3200718b4770374115a9a28308d2cce5559393d
V9A33_PROJECT_EXACT_SPLIT_run1	/model.23/one2one_cv2.0/one2one_cv2.0.0/conv/Conv	Conv	model.23.one2one_cv2.0.0.conv.weight	model.23.one2one_cv2.0.0.conv.weight	16x64x3x3	16x64x3x3	float32	int8	int8	0	0	16	0	1	0.002717191048205435	0.011184535920619965	0.9998649633004953	ba9f73a00c947f8376895ca59f733bccd001670cf645490c0516863ac8659d60	706087972b1205f2f6ece57c96f39c7c56416d5f20fdd89c5c2feaccdb4d45d9
V9A33_PROJECT_EXACT_SPLIT_run1	/model.23/one2one_cv3.0/one2one_cv3.0.0/one2one_cv3.0.0.0/conv/Conv	Conv	model.23.one2one_cv3.0.0.0.conv.weight	model.23.one2one_cv3.0.0.0.conv.weight	64x1x3x3	64x1x3x3	float32	int8	int8	0	0	64	0	1	0.0032619755897940195	0.010919380933046341	0.9999843878409809	4fe0dd2a6ea5f28860bcc674a25bb37ac7a7f09ffc8f282d14cb102c816f4e01	67daa27d9164fdbdee58e1de19f5e4e64d1e42ab246e33f45689933e5a09104b
V9A33_PROJECT_EXACT_SPLIT_run1	/model.23/one2one_cv2.0/one2one_cv2.0.1/conv/Conv	Conv	model.23.one2one_cv2.0.1.conv.weight	model.23.one2one_cv2.0.1.conv.weight	16x16x3x3	16x16x3x3	float32	int8	int8	0	0	16	0	1	0.0006670456869302615	0.0035496950149536133	0.9998020497322002	a2ed366ffd6fcc0a8ff340feaa5aedbed12ed78fd5b5f540c1e8b87e53fe5fd1	d6d7b689c4affad4031ef96b08f69144e8da42697d359daa3485163cd98e7484
V9A33_PROJECT_EXACT_SPLIT_run1	/model.23/one2one_cv3.0/one2one_cv3.0.0/one2one_cv3.0.0.1/conv/Conv	Conv	model.23.one2one_cv3.0.0.1.conv.weight	model.23.one2one_cv3.0.0.1.conv.weight	80x64x1x1	80x64x1x1	float32	int8	int8	0	0	80	0	1	0.0006691290859249577	0.003799617290496826	0.9999711352462619	198b9f2769bb9acea3d1e6471ef65ec3117eb720d49a94e9dfe32654d16123e0	bd819ff24efba6058a17ba7fa37603cd2628d97e5c6d075a78c6a9ea527be27c
V9A33_PROJECT_EXACT_SPLIT_run1	/model.19/cv1/conv/Conv	Conv	model.19.cv1.conv.weight	model.19.cv1.conv.weight	128x192x1x1	128x192x1x1	float32	int8	int8	0	0	128	0	1	0.0015158378104388286	0.005264878273010254	0.999952826169329	98c19a8d213995fa3da218d9c18766bf01a104d36831425fbcf95061dcf30e3e	00d49646354c452b19c9c5c90cd6c0b882f8adbfb8f9138b524feaa968499dd6
V9A33_PROJECT_EXACT_SPLIT_run1	/model.23/one2one_cv2.0/one2one_cv2.0.2/Conv	Conv	model.23.one2one_cv2.0.2.weight	model.23.one2one_cv2.0.2.weight	4x16x1x1	4x16x1x1	float32	int8	int8	0	0	4	0	1	0.0021298267965903506	0.00446157343685627	0.9999801555369596	b66da2cf5a310ce89a5cdf1da7f371e28beca200b265ba1a9e74ea82e9d05b26	0ae28eab2304e2f7be98d1c9e46bb4107690fc91b72eb580649efc97fcdfa79e
V9A33_PROJECT_EXACT_SPLIT_run1	/model.23/one2one_cv3.0/one2one_cv3.0.1/one2one_cv3.0.1.0/conv/Conv	Conv	model.23.one2one_cv3.0.1.0.conv.weight	model.23.one2one_cv3.0.1.0.conv.weight	80x1x3x3	80x1x3x3	float32	int8	int8	0	0	80	0	1	0.004686488158687199	0.05014228820800781	0.9999826813125725	dd4d22ae3450af3cfd3a35422189458c9f6e47863a737d5521fde998c4715f04	a33a04aed0fc957ffe92dd6a01d6c3c8075502bad7cd25198b478293c6baf6f7
V9A33_PROJECT_EXACT_SPLIT_run1	/model.19/m.0/cv1/conv/Conv	Conv	model.19.m.0.cv1.conv.weight	model.19.m.0.cv1.conv.weight	32x64x1x1	32x64x1x1	float32	int8	int8	0	0	32	0	1	0.0004129511526604901	0.002016782760620117	0.9999745890424514	a3fa129b643bbc7eb40adcb7b585c6dd6f0012bd7efbcda2a88823ec2fe99350	0e22d26293ca37d87a9bf35630836a2838cf8c4ff66d0137483decb76f387775
V9A33_PROJECT_EXACT_SPLIT_run1	/model.19/m.0/cv2/conv/Conv	Conv	model.19.m.0.cv2.conv.weight	model.19.m.0.cv2.conv.weight	32x64x1x1	32x64x1x1	float32	int8	int8	0	0	32	0	1	0.0016575997124164132	0.005542278289794922	0.999968657433368	6b50a2bdb1eca7e77b8122eef6568cf15e285cf7b2290c2b2535c7a145b55b10	32e1365579cc77a70b87251ec9e546a95a39eb4d6fbeb8efe68a2389e2f9f7cc
V9A33_PROJECT_EXACT_SPLIT_run1	/model.23/one2one_cv3.0/one2one_cv3.0.1/one2one_cv3.0.1.1/conv/Conv	Conv	model.23.one2one_cv3.0.1.1.conv.weight	model.23.one2one_cv3.0.1.1.conv.weight	80x80x1x1	80x80x1x1	float32	int8	int8	0	0	80	0	1	0.001952158057274289	0.03802299499511719	0.9999633033814912	53d250b5f57533ddf80f5991a2ab156faf2cde885ba8e35644534b162722310a	0119805b1b99dcd58eb00cfc61dbe3599793a7f27006fe90538ff409b36f450d
V9A33_PROJECT_EXACT_SPLIT_run1	/model.19/m.0/m/m.0/cv1/conv/Conv	Conv	model.19.m.0.m.0.cv1.conv.weight	model.19.m.0.m.0.cv1.conv.weight	32x32x3x3	32x32x3x3	float32	int8	int8	0	0	32	0	1	0.0031253317658569363	0.011811615899205208	0.9999269314792629	6eb965aca7718c8c4bec16d51efd7e77926a07c2f3ae304000a8dccee64574a5	891c33797862348324c12bef324ee296d64670b68cb1d111982d1fa717bc61af
V9A33_PROJECT_EXACT_SPLIT_run1	/model.23/one2one_cv3.0/one2one_cv3.0.2/Conv	Conv	model.23.one2one_cv3.0.2.weight	model.23.one2one_cv3.0.2.weight	80x80x1x1	80x80x1x1	float32	int8	int8	0	0	80	0	1	0.0006599724375701044	0.0018468541093170643	0.9999829567824797	d907ba90f232b1fb7e6381f3ee3a9dd65c241dc768b7b7e707c51382c5e0f62d	f418853dd2b054f2757cc86a1d97e387d92028d67bad9f7b6739c75210784320
V9A33_PROJECT_EXACT_SPLIT_run1	/model.19/m.0/m/m.0/cv2/conv/Conv	Conv	model.19.m.0.m.0.cv2.conv.weight	model.19.m.0.m.0.cv2.conv.weight	32x32x3x3	32x32x3x3	float32	int8	int8	0	0	32	0	1	0.0013798114170915613	0.0044325729832053185	0.999908628871077	53107d74115b3eca6d03f79488dec1dbbd332dbae01e67dab86e69ff4b1a7126	fe1168e089451639c8d8eb7bff03719d632b964c14ab0b7bc64f7f65130f7864
V9A33_PROJECT_EXACT_SPLIT_run1	/model.19/m.0/m/m.1/cv1/conv/Conv	Conv	model.19.m.0.m.1.cv1.conv.weight	model.19.m.0.m.1.cv1.conv.weight	32x32x3x3	32x32x3x3	float32	int8	int8	0	0	32	0	1	0.0011369854558934812	0.003673489671200514	0.9999156906795493	4538ad238a53664ed34e78e74f12f76b36ad7dcaed97c5c819c841b130ad6210	a888b2a1329ff79283d2791692ce122853bafae669ef6ebbd4b9d586eef6a3bb
V9A33_PROJECT_EXACT_SPLIT_run1	/model.19/m.0/m/m.1/cv2/conv/Conv	Conv	model.19.m.0.m.1.cv2.conv.weight	model.19.m.0.m.1.cv2.conv.weight	32x32x3x3	32x32x3x3	float32	int8	int8	0	0	32	0	1	0.0027649255557717664	0.01382136344909668	0.9998938828285411	79420109c63780c62b0a0d92f357ae2a594cc076ed4fe036d2b1375f7209a9b6	6ef80139c4a7031d687b696ce8459f318d2a05e91ebdb518993dc2bdf044c61f
V9A33_PROJECT_EXACT_SPLIT_run1	/model.19/m.0/cv3/conv/Conv	Conv	model.19.m.0.cv3.conv.weight	model.19.m.0.cv3.conv.weight	64x64x1x1	64x64x1x1	float32	int8	int8	0	0	64	0	1	0.0010954431320069902	0.007328391075134277	0.9999529756789991	18000326530cf90d7c2dd2b5543fc3a047e6828f1d10b023f6da64cd4695ecec	e59e73f9f17f2d4ff52e270dec090b4aa860425b8d714c41ac9352dc3d7289c5
V9A33_PROJECT_EXACT_SPLIT_run1	/model.19/cv2/conv/Conv	Conv	model.19.cv2.conv.weight	model.19.cv2.conv.weight	128x192x1x1	128x192x1x1	float32	int8	int8	0	0	128	0	1	0.0008949892530796116	0.010485703125596046	0.9998710211334578	c60f0460363d8db99fe9d51018f1affeb4be0540ab82d7e65e27db1286611bab	f02d665f2a695b98184f975bf56300022d7c671f9f63ea56b68d0c1d7d2be47f
V9A33_PROJECT_EXACT_SPLIT_run1	/model.20/conv/Conv	Conv	model.20.conv.weight	model.20.conv.weight	128x128x3x3	128x128x3x3	float32	int8	int8	0	0	128	0	1	0.0005847393924132587	0.0026394184678792953	0.9998951049555634	31c1155782ae5b215b1f6de15a03402c2d19d2bf664cb72e030405866f48b40e	67ab49fcf8d6fdb02b6e35d084687b7cf78457fe3c4757719f3cd893edc543a2
V9A33_PROJECT_EXACT_SPLIT_run1	/model.23/one2one_cv2.1/one2one_cv2.1.0/conv/Conv	Conv	model.23.one2one_cv2.1.0.conv.weight	model.23.one2one_cv2.1.0.conv.weight	16x128x3x3	16x128x3x3	float32	int8	int8	0	0	16	0	1	0.0013988249334193625	0.005168437957763672	0.9995743580523144	d12f73aedd2af75d665fe36a2c565b94118088072f82a4da526f8d0a1d50947c	82312d77faef6d2dbb2c6e2f05b7363be1c2a3a28c170ed61a7478877748de70
V9A33_PROJECT_EXACT_SPLIT_run1	/model.23/one2one_cv3.1/one2one_cv3.1.0/one2one_cv3.1.0.0/conv/Conv	Conv	model.23.one2one_cv3.1.0.0.conv.weight	model.23.one2one_cv3.1.0.0.conv.weight	128x1x3x3	128x1x3x3	float32	int8	int8	0	0	128	0	1	0.0028053022214559555	0.01662970334291458	0.9999849452682966	863379ed00aaaac27fd60fd51f85d6497d578b380db81b29a6424dff4bb5b8e2	b0e9fd3619fe3fe2b570ad4acc15e78537238149d06c828f57303c0c7c25d5b8
V9A33_PROJECT_EXACT_SPLIT_run1	/model.23/one2one_cv2.1/one2one_cv2.1.1/conv/Conv	Conv	model.23.one2one_cv2.1.1.conv.weight	model.23.one2one_cv2.1.1.conv.weight	16x16x3x3	16x16x3x3	float32	int8	int8	0	0	16	0	1	0.0008368186395251041	0.00402631051838398	0.9998268030936048	652d2f79edc378e99ca35af5ba43c52a0d66733029d1d1a0e0fecd78c888fffd	21af1908f52219095bc6e65c71ef2a006cc395c4b4b19fb1c18d8bc935876ddf
V9A33_PROJECT_EXACT_SPLIT_run1	/model.23/one2one_cv3.1/one2one_cv3.1.0/one2one_cv3.1.0.1/conv/Conv	Conv	model.23.one2one_cv3.1.0.1.conv.weight	model.23.one2one_cv3.1.0.1.conv.weight	80x128x1x1	80x128x1x1	float32	int8	int8	0	0	80	0	1	0.0009087489969235918	0.004337571561336517	0.9999478643459792	32c1c0fb88abe93a74e89801ac308edd0837298c005a94b52c0fc5361e93ef5b	5372e1c68652462249dab0da38104daf9fbb546fee5236b834778b6686e85b9f
V9A33_PROJECT_EXACT_SPLIT_run1	/model.22/cv1/conv/Conv	Conv	model.22.cv1.conv.weight	model.22.cv1.conv.weight	256x384x1x1	256x384x1x1	float32	int8	int8	0	0	256	0	1	0.0011835750406698504	0.005546547472476959	0.9999590214989597	e4c8d0d31462fd5fee847ef1c5e7622dba8e266ed9d2f666ebb147f1aa96fb40	5fbd7ee90ea4b55f448581ed4f73dec73a7e671a235882d867744a66d7c5497b
V9A33_PROJECT_EXACT_SPLIT_run1	/model.23/one2one_cv2.1/one2one_cv2.1.2/Conv	Conv	model.23.one2one_cv2.1.2.weight	model.23.one2one_cv2.1.2.weight	4x16x1x1	4x16x1x1	float32	int8	int8	0	0	4	0	1	0.0016215654177358374	0.0034371321089565754	0.9999848585150326	8c7c2c35da42589edf8c29416cf5af08687862d9acb7e0210ad5de5e0e1763a3	d896782e8c41bd112b7153c092e5ea3a0d34d5a3a1f0a721e214e98027c043e6
V9A33_PROJECT_EXACT_SPLIT_run1	/model.23/one2one_cv3.1/one2one_cv3.1.1/one2one_cv3.1.1.0/conv/Conv	Conv	model.23.one2one_cv3.1.1.0.conv.weight	model.23.one2one_cv3.1.1.0.conv.weight	80x1x3x3	80x1x3x3	float32	int8	int8	0	0	80	0	1	0.0030201611967944093	0.055061958730220795	0.9999782335390557	63ddd889670d0d7e17c8b3891ca407886d3e5321b40aa3947476a86e3dd73808	efd52965ad4015b49d3710cf937cda4dd90201944475d1075e34ffa7d9fedce1
V9A33_PROJECT_EXACT_SPLIT_run1	/model.22/m.0/m.0.0/cv1/conv/Conv	Conv	model.22.m.0.0.cv1.conv.weight	model.22.m.0.0.cv1.conv.weight	64x128x3x3	64x128x3x3	float32	int8	int8	0	0	64	0	1	0.001280704516802232	0.0053517818450927734	0.9998758688920124	1774e33bddb5b5268f7eb590e4b4d3fe0f3322ab82a694f668d596ecc87dd80e	840060421c7fa9c0d3cbe5464baa1f5c8b363eb84ff6f11dbaa0701fb8741432
V9A33_PROJECT_EXACT_SPLIT_run1	/model.23/one2one_cv3.1/one2one_cv3.1.1/one2one_cv3.1.1.1/conv/Conv	Conv	model.23.one2one_cv3.1.1.1.conv.weight	model.23.one2one_cv3.1.1.1.conv.weight	80x80x1x1	80x80x1x1	float32	int8	int8	0	0	80	0	1	0.002347194699660804	0.038105010986328125	0.9999575488985837	2d724251be5a0be09e00e55aab0a0bd6fb30c5c0b676c03a82b5fffef585331e	afaaf47ec2d389241c7837d9ce662395496f0b8c7b1473c97a23dab90f998e07
V9A33_PROJECT_EXACT_SPLIT_run1	/model.22/m.0/m.0.0/cv2/conv/Conv	Conv	model.22.m.0.0.cv2.conv.weight	model.22.m.0.0.cv2.conv.weight	128x64x3x3	128x64x3x3	float32	int8	int8	0	0	128	0	1	0.0009519485590599792	0.004379165358841419	0.9998845879301793	900403312b529c29a5c3834d1155424c80dbe169bedf4f6602abb7b03b82912e	2c12f0438b96d12d3047a7e0bb7cb59e729905251246a6bbce4001050c3ce805
V9A33_PROJECT_EXACT_SPLIT_run1	/model.23/one2one_cv3.1/one2one_cv3.1.2/Conv	Conv	model.23.one2one_cv3.1.2.weight	model.23.one2one_cv3.1.2.weight	80x80x1x1	80x80x1x1	float32	int8	int8	0	0	80	0	1	0.0008376729048177367	0.0023207664489746094	0.9999719786814771	fe218bedcdc405fe23434040163558db0ff952a4467ed2f5b8744ed4f2a4bed8	fecf4c82277cc03d219ff0f09b717ae2a0fa4d644cb15af1d2e90274974f5e13
V9A33_PROJECT_EXACT_SPLIT_run1	/model.22/m.0/m.0.1/attn/qkv/conv/Conv	Conv	model.22.m.0.1.attn.qkv.conv.weight	model.22.m.0.1.attn.qkv.conv.weight	256x128x1x1	256x128x1x1	float32	int8	int8	0	0	256	0	1	0.0008295068060558061	0.00559882540255785	0.9999603500104141	11bfe3cda657813e74abc18e2888733b1ac3fec5c749142b85fa3bfef8e2c87c	c596a60ded0c91c4638bd48a19e3a7da1ac5feb184377b23f22dc316a2030c71
V9A33_PROJECT_EXACT_SPLIT_run1	/model.22/m.0/m.0.1/attn/pe/conv/Conv	Conv	model.22.m.0.1.attn.pe.conv.weight	model.22.m.0.1.attn.pe.conv.weight	128x1x3x3	128x1x3x3	float32	int8	int8	0	0	128	0	1	0.00487565426917374	0.03950691223144531	0.9999856146231492	9aa3fd5738f4955ef31b4bf82fce6c7bbe36dce07f77cac927b34fd54178caf1	3d52e580cf26e038d91ae14180c65151e5e4beb1069195e7dfa742b9c0dfc00e
V9A33_PROJECT_EXACT_SPLIT_run1	/model.22/m.0/m.0.1/attn/proj/conv/Conv	Conv	model.22.m.0.1.attn.proj.conv.weight	model.22.m.0.1.attn.proj.conv.weight	128x128x1x1	128x128x1x1	float32	int8	int8	0	0	128	0	1	0.00046920576473961483	0.0017597675323486328	0.9999604306300655	644cdd9be1f3399cac745f8a89f655430d7449e34ff47f559d785427b73958cb	101a89565a58bd2d3899181db42fec3920a1c3f95d33ac784265634eae6a395b
V9A33_PROJECT_EXACT_SPLIT_run1	/model.22/m.0/m.0.1/ffn/ffn.0/conv/Conv	Conv	model.22.m.0.1.ffn.0.conv.weight	model.22.m.0.1.ffn.0.conv.weight	256x128x1x1	256x128x1x1	float32	int8	int8	0	0	256	0	1	0.0008986134759110097	0.004571235738694668	0.9999471425697357	239645e81b2ad646719622f2a8dddab03070a614d6bfa94e791dc81c50418a0a	3f00ddbdeb73034a6b27f776d2508b23600d79d50592dfc3dde6c976ae7fb9e5
V9A33_PROJECT_EXACT_SPLIT_run1	/model.22/m.0/m.0.1/ffn/ffn.1/conv/Conv	Conv	model.22.m.0.1.ffn.1.conv.weight	model.22.m.0.1.ffn.1.conv.weight	128x256x1x1	128x256x1x1	float32	int8	int8	0	0	128	0	1	0.0008795684631657495	0.003930339589715004	0.9999547856729056	32d4d0da9dd3529866e1ad028b0105971e0a84bd6488c993beea320c8f157311	cbefcba4b245fa6ee63c28f3922fa28d0aa72a4637ced9eeb14b5f4670814e54
V9A33_PROJECT_EXACT_SPLIT_run1	/model.22/cv2/conv/Conv	Conv	model.22.cv2.conv.weight	model.22.cv2.conv.weight	256x384x1x1	256x384x1x1	float32	int8	int8	0	0	256	0	1	0.000598877572665945	0.006128442473709583	0.9998751775624408	1f94cac08ca49dec072153a52ce246928903f9e69c65645ea1ac375db616e75b	44b097f1806c9ce28280ae886ae6e95557465d61ab2903adb3ce675a0aefb7de
V9A33_PROJECT_EXACT_SPLIT_run1	/model.23/one2one_cv2.2/one2one_cv2.2.0/conv/Conv	Conv	model.23.one2one_cv2.2.0.conv.weight	model.23.one2one_cv2.2.0.conv.weight	16x256x3x3	16x256x3x3	float32	int8	int8	0	0	16	0	1	0.0005593275695367001	0.002488199155777693	0.9986686536875713	429ea44ad7768d957691d036c3ec4d4f7a89a529961c45a854bd3d07269154c4	1525cbe82ab4483cd4feb3d7d295779ec305153724a69ffa1540d904b231ad0b
V9A33_PROJECT_EXACT_SPLIT_run1	/model.23/one2one_cv3.2/one2one_cv3.2.0/one2one_cv3.2.0.0/conv/Conv	Conv	model.23.one2one_cv3.2.0.0.conv.weight	model.23.one2one_cv3.2.0.0.conv.weight	256x1x3x3	256x1x3x3	float32	int8	int8	0	0	256	0	1	0.0030071179052002764	0.032733917236328125	0.9999868977928693	72bbd1868f8104aa884100f26963dd5b97b408ece59ae5fcca1c01fb7de1598d	3b980098110a25097ecf0ae3bab156a73abc71053a6cfebab754110b9dd9cb01
V9A33_PROJECT_EXACT_SPLIT_run1	/model.23/one2one_cv2.2/one2one_cv2.2.1/conv/Conv	Conv	model.23.one2one_cv2.2.1.conv.weight	model.23.one2one_cv2.2.1.conv.weight	16x16x3x3	16x16x3x3	float32	int8	int8	0	0	16	0	1	0.001171086049299085	0.005659055896103382	0.999852282040797	a960e91c178ddbee4bfb2af5f695e2c42a220fd4acc85c744c8b17068bc3b9e7	46fe90d875dcdc9cb759b650482053af1a8c4dd449e2e5a13f1134fda0d50442
V9A33_PROJECT_EXACT_SPLIT_run1	/model.23/one2one_cv3.2/one2one_cv3.2.0/one2one_cv3.2.0.1/conv/Conv	Conv	model.23.one2one_cv3.2.0.1.conv.weight	model.23.one2one_cv3.2.0.1.conv.weight	80x256x1x1	80x256x1x1	float32	int8	int8	0	0	80	0	1	0.0006747551711459743	0.002604067325592041	0.9999532943397966	4fa5192a1b8b1e1b3de366aa1101ea7a33917cfe5c453a25b5b45b78c289c4af	083d796da7d1b964f09a3f2155536fab1e5bcfef964dc6f34663cddcc9f1a860
V9A33_PROJECT_EXACT_SPLIT_run1	/model.23/one2one_cv2.2/one2one_cv2.2.2/Conv	Conv	model.23.one2one_cv2.2.2.weight	model.23.one2one_cv2.2.2.weight	4x16x1x1	4x16x1x1	float32	int8	int8	0	0	4	0	1	0.0016016836671042256	0.0034313653595745564	0.9999846896713268	a7f78ed2a5d747a534cf669992ca1770531db78ba1ed5f0de137b2f43d19f4e1	b522d67d99bd6d9c78a4a12b39051cfa3faa0c239e754fef7e1b4771d25705e6
V9A33_PROJECT_EXACT_SPLIT_run1	/model.23/one2one_cv3.2/one2one_cv3.2.1/one2one_cv3.2.1.0/conv/Conv	Conv	model.23.one2one_cv3.2.1.0.conv.weight	model.23.one2one_cv3.2.1.0.conv.weight	80x1x3x3	80x1x3x3	float32	int8	int8	0	0	80	0	1	0.0024508001436818936	0.0488128662109375	0.99998517606792	e6e32449fcc2e71feb6f16f19cf1b8ad5125c7af47699536e8ed7a40d157502b	9e4c7f93b3117ac507c9ca8a96b74eaff3086f1e601bd5fb43b68e482346388c
V9A33_PROJECT_EXACT_SPLIT_run1	/model.23/one2one_cv3.2/one2one_cv3.2.1/one2one_cv3.2.1.1/conv/Conv	Conv	model.23.one2one_cv3.2.1.1.conv.weight	model.23.one2one_cv3.2.1.1.conv.weight	80x80x1x1	80x80x1x1	float32	int8	int8	0	0	80	0	1	0.002310862430470113	0.031823158264160156	0.9999657395443484	c397d595ce48f6d48dd536087507c3674ce7724c1aa0076750bdcddd53e94f4f	96abf0a958550f436a1947d97ac09ee150b9ea1ef707cf0c9a252f6d362745b4
V9A33_PROJECT_EXACT_SPLIT_run1	/model.23/one2one_cv3.2/one2one_cv3.2.2/Conv	Conv	model.23.one2one_cv3.2.2.weight	model.23.one2one_cv3.2.2.weight	80x80x1x1	80x80x1x1	float32	int8	int8	0	0	80	0	1	0.001067323512979783	0.0030637383460998535	0.9999553594811335	acd86d86a3a976e2955302b40424523bd2640a174395c1f39a4e9e38a54f03fa	8d188d5bc87f4854a1d852d627e3ed6ed990dfd37bb7016a58ba8170d1f036b9
V9A33_VENDOR_LITERAL_SPLIT_run1	/model.0/conv/Conv	Conv	model.0.conv.weight	model.0.conv.weight	16x3x3x3	16x3x3x3	float32	int8	int8	0	0	16	0	1	0.022556142118345533	0.09255662560462952	0.9999816241869873	e22500dcb8dca0f23875b66c55a3003b18d3d10928cc838ee5bef98dc98b11b2	f7ca1e1bef78aa45707a27241833457d9e6ac75a6dbcb617a1bf580413eec6bc
V9A33_VENDOR_LITERAL_SPLIT_run1	/model.1/conv/Conv	Conv	model.1.conv.weight	model.1.conv.weight	32x16x3x3	32x16x3x3	float32	int8	int8	0	0	32	0	1	0.001627038955328292	0.006612896919250488	0.9999542069942322	a6a15755a22700172bffe614d58b79f61c52dc0cbd682df31f98c91aa5220130	b8b67145ad7105be0d72745ce1df44a9022862011e351fa75796be2322645933
V9A33_VENDOR_LITERAL_SPLIT_run1	/model.2/cv1/conv/Conv	Conv	model.2.cv1.conv.weight	model.2.cv1.conv.weight	32x32x1x1	32x32x1x1	float32	int8	int8	0	0	32	0	1	0.0015062246431485349	0.0056122541427612305	0.9999558290718905	5e382e809489d2ee4194d0c577bb1f6186d38c12db934737d8725c1aebafc220	cd7bee92dd97b8411b04605daf8e38b4043fe6ed7419418cf0d8023ea7d86981
V9A33_VENDOR_LITERAL_SPLIT_run1	/model.2/m.0/cv1/conv/Conv	Conv	model.2.m.0.cv1.conv.weight	model.2.m.0.cv1.conv.weight	8x16x3x3	8x16x3x3	float32	int8	int8	0	0	8	0	1	0.00015327363526079156	0.000581577536650002	0.9998953101243888	491796c756eaf17db25330ff37841bb2f42f2e3d715927ed649c5bd923bf5cc3	60699a187d0b3433515912c0a567e189c4ea91d1f435980fac9bec9ea141df76
V9A33_VENDOR_LITERAL_SPLIT_run1	/model.2/m.0/cv2/conv/Conv	Conv	model.2.m.0.cv2.conv.weight	model.2.m.0.cv2.conv.weight	16x8x3x3	16x8x3x3	float32	int8	int8	0	0	16	0	1	0.030315802061724954	0.11695098876953125	0.9999369017186392	8135d6243d74b4e27567d755a8e2ba2fbc3f5f4f2caa1cea38aa73887aa95829	7b76a1788381c47185fd29de9d0b6d2142a38b23e59d600c2836252cbc5fa228
V9A33_VENDOR_LITERAL_SPLIT_run1	/model.2/cv2/conv/Conv	Conv	model.2.cv2.conv.weight	model.2.cv2.conv.weight	64x48x1x1	64x48x1x1	float32	int8	int8	0	0	64	0	1	0.0012118311099340445	0.005568205378949642	0.999960289467614	1ad86b0890504b9cee6750559e2c2453307df57be8fd5a61f693bd9432da01e7	0e7610fb051f1282f30b6438104dcad7314a1ba1c75049d0e311630ff66084d3
V9A33_VENDOR_LITERAL_SPLIT_run1	/model.3/conv/Conv	Conv	model.3.conv.weight	model.3.conv.weight	64x64x3x3	64x64x3x3	float32	int8	int8	0	0	64	0	1	0.0002365968231671735	0.0010397755540907383	0.9999313579863578	e44672cbbfa251a82dbd542bbe86bad6cddcd8ce8d2a4c9a2e3ccb47b019c44c	fce3b341fc694b856a0ff2ee6d2972b0aded8ab24b18bcdb993a487fd77d4edd
V9A33_VENDOR_LITERAL_SPLIT_run1	/model.4/cv1/conv/Conv	Conv	model.4.cv1.conv.weight	model.4.cv1.conv.weight	64x64x1x1	64x64x1x1	float32	int8	int8	0	0	64	0	1	0.0011833947307460235	0.0062628984451293945	0.9999583570310059	b10ef437446e72501409d3fa97a2264549ed86e3774898d7f75cb16961a44081	5724c907475ef0fa280d38d7d4d84f02e7591194543c540d2f827f0a122c8140
V9A33_VENDOR_LITERAL_SPLIT_run1	/model.4/m.0/cv1/conv/Conv	Conv	model.4.m.0.cv1.conv.weight	model.4.m.0.cv1.conv.weight	16x32x3x3	16x32x3x3	float32	int8	int8	0	0	16	0	1	0.0008597282741978783	0.003327850252389908	0.9999194930808551	87b7743489827a3827af7633d1dbb869ace4f9c560666da3ac331acfbde81dae	e3950aa13ea5b5d178000f98f043d240722c1991092ec4661f98fd9fe5f0c1be
V9A33_VENDOR_LITERAL_SPLIT_run1	/model.4/m.0/cv2/conv/Conv	Conv	model.4.m.0.cv2.conv.weight	model.4.m.0.cv2.conv.weight	32x16x3x3	32x16x3x3	float32	int8	int8	0	0	32	0	1	0.0011366816322938196	0.004071526229381561	0.9999496458126323	2bd4fd356060dc0b39f4a0d29112fb402a04d61305e5b678932905095381cc3d	759f2b401563fdee24d485d76561b92b9afb87b515f0f3aa2d9d9546be23b6ba
V9A33_VENDOR_LITERAL_SPLIT_run1	/model.4/cv2/conv/Conv	Conv	model.4.cv2.conv.weight	model.4.cv2.conv.weight	128x96x1x1	128x96x1x1	float32	int8	int8	0	0	128	0	1	0.001178122197963612	0.0048109544441103935	0.9999650881937222	a2bced9665bce9c4a1c21438d7d48f8d35cef419584d7f7bde5d7dfff49db2b8	ebc344d1df055db206dbbe677c7c4f23d4eab9edf0dc61489d709fb314e1fef1
V9A33_VENDOR_LITERAL_SPLIT_run1	/model.5/conv/Conv	Conv	model.5.conv.weight	model.5.conv.weight	128x128x3x3	128x128x3x3	float32	int8	int8	0	0	128	0	1	0.0006145471119504067	0.007040782831609249	0.9998908645202452	2de86fdc0d300ce40782010a0efe49d89b7f7a2b3226d5bc5a61893ca663fe21	b88a0ebf8efe707f48e8d094217e5ccddab55bacc328e68790c0e9f07196504d
V9A33_VENDOR_LITERAL_SPLIT_run1	/model.6/cv1/conv/Conv	Conv	model.6.cv1.conv.weight	model.6.cv1.conv.weight	128x128x1x1	128x128x1x1	float32	int8	int8	0	0	128	0	1	0.001152205585368729	0.005274653434753418	0.9999563471596137	744b84284d6eedfe337a2b8c0fb5c2a165c96c7bc2d5152ed9bf7de46b897590	5d91674bf265980fb721056e7ff5bde3534e67abc26853304613d39f31dfedaa
V9A33_VENDOR_LITERAL_SPLIT_run1	/model.6/m.0/cv1/conv/Conv	Conv	model.6.m.0.cv1.conv.weight	model.6.m.0.cv1.conv.weight	32x64x1x1	32x64x1x1	float32	int8	int8	0	0	32	0	1	0.000735326130643088	0.0029265880584716797	0.9999726798657821	76295caf45367e86155070f0ce7584c479df3d191a197d3ce70ac05d041a5bd2	d9a4e6915147120dd1c70995cb49f31471a7255f958f3afa260a95ef40ede24d
V9A33_VENDOR_LITERAL_SPLIT_run1	/model.6/m.0/cv2/conv/Conv	Conv	model.6.m.0.cv2.conv.weight	model.6.m.0.cv2.conv.weight	32x64x1x1	32x64x1x1	float32	int8	int8	0	0	32	0	1	0.002114221238651126	0.013632090762257576	0.999957181603377	4a012940c8c98f143204d49cd861bd4bbfc26651b0df88cc2920a0878dfe4e15	d11ceba5d7f49e02f3b2c01c71625ea5e147fb3277988add3fa1bc0c08659672
V9A33_VENDOR_LITERAL_SPLIT_run1	/model.6/m.0/m/m.0/cv1/conv/Conv	Conv	model.6.m.0.m.0.cv1.conv.weight	model.6.m.0.m.0.cv1.conv.weight	32x32x3x3	32x32x3x3	float32	int8	int8	0	0	32	0	1	0.0013396496276578932	0.006324648857116699	0.999935581841366	a24b256697ed4238e33156978694f7b73aebf7bb2cef80d07e95930278a9352f	60edaa71fc4613c28d982af8c87c34f30cd4e5e58bc7bec2b94505ac94512a95
V9A33_VENDOR_LITERAL_SPLIT_run1	/model.6/m.0/m/m.0/cv2/conv/Conv	Conv	model.6.m.0.m.0.cv2.conv.weight	model.6.m.0.m.0.cv2.conv.weight	32x32x3x3	32x32x3x3	float32	int8	int8	0	0	32	0	1	0.0007041723663534012	0.0036422181874513626	0.9999420049086137	6208c8619091b4f2e5b01b00e30f3cd44c904d9d707d7cac73ec7a8e12f58966	69ffc375cd5020cda9eb7370efc1fe24d8dd1fdb4f2e748325089716e11c90e9
V9A33_VENDOR_LITERAL_SPLIT_run1	/model.6/m.0/m/m.1/cv1/conv/Conv	Conv	model.6.m.0.m.1.cv1.conv.weight	model.6.m.0.m.1.cv1.conv.weight	32x32x3x3	32x32x3x3	float32	int8	int8	0	0	32	0	1	0.0008168866844273155	0.0034613609313964844	0.9999398316566953	a884cde40ad5a992394165ff404d39bb39db6016aae88db33a2413a8ecbd194b	7411da07585f6f164f7c822f4a16d3da7bdb1bcd17cb17287cdd3dadbad2207e
V9A33_VENDOR_LITERAL_SPLIT_run1	/model.6/m.0/m/m.1/cv2/conv/Conv	Conv	model.6.m.0.m.1.cv2.conv.weight	model.6.m.0.m.1.cv2.conv.weight	32x32x3x3	32x32x3x3	float32	int8	int8	0	0	32	0	1	0.0011493792549579496	0.005071333609521389	0.9999517046032327	4c8ba73f3447175c968220001db32007a1184159c3ecd1d9639a9ce1976e9c9b	273534559be5555d21b1d21473af95be299a999a1eba427a9e1a21020a4cc57a
V9A33_VENDOR_LITERAL_SPLIT_run1	/model.6/m.0/cv3/conv/Conv	Conv	model.6.m.0.cv3.conv.weight	model.6.m.0.cv3.conv.weight	64x64x1x1	64x64x1x1	float32	int8	int8	0	0	64	0	1	0.0008543062616181984	0.0037229061126708984	0.9999705508638472	b65656a4a2cc369fb4101881173a800e2ae83dca390bb45ef3d2d305696057e2	c26b5af48c3f5e9ebf40dc22af58d806c40a75abe51d89ce0d93cf0073ca0994
V9A33_VENDOR_LITERAL_SPLIT_run1	/model.6/cv2/conv/Conv	Conv	model.6.cv2.conv.weight	model.6.cv2.conv.weight	128x192x1x1	128x192x1x1	float32	int8	int8	0	0	128	0	1	0.0007813892333776532	0.0033746957778930664	0.9999557329109043	3bb7c8396ce3a1eaefa5d479437fedaafd1809761460cd9d00c768267a4d00ce	7739354dc9a286472e39d57add986ae06f570bb7c83f3051c189fdaeddf5944d
V9A33_VENDOR_LITERAL_SPLIT_run1	/model.7/conv/Conv	Conv	model.7.conv.weight	model.7.conv.weight	256x128x3x3	256x128x3x3	float32	int8	int8	0	0	256	0	1	0.0005546679838592353	0.004590466618537903	0.999899626033717	87c9bd59f53419128bbc7b9f1b36f0ebffff5cc2109ad2c027c11a68b73e1877	8ac1b3733cb0d896fecee05d18fbdf93a7537b06fdd7a1473806b628260f609f
V9A33_VENDOR_LITERAL_SPLIT_run1	/model.8/cv1/conv/Conv	Conv	model.8.cv1.conv.weight	model.8.cv1.conv.weight	256x256x1x1	256x256x1x1	float32	int8	int8	0	0	256	0	1	0.0010337266592880473	0.007049861364066601	0.9999543088714726	7ba188e3e0faca9714d8f5bd1b9145dd5b11e0ab2774f9d1ef486feeffea0614	ed7ef07e4d2c2ce4c47469f782e1d81113ef748ebc54e9217acbc11ee51e7ff3
V9A33_VENDOR_LITERAL_SPLIT_run1	/model.8/m.0/cv1/conv/Conv	Conv	model.8.m.0.cv1.conv.weight	model.8.m.0.cv1.conv.weight	64x128x1x1	64x128x1x1	float32	int8	int8	0	0	64	0	1	0.0007516361064148214	0.00330960750579834	0.9999589645771629	b1935dcf695ca1fa13d1b1097ada44e8b56b7716f783b723af35b6b042087065	37ea5404eef2d213e0b7c41d320ebc857d97a7684391023f12244e3718ae03b0
V9A33_VENDOR_LITERAL_SPLIT_run1	/model.8/m.0/cv2/conv/Conv	Conv	model.8.m.0.cv2.conv.weight	model.8.m.0.cv2.conv.weight	64x128x1x1	64x128x1x1	float32	int8	int8	0	0	64	0	1	0.0016226283014864062	0.007958732545375824	0.9999717911169519	642b8b75e8491f04035f9836714ff557f57677335f793d022f3cc3843ea9bf0f	d716839286ab18032dafaae5c2501b472134df251586566df8ea1e69744d1586
V9A33_VENDOR_LITERAL_SPLIT_run1	/model.8/m.0/m/m.0/cv1/conv/Conv	Conv	model.8.m.0.m.0.cv1.conv.weight	model.8.m.0.m.0.cv1.conv.weight	64x64x3x3	64x64x3x3	float32	int8	int8	0	0	64	0	1	0.00133368565267461	0.0074776411056518555	0.9999188219588149	3acca604d841c3b63c9c0d44cf044226ab2278c87c32ca85a275f7b318a322c7	61c4b15ed66d68b241fb76f8d5ba64cfa7c537a19b062a36b39493fd9050694a
V9A33_VENDOR_LITERAL_SPLIT_run1	/model.8/m.0/m/m.0/cv2/conv/Conv	Conv	model.8.m.0.m.0.cv2.conv.weight	model.8.m.0.m.0.cv2.conv.weight	64x64x3x3	64x64x3x3	float32	int8	int8	0	0	64	0	1	0.000663498720621214	0.004790008068084717	0.9999223318939651	002ff0e874b3ef609d4bbc7683e03a078b028d58caa32a3980429730a6f5434e	a66cb7faab43161d1f9da97608ac0ea364f9cd414a150800de753752582610ab
V9A33_VENDOR_LITERAL_SPLIT_run1	/model.8/m.0/m/m.1/cv1/conv/Conv	Conv	model.8.m.0.m.1.cv1.conv.weight	model.8.m.0.m.1.cv1.conv.weight	64x64x3x3	64x64x3x3	float32	int8	int8	0	0	64	0	1	0.0004097522330630389	0.0019377709832042456	0.9999373984725887	d679851699f2fd3b14379ca6b8885007b91197658b6df2dc4de88a4fe7cf77b9	8c8e2d7edb0202d3d389f42ce73822c602e2456026b652c4979d8bba06d28d16
V9A33_VENDOR_LITERAL_SPLIT_run1	/model.8/m.0/m/m.1/cv2/conv/Conv	Conv	model.8.m.0.m.1.cv2.conv.weight	model.8.m.0.m.1.cv2.conv.weight	64x64x3x3	64x64x3x3	float32	int8	int8	0	0	64	0	1	0.0008633033928933047	0.005503296852111816	0.9999074097642271	381fb5c2577f58d0a0df1719980d305b8fb53cf268849a049be65bb6d389fd92	3e0b7e995632ed1e1ecc69791add91db842170199c02718ca5728d28d7a23901
V9A33_VENDOR_LITERAL_SPLIT_run1	/model.8/m.0/cv3/conv/Conv	Conv	model.8.m.0.cv3.conv.weight	model.8.m.0.cv3.conv.weight	128x128x1x1	128x128x1x1	float32	int8	int8	0	0	128	0	1	0.0004939773371428029	0.003238677978515625	0.9999660876028692	66bdf4e29a3d8d4dcd38e8a392cb5711eac3b7972574c477ef3fbd45f7387863	0bb118d2f48fd3ba0c3739a29ef24051c1ab15d24de668d4b416d5785abcc428
V9A33_VENDOR_LITERAL_SPLIT_run1	/model.8/cv2/conv/Conv	Conv	model.8.cv2.conv.weight	model.8.cv2.conv.weight	256x384x1x1	256x384x1x1	float32	int8	int8	0	0	256	0	1	0.0006289402462326818	0.005124330520629883	0.9999544832056109	ed2b6e3346ec4b143a59d9147145c407e23866205451b910dcf6429fcc2b46c7	c8059142a59ad41a7c8e0720b364e033834a1a589738fc3fe9c5b6d2215d8e22
V9A33_VENDOR_LITERAL_SPLIT_run1	/model.9/cv1/conv/Conv	Conv	model.9.cv1.conv.weight	model.9.cv1.conv.weight	128x256x1x1	128x256x1x1	float32	int8	int8	0	0	128	0	1	0.0010879960388630663	0.007387638092041016	0.9999514716406472	0c11468a5ff97f82b453d0e32503b82725c15cee08b4d1ebf6ea39c8d8b2d39b	51cd1a166a3dcc28868405d33c4d7e7ac858d00490eff7f3893fb62bcb6adf38
V9A33_VENDOR_LITERAL_SPLIT_run1	/model.9/cv2/conv/Conv	Conv	model.9.cv2.conv.weight	model.9.cv2.conv.weight	256x512x1x1	256x512x1x1	float32	int8	int8	0	0	256	0	1	0.000414093477228461	0.006281495094299316	0.9999023440861814	852c8c273fc11a4552fef682352580639f4c5ceb9935af859a42e1f2851aabcb	364052e1d4fb62cab9704f3abfec0d4767748167758630ffdda0f58c6c0d1320
V9A33_VENDOR_LITERAL_SPLIT_run1	/model.10/cv1/conv/Conv	Conv	model.10.cv1.conv.weight	model.10.cv1.conv.weight	256x256x1x1	256x256x1x1	float32	int8	int8	0	0	256	0	1	0.0009943855119711404	0.005569950677454472	0.9999575533414168	bf504f342f5dd47b6df147ea079dae5976f15d2f89fa915a5de1c4fb759bd358	f1d3218fd23bbd486f4d7772b61983edd3ddc132a9ad74cd048173c34106e61b
V9A33_VENDOR_LITERAL_SPLIT_run1	/model.10/m/m.0/attn/qkv/conv/Conv	Conv	model.10.m.0.attn.qkv.conv.weight	model.10.m.0.attn.qkv.conv.weight	256x128x1x1	256x128x1x1	float32	int8	int8	0	0	256	0	1	0.0010524746296874422	0.006457190029323101	0.9999660589250491	a8c67903d02421263fd769ba82728cce6ffc5a6a00275c3f703ee78977869750	986d8b81c42bdef8600b882bff65124d5196ccb48a357468e87c3408c64382d0
V9A33_VENDOR_LITERAL_SPLIT_run1	/model.10/m/m.0/attn/pe/conv/Conv	Conv	model.10.m.0.attn.pe.conv.weight	model.10.m.0.attn.pe.conv.weight	128x1x3x3	128x1x3x3	float32	int8	int8	0	0	128	0	1	0.0013004302097054203	0.009750127792358398	0.9999800011134244	de3f3504777a34a43ef968b38e1a7b226598dcc11a99064172a243812a77730a	a66fa56fe437801be5c41c1ef8b2afa546aceb17c0bc9968fdbd262fe3c3af0c
V9A33_VENDOR_LITERAL_SPLIT_run1	/model.10/m/m.0/attn/proj/conv/Conv	Conv	model.10.m.0.attn.proj.conv.weight	model.10.m.0.attn.proj.conv.weight	128x128x1x1	128x128x1x1	float32	int8	int8	0	0	128	0	1	0.0006421998844763008	0.004695502109825611	0.9999689476692937	47da1da5d4b437d00dddf1a11a2dbc322a7e35b7958565a0f03f52ddea89d553	7a7f333cc65195c4be01deb18cb77a3c9201a552c3897e4f3cdb13393cc901a2
V9A33_VENDOR_LITERAL_SPLIT_run1	/model.10/m/m.0/ffn/ffn.0/conv/Conv	Conv	model.10.m.0.ffn.0.conv.weight	model.10.m.0.ffn.0.conv.weight	256x128x1x1	256x128x1x1	float32	int8	int8	0	0	256	0	1	0.00047211819634265795	0.0020034313201904297	0.999971192415005	e36e707c549681f3030c2250a86e160836fc234a345428cb39b60814a8b0a3e8	d95f743b20d91db8feee341c965e2055e14649b82245baeaf26ff8d644dc5c62
V9A33_VENDOR_LITERAL_SPLIT_run1	/model.10/m/m.0/ffn/ffn.1/conv/Conv	Conv	model.10.m.0.ffn.1.conv.weight	model.10.m.0.ffn.1.conv.weight	128x256x1x1	128x256x1x1	float32	int8	int8	0	0	128	0	1	0.0020687679451969407	0.012620072811841965	0.9999703654602995	3c508dbd7b03d8a15442b047c57648c3fc6098aa667d71d35612334c0d57934f	ef8e363e511757c7d9c46bffb63aa1c11901033b09e4f3e57cc1d219edc4d5e6
V9A33_VENDOR_LITERAL_SPLIT_run1	/model.10/cv2/conv/Conv	Conv	model.10.cv2.conv.weight	model.10.cv2.conv.weight	256x256x1x1	256x256x1x1	float32	int8	int8	0	0	256	0	1	0.00041655695473503604	0.002622842788696289	0.9999607023043885	67d8565cfefa74707083ee434b098a4f351396c3af3276b129758311477b36cf	7344d1ce0468dd754d290978579e16eb86ecb5f59ac77c859d37687902deeece
V9A33_VENDOR_LITERAL_SPLIT_run1	/model.13/cv1/conv/Conv	Conv	model.13.cv1.conv.weight	model.13.cv1.conv.weight	128x384x1x1	128x384x1x1	float32	int8	int8	0	0	128	0	1	0.0009263319561273626	0.006906867027282715	0.9999454158659156	0f48e774799ae2c9879a857b07d7651e6ea7afe2f81a4f5468c49298c445f730	b820e3f7add1b26479232f3d4e12271c614a03c7530671f4e16f49d4a2b03bcc
V9A33_VENDOR_LITERAL_SPLIT_run1	/model.13/m.0/cv1/conv/Conv	Conv	model.13.m.0.cv1.conv.weight	model.13.m.0.cv1.conv.weight	32x64x1x1	32x64x1x1	float32	int8	int8	0	0	32	0	1	0.0008345177446464902	0.0024700164794921875	0.9999749778261419	19f8c87cbb81ec691733f7582990fb3dfeb03d38ac081f10e31fc5de9622760c	1998211e3e5da6b0baffa903901e8089b70477c1b87527391cfc6cd68457c33a
V9A33_VENDOR_LITERAL_SPLIT_run1	/model.13/m.0/cv2/conv/Conv	Conv	model.13.m.0.cv2.conv.weight	model.13.m.0.cv2.conv.weight	32x64x1x1	32x64x1x1	float32	int8	int8	0	0	32	0	1	0.0020518095709007866	0.005659261718392372	0.9999806446410667	ea448b2eb2bc8d848e6962fa4bcd8552311f1e29ada329e3beccd7b455754323	a3dedf1bbb671b92c1381472a65650757cc6be7098fddbe5309b75807013f1bf
V9A33_VENDOR_LITERAL_SPLIT_run1	/model.13/m.0/m/m.0/cv1/conv/Conv	Conv	model.13.m.0.m.0.cv1.conv.weight	model.13.m.0.m.0.cv1.conv.weight	32x32x3x3	32x32x3x3	float32	int8	int8	0	0	32	0	1	0.0015091327751457248	0.0051392316818237305	0.9999529776405557	28a369c5b49517d46e5bdbb7d0c38b144ffc731931492928d87f820efd92f1d2	9f5cd3f9e7ad484ada89e2abc639ede8beb70c84fdce4708f8d9068a835c5323
V9A33_VENDOR_LITERAL_SPLIT_run1	/model.13/m.0/m/m.0/cv2/conv/Conv	Conv	model.13.m.0.m.0.cv2.conv.weight	model.13.m.0.m.0.cv2.conv.weight	32x32x3x3	32x32x3x3	float32	int8	int8	0	0	32	0	1	0.0009851476958340458	0.0034964834339916706	0.9999486051258497	e2699236b263e404c9fa7d28d4f7b181a2f85108455562e40f8587aee809e7f4	8baaebe00da30142226dd0aec6c72df0ef71904c1814af37243298a70f7d39a6
V9A33_VENDOR_LITERAL_SPLIT_run1	/model.13/m.0/m/m.1/cv1/conv/Conv	Conv	model.13.m.0.m.1.cv1.conv.weight	model.13.m.0.m.1.cv1.conv.weight	32x32x3x3	32x32x3x3	float32	int8	int8	0	0	32	0	1	0.0004677936266522366	0.0014590620994567871	0.9999606752088961	5125ff4ae6c37e96528f8ff89d1a8dd8ec8a83e42424a8311d5d08c2b563b4b8	e9bccf51b3b48829fb9ab8e75e0fc0e3624886afb978d149efe3333367ef313a
V9A33_VENDOR_LITERAL_SPLIT_run1	/model.13/m.0/m/m.1/cv2/conv/Conv	Conv	model.13.m.0.m.1.cv2.conv.weight	model.13.m.0.m.1.cv2.conv.weight	32x32x3x3	32x32x3x3	float32	int8	int8	0	0	32	0	1	0.0015503409216809495	0.005854438990354538	0.9999534725029698	bc1333225c592836f545a6941cd6c28d063cbb2e4baf2ee6ea2a4de6d4775723	f9de5562be97bc7e5c434a44bf7106b2b007e3ca05063f89e8e4043d36970682
V9A33_VENDOR_LITERAL_SPLIT_run1	/model.13/m.0/cv3/conv/Conv	Conv	model.13.m.0.cv3.conv.weight	model.13.m.0.cv3.conv.weight	64x64x1x1	64x64x1x1	float32	int8	int8	0	0	64	0	1	0.0006140464218513664	0.002050694078207016	0.9999789764726131	c28f4b69234ee547b2e5bff478c4be2f9c3214ed418bb2bc8b27940593bdddfb	b2d6ae072b86b03a1de08174a99af6e0dd198ce0e04e4e63794751b95db7264c
V9A33_VENDOR_LITERAL_SPLIT_run1	/model.13/cv2/conv/Conv	Conv	model.13.cv2.conv.weight	model.13.cv2.conv.weight	128x192x1x1	128x192x1x1	float32	int8	int8	0	0	128	0	1	0.0007336649301404689	0.00398147851228714	0.9999627574434085	86520ada5f9f975a71b6155e94fbe293c7e0e04a2143796eee348d3553d1fd1b	559c72b4ffa42744795f1677cbdaf85dd53594d115769dde22388b4da785143e
V9A33_VENDOR_LITERAL_SPLIT_run1	/model.16/cv1/conv/Conv	Conv	model.16.cv1.conv.weight	model.16.cv1.conv.weight	64x256x1x1	64x256x1x1	float32	int8	int8	0	0	64	0	1	0.0008871381623543669	0.002755463123321533	0.9999463677520416	d73a8c11545bca926b1844f75001242c44bbcca935c2fa16504a92a8f987db13	2ea138f62fde4ee41af09f2facd40a6a40a5f6fe7d2fd3179a7d2b41053b00b3
V9A33_VENDOR_LITERAL_SPLIT_run1	/model.16/m.0/cv1/conv/Conv	Conv	model.16.m.0.cv1.conv.weight	model.16.m.0.cv1.conv.weight	16x32x1x1	16x32x1x1	float32	int8	int8	0	0	16	0	1	0.000623227074951771	0.0022674589417874813	0.9999820374311621	90c2ec2f5a49e825a399c1ea22134623d8e3c4538d20614d0b8c6e98c2227e8a	7c284b49ccae5237ea549d9904166120ed052e53a12f0e5a44b4ee7795955631
V9A33_VENDOR_LITERAL_SPLIT_run1	/model.16/m.0/cv2/conv/Conv	Conv	model.16.m.0.cv2.conv.weight	model.16.m.0.cv2.conv.weight	16x32x1x1	16x32x1x1	float32	int8	int8	0	0	16	0	1	0.002826812632065412	0.009142160415649414	0.9999796090368959	ac819aa7c3a3f043d17f692a2ac6c232df2aa403a11ab757a71082911a4516a8	42717ebdc5b3dde592fe0ee3b3adfc46edd0edf8dd20334c038c3217d2ea1e70
V9A33_VENDOR_LITERAL_SPLIT_run1	/model.16/m.0/m/m.0/cv1/conv/Conv	Conv	model.16.m.0.m.0.cv1.conv.weight	model.16.m.0.m.0.cv1.conv.weight	16x16x3x3	16x16x3x3	float32	int8	int8	0	0	16	0	1	0.004752788992751296	0.013353602960705757	0.9999604294342598	9922ddde00b9732854dd50abec2c67ca51275b0b81da3290d0f0fc1498cec0f5	5c6c3a6146f75c12bd3a18f3d47fb501d6f7a9d94e951cfc1ddea94f6f2302c9
V9A33_VENDOR_LITERAL_SPLIT_run1	/model.16/m.0/m/m.0/cv2/conv/Conv	Conv	model.16.m.0.m.0.cv2.conv.weight	model.16.m.0.m.0.cv2.conv.weight	16x16x3x3	16x16x3x3	float32	int8	int8	0	0	16	0	1	0.0012216504717975517	0.003698349930346012	0.9999434337091478	30e3c7f11586a1683e5efe6092c1b5ab5f91acbe67d24c58e79bb0c9b009f2c0	0cb84060020e3c1a2d601c2d3c9bcb58d3f69b0157984d3095edb59e26fbdb84
V9A33_VENDOR_LITERAL_SPLIT_run1	/model.16/m.0/m/m.1/cv1/conv/Conv	Conv	model.16.m.0.m.1.cv1.conv.weight	model.16.m.0.m.1.cv1.conv.weight	16x16x3x3	16x16x3x3	float32	int8	int8	0	0	16	0	1	0.000976858423274823	0.0030510248616337776	0.9999418570443944	064638469195e4ecf1ee749544373f8f49d044cc31ddd2bdacc63da7decd9491	13b81295c21c7cb203a4d5ef60d8f057a58eac7d7e704d320a962abd6c930bfa
V9A33_VENDOR_LITERAL_SPLIT_run1	/model.16/m.0/m/m.1/cv2/conv/Conv	Conv	model.16.m.0.m.1.cv2.conv.weight	model.16.m.0.m.1.cv2.conv.weight	16x16x3x3	16x16x3x3	float32	int8	int8	0	0	16	0	1	0.003998669275713635	0.01161646842956543	0.9999378619336532	1387b8a0e511b9eedf89432527db7df405d3db243133a97578cfa388b1840701	0cf9d852e7243231b491ff7702990b1db1df9bdb585df9fa57c51612e0ddd39f
V9A33_VENDOR_LITERAL_SPLIT_run1	/model.16/m.0/cv3/conv/Conv	Conv	model.16.m.0.cv3.conv.weight	model.16.m.0.cv3.conv.weight	32x32x1x1	32x32x1x1	float32	int8	int8	0	0	32	0	1	0.0011898195560817726	0.004118800163269043	0.9999701331215973	89705903ec896161ebede39a891478f501cf83947e7e43450ba1e93853b955a6	e81b5a0d8f1cddf21f54cceee19f11a9bc0e03a7787f2e9f14e68652c1aee2ff
V9A33_VENDOR_LITERAL_SPLIT_run1	/model.16/cv2/conv/Conv	Conv	model.16.cv2.conv.weight	model.16.cv2.conv.weight	64x96x1x1	64x96x1x1	float32	int8	int8	0	0	64	0	1	0.0010534456603608078	0.01360321044921875	0.9999179898956293	0b08e81d5497c7820019751d2c689a1379b6957ebb3afbc48d1a1e03999d446e	c318f72495b4cf221b04eb1bc82c0b24a8a4a67ddb0cc8774ddabfc2ad553c31
V9A33_VENDOR_LITERAL_SPLIT_run1	/model.17/conv/Conv	Conv	model.17.conv.weight	model.17.conv.weight	64x64x3x3	64x64x3x3	float32	int8	int8	0	0	64	0	1	0.0007669504667069232	0.0028989315032958984	0.9999153920390924	26ccbdd1ddc07a57ebca0f33fecedec7eb9456eeeb6cec9830fec12bfbef3001	9ccdf9fbcdeb863b436882c4a3200718b4770374115a9a28308d2cce5559393d
V9A33_VENDOR_LITERAL_SPLIT_run1	/model.23/one2one_cv2.0/one2one_cv2.0.0/conv/Conv	Conv	model.23.one2one_cv2.0.0.conv.weight	model.23.one2one_cv2.0.0.conv.weight	16x64x3x3	16x64x3x3	float32	int8	int8	0	0	16	0	1	0.002717191048205435	0.011184535920619965	0.9998649633004953	ba9f73a00c947f8376895ca59f733bccd001670cf645490c0516863ac8659d60	706087972b1205f2f6ece57c96f39c7c56416d5f20fdd89c5c2feaccdb4d45d9
V9A33_VENDOR_LITERAL_SPLIT_run1	/model.23/one2one_cv3.0/one2one_cv3.0.0/one2one_cv3.0.0.0/conv/Conv	Conv	model.23.one2one_cv3.0.0.0.conv.weight	model.23.one2one_cv3.0.0.0.conv.weight	64x1x3x3	64x1x3x3	float32	int8	int8	0	0	64	0	1	0.0032619755897940195	0.010919380933046341	0.9999843878409809	4fe0dd2a6ea5f28860bcc674a25bb37ac7a7f09ffc8f282d14cb102c816f4e01	67daa27d9164fdbdee58e1de19f5e4e64d1e42ab246e33f45689933e5a09104b
V9A33_VENDOR_LITERAL_SPLIT_run1	/model.23/one2one_cv2.0/one2one_cv2.0.1/conv/Conv	Conv	model.23.one2one_cv2.0.1.conv.weight	model.23.one2one_cv2.0.1.conv.weight	16x16x3x3	16x16x3x3	float32	int8	int8	0	0	16	0	1	0.0006670456869302615	0.0035496950149536133	0.9998020497322002	a2ed366ffd6fcc0a8ff340feaa5aedbed12ed78fd5b5f540c1e8b87e53fe5fd1	d6d7b689c4affad4031ef96b08f69144e8da42697d359daa3485163cd98e7484
V9A33_VENDOR_LITERAL_SPLIT_run1	/model.23/one2one_cv3.0/one2one_cv3.0.0/one2one_cv3.0.0.1/conv/Conv	Conv	model.23.one2one_cv3.0.0.1.conv.weight	model.23.one2one_cv3.0.0.1.conv.weight	80x64x1x1	80x64x1x1	float32	int8	int8	0	0	80	0	1	0.0006691290859249577	0.003799617290496826	0.9999711352462619	198b9f2769bb9acea3d1e6471ef65ec3117eb720d49a94e9dfe32654d16123e0	bd819ff24efba6058a17ba7fa37603cd2628d97e5c6d075a78c6a9ea527be27c
V9A33_VENDOR_LITERAL_SPLIT_run1	/model.19/cv1/conv/Conv	Conv	model.19.cv1.conv.weight	model.19.cv1.conv.weight	128x192x1x1	128x192x1x1	float32	int8	int8	0	0	128	0	1	0.0015158378104388286	0.005264878273010254	0.999952826169329	98c19a8d213995fa3da218d9c18766bf01a104d36831425fbcf95061dcf30e3e	00d49646354c452b19c9c5c90cd6c0b882f8adbfb8f9138b524feaa968499dd6
V9A33_VENDOR_LITERAL_SPLIT_run1	/model.23/one2one_cv2.0/one2one_cv2.0.2/Conv	Conv	model.23.one2one_cv2.0.2.weight	model.23.one2one_cv2.0.2.weight	4x16x1x1	4x16x1x1	float32	int8	int8	0	0	4	0	1	0.0021298267965903506	0.00446157343685627	0.9999801555369596	b66da2cf5a310ce89a5cdf1da7f371e28beca200b265ba1a9e74ea82e9d05b26	0ae28eab2304e2f7be98d1c9e46bb4107690fc91b72eb580649efc97fcdfa79e
V9A33_VENDOR_LITERAL_SPLIT_run1	/model.23/one2one_cv3.0/one2one_cv3.0.1/one2one_cv3.0.1.0/conv/Conv	Conv	model.23.one2one_cv3.0.1.0.conv.weight	model.23.one2one_cv3.0.1.0.conv.weight	80x1x3x3	80x1x3x3	float32	int8	int8	0	0	80	0	1	0.004686488158687199	0.05014228820800781	0.9999826813125725	dd4d22ae3450af3cfd3a35422189458c9f6e47863a737d5521fde998c4715f04	a33a04aed0fc957ffe92dd6a01d6c3c8075502bad7cd25198b478293c6baf6f7
V9A33_VENDOR_LITERAL_SPLIT_run1	/model.19/m.0/cv1/conv/Conv	Conv	model.19.m.0.cv1.conv.weight	model.19.m.0.cv1.conv.weight	32x64x1x1	32x64x1x1	float32	int8	int8	0	0	32	0	1	0.0004129511526604901	0.002016782760620117	0.9999745890424514	a3fa129b643bbc7eb40adcb7b585c6dd6f0012bd7efbcda2a88823ec2fe99350	0e22d26293ca37d87a9bf35630836a2838cf8c4ff66d0137483decb76f387775
V9A33_VENDOR_LITERAL_SPLIT_run1	/model.19/m.0/cv2/conv/Conv	Conv	model.19.m.0.cv2.conv.weight	model.19.m.0.cv2.conv.weight	32x64x1x1	32x64x1x1	float32	int8	int8	0	0	32	0	1	0.0016575997124164132	0.005542278289794922	0.999968657433368	6b50a2bdb1eca7e77b8122eef6568cf15e285cf7b2290c2b2535c7a145b55b10	32e1365579cc77a70b87251ec9e546a95a39eb4d6fbeb8efe68a2389e2f9f7cc
V9A33_VENDOR_LITERAL_SPLIT_run1	/model.23/one2one_cv3.0/one2one_cv3.0.1/one2one_cv3.0.1.1/conv/Conv	Conv	model.23.one2one_cv3.0.1.1.conv.weight	model.23.one2one_cv3.0.1.1.conv.weight	80x80x1x1	80x80x1x1	float32	int8	int8	0	0	80	0	1	0.001952158057274289	0.03802299499511719	0.9999633033814912	53d250b5f57533ddf80f5991a2ab156faf2cde885ba8e35644534b162722310a	0119805b1b99dcd58eb00cfc61dbe3599793a7f27006fe90538ff409b36f450d
V9A33_VENDOR_LITERAL_SPLIT_run1	/model.19/m.0/m/m.0/cv1/conv/Conv	Conv	model.19.m.0.m.0.cv1.conv.weight	model.19.m.0.m.0.cv1.conv.weight	32x32x3x3	32x32x3x3	float32	int8	int8	0	0	32	0	1	0.0031253317658569363	0.011811615899205208	0.9999269314792629	6eb965aca7718c8c4bec16d51efd7e77926a07c2f3ae304000a8dccee64574a5	891c33797862348324c12bef324ee296d64670b68cb1d111982d1fa717bc61af
V9A33_VENDOR_LITERAL_SPLIT_run1	/model.23/one2one_cv3.0/one2one_cv3.0.2/Conv	Conv	model.23.one2one_cv3.0.2.weight	model.23.one2one_cv3.0.2.weight	80x80x1x1	80x80x1x1	float32	int8	int8	0	0	80	0	1	0.0006599724375701044	0.0018468541093170643	0.9999829567824797	d907ba90f232b1fb7e6381f3ee3a9dd65c241dc768b7b7e707c51382c5e0f62d	f418853dd2b054f2757cc86a1d97e387d92028d67bad9f7b6739c75210784320
V9A33_VENDOR_LITERAL_SPLIT_run1	/model.19/m.0/m/m.0/cv2/conv/Conv	Conv	model.19.m.0.m.0.cv2.conv.weight	model.19.m.0.m.0.cv2.conv.weight	32x32x3x3	32x32x3x3	float32	int8	int8	0	0	32	0	1	0.0013798114170915613	0.0044325729832053185	0.999908628871077	53107d74115b3eca6d03f79488dec1dbbd332dbae01e67dab86e69ff4b1a7126	fe1168e089451639c8d8eb7bff03719d632b964c14ab0b7bc64f7f65130f7864
V9A33_VENDOR_LITERAL_SPLIT_run1	/model.19/m.0/m/m.1/cv1/conv/Conv	Conv	model.19.m.0.m.1.cv1.conv.weight	model.19.m.0.m.1.cv1.conv.weight	32x32x3x3	32x32x3x3	float32	int8	int8	0	0	32	0	1	0.0011369854558934812	0.003673489671200514	0.9999156906795493	4538ad238a53664ed34e78e74f12f76b36ad7dcaed97c5c819c841b130ad6210	a888b2a1329ff79283d2791692ce122853bafae669ef6ebbd4b9d586eef6a3bb
V9A33_VENDOR_LITERAL_SPLIT_run1	/model.19/m.0/m/m.1/cv2/conv/Conv	Conv	model.19.m.0.m.1.cv2.conv.weight	model.19.m.0.m.1.cv2.conv.weight	32x32x3x3	32x32x3x3	float32	int8	int8	0	0	32	0	1	0.0027649255557717664	0.01382136344909668	0.9998938828285411	79420109c63780c62b0a0d92f357ae2a594cc076ed4fe036d2b1375f7209a9b6	6ef80139c4a7031d687b696ce8459f318d2a05e91ebdb518993dc2bdf044c61f
V9A33_VENDOR_LITERAL_SPLIT_run1	/model.19/m.0/cv3/conv/Conv	Conv	model.19.m.0.cv3.conv.weight	model.19.m.0.cv3.conv.weight	64x64x1x1	64x64x1x1	float32	int8	int8	0	0	64	0	1	0.0010954431320069902	0.007328391075134277	0.9999529756789991	18000326530cf90d7c2dd2b5543fc3a047e6828f1d10b023f6da64cd4695ecec	e59e73f9f17f2d4ff52e270dec090b4aa860425b8d714c41ac9352dc3d7289c5
V9A33_VENDOR_LITERAL_SPLIT_run1	/model.19/cv2/conv/Conv	Conv	model.19.cv2.conv.weight	model.19.cv2.conv.weight	128x192x1x1	128x192x1x1	float32	int8	int8	0	0	128	0	1	0.0008949892530796116	0.010485703125596046	0.9998710211334578	c60f0460363d8db99fe9d51018f1affeb4be0540ab82d7e65e27db1286611bab	f02d665f2a695b98184f975bf56300022d7c671f9f63ea56b68d0c1d7d2be47f
V9A33_VENDOR_LITERAL_SPLIT_run1	/model.20/conv/Conv	Conv	model.20.conv.weight	model.20.conv.weight	128x128x3x3	128x128x3x3	float32	int8	int8	0	0	128	0	1	0.0005847393924132587	0.0026394184678792953	0.9998951049555634	31c1155782ae5b215b1f6de15a03402c2d19d2bf664cb72e030405866f48b40e	67ab49fcf8d6fdb02b6e35d084687b7cf78457fe3c4757719f3cd893edc543a2
V9A33_VENDOR_LITERAL_SPLIT_run1	/model.23/one2one_cv2.1/one2one_cv2.1.0/conv/Conv	Conv	model.23.one2one_cv2.1.0.conv.weight	model.23.one2one_cv2.1.0.conv.weight	16x128x3x3	16x128x3x3	float32	int8	int8	0	0	16	0	1	0.0013988249334193625	0.005168437957763672	0.9995743580523144	d12f73aedd2af75d665fe36a2c565b94118088072f82a4da526f8d0a1d50947c	82312d77faef6d2dbb2c6e2f05b7363be1c2a3a28c170ed61a7478877748de70
V9A33_VENDOR_LITERAL_SPLIT_run1	/model.23/one2one_cv3.1/one2one_cv3.1.0/one2one_cv3.1.0.0/conv/Conv	Conv	model.23.one2one_cv3.1.0.0.conv.weight	model.23.one2one_cv3.1.0.0.conv.weight	128x1x3x3	128x1x3x3	float32	int8	int8	0	0	128	0	1	0.0028053022214559555	0.01662970334291458	0.9999849452682966	863379ed00aaaac27fd60fd51f85d6497d578b380db81b29a6424dff4bb5b8e2	b0e9fd3619fe3fe2b570ad4acc15e78537238149d06c828f57303c0c7c25d5b8
V9A33_VENDOR_LITERAL_SPLIT_run1	/model.23/one2one_cv2.1/one2one_cv2.1.1/conv/Conv	Conv	model.23.one2one_cv2.1.1.conv.weight	model.23.one2one_cv2.1.1.conv.weight	16x16x3x3	16x16x3x3	float32	int8	int8	0	0	16	0	1	0.0008368186395251041	0.00402631051838398	0.9998268030936048	652d2f79edc378e99ca35af5ba43c52a0d66733029d1d1a0e0fecd78c888fffd	21af1908f52219095bc6e65c71ef2a006cc395c4b4b19fb1c18d8bc935876ddf
V9A33_VENDOR_LITERAL_SPLIT_run1	/model.23/one2one_cv3.1/one2one_cv3.1.0/one2one_cv3.1.0.1/conv/Conv	Conv	model.23.one2one_cv3.1.0.1.conv.weight	model.23.one2one_cv3.1.0.1.conv.weight	80x128x1x1	80x128x1x1	float32	int8	int8	0	0	80	0	1	0.0009087489969235918	0.004337571561336517	0.9999478643459792	32c1c0fb88abe93a74e89801ac308edd0837298c005a94b52c0fc5361e93ef5b	5372e1c68652462249dab0da38104daf9fbb546fee5236b834778b6686e85b9f
V9A33_VENDOR_LITERAL_SPLIT_run1	/model.22/cv1/conv/Conv	Conv	model.22.cv1.conv.weight	model.22.cv1.conv.weight	256x384x1x1	256x384x1x1	float32	int8	int8	0	0	256	0	1	0.0011835750406698504	0.005546547472476959	0.9999590214989597	e4c8d0d31462fd5fee847ef1c5e7622dba8e266ed9d2f666ebb147f1aa96fb40	5fbd7ee90ea4b55f448581ed4f73dec73a7e671a235882d867744a66d7c5497b
V9A33_VENDOR_LITERAL_SPLIT_run1	/model.23/one2one_cv2.1/one2one_cv2.1.2/Conv	Conv	model.23.one2one_cv2.1.2.weight	model.23.one2one_cv2.1.2.weight	4x16x1x1	4x16x1x1	float32	int8	int8	0	0	4	0	1	0.0016215654177358374	0.0034371321089565754	0.9999848585150326	8c7c2c35da42589edf8c29416cf5af08687862d9acb7e0210ad5de5e0e1763a3	d896782e8c41bd112b7153c092e5ea3a0d34d5a3a1f0a721e214e98027c043e6
V9A33_VENDOR_LITERAL_SPLIT_run1	/model.23/one2one_cv3.1/one2one_cv3.1.1/one2one_cv3.1.1.0/conv/Conv	Conv	model.23.one2one_cv3.1.1.0.conv.weight	model.23.one2one_cv3.1.1.0.conv.weight	80x1x3x3	80x1x3x3	float32	int8	int8	0	0	80	0	1	0.0030201611967944093	0.055061958730220795	0.9999782335390557	63ddd889670d0d7e17c8b3891ca407886d3e5321b40aa3947476a86e3dd73808	efd52965ad4015b49d3710cf937cda4dd90201944475d1075e34ffa7d9fedce1
V9A33_VENDOR_LITERAL_SPLIT_run1	/model.22/m.0/m.0.0/cv1/conv/Conv	Conv	model.22.m.0.0.cv1.conv.weight	model.22.m.0.0.cv1.conv.weight	64x128x3x3	64x128x3x3	float32	int8	int8	0	0	64	0	1	0.001280704516802232	0.0053517818450927734	0.9998758688920124	1774e33bddb5b5268f7eb590e4b4d3fe0f3322ab82a694f668d596ecc87dd80e	840060421c7fa9c0d3cbe5464baa1f5c8b363eb84ff6f11dbaa0701fb8741432
V9A33_VENDOR_LITERAL_SPLIT_run1	/model.23/one2one_cv3.1/one2one_cv3.1.1/one2one_cv3.1.1.1/conv/Conv	Conv	model.23.one2one_cv3.1.1.1.conv.weight	model.23.one2one_cv3.1.1.1.conv.weight	80x80x1x1	80x80x1x1	float32	int8	int8	0	0	80	0	1	0.002347194699660804	0.038105010986328125	0.9999575488985837	2d724251be5a0be09e00e55aab0a0bd6fb30c5c0b676c03a82b5fffef585331e	afaaf47ec2d389241c7837d9ce662395496f0b8c7b1473c97a23dab90f998e07
V9A33_VENDOR_LITERAL_SPLIT_run1	/model.22/m.0/m.0.0/cv2/conv/Conv	Conv	model.22.m.0.0.cv2.conv.weight	model.22.m.0.0.cv2.conv.weight	128x64x3x3	128x64x3x3	float32	int8	int8	0	0	128	0	1	0.0009519485590599792	0.004379165358841419	0.9998845879301793	900403312b529c29a5c3834d1155424c80dbe169bedf4f6602abb7b03b82912e	2c12f0438b96d12d3047a7e0bb7cb59e729905251246a6bbce4001050c3ce805
V9A33_VENDOR_LITERAL_SPLIT_run1	/model.23/one2one_cv3.1/one2one_cv3.1.2/Conv	Conv	model.23.one2one_cv3.1.2.weight	model.23.one2one_cv3.1.2.weight	80x80x1x1	80x80x1x1	float32	int8	int8	0	0	80	0	1	0.0008376729048177367	0.0023207664489746094	0.9999719786814771	fe218bedcdc405fe23434040163558db0ff952a4467ed2f5b8744ed4f2a4bed8	fecf4c82277cc03d219ff0f09b717ae2a0fa4d644cb15af1d2e90274974f5e13
V9A33_VENDOR_LITERAL_SPLIT_run1	/model.22/m.0/m.0.1/attn/qkv/conv/Conv	Conv	model.22.m.0.1.attn.qkv.conv.weight	model.22.m.0.1.attn.qkv.conv.weight	256x128x1x1	256x128x1x1	float32	int8	int8	0	0	256	0	1	0.0008295068060558061	0.00559882540255785	0.9999603500104141	11bfe3cda657813e74abc18e2888733b1ac3fec5c749142b85fa3bfef8e2c87c	c596a60ded0c91c4638bd48a19e3a7da1ac5feb184377b23f22dc316a2030c71
V9A33_VENDOR_LITERAL_SPLIT_run1	/model.22/m.0/m.0.1/attn/pe/conv/Conv	Conv	model.22.m.0.1.attn.pe.conv.weight	model.22.m.0.1.attn.pe.conv.weight	128x1x3x3	128x1x3x3	float32	int8	int8	0	0	128	0	1	0.00487565426917374	0.03950691223144531	0.9999856146231492	9aa3fd5738f4955ef31b4bf82fce6c7bbe36dce07f77cac927b34fd54178caf1	3d52e580cf26e038d91ae14180c65151e5e4beb1069195e7dfa742b9c0dfc00e
V9A33_VENDOR_LITERAL_SPLIT_run1	/model.22/m.0/m.0.1/attn/proj/conv/Conv	Conv	model.22.m.0.1.attn.proj.conv.weight	model.22.m.0.1.attn.proj.conv.weight	128x128x1x1	128x128x1x1	float32	int8	int8	0	0	128	0	1	0.00046920576473961483	0.0017597675323486328	0.9999604306300655	644cdd9be1f3399cac745f8a89f655430d7449e34ff47f559d785427b73958cb	101a89565a58bd2d3899181db42fec3920a1c3f95d33ac784265634eae6a395b
V9A33_VENDOR_LITERAL_SPLIT_run1	/model.22/m.0/m.0.1/ffn/ffn.0/conv/Conv	Conv	model.22.m.0.1.ffn.0.conv.weight	model.22.m.0.1.ffn.0.conv.weight	256x128x1x1	256x128x1x1	float32	int8	int8	0	0	256	0	1	0.0008986134759110097	0.004571235738694668	0.9999471425697357	239645e81b2ad646719622f2a8dddab03070a614d6bfa94e791dc81c50418a0a	3f00ddbdeb73034a6b27f776d2508b23600d79d50592dfc3dde6c976ae7fb9e5
V9A33_VENDOR_LITERAL_SPLIT_run1	/model.22/m.0/m.0.1/ffn/ffn.1/conv/Conv	Conv	model.22.m.0.1.ffn.1.conv.weight	model.22.m.0.1.ffn.1.conv.weight	128x256x1x1	128x256x1x1	float32	int8	int8	0	0	128	0	1	0.0008795684631657495	0.003930339589715004	0.9999547856729056	32d4d0da9dd3529866e1ad028b0105971e0a84bd6488c993beea320c8f157311	cbefcba4b245fa6ee63c28f3922fa28d0aa72a4637ced9eeb14b5f4670814e54
V9A33_VENDOR_LITERAL_SPLIT_run1	/model.22/cv2/conv/Conv	Conv	model.22.cv2.conv.weight	model.22.cv2.conv.weight	256x384x1x1	256x384x1x1	float32	int8	int8	0	0	256	0	1	0.000598877572665945	0.006128442473709583	0.9998751775624408	1f94cac08ca49dec072153a52ce246928903f9e69c65645ea1ac375db616e75b	44b097f1806c9ce28280ae886ae6e95557465d61ab2903adb3ce675a0aefb7de
V9A33_VENDOR_LITERAL_SPLIT_run1	/model.23/one2one_cv2.2/one2one_cv2.2.0/conv/Conv	Conv	model.23.one2one_cv2.2.0.conv.weight	model.23.one2one_cv2.2.0.conv.weight	16x256x3x3	16x256x3x3	float32	int8	int8	0	0	16	0	1	0.0005593275695367001	0.002488199155777693	0.9986686536875713	429ea44ad7768d957691d036c3ec4d4f7a89a529961c45a854bd3d07269154c4	1525cbe82ab4483cd4feb3d7d295779ec305153724a69ffa1540d904b231ad0b
V9A33_VENDOR_LITERAL_SPLIT_run1	/model.23/one2one_cv3.2/one2one_cv3.2.0/one2one_cv3.2.0.0/conv/Conv	Conv	model.23.one2one_cv3.2.0.0.conv.weight	model.23.one2one_cv3.2.0.0.conv.weight	256x1x3x3	256x1x3x3	float32	int8	int8	0	0	256	0	1	0.0030071179052002764	0.032733917236328125	0.9999868977928693	72bbd1868f8104aa884100f26963dd5b97b408ece59ae5fcca1c01fb7de1598d	3b980098110a25097ecf0ae3bab156a73abc71053a6cfebab754110b9dd9cb01
V9A33_VENDOR_LITERAL_SPLIT_run1	/model.23/one2one_cv2.2/one2one_cv2.2.1/conv/Conv	Conv	model.23.one2one_cv2.2.1.conv.weight	model.23.one2one_cv2.2.1.conv.weight	16x16x3x3	16x16x3x3	float32	int8	int8	0	0	16	0	1	0.001171086049299085	0.005659055896103382	0.999852282040797	a960e91c178ddbee4bfb2af5f695e2c42a220fd4acc85c744c8b17068bc3b9e7	46fe90d875dcdc9cb759b650482053af1a8c4dd449e2e5a13f1134fda0d50442
V9A33_VENDOR_LITERAL_SPLIT_run1	/model.23/one2one_cv3.2/one2one_cv3.2.0/one2one_cv3.2.0.1/conv/Conv	Conv	model.23.one2one_cv3.2.0.1.conv.weight	model.23.one2one_cv3.2.0.1.conv.weight	80x256x1x1	80x256x1x1	float32	int8	int8	0	0	80	0	1	0.0006747551711459743	0.002604067325592041	0.9999532943397966	4fa5192a1b8b1e1b3de366aa1101ea7a33917cfe5c453a25b5b45b78c289c4af	083d796da7d1b964f09a3f2155536fab1e5bcfef964dc6f34663cddcc9f1a860
V9A33_VENDOR_LITERAL_SPLIT_run1	/model.23/one2one_cv2.2/one2one_cv2.2.2/Conv	Conv	model.23.one2one_cv2.2.2.weight	model.23.one2one_cv2.2.2.weight	4x16x1x1	4x16x1x1	float32	int8	int8	0	0	4	0	1	0.0016016836671042256	0.0034313653595745564	0.9999846896713268	a7f78ed2a5d747a534cf669992ca1770531db78ba1ed5f0de137b2f43d19f4e1	b522d67d99bd6d9c78a4a12b39051cfa3faa0c239e754fef7e1b4771d25705e6
V9A33_VENDOR_LITERAL_SPLIT_run1	/model.23/one2one_cv3.2/one2one_cv3.2.1/one2one_cv3.2.1.0/conv/Conv	Conv	model.23.one2one_cv3.2.1.0.conv.weight	model.23.one2one_cv3.2.1.0.conv.weight	80x1x3x3	80x1x3x3	float32	int8	int8	0	0	80	0	1	0.0024508001436818936	0.0488128662109375	0.99998517606792	e6e32449fcc2e71feb6f16f19cf1b8ad5125c7af47699536e8ed7a40d157502b	9e4c7f93b3117ac507c9ca8a96b74eaff3086f1e601bd5fb43b68e482346388c
V9A33_VENDOR_LITERAL_SPLIT_run1	/model.23/one2one_cv3.2/one2one_cv3.2.1/one2one_cv3.2.1.1/conv/Conv	Conv	model.23.one2one_cv3.2.1.1.conv.weight	model.23.one2one_cv3.2.1.1.conv.weight	80x80x1x1	80x80x1x1	float32	int8	int8	0	0	80	0	1	0.002310862430470113	0.031823158264160156	0.9999657395443484	c397d595ce48f6d48dd536087507c3674ce7724c1aa0076750bdcddd53e94f4f	96abf0a958550f436a1947d97ac09ee150b9ea1ef707cf0c9a252f6d362745b4
V9A33_VENDOR_LITERAL_SPLIT_run1	/model.23/one2one_cv3.2/one2one_cv3.2.2/Conv	Conv	model.23.one2one_cv3.2.2.weight	model.23.one2one_cv3.2.2.weight	80x80x1x1	80x80x1x1	float32	int8	int8	0	0	80	0	1	0.001067323512979783	0.0030637383460998535	0.9999553594811335	acd86d86a3a976e2955302b40424523bd2640a174395c1f39a4e9e38a54f03fa	8d188d5bc87f4854a1d852d627e3ed6ed990dfd37bb7016a58ba8170d1f036b9
