candidate	model	index	node_name	op_type	classification	zero_point_name	zero_point_dtype	zero_point_shape	zero_point_min	zero_point_max	zero_point_unique_count	zero_point_values
R211_PROJECT_EXACT_SPLIT_run1	r211_project_exact_split	0	PPQ_Operation_698	QuantizeLinear	activation	PPQ_Variable_611	int8	scalar	-128	-128	1	-128
R211_PROJECT_EXACT_SPLIT_run1	r211_project_exact_split	1	PPQ_Operation_700	DequantizeLinear	weight	PPQ_Variable_617	int8	16	0	0	1	0
R211_PROJECT_EXACT_SPLIT_run1	r211_project_exact_split	2	PPQ_Operation_707	DequantizeLinear	weight	PPQ_Variable_638	int8	32	0	0	1	0
R211_PROJECT_EXACT_SPLIT_run1	r211_project_exact_split	3	PPQ_Operation_714	DequantizeLinear	weight	PPQ_Variable_659	int8	32	0	0	1	0
R211_PROJECT_EXACT_SPLIT_run1	r211_project_exact_split	4	PPQ_Operation_725	DequantizeLinear	weight	PPQ_Variable_692	int8	8	0	0	1	0
R211_PROJECT_EXACT_SPLIT_run1	r211_project_exact_split	5	PPQ_Operation_732	DequantizeLinear	weight	PPQ_Variable_713	int8	16	0	0	1	0
R211_PROJECT_EXACT_SPLIT_run1	r211_project_exact_split	6	PPQ_Operation_743	DequantizeLinear	weight	PPQ_Variable_746	int8	64	0	0	1	0
R211_PROJECT_EXACT_SPLIT_run1	r211_project_exact_split	7	PPQ_Operation_750	DequantizeLinear	weight	PPQ_Variable_767	int8	64	0	0	1	0
R211_PROJECT_EXACT_SPLIT_run1	r211_project_exact_split	8	PPQ_Operation_757	DequantizeLinear	weight	PPQ_Variable_788	int8	64	0	0	1	0
R211_PROJECT_EXACT_SPLIT_run1	r211_project_exact_split	9	PPQ_Operation_768	DequantizeLinear	weight	PPQ_Variable_821	int8	16	0	0	1	0
R211_PROJECT_EXACT_SPLIT_run1	r211_project_exact_split	10	PPQ_Operation_775	DequantizeLinear	weight	PPQ_Variable_842	int8	32	0	0	1	0
R211_PROJECT_EXACT_SPLIT_run1	r211_project_exact_split	11	PPQ_Operation_786	DequantizeLinear	weight	PPQ_Variable_875	int8	128	0	0	1	0
R211_PROJECT_EXACT_SPLIT_run1	r211_project_exact_split	12	PPQ_Operation_793	DequantizeLinear	weight	PPQ_Variable_896	int8	128	0	0	1	0
R211_PROJECT_EXACT_SPLIT_run1	r211_project_exact_split	13	PPQ_Operation_800	DequantizeLinear	weight	PPQ_Variable_917	int8	128	0	0	1	0
R211_PROJECT_EXACT_SPLIT_run1	r211_project_exact_split	14	PPQ_Operation_811	DequantizeLinear	weight	PPQ_Variable_950	int8	32	0	0	1	0
R211_PROJECT_EXACT_SPLIT_run1	r211_project_exact_split	15	PPQ_Operation_814	DequantizeLinear	weight	PPQ_Variable_959	int8	32	0	0	1	0
R211_PROJECT_EXACT_SPLIT_run1	r211_project_exact_split	16	PPQ_Operation_825	DequantizeLinear	weight	PPQ_Variable_992	int8	32	0	0	1	0
R211_PROJECT_EXACT_SPLIT_run1	r211_project_exact_split	17	PPQ_Operation_832	DequantizeLinear	weight	PPQ_Variable_1013	int8	32	0	0	1	0
R211_PROJECT_EXACT_SPLIT_run1	r211_project_exact_split	18	PPQ_Operation_841	DequantizeLinear	weight	PPQ_Variable_1040	int8	32	0	0	1	0
R211_PROJECT_EXACT_SPLIT_run1	r211_project_exact_split	19	PPQ_Operation_848	DequantizeLinear	weight	PPQ_Variable_1061	int8	32	0	0	1	0
R211_PROJECT_EXACT_SPLIT_run1	r211_project_exact_split	20	PPQ_Operation_859	DequantizeLinear	weight	PPQ_Variable_1094	int8	64	0	0	1	0
R211_PROJECT_EXACT_SPLIT_run1	r211_project_exact_split	21	PPQ_Operation_868	DequantizeLinear	weight	PPQ_Variable_1121	int8	128	0	0	1	0
R211_PROJECT_EXACT_SPLIT_run1	r211_project_exact_split	22	PPQ_Operation_875	DequantizeLinear	weight	PPQ_Variable_1142	int8	256	0	0	1	0
R211_PROJECT_EXACT_SPLIT_run1	r211_project_exact_split	23	PPQ_Operation_882	DequantizeLinear	weight	PPQ_Variable_1163	int8	256	0	0	1	0
R211_PROJECT_EXACT_SPLIT_run1	r211_project_exact_split	24	PPQ_Operation_893	DequantizeLinear	weight	PPQ_Variable_1196	int8	64	0	0	1	0
R211_PROJECT_EXACT_SPLIT_run1	r211_project_exact_split	25	PPQ_Operation_896	DequantizeLinear	weight	PPQ_Variable_1205	int8	64	0	0	1	0
R211_PROJECT_EXACT_SPLIT_run1	r211_project_exact_split	26	PPQ_Operation_907	DequantizeLinear	weight	PPQ_Variable_1238	int8	64	0	0	1	0
R211_PROJECT_EXACT_SPLIT_run1	r211_project_exact_split	27	PPQ_Operation_914	DequantizeLinear	weight	PPQ_Variable_1259	int8	64	0	0	1	0
R211_PROJECT_EXACT_SPLIT_run1	r211_project_exact_split	28	PPQ_Operation_923	DequantizeLinear	weight	PPQ_Variable_1286	int8	64	0	0	1	0
R211_PROJECT_EXACT_SPLIT_run1	r211_project_exact_split	29	PPQ_Operation_930	DequantizeLinear	weight	PPQ_Variable_1307	int8	64	0	0	1	0
R211_PROJECT_EXACT_SPLIT_run1	r211_project_exact_split	30	PPQ_Operation_941	DequantizeLinear	weight	PPQ_Variable_1340	int8	128	0	0	1	0
R211_PROJECT_EXACT_SPLIT_run1	r211_project_exact_split	31	PPQ_Operation_950	DequantizeLinear	weight	PPQ_Variable_1367	int8	256	0	0	1	0
R211_PROJECT_EXACT_SPLIT_run1	r211_project_exact_split	32	PPQ_Operation_957	DequantizeLinear	weight	PPQ_Variable_1388	int8	128	0	0	1	0
R211_PROJECT_EXACT_SPLIT_run1	r211_project_exact_split	33	PPQ_Operation_966	DequantizeLinear	weight	PPQ_Variable_1415	int8	256	0	0	1	0
R211_PROJECT_EXACT_SPLIT_run1	r211_project_exact_split	34	PPQ_Operation_975	DequantizeLinear	weight	PPQ_Variable_1442	int8	256	0	0	1	0
R211_PROJECT_EXACT_SPLIT_run1	r211_project_exact_split	35	PPQ_Operation_986	DequantizeLinear	weight	PPQ_Variable_1475	int8	256	0	0	1	0
R211_PROJECT_EXACT_SPLIT_run1	r211_project_exact_split	36	PPQ_Operation_999	DequantizeLinear	weight	PPQ_Variable_1514	int8	128	0	0	1	0
R211_PROJECT_EXACT_SPLIT_run1	r211_project_exact_split	37	PPQ_Operation_1002	DequantizeLinear	activation	PPQ_Variable_1523	int8	scalar	-128	-128	1	-128
R211_PROJECT_EXACT_SPLIT_run1	r211_project_exact_split	38	PPQ_Operation_1011	DequantizeLinear	weight	PPQ_Variable_1550	int8	128	0	0	1	0
R211_PROJECT_EXACT_SPLIT_run1	r211_project_exact_split	39	PPQ_Operation_1016	DequantizeLinear	weight	PPQ_Variable_1565	int8	256	0	0	1	0
R211_PROJECT_EXACT_SPLIT_run1	r211_project_exact_split	40	PPQ_Operation_1023	DequantizeLinear	weight	PPQ_Variable_1586	int8	128	0	0	1	0
R211_PROJECT_EXACT_SPLIT_run1	r211_project_exact_split	41	PPQ_Operation_1030	DequantizeLinear	weight	PPQ_Variable_1607	int8	256	0	0	1	0
R211_PROJECT_EXACT_SPLIT_run1	r211_project_exact_split	42	PPQ_Operation_1041	DequantizeLinear	weight	PPQ_Variable_1640	int8	128	0	0	1	0
R211_PROJECT_EXACT_SPLIT_run1	r211_project_exact_split	43	PPQ_Operation_1052	DequantizeLinear	weight	PPQ_Variable_1673	int8	32	0	0	1	0
R211_PROJECT_EXACT_SPLIT_run1	r211_project_exact_split	44	PPQ_Operation_1055	DequantizeLinear	weight	PPQ_Variable_1682	int8	32	0	0	1	0
R211_PROJECT_EXACT_SPLIT_run1	r211_project_exact_split	45	PPQ_Operation_1066	DequantizeLinear	weight	PPQ_Variable_1715	int8	32	0	0	1	0
R211_PROJECT_EXACT_SPLIT_run1	r211_project_exact_split	46	PPQ_Operation_1073	DequantizeLinear	weight	PPQ_Variable_1736	int8	32	0	0	1	0
R211_PROJECT_EXACT_SPLIT_run1	r211_project_exact_split	47	PPQ_Operation_1082	DequantizeLinear	weight	PPQ_Variable_1763	int8	32	0	0	1	0
R211_PROJECT_EXACT_SPLIT_run1	r211_project_exact_split	48	PPQ_Operation_1089	DequantizeLinear	weight	PPQ_Variable_1784	int8	32	0	0	1	0
R211_PROJECT_EXACT_SPLIT_run1	r211_project_exact_split	49	PPQ_Operation_1100	DequantizeLinear	weight	PPQ_Variable_1817	int8	64	0	0	1	0
R211_PROJECT_EXACT_SPLIT_run1	r211_project_exact_split	50	PPQ_Operation_1109	DequantizeLinear	weight	PPQ_Variable_1844	int8	128	0	0	1	0
R211_PROJECT_EXACT_SPLIT_run1	r211_project_exact_split	51	PPQ_Operation_1120	DequantizeLinear	weight	PPQ_Variable_1877	int8	64	0	0	1	0
R211_PROJECT_EXACT_SPLIT_run1	r211_project_exact_split	52	PPQ_Operation_1131	DequantizeLinear	weight	PPQ_Variable_1910	int8	16	0	0	1	0
R211_PROJECT_EXACT_SPLIT_run1	r211_project_exact_split	53	PPQ_Operation_1134	DequantizeLinear	weight	PPQ_Variable_1919	int8	16	0	0	1	0
R211_PROJECT_EXACT_SPLIT_run1	r211_project_exact_split	54	PPQ_Operation_1145	DequantizeLinear	weight	PPQ_Variable_1952	int8	16	0	0	1	0
R211_PROJECT_EXACT_SPLIT_run1	r211_project_exact_split	55	PPQ_Operation_1152	DequantizeLinear	weight	PPQ_Variable_1973	int8	16	0	0	1	0
R211_PROJECT_EXACT_SPLIT_run1	r211_project_exact_split	56	PPQ_Operation_1161	DequantizeLinear	weight	PPQ_Variable_2000	int8	16	0	0	1	0
R211_PROJECT_EXACT_SPLIT_run1	r211_project_exact_split	57	PPQ_Operation_1168	DequantizeLinear	weight	PPQ_Variable_2021	int8	16	0	0	1	0
R211_PROJECT_EXACT_SPLIT_run1	r211_project_exact_split	58	PPQ_Operation_1179	DequantizeLinear	weight	PPQ_Variable_2054	int8	32	0	0	1	0
R211_PROJECT_EXACT_SPLIT_run1	r211_project_exact_split	59	PPQ_Operation_1188	DequantizeLinear	weight	PPQ_Variable_2081	int8	64	0	0	1	0
R211_PROJECT_EXACT_SPLIT_run1	r211_project_exact_split	60	PPQ_Operation_1195	DequantizeLinear	weight	PPQ_Variable_2102	int8	64	0	0	1	0
R211_PROJECT_EXACT_SPLIT_run1	r211_project_exact_split	61	PPQ_Operation_1198	DequantizeLinear	weight	PPQ_Variable_2111	int8	16	0	0	1	0
R211_PROJECT_EXACT_SPLIT_run1	r211_project_exact_split	62	PPQ_Operation_1201	DequantizeLinear	weight	PPQ_Variable_2120	int8	64	0	0	1	0
R211_PROJECT_EXACT_SPLIT_run1	r211_project_exact_split	63	PPQ_Operation_1218	DequantizeLinear	weight	PPQ_Variable_2171	int8	16	0	0	1	0
R211_PROJECT_EXACT_SPLIT_run1	r211_project_exact_split	64	PPQ_Operation_1221	DequantizeLinear	weight	PPQ_Variable_2180	int8	80	0	0	1	0
R211_PROJECT_EXACT_SPLIT_run1	r211_project_exact_split	65	PPQ_Operation_1224	DequantizeLinear	weight	PPQ_Variable_2189	int8	128	0	0	1	0
R211_PROJECT_EXACT_SPLIT_run1	r211_project_exact_split	66	PPQ_Operation_1239	DequantizeLinear	weight	PPQ_Variable_2234	int8	4	0	0	1	0
R211_PROJECT_EXACT_SPLIT_run1	r211_project_exact_split	67	PPQ_Operation_1242	DequantizeLinear	weight	PPQ_Variable_2243	int8	80	0	0	1	0
R211_PROJECT_EXACT_SPLIT_run1	r211_project_exact_split	68	PPQ_Operation_1251	DequantizeLinear	weight	PPQ_Variable_2270	int8	32	0	0	1	0
R211_PROJECT_EXACT_SPLIT_run1	r211_project_exact_split	69	PPQ_Operation_1254	DequantizeLinear	weight	PPQ_Variable_2279	int8	32	0	0	1	0
R211_PROJECT_EXACT_SPLIT_run1	r211_project_exact_split	70	PPQ_Operation_1263	DequantizeLinear	weight	PPQ_Variable_2306	int8	80	0	0	1	0
R211_PROJECT_EXACT_SPLIT_run1	r211_project_exact_split	71	PPQ_Operation_1272	DequantizeLinear	weight	PPQ_Variable_2333	int8	32	0	0	1	0
R211_PROJECT_EXACT_SPLIT_run1	r211_project_exact_split	72	PPQ_Operation_1279	DequantizeLinear	weight	PPQ_Variable_2354	int8	80	0	0	1	0
R211_PROJECT_EXACT_SPLIT_run1	r211_project_exact_split	73	PPQ_Operation_1284	DequantizeLinear	weight	PPQ_Variable_2369	int8	32	0	0	1	0
R211_PROJECT_EXACT_SPLIT_run1	r211_project_exact_split	74	PPQ_Operation_1293	DequantizeLinear	weight	PPQ_Variable_2396	int8	32	0	0	1	0
R211_PROJECT_EXACT_SPLIT_run1	r211_project_exact_split	75	PPQ_Operation_1300	DequantizeLinear	weight	PPQ_Variable_2417	int8	32	0	0	1	0
R211_PROJECT_EXACT_SPLIT_run1	r211_project_exact_split	76	PPQ_Operation_1311	DequantizeLinear	weight	PPQ_Variable_2450	int8	64	0	0	1	0
R211_PROJECT_EXACT_SPLIT_run1	r211_project_exact_split	77	PPQ_Operation_1320	DequantizeLinear	weight	PPQ_Variable_2477	int8	128	0	0	1	0
R211_PROJECT_EXACT_SPLIT_run1	r211_project_exact_split	78	PPQ_Operation_1327	DequantizeLinear	weight	PPQ_Variable_2498	int8	128	0	0	1	0
R211_PROJECT_EXACT_SPLIT_run1	r211_project_exact_split	79	PPQ_Operation_1330	DequantizeLinear	weight	PPQ_Variable_2507	int8	16	0	0	1	0
R211_PROJECT_EXACT_SPLIT_run1	r211_project_exact_split	80	PPQ_Operation_1333	DequantizeLinear	weight	PPQ_Variable_2516	int8	128	0	0	1	0
R211_PROJECT_EXACT_SPLIT_run1	r211_project_exact_split	81	PPQ_Operation_1350	DequantizeLinear	weight	PPQ_Variable_2567	int8	16	0	0	1	0
R211_PROJECT_EXACT_SPLIT_run1	r211_project_exact_split	82	PPQ_Operation_1353	DequantizeLinear	weight	PPQ_Variable_2576	int8	80	0	0	1	0
R211_PROJECT_EXACT_SPLIT_run1	r211_project_exact_split	83	PPQ_Operation_1356	DequantizeLinear	weight	PPQ_Variable_2585	int8	256	0	0	1	0
R211_PROJECT_EXACT_SPLIT_run1	r211_project_exact_split	84	PPQ_Operation_1371	DequantizeLinear	weight	PPQ_Variable_2630	int8	4	0	0	1	0
R211_PROJECT_EXACT_SPLIT_run1	r211_project_exact_split	85	PPQ_Operation_1374	DequantizeLinear	weight	PPQ_Variable_2639	int8	80	0	0	1	0
R211_PROJECT_EXACT_SPLIT_run1	r211_project_exact_split	86	PPQ_Operation_1383	DequantizeLinear	weight	PPQ_Variable_2666	int8	64	0	0	1	0
R211_PROJECT_EXACT_SPLIT_run1	r211_project_exact_split	87	PPQ_Operation_1390	DequantizeLinear	weight	PPQ_Variable_2687	int8	80	0	0	1	0
R211_PROJECT_EXACT_SPLIT_run1	r211_project_exact_split	88	PPQ_Operation_1397	DequantizeLinear	weight	PPQ_Variable_2708	int8	128	0	0	1	0
R211_PROJECT_EXACT_SPLIT_run1	r211_project_exact_split	89	PPQ_Operation_1404	DequantizeLinear	weight	PPQ_Variable_2729	int8	80	0	0	1	0
R211_PROJECT_EXACT_SPLIT_run1	r211_project_exact_split	90	PPQ_Operation_1411	DequantizeLinear	weight	PPQ_Variable_2750	int8	256	0	0	1	0
R211_PROJECT_EXACT_SPLIT_run1	r211_project_exact_split	91	PPQ_Operation_1424	DequantizeLinear	weight	PPQ_Variable_2789	int8	128	0	0	1	0
R211_PROJECT_EXACT_SPLIT_run1	r211_project_exact_split	92	PPQ_Operation_1427	DequantizeLinear	activation	PPQ_Variable_2798	int8	scalar	-128	-128	1	-128
R211_PROJECT_EXACT_SPLIT_run1	r211_project_exact_split	93	PPQ_Operation_1436	DequantizeLinear	weight	PPQ_Variable_2825	int8	128	0	0	1	0
R211_PROJECT_EXACT_SPLIT_run1	r211_project_exact_split	94	PPQ_Operation_1441	DequantizeLinear	weight	PPQ_Variable_2840	int8	256	0	0	1	0
R211_PROJECT_EXACT_SPLIT_run1	r211_project_exact_split	95	PPQ_Operation_1448	DequantizeLinear	weight	PPQ_Variable_2861	int8	128	0	0	1	0
R211_PROJECT_EXACT_SPLIT_run1	r211_project_exact_split	96	PPQ_Operation_1455	DequantizeLinear	weight	PPQ_Variable_2882	int8	256	0	0	1	0
R211_PROJECT_EXACT_SPLIT_run1	r211_project_exact_split	97	PPQ_Operation_1462	DequantizeLinear	weight	PPQ_Variable_2903	int8	16	0	0	1	0
R211_PROJECT_EXACT_SPLIT_run1	r211_project_exact_split	98	PPQ_Operation_1465	DequantizeLinear	weight	PPQ_Variable_2912	int8	256	0	0	1	0
R211_PROJECT_EXACT_SPLIT_run1	r211_project_exact_split	99	PPQ_Operation_1476	DequantizeLinear	weight	PPQ_Variable_2945	int8	16	0	0	1	0
R211_PROJECT_EXACT_SPLIT_run1	r211_project_exact_split	100	PPQ_Operation_1479	DequantizeLinear	weight	PPQ_Variable_2954	int8	80	0	0	1	0
R211_PROJECT_EXACT_SPLIT_run1	r211_project_exact_split	101	PPQ_Operation_1490	DequantizeLinear	weight	PPQ_Variable_2987	int8	4	0	0	1	0
R211_PROJECT_EXACT_SPLIT_run1	r211_project_exact_split	102	PPQ_Operation_1493	DequantizeLinear	weight	PPQ_Variable_2996	int8	80	0	0	1	0
R211_PROJECT_EXACT_SPLIT_run1	r211_project_exact_split	103	PPQ_Operation_1500	DequantizeLinear	weight	PPQ_Variable_3017	int8	80	0	0	1	0
R211_PROJECT_EXACT_SPLIT_run1	r211_project_exact_split	104	PPQ_Operation_1507	DequantizeLinear	weight	PPQ_Variable_3038	int8	80	0	0	1	0
R211_PROJECT_EXACT_SPLIT_run1	r211_project_exact_split	105	PPQ_Operation_699	DequantizeLinear	activation	PPQ_Variable_614	int8	scalar	-128	-128	1	-128
R211_PROJECT_EXACT_SPLIT_run1	r211_project_exact_split	107	PPQ_Operation_701	QuantizeLinear	activation	PPQ_Variable_620	int8	scalar	-101	-101	1	-101
R211_PROJECT_EXACT_SPLIT_run1	r211_project_exact_split	108	PPQ_Operation_702	DequantizeLinear	activation	PPQ_Variable_623	int8	scalar	-101	-101	1	-101
R211_PROJECT_EXACT_SPLIT_run1	r211_project_exact_split	110	PPQ_Operation_703	QuantizeLinear	activation	PPQ_Variable_626	int8	scalar	-128	-128	1	-128
R211_PROJECT_EXACT_SPLIT_run1	r211_project_exact_split	111	PPQ_Operation_704	DequantizeLinear	activation	PPQ_Variable_629	int8	scalar	-128	-128	1	-128
R211_PROJECT_EXACT_SPLIT_run1	r211_project_exact_split	113	PPQ_Operation_705	QuantizeLinear	activation	PPQ_Variable_632	int8	scalar	-127	-127	1	-127
R211_PROJECT_EXACT_SPLIT_run1	r211_project_exact_split	114	PPQ_Operation_706	DequantizeLinear	activation	PPQ_Variable_635	int8	scalar	-127	-127	1	-127
R211_PROJECT_EXACT_SPLIT_run1	r211_project_exact_split	116	PPQ_Operation_708	QuantizeLinear	activation	PPQ_Variable_641	int8	scalar	-115	-115	1	-115
R211_PROJECT_EXACT_SPLIT_run1	r211_project_exact_split	117	PPQ_Operation_709	DequantizeLinear	activation	PPQ_Variable_644	int8	scalar	-115	-115	1	-115
R211_PROJECT_EXACT_SPLIT_run1	r211_project_exact_split	119	PPQ_Operation_710	QuantizeLinear	activation	PPQ_Variable_647	int8	scalar	-128	-128	1	-128
R211_PROJECT_EXACT_SPLIT_run1	r211_project_exact_split	120	PPQ_Operation_711	DequantizeLinear	activation	PPQ_Variable_650	int8	scalar	-128	-128	1	-128
R211_PROJECT_EXACT_SPLIT_run1	r211_project_exact_split	122	PPQ_Operation_712	QuantizeLinear	activation	PPQ_Variable_653	int8	scalar	-127	-127	1	-127
R211_PROJECT_EXACT_SPLIT_run1	r211_project_exact_split	123	PPQ_Operation_713	DequantizeLinear	activation	PPQ_Variable_656	int8	scalar	-127	-127	1	-127
R211_PROJECT_EXACT_SPLIT_run1	r211_project_exact_split	125	PPQ_Operation_715	QuantizeLinear	activation	PPQ_Variable_662	int8	scalar	-107	-107	1	-107
R211_PROJECT_EXACT_SPLIT_run1	r211_project_exact_split	126	PPQ_Operation_716	DequantizeLinear	activation	PPQ_Variable_665	int8	scalar	-107	-107	1	-107
R211_PROJECT_EXACT_SPLIT_run1	r211_project_exact_split	128	PPQ_Operation_717	QuantizeLinear	activation	PPQ_Variable_668	int8	scalar	-128	-128	1	-128
R211_PROJECT_EXACT_SPLIT_run1	r211_project_exact_split	129	PPQ_Operation_718	DequantizeLinear	activation	PPQ_Variable_671	int8	scalar	-128	-128	1	-128
R211_PROJECT_EXACT_SPLIT_run1	r211_project_exact_split	131	PPQ_Operation_719	QuantizeLinear	activation	PPQ_Variable_674	int8	scalar	-127	-127	1	-127
R211_PROJECT_EXACT_SPLIT_run1	r211_project_exact_split	132	PPQ_Operation_720	DequantizeLinear	activation	PPQ_Variable_677	int8	scalar	-127	-127	1	-127
R211_PROJECT_EXACT_SPLIT_run1	r211_project_exact_split	134	PPQ_Operation_721	QuantizeLinear	activation	PPQ_Variable_680	int8	scalar	-127	-127	1	-127
R211_PROJECT_EXACT_SPLIT_run1	r211_project_exact_split	135	PPQ_Operation_723	QuantizeLinear	activation	PPQ_Variable_686	int8	scalar	-127	-127	1	-127
R211_PROJECT_EXACT_SPLIT_run1	r211_project_exact_split	136	PPQ_Operation_722	DequantizeLinear	activation	PPQ_Variable_683	int8	scalar	-127	-127	1	-127
R211_PROJECT_EXACT_SPLIT_run1	r211_project_exact_split	137	PPQ_Operation_724	DequantizeLinear	activation	PPQ_Variable_689	int8	scalar	-127	-127	1	-127
R211_PROJECT_EXACT_SPLIT_run1	r211_project_exact_split	139	PPQ_Operation_726	QuantizeLinear	activation	PPQ_Variable_695	int8	scalar	62	62	1	62
R211_PROJECT_EXACT_SPLIT_run1	r211_project_exact_split	140	PPQ_Operation_727	DequantizeLinear	activation	PPQ_Variable_698	int8	scalar	62	62	1	62
R211_PROJECT_EXACT_SPLIT_run1	r211_project_exact_split	142	PPQ_Operation_728	QuantizeLinear	activation	PPQ_Variable_701	int8	scalar	-128	-128	1	-128
R211_PROJECT_EXACT_SPLIT_run1	r211_project_exact_split	143	PPQ_Operation_729	DequantizeLinear	activation	PPQ_Variable_704	int8	scalar	-128	-128	1	-128
R211_PROJECT_EXACT_SPLIT_run1	r211_project_exact_split	145	PPQ_Operation_730	QuantizeLinear	activation	PPQ_Variable_707	int8	scalar	-94	-94	1	-94
R211_PROJECT_EXACT_SPLIT_run1	r211_project_exact_split	146	PPQ_Operation_731	DequantizeLinear	activation	PPQ_Variable_710	int8	scalar	-94	-94	1	-94
R211_PROJECT_EXACT_SPLIT_run1	r211_project_exact_split	148	PPQ_Operation_733	QuantizeLinear	activation	PPQ_Variable_716	int8	scalar	-98	-98	1	-98
R211_PROJECT_EXACT_SPLIT_run1	r211_project_exact_split	149	PPQ_Operation_734	DequantizeLinear	activation	PPQ_Variable_719	int8	scalar	-98	-98	1	-98
R211_PROJECT_EXACT_SPLIT_run1	r211_project_exact_split	151	PPQ_Operation_735	QuantizeLinear	activation	PPQ_Variable_722	int8	scalar	-128	-128	1	-128
R211_PROJECT_EXACT_SPLIT_run1	r211_project_exact_split	152	PPQ_Operation_736	DequantizeLinear	activation	PPQ_Variable_725	int8	scalar	-128	-128	1	-128
R211_PROJECT_EXACT_SPLIT_run1	r211_project_exact_split	154	PPQ_Operation_737	QuantizeLinear	activation	PPQ_Variable_728	int8	scalar	-125	-125	1	-125
R211_PROJECT_EXACT_SPLIT_run1	r211_project_exact_split	155	PPQ_Operation_738	DequantizeLinear	activation	PPQ_Variable_731	int8	scalar	-125	-125	1	-125
R211_PROJECT_EXACT_SPLIT_run1	r211_project_exact_split	157	PPQ_Operation_739	QuantizeLinear	activation	PPQ_Variable_734	int8	scalar	-125	-125	1	-125
R211_PROJECT_EXACT_SPLIT_run1	r211_project_exact_split	158	PPQ_Operation_740	DequantizeLinear	activation	PPQ_Variable_737	int8	scalar	-125	-125	1	-125
R211_PROJECT_EXACT_SPLIT_run1	r211_project_exact_split	160	PPQ_Operation_741	QuantizeLinear	activation	PPQ_Variable_740	int8	scalar	-125	-125	1	-125
R211_PROJECT_EXACT_SPLIT_run1	r211_project_exact_split	161	PPQ_Operation_742	DequantizeLinear	activation	PPQ_Variable_743	int8	scalar	-125	-125	1	-125
R211_PROJECT_EXACT_SPLIT_run1	r211_project_exact_split	163	PPQ_Operation_744	QuantizeLinear	activation	PPQ_Variable_749	int8	scalar	-93	-93	1	-93
R211_PROJECT_EXACT_SPLIT_run1	r211_project_exact_split	164	PPQ_Operation_745	DequantizeLinear	activation	PPQ_Variable_752	int8	scalar	-93	-93	1	-93
R211_PROJECT_EXACT_SPLIT_run1	r211_project_exact_split	166	PPQ_Operation_746	QuantizeLinear	activation	PPQ_Variable_755	int8	scalar	-128	-128	1	-128
R211_PROJECT_EXACT_SPLIT_run1	r211_project_exact_split	167	PPQ_Operation_747	DequantizeLinear	activation	PPQ_Variable_758	int8	scalar	-128	-128	1	-128
R211_PROJECT_EXACT_SPLIT_run1	r211_project_exact_split	169	PPQ_Operation_748	QuantizeLinear	activation	PPQ_Variable_761	int8	scalar	-124	-124	1	-124
R211_PROJECT_EXACT_SPLIT_run1	r211_project_exact_split	170	PPQ_Operation_749	DequantizeLinear	activation	PPQ_Variable_764	int8	scalar	-124	-124	1	-124
R211_PROJECT_EXACT_SPLIT_run1	r211_project_exact_split	172	PPQ_Operation_751	QuantizeLinear	activation	PPQ_Variable_770	int8	scalar	15	15	1	15
R211_PROJECT_EXACT_SPLIT_run1	r211_project_exact_split	173	PPQ_Operation_752	DequantizeLinear	activation	PPQ_Variable_773	int8	scalar	15	15	1	15
R211_PROJECT_EXACT_SPLIT_run1	r211_project_exact_split	175	PPQ_Operation_753	QuantizeLinear	activation	PPQ_Variable_776	int8	scalar	-128	-128	1	-128
R211_PROJECT_EXACT_SPLIT_run1	r211_project_exact_split	176	PPQ_Operation_754	DequantizeLinear	activation	PPQ_Variable_779	int8	scalar	-128	-128	1	-128
R211_PROJECT_EXACT_SPLIT_run1	r211_project_exact_split	178	PPQ_Operation_755	QuantizeLinear	activation	PPQ_Variable_782	int8	scalar	-119	-119	1	-119
R211_PROJECT_EXACT_SPLIT_run1	r211_project_exact_split	179	PPQ_Operation_756	DequantizeLinear	activation	PPQ_Variable_785	int8	scalar	-119	-119	1	-119
R211_PROJECT_EXACT_SPLIT_run1	r211_project_exact_split	181	PPQ_Operation_758	QuantizeLinear	activation	PPQ_Variable_791	int8	scalar	39	39	1	39
R211_PROJECT_EXACT_SPLIT_run1	r211_project_exact_split	182	PPQ_Operation_759	DequantizeLinear	activation	PPQ_Variable_794	int8	scalar	39	39	1	39
R211_PROJECT_EXACT_SPLIT_run1	r211_project_exact_split	184	PPQ_Operation_760	QuantizeLinear	activation	PPQ_Variable_797	int8	scalar	-128	-128	1	-128
R211_PROJECT_EXACT_SPLIT_run1	r211_project_exact_split	185	PPQ_Operation_761	DequantizeLinear	activation	PPQ_Variable_800	int8	scalar	-128	-128	1	-128
R211_PROJECT_EXACT_SPLIT_run1	r211_project_exact_split	187	PPQ_Operation_762	QuantizeLinear	activation	PPQ_Variable_803	int8	scalar	-113	-113	1	-113
R211_PROJECT_EXACT_SPLIT_run1	r211_project_exact_split	188	PPQ_Operation_763	DequantizeLinear	activation	PPQ_Variable_806	int8	scalar	-113	-113	1	-113
R211_PROJECT_EXACT_SPLIT_run1	r211_project_exact_split	190	PPQ_Operation_764	QuantizeLinear	activation	PPQ_Variable_809	int8	scalar	-113	-113	1	-113
R211_PROJECT_EXACT_SPLIT_run1	r211_project_exact_split	191	PPQ_Operation_766	QuantizeLinear	activation	PPQ_Variable_815	int8	scalar	-113	-113	1	-113
R211_PROJECT_EXACT_SPLIT_run1	r211_project_exact_split	192	PPQ_Operation_765	DequantizeLinear	activation	PPQ_Variable_812	int8	scalar	-113	-113	1	-113
R211_PROJECT_EXACT_SPLIT_run1	r211_project_exact_split	193	PPQ_Operation_767	DequantizeLinear	activation	PPQ_Variable_818	int8	scalar	-113	-113	1	-113
R211_PROJECT_EXACT_SPLIT_run1	r211_project_exact_split	195	PPQ_Operation_769	QuantizeLinear	activation	PPQ_Variable_824	int8	scalar	10	10	1	10
R211_PROJECT_EXACT_SPLIT_run1	r211_project_exact_split	196	PPQ_Operation_770	DequantizeLinear	activation	PPQ_Variable_827	int8	scalar	10	10	1	10
R211_PROJECT_EXACT_SPLIT_run1	r211_project_exact_split	198	PPQ_Operation_771	QuantizeLinear	activation	PPQ_Variable_830	int8	scalar	-128	-128	1	-128
R211_PROJECT_EXACT_SPLIT_run1	r211_project_exact_split	199	PPQ_Operation_772	DequantizeLinear	activation	PPQ_Variable_833	int8	scalar	-128	-128	1	-128
R211_PROJECT_EXACT_SPLIT_run1	r211_project_exact_split	201	PPQ_Operation_773	QuantizeLinear	activation	PPQ_Variable_836	int8	scalar	-113	-113	1	-113
R211_PROJECT_EXACT_SPLIT_run1	r211_project_exact_split	202	PPQ_Operation_774	DequantizeLinear	activation	PPQ_Variable_839	int8	scalar	-113	-113	1	-113
R211_PROJECT_EXACT_SPLIT_run1	r211_project_exact_split	204	PPQ_Operation_776	QuantizeLinear	activation	PPQ_Variable_845	int8	scalar	27	27	1	27
R211_PROJECT_EXACT_SPLIT_run1	r211_project_exact_split	205	PPQ_Operation_777	DequantizeLinear	activation	PPQ_Variable_848	int8	scalar	27	27	1	27
R211_PROJECT_EXACT_SPLIT_run1	r211_project_exact_split	207	PPQ_Operation_778	QuantizeLinear	activation	PPQ_Variable_851	int8	scalar	-128	-128	1	-128
R211_PROJECT_EXACT_SPLIT_run1	r211_project_exact_split	208	PPQ_Operation_779	DequantizeLinear	activation	PPQ_Variable_854	int8	scalar	-128	-128	1	-128
R211_PROJECT_EXACT_SPLIT_run1	r211_project_exact_split	210	PPQ_Operation_780	QuantizeLinear	activation	PPQ_Variable_857	int8	scalar	-117	-117	1	-117
R211_PROJECT_EXACT_SPLIT_run1	r211_project_exact_split	211	PPQ_Operation_781	DequantizeLinear	activation	PPQ_Variable_860	int8	scalar	-117	-117	1	-117
R211_PROJECT_EXACT_SPLIT_run1	r211_project_exact_split	213	PPQ_Operation_782	QuantizeLinear	activation	PPQ_Variable_863	int8	scalar	-110	-110	1	-110
R211_PROJECT_EXACT_SPLIT_run1	r211_project_exact_split	214	PPQ_Operation_783	DequantizeLinear	activation	PPQ_Variable_866	int8	scalar	-110	-110	1	-110
R211_PROJECT_EXACT_SPLIT_run1	r211_project_exact_split	216	PPQ_Operation_784	QuantizeLinear	activation	PPQ_Variable_869	int8	scalar	-108	-108	1	-108
R211_PROJECT_EXACT_SPLIT_run1	r211_project_exact_split	217	PPQ_Operation_785	DequantizeLinear	activation	PPQ_Variable_872	int8	scalar	-108	-108	1	-108
R211_PROJECT_EXACT_SPLIT_run1	r211_project_exact_split	219	PPQ_Operation_787	QuantizeLinear	activation	PPQ_Variable_878	int8	scalar	40	40	1	40
R211_PROJECT_EXACT_SPLIT_run1	r211_project_exact_split	220	PPQ_Operation_788	DequantizeLinear	activation	PPQ_Variable_881	int8	scalar	40	40	1	40
R211_PROJECT_EXACT_SPLIT_run1	r211_project_exact_split	222	PPQ_Operation_789	QuantizeLinear	activation	PPQ_Variable_884	int8	scalar	-128	-128	1	-128
R211_PROJECT_EXACT_SPLIT_run1	r211_project_exact_split	223	PPQ_Operation_790	DequantizeLinear	activation	PPQ_Variable_887	int8	scalar	-128	-128	1	-128
R211_PROJECT_EXACT_SPLIT_run1	r211_project_exact_split	225	PPQ_Operation_791	QuantizeLinear	activation	PPQ_Variable_890	int8	scalar	-112	-112	1	-112
R211_PROJECT_EXACT_SPLIT_run1	r211_project_exact_split	226	PPQ_Operation_792	DequantizeLinear	activation	PPQ_Variable_893	int8	scalar	-112	-112	1	-112
R211_PROJECT_EXACT_SPLIT_run1	r211_project_exact_split	228	PPQ_Operation_794	QuantizeLinear	activation	PPQ_Variable_899	int8	scalar	37	37	1	37
R211_PROJECT_EXACT_SPLIT_run1	r211_project_exact_split	229	PPQ_Operation_795	DequantizeLinear	activation	PPQ_Variable_902	int8	scalar	37	37	1	37
R211_PROJECT_EXACT_SPLIT_run1	r211_project_exact_split	231	PPQ_Operation_796	QuantizeLinear	activation	PPQ_Variable_905	int8	scalar	-128	-128	1	-128
R211_PROJECT_EXACT_SPLIT_run1	r211_project_exact_split	232	PPQ_Operation_797	DequantizeLinear	activation	PPQ_Variable_908	int8	scalar	-128	-128	1	-128
R211_PROJECT_EXACT_SPLIT_run1	r211_project_exact_split	234	PPQ_Operation_798	QuantizeLinear	activation	PPQ_Variable_911	int8	scalar	-114	-114	1	-114
R211_PROJECT_EXACT_SPLIT_run1	r211_project_exact_split	235	PPQ_Operation_799	DequantizeLinear	activation	PPQ_Variable_914	int8	scalar	-114	-114	1	-114
R211_PROJECT_EXACT_SPLIT_run1	r211_project_exact_split	237	PPQ_Operation_801	QuantizeLinear	activation	PPQ_Variable_920	int8	scalar	22	22	1	22
R211_PROJECT_EXACT_SPLIT_run1	r211_project_exact_split	238	PPQ_Operation_802	DequantizeLinear	activation	PPQ_Variable_923	int8	scalar	22	22	1	22
R211_PROJECT_EXACT_SPLIT_run1	r211_project_exact_split	240	PPQ_Operation_803	QuantizeLinear	activation	PPQ_Variable_926	int8	scalar	-128	-128	1	-128
R211_PROJECT_EXACT_SPLIT_run1	r211_project_exact_split	241	PPQ_Operation_804	DequantizeLinear	activation	PPQ_Variable_929	int8	scalar	-128	-128	1	-128
R211_PROJECT_EXACT_SPLIT_run1	r211_project_exact_split	243	PPQ_Operation_805	QuantizeLinear	activation	PPQ_Variable_932	int8	scalar	-115	-115	1	-115
R211_PROJECT_EXACT_SPLIT_run1	r211_project_exact_split	244	PPQ_Operation_806	DequantizeLinear	activation	PPQ_Variable_935	int8	scalar	-115	-115	1	-115
R211_PROJECT_EXACT_SPLIT_run1	r211_project_exact_split	246	PPQ_Operation_807	QuantizeLinear	activation	PPQ_Variable_938	int8	scalar	-115	-115	1	-115
R211_PROJECT_EXACT_SPLIT_run1	r211_project_exact_split	247	PPQ_Operation_809	QuantizeLinear	activation	PPQ_Variable_944	int8	scalar	-115	-115	1	-115
R211_PROJECT_EXACT_SPLIT_run1	r211_project_exact_split	248	PPQ_Operation_808	DequantizeLinear	activation	PPQ_Variable_941	int8	scalar	-115	-115	1	-115
R211_PROJECT_EXACT_SPLIT_run1	r211_project_exact_split	249	PPQ_Operation_810	DequantizeLinear	activation	PPQ_Variable_947	int8	scalar	-115	-115	1	-115
R211_PROJECT_EXACT_SPLIT_run1	r211_project_exact_split	252	PPQ_Operation_812	QuantizeLinear	activation	PPQ_Variable_953	int8	scalar	31	31	1	31
R211_PROJECT_EXACT_SPLIT_run1	r211_project_exact_split	253	PPQ_Operation_815	QuantizeLinear	activation	PPQ_Variable_962	int8	scalar	-10	-10	1	-10
R211_PROJECT_EXACT_SPLIT_run1	r211_project_exact_split	254	PPQ_Operation_813	DequantizeLinear	activation	PPQ_Variable_956	int8	scalar	31	31	1	31
R211_PROJECT_EXACT_SPLIT_run1	r211_project_exact_split	255	PPQ_Operation_816	DequantizeLinear	activation	PPQ_Variable_965	int8	scalar	-10	-10	1	-10
R211_PROJECT_EXACT_SPLIT_run1	r211_project_exact_split	258	PPQ_Operation_817	QuantizeLinear	activation	PPQ_Variable_968	int8	scalar	-128	-128	1	-128
R211_PROJECT_EXACT_SPLIT_run1	r211_project_exact_split	259	PPQ_Operation_819	QuantizeLinear	activation	PPQ_Variable_974	int8	scalar	-128	-128	1	-128
R211_PROJECT_EXACT_SPLIT_run1	r211_project_exact_split	260	PPQ_Operation_818	DequantizeLinear	activation	PPQ_Variable_971	int8	scalar	-128	-128	1	-128
R211_PROJECT_EXACT_SPLIT_run1	r211_project_exact_split	261	PPQ_Operation_820	DequantizeLinear	activation	PPQ_Variable_977	int8	scalar	-128	-128	1	-128
R211_PROJECT_EXACT_SPLIT_run1	r211_project_exact_split	264	PPQ_Operation_821	QuantizeLinear	activation	PPQ_Variable_980	int8	scalar	-108	-108	1	-108
R211_PROJECT_EXACT_SPLIT_run1	r211_project_exact_split	265	PPQ_Operation_823	QuantizeLinear	activation	PPQ_Variable_986	int8	scalar	-120	-120	1	-120
R211_PROJECT_EXACT_SPLIT_run1	r211_project_exact_split	266	PPQ_Operation_822	DequantizeLinear	activation	PPQ_Variable_983	int8	scalar	-108	-108	1	-108
R211_PROJECT_EXACT_SPLIT_run1	r211_project_exact_split	267	PPQ_Operation_824	DequantizeLinear	activation	PPQ_Variable_989	int8	scalar	-120	-120	1	-120
R211_PROJECT_EXACT_SPLIT_run1	r211_project_exact_split	269	PPQ_Operation_826	QuantizeLinear	activation	PPQ_Variable_995	int8	scalar	26	26	1	26
R211_PROJECT_EXACT_SPLIT_run1	r211_project_exact_split	270	PPQ_Operation_827	DequantizeLinear	activation	PPQ_Variable_998	int8	scalar	26	26	1	26
R211_PROJECT_EXACT_SPLIT_run1	r211_project_exact_split	272	PPQ_Operation_828	QuantizeLinear	activation	PPQ_Variable_1001	int8	scalar	-128	-128	1	-128
R211_PROJECT_EXACT_SPLIT_run1	r211_project_exact_split	273	PPQ_Operation_829	DequantizeLinear	activation	PPQ_Variable_1004	int8	scalar	-128	-128	1	-128
R211_PROJECT_EXACT_SPLIT_run1	r211_project_exact_split	275	PPQ_Operation_830	QuantizeLinear	activation	PPQ_Variable_1007	int8	scalar	-115	-115	1	-115
R211_PROJECT_EXACT_SPLIT_run1	r211_project_exact_split	276	PPQ_Operation_831	DequantizeLinear	activation	PPQ_Variable_1010	int8	scalar	-115	-115	1	-115
R211_PROJECT_EXACT_SPLIT_run1	r211_project_exact_split	278	PPQ_Operation_833	QuantizeLinear	activation	PPQ_Variable_1016	int8	scalar	30	30	1	30
R211_PROJECT_EXACT_SPLIT_run1	r211_project_exact_split	279	PPQ_Operation_834	DequantizeLinear	activation	PPQ_Variable_1019	int8	scalar	30	30	1	30
R211_PROJECT_EXACT_SPLIT_run1	r211_project_exact_split	281	PPQ_Operation_835	QuantizeLinear	activation	PPQ_Variable_1022	int8	scalar	-128	-128	1	-128
R211_PROJECT_EXACT_SPLIT_run1	r211_project_exact_split	282	PPQ_Operation_836	DequantizeLinear	activation	PPQ_Variable_1025	int8	scalar	-128	-128	1	-128
R211_PROJECT_EXACT_SPLIT_run1	r211_project_exact_split	284	PPQ_Operation_837	QuantizeLinear	activation	PPQ_Variable_1028	int8	scalar	-109	-109	1	-109
R211_PROJECT_EXACT_SPLIT_run1	r211_project_exact_split	285	PPQ_Operation_838	DequantizeLinear	activation	PPQ_Variable_1031	int8	scalar	-109	-109	1	-109
R211_PROJECT_EXACT_SPLIT_run1	r211_project_exact_split	287	PPQ_Operation_839	QuantizeLinear	activation	PPQ_Variable_1034	int8	scalar	-97	-97	1	-97
R211_PROJECT_EXACT_SPLIT_run1	r211_project_exact_split	288	PPQ_Operation_840	DequantizeLinear	activation	PPQ_Variable_1037	int8	scalar	-97	-97	1	-97
R211_PROJECT_EXACT_SPLIT_run1	r211_project_exact_split	290	PPQ_Operation_842	QuantizeLinear	activation	PPQ_Variable_1043	int8	scalar	24	24	1	24
R211_PROJECT_EXACT_SPLIT_run1	r211_project_exact_split	291	PPQ_Operation_843	DequantizeLinear	activation	PPQ_Variable_1046	int8	scalar	24	24	1	24
R211_PROJECT_EXACT_SPLIT_run1	r211_project_exact_split	293	PPQ_Operation_844	QuantizeLinear	activation	PPQ_Variable_1049	int8	scalar	-128	-128	1	-128
R211_PROJECT_EXACT_SPLIT_run1	r211_project_exact_split	294	PPQ_Operation_845	DequantizeLinear	activation	PPQ_Variable_1052	int8	scalar	-128	-128	1	-128
R211_PROJECT_EXACT_SPLIT_run1	r211_project_exact_split	296	PPQ_Operation_846	QuantizeLinear	activation	PPQ_Variable_1055	int8	scalar	-114	-114	1	-114
R211_PROJECT_EXACT_SPLIT_run1	r211_project_exact_split	297	PPQ_Operation_847	DequantizeLinear	activation	PPQ_Variable_1058	int8	scalar	-114	-114	1	-114
R211_PROJECT_EXACT_SPLIT_run1	r211_project_exact_split	299	PPQ_Operation_849	QuantizeLinear	activation	PPQ_Variable_1064	int8	scalar	9	9	1	9
R211_PROJECT_EXACT_SPLIT_run1	r211_project_exact_split	300	PPQ_Operation_850	DequantizeLinear	activation	PPQ_Variable_1067	int8	scalar	9	9	1	9
R211_PROJECT_EXACT_SPLIT_run1	r211_project_exact_split	302	PPQ_Operation_851	QuantizeLinear	activation	PPQ_Variable_1070	int8	scalar	-128	-128	1	-128
R211_PROJECT_EXACT_SPLIT_run1	r211_project_exact_split	303	PPQ_Operation_852	DequantizeLinear	activation	PPQ_Variable_1073	int8	scalar	-128	-128	1	-128
R211_PROJECT_EXACT_SPLIT_run1	r211_project_exact_split	305	PPQ_Operation_853	QuantizeLinear	activation	PPQ_Variable_1076	int8	scalar	-120	-120	1	-120
R211_PROJECT_EXACT_SPLIT_run1	r211_project_exact_split	306	PPQ_Operation_854	DequantizeLinear	activation	PPQ_Variable_1079	int8	scalar	-120	-120	1	-120
R211_PROJECT_EXACT_SPLIT_run1	r211_project_exact_split	308	PPQ_Operation_855	QuantizeLinear	activation	PPQ_Variable_1082	int8	scalar	-108	-108	1	-108
R211_PROJECT_EXACT_SPLIT_run1	r211_project_exact_split	309	PPQ_Operation_856	DequantizeLinear	activation	PPQ_Variable_1085	int8	scalar	-108	-108	1	-108
R211_PROJECT_EXACT_SPLIT_run1	r211_project_exact_split	311	PPQ_Operation_857	QuantizeLinear	activation	PPQ_Variable_1088	int8	scalar	-107	-107	1	-107
R211_PROJECT_EXACT_SPLIT_run1	r211_project_exact_split	312	PPQ_Operation_858	DequantizeLinear	activation	PPQ_Variable_1091	int8	scalar	-107	-107	1	-107
R211_PROJECT_EXACT_SPLIT_run1	r211_project_exact_split	314	PPQ_Operation_860	QuantizeLinear	activation	PPQ_Variable_1097	int8	scalar	0	0	1	0
R211_PROJECT_EXACT_SPLIT_run1	r211_project_exact_split	315	PPQ_Operation_861	DequantizeLinear	activation	PPQ_Variable_1100	int8	scalar	0	0	1	0
R211_PROJECT_EXACT_SPLIT_run1	r211_project_exact_split	317	PPQ_Operation_862	QuantizeLinear	activation	PPQ_Variable_1103	int8	scalar	-128	-128	1	-128
R211_PROJECT_EXACT_SPLIT_run1	r211_project_exact_split	318	PPQ_Operation_863	DequantizeLinear	activation	PPQ_Variable_1106	int8	scalar	-128	-128	1	-128
R211_PROJECT_EXACT_SPLIT_run1	r211_project_exact_split	320	PPQ_Operation_864	QuantizeLinear	activation	PPQ_Variable_1109	int8	scalar	-119	-119	1	-119
R211_PROJECT_EXACT_SPLIT_run1	r211_project_exact_split	321	PPQ_Operation_865	DequantizeLinear	activation	PPQ_Variable_1112	int8	scalar	-119	-119	1	-119
R211_PROJECT_EXACT_SPLIT_run1	r211_project_exact_split	323	PPQ_Operation_866	QuantizeLinear	activation	PPQ_Variable_1115	int8	scalar	-119	-119	1	-119
R211_PROJECT_EXACT_SPLIT_run1	r211_project_exact_split	324	PPQ_Operation_867	DequantizeLinear	activation	PPQ_Variable_1118	int8	scalar	-119	-119	1	-119
R211_PROJECT_EXACT_SPLIT_run1	r211_project_exact_split	326	PPQ_Operation_869	QuantizeLinear	activation	PPQ_Variable_1124	int8	scalar	36	36	1	36
R211_PROJECT_EXACT_SPLIT_run1	r211_project_exact_split	327	PPQ_Operation_870	DequantizeLinear	activation	PPQ_Variable_1127	int8	scalar	36	36	1	36
R211_PROJECT_EXACT_SPLIT_run1	r211_project_exact_split	329	PPQ_Operation_871	QuantizeLinear	activation	PPQ_Variable_1130	int8	scalar	-128	-128	1	-128
R211_PROJECT_EXACT_SPLIT_run1	r211_project_exact_split	330	PPQ_Operation_872	DequantizeLinear	activation	PPQ_Variable_1133	int8	scalar	-128	-128	1	-128
R211_PROJECT_EXACT_SPLIT_run1	r211_project_exact_split	332	PPQ_Operation_873	QuantizeLinear	activation	PPQ_Variable_1136	int8	scalar	-115	-115	1	-115
R211_PROJECT_EXACT_SPLIT_run1	r211_project_exact_split	333	PPQ_Operation_874	DequantizeLinear	activation	PPQ_Variable_1139	int8	scalar	-115	-115	1	-115
R211_PROJECT_EXACT_SPLIT_run1	r211_project_exact_split	335	PPQ_Operation_876	QuantizeLinear	activation	PPQ_Variable_1145	int8	scalar	35	35	1	35
R211_PROJECT_EXACT_SPLIT_run1	r211_project_exact_split	336	PPQ_Operation_877	DequantizeLinear	activation	PPQ_Variable_1148	int8	scalar	35	35	1	35
R211_PROJECT_EXACT_SPLIT_run1	r211_project_exact_split	338	PPQ_Operation_878	QuantizeLinear	activation	PPQ_Variable_1151	int8	scalar	-128	-128	1	-128
R211_PROJECT_EXACT_SPLIT_run1	r211_project_exact_split	339	PPQ_Operation_879	DequantizeLinear	activation	PPQ_Variable_1154	int8	scalar	-128	-128	1	-128
R211_PROJECT_EXACT_SPLIT_run1	r211_project_exact_split	341	PPQ_Operation_880	QuantizeLinear	activation	PPQ_Variable_1157	int8	scalar	-116	-116	1	-116
R211_PROJECT_EXACT_SPLIT_run1	r211_project_exact_split	342	PPQ_Operation_881	DequantizeLinear	activation	PPQ_Variable_1160	int8	scalar	-116	-116	1	-116
R211_PROJECT_EXACT_SPLIT_run1	r211_project_exact_split	344	PPQ_Operation_883	QuantizeLinear	activation	PPQ_Variable_1166	int8	scalar	23	23	1	23
R211_PROJECT_EXACT_SPLIT_run1	r211_project_exact_split	345	PPQ_Operation_884	DequantizeLinear	activation	PPQ_Variable_1169	int8	scalar	23	23	1	23
R211_PROJECT_EXACT_SPLIT_run1	r211_project_exact_split	347	PPQ_Operation_885	QuantizeLinear	activation	PPQ_Variable_1172	int8	scalar	-128	-128	1	-128
R211_PROJECT_EXACT_SPLIT_run1	r211_project_exact_split	348	PPQ_Operation_886	DequantizeLinear	activation	PPQ_Variable_1175	int8	scalar	-128	-128	1	-128
R211_PROJECT_EXACT_SPLIT_run1	r211_project_exact_split	350	PPQ_Operation_887	QuantizeLinear	activation	PPQ_Variable_1178	int8	scalar	-118	-118	1	-118
R211_PROJECT_EXACT_SPLIT_run1	r211_project_exact_split	351	PPQ_Operation_888	DequantizeLinear	activation	PPQ_Variable_1181	int8	scalar	-118	-118	1	-118
R211_PROJECT_EXACT_SPLIT_run1	r211_project_exact_split	353	PPQ_Operation_889	QuantizeLinear	activation	PPQ_Variable_1184	int8	scalar	-118	-118	1	-118
R211_PROJECT_EXACT_SPLIT_run1	r211_project_exact_split	354	PPQ_Operation_891	QuantizeLinear	activation	PPQ_Variable_1190	int8	scalar	-118	-118	1	-118
R211_PROJECT_EXACT_SPLIT_run1	r211_project_exact_split	355	PPQ_Operation_890	DequantizeLinear	activation	PPQ_Variable_1187	int8	scalar	-118	-118	1	-118
R211_PROJECT_EXACT_SPLIT_run1	r211_project_exact_split	356	PPQ_Operation_892	DequantizeLinear	activation	PPQ_Variable_1193	int8	scalar	-118	-118	1	-118
R211_PROJECT_EXACT_SPLIT_run1	r211_project_exact_split	359	PPQ_Operation_894	QuantizeLinear	activation	PPQ_Variable_1199	int8	scalar	36	36	1	36
R211_PROJECT_EXACT_SPLIT_run1	r211_project_exact_split	360	PPQ_Operation_897	QuantizeLinear	activation	PPQ_Variable_1208	int8	scalar	0	0	1	0
R211_PROJECT_EXACT_SPLIT_run1	r211_project_exact_split	361	PPQ_Operation_895	DequantizeLinear	activation	PPQ_Variable_1202	int8	scalar	36	36	1	36
R211_PROJECT_EXACT_SPLIT_run1	r211_project_exact_split	362	PPQ_Operation_898	DequantizeLinear	activation	PPQ_Variable_1211	int8	scalar	0	0	1	0
R211_PROJECT_EXACT_SPLIT_run1	r211_project_exact_split	365	PPQ_Operation_899	QuantizeLinear	activation	PPQ_Variable_1214	int8	scalar	-128	-128	1	-128
R211_PROJECT_EXACT_SPLIT_run1	r211_project_exact_split	366	PPQ_Operation_901	QuantizeLinear	activation	PPQ_Variable_1220	int8	scalar	-128	-128	1	-128
R211_PROJECT_EXACT_SPLIT_run1	r211_project_exact_split	367	PPQ_Operation_900	DequantizeLinear	activation	PPQ_Variable_1217	int8	scalar	-128	-128	1	-128
R211_PROJECT_EXACT_SPLIT_run1	r211_project_exact_split	368	PPQ_Operation_902	DequantizeLinear	activation	PPQ_Variable_1223	int8	scalar	-128	-128	1	-128
R211_PROJECT_EXACT_SPLIT_run1	r211_project_exact_split	371	PPQ_Operation_903	QuantizeLinear	activation	PPQ_Variable_1226	int8	scalar	-116	-116	1	-116
R211_PROJECT_EXACT_SPLIT_run1	r211_project_exact_split	372	PPQ_Operation_905	QuantizeLinear	activation	PPQ_Variable_1232	int8	scalar	-121	-121	1	-121
R211_PROJECT_EXACT_SPLIT_run1	r211_project_exact_split	373	PPQ_Operation_904	DequantizeLinear	activation	PPQ_Variable_1229	int8	scalar	-116	-116	1	-116
R211_PROJECT_EXACT_SPLIT_run1	r211_project_exact_split	374	PPQ_Operation_906	DequantizeLinear	activation	PPQ_Variable_1235	int8	scalar	-121	-121	1	-121
R211_PROJECT_EXACT_SPLIT_run1	r211_project_exact_split	376	PPQ_Operation_908	QuantizeLinear	activation	PPQ_Variable_1241	int8	scalar	-13	-13	1	-13
R211_PROJECT_EXACT_SPLIT_run1	r211_project_exact_split	377	PPQ_Operation_909	DequantizeLinear	activation	PPQ_Variable_1244	int8	scalar	-13	-13	1	-13
R211_PROJECT_EXACT_SPLIT_run1	r211_project_exact_split	379	PPQ_Operation_910	QuantizeLinear	activation	PPQ_Variable_1247	int8	scalar	-128	-128	1	-128
R211_PROJECT_EXACT_SPLIT_run1	r211_project_exact_split	380	PPQ_Operation_911	DequantizeLinear	activation	PPQ_Variable_1250	int8	scalar	-128	-128	1	-128
R211_PROJECT_EXACT_SPLIT_run1	r211_project_exact_split	382	PPQ_Operation_912	QuantizeLinear	activation	PPQ_Variable_1253	int8	scalar	-121	-121	1	-121
R211_PROJECT_EXACT_SPLIT_run1	r211_project_exact_split	383	PPQ_Operation_913	DequantizeLinear	activation	PPQ_Variable_1256	int8	scalar	-121	-121	1	-121
R211_PROJECT_EXACT_SPLIT_run1	r211_project_exact_split	385	PPQ_Operation_915	QuantizeLinear	activation	PPQ_Variable_1262	int8	scalar	-3	-3	1	-3
R211_PROJECT_EXACT_SPLIT_run1	r211_project_exact_split	386	PPQ_Operation_916	DequantizeLinear	activation	PPQ_Variable_1265	int8	scalar	-3	-3	1	-3
R211_PROJECT_EXACT_SPLIT_run1	r211_project_exact_split	388	PPQ_Operation_917	QuantizeLinear	activation	PPQ_Variable_1268	int8	scalar	-128	-128	1	-128
R211_PROJECT_EXACT_SPLIT_run1	r211_project_exact_split	389	PPQ_Operation_918	DequantizeLinear	activation	PPQ_Variable_1271	int8	scalar	-128	-128	1	-128
R211_PROJECT_EXACT_SPLIT_run1	r211_project_exact_split	391	PPQ_Operation_919	QuantizeLinear	activation	PPQ_Variable_1274	int8	scalar	-121	-121	1	-121
R211_PROJECT_EXACT_SPLIT_run1	r211_project_exact_split	392	PPQ_Operation_920	DequantizeLinear	activation	PPQ_Variable_1277	int8	scalar	-121	-121	1	-121
R211_PROJECT_EXACT_SPLIT_run1	r211_project_exact_split	394	PPQ_Operation_921	QuantizeLinear	activation	PPQ_Variable_1280	int8	scalar	-115	-115	1	-115
R211_PROJECT_EXACT_SPLIT_run1	r211_project_exact_split	395	PPQ_Operation_922	DequantizeLinear	activation	PPQ_Variable_1283	int8	scalar	-115	-115	1	-115
R211_PROJECT_EXACT_SPLIT_run1	r211_project_exact_split	397	PPQ_Operation_924	QuantizeLinear	activation	PPQ_Variable_1289	int8	scalar	5	5	1	5
R211_PROJECT_EXACT_SPLIT_run1	r211_project_exact_split	398	PPQ_Operation_925	DequantizeLinear	activation	PPQ_Variable_1292	int8	scalar	5	5	1	5
R211_PROJECT_EXACT_SPLIT_run1	r211_project_exact_split	400	PPQ_Operation_926	QuantizeLinear	activation	PPQ_Variable_1295	int8	scalar	-128	-128	1	-128
R211_PROJECT_EXACT_SPLIT_run1	r211_project_exact_split	401	PPQ_Operation_927	DequantizeLinear	activation	PPQ_Variable_1298	int8	scalar	-128	-128	1	-128
R211_PROJECT_EXACT_SPLIT_run1	r211_project_exact_split	403	PPQ_Operation_928	QuantizeLinear	activation	PPQ_Variable_1301	int8	scalar	-121	-121	1	-121
R211_PROJECT_EXACT_SPLIT_run1	r211_project_exact_split	404	PPQ_Operation_929	DequantizeLinear	activation	PPQ_Variable_1304	int8	scalar	-121	-121	1	-121
R211_PROJECT_EXACT_SPLIT_run1	r211_project_exact_split	406	PPQ_Operation_931	QuantizeLinear	activation	PPQ_Variable_1310	int8	scalar	-40	-40	1	-40
R211_PROJECT_EXACT_SPLIT_run1	r211_project_exact_split	407	PPQ_Operation_932	DequantizeLinear	activation	PPQ_Variable_1313	int8	scalar	-40	-40	1	-40
R211_PROJECT_EXACT_SPLIT_run1	r211_project_exact_split	409	PPQ_Operation_933	QuantizeLinear	activation	PPQ_Variable_1316	int8	scalar	-128	-128	1	-128
R211_PROJECT_EXACT_SPLIT_run1	r211_project_exact_split	410	PPQ_Operation_934	DequantizeLinear	activation	PPQ_Variable_1319	int8	scalar	-128	-128	1	-128
R211_PROJECT_EXACT_SPLIT_run1	r211_project_exact_split	412	PPQ_Operation_935	QuantizeLinear	activation	PPQ_Variable_1322	int8	scalar	-123	-123	1	-123
R211_PROJECT_EXACT_SPLIT_run1	r211_project_exact_split	413	PPQ_Operation_936	DequantizeLinear	activation	PPQ_Variable_1325	int8	scalar	-123	-123	1	-123
R211_PROJECT_EXACT_SPLIT_run1	r211_project_exact_split	415	PPQ_Operation_937	QuantizeLinear	activation	PPQ_Variable_1328	int8	scalar	-118	-118	1	-118
R211_PROJECT_EXACT_SPLIT_run1	r211_project_exact_split	416	PPQ_Operation_938	DequantizeLinear	activation	PPQ_Variable_1331	int8	scalar	-118	-118	1	-118
R211_PROJECT_EXACT_SPLIT_run1	r211_project_exact_split	418	PPQ_Operation_939	QuantizeLinear	activation	PPQ_Variable_1334	int8	scalar	-116	-116	1	-116
R211_PROJECT_EXACT_SPLIT_run1	r211_project_exact_split	419	PPQ_Operation_940	DequantizeLinear	activation	PPQ_Variable_1337	int8	scalar	-116	-116	1	-116
R211_PROJECT_EXACT_SPLIT_run1	r211_project_exact_split	421	PPQ_Operation_942	QuantizeLinear	activation	PPQ_Variable_1343	int8	scalar	22	22	1	22
R211_PROJECT_EXACT_SPLIT_run1	r211_project_exact_split	422	PPQ_Operation_943	DequantizeLinear	activation	PPQ_Variable_1346	int8	scalar	22	22	1	22
R211_PROJECT_EXACT_SPLIT_run1	r211_project_exact_split	424	PPQ_Operation_944	QuantizeLinear	activation	PPQ_Variable_1349	int8	scalar	-128	-128	1	-128
R211_PROJECT_EXACT_SPLIT_run1	r211_project_exact_split	425	PPQ_Operation_945	DequantizeLinear	activation	PPQ_Variable_1352	int8	scalar	-128	-128	1	-128
R211_PROJECT_EXACT_SPLIT_run1	r211_project_exact_split	427	PPQ_Operation_946	QuantizeLinear	activation	PPQ_Variable_1355	int8	scalar	-119	-119	1	-119
R211_PROJECT_EXACT_SPLIT_run1	r211_project_exact_split	428	PPQ_Operation_947	DequantizeLinear	activation	PPQ_Variable_1358	int8	scalar	-119	-119	1	-119
R211_PROJECT_EXACT_SPLIT_run1	r211_project_exact_split	430	PPQ_Operation_948	QuantizeLinear	activation	PPQ_Variable_1361	int8	scalar	-119	-119	1	-119
R211_PROJECT_EXACT_SPLIT_run1	r211_project_exact_split	431	PPQ_Operation_949	DequantizeLinear	activation	PPQ_Variable_1364	int8	scalar	-119	-119	1	-119
R211_PROJECT_EXACT_SPLIT_run1	r211_project_exact_split	433	PPQ_Operation_951	QuantizeLinear	activation	PPQ_Variable_1370	int8	scalar	24	24	1	24
R211_PROJECT_EXACT_SPLIT_run1	r211_project_exact_split	434	PPQ_Operation_952	DequantizeLinear	activation	PPQ_Variable_1373	int8	scalar	24	24	1	24
R211_PROJECT_EXACT_SPLIT_run1	r211_project_exact_split	436	PPQ_Operation_953	QuantizeLinear	activation	PPQ_Variable_1376	int8	scalar	-128	-128	1	-128
R211_PROJECT_EXACT_SPLIT_run1	r211_project_exact_split	437	PPQ_Operation_954	DequantizeLinear	activation	PPQ_Variable_1379	int8	scalar	-128	-128	1	-128
R211_PROJECT_EXACT_SPLIT_run1	r211_project_exact_split	439	PPQ_Operation_955	QuantizeLinear	activation	PPQ_Variable_1382	int8	scalar	-117	-117	1	-117
R211_PROJECT_EXACT_SPLIT_run1	r211_project_exact_split	440	PPQ_Operation_956	DequantizeLinear	activation	PPQ_Variable_1385	int8	scalar	-117	-117	1	-117
R211_PROJECT_EXACT_SPLIT_run1	r211_project_exact_split	442	PPQ_Operation_958	QuantizeLinear	activation	PPQ_Variable_1391	int8	scalar	-2	-2	1	-2
R211_PROJECT_EXACT_SPLIT_run1	r211_project_exact_split	443	PPQ_Operation_959	DequantizeLinear	activation	PPQ_Variable_1394	int8	scalar	-2	-2	1	-2
R211_PROJECT_EXACT_SPLIT_run1	r211_project_exact_split	445	PPQ_Operation_960	QuantizeLinear	activation	PPQ_Variable_1397	int8	scalar	-2	-2	1	-2
R211_PROJECT_EXACT_SPLIT_run1	r211_project_exact_split	446	PPQ_Operation_961	DequantizeLinear	activation	PPQ_Variable_1400	int8	scalar	-2	-2	1	-2
R211_PROJECT_EXACT_SPLIT_run1	r211_project_exact_split	448	PPQ_Operation_962	QuantizeLinear	activation	PPQ_Variable_1403	int8	scalar	-2	-2	1	-2
R211_PROJECT_EXACT_SPLIT_run1	r211_project_exact_split	449	PPQ_Operation_963	DequantizeLinear	activation	PPQ_Variable_1406	int8	scalar	-2	-2	1	-2
R211_PROJECT_EXACT_SPLIT_run1	r211_project_exact_split	452	PPQ_Operation_964	QuantizeLinear	activation	PPQ_Variable_1409	int8	scalar	-9	-9	1	-9
R211_PROJECT_EXACT_SPLIT_run1	r211_project_exact_split	453	PPQ_Operation_965	DequantizeLinear	activation	PPQ_Variable_1412	int8	scalar	-9	-9	1	-9
R211_PROJECT_EXACT_SPLIT_run1	r211_project_exact_split	455	PPQ_Operation_967	QuantizeLinear	activation	PPQ_Variable_1418	int8	scalar	10	10	1	10
R211_PROJECT_EXACT_SPLIT_run1	r211_project_exact_split	456	PPQ_Operation_968	DequantizeLinear	activation	PPQ_Variable_1421	int8	scalar	10	10	1	10
R211_PROJECT_EXACT_SPLIT_run1	r211_project_exact_split	458	PPQ_Operation_969	QuantizeLinear	activation	PPQ_Variable_1424	int8	scalar	-128	-128	1	-128
R211_PROJECT_EXACT_SPLIT_run1	r211_project_exact_split	459	PPQ_Operation_970	DequantizeLinear	activation	PPQ_Variable_1427	int8	scalar	-128	-128	1	-128
R211_PROJECT_EXACT_SPLIT_run1	r211_project_exact_split	461	PPQ_Operation_971	QuantizeLinear	activation	PPQ_Variable_1430	int8	scalar	-119	-119	1	-119
R211_PROJECT_EXACT_SPLIT_run1	r211_project_exact_split	462	PPQ_Operation_972	DequantizeLinear	activation	PPQ_Variable_1433	int8	scalar	-119	-119	1	-119
R211_PROJECT_EXACT_SPLIT_run1	r211_project_exact_split	464	PPQ_Operation_973	QuantizeLinear	activation	PPQ_Variable_1436	int8	scalar	-113	-113	1	-113
R211_PROJECT_EXACT_SPLIT_run1	r211_project_exact_split	465	PPQ_Operation_974	DequantizeLinear	activation	PPQ_Variable_1439	int8	scalar	-113	-113	1	-113
R211_PROJECT_EXACT_SPLIT_run1	r211_project_exact_split	467	PPQ_Operation_976	QuantizeLinear	activation	PPQ_Variable_1445	int8	scalar	12	12	1	12
R211_PROJECT_EXACT_SPLIT_run1	r211_project_exact_split	468	PPQ_Operation_977	DequantizeLinear	activation	PPQ_Variable_1448	int8	scalar	12	12	1	12
R211_PROJECT_EXACT_SPLIT_run1	r211_project_exact_split	470	PPQ_Operation_978	QuantizeLinear	activation	PPQ_Variable_1451	int8	scalar	-128	-128	1	-128
R211_PROJECT_EXACT_SPLIT_run1	r211_project_exact_split	471	PPQ_Operation_979	DequantizeLinear	activation	PPQ_Variable_1454	int8	scalar	-128	-128	1	-128
R211_PROJECT_EXACT_SPLIT_run1	r211_project_exact_split	473	PPQ_Operation_980	QuantizeLinear	activation	PPQ_Variable_1457	int8	scalar	-120	-120	1	-120
R211_PROJECT_EXACT_SPLIT_run1	r211_project_exact_split	474	PPQ_Operation_981	DequantizeLinear	activation	PPQ_Variable_1460	int8	scalar	-120	-120	1	-120
R211_PROJECT_EXACT_SPLIT_run1	r211_project_exact_split	476	PPQ_Operation_982	QuantizeLinear	activation	PPQ_Variable_1463	int8	scalar	-120	-120	1	-120
R211_PROJECT_EXACT_SPLIT_run1	r211_project_exact_split	477	PPQ_Operation_984	QuantizeLinear	activation	PPQ_Variable_1469	int8	scalar	-120	-120	1	-120
R211_PROJECT_EXACT_SPLIT_run1	r211_project_exact_split	478	PPQ_Operation_983	DequantizeLinear	activation	PPQ_Variable_1466	int8	scalar	-120	-120	1	-120
R211_PROJECT_EXACT_SPLIT_run1	r211_project_exact_split	479	PPQ_Operation_985	DequantizeLinear	activation	PPQ_Variable_1472	int8	scalar	-120	-120	1	-120
R211_PROJECT_EXACT_SPLIT_run1	r211_project_exact_split	481	PPQ_Operation_987	QuantizeLinear	activation	PPQ_Variable_1478	int8	scalar	9	9	1	9
R211_PROJECT_EXACT_SPLIT_run1	r211_project_exact_split	482	PPQ_Operation_988	DequantizeLinear	activation	PPQ_Variable_1481	int8	scalar	9	9	1	9
R211_PROJECT_EXACT_SPLIT_run1	r211_project_exact_split	484	PPQ_Operation_989	QuantizeLinear	activation	PPQ_Variable_1484	int8	scalar	9	9	1	9
R211_PROJECT_EXACT_SPLIT_run1	r211_project_exact_split	485	PPQ_Operation_990	DequantizeLinear	activation	PPQ_Variable_1487	int8	scalar	9	9	1	9
R211_PROJECT_EXACT_SPLIT_run1	r211_project_exact_split	487	PPQ_Operation_991	QuantizeLinear	activation	PPQ_Variable_1490	int8	scalar	9	9	1	9
R211_PROJECT_EXACT_SPLIT_run1	r211_project_exact_split	488	PPQ_Operation_993	QuantizeLinear	activation	PPQ_Variable_1496	int8	scalar	9	9	1	9
R211_PROJECT_EXACT_SPLIT_run1	r211_project_exact_split	489	PPQ_Operation_995	QuantizeLinear	activation	PPQ_Variable_1502	int8	scalar	9	9	1	9
R211_PROJECT_EXACT_SPLIT_run1	r211_project_exact_split	490	PPQ_Operation_992	DequantizeLinear	activation	PPQ_Variable_1493	int8	scalar	9	9	1	9
R211_PROJECT_EXACT_SPLIT_run1	r211_project_exact_split	491	PPQ_Operation_994	DequantizeLinear	activation	PPQ_Variable_1499	int8	scalar	9	9	1	9
R211_PROJECT_EXACT_SPLIT_run1	r211_project_exact_split	492	PPQ_Operation_996	DequantizeLinear	activation	PPQ_Variable_1505	int8	scalar	9	9	1	9
R211_PROJECT_EXACT_SPLIT_run1	r211_project_exact_split	497	PPQ_Operation_997	QuantizeLinear	activation	PPQ_Variable_1508	int8	scalar	-3	-3	1	-3
R211_PROJECT_EXACT_SPLIT_run1	r211_project_exact_split	498	PPQ_Operation_1000	QuantizeLinear	activation	PPQ_Variable_1517	int8	scalar	0	0	1	0
R211_PROJECT_EXACT_SPLIT_run1	r211_project_exact_split	499	PPQ_Operation_998	DequantizeLinear	activation	PPQ_Variable_1511	int8	scalar	-3	-3	1	-3
R211_PROJECT_EXACT_SPLIT_run1	r211_project_exact_split	500	PPQ_Operation_1001	DequantizeLinear	activation	PPQ_Variable_1520	int8	scalar	0	0	1	0
R211_PROJECT_EXACT_SPLIT_run1	r211_project_exact_split	502	PPQ_Operation_1003	QuantizeLinear	activation	PPQ_Variable_1526	int8	scalar	-3	-3	1	-3
R211_PROJECT_EXACT_SPLIT_run1	r211_project_exact_split	503	PPQ_Operation_1004	DequantizeLinear	activation	PPQ_Variable_1529	int8	scalar	-3	-3	1	-3
R211_PROJECT_EXACT_SPLIT_run1	r211_project_exact_split	506	PPQ_Operation_1005	QuantizeLinear	activation	PPQ_Variable_1532	int8	scalar	-128	-128	1	-128
R211_PROJECT_EXACT_SPLIT_run1	r211_project_exact_split	507	PPQ_Operation_1006	DequantizeLinear	activation	PPQ_Variable_1535	int8	scalar	-128	-128	1	-128
R211_PROJECT_EXACT_SPLIT_run1	r211_project_exact_split	509	PPQ_Operation_1007	QuantizeLinear	activation	PPQ_Variable_1538	int8	scalar	12	12	1	12
R211_PROJECT_EXACT_SPLIT_run1	r211_project_exact_split	510	PPQ_Operation_1008	DequantizeLinear	activation	PPQ_Variable_1541	int8	scalar	12	12	1	12
R211_PROJECT_EXACT_SPLIT_run1	r211_project_exact_split	513	PPQ_Operation_1009	QuantizeLinear	activation	PPQ_Variable_1544	int8	scalar	8	8	1	8
R211_PROJECT_EXACT_SPLIT_run1	r211_project_exact_split	514	PPQ_Operation_1010	DequantizeLinear	activation	PPQ_Variable_1547	int8	scalar	8	8	1	8
R211_PROJECT_EXACT_SPLIT_run1	r211_project_exact_split	516	PPQ_Operation_1012	QuantizeLinear	activation	PPQ_Variable_1553	int8	scalar	12	12	1	12
R211_PROJECT_EXACT_SPLIT_run1	r211_project_exact_split	517	PPQ_Operation_1013	DequantizeLinear	activation	PPQ_Variable_1556	int8	scalar	12	12	1	12
R211_PROJECT_EXACT_SPLIT_run1	r211_project_exact_split	519	PPQ_Operation_1014	QuantizeLinear	activation	PPQ_Variable_1559	int8	scalar	-38	-38	1	-38
R211_PROJECT_EXACT_SPLIT_run1	r211_project_exact_split	520	PPQ_Operation_1015	DequantizeLinear	activation	PPQ_Variable_1562	int8	scalar	-38	-38	1	-38
R211_PROJECT_EXACT_SPLIT_run1	r211_project_exact_split	522	PPQ_Operation_1017	QuantizeLinear	activation	PPQ_Variable_1568	int8	scalar	55	55	1	55
R211_PROJECT_EXACT_SPLIT_run1	r211_project_exact_split	523	PPQ_Operation_1018	DequantizeLinear	activation	PPQ_Variable_1571	int8	scalar	55	55	1	55
R211_PROJECT_EXACT_SPLIT_run1	r211_project_exact_split	525	PPQ_Operation_1019	QuantizeLinear	activation	PPQ_Variable_1574	int8	scalar	-128	-128	1	-128
R211_PROJECT_EXACT_SPLIT_run1	r211_project_exact_split	526	PPQ_Operation_1020	DequantizeLinear	activation	PPQ_Variable_1577	int8	scalar	-128	-128	1	-128
R211_PROJECT_EXACT_SPLIT_run1	r211_project_exact_split	528	PPQ_Operation_1021	QuantizeLinear	activation	PPQ_Variable_1580	int8	scalar	-106	-106	1	-106
R211_PROJECT_EXACT_SPLIT_run1	r211_project_exact_split	529	PPQ_Operation_1022	DequantizeLinear	activation	PPQ_Variable_1583	int8	scalar	-106	-106	1	-106
R211_PROJECT_EXACT_SPLIT_run1	r211_project_exact_split	531	PPQ_Operation_1024	QuantizeLinear	activation	PPQ_Variable_1589	int8	scalar	5	5	1	5
R211_PROJECT_EXACT_SPLIT_run1	r211_project_exact_split	532	PPQ_Operation_1025	DequantizeLinear	activation	PPQ_Variable_1592	int8	scalar	5	5	1	5
R211_PROJECT_EXACT_SPLIT_run1	r211_project_exact_split	534	PPQ_Operation_1026	QuantizeLinear	activation	PPQ_Variable_1595	int8	scalar	-12	-12	1	-12
R211_PROJECT_EXACT_SPLIT_run1	r211_project_exact_split	535	PPQ_Operation_1027	DequantizeLinear	activation	PPQ_Variable_1598	int8	scalar	-12	-12	1	-12
R211_PROJECT_EXACT_SPLIT_run1	r211_project_exact_split	537	PPQ_Operation_1028	QuantizeLinear	activation	PPQ_Variable_1601	int8	scalar	-31	-31	1	-31
R211_PROJECT_EXACT_SPLIT_run1	r211_project_exact_split	538	PPQ_Operation_1029	DequantizeLinear	activation	PPQ_Variable_1604	int8	scalar	-31	-31	1	-31
R211_PROJECT_EXACT_SPLIT_run1	r211_project_exact_split	540	PPQ_Operation_1031	QuantizeLinear	activation	PPQ_Variable_1610	int8	scalar	37	37	1	37
R211_PROJECT_EXACT_SPLIT_run1	r211_project_exact_split	541	PPQ_Operation_1032	DequantizeLinear	activation	PPQ_Variable_1613	int8	scalar	37	37	1	37
R211_PROJECT_EXACT_SPLIT_run1	r211_project_exact_split	543	PPQ_Operation_1033	QuantizeLinear	activation	PPQ_Variable_1616	int8	scalar	-128	-128	1	-128
R211_PROJECT_EXACT_SPLIT_run1	r211_project_exact_split	544	PPQ_Operation_1034	DequantizeLinear	activation	PPQ_Variable_1619	int8	scalar	-128	-128	1	-128
R211_PROJECT_EXACT_SPLIT_run1	r211_project_exact_split	546	PPQ_Operation_1035	QuantizeLinear	activation	PPQ_Variable_1622	int8	scalar	-117	-117	1	-117
R211_PROJECT_EXACT_SPLIT_run1	r211_project_exact_split	547	PPQ_Operation_1036	DequantizeLinear	activation	PPQ_Variable_1625	int8	scalar	-117	-117	1	-117
R211_PROJECT_EXACT_SPLIT_run1	r211_project_exact_split	549	PPQ_Operation_1037	QuantizeLinear	activation	PPQ_Variable_1628	int8	scalar	-117	-117	1	-117
R211_PROJECT_EXACT_SPLIT_run1	r211_project_exact_split	550	PPQ_Operation_1038	DequantizeLinear	activation	PPQ_Variable_1631	int8	scalar	-117	-117	1	-117
R211_PROJECT_EXACT_SPLIT_run1	r211_project_exact_split	552	PPQ_Operation_1039	QuantizeLinear	activation	PPQ_Variable_1634	int8	scalar	-116	-116	1	-116
R211_PROJECT_EXACT_SPLIT_run1	r211_project_exact_split	553	PPQ_Operation_1040	DequantizeLinear	activation	PPQ_Variable_1637	int8	scalar	-116	-116	1	-116
R211_PROJECT_EXACT_SPLIT_run1	r211_project_exact_split	555	PPQ_Operation_1042	QuantizeLinear	activation	PPQ_Variable_1643	int8	scalar	38	38	1	38
R211_PROJECT_EXACT_SPLIT_run1	r211_project_exact_split	556	PPQ_Operation_1043	DequantizeLinear	activation	PPQ_Variable_1646	int8	scalar	38	38	1	38
R211_PROJECT_EXACT_SPLIT_run1	r211_project_exact_split	558	PPQ_Operation_1044	QuantizeLinear	activation	PPQ_Variable_1649	int8	scalar	-128	-128	1	-128
R211_PROJECT_EXACT_SPLIT_run1	r211_project_exact_split	559	PPQ_Operation_1045	DequantizeLinear	activation	PPQ_Variable_1652	int8	scalar	-128	-128	1	-128
R211_PROJECT_EXACT_SPLIT_run1	r211_project_exact_split	561	PPQ_Operation_1046	QuantizeLinear	activation	PPQ_Variable_1655	int8	scalar	-115	-115	1	-115
R211_PROJECT_EXACT_SPLIT_run1	r211_project_exact_split	562	PPQ_Operation_1047	DequantizeLinear	activation	PPQ_Variable_1658	int8	scalar	-115	-115	1	-115
R211_PROJECT_EXACT_SPLIT_run1	r211_project_exact_split	564	PPQ_Operation_1048	QuantizeLinear	activation	PPQ_Variable_1661	int8	scalar	-115	-115	1	-115
R211_PROJECT_EXACT_SPLIT_run1	r211_project_exact_split	565	PPQ_Operation_1050	QuantizeLinear	activation	PPQ_Variable_1667	int8	scalar	-115	-115	1	-115
R211_PROJECT_EXACT_SPLIT_run1	r211_project_exact_split	566	PPQ_Operation_1049	DequantizeLinear	activation	PPQ_Variable_1664	int8	scalar	-115	-115	1	-115
R211_PROJECT_EXACT_SPLIT_run1	r211_project_exact_split	567	PPQ_Operation_1051	DequantizeLinear	activation	PPQ_Variable_1670	int8	scalar	-115	-115	1	-115
R211_PROJECT_EXACT_SPLIT_run1	r211_project_exact_split	570	PPQ_Operation_1053	QuantizeLinear	activation	PPQ_Variable_1676	int8	scalar	43	43	1	43
R211_PROJECT_EXACT_SPLIT_run1	r211_project_exact_split	571	PPQ_Operation_1056	QuantizeLinear	activation	PPQ_Variable_1685	int8	scalar	5	5	1	5
R211_PROJECT_EXACT_SPLIT_run1	r211_project_exact_split	572	PPQ_Operation_1054	DequantizeLinear	activation	PPQ_Variable_1679	int8	scalar	43	43	1	43
R211_PROJECT_EXACT_SPLIT_run1	r211_project_exact_split	573	PPQ_Operation_1057	DequantizeLinear	activation	PPQ_Variable_1688	int8	scalar	5	5	1	5
R211_PROJECT_EXACT_SPLIT_run1	r211_project_exact_split	576	PPQ_Operation_1058	QuantizeLinear	activation	PPQ_Variable_1691	int8	scalar	-128	-128	1	-128
R211_PROJECT_EXACT_SPLIT_run1	r211_project_exact_split	577	PPQ_Operation_1060	QuantizeLinear	activation	PPQ_Variable_1697	int8	scalar	-128	-128	1	-128
R211_PROJECT_EXACT_SPLIT_run1	r211_project_exact_split	578	PPQ_Operation_1059	DequantizeLinear	activation	PPQ_Variable_1694	int8	scalar	-128	-128	1	-128
R211_PROJECT_EXACT_SPLIT_run1	r211_project_exact_split	579	PPQ_Operation_1061	DequantizeLinear	activation	PPQ_Variable_1700	int8	scalar	-128	-128	1	-128
R211_PROJECT_EXACT_SPLIT_run1	r211_project_exact_split	582	PPQ_Operation_1062	QuantizeLinear	activation	PPQ_Variable_1703	int8	scalar	-105	-105	1	-105
R211_PROJECT_EXACT_SPLIT_run1	r211_project_exact_split	583	PPQ_Operation_1064	QuantizeLinear	activation	PPQ_Variable_1709	int8	scalar	-119	-119	1	-119
R211_PROJECT_EXACT_SPLIT_run1	r211_project_exact_split	584	PPQ_Operation_1063	DequantizeLinear	activation	PPQ_Variable_1706	int8	scalar	-105	-105	1	-105
R211_PROJECT_EXACT_SPLIT_run1	r211_project_exact_split	585	PPQ_Operation_1065	DequantizeLinear	activation	PPQ_Variable_1712	int8	scalar	-119	-119	1	-119
R211_PROJECT_EXACT_SPLIT_run1	r211_project_exact_split	587	PPQ_Operation_1067	QuantizeLinear	activation	PPQ_Variable_1718	int8	scalar	-5	-5	1	-5
R211_PROJECT_EXACT_SPLIT_run1	r211_project_exact_split	588	PPQ_Operation_1068	DequantizeLinear	activation	PPQ_Variable_1721	int8	scalar	-5	-5	1	-5
R211_PROJECT_EXACT_SPLIT_run1	r211_project_exact_split	590	PPQ_Operation_1069	QuantizeLinear	activation	PPQ_Variable_1724	int8	scalar	-128	-128	1	-128
R211_PROJECT_EXACT_SPLIT_run1	r211_project_exact_split	591	PPQ_Operation_1070	DequantizeLinear	activation	PPQ_Variable_1727	int8	scalar	-128	-128	1	-128
R211_PROJECT_EXACT_SPLIT_run1	r211_project_exact_split	593	PPQ_Operation_1071	QuantizeLinear	activation	PPQ_Variable_1730	int8	scalar	-117	-117	1	-117
R211_PROJECT_EXACT_SPLIT_run1	r211_project_exact_split	594	PPQ_Operation_1072	DequantizeLinear	activation	PPQ_Variable_1733	int8	scalar	-117	-117	1	-117
R211_PROJECT_EXACT_SPLIT_run1	r211_project_exact_split	596	PPQ_Operation_1074	QuantizeLinear	activation	PPQ_Variable_1739	int8	scalar	1	1	1	1
R211_PROJECT_EXACT_SPLIT_run1	r211_project_exact_split	597	PPQ_Operation_1075	DequantizeLinear	activation	PPQ_Variable_1742	int8	scalar	1	1	1	1
R211_PROJECT_EXACT_SPLIT_run1	r211_project_exact_split	599	PPQ_Operation_1076	QuantizeLinear	activation	PPQ_Variable_1745	int8	scalar	-128	-128	1	-128
R211_PROJECT_EXACT_SPLIT_run1	r211_project_exact_split	600	PPQ_Operation_1077	DequantizeLinear	activation	PPQ_Variable_1748	int8	scalar	-128	-128	1	-128
R211_PROJECT_EXACT_SPLIT_run1	r211_project_exact_split	602	PPQ_Operation_1078	QuantizeLinear	activation	PPQ_Variable_1751	int8	scalar	-119	-119	1	-119
R211_PROJECT_EXACT_SPLIT_run1	r211_project_exact_split	603	PPQ_Operation_1079	DequantizeLinear	activation	PPQ_Variable_1754	int8	scalar	-119	-119	1	-119
R211_PROJECT_EXACT_SPLIT_run1	r211_project_exact_split	605	PPQ_Operation_1080	QuantizeLinear	activation	PPQ_Variable_1757	int8	scalar	-111	-111	1	-111
R211_PROJECT_EXACT_SPLIT_run1	r211_project_exact_split	606	PPQ_Operation_1081	DequantizeLinear	activation	PPQ_Variable_1760	int8	scalar	-111	-111	1	-111
R211_PROJECT_EXACT_SPLIT_run1	r211_project_exact_split	608	PPQ_Operation_1083	QuantizeLinear	activation	PPQ_Variable_1766	int8	scalar	34	34	1	34
R211_PROJECT_EXACT_SPLIT_run1	r211_project_exact_split	609	PPQ_Operation_1084	DequantizeLinear	activation	PPQ_Variable_1769	int8	scalar	34	34	1	34
R211_PROJECT_EXACT_SPLIT_run1	r211_project_exact_split	611	PPQ_Operation_1085	QuantizeLinear	activation	PPQ_Variable_1772	int8	scalar	-128	-128	1	-128
R211_PROJECT_EXACT_SPLIT_run1	r211_project_exact_split	612	PPQ_Operation_1086	DequantizeLinear	activation	PPQ_Variable_1775	int8	scalar	-128	-128	1	-128
R211_PROJECT_EXACT_SPLIT_run1	r211_project_exact_split	614	PPQ_Operation_1087	QuantizeLinear	activation	PPQ_Variable_1778	int8	scalar	-114	-114	1	-114
R211_PROJECT_EXACT_SPLIT_run1	r211_project_exact_split	615	PPQ_Operation_1088	DequantizeLinear	activation	PPQ_Variable_1781	int8	scalar	-114	-114	1	-114
R211_PROJECT_EXACT_SPLIT_run1	r211_project_exact_split	617	PPQ_Operation_1090	QuantizeLinear	activation	PPQ_Variable_1787	int8	scalar	-7	-7	1	-7
R211_PROJECT_EXACT_SPLIT_run1	r211_project_exact_split	618	PPQ_Operation_1091	DequantizeLinear	activation	PPQ_Variable_1790	int8	scalar	-7	-7	1	-7
R211_PROJECT_EXACT_SPLIT_run1	r211_project_exact_split	620	PPQ_Operation_1092	QuantizeLinear	activation	PPQ_Variable_1793	int8	scalar	-128	-128	1	-128
R211_PROJECT_EXACT_SPLIT_run1	r211_project_exact_split	621	PPQ_Operation_1093	DequantizeLinear	activation	PPQ_Variable_1796	int8	scalar	-128	-128	1	-128
R211_PROJECT_EXACT_SPLIT_run1	r211_project_exact_split	623	PPQ_Operation_1094	QuantizeLinear	activation	PPQ_Variable_1799	int8	scalar	-121	-121	1	-121
R211_PROJECT_EXACT_SPLIT_run1	r211_project_exact_split	624	PPQ_Operation_1095	DequantizeLinear	activation	PPQ_Variable_1802	int8	scalar	-121	-121	1	-121
R211_PROJECT_EXACT_SPLIT_run1	r211_project_exact_split	626	PPQ_Operation_1096	QuantizeLinear	activation	PPQ_Variable_1805	int8	scalar	-112	-112	1	-112
R211_PROJECT_EXACT_SPLIT_run1	r211_project_exact_split	627	PPQ_Operation_1097	DequantizeLinear	activation	PPQ_Variable_1808	int8	scalar	-112	-112	1	-112
R211_PROJECT_EXACT_SPLIT_run1	r211_project_exact_split	629	PPQ_Operation_1098	QuantizeLinear	activation	PPQ_Variable_1811	int8	scalar	-112	-112	1	-112
R211_PROJECT_EXACT_SPLIT_run1	r211_project_exact_split	630	PPQ_Operation_1099	DequantizeLinear	activation	PPQ_Variable_1814	int8	scalar	-112	-112	1	-112
R211_PROJECT_EXACT_SPLIT_run1	r211_project_exact_split	632	PPQ_Operation_1101	QuantizeLinear	activation	PPQ_Variable_1820	int8	scalar	-2	-2	1	-2
R211_PROJECT_EXACT_SPLIT_run1	r211_project_exact_split	633	PPQ_Operation_1102	DequantizeLinear	activation	PPQ_Variable_1823	int8	scalar	-2	-2	1	-2
R211_PROJECT_EXACT_SPLIT_run1	r211_project_exact_split	635	PPQ_Operation_1103	QuantizeLinear	activation	PPQ_Variable_1826	int8	scalar	-128	-128	1	-128
R211_PROJECT_EXACT_SPLIT_run1	r211_project_exact_split	636	PPQ_Operation_1104	DequantizeLinear	activation	PPQ_Variable_1829	int8	scalar	-128	-128	1	-128
R211_PROJECT_EXACT_SPLIT_run1	r211_project_exact_split	638	PPQ_Operation_1105	QuantizeLinear	activation	PPQ_Variable_1832	int8	scalar	-120	-120	1	-120
R211_PROJECT_EXACT_SPLIT_run1	r211_project_exact_split	639	PPQ_Operation_1106	DequantizeLinear	activation	PPQ_Variable_1835	int8	scalar	-120	-120	1	-120
R211_PROJECT_EXACT_SPLIT_run1	r211_project_exact_split	641	PPQ_Operation_1107	QuantizeLinear	activation	PPQ_Variable_1838	int8	scalar	-118	-118	1	-118
R211_PROJECT_EXACT_SPLIT_run1	r211_project_exact_split	642	PPQ_Operation_1108	DequantizeLinear	activation	PPQ_Variable_1841	int8	scalar	-118	-118	1	-118
R211_PROJECT_EXACT_SPLIT_run1	r211_project_exact_split	644	PPQ_Operation_1110	QuantizeLinear	activation	PPQ_Variable_1847	int8	scalar	41	41	1	41
R211_PROJECT_EXACT_SPLIT_run1	r211_project_exact_split	645	PPQ_Operation_1111	DequantizeLinear	activation	PPQ_Variable_1850	int8	scalar	41	41	1	41
R211_PROJECT_EXACT_SPLIT_run1	r211_project_exact_split	647	PPQ_Operation_1112	QuantizeLinear	activation	PPQ_Variable_1853	int8	scalar	-128	-128	1	-128
R211_PROJECT_EXACT_SPLIT_run1	r211_project_exact_split	648	PPQ_Operation_1113	DequantizeLinear	activation	PPQ_Variable_1856	int8	scalar	-128	-128	1	-128
R211_PROJECT_EXACT_SPLIT_run1	r211_project_exact_split	650	PPQ_Operation_1114	QuantizeLinear	activation	PPQ_Variable_1859	int8	scalar	-112	-112	1	-112
R211_PROJECT_EXACT_SPLIT_run1	r211_project_exact_split	651	PPQ_Operation_1115	DequantizeLinear	activation	PPQ_Variable_1862	int8	scalar	-112	-112	1	-112
R211_PROJECT_EXACT_SPLIT_run1	r211_project_exact_split	653	PPQ_Operation_1116	QuantizeLinear	activation	PPQ_Variable_1865	int8	scalar	-112	-112	1	-112
R211_PROJECT_EXACT_SPLIT_run1	r211_project_exact_split	654	PPQ_Operation_1117	DequantizeLinear	activation	PPQ_Variable_1868	int8	scalar	-112	-112	1	-112
R211_PROJECT_EXACT_SPLIT_run1	r211_project_exact_split	656	PPQ_Operation_1118	QuantizeLinear	activation	PPQ_Variable_1871	int8	scalar	-112	-112	1	-112
R211_PROJECT_EXACT_SPLIT_run1	r211_project_exact_split	657	PPQ_Operation_1119	DequantizeLinear	activation	PPQ_Variable_1874	int8	scalar	-112	-112	1	-112
R211_PROJECT_EXACT_SPLIT_run1	r211_project_exact_split	659	PPQ_Operation_1121	QuantizeLinear	activation	PPQ_Variable_1880	int8	scalar	6	6	1	6
R211_PROJECT_EXACT_SPLIT_run1	r211_project_exact_split	660	PPQ_Operation_1122	DequantizeLinear	activation	PPQ_Variable_1883	int8	scalar	6	6	1	6
R211_PROJECT_EXACT_SPLIT_run1	r211_project_exact_split	662	PPQ_Operation_1123	QuantizeLinear	activation	PPQ_Variable_1886	int8	scalar	-128	-128	1	-128
R211_PROJECT_EXACT_SPLIT_run1	r211_project_exact_split	663	PPQ_Operation_1124	DequantizeLinear	activation	PPQ_Variable_1889	int8	scalar	-128	-128	1	-128
R211_PROJECT_EXACT_SPLIT_run1	r211_project_exact_split	665	PPQ_Operation_1125	QuantizeLinear	activation	PPQ_Variable_1892	int8	scalar	-113	-113	1	-113
R211_PROJECT_EXACT_SPLIT_run1	r211_project_exact_split	666	PPQ_Operation_1126	DequantizeLinear	activation	PPQ_Variable_1895	int8	scalar	-113	-113	1	-113
R211_PROJECT_EXACT_SPLIT_run1	r211_project_exact_split	668	PPQ_Operation_1127	QuantizeLinear	activation	PPQ_Variable_1898	int8	scalar	-113	-113	1	-113
R211_PROJECT_EXACT_SPLIT_run1	r211_project_exact_split	669	PPQ_Operation_1129	QuantizeLinear	activation	PPQ_Variable_1904	int8	scalar	-113	-113	1	-113
R211_PROJECT_EXACT_SPLIT_run1	r211_project_exact_split	670	PPQ_Operation_1128	DequantizeLinear	activation	PPQ_Variable_1901	int8	scalar	-113	-113	1	-113
R211_PROJECT_EXACT_SPLIT_run1	r211_project_exact_split	671	PPQ_Operation_1130	DequantizeLinear	activation	PPQ_Variable_1907	int8	scalar	-113	-113	1	-113
R211_PROJECT_EXACT_SPLIT_run1	r211_project_exact_split	674	PPQ_Operation_1132	QuantizeLinear	activation	PPQ_Variable_1913	int8	scalar	25	25	1	25
R211_PROJECT_EXACT_SPLIT_run1	r211_project_exact_split	675	PPQ_Operation_1135	QuantizeLinear	activation	PPQ_Variable_1922	int8	scalar	28	28	1	28
R211_PROJECT_EXACT_SPLIT_run1	r211_project_exact_split	676	PPQ_Operation_1133	DequantizeLinear	activation	PPQ_Variable_1916	int8	scalar	25	25	1	25
R211_PROJECT_EXACT_SPLIT_run1	r211_project_exact_split	677	PPQ_Operation_1136	DequantizeLinear	activation	PPQ_Variable_1925	int8	scalar	28	28	1	28
R211_PROJECT_EXACT_SPLIT_run1	r211_project_exact_split	680	PPQ_Operation_1137	QuantizeLinear	activation	PPQ_Variable_1928	int8	scalar	-128	-128	1	-128
R211_PROJECT_EXACT_SPLIT_run1	r211_project_exact_split	681	PPQ_Operation_1139	QuantizeLinear	activation	PPQ_Variable_1934	int8	scalar	-128	-128	1	-128
R211_PROJECT_EXACT_SPLIT_run1	r211_project_exact_split	682	PPQ_Operation_1138	DequantizeLinear	activation	PPQ_Variable_1931	int8	scalar	-128	-128	1	-128
R211_PROJECT_EXACT_SPLIT_run1	r211_project_exact_split	683	PPQ_Operation_1140	DequantizeLinear	activation	PPQ_Variable_1937	int8	scalar	-128	-128	1	-128
R211_PROJECT_EXACT_SPLIT_run1	r211_project_exact_split	686	PPQ_Operation_1141	QuantizeLinear	activation	PPQ_Variable_1940	int8	scalar	-77	-77	1	-77
R211_PROJECT_EXACT_SPLIT_run1	r211_project_exact_split	687	PPQ_Operation_1143	QuantizeLinear	activation	PPQ_Variable_1946	int8	scalar	-116	-116	1	-116
R211_PROJECT_EXACT_SPLIT_run1	r211_project_exact_split	688	PPQ_Operation_1142	DequantizeLinear	activation	PPQ_Variable_1943	int8	scalar	-77	-77	1	-77
R211_PROJECT_EXACT_SPLIT_run1	r211_project_exact_split	689	PPQ_Operation_1144	DequantizeLinear	activation	PPQ_Variable_1949	int8	scalar	-116	-116	1	-116
R211_PROJECT_EXACT_SPLIT_run1	r211_project_exact_split	691	PPQ_Operation_1146	QuantizeLinear	activation	PPQ_Variable_1955	int8	scalar	12	12	1	12
R211_PROJECT_EXACT_SPLIT_run1	r211_project_exact_split	692	PPQ_Operation_1147	DequantizeLinear	activation	PPQ_Variable_1958	int8	scalar	12	12	1	12
R211_PROJECT_EXACT_SPLIT_run1	r211_project_exact_split	694	PPQ_Operation_1148	QuantizeLinear	activation	PPQ_Variable_1961	int8	scalar	-128	-128	1	-128
R211_PROJECT_EXACT_SPLIT_run1	r211_project_exact_split	695	PPQ_Operation_1149	DequantizeLinear	activation	PPQ_Variable_1964	int8	scalar	-128	-128	1	-128
R211_PROJECT_EXACT_SPLIT_run1	r211_project_exact_split	697	PPQ_Operation_1150	QuantizeLinear	activation	PPQ_Variable_1967	int8	scalar	-112	-112	1	-112
R211_PROJECT_EXACT_SPLIT_run1	r211_project_exact_split	698	PPQ_Operation_1151	DequantizeLinear	activation	PPQ_Variable_1970	int8	scalar	-112	-112	1	-112
R211_PROJECT_EXACT_SPLIT_run1	r211_project_exact_split	700	PPQ_Operation_1153	QuantizeLinear	activation	PPQ_Variable_1976	int8	scalar	13	13	1	13
R211_PROJECT_EXACT_SPLIT_run1	r211_project_exact_split	701	PPQ_Operation_1154	DequantizeLinear	activation	PPQ_Variable_1979	int8	scalar	13	13	1	13
R211_PROJECT_EXACT_SPLIT_run1	r211_project_exact_split	703	PPQ_Operation_1155	QuantizeLinear	activation	PPQ_Variable_1982	int8	scalar	-128	-128	1	-128
R211_PROJECT_EXACT_SPLIT_run1	r211_project_exact_split	704	PPQ_Operation_1156	DequantizeLinear	activation	PPQ_Variable_1985	int8	scalar	-128	-128	1	-128
R211_PROJECT_EXACT_SPLIT_run1	r211_project_exact_split	706	PPQ_Operation_1157	QuantizeLinear	activation	PPQ_Variable_1988	int8	scalar	-113	-113	1	-113
R211_PROJECT_EXACT_SPLIT_run1	r211_project_exact_split	707	PPQ_Operation_1158	DequantizeLinear	activation	PPQ_Variable_1991	int8	scalar	-113	-113	1	-113
R211_PROJECT_EXACT_SPLIT_run1	r211_project_exact_split	709	PPQ_Operation_1159	QuantizeLinear	activation	PPQ_Variable_1994	int8	scalar	-98	-98	1	-98
R211_PROJECT_EXACT_SPLIT_run1	r211_project_exact_split	710	PPQ_Operation_1160	DequantizeLinear	activation	PPQ_Variable_1997	int8	scalar	-98	-98	1	-98
R211_PROJECT_EXACT_SPLIT_run1	r211_project_exact_split	712	PPQ_Operation_1162	QuantizeLinear	activation	PPQ_Variable_2003	int8	scalar	33	33	1	33
R211_PROJECT_EXACT_SPLIT_run1	r211_project_exact_split	713	PPQ_Operation_1163	DequantizeLinear	activation	PPQ_Variable_2006	int8	scalar	33	33	1	33
R211_PROJECT_EXACT_SPLIT_run1	r211_project_exact_split	715	PPQ_Operation_1164	QuantizeLinear	activation	PPQ_Variable_2009	int8	scalar	-128	-128	1	-128
R211_PROJECT_EXACT_SPLIT_run1	r211_project_exact_split	716	PPQ_Operation_1165	DequantizeLinear	activation	PPQ_Variable_2012	int8	scalar	-128	-128	1	-128
R211_PROJECT_EXACT_SPLIT_run1	r211_project_exact_split	718	PPQ_Operation_1166	QuantizeLinear	activation	PPQ_Variable_2015	int8	scalar	-109	-109	1	-109
R211_PROJECT_EXACT_SPLIT_run1	r211_project_exact_split	719	PPQ_Operation_1167	DequantizeLinear	activation	PPQ_Variable_2018	int8	scalar	-109	-109	1	-109
R211_PROJECT_EXACT_SPLIT_run1	r211_project_exact_split	721	PPQ_Operation_1169	QuantizeLinear	activation	PPQ_Variable_2024	int8	scalar	-27	-27	1	-27
R211_PROJECT_EXACT_SPLIT_run1	r211_project_exact_split	722	PPQ_Operation_1170	DequantizeLinear	activation	PPQ_Variable_2027	int8	scalar	-27	-27	1	-27
R211_PROJECT_EXACT_SPLIT_run1	r211_project_exact_split	724	PPQ_Operation_1171	QuantizeLinear	activation	PPQ_Variable_2030	int8	scalar	-128	-128	1	-128
R211_PROJECT_EXACT_SPLIT_run1	r211_project_exact_split	725	PPQ_Operation_1172	DequantizeLinear	activation	PPQ_Variable_2033	int8	scalar	-128	-128	1	-128
R211_PROJECT_EXACT_SPLIT_run1	r211_project_exact_split	727	PPQ_Operation_1173	QuantizeLinear	activation	PPQ_Variable_2036	int8	scalar	-123	-123	1	-123
R211_PROJECT_EXACT_SPLIT_run1	r211_project_exact_split	728	PPQ_Operation_1174	DequantizeLinear	activation	PPQ_Variable_2039	int8	scalar	-123	-123	1	-123
R211_PROJECT_EXACT_SPLIT_run1	r211_project_exact_split	730	PPQ_Operation_1175	QuantizeLinear	activation	PPQ_Variable_2042	int8	scalar	-114	-114	1	-114
R211_PROJECT_EXACT_SPLIT_run1	r211_project_exact_split	731	PPQ_Operation_1176	DequantizeLinear	activation	PPQ_Variable_2045	int8	scalar	-114	-114	1	-114
R211_PROJECT_EXACT_SPLIT_run1	r211_project_exact_split	733	PPQ_Operation_1177	QuantizeLinear	activation	PPQ_Variable_2048	int8	scalar	-113	-113	1	-113
R211_PROJECT_EXACT_SPLIT_run1	r211_project_exact_split	734	PPQ_Operation_1178	DequantizeLinear	activation	PPQ_Variable_2051	int8	scalar	-113	-113	1	-113
R211_PROJECT_EXACT_SPLIT_run1	r211_project_exact_split	736	PPQ_Operation_1180	QuantizeLinear	activation	PPQ_Variable_2057	int8	scalar	2	2	1	2
R211_PROJECT_EXACT_SPLIT_run1	r211_project_exact_split	737	PPQ_Operation_1181	DequantizeLinear	activation	PPQ_Variable_2060	int8	scalar	2	2	1	2
R211_PROJECT_EXACT_SPLIT_run1	r211_project_exact_split	739	PPQ_Operation_1182	QuantizeLinear	activation	PPQ_Variable_2063	int8	scalar	-128	-128	1	-128
R211_PROJECT_EXACT_SPLIT_run1	r211_project_exact_split	740	PPQ_Operation_1183	DequantizeLinear	activation	PPQ_Variable_2066	int8	scalar	-128	-128	1	-128
R211_PROJECT_EXACT_SPLIT_run1	r211_project_exact_split	742	PPQ_Operation_1184	QuantizeLinear	activation	PPQ_Variable_2069	int8	scalar	-120	-120	1	-120
R211_PROJECT_EXACT_SPLIT_run1	r211_project_exact_split	743	PPQ_Operation_1185	DequantizeLinear	activation	PPQ_Variable_2072	int8	scalar	-120	-120	1	-120
R211_PROJECT_EXACT_SPLIT_run1	r211_project_exact_split	745	PPQ_Operation_1186	QuantizeLinear	activation	PPQ_Variable_2075	int8	scalar	-120	-120	1	-120
R211_PROJECT_EXACT_SPLIT_run1	r211_project_exact_split	746	PPQ_Operation_1187	DequantizeLinear	activation	PPQ_Variable_2078	int8	scalar	-120	-120	1	-120
R211_PROJECT_EXACT_SPLIT_run1	r211_project_exact_split	748	PPQ_Operation_1189	QuantizeLinear	activation	PPQ_Variable_2084	int8	scalar	-60	-60	1	-60
R211_PROJECT_EXACT_SPLIT_run1	r211_project_exact_split	749	PPQ_Operation_1190	DequantizeLinear	activation	PPQ_Variable_2087	int8	scalar	-60	-60	1	-60
R211_PROJECT_EXACT_SPLIT_run1	r211_project_exact_split	751	PPQ_Operation_1191	QuantizeLinear	activation	PPQ_Variable_2090	int8	scalar	-128	-128	1	-128
R211_PROJECT_EXACT_SPLIT_run1	r211_project_exact_split	752	PPQ_Operation_1192	DequantizeLinear	activation	PPQ_Variable_2093	int8	scalar	-128	-128	1	-128
R211_PROJECT_EXACT_SPLIT_run1	r211_project_exact_split	754	PPQ_Operation_1193	QuantizeLinear	activation	PPQ_Variable_2096	int8	scalar	-114	-114	1	-114
R211_PROJECT_EXACT_SPLIT_run1	r211_project_exact_split	755	PPQ_Operation_1194	DequantizeLinear	activation	PPQ_Variable_2099	int8	scalar	-114	-114	1	-114
R211_PROJECT_EXACT_SPLIT_run1	r211_project_exact_split	759	PPQ_Operation_1196	QuantizeLinear	activation	PPQ_Variable_2105	int8	scalar	28	28	1	28
R211_PROJECT_EXACT_SPLIT_run1	r211_project_exact_split	760	PPQ_Operation_1199	QuantizeLinear	activation	PPQ_Variable_2114	int8	scalar	-62	-62	1	-62
R211_PROJECT_EXACT_SPLIT_run1	r211_project_exact_split	761	PPQ_Operation_1202	QuantizeLinear	activation	PPQ_Variable_2123	int8	scalar	-57	-57	1	-57
R211_PROJECT_EXACT_SPLIT_run1	r211_project_exact_split	762	PPQ_Operation_1197	DequantizeLinear	activation	PPQ_Variable_2108	int8	scalar	28	28	1	28
R211_PROJECT_EXACT_SPLIT_run1	r211_project_exact_split	763	PPQ_Operation_1200	DequantizeLinear	activation	PPQ_Variable_2117	int8	scalar	-62	-62	1	-62
R211_PROJECT_EXACT_SPLIT_run1	r211_project_exact_split	764	PPQ_Operation_1203	DequantizeLinear	activation	PPQ_Variable_2126	int8	scalar	-57	-57	1	-57
R211_PROJECT_EXACT_SPLIT_run1	r211_project_exact_split	768	PPQ_Operation_1204	QuantizeLinear	activation	PPQ_Variable_2129	int8	scalar	-128	-128	1	-128
R211_PROJECT_EXACT_SPLIT_run1	r211_project_exact_split	769	PPQ_Operation_1206	QuantizeLinear	activation	PPQ_Variable_2135	int8	scalar	-128	-128	1	-128
R211_PROJECT_EXACT_SPLIT_run1	r211_project_exact_split	770	PPQ_Operation_1208	QuantizeLinear	activation	PPQ_Variable_2141	int8	scalar	-128	-128	1	-128
R211_PROJECT_EXACT_SPLIT_run1	r211_project_exact_split	771	PPQ_Operation_1205	DequantizeLinear	activation	PPQ_Variable_2132	int8	scalar	-128	-128	1	-128
R211_PROJECT_EXACT_SPLIT_run1	r211_project_exact_split	772	PPQ_Operation_1207	DequantizeLinear	activation	PPQ_Variable_2138	int8	scalar	-128	-128	1	-128
R211_PROJECT_EXACT_SPLIT_run1	r211_project_exact_split	773	PPQ_Operation_1209	DequantizeLinear	activation	PPQ_Variable_2144	int8	scalar	-128	-128	1	-128
R211_PROJECT_EXACT_SPLIT_run1	r211_project_exact_split	777	PPQ_Operation_1210	QuantizeLinear	activation	PPQ_Variable_2147	int8	scalar	-112	-112	1	-112
R211_PROJECT_EXACT_SPLIT_run1	r211_project_exact_split	778	PPQ_Operation_1212	QuantizeLinear	activation	PPQ_Variable_2153	int8	scalar	-123	-123	1	-123
R211_PROJECT_EXACT_SPLIT_run1	r211_project_exact_split	779	PPQ_Operation_1214	QuantizeLinear	activation	PPQ_Variable_2159	int8	scalar	-122	-122	1	-122
R211_PROJECT_EXACT_SPLIT_run1	r211_project_exact_split	780	PPQ_Operation_1211	DequantizeLinear	activation	PPQ_Variable_2150	int8	scalar	-112	-112	1	-112
R211_PROJECT_EXACT_SPLIT_run1	r211_project_exact_split	781	PPQ_Operation_1213	DequantizeLinear	activation	PPQ_Variable_2156	int8	scalar	-123	-123	1	-123
R211_PROJECT_EXACT_SPLIT_run1	r211_project_exact_split	782	PPQ_Operation_1215	DequantizeLinear	activation	PPQ_Variable_2162	int8	scalar	-122	-122	1	-122
R211_PROJECT_EXACT_SPLIT_run1	r211_project_exact_split	786	PPQ_Operation_1216	QuantizeLinear	activation	PPQ_Variable_2165	int8	scalar	-112	-112	1	-112
R211_PROJECT_EXACT_SPLIT_run1	r211_project_exact_split	787	PPQ_Operation_1219	QuantizeLinear	activation	PPQ_Variable_2174	int8	scalar	61	61	1	61
R211_PROJECT_EXACT_SPLIT_run1	r211_project_exact_split	788	PPQ_Operation_1222	QuantizeLinear	activation	PPQ_Variable_2183	int8	scalar	16	16	1	16
R211_PROJECT_EXACT_SPLIT_run1	r211_project_exact_split	789	PPQ_Operation_1217	DequantizeLinear	activation	PPQ_Variable_2168	int8	scalar	-112	-112	1	-112
R211_PROJECT_EXACT_SPLIT_run1	r211_project_exact_split	790	PPQ_Operation_1220	DequantizeLinear	activation	PPQ_Variable_2177	int8	scalar	61	61	1	61
R211_PROJECT_EXACT_SPLIT_run1	r211_project_exact_split	791	PPQ_Operation_1223	DequantizeLinear	activation	PPQ_Variable_2186	int8	scalar	16	16	1	16
R211_PROJECT_EXACT_SPLIT_run1	r211_project_exact_split	795	PPQ_Operation_1225	QuantizeLinear	activation	PPQ_Variable_2192	int8	scalar	25	25	1	25
R211_PROJECT_EXACT_SPLIT_run1	r211_project_exact_split	796	PPQ_Operation_1227	QuantizeLinear	activation	PPQ_Variable_2198	int8	scalar	-128	-128	1	-128
R211_PROJECT_EXACT_SPLIT_run1	r211_project_exact_split	797	PPQ_Operation_1229	QuantizeLinear	activation	PPQ_Variable_2204	int8	scalar	-128	-128	1	-128
R211_PROJECT_EXACT_SPLIT_run1	r211_project_exact_split	798	PPQ_Operation_1226	DequantizeLinear	activation	PPQ_Variable_2195	int8	scalar	25	25	1	25
R211_PROJECT_EXACT_SPLIT_run1	r211_project_exact_split	799	PPQ_Operation_1228	DequantizeLinear	activation	PPQ_Variable_2201	int8	scalar	-128	-128	1	-128
R211_PROJECT_EXACT_SPLIT_run1	r211_project_exact_split	800	PPQ_Operation_1230	DequantizeLinear	activation	PPQ_Variable_2207	int8	scalar	-128	-128	1	-128
R211_PROJECT_EXACT_SPLIT_run1	r211_project_exact_split	804	PPQ_Operation_1231	QuantizeLinear	activation	PPQ_Variable_2210	int8	scalar	-128	-128	1	-128
R211_PROJECT_EXACT_SPLIT_run1	r211_project_exact_split	805	PPQ_Operation_1233	QuantizeLinear	activation	PPQ_Variable_2216	int8	scalar	-111	-111	1	-111
R211_PROJECT_EXACT_SPLIT_run1	r211_project_exact_split	806	PPQ_Operation_1235	QuantizeLinear	activation	PPQ_Variable_2222	int8	scalar	-117	-117	1	-117
R211_PROJECT_EXACT_SPLIT_run1	r211_project_exact_split	807	PPQ_Operation_1232	DequantizeLinear	activation	PPQ_Variable_2213	int8	scalar	-128	-128	1	-128
R211_PROJECT_EXACT_SPLIT_run1	r211_project_exact_split	808	PPQ_Operation_1234	DequantizeLinear	activation	PPQ_Variable_2219	int8	scalar	-111	-111	1	-111
R211_PROJECT_EXACT_SPLIT_run1	r211_project_exact_split	809	PPQ_Operation_1236	DequantizeLinear	activation	PPQ_Variable_2225	int8	scalar	-117	-117	1	-117
R211_PROJECT_EXACT_SPLIT_run1	r211_project_exact_split	813	PPQ_Operation_1237	QuantizeLinear	activation	PPQ_Variable_2228	int8	scalar	-116	-116	1	-116
R211_PROJECT_EXACT_SPLIT_run1	r211_project_exact_split	814	PPQ_Operation_1240	QuantizeLinear	activation	PPQ_Variable_2237	int8	scalar	-106	-106	1	-106
R211_PROJECT_EXACT_SPLIT_run1	r211_project_exact_split	815	PPQ_Operation_1243	QuantizeLinear	activation	PPQ_Variable_2246	int8	scalar	-63	-63	1	-63
R211_PROJECT_EXACT_SPLIT_run1	r211_project_exact_split	816	PPQ_Operation_1238	DequantizeLinear	activation	PPQ_Variable_2231	int8	scalar	-116	-116	1	-116
R211_PROJECT_EXACT_SPLIT_run1	r211_project_exact_split	817	PPQ_Operation_1241	DequantizeLinear	activation	PPQ_Variable_2240	int8	scalar	-106	-106	1	-106
R211_PROJECT_EXACT_SPLIT_run1	r211_project_exact_split	818	PPQ_Operation_1244	DequantizeLinear	activation	PPQ_Variable_2249	int8	scalar	-63	-63	1	-63
R211_PROJECT_EXACT_SPLIT_run1	r211_project_exact_split	821	PPQ_Operation_1245	QuantizeLinear	activation	PPQ_Variable_2252	int8	scalar	-116	-116	1	-116
R211_PROJECT_EXACT_SPLIT_run1	r211_project_exact_split	822	PPQ_Operation_1247	QuantizeLinear	activation	PPQ_Variable_2258	int8	scalar	-116	-116	1	-116
R211_PROJECT_EXACT_SPLIT_run1	r211_project_exact_split	823	PPQ_Operation_1249	QuantizeLinear	activation	PPQ_Variable_2264	int8	scalar	-128	-128	1	-128
R211_PROJECT_EXACT_SPLIT_run1	r211_project_exact_split	824	PPQ_Operation_1246	DequantizeLinear	activation	PPQ_Variable_2255	int8	scalar	-116	-116	1	-116
R211_PROJECT_EXACT_SPLIT_run1	r211_project_exact_split	825	PPQ_Operation_1248	DequantizeLinear	activation	PPQ_Variable_2261	int8	scalar	-116	-116	1	-116
R211_PROJECT_EXACT_SPLIT_run1	r211_project_exact_split	826	PPQ_Operation_1250	DequantizeLinear	activation	PPQ_Variable_2267	int8	scalar	-128	-128	1	-128
R211_PROJECT_EXACT_SPLIT_run1	r211_project_exact_split	830	PPQ_Operation_1252	QuantizeLinear	activation	PPQ_Variable_2273	int8	scalar	50	50	1	50
R211_PROJECT_EXACT_SPLIT_run1	r211_project_exact_split	831	PPQ_Operation_1255	QuantizeLinear	activation	PPQ_Variable_2282	int8	scalar	11	11	1	11
R211_PROJECT_EXACT_SPLIT_run1	r211_project_exact_split	832	PPQ_Operation_1257	QuantizeLinear	activation	PPQ_Variable_2288	int8	scalar	-123	-123	1	-123
R211_PROJECT_EXACT_SPLIT_run1	r211_project_exact_split	833	PPQ_Operation_1253	DequantizeLinear	activation	PPQ_Variable_2276	int8	scalar	50	50	1	50
R211_PROJECT_EXACT_SPLIT_run1	r211_project_exact_split	834	PPQ_Operation_1256	DequantizeLinear	activation	PPQ_Variable_2285	int8	scalar	11	11	1	11
R211_PROJECT_EXACT_SPLIT_run1	r211_project_exact_split	835	PPQ_Operation_1258	DequantizeLinear	activation	PPQ_Variable_2291	int8	scalar	-123	-123	1	-123
R211_PROJECT_EXACT_SPLIT_run1	r211_project_exact_split	839	PPQ_Operation_1259	QuantizeLinear	activation	PPQ_Variable_2294	int8	scalar	-128	-128	1	-128
R211_PROJECT_EXACT_SPLIT_run1	r211_project_exact_split	840	PPQ_Operation_1261	QuantizeLinear	activation	PPQ_Variable_2300	int8	scalar	-128	-128	1	-128
R211_PROJECT_EXACT_SPLIT_run1	r211_project_exact_split	841	PPQ_Operation_1264	QuantizeLinear	activation	PPQ_Variable_2309	int8	scalar	-86	-86	1	-86
R211_PROJECT_EXACT_SPLIT_run1	r211_project_exact_split	842	PPQ_Operation_1260	DequantizeLinear	activation	PPQ_Variable_2297	int8	scalar	-128	-128	1	-128
R211_PROJECT_EXACT_SPLIT_run1	r211_project_exact_split	843	PPQ_Operation_1262	DequantizeLinear	activation	PPQ_Variable_2303	int8	scalar	-128	-128	1	-128
R211_PROJECT_EXACT_SPLIT_run1	r211_project_exact_split	844	PPQ_Operation_1265	DequantizeLinear	activation	PPQ_Variable_2312	int8	scalar	-86	-86	1	-86
R211_PROJECT_EXACT_SPLIT_run1	r211_project_exact_split	848	PPQ_Operation_1266	QuantizeLinear	activation	PPQ_Variable_2315	int8	scalar	-83	-83	1	-83
R211_PROJECT_EXACT_SPLIT_run1	r211_project_exact_split	849	PPQ_Operation_1268	QuantizeLinear	activation	PPQ_Variable_2321	int8	scalar	-119	-119	1	-119
R211_PROJECT_EXACT_SPLIT_run1	r211_project_exact_split	850	PPQ_Operation_1270	QuantizeLinear	activation	PPQ_Variable_2327	int8	scalar	-128	-128	1	-128
R211_PROJECT_EXACT_SPLIT_run1	r211_project_exact_split	851	PPQ_Operation_1267	DequantizeLinear	activation	PPQ_Variable_2318	int8	scalar	-83	-83	1	-83
R211_PROJECT_EXACT_SPLIT_run1	r211_project_exact_split	852	PPQ_Operation_1269	DequantizeLinear	activation	PPQ_Variable_2324	int8	scalar	-119	-119	1	-119
R211_PROJECT_EXACT_SPLIT_run1	r211_project_exact_split	853	PPQ_Operation_1271	DequantizeLinear	activation	PPQ_Variable_2330	int8	scalar	-128	-128	1	-128
R211_PROJECT_EXACT_SPLIT_run1	r211_project_exact_split	856	PPQ_Operation_1273	QuantizeLinear	activation	PPQ_Variable_2336	int8	scalar	46	46	1	46
R211_PROJECT_EXACT_SPLIT_run1	r211_project_exact_split	857	PPQ_Operation_1275	QuantizeLinear	activation	PPQ_Variable_2342	int8	scalar	-125	-125	1	-125
R211_PROJECT_EXACT_SPLIT_run1	r211_project_exact_split	858	PPQ_Operation_1274	DequantizeLinear	activation	PPQ_Variable_2339	int8	scalar	46	46	1	46
R211_PROJECT_EXACT_SPLIT_run1	r211_project_exact_split	859	PPQ_Operation_1276	DequantizeLinear	activation	PPQ_Variable_2345	int8	scalar	-125	-125	1	-125
R211_PROJECT_EXACT_SPLIT_run1	r211_project_exact_split	862	PPQ_Operation_1277	QuantizeLinear	activation	PPQ_Variable_2348	int8	scalar	-128	-128	1	-128
R211_PROJECT_EXACT_SPLIT_run1	r211_project_exact_split	863	PPQ_Operation_1280	QuantizeLinear	activation	PPQ_Variable_2357	int8	scalar	127	127	1	127
R211_PROJECT_EXACT_SPLIT_run1	r211_project_exact_split	864	PPQ_Operation_1278	DequantizeLinear	activation	PPQ_Variable_2351	int8	scalar	-128	-128	1	-128
R211_PROJECT_EXACT_SPLIT_run1	r211_project_exact_split	865	PPQ_Operation_1281	DequantizeLinear	activation	PPQ_Variable_2360	int8	scalar	127	127	1	127
R211_PROJECT_EXACT_SPLIT_run1	r211_project_exact_split	867	PPQ_Operation_1282	QuantizeLinear	activation	PPQ_Variable_2363	int8	scalar	-110	-110	1	-110
R211_PROJECT_EXACT_SPLIT_run1	r211_project_exact_split	868	PPQ_Operation_1283	DequantizeLinear	activation	PPQ_Variable_2366	int8	scalar	-110	-110	1	-110
R211_PROJECT_EXACT_SPLIT_run1	r211_project_exact_split	870	PPQ_Operation_1285	QuantizeLinear	activation	PPQ_Variable_2372	int8	scalar	30	30	1	30
R211_PROJECT_EXACT_SPLIT_run1	r211_project_exact_split	871	PPQ_Operation_1286	DequantizeLinear	activation	PPQ_Variable_2375	int8	scalar	30	30	1	30
R211_PROJECT_EXACT_SPLIT_run1	r211_project_exact_split	873	PPQ_Operation_1287	QuantizeLinear	activation	PPQ_Variable_2378	int8	scalar	-128	-128	1	-128
R211_PROJECT_EXACT_SPLIT_run1	r211_project_exact_split	874	PPQ_Operation_1288	DequantizeLinear	activation	PPQ_Variable_2381	int8	scalar	-128	-128	1	-128
R211_PROJECT_EXACT_SPLIT_run1	r211_project_exact_split	876	PPQ_Operation_1289	QuantizeLinear	activation	PPQ_Variable_2384	int8	scalar	-112	-112	1	-112
R211_PROJECT_EXACT_SPLIT_run1	r211_project_exact_split	877	PPQ_Operation_1290	DequantizeLinear	activation	PPQ_Variable_2387	int8	scalar	-112	-112	1	-112
R211_PROJECT_EXACT_SPLIT_run1	r211_project_exact_split	879	PPQ_Operation_1291	QuantizeLinear	activation	PPQ_Variable_2390	int8	scalar	-97	-97	1	-97
R211_PROJECT_EXACT_SPLIT_run1	r211_project_exact_split	880	PPQ_Operation_1292	DequantizeLinear	activation	PPQ_Variable_2393	int8	scalar	-97	-97	1	-97
R211_PROJECT_EXACT_SPLIT_run1	r211_project_exact_split	882	PPQ_Operation_1294	QuantizeLinear	activation	PPQ_Variable_2399	int8	scalar	36	36	1	36
R211_PROJECT_EXACT_SPLIT_run1	r211_project_exact_split	883	PPQ_Operation_1295	DequantizeLinear	activation	PPQ_Variable_2402	int8	scalar	36	36	1	36
R211_PROJECT_EXACT_SPLIT_run1	r211_project_exact_split	885	PPQ_Operation_1296	QuantizeLinear	activation	PPQ_Variable_2405	int8	scalar	-128	-128	1	-128
R211_PROJECT_EXACT_SPLIT_run1	r211_project_exact_split	886	PPQ_Operation_1297	DequantizeLinear	activation	PPQ_Variable_2408	int8	scalar	-128	-128	1	-128
R211_PROJECT_EXACT_SPLIT_run1	r211_project_exact_split	888	PPQ_Operation_1298	QuantizeLinear	activation	PPQ_Variable_2411	int8	scalar	-114	-114	1	-114
R211_PROJECT_EXACT_SPLIT_run1	r211_project_exact_split	889	PPQ_Operation_1299	DequantizeLinear	activation	PPQ_Variable_2414	int8	scalar	-114	-114	1	-114
R211_PROJECT_EXACT_SPLIT_run1	r211_project_exact_split	891	PPQ_Operation_1301	QuantizeLinear	activation	PPQ_Variable_2420	int8	scalar	-66	-66	1	-66
R211_PROJECT_EXACT_SPLIT_run1	r211_project_exact_split	892	PPQ_Operation_1302	DequantizeLinear	activation	PPQ_Variable_2423	int8	scalar	-66	-66	1	-66
R211_PROJECT_EXACT_SPLIT_run1	r211_project_exact_split	894	PPQ_Operation_1303	QuantizeLinear	activation	PPQ_Variable_2426	int8	scalar	-128	-128	1	-128
R211_PROJECT_EXACT_SPLIT_run1	r211_project_exact_split	895	PPQ_Operation_1304	DequantizeLinear	activation	PPQ_Variable_2429	int8	scalar	-128	-128	1	-128
R211_PROJECT_EXACT_SPLIT_run1	r211_project_exact_split	897	PPQ_Operation_1305	QuantizeLinear	activation	PPQ_Variable_2432	int8	scalar	-125	-125	1	-125
R211_PROJECT_EXACT_SPLIT_run1	r211_project_exact_split	898	PPQ_Operation_1306	DequantizeLinear	activation	PPQ_Variable_2435	int8	scalar	-125	-125	1	-125
R211_PROJECT_EXACT_SPLIT_run1	r211_project_exact_split	900	PPQ_Operation_1307	QuantizeLinear	activation	PPQ_Variable_2438	int8	scalar	-121	-121	1	-121
R211_PROJECT_EXACT_SPLIT_run1	r211_project_exact_split	901	PPQ_Operation_1308	DequantizeLinear	activation	PPQ_Variable_2441	int8	scalar	-121	-121	1	-121
R211_PROJECT_EXACT_SPLIT_run1	r211_project_exact_split	903	PPQ_Operation_1309	QuantizeLinear	activation	PPQ_Variable_2444	int8	scalar	-119	-119	1	-119
R211_PROJECT_EXACT_SPLIT_run1	r211_project_exact_split	904	PPQ_Operation_1310	DequantizeLinear	activation	PPQ_Variable_2447	int8	scalar	-119	-119	1	-119
R211_PROJECT_EXACT_SPLIT_run1	r211_project_exact_split	906	PPQ_Operation_1312	QuantizeLinear	activation	PPQ_Variable_2453	int8	scalar	-62	-62	1	-62
R211_PROJECT_EXACT_SPLIT_run1	r211_project_exact_split	907	PPQ_Operation_1313	DequantizeLinear	activation	PPQ_Variable_2456	int8	scalar	-62	-62	1	-62
R211_PROJECT_EXACT_SPLIT_run1	r211_project_exact_split	909	PPQ_Operation_1314	QuantizeLinear	activation	PPQ_Variable_2459	int8	scalar	-128	-128	1	-128
R211_PROJECT_EXACT_SPLIT_run1	r211_project_exact_split	910	PPQ_Operation_1315	DequantizeLinear	activation	PPQ_Variable_2462	int8	scalar	-128	-128	1	-128
R211_PROJECT_EXACT_SPLIT_run1	r211_project_exact_split	912	PPQ_Operation_1316	QuantizeLinear	activation	PPQ_Variable_2465	int8	scalar	-121	-121	1	-121
R211_PROJECT_EXACT_SPLIT_run1	r211_project_exact_split	913	PPQ_Operation_1317	DequantizeLinear	activation	PPQ_Variable_2468	int8	scalar	-121	-121	1	-121
R211_PROJECT_EXACT_SPLIT_run1	r211_project_exact_split	915	PPQ_Operation_1318	QuantizeLinear	activation	PPQ_Variable_2471	int8	scalar	-120	-120	1	-120
R211_PROJECT_EXACT_SPLIT_run1	r211_project_exact_split	916	PPQ_Operation_1319	DequantizeLinear	activation	PPQ_Variable_2474	int8	scalar	-120	-120	1	-120
R211_PROJECT_EXACT_SPLIT_run1	r211_project_exact_split	918	PPQ_Operation_1321	QuantizeLinear	activation	PPQ_Variable_2480	int8	scalar	49	49	1	49
R211_PROJECT_EXACT_SPLIT_run1	r211_project_exact_split	919	PPQ_Operation_1322	DequantizeLinear	activation	PPQ_Variable_2483	int8	scalar	49	49	1	49
R211_PROJECT_EXACT_SPLIT_run1	r211_project_exact_split	921	PPQ_Operation_1323	QuantizeLinear	activation	PPQ_Variable_2486	int8	scalar	-128	-128	1	-128
R211_PROJECT_EXACT_SPLIT_run1	r211_project_exact_split	922	PPQ_Operation_1324	DequantizeLinear	activation	PPQ_Variable_2489	int8	scalar	-128	-128	1	-128
R211_PROJECT_EXACT_SPLIT_run1	r211_project_exact_split	924	PPQ_Operation_1325	QuantizeLinear	activation	PPQ_Variable_2492	int8	scalar	-113	-113	1	-113
R211_PROJECT_EXACT_SPLIT_run1	r211_project_exact_split	925	PPQ_Operation_1326	DequantizeLinear	activation	PPQ_Variable_2495	int8	scalar	-113	-113	1	-113
R211_PROJECT_EXACT_SPLIT_run1	r211_project_exact_split	929	PPQ_Operation_1328	QuantizeLinear	activation	PPQ_Variable_2501	int8	scalar	44	44	1	44
R211_PROJECT_EXACT_SPLIT_run1	r211_project_exact_split	930	PPQ_Operation_1331	QuantizeLinear	activation	PPQ_Variable_2510	int8	scalar	-15	-15	1	-15
R211_PROJECT_EXACT_SPLIT_run1	r211_project_exact_split	931	PPQ_Operation_1334	QuantizeLinear	activation	PPQ_Variable_2519	int8	scalar	-48	-48	1	-48
R211_PROJECT_EXACT_SPLIT_run1	r211_project_exact_split	932	PPQ_Operation_1329	DequantizeLinear	activation	PPQ_Variable_2504	int8	scalar	44	44	1	44
R211_PROJECT_EXACT_SPLIT_run1	r211_project_exact_split	933	PPQ_Operation_1332	DequantizeLinear	activation	PPQ_Variable_2513	int8	scalar	-15	-15	1	-15
R211_PROJECT_EXACT_SPLIT_run1	r211_project_exact_split	934	PPQ_Operation_1335	DequantizeLinear	activation	PPQ_Variable_2522	int8	scalar	-48	-48	1	-48
R211_PROJECT_EXACT_SPLIT_run1	r211_project_exact_split	938	PPQ_Operation_1336	QuantizeLinear	activation	PPQ_Variable_2525	int8	scalar	-128	-128	1	-128
R211_PROJECT_EXACT_SPLIT_run1	r211_project_exact_split	939	PPQ_Operation_1338	QuantizeLinear	activation	PPQ_Variable_2531	int8	scalar	-128	-128	1	-128
R211_PROJECT_EXACT_SPLIT_run1	r211_project_exact_split	940	PPQ_Operation_1340	QuantizeLinear	activation	PPQ_Variable_2537	int8	scalar	-128	-128	1	-128
R211_PROJECT_EXACT_SPLIT_run1	r211_project_exact_split	941	PPQ_Operation_1337	DequantizeLinear	activation	PPQ_Variable_2528	int8	scalar	-128	-128	1	-128
R211_PROJECT_EXACT_SPLIT_run1	r211_project_exact_split	942	PPQ_Operation_1339	DequantizeLinear	activation	PPQ_Variable_2534	int8	scalar	-128	-128	1	-128
R211_PROJECT_EXACT_SPLIT_run1	r211_project_exact_split	943	PPQ_Operation_1341	DequantizeLinear	activation	PPQ_Variable_2540	int8	scalar	-128	-128	1	-128
R211_PROJECT_EXACT_SPLIT_run1	r211_project_exact_split	947	PPQ_Operation_1342	QuantizeLinear	activation	PPQ_Variable_2543	int8	scalar	-116	-116	1	-116
R211_PROJECT_EXACT_SPLIT_run1	r211_project_exact_split	948	PPQ_Operation_1344	QuantizeLinear	activation	PPQ_Variable_2549	int8	scalar	-122	-122	1	-122
R211_PROJECT_EXACT_SPLIT_run1	r211_project_exact_split	949	PPQ_Operation_1346	QuantizeLinear	activation	PPQ_Variable_2555	int8	scalar	-124	-124	1	-124
R211_PROJECT_EXACT_SPLIT_run1	r211_project_exact_split	950	PPQ_Operation_1343	DequantizeLinear	activation	PPQ_Variable_2546	int8	scalar	-116	-116	1	-116
R211_PROJECT_EXACT_SPLIT_run1	r211_project_exact_split	951	PPQ_Operation_1345	DequantizeLinear	activation	PPQ_Variable_2552	int8	scalar	-122	-122	1	-122
R211_PROJECT_EXACT_SPLIT_run1	r211_project_exact_split	952	PPQ_Operation_1347	DequantizeLinear	activation	PPQ_Variable_2558	int8	scalar	-124	-124	1	-124
R211_PROJECT_EXACT_SPLIT_run1	r211_project_exact_split	956	PPQ_Operation_1348	QuantizeLinear	activation	PPQ_Variable_2561	int8	scalar	-117	-117	1	-117
R211_PROJECT_EXACT_SPLIT_run1	r211_project_exact_split	957	PPQ_Operation_1351	QuantizeLinear	activation	PPQ_Variable_2570	int8	scalar	20	20	1	20
R211_PROJECT_EXACT_SPLIT_run1	r211_project_exact_split	958	PPQ_Operation_1354	QuantizeLinear	activation	PPQ_Variable_2579	int8	scalar	-35	-35	1	-35
R211_PROJECT_EXACT_SPLIT_run1	r211_project_exact_split	959	PPQ_Operation_1349	DequantizeLinear	activation	PPQ_Variable_2564	int8	scalar	-117	-117	1	-117
R211_PROJECT_EXACT_SPLIT_run1	r211_project_exact_split	960	PPQ_Operation_1352	DequantizeLinear	activation	PPQ_Variable_2573	int8	scalar	20	20	1	20
R211_PROJECT_EXACT_SPLIT_run1	r211_project_exact_split	961	PPQ_Operation_1355	DequantizeLinear	activation	PPQ_Variable_2582	int8	scalar	-35	-35	1	-35
R211_PROJECT_EXACT_SPLIT_run1	r211_project_exact_split	965	PPQ_Operation_1357	QuantizeLinear	activation	PPQ_Variable_2588	int8	scalar	10	10	1	10
R211_PROJECT_EXACT_SPLIT_run1	r211_project_exact_split	966	PPQ_Operation_1359	QuantizeLinear	activation	PPQ_Variable_2594	int8	scalar	-128	-128	1	-128
R211_PROJECT_EXACT_SPLIT_run1	r211_project_exact_split	967	PPQ_Operation_1361	QuantizeLinear	activation	PPQ_Variable_2600	int8	scalar	-128	-128	1	-128
R211_PROJECT_EXACT_SPLIT_run1	r211_project_exact_split	968	PPQ_Operation_1358	DequantizeLinear	activation	PPQ_Variable_2591	int8	scalar	10	10	1	10
R211_PROJECT_EXACT_SPLIT_run1	r211_project_exact_split	969	PPQ_Operation_1360	DequantizeLinear	activation	PPQ_Variable_2597	int8	scalar	-128	-128	1	-128
R211_PROJECT_EXACT_SPLIT_run1	r211_project_exact_split	970	PPQ_Operation_1362	DequantizeLinear	activation	PPQ_Variable_2603	int8	scalar	-128	-128	1	-128
R211_PROJECT_EXACT_SPLIT_run1	r211_project_exact_split	974	PPQ_Operation_1363	QuantizeLinear	activation	PPQ_Variable_2606	int8	scalar	-128	-128	1	-128
R211_PROJECT_EXACT_SPLIT_run1	r211_project_exact_split	975	PPQ_Operation_1365	QuantizeLinear	activation	PPQ_Variable_2612	int8	scalar	-118	-118	1	-118
R211_PROJECT_EXACT_SPLIT_run1	r211_project_exact_split	976	PPQ_Operation_1367	QuantizeLinear	activation	PPQ_Variable_2618	int8	scalar	-120	-120	1	-120
R211_PROJECT_EXACT_SPLIT_run1	r211_project_exact_split	977	PPQ_Operation_1364	DequantizeLinear	activation	PPQ_Variable_2609	int8	scalar	-128	-128	1	-128
R211_PROJECT_EXACT_SPLIT_run1	r211_project_exact_split	978	PPQ_Operation_1366	DequantizeLinear	activation	PPQ_Variable_2615	int8	scalar	-118	-118	1	-118
R211_PROJECT_EXACT_SPLIT_run1	r211_project_exact_split	979	PPQ_Operation_1368	DequantizeLinear	activation	PPQ_Variable_2621	int8	scalar	-120	-120	1	-120
R211_PROJECT_EXACT_SPLIT_run1	r211_project_exact_split	983	PPQ_Operation_1369	QuantizeLinear	activation	PPQ_Variable_2624	int8	scalar	-119	-119	1	-119
R211_PROJECT_EXACT_SPLIT_run1	r211_project_exact_split	984	PPQ_Operation_1372	QuantizeLinear	activation	PPQ_Variable_2633	int8	scalar	-125	-125	1	-125
R211_PROJECT_EXACT_SPLIT_run1	r211_project_exact_split	985	PPQ_Operation_1375	QuantizeLinear	activation	PPQ_Variable_2642	int8	scalar	-91	-91	1	-91
R211_PROJECT_EXACT_SPLIT_run1	r211_project_exact_split	986	PPQ_Operation_1370	DequantizeLinear	activation	PPQ_Variable_2627	int8	scalar	-119	-119	1	-119
R211_PROJECT_EXACT_SPLIT_run1	r211_project_exact_split	987	PPQ_Operation_1373	DequantizeLinear	activation	PPQ_Variable_2636	int8	scalar	-125	-125	1	-125
R211_PROJECT_EXACT_SPLIT_run1	r211_project_exact_split	988	PPQ_Operation_1376	DequantizeLinear	activation	PPQ_Variable_2645	int8	scalar	-91	-91	1	-91
R211_PROJECT_EXACT_SPLIT_run1	r211_project_exact_split	991	PPQ_Operation_1377	QuantizeLinear	activation	PPQ_Variable_2648	int8	scalar	-119	-119	1	-119
R211_PROJECT_EXACT_SPLIT_run1	r211_project_exact_split	992	PPQ_Operation_1379	QuantizeLinear	activation	PPQ_Variable_2654	int8	scalar	-119	-119	1	-119
R211_PROJECT_EXACT_SPLIT_run1	r211_project_exact_split	993	PPQ_Operation_1381	QuantizeLinear	activation	PPQ_Variable_2660	int8	scalar	-128	-128	1	-128
R211_PROJECT_EXACT_SPLIT_run1	r211_project_exact_split	994	PPQ_Operation_1378	DequantizeLinear	activation	PPQ_Variable_2651	int8	scalar	-119	-119	1	-119
R211_PROJECT_EXACT_SPLIT_run1	r211_project_exact_split	995	PPQ_Operation_1380	DequantizeLinear	activation	PPQ_Variable_2657	int8	scalar	-119	-119	1	-119
R211_PROJECT_EXACT_SPLIT_run1	r211_project_exact_split	996	PPQ_Operation_1382	DequantizeLinear	activation	PPQ_Variable_2663	int8	scalar	-128	-128	1	-128
R211_PROJECT_EXACT_SPLIT_run1	r211_project_exact_split	999	PPQ_Operation_1384	QuantizeLinear	activation	PPQ_Variable_2669	int8	scalar	38	38	1	38
R211_PROJECT_EXACT_SPLIT_run1	r211_project_exact_split	1000	PPQ_Operation_1386	QuantizeLinear	activation	PPQ_Variable_2675	int8	scalar	-126	-126	1	-126
R211_PROJECT_EXACT_SPLIT_run1	r211_project_exact_split	1001	PPQ_Operation_1385	DequantizeLinear	activation	PPQ_Variable_2672	int8	scalar	38	38	1	38
R211_PROJECT_EXACT_SPLIT_run1	r211_project_exact_split	1002	PPQ_Operation_1387	DequantizeLinear	activation	PPQ_Variable_2678	int8	scalar	-126	-126	1	-126
R211_PROJECT_EXACT_SPLIT_run1	r211_project_exact_split	1005	PPQ_Operation_1388	QuantizeLinear	activation	PPQ_Variable_2681	int8	scalar	-128	-128	1	-128
R211_PROJECT_EXACT_SPLIT_run1	r211_project_exact_split	1006	PPQ_Operation_1391	QuantizeLinear	activation	PPQ_Variable_2690	int8	scalar	-114	-114	1	-114
R211_PROJECT_EXACT_SPLIT_run1	r211_project_exact_split	1007	PPQ_Operation_1389	DequantizeLinear	activation	PPQ_Variable_2684	int8	scalar	-128	-128	1	-128
R211_PROJECT_EXACT_SPLIT_run1	r211_project_exact_split	1008	PPQ_Operation_1392	DequantizeLinear	activation	PPQ_Variable_2693	int8	scalar	-114	-114	1	-114
R211_PROJECT_EXACT_SPLIT_run1	r211_project_exact_split	1011	PPQ_Operation_1393	QuantizeLinear	activation	PPQ_Variable_2696	int8	scalar	-115	-115	1	-115
R211_PROJECT_EXACT_SPLIT_run1	r211_project_exact_split	1012	PPQ_Operation_1395	QuantizeLinear	activation	PPQ_Variable_2702	int8	scalar	-128	-128	1	-128
R211_PROJECT_EXACT_SPLIT_run1	r211_project_exact_split	1013	PPQ_Operation_1394	DequantizeLinear	activation	PPQ_Variable_2699	int8	scalar	-115	-115	1	-115
R211_PROJECT_EXACT_SPLIT_run1	r211_project_exact_split	1014	PPQ_Operation_1396	DequantizeLinear	activation	PPQ_Variable_2705	int8	scalar	-128	-128	1	-128
R211_PROJECT_EXACT_SPLIT_run1	r211_project_exact_split	1017	PPQ_Operation_1398	QuantizeLinear	activation	PPQ_Variable_2711	int8	scalar	11	11	1	11
R211_PROJECT_EXACT_SPLIT_run1	r211_project_exact_split	1018	PPQ_Operation_1400	QuantizeLinear	activation	PPQ_Variable_2717	int8	scalar	-128	-128	1	-128
R211_PROJECT_EXACT_SPLIT_run1	r211_project_exact_split	1019	PPQ_Operation_1399	DequantizeLinear	activation	PPQ_Variable_2714	int8	scalar	11	11	1	11
R211_PROJECT_EXACT_SPLIT_run1	r211_project_exact_split	1020	PPQ_Operation_1401	DequantizeLinear	activation	PPQ_Variable_2720	int8	scalar	-128	-128	1	-128
R211_PROJECT_EXACT_SPLIT_run1	r211_project_exact_split	1023	PPQ_Operation_1402	QuantizeLinear	activation	PPQ_Variable_2723	int8	scalar	-128	-128	1	-128
R211_PROJECT_EXACT_SPLIT_run1	r211_project_exact_split	1024	PPQ_Operation_1405	QuantizeLinear	activation	PPQ_Variable_2732	int8	scalar	127	127	1	127
R211_PROJECT_EXACT_SPLIT_run1	r211_project_exact_split	1025	PPQ_Operation_1403	DequantizeLinear	activation	PPQ_Variable_2726	int8	scalar	-128	-128	1	-128
R211_PROJECT_EXACT_SPLIT_run1	r211_project_exact_split	1026	PPQ_Operation_1406	DequantizeLinear	activation	PPQ_Variable_2735	int8	scalar	127	127	1	127
R211_PROJECT_EXACT_SPLIT_run1	r211_project_exact_split	1028	PPQ_Operation_1407	QuantizeLinear	activation	PPQ_Variable_2738	int8	scalar	-119	-119	1	-119
R211_PROJECT_EXACT_SPLIT_run1	r211_project_exact_split	1029	PPQ_Operation_1408	DequantizeLinear	activation	PPQ_Variable_2741	int8	scalar	-119	-119	1	-119
R211_PROJECT_EXACT_SPLIT_run1	r211_project_exact_split	1031	PPQ_Operation_1409	QuantizeLinear	activation	PPQ_Variable_2744	int8	scalar	-111	-111	1	-111
R211_PROJECT_EXACT_SPLIT_run1	r211_project_exact_split	1032	PPQ_Operation_1410	DequantizeLinear	activation	PPQ_Variable_2747	int8	scalar	-111	-111	1	-111
R211_PROJECT_EXACT_SPLIT_run1	r211_project_exact_split	1034	PPQ_Operation_1412	QuantizeLinear	activation	PPQ_Variable_2753	int8	scalar	11	11	1	11
R211_PROJECT_EXACT_SPLIT_run1	r211_project_exact_split	1035	PPQ_Operation_1413	DequantizeLinear	activation	PPQ_Variable_2756	int8	scalar	11	11	1	11
R211_PROJECT_EXACT_SPLIT_run1	r211_project_exact_split	1037	PPQ_Operation_1414	QuantizeLinear	activation	PPQ_Variable_2759	int8	scalar	11	11	1	11
R211_PROJECT_EXACT_SPLIT_run1	r211_project_exact_split	1038	PPQ_Operation_1415	DequantizeLinear	activation	PPQ_Variable_2762	int8	scalar	11	11	1	11
R211_PROJECT_EXACT_SPLIT_run1	r211_project_exact_split	1040	PPQ_Operation_1416	QuantizeLinear	activation	PPQ_Variable_2765	int8	scalar	11	11	1	11
R211_PROJECT_EXACT_SPLIT_run1	r211_project_exact_split	1041	PPQ_Operation_1418	QuantizeLinear	activation	PPQ_Variable_2771	int8	scalar	11	11	1	11
R211_PROJECT_EXACT_SPLIT_run1	r211_project_exact_split	1042	PPQ_Operation_1420	QuantizeLinear	activation	PPQ_Variable_2777	int8	scalar	11	11	1	11
R211_PROJECT_EXACT_SPLIT_run1	r211_project_exact_split	1043	PPQ_Operation_1417	DequantizeLinear	activation	PPQ_Variable_2768	int8	scalar	11	11	1	11
R211_PROJECT_EXACT_SPLIT_run1	r211_project_exact_split	1044	PPQ_Operation_1419	DequantizeLinear	activation	PPQ_Variable_2774	int8	scalar	11	11	1	11
R211_PROJECT_EXACT_SPLIT_run1	r211_project_exact_split	1045	PPQ_Operation_1421	DequantizeLinear	activation	PPQ_Variable_2780	int8	scalar	11	11	1	11
R211_PROJECT_EXACT_SPLIT_run1	r211_project_exact_split	1050	PPQ_Operation_1422	QuantizeLinear	activation	PPQ_Variable_2783	int8	scalar	-7	-7	1	-7
R211_PROJECT_EXACT_SPLIT_run1	r211_project_exact_split	1051	PPQ_Operation_1425	QuantizeLinear	activation	PPQ_Variable_2792	int8	scalar	-3	-3	1	-3
R211_PROJECT_EXACT_SPLIT_run1	r211_project_exact_split	1052	PPQ_Operation_1423	DequantizeLinear	activation	PPQ_Variable_2786	int8	scalar	-7	-7	1	-7
R211_PROJECT_EXACT_SPLIT_run1	r211_project_exact_split	1053	PPQ_Operation_1426	DequantizeLinear	activation	PPQ_Variable_2795	int8	scalar	-3	-3	1	-3
R211_PROJECT_EXACT_SPLIT_run1	r211_project_exact_split	1055	PPQ_Operation_1428	QuantizeLinear	activation	PPQ_Variable_2801	int8	scalar	-7	-7	1	-7
R211_PROJECT_EXACT_SPLIT_run1	r211_project_exact_split	1056	PPQ_Operation_1429	DequantizeLinear	activation	PPQ_Variable_2804	int8	scalar	-7	-7	1	-7
R211_PROJECT_EXACT_SPLIT_run1	r211_project_exact_split	1059	PPQ_Operation_1430	QuantizeLinear	activation	PPQ_Variable_2807	int8	scalar	-128	-128	1	-128
R211_PROJECT_EXACT_SPLIT_run1	r211_project_exact_split	1060	PPQ_Operation_1431	DequantizeLinear	activation	PPQ_Variable_2810	int8	scalar	-128	-128	1	-128
R211_PROJECT_EXACT_SPLIT_run1	r211_project_exact_split	1062	PPQ_Operation_1432	QuantizeLinear	activation	PPQ_Variable_2813	int8	scalar	0	0	1	0
R211_PROJECT_EXACT_SPLIT_run1	r211_project_exact_split	1063	PPQ_Operation_1433	DequantizeLinear	activation	PPQ_Variable_2816	int8	scalar	0	0	1	0
R211_PROJECT_EXACT_SPLIT_run1	r211_project_exact_split	1066	PPQ_Operation_1434	QuantizeLinear	activation	PPQ_Variable_2819	int8	scalar	0	0	1	0
R211_PROJECT_EXACT_SPLIT_run1	r211_project_exact_split	1067	PPQ_Operation_1435	DequantizeLinear	activation	PPQ_Variable_2822	int8	scalar	0	0	1	0
R211_PROJECT_EXACT_SPLIT_run1	r211_project_exact_split	1069	PPQ_Operation_1437	QuantizeLinear	activation	PPQ_Variable_2828	int8	scalar	8	8	1	8
R211_PROJECT_EXACT_SPLIT_run1	r211_project_exact_split	1070	PPQ_Operation_1438	DequantizeLinear	activation	PPQ_Variable_2831	int8	scalar	8	8	1	8
R211_PROJECT_EXACT_SPLIT_run1	r211_project_exact_split	1072	PPQ_Operation_1439	QuantizeLinear	activation	PPQ_Variable_2834	int8	scalar	-37	-37	1	-37
R211_PROJECT_EXACT_SPLIT_run1	r211_project_exact_split	1073	PPQ_Operation_1440	DequantizeLinear	activation	PPQ_Variable_2837	int8	scalar	-37	-37	1	-37
R211_PROJECT_EXACT_SPLIT_run1	r211_project_exact_split	1075	PPQ_Operation_1442	QuantizeLinear	activation	PPQ_Variable_2843	int8	scalar	-35	-35	1	-35
R211_PROJECT_EXACT_SPLIT_run1	r211_project_exact_split	1076	PPQ_Operation_1443	DequantizeLinear	activation	PPQ_Variable_2846	int8	scalar	-35	-35	1	-35
R211_PROJECT_EXACT_SPLIT_run1	r211_project_exact_split	1078	PPQ_Operation_1444	QuantizeLinear	activation	PPQ_Variable_2849	int8	scalar	-128	-128	1	-128
R211_PROJECT_EXACT_SPLIT_run1	r211_project_exact_split	1079	PPQ_Operation_1445	DequantizeLinear	activation	PPQ_Variable_2852	int8	scalar	-128	-128	1	-128
R211_PROJECT_EXACT_SPLIT_run1	r211_project_exact_split	1081	PPQ_Operation_1446	QuantizeLinear	activation	PPQ_Variable_2855	int8	scalar	-123	-123	1	-123
R211_PROJECT_EXACT_SPLIT_run1	r211_project_exact_split	1082	PPQ_Operation_1447	DequantizeLinear	activation	PPQ_Variable_2858	int8	scalar	-123	-123	1	-123
R211_PROJECT_EXACT_SPLIT_run1	r211_project_exact_split	1084	PPQ_Operation_1449	QuantizeLinear	activation	PPQ_Variable_2864	int8	scalar	-7	-7	1	-7
R211_PROJECT_EXACT_SPLIT_run1	r211_project_exact_split	1085	PPQ_Operation_1450	DequantizeLinear	activation	PPQ_Variable_2867	int8	scalar	-7	-7	1	-7
R211_PROJECT_EXACT_SPLIT_run1	r211_project_exact_split	1087	PPQ_Operation_1451	QuantizeLinear	activation	PPQ_Variable_2870	int8	scalar	-29	-29	1	-29
R211_PROJECT_EXACT_SPLIT_run1	r211_project_exact_split	1088	PPQ_Operation_1452	DequantizeLinear	activation	PPQ_Variable_2873	int8	scalar	-29	-29	1	-29
R211_PROJECT_EXACT_SPLIT_run1	r211_project_exact_split	1090	PPQ_Operation_1453	QuantizeLinear	activation	PPQ_Variable_2876	int8	scalar	-29	-29	1	-29
R211_PROJECT_EXACT_SPLIT_run1	r211_project_exact_split	1091	PPQ_Operation_1454	DequantizeLinear	activation	PPQ_Variable_2879	int8	scalar	-29	-29	1	-29
R211_PROJECT_EXACT_SPLIT_run1	r211_project_exact_split	1093	PPQ_Operation_1456	QuantizeLinear	activation	PPQ_Variable_2885	int8	scalar	-60	-60	1	-60
R211_PROJECT_EXACT_SPLIT_run1	r211_project_exact_split	1094	PPQ_Operation_1457	DequantizeLinear	activation	PPQ_Variable_2888	int8	scalar	-60	-60	1	-60
R211_PROJECT_EXACT_SPLIT_run1	r211_project_exact_split	1096	PPQ_Operation_1458	QuantizeLinear	activation	PPQ_Variable_2891	int8	scalar	-128	-128	1	-128
R211_PROJECT_EXACT_SPLIT_run1	r211_project_exact_split	1097	PPQ_Operation_1459	DequantizeLinear	activation	PPQ_Variable_2894	int8	scalar	-128	-128	1	-128
R211_PROJECT_EXACT_SPLIT_run1	r211_project_exact_split	1099	PPQ_Operation_1460	QuantizeLinear	activation	PPQ_Variable_2897	int8	scalar	-122	-122	1	-122
R211_PROJECT_EXACT_SPLIT_run1	r211_project_exact_split	1100	PPQ_Operation_1461	DequantizeLinear	activation	PPQ_Variable_2900	int8	scalar	-122	-122	1	-122
R211_PROJECT_EXACT_SPLIT_run1	r211_project_exact_split	1103	PPQ_Operation_1463	QuantizeLinear	activation	PPQ_Variable_2906	int8	scalar	3	3	1	3
R211_PROJECT_EXACT_SPLIT_run1	r211_project_exact_split	1104	PPQ_Operation_1466	QuantizeLinear	activation	PPQ_Variable_2915	int8	scalar	-52	-52	1	-52
R211_PROJECT_EXACT_SPLIT_run1	r211_project_exact_split	1105	PPQ_Operation_1464	DequantizeLinear	activation	PPQ_Variable_2909	int8	scalar	3	3	1	3
R211_PROJECT_EXACT_SPLIT_run1	r211_project_exact_split	1106	PPQ_Operation_1467	DequantizeLinear	activation	PPQ_Variable_2918	int8	scalar	-52	-52	1	-52
R211_PROJECT_EXACT_SPLIT_run1	r211_project_exact_split	1109	PPQ_Operation_1468	QuantizeLinear	activation	PPQ_Variable_2921	int8	scalar	-128	-128	1	-128
R211_PROJECT_EXACT_SPLIT_run1	r211_project_exact_split	1110	PPQ_Operation_1470	QuantizeLinear	activation	PPQ_Variable_2927	int8	scalar	-128	-128	1	-128
R211_PROJECT_EXACT_SPLIT_run1	r211_project_exact_split	1111	PPQ_Operation_1469	DequantizeLinear	activation	PPQ_Variable_2924	int8	scalar	-128	-128	1	-128
R211_PROJECT_EXACT_SPLIT_run1	r211_project_exact_split	1112	PPQ_Operation_1471	DequantizeLinear	activation	PPQ_Variable_2930	int8	scalar	-128	-128	1	-128
R211_PROJECT_EXACT_SPLIT_run1	r211_project_exact_split	1115	PPQ_Operation_1472	QuantizeLinear	activation	PPQ_Variable_2933	int8	scalar	-119	-119	1	-119
R211_PROJECT_EXACT_SPLIT_run1	r211_project_exact_split	1116	PPQ_Operation_1474	QuantizeLinear	activation	PPQ_Variable_2939	int8	scalar	-123	-123	1	-123
R211_PROJECT_EXACT_SPLIT_run1	r211_project_exact_split	1117	PPQ_Operation_1473	DequantizeLinear	activation	PPQ_Variable_2936	int8	scalar	-119	-119	1	-119
R211_PROJECT_EXACT_SPLIT_run1	r211_project_exact_split	1118	PPQ_Operation_1475	DequantizeLinear	activation	PPQ_Variable_2942	int8	scalar	-123	-123	1	-123
R211_PROJECT_EXACT_SPLIT_run1	r211_project_exact_split	1121	PPQ_Operation_1477	QuantizeLinear	activation	PPQ_Variable_2948	int8	scalar	-47	-47	1	-47
R211_PROJECT_EXACT_SPLIT_run1	r211_project_exact_split	1122	PPQ_Operation_1480	QuantizeLinear	activation	PPQ_Variable_2957	int8	scalar	-20	-20	1	-20
R211_PROJECT_EXACT_SPLIT_run1	r211_project_exact_split	1123	PPQ_Operation_1478	DequantizeLinear	activation	PPQ_Variable_2951	int8	scalar	-47	-47	1	-47
R211_PROJECT_EXACT_SPLIT_run1	r211_project_exact_split	1124	PPQ_Operation_1481	DequantizeLinear	activation	PPQ_Variable_2960	int8	scalar	-20	-20	1	-20
R211_PROJECT_EXACT_SPLIT_run1	r211_project_exact_split	1127	PPQ_Operation_1482	QuantizeLinear	activation	PPQ_Variable_2963	int8	scalar	-128	-128	1	-128
R211_PROJECT_EXACT_SPLIT_run1	r211_project_exact_split	1128	PPQ_Operation_1484	QuantizeLinear	activation	PPQ_Variable_2969	int8	scalar	-128	-128	1	-128
R211_PROJECT_EXACT_SPLIT_run1	r211_project_exact_split	1129	PPQ_Operation_1483	DequantizeLinear	activation	PPQ_Variable_2966	int8	scalar	-128	-128	1	-128
R211_PROJECT_EXACT_SPLIT_run1	r211_project_exact_split	1130	PPQ_Operation_1485	DequantizeLinear	activation	PPQ_Variable_2972	int8	scalar	-128	-128	1	-128
R211_PROJECT_EXACT_SPLIT_run1	r211_project_exact_split	1133	PPQ_Operation_1486	QuantizeLinear	activation	PPQ_Variable_2975	int8	scalar	-123	-123	1	-123
R211_PROJECT_EXACT_SPLIT_run1	r211_project_exact_split	1134	PPQ_Operation_1488	QuantizeLinear	activation	PPQ_Variable_2981	int8	scalar	-123	-123	1	-123
R211_PROJECT_EXACT_SPLIT_run1	r211_project_exact_split	1135	PPQ_Operation_1487	DequantizeLinear	activation	PPQ_Variable_2978	int8	scalar	-123	-123	1	-123
R211_PROJECT_EXACT_SPLIT_run1	r211_project_exact_split	1136	PPQ_Operation_1489	DequantizeLinear	activation	PPQ_Variable_2984	int8	scalar	-123	-123	1	-123
R211_PROJECT_EXACT_SPLIT_run1	r211_project_exact_split	1139	PPQ_Operation_1491	QuantizeLinear	activation	PPQ_Variable_2990	int8	scalar	-127	-127	1	-127
R211_PROJECT_EXACT_SPLIT_run1	r211_project_exact_split	1140	PPQ_Operation_1494	QuantizeLinear	activation	PPQ_Variable_2999	int8	scalar	-109	-109	1	-109
R211_PROJECT_EXACT_SPLIT_run1	r211_project_exact_split	1141	PPQ_Operation_1492	DequantizeLinear	activation	PPQ_Variable_2993	int8	scalar	-127	-127	1	-127
R211_PROJECT_EXACT_SPLIT_run1	r211_project_exact_split	1142	PPQ_Operation_1495	DequantizeLinear	activation	PPQ_Variable_3002	int8	scalar	-109	-109	1	-109
R211_PROJECT_EXACT_SPLIT_run1	r211_project_exact_split	1144	PPQ_Operation_1496	QuantizeLinear	activation	PPQ_Variable_3005	int8	scalar	-128	-128	1	-128
R211_PROJECT_EXACT_SPLIT_run1	r211_project_exact_split	1145	PPQ_Operation_1497	DequantizeLinear	activation	PPQ_Variable_3008	int8	scalar	-128	-128	1	-128
R211_PROJECT_EXACT_SPLIT_run1	r211_project_exact_split	1147	PPQ_Operation_1498	QuantizeLinear	activation	PPQ_Variable_3011	int8	scalar	-127	-127	1	-127
R211_PROJECT_EXACT_SPLIT_run1	r211_project_exact_split	1148	PPQ_Operation_1499	DequantizeLinear	activation	PPQ_Variable_3014	int8	scalar	-127	-127	1	-127
R211_PROJECT_EXACT_SPLIT_run1	r211_project_exact_split	1150	PPQ_Operation_1501	QuantizeLinear	activation	PPQ_Variable_3020	int8	scalar	-110	-110	1	-110
R211_PROJECT_EXACT_SPLIT_run1	r211_project_exact_split	1151	PPQ_Operation_1502	DequantizeLinear	activation	PPQ_Variable_3023	int8	scalar	-110	-110	1	-110
R211_PROJECT_EXACT_SPLIT_run1	r211_project_exact_split	1153	PPQ_Operation_1503	QuantizeLinear	activation	PPQ_Variable_3026	int8	scalar	-128	-128	1	-128
R211_PROJECT_EXACT_SPLIT_run1	r211_project_exact_split	1154	PPQ_Operation_1504	DequantizeLinear	activation	PPQ_Variable_3029	int8	scalar	-128	-128	1	-128
R211_PROJECT_EXACT_SPLIT_run1	r211_project_exact_split	1156	PPQ_Operation_1505	QuantizeLinear	activation	PPQ_Variable_3032	int8	scalar	-127	-127	1	-127
R211_PROJECT_EXACT_SPLIT_run1	r211_project_exact_split	1157	PPQ_Operation_1506	DequantizeLinear	activation	PPQ_Variable_3035	int8	scalar	-127	-127	1	-127
R211_PROJECT_EXACT_SPLIT_run1	r211_project_exact_split	1159	PPQ_Operation_1508	QuantizeLinear	activation	PPQ_Variable_3041	int8	scalar	126	126	1	126
R211_PROJECT_EXACT_SPLIT_run1	r211_project_exact_split	1160	PPQ_Operation_1509	DequantizeLinear	activation	PPQ_Variable_3044	int8	scalar	126	126	1	126
R211_VENDOR_LITERAL_SPLIT_run1b	r211_vendor_literal_split	0	PPQ_Operation_698	QuantizeLinear	activation	PPQ_Variable_611	int8	scalar	-128	-128	1	-128
R211_VENDOR_LITERAL_SPLIT_run1b	r211_vendor_literal_split	1	PPQ_Operation_700	DequantizeLinear	weight-or-constant	PPQ_Variable_617	int8	16	0	0	1	0
R211_VENDOR_LITERAL_SPLIT_run1b	r211_vendor_literal_split	2	PPQ_Operation_707	DequantizeLinear	weight-or-constant	PPQ_Variable_638	int8	32	0	0	1	0
R211_VENDOR_LITERAL_SPLIT_run1b	r211_vendor_literal_split	3	PPQ_Operation_714	DequantizeLinear	weight-or-constant	PPQ_Variable_659	int8	32	0	0	1	0
R211_VENDOR_LITERAL_SPLIT_run1b	r211_vendor_literal_split	4	PPQ_Operation_725	DequantizeLinear	weight-or-constant	PPQ_Variable_692	int8	8	0	0	1	0
R211_VENDOR_LITERAL_SPLIT_run1b	r211_vendor_literal_split	5	PPQ_Operation_732	DequantizeLinear	weight-or-constant	PPQ_Variable_713	int8	16	0	0	1	0
R211_VENDOR_LITERAL_SPLIT_run1b	r211_vendor_literal_split	6	PPQ_Operation_743	DequantizeLinear	weight-or-constant	PPQ_Variable_746	int8	64	0	0	1	0
R211_VENDOR_LITERAL_SPLIT_run1b	r211_vendor_literal_split	7	PPQ_Operation_750	DequantizeLinear	weight-or-constant	PPQ_Variable_767	int8	64	0	0	1	0
R211_VENDOR_LITERAL_SPLIT_run1b	r211_vendor_literal_split	8	PPQ_Operation_757	DequantizeLinear	weight-or-constant	PPQ_Variable_788	int8	64	0	0	1	0
R211_VENDOR_LITERAL_SPLIT_run1b	r211_vendor_literal_split	9	PPQ_Operation_768	DequantizeLinear	weight-or-constant	PPQ_Variable_821	int8	16	0	0	1	0
R211_VENDOR_LITERAL_SPLIT_run1b	r211_vendor_literal_split	10	PPQ_Operation_775	DequantizeLinear	weight-or-constant	PPQ_Variable_842	int8	32	0	0	1	0
R211_VENDOR_LITERAL_SPLIT_run1b	r211_vendor_literal_split	11	PPQ_Operation_786	DequantizeLinear	weight-or-constant	PPQ_Variable_875	int8	128	0	0	1	0
R211_VENDOR_LITERAL_SPLIT_run1b	r211_vendor_literal_split	12	PPQ_Operation_793	DequantizeLinear	weight-or-constant	PPQ_Variable_896	int8	128	0	0	1	0
R211_VENDOR_LITERAL_SPLIT_run1b	r211_vendor_literal_split	13	PPQ_Operation_800	DequantizeLinear	weight-or-constant	PPQ_Variable_917	int8	128	0	0	1	0
R211_VENDOR_LITERAL_SPLIT_run1b	r211_vendor_literal_split	14	PPQ_Operation_811	DequantizeLinear	weight-or-constant	PPQ_Variable_950	int8	32	0	0	1	0
R211_VENDOR_LITERAL_SPLIT_run1b	r211_vendor_literal_split	15	PPQ_Operation_814	DequantizeLinear	weight-or-constant	PPQ_Variable_959	int8	32	0	0	1	0
R211_VENDOR_LITERAL_SPLIT_run1b	r211_vendor_literal_split	16	PPQ_Operation_825	DequantizeLinear	weight-or-constant	PPQ_Variable_992	int8	32	0	0	1	0
R211_VENDOR_LITERAL_SPLIT_run1b	r211_vendor_literal_split	17	PPQ_Operation_832	DequantizeLinear	weight-or-constant	PPQ_Variable_1013	int8	32	0	0	1	0
R211_VENDOR_LITERAL_SPLIT_run1b	r211_vendor_literal_split	18	PPQ_Operation_841	DequantizeLinear	weight-or-constant	PPQ_Variable_1040	int8	32	0	0	1	0
R211_VENDOR_LITERAL_SPLIT_run1b	r211_vendor_literal_split	19	PPQ_Operation_848	DequantizeLinear	weight-or-constant	PPQ_Variable_1061	int8	32	0	0	1	0
R211_VENDOR_LITERAL_SPLIT_run1b	r211_vendor_literal_split	20	PPQ_Operation_859	DequantizeLinear	weight-or-constant	PPQ_Variable_1094	int8	64	0	0	1	0
R211_VENDOR_LITERAL_SPLIT_run1b	r211_vendor_literal_split	21	PPQ_Operation_868	DequantizeLinear	weight-or-constant	PPQ_Variable_1121	int8	128	0	0	1	0
R211_VENDOR_LITERAL_SPLIT_run1b	r211_vendor_literal_split	22	PPQ_Operation_875	DequantizeLinear	weight-or-constant	PPQ_Variable_1142	int8	256	0	0	1	0
R211_VENDOR_LITERAL_SPLIT_run1b	r211_vendor_literal_split	23	PPQ_Operation_882	DequantizeLinear	weight-or-constant	PPQ_Variable_1163	int8	256	0	0	1	0
R211_VENDOR_LITERAL_SPLIT_run1b	r211_vendor_literal_split	24	PPQ_Operation_893	DequantizeLinear	weight-or-constant	PPQ_Variable_1196	int8	64	0	0	1	0
R211_VENDOR_LITERAL_SPLIT_run1b	r211_vendor_literal_split	25	PPQ_Operation_896	DequantizeLinear	weight-or-constant	PPQ_Variable_1205	int8	64	0	0	1	0
R211_VENDOR_LITERAL_SPLIT_run1b	r211_vendor_literal_split	26	PPQ_Operation_907	DequantizeLinear	weight-or-constant	PPQ_Variable_1238	int8	64	0	0	1	0
R211_VENDOR_LITERAL_SPLIT_run1b	r211_vendor_literal_split	27	PPQ_Operation_914	DequantizeLinear	weight-or-constant	PPQ_Variable_1259	int8	64	0	0	1	0
R211_VENDOR_LITERAL_SPLIT_run1b	r211_vendor_literal_split	28	PPQ_Operation_923	DequantizeLinear	weight-or-constant	PPQ_Variable_1286	int8	64	0	0	1	0
R211_VENDOR_LITERAL_SPLIT_run1b	r211_vendor_literal_split	29	PPQ_Operation_930	DequantizeLinear	weight-or-constant	PPQ_Variable_1307	int8	64	0	0	1	0
R211_VENDOR_LITERAL_SPLIT_run1b	r211_vendor_literal_split	30	PPQ_Operation_941	DequantizeLinear	weight-or-constant	PPQ_Variable_1340	int8	128	0	0	1	0
R211_VENDOR_LITERAL_SPLIT_run1b	r211_vendor_literal_split	31	PPQ_Operation_950	DequantizeLinear	weight-or-constant	PPQ_Variable_1367	int8	256	0	0	1	0
R211_VENDOR_LITERAL_SPLIT_run1b	r211_vendor_literal_split	32	PPQ_Operation_957	DequantizeLinear	weight-or-constant	PPQ_Variable_1388	int8	128	0	0	1	0
R211_VENDOR_LITERAL_SPLIT_run1b	r211_vendor_literal_split	33	PPQ_Operation_966	DequantizeLinear	weight-or-constant	PPQ_Variable_1415	int8	256	0	0	1	0
R211_VENDOR_LITERAL_SPLIT_run1b	r211_vendor_literal_split	34	PPQ_Operation_975	DequantizeLinear	weight-or-constant	PPQ_Variable_1442	int8	256	0	0	1	0
R211_VENDOR_LITERAL_SPLIT_run1b	r211_vendor_literal_split	35	PPQ_Operation_986	DequantizeLinear	weight-or-constant	PPQ_Variable_1475	int8	256	0	0	1	0
R211_VENDOR_LITERAL_SPLIT_run1b	r211_vendor_literal_split	36	PPQ_Operation_999	DequantizeLinear	weight-or-constant	PPQ_Variable_1514	int8	128	0	0	1	0
R211_VENDOR_LITERAL_SPLIT_run1b	r211_vendor_literal_split	37	PPQ_Operation_1002	DequantizeLinear	weight-or-constant	PPQ_Variable_1523	int8	scalar	-128	-128	1	-128
R211_VENDOR_LITERAL_SPLIT_run1b	r211_vendor_literal_split	38	PPQ_Operation_1011	DequantizeLinear	weight-or-constant	PPQ_Variable_1550	int8	128	0	0	1	0
R211_VENDOR_LITERAL_SPLIT_run1b	r211_vendor_literal_split	39	PPQ_Operation_1016	DequantizeLinear	weight-or-constant	PPQ_Variable_1565	int8	256	0	0	1	0
R211_VENDOR_LITERAL_SPLIT_run1b	r211_vendor_literal_split	40	PPQ_Operation_1023	DequantizeLinear	weight-or-constant	PPQ_Variable_1586	int8	128	0	0	1	0
R211_VENDOR_LITERAL_SPLIT_run1b	r211_vendor_literal_split	41	PPQ_Operation_1030	DequantizeLinear	weight-or-constant	PPQ_Variable_1607	int8	256	0	0	1	0
R211_VENDOR_LITERAL_SPLIT_run1b	r211_vendor_literal_split	42	PPQ_Operation_1041	DequantizeLinear	weight-or-constant	PPQ_Variable_1640	int8	128	0	0	1	0
R211_VENDOR_LITERAL_SPLIT_run1b	r211_vendor_literal_split	43	PPQ_Operation_1052	DequantizeLinear	weight-or-constant	PPQ_Variable_1673	int8	32	0	0	1	0
R211_VENDOR_LITERAL_SPLIT_run1b	r211_vendor_literal_split	44	PPQ_Operation_1055	DequantizeLinear	weight-or-constant	PPQ_Variable_1682	int8	32	0	0	1	0
R211_VENDOR_LITERAL_SPLIT_run1b	r211_vendor_literal_split	45	PPQ_Operation_1066	DequantizeLinear	weight-or-constant	PPQ_Variable_1715	int8	32	0	0	1	0
R211_VENDOR_LITERAL_SPLIT_run1b	r211_vendor_literal_split	46	PPQ_Operation_1073	DequantizeLinear	weight-or-constant	PPQ_Variable_1736	int8	32	0	0	1	0
R211_VENDOR_LITERAL_SPLIT_run1b	r211_vendor_literal_split	47	PPQ_Operation_1082	DequantizeLinear	weight-or-constant	PPQ_Variable_1763	int8	32	0	0	1	0
R211_VENDOR_LITERAL_SPLIT_run1b	r211_vendor_literal_split	48	PPQ_Operation_1089	DequantizeLinear	weight-or-constant	PPQ_Variable_1784	int8	32	0	0	1	0
R211_VENDOR_LITERAL_SPLIT_run1b	r211_vendor_literal_split	49	PPQ_Operation_1100	DequantizeLinear	weight-or-constant	PPQ_Variable_1817	int8	64	0	0	1	0
R211_VENDOR_LITERAL_SPLIT_run1b	r211_vendor_literal_split	50	PPQ_Operation_1109	DequantizeLinear	weight-or-constant	PPQ_Variable_1844	int8	128	0	0	1	0
R211_VENDOR_LITERAL_SPLIT_run1b	r211_vendor_literal_split	51	PPQ_Operation_1120	DequantizeLinear	weight-or-constant	PPQ_Variable_1877	int8	64	0	0	1	0
R211_VENDOR_LITERAL_SPLIT_run1b	r211_vendor_literal_split	52	PPQ_Operation_1131	DequantizeLinear	weight-or-constant	PPQ_Variable_1910	int8	16	0	0	1	0
R211_VENDOR_LITERAL_SPLIT_run1b	r211_vendor_literal_split	53	PPQ_Operation_1134	DequantizeLinear	weight-or-constant	PPQ_Variable_1919	int8	16	0	0	1	0
R211_VENDOR_LITERAL_SPLIT_run1b	r211_vendor_literal_split	54	PPQ_Operation_1145	DequantizeLinear	weight-or-constant	PPQ_Variable_1952	int8	16	0	0	1	0
R211_VENDOR_LITERAL_SPLIT_run1b	r211_vendor_literal_split	55	PPQ_Operation_1152	DequantizeLinear	weight-or-constant	PPQ_Variable_1973	int8	16	0	0	1	0
R211_VENDOR_LITERAL_SPLIT_run1b	r211_vendor_literal_split	56	PPQ_Operation_1161	DequantizeLinear	weight-or-constant	PPQ_Variable_2000	int8	16	0	0	1	0
R211_VENDOR_LITERAL_SPLIT_run1b	r211_vendor_literal_split	57	PPQ_Operation_1168	DequantizeLinear	weight-or-constant	PPQ_Variable_2021	int8	16	0	0	1	0
R211_VENDOR_LITERAL_SPLIT_run1b	r211_vendor_literal_split	58	PPQ_Operation_1179	DequantizeLinear	weight-or-constant	PPQ_Variable_2054	int8	32	0	0	1	0
R211_VENDOR_LITERAL_SPLIT_run1b	r211_vendor_literal_split	59	PPQ_Operation_1188	DequantizeLinear	weight-or-constant	PPQ_Variable_2081	int8	64	0	0	1	0
R211_VENDOR_LITERAL_SPLIT_run1b	r211_vendor_literal_split	60	PPQ_Operation_1195	DequantizeLinear	weight-or-constant	PPQ_Variable_2102	int8	64	0	0	1	0
R211_VENDOR_LITERAL_SPLIT_run1b	r211_vendor_literal_split	61	PPQ_Operation_1198	DequantizeLinear	weight-or-constant	PPQ_Variable_2111	int8	16	0	0	1	0
R211_VENDOR_LITERAL_SPLIT_run1b	r211_vendor_literal_split	62	PPQ_Operation_1201	DequantizeLinear	weight-or-constant	PPQ_Variable_2120	int8	64	0	0	1	0
R211_VENDOR_LITERAL_SPLIT_run1b	r211_vendor_literal_split	63	PPQ_Operation_1218	DequantizeLinear	weight-or-constant	PPQ_Variable_2171	int8	16	0	0	1	0
R211_VENDOR_LITERAL_SPLIT_run1b	r211_vendor_literal_split	64	PPQ_Operation_1221	DequantizeLinear	weight-or-constant	PPQ_Variable_2180	int8	80	0	0	1	0
R211_VENDOR_LITERAL_SPLIT_run1b	r211_vendor_literal_split	65	PPQ_Operation_1224	DequantizeLinear	weight-or-constant	PPQ_Variable_2189	int8	128	0	0	1	0
R211_VENDOR_LITERAL_SPLIT_run1b	r211_vendor_literal_split	66	PPQ_Operation_1239	DequantizeLinear	weight-or-constant	PPQ_Variable_2234	int8	4	0	0	1	0
R211_VENDOR_LITERAL_SPLIT_run1b	r211_vendor_literal_split	67	PPQ_Operation_1242	DequantizeLinear	weight-or-constant	PPQ_Variable_2243	int8	80	0	0	1	0
R211_VENDOR_LITERAL_SPLIT_run1b	r211_vendor_literal_split	68	PPQ_Operation_1251	DequantizeLinear	weight-or-constant	PPQ_Variable_2270	int8	32	0	0	1	0
R211_VENDOR_LITERAL_SPLIT_run1b	r211_vendor_literal_split	69	PPQ_Operation_1254	DequantizeLinear	weight-or-constant	PPQ_Variable_2279	int8	32	0	0	1	0
R211_VENDOR_LITERAL_SPLIT_run1b	r211_vendor_literal_split	70	PPQ_Operation_1263	DequantizeLinear	weight-or-constant	PPQ_Variable_2306	int8	80	0	0	1	0
R211_VENDOR_LITERAL_SPLIT_run1b	r211_vendor_literal_split	71	PPQ_Operation_1272	DequantizeLinear	weight-or-constant	PPQ_Variable_2333	int8	32	0	0	1	0
R211_VENDOR_LITERAL_SPLIT_run1b	r211_vendor_literal_split	72	PPQ_Operation_1279	DequantizeLinear	weight-or-constant	PPQ_Variable_2354	int8	80	0	0	1	0
R211_VENDOR_LITERAL_SPLIT_run1b	r211_vendor_literal_split	73	PPQ_Operation_1284	DequantizeLinear	weight-or-constant	PPQ_Variable_2369	int8	32	0	0	1	0
R211_VENDOR_LITERAL_SPLIT_run1b	r211_vendor_literal_split	74	PPQ_Operation_1293	DequantizeLinear	weight-or-constant	PPQ_Variable_2396	int8	32	0	0	1	0
R211_VENDOR_LITERAL_SPLIT_run1b	r211_vendor_literal_split	75	PPQ_Operation_1300	DequantizeLinear	weight-or-constant	PPQ_Variable_2417	int8	32	0	0	1	0
R211_VENDOR_LITERAL_SPLIT_run1b	r211_vendor_literal_split	76	PPQ_Operation_1311	DequantizeLinear	weight-or-constant	PPQ_Variable_2450	int8	64	0	0	1	0
R211_VENDOR_LITERAL_SPLIT_run1b	r211_vendor_literal_split	77	PPQ_Operation_1320	DequantizeLinear	weight-or-constant	PPQ_Variable_2477	int8	128	0	0	1	0
R211_VENDOR_LITERAL_SPLIT_run1b	r211_vendor_literal_split	78	PPQ_Operation_1327	DequantizeLinear	weight-or-constant	PPQ_Variable_2498	int8	128	0	0	1	0
R211_VENDOR_LITERAL_SPLIT_run1b	r211_vendor_literal_split	79	PPQ_Operation_1330	DequantizeLinear	weight-or-constant	PPQ_Variable_2507	int8	16	0	0	1	0
R211_VENDOR_LITERAL_SPLIT_run1b	r211_vendor_literal_split	80	PPQ_Operation_1333	DequantizeLinear	weight-or-constant	PPQ_Variable_2516	int8	128	0	0	1	0
R211_VENDOR_LITERAL_SPLIT_run1b	r211_vendor_literal_split	81	PPQ_Operation_1350	DequantizeLinear	weight-or-constant	PPQ_Variable_2567	int8	16	0	0	1	0
R211_VENDOR_LITERAL_SPLIT_run1b	r211_vendor_literal_split	82	PPQ_Operation_1353	DequantizeLinear	weight-or-constant	PPQ_Variable_2576	int8	80	0	0	1	0
R211_VENDOR_LITERAL_SPLIT_run1b	r211_vendor_literal_split	83	PPQ_Operation_1356	DequantizeLinear	weight-or-constant	PPQ_Variable_2585	int8	256	0	0	1	0
R211_VENDOR_LITERAL_SPLIT_run1b	r211_vendor_literal_split	84	PPQ_Operation_1371	DequantizeLinear	weight-or-constant	PPQ_Variable_2630	int8	4	0	0	1	0
R211_VENDOR_LITERAL_SPLIT_run1b	r211_vendor_literal_split	85	PPQ_Operation_1374	DequantizeLinear	weight-or-constant	PPQ_Variable_2639	int8	80	0	0	1	0
R211_VENDOR_LITERAL_SPLIT_run1b	r211_vendor_literal_split	86	PPQ_Operation_1383	DequantizeLinear	weight-or-constant	PPQ_Variable_2666	int8	64	0	0	1	0
R211_VENDOR_LITERAL_SPLIT_run1b	r211_vendor_literal_split	87	PPQ_Operation_1390	DequantizeLinear	weight-or-constant	PPQ_Variable_2687	int8	80	0	0	1	0
R211_VENDOR_LITERAL_SPLIT_run1b	r211_vendor_literal_split	88	PPQ_Operation_1397	DequantizeLinear	weight-or-constant	PPQ_Variable_2708	int8	128	0	0	1	0
R211_VENDOR_LITERAL_SPLIT_run1b	r211_vendor_literal_split	89	PPQ_Operation_1404	DequantizeLinear	weight-or-constant	PPQ_Variable_2729	int8	80	0	0	1	0
R211_VENDOR_LITERAL_SPLIT_run1b	r211_vendor_literal_split	90	PPQ_Operation_1411	DequantizeLinear	weight-or-constant	PPQ_Variable_2750	int8	256	0	0	1	0
R211_VENDOR_LITERAL_SPLIT_run1b	r211_vendor_literal_split	91	PPQ_Operation_1424	DequantizeLinear	weight-or-constant	PPQ_Variable_2789	int8	128	0	0	1	0
R211_VENDOR_LITERAL_SPLIT_run1b	r211_vendor_literal_split	92	PPQ_Operation_1427	DequantizeLinear	weight-or-constant	PPQ_Variable_2798	int8	scalar	-128	-128	1	-128
R211_VENDOR_LITERAL_SPLIT_run1b	r211_vendor_literal_split	93	PPQ_Operation_1436	DequantizeLinear	weight-or-constant	PPQ_Variable_2825	int8	128	0	0	1	0
R211_VENDOR_LITERAL_SPLIT_run1b	r211_vendor_literal_split	94	PPQ_Operation_1441	DequantizeLinear	weight-or-constant	PPQ_Variable_2840	int8	256	0	0	1	0
R211_VENDOR_LITERAL_SPLIT_run1b	r211_vendor_literal_split	95	PPQ_Operation_1448	DequantizeLinear	weight-or-constant	PPQ_Variable_2861	int8	128	0	0	1	0
R211_VENDOR_LITERAL_SPLIT_run1b	r211_vendor_literal_split	96	PPQ_Operation_1455	DequantizeLinear	weight-or-constant	PPQ_Variable_2882	int8	256	0	0	1	0
R211_VENDOR_LITERAL_SPLIT_run1b	r211_vendor_literal_split	97	PPQ_Operation_1462	DequantizeLinear	weight-or-constant	PPQ_Variable_2903	int8	16	0	0	1	0
R211_VENDOR_LITERAL_SPLIT_run1b	r211_vendor_literal_split	98	PPQ_Operation_1465	DequantizeLinear	weight-or-constant	PPQ_Variable_2912	int8	256	0	0	1	0
R211_VENDOR_LITERAL_SPLIT_run1b	r211_vendor_literal_split	99	PPQ_Operation_1476	DequantizeLinear	weight-or-constant	PPQ_Variable_2945	int8	16	0	0	1	0
R211_VENDOR_LITERAL_SPLIT_run1b	r211_vendor_literal_split	100	PPQ_Operation_1479	DequantizeLinear	weight-or-constant	PPQ_Variable_2954	int8	80	0	0	1	0
R211_VENDOR_LITERAL_SPLIT_run1b	r211_vendor_literal_split	101	PPQ_Operation_1490	DequantizeLinear	weight-or-constant	PPQ_Variable_2987	int8	4	0	0	1	0
R211_VENDOR_LITERAL_SPLIT_run1b	r211_vendor_literal_split	102	PPQ_Operation_1493	DequantizeLinear	weight-or-constant	PPQ_Variable_2996	int8	80	0	0	1	0
R211_VENDOR_LITERAL_SPLIT_run1b	r211_vendor_literal_split	103	PPQ_Operation_1500	DequantizeLinear	weight-or-constant	PPQ_Variable_3017	int8	80	0	0	1	0
R211_VENDOR_LITERAL_SPLIT_run1b	r211_vendor_literal_split	104	PPQ_Operation_1507	DequantizeLinear	weight-or-constant	PPQ_Variable_3038	int8	80	0	0	1	0
R211_VENDOR_LITERAL_SPLIT_run1b	r211_vendor_literal_split	105	PPQ_Operation_699	DequantizeLinear	activation	PPQ_Variable_614	int8	scalar	-128	-128	1	-128
R211_VENDOR_LITERAL_SPLIT_run1b	r211_vendor_literal_split	107	PPQ_Operation_701	QuantizeLinear	activation	PPQ_Variable_620	int8	scalar	-102	-102	1	-102
R211_VENDOR_LITERAL_SPLIT_run1b	r211_vendor_literal_split	108	PPQ_Operation_702	DequantizeLinear	activation	PPQ_Variable_623	int8	scalar	-102	-102	1	-102
R211_VENDOR_LITERAL_SPLIT_run1b	r211_vendor_literal_split	110	PPQ_Operation_703	QuantizeLinear	activation	PPQ_Variable_626	int8	scalar	-128	-128	1	-128
R211_VENDOR_LITERAL_SPLIT_run1b	r211_vendor_literal_split	111	PPQ_Operation_704	DequantizeLinear	activation	PPQ_Variable_629	int8	scalar	-128	-128	1	-128
R211_VENDOR_LITERAL_SPLIT_run1b	r211_vendor_literal_split	113	PPQ_Operation_705	QuantizeLinear	activation	PPQ_Variable_632	int8	scalar	-127	-127	1	-127
R211_VENDOR_LITERAL_SPLIT_run1b	r211_vendor_literal_split	114	PPQ_Operation_706	DequantizeLinear	activation	PPQ_Variable_635	int8	scalar	-127	-127	1	-127
R211_VENDOR_LITERAL_SPLIT_run1b	r211_vendor_literal_split	116	PPQ_Operation_708	QuantizeLinear	activation	PPQ_Variable_641	int8	scalar	-114	-114	1	-114
R211_VENDOR_LITERAL_SPLIT_run1b	r211_vendor_literal_split	117	PPQ_Operation_709	DequantizeLinear	activation	PPQ_Variable_644	int8	scalar	-114	-114	1	-114
R211_VENDOR_LITERAL_SPLIT_run1b	r211_vendor_literal_split	119	PPQ_Operation_710	QuantizeLinear	activation	PPQ_Variable_647	int8	scalar	-128	-128	1	-128
R211_VENDOR_LITERAL_SPLIT_run1b	r211_vendor_literal_split	120	PPQ_Operation_711	DequantizeLinear	activation	PPQ_Variable_650	int8	scalar	-128	-128	1	-128
R211_VENDOR_LITERAL_SPLIT_run1b	r211_vendor_literal_split	122	PPQ_Operation_712	QuantizeLinear	activation	PPQ_Variable_653	int8	scalar	-127	-127	1	-127
R211_VENDOR_LITERAL_SPLIT_run1b	r211_vendor_literal_split	123	PPQ_Operation_713	DequantizeLinear	activation	PPQ_Variable_656	int8	scalar	-127	-127	1	-127
R211_VENDOR_LITERAL_SPLIT_run1b	r211_vendor_literal_split	125	PPQ_Operation_715	QuantizeLinear	activation	PPQ_Variable_662	int8	scalar	-107	-107	1	-107
R211_VENDOR_LITERAL_SPLIT_run1b	r211_vendor_literal_split	126	PPQ_Operation_716	DequantizeLinear	activation	PPQ_Variable_665	int8	scalar	-107	-107	1	-107
R211_VENDOR_LITERAL_SPLIT_run1b	r211_vendor_literal_split	128	PPQ_Operation_717	QuantizeLinear	activation	PPQ_Variable_668	int8	scalar	-128	-128	1	-128
R211_VENDOR_LITERAL_SPLIT_run1b	r211_vendor_literal_split	129	PPQ_Operation_718	DequantizeLinear	activation	PPQ_Variable_671	int8	scalar	-128	-128	1	-128
R211_VENDOR_LITERAL_SPLIT_run1b	r211_vendor_literal_split	131	PPQ_Operation_719	QuantizeLinear	activation	PPQ_Variable_674	int8	scalar	-127	-127	1	-127
R211_VENDOR_LITERAL_SPLIT_run1b	r211_vendor_literal_split	132	PPQ_Operation_720	DequantizeLinear	activation	PPQ_Variable_677	int8	scalar	-127	-127	1	-127
R211_VENDOR_LITERAL_SPLIT_run1b	r211_vendor_literal_split	134	PPQ_Operation_721	QuantizeLinear	activation	PPQ_Variable_680	int8	scalar	-127	-127	1	-127
R211_VENDOR_LITERAL_SPLIT_run1b	r211_vendor_literal_split	135	PPQ_Operation_723	QuantizeLinear	activation	PPQ_Variable_686	int8	scalar	-127	-127	1	-127
R211_VENDOR_LITERAL_SPLIT_run1b	r211_vendor_literal_split	136	PPQ_Operation_722	DequantizeLinear	activation	PPQ_Variable_683	int8	scalar	-127	-127	1	-127
R211_VENDOR_LITERAL_SPLIT_run1b	r211_vendor_literal_split	137	PPQ_Operation_724	DequantizeLinear	activation	PPQ_Variable_689	int8	scalar	-127	-127	1	-127
R211_VENDOR_LITERAL_SPLIT_run1b	r211_vendor_literal_split	139	PPQ_Operation_726	QuantizeLinear	activation	PPQ_Variable_695	int8	scalar	75	75	1	75
R211_VENDOR_LITERAL_SPLIT_run1b	r211_vendor_literal_split	140	PPQ_Operation_727	DequantizeLinear	activation	PPQ_Variable_698	int8	scalar	75	75	1	75
R211_VENDOR_LITERAL_SPLIT_run1b	r211_vendor_literal_split	142	PPQ_Operation_728	QuantizeLinear	activation	PPQ_Variable_701	int8	scalar	-128	-128	1	-128
R211_VENDOR_LITERAL_SPLIT_run1b	r211_vendor_literal_split	143	PPQ_Operation_729	DequantizeLinear	activation	PPQ_Variable_704	int8	scalar	-128	-128	1	-128
R211_VENDOR_LITERAL_SPLIT_run1b	r211_vendor_literal_split	145	PPQ_Operation_730	QuantizeLinear	activation	PPQ_Variable_707	int8	scalar	-89	-89	1	-89
R211_VENDOR_LITERAL_SPLIT_run1b	r211_vendor_literal_split	146	PPQ_Operation_731	DequantizeLinear	activation	PPQ_Variable_710	int8	scalar	-89	-89	1	-89
R211_VENDOR_LITERAL_SPLIT_run1b	r211_vendor_literal_split	148	PPQ_Operation_733	QuantizeLinear	activation	PPQ_Variable_716	int8	scalar	-96	-96	1	-96
R211_VENDOR_LITERAL_SPLIT_run1b	r211_vendor_literal_split	149	PPQ_Operation_734	DequantizeLinear	activation	PPQ_Variable_719	int8	scalar	-96	-96	1	-96
R211_VENDOR_LITERAL_SPLIT_run1b	r211_vendor_literal_split	151	PPQ_Operation_735	QuantizeLinear	activation	PPQ_Variable_722	int8	scalar	-128	-128	1	-128
R211_VENDOR_LITERAL_SPLIT_run1b	r211_vendor_literal_split	152	PPQ_Operation_736	DequantizeLinear	activation	PPQ_Variable_725	int8	scalar	-128	-128	1	-128
R211_VENDOR_LITERAL_SPLIT_run1b	r211_vendor_literal_split	154	PPQ_Operation_737	QuantizeLinear	activation	PPQ_Variable_728	int8	scalar	-125	-125	1	-125
R211_VENDOR_LITERAL_SPLIT_run1b	r211_vendor_literal_split	155	PPQ_Operation_738	DequantizeLinear	activation	PPQ_Variable_731	int8	scalar	-125	-125	1	-125
R211_VENDOR_LITERAL_SPLIT_run1b	r211_vendor_literal_split	157	PPQ_Operation_739	QuantizeLinear	activation	PPQ_Variable_734	int8	scalar	-125	-125	1	-125
R211_VENDOR_LITERAL_SPLIT_run1b	r211_vendor_literal_split	158	PPQ_Operation_740	DequantizeLinear	activation	PPQ_Variable_737	int8	scalar	-125	-125	1	-125
R211_VENDOR_LITERAL_SPLIT_run1b	r211_vendor_literal_split	160	PPQ_Operation_741	QuantizeLinear	activation	PPQ_Variable_740	int8	scalar	-125	-125	1	-125
R211_VENDOR_LITERAL_SPLIT_run1b	r211_vendor_literal_split	161	PPQ_Operation_742	DequantizeLinear	activation	PPQ_Variable_743	int8	scalar	-125	-125	1	-125
R211_VENDOR_LITERAL_SPLIT_run1b	r211_vendor_literal_split	163	PPQ_Operation_744	QuantizeLinear	activation	PPQ_Variable_749	int8	scalar	-94	-94	1	-94
R211_VENDOR_LITERAL_SPLIT_run1b	r211_vendor_literal_split	164	PPQ_Operation_745	DequantizeLinear	activation	PPQ_Variable_752	int8	scalar	-94	-94	1	-94
R211_VENDOR_LITERAL_SPLIT_run1b	r211_vendor_literal_split	166	PPQ_Operation_746	QuantizeLinear	activation	PPQ_Variable_755	int8	scalar	-128	-128	1	-128
R211_VENDOR_LITERAL_SPLIT_run1b	r211_vendor_literal_split	167	PPQ_Operation_747	DequantizeLinear	activation	PPQ_Variable_758	int8	scalar	-128	-128	1	-128
R211_VENDOR_LITERAL_SPLIT_run1b	r211_vendor_literal_split	169	PPQ_Operation_748	QuantizeLinear	activation	PPQ_Variable_761	int8	scalar	-124	-124	1	-124
R211_VENDOR_LITERAL_SPLIT_run1b	r211_vendor_literal_split	170	PPQ_Operation_749	DequantizeLinear	activation	PPQ_Variable_764	int8	scalar	-124	-124	1	-124
R211_VENDOR_LITERAL_SPLIT_run1b	r211_vendor_literal_split	172	PPQ_Operation_751	QuantizeLinear	activation	PPQ_Variable_770	int8	scalar	21	21	1	21
R211_VENDOR_LITERAL_SPLIT_run1b	r211_vendor_literal_split	173	PPQ_Operation_752	DequantizeLinear	activation	PPQ_Variable_773	int8	scalar	21	21	1	21
R211_VENDOR_LITERAL_SPLIT_run1b	r211_vendor_literal_split	175	PPQ_Operation_753	QuantizeLinear	activation	PPQ_Variable_776	int8	scalar	-128	-128	1	-128
R211_VENDOR_LITERAL_SPLIT_run1b	r211_vendor_literal_split	176	PPQ_Operation_754	DequantizeLinear	activation	PPQ_Variable_779	int8	scalar	-128	-128	1	-128
R211_VENDOR_LITERAL_SPLIT_run1b	r211_vendor_literal_split	178	PPQ_Operation_755	QuantizeLinear	activation	PPQ_Variable_782	int8	scalar	-118	-118	1	-118
R211_VENDOR_LITERAL_SPLIT_run1b	r211_vendor_literal_split	179	PPQ_Operation_756	DequantizeLinear	activation	PPQ_Variable_785	int8	scalar	-118	-118	1	-118
R211_VENDOR_LITERAL_SPLIT_run1b	r211_vendor_literal_split	181	PPQ_Operation_758	QuantizeLinear	activation	PPQ_Variable_791	int8	scalar	46	46	1	46
R211_VENDOR_LITERAL_SPLIT_run1b	r211_vendor_literal_split	182	PPQ_Operation_759	DequantizeLinear	activation	PPQ_Variable_794	int8	scalar	46	46	1	46
R211_VENDOR_LITERAL_SPLIT_run1b	r211_vendor_literal_split	184	PPQ_Operation_760	QuantizeLinear	activation	PPQ_Variable_797	int8	scalar	-128	-128	1	-128
R211_VENDOR_LITERAL_SPLIT_run1b	r211_vendor_literal_split	185	PPQ_Operation_761	DequantizeLinear	activation	PPQ_Variable_800	int8	scalar	-128	-128	1	-128
R211_VENDOR_LITERAL_SPLIT_run1b	r211_vendor_literal_split	187	PPQ_Operation_762	QuantizeLinear	activation	PPQ_Variable_803	int8	scalar	-113	-113	1	-113
R211_VENDOR_LITERAL_SPLIT_run1b	r211_vendor_literal_split	188	PPQ_Operation_763	DequantizeLinear	activation	PPQ_Variable_806	int8	scalar	-113	-113	1	-113
R211_VENDOR_LITERAL_SPLIT_run1b	r211_vendor_literal_split	190	PPQ_Operation_764	QuantizeLinear	activation	PPQ_Variable_809	int8	scalar	-113	-113	1	-113
R211_VENDOR_LITERAL_SPLIT_run1b	r211_vendor_literal_split	191	PPQ_Operation_766	QuantizeLinear	activation	PPQ_Variable_815	int8	scalar	-113	-113	1	-113
R211_VENDOR_LITERAL_SPLIT_run1b	r211_vendor_literal_split	192	PPQ_Operation_765	DequantizeLinear	activation	PPQ_Variable_812	int8	scalar	-113	-113	1	-113
R211_VENDOR_LITERAL_SPLIT_run1b	r211_vendor_literal_split	193	PPQ_Operation_767	DequantizeLinear	activation	PPQ_Variable_818	int8	scalar	-113	-113	1	-113
R211_VENDOR_LITERAL_SPLIT_run1b	r211_vendor_literal_split	195	PPQ_Operation_769	QuantizeLinear	activation	PPQ_Variable_824	int8	scalar	10	10	1	10
R211_VENDOR_LITERAL_SPLIT_run1b	r211_vendor_literal_split	196	PPQ_Operation_770	DequantizeLinear	activation	PPQ_Variable_827	int8	scalar	10	10	1	10
R211_VENDOR_LITERAL_SPLIT_run1b	r211_vendor_literal_split	198	PPQ_Operation_771	QuantizeLinear	activation	PPQ_Variable_830	int8	scalar	-128	-128	1	-128
R211_VENDOR_LITERAL_SPLIT_run1b	r211_vendor_literal_split	199	PPQ_Operation_772	DequantizeLinear	activation	PPQ_Variable_833	int8	scalar	-128	-128	1	-128
R211_VENDOR_LITERAL_SPLIT_run1b	r211_vendor_literal_split	201	PPQ_Operation_773	QuantizeLinear	activation	PPQ_Variable_836	int8	scalar	-112	-112	1	-112
R211_VENDOR_LITERAL_SPLIT_run1b	r211_vendor_literal_split	202	PPQ_Operation_774	DequantizeLinear	activation	PPQ_Variable_839	int8	scalar	-112	-112	1	-112
R211_VENDOR_LITERAL_SPLIT_run1b	r211_vendor_literal_split	204	PPQ_Operation_776	QuantizeLinear	activation	PPQ_Variable_845	int8	scalar	26	26	1	26
R211_VENDOR_LITERAL_SPLIT_run1b	r211_vendor_literal_split	205	PPQ_Operation_777	DequantizeLinear	activation	PPQ_Variable_848	int8	scalar	26	26	1	26
R211_VENDOR_LITERAL_SPLIT_run1b	r211_vendor_literal_split	207	PPQ_Operation_778	QuantizeLinear	activation	PPQ_Variable_851	int8	scalar	-128	-128	1	-128
R211_VENDOR_LITERAL_SPLIT_run1b	r211_vendor_literal_split	208	PPQ_Operation_779	DequantizeLinear	activation	PPQ_Variable_854	int8	scalar	-128	-128	1	-128
R211_VENDOR_LITERAL_SPLIT_run1b	r211_vendor_literal_split	210	PPQ_Operation_780	QuantizeLinear	activation	PPQ_Variable_857	int8	scalar	-117	-117	1	-117
R211_VENDOR_LITERAL_SPLIT_run1b	r211_vendor_literal_split	211	PPQ_Operation_781	DequantizeLinear	activation	PPQ_Variable_860	int8	scalar	-117	-117	1	-117
R211_VENDOR_LITERAL_SPLIT_run1b	r211_vendor_literal_split	213	PPQ_Operation_782	QuantizeLinear	activation	PPQ_Variable_863	int8	scalar	-110	-110	1	-110
R211_VENDOR_LITERAL_SPLIT_run1b	r211_vendor_literal_split	214	PPQ_Operation_783	DequantizeLinear	activation	PPQ_Variable_866	int8	scalar	-110	-110	1	-110
R211_VENDOR_LITERAL_SPLIT_run1b	r211_vendor_literal_split	216	PPQ_Operation_784	QuantizeLinear	activation	PPQ_Variable_869	int8	scalar	-108	-108	1	-108
R211_VENDOR_LITERAL_SPLIT_run1b	r211_vendor_literal_split	217	PPQ_Operation_785	DequantizeLinear	activation	PPQ_Variable_872	int8	scalar	-108	-108	1	-108
R211_VENDOR_LITERAL_SPLIT_run1b	r211_vendor_literal_split	219	PPQ_Operation_787	QuantizeLinear	activation	PPQ_Variable_878	int8	scalar	40	40	1	40
R211_VENDOR_LITERAL_SPLIT_run1b	r211_vendor_literal_split	220	PPQ_Operation_788	DequantizeLinear	activation	PPQ_Variable_881	int8	scalar	40	40	1	40
R211_VENDOR_LITERAL_SPLIT_run1b	r211_vendor_literal_split	222	PPQ_Operation_789	QuantizeLinear	activation	PPQ_Variable_884	int8	scalar	-128	-128	1	-128
R211_VENDOR_LITERAL_SPLIT_run1b	r211_vendor_literal_split	223	PPQ_Operation_790	DequantizeLinear	activation	PPQ_Variable_887	int8	scalar	-128	-128	1	-128
R211_VENDOR_LITERAL_SPLIT_run1b	r211_vendor_literal_split	225	PPQ_Operation_791	QuantizeLinear	activation	PPQ_Variable_890	int8	scalar	-111	-111	1	-111
R211_VENDOR_LITERAL_SPLIT_run1b	r211_vendor_literal_split	226	PPQ_Operation_792	DequantizeLinear	activation	PPQ_Variable_893	int8	scalar	-111	-111	1	-111
R211_VENDOR_LITERAL_SPLIT_run1b	r211_vendor_literal_split	228	PPQ_Operation_794	QuantizeLinear	activation	PPQ_Variable_899	int8	scalar	32	32	1	32
R211_VENDOR_LITERAL_SPLIT_run1b	r211_vendor_literal_split	229	PPQ_Operation_795	DequantizeLinear	activation	PPQ_Variable_902	int8	scalar	32	32	1	32
R211_VENDOR_LITERAL_SPLIT_run1b	r211_vendor_literal_split	231	PPQ_Operation_796	QuantizeLinear	activation	PPQ_Variable_905	int8	scalar	-128	-128	1	-128
R211_VENDOR_LITERAL_SPLIT_run1b	r211_vendor_literal_split	232	PPQ_Operation_797	DequantizeLinear	activation	PPQ_Variable_908	int8	scalar	-128	-128	1	-128
R211_VENDOR_LITERAL_SPLIT_run1b	r211_vendor_literal_split	234	PPQ_Operation_798	QuantizeLinear	activation	PPQ_Variable_911	int8	scalar	-114	-114	1	-114
R211_VENDOR_LITERAL_SPLIT_run1b	r211_vendor_literal_split	235	PPQ_Operation_799	DequantizeLinear	activation	PPQ_Variable_914	int8	scalar	-114	-114	1	-114
R211_VENDOR_LITERAL_SPLIT_run1b	r211_vendor_literal_split	237	PPQ_Operation_801	QuantizeLinear	activation	PPQ_Variable_920	int8	scalar	22	22	1	22
R211_VENDOR_LITERAL_SPLIT_run1b	r211_vendor_literal_split	238	PPQ_Operation_802	DequantizeLinear	activation	PPQ_Variable_923	int8	scalar	22	22	1	22
R211_VENDOR_LITERAL_SPLIT_run1b	r211_vendor_literal_split	240	PPQ_Operation_803	QuantizeLinear	activation	PPQ_Variable_926	int8	scalar	-128	-128	1	-128
R211_VENDOR_LITERAL_SPLIT_run1b	r211_vendor_literal_split	241	PPQ_Operation_804	DequantizeLinear	activation	PPQ_Variable_929	int8	scalar	-128	-128	1	-128
R211_VENDOR_LITERAL_SPLIT_run1b	r211_vendor_literal_split	243	PPQ_Operation_805	QuantizeLinear	activation	PPQ_Variable_932	int8	scalar	-115	-115	1	-115
R211_VENDOR_LITERAL_SPLIT_run1b	r211_vendor_literal_split	244	PPQ_Operation_806	DequantizeLinear	activation	PPQ_Variable_935	int8	scalar	-115	-115	1	-115
R211_VENDOR_LITERAL_SPLIT_run1b	r211_vendor_literal_split	246	PPQ_Operation_807	QuantizeLinear	activation	PPQ_Variable_938	int8	scalar	-115	-115	1	-115
R211_VENDOR_LITERAL_SPLIT_run1b	r211_vendor_literal_split	247	PPQ_Operation_809	QuantizeLinear	activation	PPQ_Variable_944	int8	scalar	-115	-115	1	-115
R211_VENDOR_LITERAL_SPLIT_run1b	r211_vendor_literal_split	248	PPQ_Operation_808	DequantizeLinear	activation	PPQ_Variable_941	int8	scalar	-115	-115	1	-115
R211_VENDOR_LITERAL_SPLIT_run1b	r211_vendor_literal_split	249	PPQ_Operation_810	DequantizeLinear	activation	PPQ_Variable_947	int8	scalar	-115	-115	1	-115
R211_VENDOR_LITERAL_SPLIT_run1b	r211_vendor_literal_split	252	PPQ_Operation_812	QuantizeLinear	activation	PPQ_Variable_953	int8	scalar	53	53	1	53
R211_VENDOR_LITERAL_SPLIT_run1b	r211_vendor_literal_split	253	PPQ_Operation_815	QuantizeLinear	activation	PPQ_Variable_962	int8	scalar	-16	-16	1	-16
R211_VENDOR_LITERAL_SPLIT_run1b	r211_vendor_literal_split	254	PPQ_Operation_813	DequantizeLinear	activation	PPQ_Variable_956	int8	scalar	53	53	1	53
R211_VENDOR_LITERAL_SPLIT_run1b	r211_vendor_literal_split	255	PPQ_Operation_816	DequantizeLinear	activation	PPQ_Variable_965	int8	scalar	-16	-16	1	-16
R211_VENDOR_LITERAL_SPLIT_run1b	r211_vendor_literal_split	258	PPQ_Operation_817	QuantizeLinear	activation	PPQ_Variable_968	int8	scalar	-128	-128	1	-128
R211_VENDOR_LITERAL_SPLIT_run1b	r211_vendor_literal_split	259	PPQ_Operation_819	QuantizeLinear	activation	PPQ_Variable_974	int8	scalar	-128	-128	1	-128
R211_VENDOR_LITERAL_SPLIT_run1b	r211_vendor_literal_split	260	PPQ_Operation_818	DequantizeLinear	activation	PPQ_Variable_971	int8	scalar	-128	-128	1	-128
R211_VENDOR_LITERAL_SPLIT_run1b	r211_vendor_literal_split	261	PPQ_Operation_820	DequantizeLinear	activation	PPQ_Variable_977	int8	scalar	-128	-128	1	-128
R211_VENDOR_LITERAL_SPLIT_run1b	r211_vendor_literal_split	264	PPQ_Operation_821	QuantizeLinear	activation	PPQ_Variable_980	int8	scalar	-104	-104	1	-104
R211_VENDOR_LITERAL_SPLIT_run1b	r211_vendor_literal_split	265	PPQ_Operation_823	QuantizeLinear	activation	PPQ_Variable_986	int8	scalar	-120	-120	1	-120
R211_VENDOR_LITERAL_SPLIT_run1b	r211_vendor_literal_split	266	PPQ_Operation_822	DequantizeLinear	activation	PPQ_Variable_983	int8	scalar	-104	-104	1	-104
R211_VENDOR_LITERAL_SPLIT_run1b	r211_vendor_literal_split	267	PPQ_Operation_824	DequantizeLinear	activation	PPQ_Variable_989	int8	scalar	-120	-120	1	-120
R211_VENDOR_LITERAL_SPLIT_run1b	r211_vendor_literal_split	269	PPQ_Operation_826	QuantizeLinear	activation	PPQ_Variable_995	int8	scalar	29	29	1	29
R211_VENDOR_LITERAL_SPLIT_run1b	r211_vendor_literal_split	270	PPQ_Operation_827	DequantizeLinear	activation	PPQ_Variable_998	int8	scalar	29	29	1	29
R211_VENDOR_LITERAL_SPLIT_run1b	r211_vendor_literal_split	272	PPQ_Operation_828	QuantizeLinear	activation	PPQ_Variable_1001	int8	scalar	-128	-128	1	-128
R211_VENDOR_LITERAL_SPLIT_run1b	r211_vendor_literal_split	273	PPQ_Operation_829	DequantizeLinear	activation	PPQ_Variable_1004	int8	scalar	-128	-128	1	-128
R211_VENDOR_LITERAL_SPLIT_run1b	r211_vendor_literal_split	275	PPQ_Operation_830	QuantizeLinear	activation	PPQ_Variable_1007	int8	scalar	-115	-115	1	-115
R211_VENDOR_LITERAL_SPLIT_run1b	r211_vendor_literal_split	276	PPQ_Operation_831	DequantizeLinear	activation	PPQ_Variable_1010	int8	scalar	-115	-115	1	-115
R211_VENDOR_LITERAL_SPLIT_run1b	r211_vendor_literal_split	278	PPQ_Operation_833	QuantizeLinear	activation	PPQ_Variable_1016	int8	scalar	32	32	1	32
R211_VENDOR_LITERAL_SPLIT_run1b	r211_vendor_literal_split	279	PPQ_Operation_834	DequantizeLinear	activation	PPQ_Variable_1019	int8	scalar	32	32	1	32
R211_VENDOR_LITERAL_SPLIT_run1b	r211_vendor_literal_split	281	PPQ_Operation_835	QuantizeLinear	activation	PPQ_Variable_1022	int8	scalar	-128	-128	1	-128
R211_VENDOR_LITERAL_SPLIT_run1b	r211_vendor_literal_split	282	PPQ_Operation_836	DequantizeLinear	activation	PPQ_Variable_1025	int8	scalar	-128	-128	1	-128
R211_VENDOR_LITERAL_SPLIT_run1b	r211_vendor_literal_split	284	PPQ_Operation_837	QuantizeLinear	activation	PPQ_Variable_1028	int8	scalar	-109	-109	1	-109
R211_VENDOR_LITERAL_SPLIT_run1b	r211_vendor_literal_split	285	PPQ_Operation_838	DequantizeLinear	activation	PPQ_Variable_1031	int8	scalar	-109	-109	1	-109
R211_VENDOR_LITERAL_SPLIT_run1b	r211_vendor_literal_split	287	PPQ_Operation_839	QuantizeLinear	activation	PPQ_Variable_1034	int8	scalar	-100	-100	1	-100
R211_VENDOR_LITERAL_SPLIT_run1b	r211_vendor_literal_split	288	PPQ_Operation_840	DequantizeLinear	activation	PPQ_Variable_1037	int8	scalar	-100	-100	1	-100
R211_VENDOR_LITERAL_SPLIT_run1b	r211_vendor_literal_split	290	PPQ_Operation_842	QuantizeLinear	activation	PPQ_Variable_1043	int8	scalar	22	22	1	22
R211_VENDOR_LITERAL_SPLIT_run1b	r211_vendor_literal_split	291	PPQ_Operation_843	DequantizeLinear	activation	PPQ_Variable_1046	int8	scalar	22	22	1	22
R211_VENDOR_LITERAL_SPLIT_run1b	r211_vendor_literal_split	293	PPQ_Operation_844	QuantizeLinear	activation	PPQ_Variable_1049	int8	scalar	-128	-128	1	-128
R211_VENDOR_LITERAL_SPLIT_run1b	r211_vendor_literal_split	294	PPQ_Operation_845	DequantizeLinear	activation	PPQ_Variable_1052	int8	scalar	-128	-128	1	-128
R211_VENDOR_LITERAL_SPLIT_run1b	r211_vendor_literal_split	296	PPQ_Operation_846	QuantizeLinear	activation	PPQ_Variable_1055	int8	scalar	-113	-113	1	-113
R211_VENDOR_LITERAL_SPLIT_run1b	r211_vendor_literal_split	297	PPQ_Operation_847	DequantizeLinear	activation	PPQ_Variable_1058	int8	scalar	-113	-113	1	-113
R211_VENDOR_LITERAL_SPLIT_run1b	r211_vendor_literal_split	299	PPQ_Operation_849	QuantizeLinear	activation	PPQ_Variable_1064	int8	scalar	-2	-2	1	-2
R211_VENDOR_LITERAL_SPLIT_run1b	r211_vendor_literal_split	300	PPQ_Operation_850	DequantizeLinear	activation	PPQ_Variable_1067	int8	scalar	-2	-2	1	-2
R211_VENDOR_LITERAL_SPLIT_run1b	r211_vendor_literal_split	302	PPQ_Operation_851	QuantizeLinear	activation	PPQ_Variable_1070	int8	scalar	-128	-128	1	-128
R211_VENDOR_LITERAL_SPLIT_run1b	r211_vendor_literal_split	303	PPQ_Operation_852	DequantizeLinear	activation	PPQ_Variable_1073	int8	scalar	-128	-128	1	-128
R211_VENDOR_LITERAL_SPLIT_run1b	r211_vendor_literal_split	305	PPQ_Operation_853	QuantizeLinear	activation	PPQ_Variable_1076	int8	scalar	-120	-120	1	-120
R211_VENDOR_LITERAL_SPLIT_run1b	r211_vendor_literal_split	306	PPQ_Operation_854	DequantizeLinear	activation	PPQ_Variable_1079	int8	scalar	-120	-120	1	-120
R211_VENDOR_LITERAL_SPLIT_run1b	r211_vendor_literal_split	308	PPQ_Operation_855	QuantizeLinear	activation	PPQ_Variable_1082	int8	scalar	-106	-106	1	-106
R211_VENDOR_LITERAL_SPLIT_run1b	r211_vendor_literal_split	309	PPQ_Operation_856	DequantizeLinear	activation	PPQ_Variable_1085	int8	scalar	-106	-106	1	-106
R211_VENDOR_LITERAL_SPLIT_run1b	r211_vendor_literal_split	311	PPQ_Operation_857	QuantizeLinear	activation	PPQ_Variable_1088	int8	scalar	-106	-106	1	-106
R211_VENDOR_LITERAL_SPLIT_run1b	r211_vendor_literal_split	312	PPQ_Operation_858	DequantizeLinear	activation	PPQ_Variable_1091	int8	scalar	-106	-106	1	-106
R211_VENDOR_LITERAL_SPLIT_run1b	r211_vendor_literal_split	314	PPQ_Operation_860	QuantizeLinear	activation	PPQ_Variable_1097	int8	scalar	24	24	1	24
R211_VENDOR_LITERAL_SPLIT_run1b	r211_vendor_literal_split	315	PPQ_Operation_861	DequantizeLinear	activation	PPQ_Variable_1100	int8	scalar	24	24	1	24
R211_VENDOR_LITERAL_SPLIT_run1b	r211_vendor_literal_split	317	PPQ_Operation_862	QuantizeLinear	activation	PPQ_Variable_1103	int8	scalar	-128	-128	1	-128
R211_VENDOR_LITERAL_SPLIT_run1b	r211_vendor_literal_split	318	PPQ_Operation_863	DequantizeLinear	activation	PPQ_Variable_1106	int8	scalar	-128	-128	1	-128
R211_VENDOR_LITERAL_SPLIT_run1b	r211_vendor_literal_split	320	PPQ_Operation_864	QuantizeLinear	activation	PPQ_Variable_1109	int8	scalar	-116	-116	1	-116
R211_VENDOR_LITERAL_SPLIT_run1b	r211_vendor_literal_split	321	PPQ_Operation_865	DequantizeLinear	activation	PPQ_Variable_1112	int8	scalar	-116	-116	1	-116
R211_VENDOR_LITERAL_SPLIT_run1b	r211_vendor_literal_split	323	PPQ_Operation_866	QuantizeLinear	activation	PPQ_Variable_1115	int8	scalar	-115	-115	1	-115
R211_VENDOR_LITERAL_SPLIT_run1b	r211_vendor_literal_split	324	PPQ_Operation_867	DequantizeLinear	activation	PPQ_Variable_1118	int8	scalar	-115	-115	1	-115
R211_VENDOR_LITERAL_SPLIT_run1b	r211_vendor_literal_split	326	PPQ_Operation_869	QuantizeLinear	activation	PPQ_Variable_1124	int8	scalar	42	42	1	42
R211_VENDOR_LITERAL_SPLIT_run1b	r211_vendor_literal_split	327	PPQ_Operation_870	DequantizeLinear	activation	PPQ_Variable_1127	int8	scalar	42	42	1	42
R211_VENDOR_LITERAL_SPLIT_run1b	r211_vendor_literal_split	329	PPQ_Operation_871	QuantizeLinear	activation	PPQ_Variable_1130	int8	scalar	-128	-128	1	-128
R211_VENDOR_LITERAL_SPLIT_run1b	r211_vendor_literal_split	330	PPQ_Operation_872	DequantizeLinear	activation	PPQ_Variable_1133	int8	scalar	-128	-128	1	-128
R211_VENDOR_LITERAL_SPLIT_run1b	r211_vendor_literal_split	332	PPQ_Operation_873	QuantizeLinear	activation	PPQ_Variable_1136	int8	scalar	-114	-114	1	-114
R211_VENDOR_LITERAL_SPLIT_run1b	r211_vendor_literal_split	333	PPQ_Operation_874	DequantizeLinear	activation	PPQ_Variable_1139	int8	scalar	-114	-114	1	-114
R211_VENDOR_LITERAL_SPLIT_run1b	r211_vendor_literal_split	335	PPQ_Operation_876	QuantizeLinear	activation	PPQ_Variable_1145	int8	scalar	36	36	1	36
R211_VENDOR_LITERAL_SPLIT_run1b	r211_vendor_literal_split	336	PPQ_Operation_877	DequantizeLinear	activation	PPQ_Variable_1148	int8	scalar	36	36	1	36
R211_VENDOR_LITERAL_SPLIT_run1b	r211_vendor_literal_split	338	PPQ_Operation_878	QuantizeLinear	activation	PPQ_Variable_1151	int8	scalar	-128	-128	1	-128
R211_VENDOR_LITERAL_SPLIT_run1b	r211_vendor_literal_split	339	PPQ_Operation_879	DequantizeLinear	activation	PPQ_Variable_1154	int8	scalar	-128	-128	1	-128
R211_VENDOR_LITERAL_SPLIT_run1b	r211_vendor_literal_split	341	PPQ_Operation_880	QuantizeLinear	activation	PPQ_Variable_1157	int8	scalar	-116	-116	1	-116
R211_VENDOR_LITERAL_SPLIT_run1b	r211_vendor_literal_split	342	PPQ_Operation_881	DequantizeLinear	activation	PPQ_Variable_1160	int8	scalar	-116	-116	1	-116
R211_VENDOR_LITERAL_SPLIT_run1b	r211_vendor_literal_split	344	PPQ_Operation_883	QuantizeLinear	activation	PPQ_Variable_1166	int8	scalar	10	10	1	10
R211_VENDOR_LITERAL_SPLIT_run1b	r211_vendor_literal_split	345	PPQ_Operation_884	DequantizeLinear	activation	PPQ_Variable_1169	int8	scalar	10	10	1	10
R211_VENDOR_LITERAL_SPLIT_run1b	r211_vendor_literal_split	347	PPQ_Operation_885	QuantizeLinear	activation	PPQ_Variable_1172	int8	scalar	-128	-128	1	-128
R211_VENDOR_LITERAL_SPLIT_run1b	r211_vendor_literal_split	348	PPQ_Operation_886	DequantizeLinear	activation	PPQ_Variable_1175	int8	scalar	-128	-128	1	-128
R211_VENDOR_LITERAL_SPLIT_run1b	r211_vendor_literal_split	350	PPQ_Operation_887	QuantizeLinear	activation	PPQ_Variable_1178	int8	scalar	-119	-119	1	-119
R211_VENDOR_LITERAL_SPLIT_run1b	r211_vendor_literal_split	351	PPQ_Operation_888	DequantizeLinear	activation	PPQ_Variable_1181	int8	scalar	-119	-119	1	-119
R211_VENDOR_LITERAL_SPLIT_run1b	r211_vendor_literal_split	353	PPQ_Operation_889	QuantizeLinear	activation	PPQ_Variable_1184	int8	scalar	-119	-119	1	-119
R211_VENDOR_LITERAL_SPLIT_run1b	r211_vendor_literal_split	354	PPQ_Operation_891	QuantizeLinear	activation	PPQ_Variable_1190	int8	scalar	-119	-119	1	-119
R211_VENDOR_LITERAL_SPLIT_run1b	r211_vendor_literal_split	355	PPQ_Operation_890	DequantizeLinear	activation	PPQ_Variable_1187	int8	scalar	-119	-119	1	-119
R211_VENDOR_LITERAL_SPLIT_run1b	r211_vendor_literal_split	356	PPQ_Operation_892	DequantizeLinear	activation	PPQ_Variable_1193	int8	scalar	-119	-119	1	-119
R211_VENDOR_LITERAL_SPLIT_run1b	r211_vendor_literal_split	359	PPQ_Operation_894	QuantizeLinear	activation	PPQ_Variable_1199	int8	scalar	47	47	1	47
R211_VENDOR_LITERAL_SPLIT_run1b	r211_vendor_literal_split	360	PPQ_Operation_897	QuantizeLinear	activation	PPQ_Variable_1208	int8	scalar	6	6	1	6
R211_VENDOR_LITERAL_SPLIT_run1b	r211_vendor_literal_split	361	PPQ_Operation_895	DequantizeLinear	activation	PPQ_Variable_1202	int8	scalar	47	47	1	47
R211_VENDOR_LITERAL_SPLIT_run1b	r211_vendor_literal_split	362	PPQ_Operation_898	DequantizeLinear	activation	PPQ_Variable_1211	int8	scalar	6	6	1	6
R211_VENDOR_LITERAL_SPLIT_run1b	r211_vendor_literal_split	365	PPQ_Operation_899	QuantizeLinear	activation	PPQ_Variable_1214	int8	scalar	-128	-128	1	-128
R211_VENDOR_LITERAL_SPLIT_run1b	r211_vendor_literal_split	366	PPQ_Operation_901	QuantizeLinear	activation	PPQ_Variable_1220	int8	scalar	-128	-128	1	-128
R211_VENDOR_LITERAL_SPLIT_run1b	r211_vendor_literal_split	367	PPQ_Operation_900	DequantizeLinear	activation	PPQ_Variable_1217	int8	scalar	-128	-128	1	-128
R211_VENDOR_LITERAL_SPLIT_run1b	r211_vendor_literal_split	368	PPQ_Operation_902	DequantizeLinear	activation	PPQ_Variable_1223	int8	scalar	-128	-128	1	-128
R211_VENDOR_LITERAL_SPLIT_run1b	r211_vendor_literal_split	371	PPQ_Operation_903	QuantizeLinear	activation	PPQ_Variable_1226	int8	scalar	-114	-114	1	-114
R211_VENDOR_LITERAL_SPLIT_run1b	r211_vendor_literal_split	372	PPQ_Operation_905	QuantizeLinear	activation	PPQ_Variable_1232	int8	scalar	-120	-120	1	-120
R211_VENDOR_LITERAL_SPLIT_run1b	r211_vendor_literal_split	373	PPQ_Operation_904	DequantizeLinear	activation	PPQ_Variable_1229	int8	scalar	-114	-114	1	-114
R211_VENDOR_LITERAL_SPLIT_run1b	r211_vendor_literal_split	374	PPQ_Operation_906	DequantizeLinear	activation	PPQ_Variable_1235	int8	scalar	-120	-120	1	-120
R211_VENDOR_LITERAL_SPLIT_run1b	r211_vendor_literal_split	376	PPQ_Operation_908	QuantizeLinear	activation	PPQ_Variable_1241	int8	scalar	4	4	1	4
R211_VENDOR_LITERAL_SPLIT_run1b	r211_vendor_literal_split	377	PPQ_Operation_909	DequantizeLinear	activation	PPQ_Variable_1244	int8	scalar	4	4	1	4
R211_VENDOR_LITERAL_SPLIT_run1b	r211_vendor_literal_split	379	PPQ_Operation_910	QuantizeLinear	activation	PPQ_Variable_1247	int8	scalar	-128	-128	1	-128
R211_VENDOR_LITERAL_SPLIT_run1b	r211_vendor_literal_split	380	PPQ_Operation_911	DequantizeLinear	activation	PPQ_Variable_1250	int8	scalar	-128	-128	1	-128
R211_VENDOR_LITERAL_SPLIT_run1b	r211_vendor_literal_split	382	PPQ_Operation_912	QuantizeLinear	activation	PPQ_Variable_1253	int8	scalar	-120	-120	1	-120
R211_VENDOR_LITERAL_SPLIT_run1b	r211_vendor_literal_split	383	PPQ_Operation_913	DequantizeLinear	activation	PPQ_Variable_1256	int8	scalar	-120	-120	1	-120
R211_VENDOR_LITERAL_SPLIT_run1b	r211_vendor_literal_split	385	PPQ_Operation_915	QuantizeLinear	activation	PPQ_Variable_1262	int8	scalar	7	7	1	7
R211_VENDOR_LITERAL_SPLIT_run1b	r211_vendor_literal_split	386	PPQ_Operation_916	DequantizeLinear	activation	PPQ_Variable_1265	int8	scalar	7	7	1	7
R211_VENDOR_LITERAL_SPLIT_run1b	r211_vendor_literal_split	388	PPQ_Operation_917	QuantizeLinear	activation	PPQ_Variable_1268	int8	scalar	-128	-128	1	-128
R211_VENDOR_LITERAL_SPLIT_run1b	r211_vendor_literal_split	389	PPQ_Operation_918	DequantizeLinear	activation	PPQ_Variable_1271	int8	scalar	-128	-128	1	-128
R211_VENDOR_LITERAL_SPLIT_run1b	r211_vendor_literal_split	391	PPQ_Operation_919	QuantizeLinear	activation	PPQ_Variable_1274	int8	scalar	-120	-120	1	-120
R211_VENDOR_LITERAL_SPLIT_run1b	r211_vendor_literal_split	392	PPQ_Operation_920	DequantizeLinear	activation	PPQ_Variable_1277	int8	scalar	-120	-120	1	-120
R211_VENDOR_LITERAL_SPLIT_run1b	r211_vendor_literal_split	394	PPQ_Operation_921	QuantizeLinear	activation	PPQ_Variable_1280	int8	scalar	-114	-114	1	-114
R211_VENDOR_LITERAL_SPLIT_run1b	r211_vendor_literal_split	395	PPQ_Operation_922	DequantizeLinear	activation	PPQ_Variable_1283	int8	scalar	-114	-114	1	-114
R211_VENDOR_LITERAL_SPLIT_run1b	r211_vendor_literal_split	397	PPQ_Operation_924	QuantizeLinear	activation	PPQ_Variable_1289	int8	scalar	-12	-12	1	-12
R211_VENDOR_LITERAL_SPLIT_run1b	r211_vendor_literal_split	398	PPQ_Operation_925	DequantizeLinear	activation	PPQ_Variable_1292	int8	scalar	-12	-12	1	-12
R211_VENDOR_LITERAL_SPLIT_run1b	r211_vendor_literal_split	400	PPQ_Operation_926	QuantizeLinear	activation	PPQ_Variable_1295	int8	scalar	-128	-128	1	-128
R211_VENDOR_LITERAL_SPLIT_run1b	r211_vendor_literal_split	401	PPQ_Operation_927	DequantizeLinear	activation	PPQ_Variable_1298	int8	scalar	-128	-128	1	-128
R211_VENDOR_LITERAL_SPLIT_run1b	r211_vendor_literal_split	403	PPQ_Operation_928	QuantizeLinear	activation	PPQ_Variable_1301	int8	scalar	-121	-121	1	-121
R211_VENDOR_LITERAL_SPLIT_run1b	r211_vendor_literal_split	404	PPQ_Operation_929	DequantizeLinear	activation	PPQ_Variable_1304	int8	scalar	-121	-121	1	-121
R211_VENDOR_LITERAL_SPLIT_run1b	r211_vendor_literal_split	406	PPQ_Operation_931	QuantizeLinear	activation	PPQ_Variable_1310	int8	scalar	-21	-21	1	-21
R211_VENDOR_LITERAL_SPLIT_run1b	r211_vendor_literal_split	407	PPQ_Operation_932	DequantizeLinear	activation	PPQ_Variable_1313	int8	scalar	-21	-21	1	-21
R211_VENDOR_LITERAL_SPLIT_run1b	r211_vendor_literal_split	409	PPQ_Operation_933	QuantizeLinear	activation	PPQ_Variable_1316	int8	scalar	-128	-128	1	-128
R211_VENDOR_LITERAL_SPLIT_run1b	r211_vendor_literal_split	410	PPQ_Operation_934	DequantizeLinear	activation	PPQ_Variable_1319	int8	scalar	-128	-128	1	-128
R211_VENDOR_LITERAL_SPLIT_run1b	r211_vendor_literal_split	412	PPQ_Operation_935	QuantizeLinear	activation	PPQ_Variable_1322	int8	scalar	-123	-123	1	-123
R211_VENDOR_LITERAL_SPLIT_run1b	r211_vendor_literal_split	413	PPQ_Operation_936	DequantizeLinear	activation	PPQ_Variable_1325	int8	scalar	-123	-123	1	-123
R211_VENDOR_LITERAL_SPLIT_run1b	r211_vendor_literal_split	415	PPQ_Operation_937	QuantizeLinear	activation	PPQ_Variable_1328	int8	scalar	-116	-116	1	-116
R211_VENDOR_LITERAL_SPLIT_run1b	r211_vendor_literal_split	416	PPQ_Operation_938	DequantizeLinear	activation	PPQ_Variable_1331	int8	scalar	-116	-116	1	-116
R211_VENDOR_LITERAL_SPLIT_run1b	r211_vendor_literal_split	418	PPQ_Operation_939	QuantizeLinear	activation	PPQ_Variable_1334	int8	scalar	-116	-116	1	-116
R211_VENDOR_LITERAL_SPLIT_run1b	r211_vendor_literal_split	419	PPQ_Operation_940	DequantizeLinear	activation	PPQ_Variable_1337	int8	scalar	-116	-116	1	-116
R211_VENDOR_LITERAL_SPLIT_run1b	r211_vendor_literal_split	421	PPQ_Operation_942	QuantizeLinear	activation	PPQ_Variable_1343	int8	scalar	8	8	1	8
R211_VENDOR_LITERAL_SPLIT_run1b	r211_vendor_literal_split	422	PPQ_Operation_943	DequantizeLinear	activation	PPQ_Variable_1346	int8	scalar	8	8	1	8
R211_VENDOR_LITERAL_SPLIT_run1b	r211_vendor_literal_split	424	PPQ_Operation_944	QuantizeLinear	activation	PPQ_Variable_1349	int8	scalar	-128	-128	1	-128
R211_VENDOR_LITERAL_SPLIT_run1b	r211_vendor_literal_split	425	PPQ_Operation_945	DequantizeLinear	activation	PPQ_Variable_1352	int8	scalar	-128	-128	1	-128
R211_VENDOR_LITERAL_SPLIT_run1b	r211_vendor_literal_split	427	PPQ_Operation_946	QuantizeLinear	activation	PPQ_Variable_1355	int8	scalar	-119	-119	1	-119
R211_VENDOR_LITERAL_SPLIT_run1b	r211_vendor_literal_split	428	PPQ_Operation_947	DequantizeLinear	activation	PPQ_Variable_1358	int8	scalar	-119	-119	1	-119
R211_VENDOR_LITERAL_SPLIT_run1b	r211_vendor_literal_split	430	PPQ_Operation_948	QuantizeLinear	activation	PPQ_Variable_1361	int8	scalar	-119	-119	1	-119
R211_VENDOR_LITERAL_SPLIT_run1b	r211_vendor_literal_split	431	PPQ_Operation_949	DequantizeLinear	activation	PPQ_Variable_1364	int8	scalar	-119	-119	1	-119
R211_VENDOR_LITERAL_SPLIT_run1b	r211_vendor_literal_split	433	PPQ_Operation_951	QuantizeLinear	activation	PPQ_Variable_1370	int8	scalar	34	34	1	34
R211_VENDOR_LITERAL_SPLIT_run1b	r211_vendor_literal_split	434	PPQ_Operation_952	DequantizeLinear	activation	PPQ_Variable_1373	int8	scalar	34	34	1	34
R211_VENDOR_LITERAL_SPLIT_run1b	r211_vendor_literal_split	436	PPQ_Operation_953	QuantizeLinear	activation	PPQ_Variable_1376	int8	scalar	-128	-128	1	-128
R211_VENDOR_LITERAL_SPLIT_run1b	r211_vendor_literal_split	437	PPQ_Operation_954	DequantizeLinear	activation	PPQ_Variable_1379	int8	scalar	-128	-128	1	-128
R211_VENDOR_LITERAL_SPLIT_run1b	r211_vendor_literal_split	439	PPQ_Operation_955	QuantizeLinear	activation	PPQ_Variable_1382	int8	scalar	-116	-116	1	-116
R211_VENDOR_LITERAL_SPLIT_run1b	r211_vendor_literal_split	440	PPQ_Operation_956	DequantizeLinear	activation	PPQ_Variable_1385	int8	scalar	-116	-116	1	-116
R211_VENDOR_LITERAL_SPLIT_run1b	r211_vendor_literal_split	442	PPQ_Operation_958	QuantizeLinear	activation	PPQ_Variable_1391	int8	scalar	10	10	1	10
R211_VENDOR_LITERAL_SPLIT_run1b	r211_vendor_literal_split	443	PPQ_Operation_959	DequantizeLinear	activation	PPQ_Variable_1394	int8	scalar	10	10	1	10
R211_VENDOR_LITERAL_SPLIT_run1b	r211_vendor_literal_split	445	PPQ_Operation_960	QuantizeLinear	activation	PPQ_Variable_1397	int8	scalar	10	10	1	10
R211_VENDOR_LITERAL_SPLIT_run1b	r211_vendor_literal_split	446	PPQ_Operation_961	DequantizeLinear	activation	PPQ_Variable_1400	int8	scalar	10	10	1	10
R211_VENDOR_LITERAL_SPLIT_run1b	r211_vendor_literal_split	448	PPQ_Operation_962	QuantizeLinear	activation	PPQ_Variable_1403	int8	scalar	10	10	1	10
R211_VENDOR_LITERAL_SPLIT_run1b	r211_vendor_literal_split	449	PPQ_Operation_963	DequantizeLinear	activation	PPQ_Variable_1406	int8	scalar	10	10	1	10
R211_VENDOR_LITERAL_SPLIT_run1b	r211_vendor_literal_split	452	PPQ_Operation_964	QuantizeLinear	activation	PPQ_Variable_1409	int8	scalar	-7	-7	1	-7
R211_VENDOR_LITERAL_SPLIT_run1b	r211_vendor_literal_split	453	PPQ_Operation_965	DequantizeLinear	activation	PPQ_Variable_1412	int8	scalar	-7	-7	1	-7
R211_VENDOR_LITERAL_SPLIT_run1b	r211_vendor_literal_split	455	PPQ_Operation_967	QuantizeLinear	activation	PPQ_Variable_1418	int8	scalar	3	3	1	3
R211_VENDOR_LITERAL_SPLIT_run1b	r211_vendor_literal_split	456	PPQ_Operation_968	DequantizeLinear	activation	PPQ_Variable_1421	int8	scalar	3	3	1	3
R211_VENDOR_LITERAL_SPLIT_run1b	r211_vendor_literal_split	458	PPQ_Operation_969	QuantizeLinear	activation	PPQ_Variable_1424	int8	scalar	-128	-128	1	-128
R211_VENDOR_LITERAL_SPLIT_run1b	r211_vendor_literal_split	459	PPQ_Operation_970	DequantizeLinear	activation	PPQ_Variable_1427	int8	scalar	-128	-128	1	-128
R211_VENDOR_LITERAL_SPLIT_run1b	r211_vendor_literal_split	461	PPQ_Operation_971	QuantizeLinear	activation	PPQ_Variable_1430	int8	scalar	-119	-119	1	-119
R211_VENDOR_LITERAL_SPLIT_run1b	r211_vendor_literal_split	462	PPQ_Operation_972	DequantizeLinear	activation	PPQ_Variable_1433	int8	scalar	-119	-119	1	-119
R211_VENDOR_LITERAL_SPLIT_run1b	r211_vendor_literal_split	464	PPQ_Operation_973	QuantizeLinear	activation	PPQ_Variable_1436	int8	scalar	-112	-112	1	-112
R211_VENDOR_LITERAL_SPLIT_run1b	r211_vendor_literal_split	465	PPQ_Operation_974	DequantizeLinear	activation	PPQ_Variable_1439	int8	scalar	-112	-112	1	-112
R211_VENDOR_LITERAL_SPLIT_run1b	r211_vendor_literal_split	467	PPQ_Operation_976	QuantizeLinear	activation	PPQ_Variable_1445	int8	scalar	10	10	1	10
R211_VENDOR_LITERAL_SPLIT_run1b	r211_vendor_literal_split	468	PPQ_Operation_977	DequantizeLinear	activation	PPQ_Variable_1448	int8	scalar	10	10	1	10
R211_VENDOR_LITERAL_SPLIT_run1b	r211_vendor_literal_split	470	PPQ_Operation_978	QuantizeLinear	activation	PPQ_Variable_1451	int8	scalar	-128	-128	1	-128
R211_VENDOR_LITERAL_SPLIT_run1b	r211_vendor_literal_split	471	PPQ_Operation_979	DequantizeLinear	activation	PPQ_Variable_1454	int8	scalar	-128	-128	1	-128
R211_VENDOR_LITERAL_SPLIT_run1b	r211_vendor_literal_split	473	PPQ_Operation_980	QuantizeLinear	activation	PPQ_Variable_1457	int8	scalar	-120	-120	1	-120
R211_VENDOR_LITERAL_SPLIT_run1b	r211_vendor_literal_split	474	PPQ_Operation_981	DequantizeLinear	activation	PPQ_Variable_1460	int8	scalar	-120	-120	1	-120
R211_VENDOR_LITERAL_SPLIT_run1b	r211_vendor_literal_split	476	PPQ_Operation_982	QuantizeLinear	activation	PPQ_Variable_1463	int8	scalar	-120	-120	1	-120
R211_VENDOR_LITERAL_SPLIT_run1b	r211_vendor_literal_split	477	PPQ_Operation_984	QuantizeLinear	activation	PPQ_Variable_1469	int8	scalar	-120	-120	1	-120
R211_VENDOR_LITERAL_SPLIT_run1b	r211_vendor_literal_split	478	PPQ_Operation_983	DequantizeLinear	activation	PPQ_Variable_1466	int8	scalar	-120	-120	1	-120
R211_VENDOR_LITERAL_SPLIT_run1b	r211_vendor_literal_split	479	PPQ_Operation_985	DequantizeLinear	activation	PPQ_Variable_1472	int8	scalar	-120	-120	1	-120
R211_VENDOR_LITERAL_SPLIT_run1b	r211_vendor_literal_split	481	PPQ_Operation_987	QuantizeLinear	activation	PPQ_Variable_1478	int8	scalar	1	1	1	1
R211_VENDOR_LITERAL_SPLIT_run1b	r211_vendor_literal_split	482	PPQ_Operation_988	DequantizeLinear	activation	PPQ_Variable_1481	int8	scalar	1	1	1	1
R211_VENDOR_LITERAL_SPLIT_run1b	r211_vendor_literal_split	484	PPQ_Operation_989	QuantizeLinear	activation	PPQ_Variable_1484	int8	scalar	1	1	1	1
R211_VENDOR_LITERAL_SPLIT_run1b	r211_vendor_literal_split	485	PPQ_Operation_990	DequantizeLinear	activation	PPQ_Variable_1487	int8	scalar	1	1	1	1
R211_VENDOR_LITERAL_SPLIT_run1b	r211_vendor_literal_split	487	PPQ_Operation_991	QuantizeLinear	activation	PPQ_Variable_1490	int8	scalar	1	1	1	1
R211_VENDOR_LITERAL_SPLIT_run1b	r211_vendor_literal_split	488	PPQ_Operation_993	QuantizeLinear	activation	PPQ_Variable_1496	int8	scalar	1	1	1	1
R211_VENDOR_LITERAL_SPLIT_run1b	r211_vendor_literal_split	489	PPQ_Operation_995	QuantizeLinear	activation	PPQ_Variable_1502	int8	scalar	1	1	1	1
R211_VENDOR_LITERAL_SPLIT_run1b	r211_vendor_literal_split	490	PPQ_Operation_992	DequantizeLinear	activation	PPQ_Variable_1493	int8	scalar	1	1	1	1
R211_VENDOR_LITERAL_SPLIT_run1b	r211_vendor_literal_split	491	PPQ_Operation_994	DequantizeLinear	activation	PPQ_Variable_1499	int8	scalar	1	1	1	1
R211_VENDOR_LITERAL_SPLIT_run1b	r211_vendor_literal_split	492	PPQ_Operation_996	DequantizeLinear	activation	PPQ_Variable_1505	int8	scalar	1	1	1	1
R211_VENDOR_LITERAL_SPLIT_run1b	r211_vendor_literal_split	497	PPQ_Operation_997	QuantizeLinear	activation	PPQ_Variable_1508	int8	scalar	2	2	1	2
R211_VENDOR_LITERAL_SPLIT_run1b	r211_vendor_literal_split	498	PPQ_Operation_1000	QuantizeLinear	activation	PPQ_Variable_1517	int8	scalar	20	20	1	20
R211_VENDOR_LITERAL_SPLIT_run1b	r211_vendor_literal_split	499	PPQ_Operation_998	DequantizeLinear	activation	PPQ_Variable_1511	int8	scalar	2	2	1	2
R211_VENDOR_LITERAL_SPLIT_run1b	r211_vendor_literal_split	500	PPQ_Operation_1001	DequantizeLinear	activation	PPQ_Variable_1520	int8	scalar	20	20	1	20
R211_VENDOR_LITERAL_SPLIT_run1b	r211_vendor_literal_split	502	PPQ_Operation_1003	QuantizeLinear	activation	PPQ_Variable_1526	int8	scalar	2	2	1	2
R211_VENDOR_LITERAL_SPLIT_run1b	r211_vendor_literal_split	503	PPQ_Operation_1004	DequantizeLinear	activation	PPQ_Variable_1529	int8	scalar	2	2	1	2
R211_VENDOR_LITERAL_SPLIT_run1b	r211_vendor_literal_split	506	PPQ_Operation_1005	QuantizeLinear	activation	PPQ_Variable_1532	int8	scalar	-128	-128	1	-128
R211_VENDOR_LITERAL_SPLIT_run1b	r211_vendor_literal_split	507	PPQ_Operation_1006	DequantizeLinear	activation	PPQ_Variable_1535	int8	scalar	-128	-128	1	-128
R211_VENDOR_LITERAL_SPLIT_run1b	r211_vendor_literal_split	509	PPQ_Operation_1007	QuantizeLinear	activation	PPQ_Variable_1538	int8	scalar	17	17	1	17
R211_VENDOR_LITERAL_SPLIT_run1b	r211_vendor_literal_split	510	PPQ_Operation_1008	DequantizeLinear	activation	PPQ_Variable_1541	int8	scalar	17	17	1	17
R211_VENDOR_LITERAL_SPLIT_run1b	r211_vendor_literal_split	513	PPQ_Operation_1009	QuantizeLinear	activation	PPQ_Variable_1544	int8	scalar	5	5	1	5
R211_VENDOR_LITERAL_SPLIT_run1b	r211_vendor_literal_split	514	PPQ_Operation_1010	DequantizeLinear	activation	PPQ_Variable_1547	int8	scalar	5	5	1	5
R211_VENDOR_LITERAL_SPLIT_run1b	r211_vendor_literal_split	516	PPQ_Operation_1012	QuantizeLinear	activation	PPQ_Variable_1553	int8	scalar	-6	-6	1	-6
R211_VENDOR_LITERAL_SPLIT_run1b	r211_vendor_literal_split	517	PPQ_Operation_1013	DequantizeLinear	activation	PPQ_Variable_1556	int8	scalar	-6	-6	1	-6
R211_VENDOR_LITERAL_SPLIT_run1b	r211_vendor_literal_split	519	PPQ_Operation_1014	QuantizeLinear	activation	PPQ_Variable_1559	int8	scalar	-28	-28	1	-28
R211_VENDOR_LITERAL_SPLIT_run1b	r211_vendor_literal_split	520	PPQ_Operation_1015	DequantizeLinear	activation	PPQ_Variable_1562	int8	scalar	-28	-28	1	-28
R211_VENDOR_LITERAL_SPLIT_run1b	r211_vendor_literal_split	522	PPQ_Operation_1017	QuantizeLinear	activation	PPQ_Variable_1568	int8	scalar	54	54	1	54
R211_VENDOR_LITERAL_SPLIT_run1b	r211_vendor_literal_split	523	PPQ_Operation_1018	DequantizeLinear	activation	PPQ_Variable_1571	int8	scalar	54	54	1	54
R211_VENDOR_LITERAL_SPLIT_run1b	r211_vendor_literal_split	525	PPQ_Operation_1019	QuantizeLinear	activation	PPQ_Variable_1574	int8	scalar	-128	-128	1	-128
R211_VENDOR_LITERAL_SPLIT_run1b	r211_vendor_literal_split	526	PPQ_Operation_1020	DequantizeLinear	activation	PPQ_Variable_1577	int8	scalar	-128	-128	1	-128
R211_VENDOR_LITERAL_SPLIT_run1b	r211_vendor_literal_split	528	PPQ_Operation_1021	QuantizeLinear	activation	PPQ_Variable_1580	int8	scalar	-105	-105	1	-105
R211_VENDOR_LITERAL_SPLIT_run1b	r211_vendor_literal_split	529	PPQ_Operation_1022	DequantizeLinear	activation	PPQ_Variable_1583	int8	scalar	-105	-105	1	-105
R211_VENDOR_LITERAL_SPLIT_run1b	r211_vendor_literal_split	531	PPQ_Operation_1024	QuantizeLinear	activation	PPQ_Variable_1589	int8	scalar	3	3	1	3
R211_VENDOR_LITERAL_SPLIT_run1b	r211_vendor_literal_split	532	PPQ_Operation_1025	DequantizeLinear	activation	PPQ_Variable_1592	int8	scalar	3	3	1	3
R211_VENDOR_LITERAL_SPLIT_run1b	r211_vendor_literal_split	534	PPQ_Operation_1026	QuantizeLinear	activation	PPQ_Variable_1595	int8	scalar	-28	-28	1	-28
R211_VENDOR_LITERAL_SPLIT_run1b	r211_vendor_literal_split	535	PPQ_Operation_1027	DequantizeLinear	activation	PPQ_Variable_1598	int8	scalar	-28	-28	1	-28
R211_VENDOR_LITERAL_SPLIT_run1b	r211_vendor_literal_split	537	PPQ_Operation_1028	QuantizeLinear	activation	PPQ_Variable_1601	int8	scalar	-21	-21	1	-21
R211_VENDOR_LITERAL_SPLIT_run1b	r211_vendor_literal_split	538	PPQ_Operation_1029	DequantizeLinear	activation	PPQ_Variable_1604	int8	scalar	-21	-21	1	-21
R211_VENDOR_LITERAL_SPLIT_run1b	r211_vendor_literal_split	540	PPQ_Operation_1031	QuantizeLinear	activation	PPQ_Variable_1610	int8	scalar	34	34	1	34
R211_VENDOR_LITERAL_SPLIT_run1b	r211_vendor_literal_split	541	PPQ_Operation_1032	DequantizeLinear	activation	PPQ_Variable_1613	int8	scalar	34	34	1	34
R211_VENDOR_LITERAL_SPLIT_run1b	r211_vendor_literal_split	543	PPQ_Operation_1033	QuantizeLinear	activation	PPQ_Variable_1616	int8	scalar	-128	-128	1	-128
R211_VENDOR_LITERAL_SPLIT_run1b	r211_vendor_literal_split	544	PPQ_Operation_1034	DequantizeLinear	activation	PPQ_Variable_1619	int8	scalar	-128	-128	1	-128
R211_VENDOR_LITERAL_SPLIT_run1b	r211_vendor_literal_split	546	PPQ_Operation_1035	QuantizeLinear	activation	PPQ_Variable_1622	int8	scalar	-117	-117	1	-117
R211_VENDOR_LITERAL_SPLIT_run1b	r211_vendor_literal_split	547	PPQ_Operation_1036	DequantizeLinear	activation	PPQ_Variable_1625	int8	scalar	-117	-117	1	-117
R211_VENDOR_LITERAL_SPLIT_run1b	r211_vendor_literal_split	549	PPQ_Operation_1037	QuantizeLinear	activation	PPQ_Variable_1628	int8	scalar	-117	-117	1	-117
R211_VENDOR_LITERAL_SPLIT_run1b	r211_vendor_literal_split	550	PPQ_Operation_1038	DequantizeLinear	activation	PPQ_Variable_1631	int8	scalar	-117	-117	1	-117
R211_VENDOR_LITERAL_SPLIT_run1b	r211_vendor_literal_split	552	PPQ_Operation_1039	QuantizeLinear	activation	PPQ_Variable_1634	int8	scalar	-116	-116	1	-116
R211_VENDOR_LITERAL_SPLIT_run1b	r211_vendor_literal_split	553	PPQ_Operation_1040	DequantizeLinear	activation	PPQ_Variable_1637	int8	scalar	-116	-116	1	-116
R211_VENDOR_LITERAL_SPLIT_run1b	r211_vendor_literal_split	555	PPQ_Operation_1042	QuantizeLinear	activation	PPQ_Variable_1643	int8	scalar	31	31	1	31
R211_VENDOR_LITERAL_SPLIT_run1b	r211_vendor_literal_split	556	PPQ_Operation_1043	DequantizeLinear	activation	PPQ_Variable_1646	int8	scalar	31	31	1	31
R211_VENDOR_LITERAL_SPLIT_run1b	r211_vendor_literal_split	558	PPQ_Operation_1044	QuantizeLinear	activation	PPQ_Variable_1649	int8	scalar	-128	-128	1	-128
R211_VENDOR_LITERAL_SPLIT_run1b	r211_vendor_literal_split	559	PPQ_Operation_1045	DequantizeLinear	activation	PPQ_Variable_1652	int8	scalar	-128	-128	1	-128
R211_VENDOR_LITERAL_SPLIT_run1b	r211_vendor_literal_split	561	PPQ_Operation_1046	QuantizeLinear	activation	PPQ_Variable_1655	int8	scalar	-115	-115	1	-115
R211_VENDOR_LITERAL_SPLIT_run1b	r211_vendor_literal_split	562	PPQ_Operation_1047	DequantizeLinear	activation	PPQ_Variable_1658	int8	scalar	-115	-115	1	-115
R211_VENDOR_LITERAL_SPLIT_run1b	r211_vendor_literal_split	564	PPQ_Operation_1048	QuantizeLinear	activation	PPQ_Variable_1661	int8	scalar	-115	-115	1	-115
R211_VENDOR_LITERAL_SPLIT_run1b	r211_vendor_literal_split	565	PPQ_Operation_1050	QuantizeLinear	activation	PPQ_Variable_1667	int8	scalar	-115	-115	1	-115
R211_VENDOR_LITERAL_SPLIT_run1b	r211_vendor_literal_split	566	PPQ_Operation_1049	DequantizeLinear	activation	PPQ_Variable_1664	int8	scalar	-115	-115	1	-115
R211_VENDOR_LITERAL_SPLIT_run1b	r211_vendor_literal_split	567	PPQ_Operation_1051	DequantizeLinear	activation	PPQ_Variable_1670	int8	scalar	-115	-115	1	-115
R211_VENDOR_LITERAL_SPLIT_run1b	r211_vendor_literal_split	570	PPQ_Operation_1053	QuantizeLinear	activation	PPQ_Variable_1676	int8	scalar	37	37	1	37
R211_VENDOR_LITERAL_SPLIT_run1b	r211_vendor_literal_split	571	PPQ_Operation_1056	QuantizeLinear	activation	PPQ_Variable_1685	int8	scalar	0	0	1	0
R211_VENDOR_LITERAL_SPLIT_run1b	r211_vendor_literal_split	572	PPQ_Operation_1054	DequantizeLinear	activation	PPQ_Variable_1679	int8	scalar	37	37	1	37
R211_VENDOR_LITERAL_SPLIT_run1b	r211_vendor_literal_split	573	PPQ_Operation_1057	DequantizeLinear	activation	PPQ_Variable_1688	int8	scalar	0	0	1	0
R211_VENDOR_LITERAL_SPLIT_run1b	r211_vendor_literal_split	576	PPQ_Operation_1058	QuantizeLinear	activation	PPQ_Variable_1691	int8	scalar	-128	-128	1	-128
R211_VENDOR_LITERAL_SPLIT_run1b	r211_vendor_literal_split	577	PPQ_Operation_1060	QuantizeLinear	activation	PPQ_Variable_1697	int8	scalar	-128	-128	1	-128
R211_VENDOR_LITERAL_SPLIT_run1b	r211_vendor_literal_split	578	PPQ_Operation_1059	DequantizeLinear	activation	PPQ_Variable_1694	int8	scalar	-128	-128	1	-128
R211_VENDOR_LITERAL_SPLIT_run1b	r211_vendor_literal_split	579	PPQ_Operation_1061	DequantizeLinear	activation	PPQ_Variable_1700	int8	scalar	-128	-128	1	-128
R211_VENDOR_LITERAL_SPLIT_run1b	r211_vendor_literal_split	582	PPQ_Operation_1062	QuantizeLinear	activation	PPQ_Variable_1703	int8	scalar	-104	-104	1	-104
R211_VENDOR_LITERAL_SPLIT_run1b	r211_vendor_literal_split	583	PPQ_Operation_1064	QuantizeLinear	activation	PPQ_Variable_1709	int8	scalar	-119	-119	1	-119
R211_VENDOR_LITERAL_SPLIT_run1b	r211_vendor_literal_split	584	PPQ_Operation_1063	DequantizeLinear	activation	PPQ_Variable_1706	int8	scalar	-104	-104	1	-104
R211_VENDOR_LITERAL_SPLIT_run1b	r211_vendor_literal_split	585	PPQ_Operation_1065	DequantizeLinear	activation	PPQ_Variable_1712	int8	scalar	-119	-119	1	-119
R211_VENDOR_LITERAL_SPLIT_run1b	r211_vendor_literal_split	587	PPQ_Operation_1067	QuantizeLinear	activation	PPQ_Variable_1718	int8	scalar	9	9	1	9
R211_VENDOR_LITERAL_SPLIT_run1b	r211_vendor_literal_split	588	PPQ_Operation_1068	DequantizeLinear	activation	PPQ_Variable_1721	int8	scalar	9	9	1	9
R211_VENDOR_LITERAL_SPLIT_run1b	r211_vendor_literal_split	590	PPQ_Operation_1069	QuantizeLinear	activation	PPQ_Variable_1724	int8	scalar	-128	-128	1	-128
R211_VENDOR_LITERAL_SPLIT_run1b	r211_vendor_literal_split	591	PPQ_Operation_1070	DequantizeLinear	activation	PPQ_Variable_1727	int8	scalar	-128	-128	1	-128
R211_VENDOR_LITERAL_SPLIT_run1b	r211_vendor_literal_split	593	PPQ_Operation_1071	QuantizeLinear	activation	PPQ_Variable_1730	int8	scalar	-116	-116	1	-116
R211_VENDOR_LITERAL_SPLIT_run1b	r211_vendor_literal_split	594	PPQ_Operation_1072	DequantizeLinear	activation	PPQ_Variable_1733	int8	scalar	-116	-116	1	-116
R211_VENDOR_LITERAL_SPLIT_run1b	r211_vendor_literal_split	596	PPQ_Operation_1074	QuantizeLinear	activation	PPQ_Variable_1739	int8	scalar	0	0	1	0
R211_VENDOR_LITERAL_SPLIT_run1b	r211_vendor_literal_split	597	PPQ_Operation_1075	DequantizeLinear	activation	PPQ_Variable_1742	int8	scalar	0	0	1	0
R211_VENDOR_LITERAL_SPLIT_run1b	r211_vendor_literal_split	599	PPQ_Operation_1076	QuantizeLinear	activation	PPQ_Variable_1745	int8	scalar	-128	-128	1	-128
R211_VENDOR_LITERAL_SPLIT_run1b	r211_vendor_literal_split	600	PPQ_Operation_1077	DequantizeLinear	activation	PPQ_Variable_1748	int8	scalar	-128	-128	1	-128
R211_VENDOR_LITERAL_SPLIT_run1b	r211_vendor_literal_split	602	PPQ_Operation_1078	QuantizeLinear	activation	PPQ_Variable_1751	int8	scalar	-118	-118	1	-118
R211_VENDOR_LITERAL_SPLIT_run1b	r211_vendor_literal_split	603	PPQ_Operation_1079	DequantizeLinear	activation	PPQ_Variable_1754	int8	scalar	-118	-118	1	-118
R211_VENDOR_LITERAL_SPLIT_run1b	r211_vendor_literal_split	605	PPQ_Operation_1080	QuantizeLinear	activation	PPQ_Variable_1757	int8	scalar	-109	-109	1	-109
R211_VENDOR_LITERAL_SPLIT_run1b	r211_vendor_literal_split	606	PPQ_Operation_1081	DequantizeLinear	activation	PPQ_Variable_1760	int8	scalar	-109	-109	1	-109
R211_VENDOR_LITERAL_SPLIT_run1b	r211_vendor_literal_split	608	PPQ_Operation_1083	QuantizeLinear	activation	PPQ_Variable_1766	int8	scalar	33	33	1	33
R211_VENDOR_LITERAL_SPLIT_run1b	r211_vendor_literal_split	609	PPQ_Operation_1084	DequantizeLinear	activation	PPQ_Variable_1769	int8	scalar	33	33	1	33
R211_VENDOR_LITERAL_SPLIT_run1b	r211_vendor_literal_split	611	PPQ_Operation_1085	QuantizeLinear	activation	PPQ_Variable_1772	int8	scalar	-128	-128	1	-128
R211_VENDOR_LITERAL_SPLIT_run1b	r211_vendor_literal_split	612	PPQ_Operation_1086	DequantizeLinear	activation	PPQ_Variable_1775	int8	scalar	-128	-128	1	-128
R211_VENDOR_LITERAL_SPLIT_run1b	r211_vendor_literal_split	614	PPQ_Operation_1087	QuantizeLinear	activation	PPQ_Variable_1778	int8	scalar	-113	-113	1	-113
R211_VENDOR_LITERAL_SPLIT_run1b	r211_vendor_literal_split	615	PPQ_Operation_1088	DequantizeLinear	activation	PPQ_Variable_1781	int8	scalar	-113	-113	1	-113
R211_VENDOR_LITERAL_SPLIT_run1b	r211_vendor_literal_split	617	PPQ_Operation_1090	QuantizeLinear	activation	PPQ_Variable_1787	int8	scalar	-11	-11	1	-11
R211_VENDOR_LITERAL_SPLIT_run1b	r211_vendor_literal_split	618	PPQ_Operation_1091	DequantizeLinear	activation	PPQ_Variable_1790	int8	scalar	-11	-11	1	-11
R211_VENDOR_LITERAL_SPLIT_run1b	r211_vendor_literal_split	620	PPQ_Operation_1092	QuantizeLinear	activation	PPQ_Variable_1793	int8	scalar	-128	-128	1	-128
R211_VENDOR_LITERAL_SPLIT_run1b	r211_vendor_literal_split	621	PPQ_Operation_1093	DequantizeLinear	activation	PPQ_Variable_1796	int8	scalar	-128	-128	1	-128
R211_VENDOR_LITERAL_SPLIT_run1b	r211_vendor_literal_split	623	PPQ_Operation_1094	QuantizeLinear	activation	PPQ_Variable_1799	int8	scalar	-121	-121	1	-121
R211_VENDOR_LITERAL_SPLIT_run1b	r211_vendor_literal_split	624	PPQ_Operation_1095	DequantizeLinear	activation	PPQ_Variable_1802	int8	scalar	-121	-121	1	-121
R211_VENDOR_LITERAL_SPLIT_run1b	r211_vendor_literal_split	626	PPQ_Operation_1096	QuantizeLinear	activation	PPQ_Variable_1805	int8	scalar	-112	-112	1	-112
R211_VENDOR_LITERAL_SPLIT_run1b	r211_vendor_literal_split	627	PPQ_Operation_1097	DequantizeLinear	activation	PPQ_Variable_1808	int8	scalar	-112	-112	1	-112
R211_VENDOR_LITERAL_SPLIT_run1b	r211_vendor_literal_split	629	PPQ_Operation_1098	QuantizeLinear	activation	PPQ_Variable_1811	int8	scalar	-112	-112	1	-112
R211_VENDOR_LITERAL_SPLIT_run1b	r211_vendor_literal_split	630	PPQ_Operation_1099	DequantizeLinear	activation	PPQ_Variable_1814	int8	scalar	-112	-112	1	-112
R211_VENDOR_LITERAL_SPLIT_run1b	r211_vendor_literal_split	632	PPQ_Operation_1101	QuantizeLinear	activation	PPQ_Variable_1820	int8	scalar	1	1	1	1
R211_VENDOR_LITERAL_SPLIT_run1b	r211_vendor_literal_split	633	PPQ_Operation_1102	DequantizeLinear	activation	PPQ_Variable_1823	int8	scalar	1	1	1	1
R211_VENDOR_LITERAL_SPLIT_run1b	r211_vendor_literal_split	635	PPQ_Operation_1103	QuantizeLinear	activation	PPQ_Variable_1826	int8	scalar	-128	-128	1	-128
R211_VENDOR_LITERAL_SPLIT_run1b	r211_vendor_literal_split	636	PPQ_Operation_1104	DequantizeLinear	activation	PPQ_Variable_1829	int8	scalar	-128	-128	1	-128
R211_VENDOR_LITERAL_SPLIT_run1b	r211_vendor_literal_split	638	PPQ_Operation_1105	QuantizeLinear	activation	PPQ_Variable_1832	int8	scalar	-119	-119	1	-119
R211_VENDOR_LITERAL_SPLIT_run1b	r211_vendor_literal_split	639	PPQ_Operation_1106	DequantizeLinear	activation	PPQ_Variable_1835	int8	scalar	-119	-119	1	-119
R211_VENDOR_LITERAL_SPLIT_run1b	r211_vendor_literal_split	641	PPQ_Operation_1107	QuantizeLinear	activation	PPQ_Variable_1838	int8	scalar	-117	-117	1	-117
R211_VENDOR_LITERAL_SPLIT_run1b	r211_vendor_literal_split	642	PPQ_Operation_1108	DequantizeLinear	activation	PPQ_Variable_1841	int8	scalar	-117	-117	1	-117
R211_VENDOR_LITERAL_SPLIT_run1b	r211_vendor_literal_split	644	PPQ_Operation_1110	QuantizeLinear	activation	PPQ_Variable_1847	int8	scalar	48	48	1	48
R211_VENDOR_LITERAL_SPLIT_run1b	r211_vendor_literal_split	645	PPQ_Operation_1111	DequantizeLinear	activation	PPQ_Variable_1850	int8	scalar	48	48	1	48
R211_VENDOR_LITERAL_SPLIT_run1b	r211_vendor_literal_split	647	PPQ_Operation_1112	QuantizeLinear	activation	PPQ_Variable_1853	int8	scalar	-128	-128	1	-128
R211_VENDOR_LITERAL_SPLIT_run1b	r211_vendor_literal_split	648	PPQ_Operation_1113	DequantizeLinear	activation	PPQ_Variable_1856	int8	scalar	-128	-128	1	-128
R211_VENDOR_LITERAL_SPLIT_run1b	r211_vendor_literal_split	650	PPQ_Operation_1114	QuantizeLinear	activation	PPQ_Variable_1859	int8	scalar	-113	-113	1	-113
R211_VENDOR_LITERAL_SPLIT_run1b	r211_vendor_literal_split	651	PPQ_Operation_1115	DequantizeLinear	activation	PPQ_Variable_1862	int8	scalar	-113	-113	1	-113
R211_VENDOR_LITERAL_SPLIT_run1b	r211_vendor_literal_split	653	PPQ_Operation_1116	QuantizeLinear	activation	PPQ_Variable_1865	int8	scalar	-113	-113	1	-113
R211_VENDOR_LITERAL_SPLIT_run1b	r211_vendor_literal_split	654	PPQ_Operation_1117	DequantizeLinear	activation	PPQ_Variable_1868	int8	scalar	-113	-113	1	-113
R211_VENDOR_LITERAL_SPLIT_run1b	r211_vendor_literal_split	656	PPQ_Operation_1118	QuantizeLinear	activation	PPQ_Variable_1871	int8	scalar	-112	-112	1	-112
R211_VENDOR_LITERAL_SPLIT_run1b	r211_vendor_literal_split	657	PPQ_Operation_1119	DequantizeLinear	activation	PPQ_Variable_1874	int8	scalar	-112	-112	1	-112
R211_VENDOR_LITERAL_SPLIT_run1b	r211_vendor_literal_split	659	PPQ_Operation_1121	QuantizeLinear	activation	PPQ_Variable_1880	int8	scalar	1	1	1	1
R211_VENDOR_LITERAL_SPLIT_run1b	r211_vendor_literal_split	660	PPQ_Operation_1122	DequantizeLinear	activation	PPQ_Variable_1883	int8	scalar	1	1	1	1
R211_VENDOR_LITERAL_SPLIT_run1b	r211_vendor_literal_split	662	PPQ_Operation_1123	QuantizeLinear	activation	PPQ_Variable_1886	int8	scalar	-128	-128	1	-128
R211_VENDOR_LITERAL_SPLIT_run1b	r211_vendor_literal_split	663	PPQ_Operation_1124	DequantizeLinear	activation	PPQ_Variable_1889	int8	scalar	-128	-128	1	-128
R211_VENDOR_LITERAL_SPLIT_run1b	r211_vendor_literal_split	665	PPQ_Operation_1125	QuantizeLinear	activation	PPQ_Variable_1892	int8	scalar	-112	-112	1	-112
R211_VENDOR_LITERAL_SPLIT_run1b	r211_vendor_literal_split	666	PPQ_Operation_1126	DequantizeLinear	activation	PPQ_Variable_1895	int8	scalar	-112	-112	1	-112
R211_VENDOR_LITERAL_SPLIT_run1b	r211_vendor_literal_split	668	PPQ_Operation_1127	QuantizeLinear	activation	PPQ_Variable_1898	int8	scalar	-112	-112	1	-112
R211_VENDOR_LITERAL_SPLIT_run1b	r211_vendor_literal_split	669	PPQ_Operation_1129	QuantizeLinear	activation	PPQ_Variable_1904	int8	scalar	-112	-112	1	-112
R211_VENDOR_LITERAL_SPLIT_run1b	r211_vendor_literal_split	670	PPQ_Operation_1128	DequantizeLinear	activation	PPQ_Variable_1901	int8	scalar	-112	-112	1	-112
R211_VENDOR_LITERAL_SPLIT_run1b	r211_vendor_literal_split	671	PPQ_Operation_1130	DequantizeLinear	activation	PPQ_Variable_1907	int8	scalar	-112	-112	1	-112
R211_VENDOR_LITERAL_SPLIT_run1b	r211_vendor_literal_split	674	PPQ_Operation_1132	QuantizeLinear	activation	PPQ_Variable_1913	int8	scalar	27	27	1	27
R211_VENDOR_LITERAL_SPLIT_run1b	r211_vendor_literal_split	675	PPQ_Operation_1135	QuantizeLinear	activation	PPQ_Variable_1922	int8	scalar	29	29	1	29
R211_VENDOR_LITERAL_SPLIT_run1b	r211_vendor_literal_split	676	PPQ_Operation_1133	DequantizeLinear	activation	PPQ_Variable_1916	int8	scalar	27	27	1	27
R211_VENDOR_LITERAL_SPLIT_run1b	r211_vendor_literal_split	677	PPQ_Operation_1136	DequantizeLinear	activation	PPQ_Variable_1925	int8	scalar	29	29	1	29
R211_VENDOR_LITERAL_SPLIT_run1b	r211_vendor_literal_split	680	PPQ_Operation_1137	QuantizeLinear	activation	PPQ_Variable_1928	int8	scalar	-128	-128	1	-128
R211_VENDOR_LITERAL_SPLIT_run1b	r211_vendor_literal_split	681	PPQ_Operation_1139	QuantizeLinear	activation	PPQ_Variable_1934	int8	scalar	-128	-128	1	-128
R211_VENDOR_LITERAL_SPLIT_run1b	r211_vendor_literal_split	682	PPQ_Operation_1138	DequantizeLinear	activation	PPQ_Variable_1931	int8	scalar	-128	-128	1	-128
R211_VENDOR_LITERAL_SPLIT_run1b	r211_vendor_literal_split	683	PPQ_Operation_1140	DequantizeLinear	activation	PPQ_Variable_1937	int8	scalar	-128	-128	1	-128
R211_VENDOR_LITERAL_SPLIT_run1b	r211_vendor_literal_split	686	PPQ_Operation_1141	QuantizeLinear	activation	PPQ_Variable_1940	int8	scalar	-77	-77	1	-77
R211_VENDOR_LITERAL_SPLIT_run1b	r211_vendor_literal_split	687	PPQ_Operation_1143	QuantizeLinear	activation	PPQ_Variable_1946	int8	scalar	-115	-115	1	-115
R211_VENDOR_LITERAL_SPLIT_run1b	r211_vendor_literal_split	688	PPQ_Operation_1142	DequantizeLinear	activation	PPQ_Variable_1943	int8	scalar	-77	-77	1	-77
R211_VENDOR_LITERAL_SPLIT_run1b	r211_vendor_literal_split	689	PPQ_Operation_1144	DequantizeLinear	activation	PPQ_Variable_1949	int8	scalar	-115	-115	1	-115
R211_VENDOR_LITERAL_SPLIT_run1b	r211_vendor_literal_split	691	PPQ_Operation_1146	QuantizeLinear	activation	PPQ_Variable_1955	int8	scalar	8	8	1	8
R211_VENDOR_LITERAL_SPLIT_run1b	r211_vendor_literal_split	692	PPQ_Operation_1147	DequantizeLinear	activation	PPQ_Variable_1958	int8	scalar	8	8	1	8
R211_VENDOR_LITERAL_SPLIT_run1b	r211_vendor_literal_split	694	PPQ_Operation_1148	QuantizeLinear	activation	PPQ_Variable_1961	int8	scalar	-128	-128	1	-128
R211_VENDOR_LITERAL_SPLIT_run1b	r211_vendor_literal_split	695	PPQ_Operation_1149	DequantizeLinear	activation	PPQ_Variable_1964	int8	scalar	-128	-128	1	-128
R211_VENDOR_LITERAL_SPLIT_run1b	r211_vendor_literal_split	697	PPQ_Operation_1150	QuantizeLinear	activation	PPQ_Variable_1967	int8	scalar	-112	-112	1	-112
R211_VENDOR_LITERAL_SPLIT_run1b	r211_vendor_literal_split	698	PPQ_Operation_1151	DequantizeLinear	activation	PPQ_Variable_1970	int8	scalar	-112	-112	1	-112
R211_VENDOR_LITERAL_SPLIT_run1b	r211_vendor_literal_split	700	PPQ_Operation_1153	QuantizeLinear	activation	PPQ_Variable_1976	int8	scalar	10	10	1	10
R211_VENDOR_LITERAL_SPLIT_run1b	r211_vendor_literal_split	701	PPQ_Operation_1154	DequantizeLinear	activation	PPQ_Variable_1979	int8	scalar	10	10	1	10
R211_VENDOR_LITERAL_SPLIT_run1b	r211_vendor_literal_split	703	PPQ_Operation_1155	QuantizeLinear	activation	PPQ_Variable_1982	int8	scalar	-128	-128	1	-128
R211_VENDOR_LITERAL_SPLIT_run1b	r211_vendor_literal_split	704	PPQ_Operation_1156	DequantizeLinear	activation	PPQ_Variable_1985	int8	scalar	-128	-128	1	-128
R211_VENDOR_LITERAL_SPLIT_run1b	r211_vendor_literal_split	706	PPQ_Operation_1157	QuantizeLinear	activation	PPQ_Variable_1988	int8	scalar	-115	-115	1	-115
R211_VENDOR_LITERAL_SPLIT_run1b	r211_vendor_literal_split	707	PPQ_Operation_1158	DequantizeLinear	activation	PPQ_Variable_1991	int8	scalar	-115	-115	1	-115
R211_VENDOR_LITERAL_SPLIT_run1b	r211_vendor_literal_split	709	PPQ_Operation_1159	QuantizeLinear	activation	PPQ_Variable_1994	int8	scalar	-104	-104	1	-104
R211_VENDOR_LITERAL_SPLIT_run1b	r211_vendor_literal_split	710	PPQ_Operation_1160	DequantizeLinear	activation	PPQ_Variable_1997	int8	scalar	-104	-104	1	-104
R211_VENDOR_LITERAL_SPLIT_run1b	r211_vendor_literal_split	712	PPQ_Operation_1162	QuantizeLinear	activation	PPQ_Variable_2003	int8	scalar	43	43	1	43
R211_VENDOR_LITERAL_SPLIT_run1b	r211_vendor_literal_split	713	PPQ_Operation_1163	DequantizeLinear	activation	PPQ_Variable_2006	int8	scalar	43	43	1	43
R211_VENDOR_LITERAL_SPLIT_run1b	r211_vendor_literal_split	715	PPQ_Operation_1164	QuantizeLinear	activation	PPQ_Variable_2009	int8	scalar	-128	-128	1	-128
R211_VENDOR_LITERAL_SPLIT_run1b	r211_vendor_literal_split	716	PPQ_Operation_1165	DequantizeLinear	activation	PPQ_Variable_2012	int8	scalar	-128	-128	1	-128
R211_VENDOR_LITERAL_SPLIT_run1b	r211_vendor_literal_split	718	PPQ_Operation_1166	QuantizeLinear	activation	PPQ_Variable_2015	int8	scalar	-109	-109	1	-109
R211_VENDOR_LITERAL_SPLIT_run1b	r211_vendor_literal_split	719	PPQ_Operation_1167	DequantizeLinear	activation	PPQ_Variable_2018	int8	scalar	-109	-109	1	-109
R211_VENDOR_LITERAL_SPLIT_run1b	r211_vendor_literal_split	721	PPQ_Operation_1169	QuantizeLinear	activation	PPQ_Variable_2024	int8	scalar	-35	-35	1	-35
R211_VENDOR_LITERAL_SPLIT_run1b	r211_vendor_literal_split	722	PPQ_Operation_1170	DequantizeLinear	activation	PPQ_Variable_2027	int8	scalar	-35	-35	1	-35
R211_VENDOR_LITERAL_SPLIT_run1b	r211_vendor_literal_split	724	PPQ_Operation_1171	QuantizeLinear	activation	PPQ_Variable_2030	int8	scalar	-128	-128	1	-128
R211_VENDOR_LITERAL_SPLIT_run1b	r211_vendor_literal_split	725	PPQ_Operation_1172	DequantizeLinear	activation	PPQ_Variable_2033	int8	scalar	-128	-128	1	-128
R211_VENDOR_LITERAL_SPLIT_run1b	r211_vendor_literal_split	727	PPQ_Operation_1173	QuantizeLinear	activation	PPQ_Variable_2036	int8	scalar	-123	-123	1	-123
R211_VENDOR_LITERAL_SPLIT_run1b	r211_vendor_literal_split	728	PPQ_Operation_1174	DequantizeLinear	activation	PPQ_Variable_2039	int8	scalar	-123	-123	1	-123
R211_VENDOR_LITERAL_SPLIT_run1b	r211_vendor_literal_split	730	PPQ_Operation_1175	QuantizeLinear	activation	PPQ_Variable_2042	int8	scalar	-115	-115	1	-115
R211_VENDOR_LITERAL_SPLIT_run1b	r211_vendor_literal_split	731	PPQ_Operation_1176	DequantizeLinear	activation	PPQ_Variable_2045	int8	scalar	-115	-115	1	-115
R211_VENDOR_LITERAL_SPLIT_run1b	r211_vendor_literal_split	733	PPQ_Operation_1177	QuantizeLinear	activation	PPQ_Variable_2048	int8	scalar	-115	-115	1	-115
R211_VENDOR_LITERAL_SPLIT_run1b	r211_vendor_literal_split	734	PPQ_Operation_1178	DequantizeLinear	activation	PPQ_Variable_2051	int8	scalar	-115	-115	1	-115
R211_VENDOR_LITERAL_SPLIT_run1b	r211_vendor_literal_split	736	PPQ_Operation_1180	QuantizeLinear	activation	PPQ_Variable_2057	int8	scalar	0	0	1	0
R211_VENDOR_LITERAL_SPLIT_run1b	r211_vendor_literal_split	737	PPQ_Operation_1181	DequantizeLinear	activation	PPQ_Variable_2060	int8	scalar	0	0	1	0
R211_VENDOR_LITERAL_SPLIT_run1b	r211_vendor_literal_split	739	PPQ_Operation_1182	QuantizeLinear	activation	PPQ_Variable_2063	int8	scalar	-128	-128	1	-128
R211_VENDOR_LITERAL_SPLIT_run1b	r211_vendor_literal_split	740	PPQ_Operation_1183	DequantizeLinear	activation	PPQ_Variable_2066	int8	scalar	-128	-128	1	-128
R211_VENDOR_LITERAL_SPLIT_run1b	r211_vendor_literal_split	742	PPQ_Operation_1184	QuantizeLinear	activation	PPQ_Variable_2069	int8	scalar	-120	-120	1	-120
R211_VENDOR_LITERAL_SPLIT_run1b	r211_vendor_literal_split	743	PPQ_Operation_1185	DequantizeLinear	activation	PPQ_Variable_2072	int8	scalar	-120	-120	1	-120
R211_VENDOR_LITERAL_SPLIT_run1b	r211_vendor_literal_split	745	PPQ_Operation_1186	QuantizeLinear	activation	PPQ_Variable_2075	int8	scalar	-119	-119	1	-119
R211_VENDOR_LITERAL_SPLIT_run1b	r211_vendor_literal_split	746	PPQ_Operation_1187	DequantizeLinear	activation	PPQ_Variable_2078	int8	scalar	-119	-119	1	-119
R211_VENDOR_LITERAL_SPLIT_run1b	r211_vendor_literal_split	748	PPQ_Operation_1189	QuantizeLinear	activation	PPQ_Variable_2084	int8	scalar	-63	-63	1	-63
R211_VENDOR_LITERAL_SPLIT_run1b	r211_vendor_literal_split	749	PPQ_Operation_1190	DequantizeLinear	activation	PPQ_Variable_2087	int8	scalar	-63	-63	1	-63
R211_VENDOR_LITERAL_SPLIT_run1b	r211_vendor_literal_split	751	PPQ_Operation_1191	QuantizeLinear	activation	PPQ_Variable_2090	int8	scalar	-128	-128	1	-128
R211_VENDOR_LITERAL_SPLIT_run1b	r211_vendor_literal_split	752	PPQ_Operation_1192	DequantizeLinear	activation	PPQ_Variable_2093	int8	scalar	-128	-128	1	-128
R211_VENDOR_LITERAL_SPLIT_run1b	r211_vendor_literal_split	754	PPQ_Operation_1193	QuantizeLinear	activation	PPQ_Variable_2096	int8	scalar	-114	-114	1	-114
R211_VENDOR_LITERAL_SPLIT_run1b	r211_vendor_literal_split	755	PPQ_Operation_1194	DequantizeLinear	activation	PPQ_Variable_2099	int8	scalar	-114	-114	1	-114
R211_VENDOR_LITERAL_SPLIT_run1b	r211_vendor_literal_split	759	PPQ_Operation_1196	QuantizeLinear	activation	PPQ_Variable_2105	int8	scalar	27	27	1	27
R211_VENDOR_LITERAL_SPLIT_run1b	r211_vendor_literal_split	760	PPQ_Operation_1199	QuantizeLinear	activation	PPQ_Variable_2114	int8	scalar	-62	-62	1	-62
R211_VENDOR_LITERAL_SPLIT_run1b	r211_vendor_literal_split	761	PPQ_Operation_1202	QuantizeLinear	activation	PPQ_Variable_2123	int8	scalar	-49	-49	1	-49
R211_VENDOR_LITERAL_SPLIT_run1b	r211_vendor_literal_split	762	PPQ_Operation_1197	DequantizeLinear	activation	PPQ_Variable_2108	int8	scalar	27	27	1	27
R211_VENDOR_LITERAL_SPLIT_run1b	r211_vendor_literal_split	763	PPQ_Operation_1200	DequantizeLinear	activation	PPQ_Variable_2117	int8	scalar	-62	-62	1	-62
R211_VENDOR_LITERAL_SPLIT_run1b	r211_vendor_literal_split	764	PPQ_Operation_1203	DequantizeLinear	activation	PPQ_Variable_2126	int8	scalar	-49	-49	1	-49
R211_VENDOR_LITERAL_SPLIT_run1b	r211_vendor_literal_split	768	PPQ_Operation_1204	QuantizeLinear	activation	PPQ_Variable_2129	int8	scalar	-128	-128	1	-128
R211_VENDOR_LITERAL_SPLIT_run1b	r211_vendor_literal_split	769	PPQ_Operation_1206	QuantizeLinear	activation	PPQ_Variable_2135	int8	scalar	-128	-128	1	-128
R211_VENDOR_LITERAL_SPLIT_run1b	r211_vendor_literal_split	770	PPQ_Operation_1208	QuantizeLinear	activation	PPQ_Variable_2141	int8	scalar	-128	-128	1	-128
R211_VENDOR_LITERAL_SPLIT_run1b	r211_vendor_literal_split	771	PPQ_Operation_1205	DequantizeLinear	activation	PPQ_Variable_2132	int8	scalar	-128	-128	1	-128
R211_VENDOR_LITERAL_SPLIT_run1b	r211_vendor_literal_split	772	PPQ_Operation_1207	DequantizeLinear	activation	PPQ_Variable_2138	int8	scalar	-128	-128	1	-128
R211_VENDOR_LITERAL_SPLIT_run1b	r211_vendor_literal_split	773	PPQ_Operation_1209	DequantizeLinear	activation	PPQ_Variable_2144	int8	scalar	-128	-128	1	-128
R211_VENDOR_LITERAL_SPLIT_run1b	r211_vendor_literal_split	777	PPQ_Operation_1210	QuantizeLinear	activation	PPQ_Variable_2147	int8	scalar	-112	-112	1	-112
R211_VENDOR_LITERAL_SPLIT_run1b	r211_vendor_literal_split	778	PPQ_Operation_1212	QuantizeLinear	activation	PPQ_Variable_2153	int8	scalar	-123	-123	1	-123
R211_VENDOR_LITERAL_SPLIT_run1b	r211_vendor_literal_split	779	PPQ_Operation_1214	QuantizeLinear	activation	PPQ_Variable_2159	int8	scalar	-121	-121	1	-121
R211_VENDOR_LITERAL_SPLIT_run1b	r211_vendor_literal_split	780	PPQ_Operation_1211	DequantizeLinear	activation	PPQ_Variable_2150	int8	scalar	-112	-112	1	-112
R211_VENDOR_LITERAL_SPLIT_run1b	r211_vendor_literal_split	781	PPQ_Operation_1213	DequantizeLinear	activation	PPQ_Variable_2156	int8	scalar	-123	-123	1	-123
R211_VENDOR_LITERAL_SPLIT_run1b	r211_vendor_literal_split	782	PPQ_Operation_1215	DequantizeLinear	activation	PPQ_Variable_2162	int8	scalar	-121	-121	1	-121
R211_VENDOR_LITERAL_SPLIT_run1b	r211_vendor_literal_split	786	PPQ_Operation_1216	QuantizeLinear	activation	PPQ_Variable_2165	int8	scalar	-113	-113	1	-113
R211_VENDOR_LITERAL_SPLIT_run1b	r211_vendor_literal_split	787	PPQ_Operation_1219	QuantizeLinear	activation	PPQ_Variable_2174	int8	scalar	5	5	1	5
R211_VENDOR_LITERAL_SPLIT_run1b	r211_vendor_literal_split	788	PPQ_Operation_1222	QuantizeLinear	activation	PPQ_Variable_2183	int8	scalar	23	23	1	23
R211_VENDOR_LITERAL_SPLIT_run1b	r211_vendor_literal_split	789	PPQ_Operation_1217	DequantizeLinear	activation	PPQ_Variable_2168	int8	scalar	-113	-113	1	-113
R211_VENDOR_LITERAL_SPLIT_run1b	r211_vendor_literal_split	790	PPQ_Operation_1220	DequantizeLinear	activation	PPQ_Variable_2177	int8	scalar	5	5	1	5
R211_VENDOR_LITERAL_SPLIT_run1b	r211_vendor_literal_split	791	PPQ_Operation_1223	DequantizeLinear	activation	PPQ_Variable_2186	int8	scalar	23	23	1	23
R211_VENDOR_LITERAL_SPLIT_run1b	r211_vendor_literal_split	795	PPQ_Operation_1225	QuantizeLinear	activation	PPQ_Variable_2192	int8	scalar	13	13	1	13
R211_VENDOR_LITERAL_SPLIT_run1b	r211_vendor_literal_split	796	PPQ_Operation_1227	QuantizeLinear	activation	PPQ_Variable_2198	int8	scalar	-128	-128	1	-128
R211_VENDOR_LITERAL_SPLIT_run1b	r211_vendor_literal_split	797	PPQ_Operation_1229	QuantizeLinear	activation	PPQ_Variable_2204	int8	scalar	-128	-128	1	-128
R211_VENDOR_LITERAL_SPLIT_run1b	r211_vendor_literal_split	798	PPQ_Operation_1226	DequantizeLinear	activation	PPQ_Variable_2195	int8	scalar	13	13	1	13
R211_VENDOR_LITERAL_SPLIT_run1b	r211_vendor_literal_split	799	PPQ_Operation_1228	DequantizeLinear	activation	PPQ_Variable_2201	int8	scalar	-128	-128	1	-128
R211_VENDOR_LITERAL_SPLIT_run1b	r211_vendor_literal_split	800	PPQ_Operation_1230	DequantizeLinear	activation	PPQ_Variable_2207	int8	scalar	-128	-128	1	-128
R211_VENDOR_LITERAL_SPLIT_run1b	r211_vendor_literal_split	804	PPQ_Operation_1231	QuantizeLinear	activation	PPQ_Variable_2210	int8	scalar	-128	-128	1	-128
R211_VENDOR_LITERAL_SPLIT_run1b	r211_vendor_literal_split	805	PPQ_Operation_1233	QuantizeLinear	activation	PPQ_Variable_2216	int8	scalar	-111	-111	1	-111
R211_VENDOR_LITERAL_SPLIT_run1b	r211_vendor_literal_split	806	PPQ_Operation_1235	QuantizeLinear	activation	PPQ_Variable_2222	int8	scalar	-118	-118	1	-118
R211_VENDOR_LITERAL_SPLIT_run1b	r211_vendor_literal_split	807	PPQ_Operation_1232	DequantizeLinear	activation	PPQ_Variable_2213	int8	scalar	-128	-128	1	-128
R211_VENDOR_LITERAL_SPLIT_run1b	r211_vendor_literal_split	808	PPQ_Operation_1234	DequantizeLinear	activation	PPQ_Variable_2219	int8	scalar	-111	-111	1	-111
R211_VENDOR_LITERAL_SPLIT_run1b	r211_vendor_literal_split	809	PPQ_Operation_1236	DequantizeLinear	activation	PPQ_Variable_2225	int8	scalar	-118	-118	1	-118
R211_VENDOR_LITERAL_SPLIT_run1b	r211_vendor_literal_split	813	PPQ_Operation_1237	QuantizeLinear	activation	PPQ_Variable_2228	int8	scalar	-117	-117	1	-117
R211_VENDOR_LITERAL_SPLIT_run1b	r211_vendor_literal_split	814	PPQ_Operation_1240	QuantizeLinear	activation	PPQ_Variable_2237	int8	scalar	-106	-106	1	-106
R211_VENDOR_LITERAL_SPLIT_run1b	r211_vendor_literal_split	815	PPQ_Operation_1243	QuantizeLinear	activation	PPQ_Variable_2246	int8	scalar	-63	-63	1	-63
R211_VENDOR_LITERAL_SPLIT_run1b	r211_vendor_literal_split	816	PPQ_Operation_1238	DequantizeLinear	activation	PPQ_Variable_2231	int8	scalar	-117	-117	1	-117
R211_VENDOR_LITERAL_SPLIT_run1b	r211_vendor_literal_split	817	PPQ_Operation_1241	DequantizeLinear	activation	PPQ_Variable_2240	int8	scalar	-106	-106	1	-106
R211_VENDOR_LITERAL_SPLIT_run1b	r211_vendor_literal_split	818	PPQ_Operation_1244	DequantizeLinear	activation	PPQ_Variable_2249	int8	scalar	-63	-63	1	-63
R211_VENDOR_LITERAL_SPLIT_run1b	r211_vendor_literal_split	821	PPQ_Operation_1245	QuantizeLinear	activation	PPQ_Variable_2252	int8	scalar	-117	-117	1	-117
R211_VENDOR_LITERAL_SPLIT_run1b	r211_vendor_literal_split	822	PPQ_Operation_1247	QuantizeLinear	activation	PPQ_Variable_2258	int8	scalar	-117	-117	1	-117
R211_VENDOR_LITERAL_SPLIT_run1b	r211_vendor_literal_split	823	PPQ_Operation_1249	QuantizeLinear	activation	PPQ_Variable_2264	int8	scalar	-128	-128	1	-128
R211_VENDOR_LITERAL_SPLIT_run1b	r211_vendor_literal_split	824	PPQ_Operation_1246	DequantizeLinear	activation	PPQ_Variable_2255	int8	scalar	-117	-117	1	-117
R211_VENDOR_LITERAL_SPLIT_run1b	r211_vendor_literal_split	825	PPQ_Operation_1248	DequantizeLinear	activation	PPQ_Variable_2261	int8	scalar	-117	-117	1	-117
R211_VENDOR_LITERAL_SPLIT_run1b	r211_vendor_literal_split	826	PPQ_Operation_1250	DequantizeLinear	activation	PPQ_Variable_2267	int8	scalar	-128	-128	1	-128
R211_VENDOR_LITERAL_SPLIT_run1b	r211_vendor_literal_split	830	PPQ_Operation_1252	QuantizeLinear	activation	PPQ_Variable_2273	int8	scalar	64	64	1	64
R211_VENDOR_LITERAL_SPLIT_run1b	r211_vendor_literal_split	831	PPQ_Operation_1255	QuantizeLinear	activation	PPQ_Variable_2282	int8	scalar	8	8	1	8
R211_VENDOR_LITERAL_SPLIT_run1b	r211_vendor_literal_split	832	PPQ_Operation_1257	QuantizeLinear	activation	PPQ_Variable_2288	int8	scalar	-124	-124	1	-124
R211_VENDOR_LITERAL_SPLIT_run1b	r211_vendor_literal_split	833	PPQ_Operation_1253	DequantizeLinear	activation	PPQ_Variable_2276	int8	scalar	64	64	1	64
R211_VENDOR_LITERAL_SPLIT_run1b	r211_vendor_literal_split	834	PPQ_Operation_1256	DequantizeLinear	activation	PPQ_Variable_2285	int8	scalar	8	8	1	8
R211_VENDOR_LITERAL_SPLIT_run1b	r211_vendor_literal_split	835	PPQ_Operation_1258	DequantizeLinear	activation	PPQ_Variable_2291	int8	scalar	-124	-124	1	-124
R211_VENDOR_LITERAL_SPLIT_run1b	r211_vendor_literal_split	839	PPQ_Operation_1259	QuantizeLinear	activation	PPQ_Variable_2294	int8	scalar	-128	-128	1	-128
R211_VENDOR_LITERAL_SPLIT_run1b	r211_vendor_literal_split	840	PPQ_Operation_1261	QuantizeLinear	activation	PPQ_Variable_2300	int8	scalar	-128	-128	1	-128
R211_VENDOR_LITERAL_SPLIT_run1b	r211_vendor_literal_split	841	PPQ_Operation_1264	QuantizeLinear	activation	PPQ_Variable_2309	int8	scalar	-81	-81	1	-81
R211_VENDOR_LITERAL_SPLIT_run1b	r211_vendor_literal_split	842	PPQ_Operation_1260	DequantizeLinear	activation	PPQ_Variable_2297	int8	scalar	-128	-128	1	-128
R211_VENDOR_LITERAL_SPLIT_run1b	r211_vendor_literal_split	843	PPQ_Operation_1262	DequantizeLinear	activation	PPQ_Variable_2303	int8	scalar	-128	-128	1	-128
R211_VENDOR_LITERAL_SPLIT_run1b	r211_vendor_literal_split	844	PPQ_Operation_1265	DequantizeLinear	activation	PPQ_Variable_2312	int8	scalar	-81	-81	1	-81
R211_VENDOR_LITERAL_SPLIT_run1b	r211_vendor_literal_split	848	PPQ_Operation_1266	QuantizeLinear	activation	PPQ_Variable_2315	int8	scalar	-81	-81	1	-81
R211_VENDOR_LITERAL_SPLIT_run1b	r211_vendor_literal_split	849	PPQ_Operation_1268	QuantizeLinear	activation	PPQ_Variable_2321	int8	scalar	-118	-118	1	-118
R211_VENDOR_LITERAL_SPLIT_run1b	r211_vendor_literal_split	850	PPQ_Operation_1270	QuantizeLinear	activation	PPQ_Variable_2327	int8	scalar	-128	-128	1	-128
R211_VENDOR_LITERAL_SPLIT_run1b	r211_vendor_literal_split	851	PPQ_Operation_1267	DequantizeLinear	activation	PPQ_Variable_2318	int8	scalar	-81	-81	1	-81
R211_VENDOR_LITERAL_SPLIT_run1b	r211_vendor_literal_split	852	PPQ_Operation_1269	DequantizeLinear	activation	PPQ_Variable_2324	int8	scalar	-118	-118	1	-118
R211_VENDOR_LITERAL_SPLIT_run1b	r211_vendor_literal_split	853	PPQ_Operation_1271	DequantizeLinear	activation	PPQ_Variable_2330	int8	scalar	-128	-128	1	-128
R211_VENDOR_LITERAL_SPLIT_run1b	r211_vendor_literal_split	856	PPQ_Operation_1273	QuantizeLinear	activation	PPQ_Variable_2336	int8	scalar	43	43	1	43
R211_VENDOR_LITERAL_SPLIT_run1b	r211_vendor_literal_split	857	PPQ_Operation_1275	QuantizeLinear	activation	PPQ_Variable_2342	int8	scalar	-126	-126	1	-126
R211_VENDOR_LITERAL_SPLIT_run1b	r211_vendor_literal_split	858	PPQ_Operation_1274	DequantizeLinear	activation	PPQ_Variable_2339	int8	scalar	43	43	1	43
R211_VENDOR_LITERAL_SPLIT_run1b	r211_vendor_literal_split	859	PPQ_Operation_1276	DequantizeLinear	activation	PPQ_Variable_2345	int8	scalar	-126	-126	1	-126
R211_VENDOR_LITERAL_SPLIT_run1b	r211_vendor_literal_split	862	PPQ_Operation_1277	QuantizeLinear	activation	PPQ_Variable_2348	int8	scalar	-128	-128	1	-128
R211_VENDOR_LITERAL_SPLIT_run1b	r211_vendor_literal_split	863	PPQ_Operation_1280	QuantizeLinear	activation	PPQ_Variable_2357	int8	scalar	127	127	1	127
R211_VENDOR_LITERAL_SPLIT_run1b	r211_vendor_literal_split	864	PPQ_Operation_1278	DequantizeLinear	activation	PPQ_Variable_2351	int8	scalar	-128	-128	1	-128
R211_VENDOR_LITERAL_SPLIT_run1b	r211_vendor_literal_split	865	PPQ_Operation_1281	DequantizeLinear	activation	PPQ_Variable_2360	int8	scalar	127	127	1	127
R211_VENDOR_LITERAL_SPLIT_run1b	r211_vendor_literal_split	867	PPQ_Operation_1282	QuantizeLinear	activation	PPQ_Variable_2363	int8	scalar	-110	-110	1	-110
R211_VENDOR_LITERAL_SPLIT_run1b	r211_vendor_literal_split	868	PPQ_Operation_1283	DequantizeLinear	activation	PPQ_Variable_2366	int8	scalar	-110	-110	1	-110
R211_VENDOR_LITERAL_SPLIT_run1b	r211_vendor_literal_split	870	PPQ_Operation_1285	QuantizeLinear	activation	PPQ_Variable_2372	int8	scalar	45	45	1	45
R211_VENDOR_LITERAL_SPLIT_run1b	r211_vendor_literal_split	871	PPQ_Operation_1286	DequantizeLinear	activation	PPQ_Variable_2375	int8	scalar	45	45	1	45
R211_VENDOR_LITERAL_SPLIT_run1b	r211_vendor_literal_split	873	PPQ_Operation_1287	QuantizeLinear	activation	PPQ_Variable_2378	int8	scalar	-128	-128	1	-128
R211_VENDOR_LITERAL_SPLIT_run1b	r211_vendor_literal_split	874	PPQ_Operation_1288	DequantizeLinear	activation	PPQ_Variable_2381	int8	scalar	-128	-128	1	-128
R211_VENDOR_LITERAL_SPLIT_run1b	r211_vendor_literal_split	876	PPQ_Operation_1289	QuantizeLinear	activation	PPQ_Variable_2384	int8	scalar	-113	-113	1	-113
R211_VENDOR_LITERAL_SPLIT_run1b	r211_vendor_literal_split	877	PPQ_Operation_1290	DequantizeLinear	activation	PPQ_Variable_2387	int8	scalar	-113	-113	1	-113
R211_VENDOR_LITERAL_SPLIT_run1b	r211_vendor_literal_split	879	PPQ_Operation_1291	QuantizeLinear	activation	PPQ_Variable_2390	int8	scalar	-99	-99	1	-99
R211_VENDOR_LITERAL_SPLIT_run1b	r211_vendor_literal_split	880	PPQ_Operation_1292	DequantizeLinear	activation	PPQ_Variable_2393	int8	scalar	-99	-99	1	-99
R211_VENDOR_LITERAL_SPLIT_run1b	r211_vendor_literal_split	882	PPQ_Operation_1294	QuantizeLinear	activation	PPQ_Variable_2399	int8	scalar	29	29	1	29
R211_VENDOR_LITERAL_SPLIT_run1b	r211_vendor_literal_split	883	PPQ_Operation_1295	DequantizeLinear	activation	PPQ_Variable_2402	int8	scalar	29	29	1	29
R211_VENDOR_LITERAL_SPLIT_run1b	r211_vendor_literal_split	885	PPQ_Operation_1296	QuantizeLinear	activation	PPQ_Variable_2405	int8	scalar	-128	-128	1	-128
R211_VENDOR_LITERAL_SPLIT_run1b	r211_vendor_literal_split	886	PPQ_Operation_1297	DequantizeLinear	activation	PPQ_Variable_2408	int8	scalar	-128	-128	1	-128
R211_VENDOR_LITERAL_SPLIT_run1b	r211_vendor_literal_split	888	PPQ_Operation_1298	QuantizeLinear	activation	PPQ_Variable_2411	int8	scalar	-115	-115	1	-115
R211_VENDOR_LITERAL_SPLIT_run1b	r211_vendor_literal_split	889	PPQ_Operation_1299	DequantizeLinear	activation	PPQ_Variable_2414	int8	scalar	-115	-115	1	-115
R211_VENDOR_LITERAL_SPLIT_run1b	r211_vendor_literal_split	891	PPQ_Operation_1301	QuantizeLinear	activation	PPQ_Variable_2420	int8	scalar	-64	-64	1	-64
R211_VENDOR_LITERAL_SPLIT_run1b	r211_vendor_literal_split	892	PPQ_Operation_1302	DequantizeLinear	activation	PPQ_Variable_2423	int8	scalar	-64	-64	1	-64
R211_VENDOR_LITERAL_SPLIT_run1b	r211_vendor_literal_split	894	PPQ_Operation_1303	QuantizeLinear	activation	PPQ_Variable_2426	int8	scalar	-128	-128	1	-128
R211_VENDOR_LITERAL_SPLIT_run1b	r211_vendor_literal_split	895	PPQ_Operation_1304	DequantizeLinear	activation	PPQ_Variable_2429	int8	scalar	-128	-128	1	-128
R211_VENDOR_LITERAL_SPLIT_run1b	r211_vendor_literal_split	897	PPQ_Operation_1305	QuantizeLinear	activation	PPQ_Variable_2432	int8	scalar	-125	-125	1	-125
R211_VENDOR_LITERAL_SPLIT_run1b	r211_vendor_literal_split	898	PPQ_Operation_1306	DequantizeLinear	activation	PPQ_Variable_2435	int8	scalar	-125	-125	1	-125
R211_VENDOR_LITERAL_SPLIT_run1b	r211_vendor_literal_split	900	PPQ_Operation_1307	QuantizeLinear	activation	PPQ_Variable_2438	int8	scalar	-119	-119	1	-119
R211_VENDOR_LITERAL_SPLIT_run1b	r211_vendor_literal_split	901	PPQ_Operation_1308	DequantizeLinear	activation	PPQ_Variable_2441	int8	scalar	-119	-119	1	-119
R211_VENDOR_LITERAL_SPLIT_run1b	r211_vendor_literal_split	903	PPQ_Operation_1309	QuantizeLinear	activation	PPQ_Variable_2444	int8	scalar	-119	-119	1	-119
R211_VENDOR_LITERAL_SPLIT_run1b	r211_vendor_literal_split	904	PPQ_Operation_1310	DequantizeLinear	activation	PPQ_Variable_2447	int8	scalar	-119	-119	1	-119
R211_VENDOR_LITERAL_SPLIT_run1b	r211_vendor_literal_split	906	PPQ_Operation_1312	QuantizeLinear	activation	PPQ_Variable_2453	int8	scalar	-60	-60	1	-60
R211_VENDOR_LITERAL_SPLIT_run1b	r211_vendor_literal_split	907	PPQ_Operation_1313	DequantizeLinear	activation	PPQ_Variable_2456	int8	scalar	-60	-60	1	-60
R211_VENDOR_LITERAL_SPLIT_run1b	r211_vendor_literal_split	909	PPQ_Operation_1314	QuantizeLinear	activation	PPQ_Variable_2459	int8	scalar	-128	-128	1	-128
R211_VENDOR_LITERAL_SPLIT_run1b	r211_vendor_literal_split	910	PPQ_Operation_1315	DequantizeLinear	activation	PPQ_Variable_2462	int8	scalar	-128	-128	1	-128
R211_VENDOR_LITERAL_SPLIT_run1b	r211_vendor_literal_split	912	PPQ_Operation_1316	QuantizeLinear	activation	PPQ_Variable_2465	int8	scalar	-121	-121	1	-121
R211_VENDOR_LITERAL_SPLIT_run1b	r211_vendor_literal_split	913	PPQ_Operation_1317	DequantizeLinear	activation	PPQ_Variable_2468	int8	scalar	-121	-121	1	-121
R211_VENDOR_LITERAL_SPLIT_run1b	r211_vendor_literal_split	915	PPQ_Operation_1318	QuantizeLinear	activation	PPQ_Variable_2471	int8	scalar	-120	-120	1	-120
R211_VENDOR_LITERAL_SPLIT_run1b	r211_vendor_literal_split	916	PPQ_Operation_1319	DequantizeLinear	activation	PPQ_Variable_2474	int8	scalar	-120	-120	1	-120
R211_VENDOR_LITERAL_SPLIT_run1b	r211_vendor_literal_split	918	PPQ_Operation_1321	QuantizeLinear	activation	PPQ_Variable_2480	int8	scalar	-35	-35	1	-35
R211_VENDOR_LITERAL_SPLIT_run1b	r211_vendor_literal_split	919	PPQ_Operation_1322	DequantizeLinear	activation	PPQ_Variable_2483	int8	scalar	-35	-35	1	-35
R211_VENDOR_LITERAL_SPLIT_run1b	r211_vendor_literal_split	921	PPQ_Operation_1323	QuantizeLinear	activation	PPQ_Variable_2486	int8	scalar	-128	-128	1	-128
R211_VENDOR_LITERAL_SPLIT_run1b	r211_vendor_literal_split	922	PPQ_Operation_1324	DequantizeLinear	activation	PPQ_Variable_2489	int8	scalar	-128	-128	1	-128
R211_VENDOR_LITERAL_SPLIT_run1b	r211_vendor_literal_split	924	PPQ_Operation_1325	QuantizeLinear	activation	PPQ_Variable_2492	int8	scalar	-113	-113	1	-113
R211_VENDOR_LITERAL_SPLIT_run1b	r211_vendor_literal_split	925	PPQ_Operation_1326	DequantizeLinear	activation	PPQ_Variable_2495	int8	scalar	-113	-113	1	-113
R211_VENDOR_LITERAL_SPLIT_run1b	r211_vendor_literal_split	929	PPQ_Operation_1328	QuantizeLinear	activation	PPQ_Variable_2501	int8	scalar	36	36	1	36
R211_VENDOR_LITERAL_SPLIT_run1b	r211_vendor_literal_split	930	PPQ_Operation_1331	QuantizeLinear	activation	PPQ_Variable_2510	int8	scalar	-17	-17	1	-17
R211_VENDOR_LITERAL_SPLIT_run1b	r211_vendor_literal_split	931	PPQ_Operation_1334	QuantizeLinear	activation	PPQ_Variable_2519	int8	scalar	-46	-46	1	-46
R211_VENDOR_LITERAL_SPLIT_run1b	r211_vendor_literal_split	932	PPQ_Operation_1329	DequantizeLinear	activation	PPQ_Variable_2504	int8	scalar	36	36	1	36
R211_VENDOR_LITERAL_SPLIT_run1b	r211_vendor_literal_split	933	PPQ_Operation_1332	DequantizeLinear	activation	PPQ_Variable_2513	int8	scalar	-17	-17	1	-17
R211_VENDOR_LITERAL_SPLIT_run1b	r211_vendor_literal_split	934	PPQ_Operation_1335	DequantizeLinear	activation	PPQ_Variable_2522	int8	scalar	-46	-46	1	-46
R211_VENDOR_LITERAL_SPLIT_run1b	r211_vendor_literal_split	938	PPQ_Operation_1336	QuantizeLinear	activation	PPQ_Variable_2525	int8	scalar	-128	-128	1	-128
R211_VENDOR_LITERAL_SPLIT_run1b	r211_vendor_literal_split	939	PPQ_Operation_1338	QuantizeLinear	activation	PPQ_Variable_2531	int8	scalar	-128	-128	1	-128
R211_VENDOR_LITERAL_SPLIT_run1b	r211_vendor_literal_split	940	PPQ_Operation_1340	QuantizeLinear	activation	PPQ_Variable_2537	int8	scalar	-128	-128	1	-128
R211_VENDOR_LITERAL_SPLIT_run1b	r211_vendor_literal_split	941	PPQ_Operation_1337	DequantizeLinear	activation	PPQ_Variable_2528	int8	scalar	-128	-128	1	-128
R211_VENDOR_LITERAL_SPLIT_run1b	r211_vendor_literal_split	942	PPQ_Operation_1339	DequantizeLinear	activation	PPQ_Variable_2534	int8	scalar	-128	-128	1	-128
R211_VENDOR_LITERAL_SPLIT_run1b	r211_vendor_literal_split	943	PPQ_Operation_1341	DequantizeLinear	activation	PPQ_Variable_2540	int8	scalar	-128	-128	1	-128
R211_VENDOR_LITERAL_SPLIT_run1b	r211_vendor_literal_split	947	PPQ_Operation_1342	QuantizeLinear	activation	PPQ_Variable_2543	int8	scalar	-115	-115	1	-115
R211_VENDOR_LITERAL_SPLIT_run1b	r211_vendor_literal_split	948	PPQ_Operation_1344	QuantizeLinear	activation	PPQ_Variable_2549	int8	scalar	-122	-122	1	-122
R211_VENDOR_LITERAL_SPLIT_run1b	r211_vendor_literal_split	949	PPQ_Operation_1346	QuantizeLinear	activation	PPQ_Variable_2555	int8	scalar	-124	-124	1	-124
R211_VENDOR_LITERAL_SPLIT_run1b	r211_vendor_literal_split	950	PPQ_Operation_1343	DequantizeLinear	activation	PPQ_Variable_2546	int8	scalar	-115	-115	1	-115
R211_VENDOR_LITERAL_SPLIT_run1b	r211_vendor_literal_split	951	PPQ_Operation_1345	DequantizeLinear	activation	PPQ_Variable_2552	int8	scalar	-122	-122	1	-122
R211_VENDOR_LITERAL_SPLIT_run1b	r211_vendor_literal_split	952	PPQ_Operation_1347	DequantizeLinear	activation	PPQ_Variable_2558	int8	scalar	-124	-124	1	-124
R211_VENDOR_LITERAL_SPLIT_run1b	r211_vendor_literal_split	956	PPQ_Operation_1348	QuantizeLinear	activation	PPQ_Variable_2561	int8	scalar	-116	-116	1	-116
R211_VENDOR_LITERAL_SPLIT_run1b	r211_vendor_literal_split	957	PPQ_Operation_1351	QuantizeLinear	activation	PPQ_Variable_2570	int8	scalar	9	9	1	9
R211_VENDOR_LITERAL_SPLIT_run1b	r211_vendor_literal_split	958	PPQ_Operation_1354	QuantizeLinear	activation	PPQ_Variable_2579	int8	scalar	-33	-33	1	-33
R211_VENDOR_LITERAL_SPLIT_run1b	r211_vendor_literal_split	959	PPQ_Operation_1349	DequantizeLinear	activation	PPQ_Variable_2564	int8	scalar	-116	-116	1	-116
R211_VENDOR_LITERAL_SPLIT_run1b	r211_vendor_literal_split	960	PPQ_Operation_1352	DequantizeLinear	activation	PPQ_Variable_2573	int8	scalar	9	9	1	9
R211_VENDOR_LITERAL_SPLIT_run1b	r211_vendor_literal_split	961	PPQ_Operation_1355	DequantizeLinear	activation	PPQ_Variable_2582	int8	scalar	-33	-33	1	-33
R211_VENDOR_LITERAL_SPLIT_run1b	r211_vendor_literal_split	965	PPQ_Operation_1357	QuantizeLinear	activation	PPQ_Variable_2588	int8	scalar	11	11	1	11
R211_VENDOR_LITERAL_SPLIT_run1b	r211_vendor_literal_split	966	PPQ_Operation_1359	QuantizeLinear	activation	PPQ_Variable_2594	int8	scalar	-128	-128	1	-128
R211_VENDOR_LITERAL_SPLIT_run1b	r211_vendor_literal_split	967	PPQ_Operation_1361	QuantizeLinear	activation	PPQ_Variable_2600	int8	scalar	-128	-128	1	-128
R211_VENDOR_LITERAL_SPLIT_run1b	r211_vendor_literal_split	968	PPQ_Operation_1358	DequantizeLinear	activation	PPQ_Variable_2591	int8	scalar	11	11	1	11
R211_VENDOR_LITERAL_SPLIT_run1b	r211_vendor_literal_split	969	PPQ_Operation_1360	DequantizeLinear	activation	PPQ_Variable_2597	int8	scalar	-128	-128	1	-128
R211_VENDOR_LITERAL_SPLIT_run1b	r211_vendor_literal_split	970	PPQ_Operation_1362	DequantizeLinear	activation	PPQ_Variable_2603	int8	scalar	-128	-128	1	-128
R211_VENDOR_LITERAL_SPLIT_run1b	r211_vendor_literal_split	974	PPQ_Operation_1363	QuantizeLinear	activation	PPQ_Variable_2606	int8	scalar	-128	-128	1	-128
R211_VENDOR_LITERAL_SPLIT_run1b	r211_vendor_literal_split	975	PPQ_Operation_1365	QuantizeLinear	activation	PPQ_Variable_2612	int8	scalar	-119	-119	1	-119
R211_VENDOR_LITERAL_SPLIT_run1b	r211_vendor_literal_split	976	PPQ_Operation_1367	QuantizeLinear	activation	PPQ_Variable_2618	int8	scalar	-120	-120	1	-120
R211_VENDOR_LITERAL_SPLIT_run1b	r211_vendor_literal_split	977	PPQ_Operation_1364	DequantizeLinear	activation	PPQ_Variable_2609	int8	scalar	-128	-128	1	-128
R211_VENDOR_LITERAL_SPLIT_run1b	r211_vendor_literal_split	978	PPQ_Operation_1366	DequantizeLinear	activation	PPQ_Variable_2615	int8	scalar	-119	-119	1	-119
R211_VENDOR_LITERAL_SPLIT_run1b	r211_vendor_literal_split	979	PPQ_Operation_1368	DequantizeLinear	activation	PPQ_Variable_2621	int8	scalar	-120	-120	1	-120
R211_VENDOR_LITERAL_SPLIT_run1b	r211_vendor_literal_split	983	PPQ_Operation_1369	QuantizeLinear	activation	PPQ_Variable_2624	int8	scalar	-119	-119	1	-119
R211_VENDOR_LITERAL_SPLIT_run1b	r211_vendor_literal_split	984	PPQ_Operation_1372	QuantizeLinear	activation	PPQ_Variable_2633	int8	scalar	-126	-126	1	-126
R211_VENDOR_LITERAL_SPLIT_run1b	r211_vendor_literal_split	985	PPQ_Operation_1375	QuantizeLinear	activation	PPQ_Variable_2642	int8	scalar	-86	-86	1	-86
R211_VENDOR_LITERAL_SPLIT_run1b	r211_vendor_literal_split	986	PPQ_Operation_1370	DequantizeLinear	activation	PPQ_Variable_2627	int8	scalar	-119	-119	1	-119
R211_VENDOR_LITERAL_SPLIT_run1b	r211_vendor_literal_split	987	PPQ_Operation_1373	DequantizeLinear	activation	PPQ_Variable_2636	int8	scalar	-126	-126	1	-126
R211_VENDOR_LITERAL_SPLIT_run1b	r211_vendor_literal_split	988	PPQ_Operation_1376	DequantizeLinear	activation	PPQ_Variable_2645	int8	scalar	-86	-86	1	-86
R211_VENDOR_LITERAL_SPLIT_run1b	r211_vendor_literal_split	991	PPQ_Operation_1377	QuantizeLinear	activation	PPQ_Variable_2648	int8	scalar	-119	-119	1	-119
R211_VENDOR_LITERAL_SPLIT_run1b	r211_vendor_literal_split	992	PPQ_Operation_1379	QuantizeLinear	activation	PPQ_Variable_2654	int8	scalar	-119	-119	1	-119
R211_VENDOR_LITERAL_SPLIT_run1b	r211_vendor_literal_split	993	PPQ_Operation_1381	QuantizeLinear	activation	PPQ_Variable_2660	int8	scalar	-128	-128	1	-128
R211_VENDOR_LITERAL_SPLIT_run1b	r211_vendor_literal_split	994	PPQ_Operation_1378	DequantizeLinear	activation	PPQ_Variable_2651	int8	scalar	-119	-119	1	-119
R211_VENDOR_LITERAL_SPLIT_run1b	r211_vendor_literal_split	995	PPQ_Operation_1380	DequantizeLinear	activation	PPQ_Variable_2657	int8	scalar	-119	-119	1	-119
R211_VENDOR_LITERAL_SPLIT_run1b	r211_vendor_literal_split	996	PPQ_Operation_1382	DequantizeLinear	activation	PPQ_Variable_2663	int8	scalar	-128	-128	1	-128
R211_VENDOR_LITERAL_SPLIT_run1b	r211_vendor_literal_split	999	PPQ_Operation_1384	QuantizeLinear	activation	PPQ_Variable_2669	int8	scalar	29	29	1	29
R211_VENDOR_LITERAL_SPLIT_run1b	r211_vendor_literal_split	1000	PPQ_Operation_1386	QuantizeLinear	activation	PPQ_Variable_2675	int8	scalar	-125	-125	1	-125
R211_VENDOR_LITERAL_SPLIT_run1b	r211_vendor_literal_split	1001	PPQ_Operation_1385	DequantizeLinear	activation	PPQ_Variable_2672	int8	scalar	29	29	1	29
R211_VENDOR_LITERAL_SPLIT_run1b	r211_vendor_literal_split	1002	PPQ_Operation_1387	DequantizeLinear	activation	PPQ_Variable_2678	int8	scalar	-125	-125	1	-125
R211_VENDOR_LITERAL_SPLIT_run1b	r211_vendor_literal_split	1005	PPQ_Operation_1388	QuantizeLinear	activation	PPQ_Variable_2681	int8	scalar	-128	-128	1	-128
R211_VENDOR_LITERAL_SPLIT_run1b	r211_vendor_literal_split	1006	PPQ_Operation_1391	QuantizeLinear	activation	PPQ_Variable_2690	int8	scalar	-113	-113	1	-113
R211_VENDOR_LITERAL_SPLIT_run1b	r211_vendor_literal_split	1007	PPQ_Operation_1389	DequantizeLinear	activation	PPQ_Variable_2684	int8	scalar	-128	-128	1	-128
R211_VENDOR_LITERAL_SPLIT_run1b	r211_vendor_literal_split	1008	PPQ_Operation_1392	DequantizeLinear	activation	PPQ_Variable_2693	int8	scalar	-113	-113	1	-113
R211_VENDOR_LITERAL_SPLIT_run1b	r211_vendor_literal_split	1011	PPQ_Operation_1393	QuantizeLinear	activation	PPQ_Variable_2696	int8	scalar	-116	-116	1	-116
R211_VENDOR_LITERAL_SPLIT_run1b	r211_vendor_literal_split	1012	PPQ_Operation_1395	QuantizeLinear	activation	PPQ_Variable_2702	int8	scalar	-128	-128	1	-128
R211_VENDOR_LITERAL_SPLIT_run1b	r211_vendor_literal_split	1013	PPQ_Operation_1394	DequantizeLinear	activation	PPQ_Variable_2699	int8	scalar	-116	-116	1	-116
R211_VENDOR_LITERAL_SPLIT_run1b	r211_vendor_literal_split	1014	PPQ_Operation_1396	DequantizeLinear	activation	PPQ_Variable_2705	int8	scalar	-128	-128	1	-128
R211_VENDOR_LITERAL_SPLIT_run1b	r211_vendor_literal_split	1017	PPQ_Operation_1398	QuantizeLinear	activation	PPQ_Variable_2711	int8	scalar	14	14	1	14
R211_VENDOR_LITERAL_SPLIT_run1b	r211_vendor_literal_split	1018	PPQ_Operation_1400	QuantizeLinear	activation	PPQ_Variable_2717	int8	scalar	-128	-128	1	-128
R211_VENDOR_LITERAL_SPLIT_run1b	r211_vendor_literal_split	1019	PPQ_Operation_1399	DequantizeLinear	activation	PPQ_Variable_2714	int8	scalar	14	14	1	14
R211_VENDOR_LITERAL_SPLIT_run1b	r211_vendor_literal_split	1020	PPQ_Operation_1401	DequantizeLinear	activation	PPQ_Variable_2720	int8	scalar	-128	-128	1	-128
R211_VENDOR_LITERAL_SPLIT_run1b	r211_vendor_literal_split	1023	PPQ_Operation_1402	QuantizeLinear	activation	PPQ_Variable_2723	int8	scalar	-128	-128	1	-128
R211_VENDOR_LITERAL_SPLIT_run1b	r211_vendor_literal_split	1024	PPQ_Operation_1405	QuantizeLinear	activation	PPQ_Variable_2732	int8	scalar	127	127	1	127
R211_VENDOR_LITERAL_SPLIT_run1b	r211_vendor_literal_split	1025	PPQ_Operation_1403	DequantizeLinear	activation	PPQ_Variable_2726	int8	scalar	-128	-128	1	-128
R211_VENDOR_LITERAL_SPLIT_run1b	r211_vendor_literal_split	1026	PPQ_Operation_1406	DequantizeLinear	activation	PPQ_Variable_2735	int8	scalar	127	127	1	127
R211_VENDOR_LITERAL_SPLIT_run1b	r211_vendor_literal_split	1028	PPQ_Operation_1407	QuantizeLinear	activation	PPQ_Variable_2738	int8	scalar	-120	-120	1	-120
R211_VENDOR_LITERAL_SPLIT_run1b	r211_vendor_literal_split	1029	PPQ_Operation_1408	DequantizeLinear	activation	PPQ_Variable_2741	int8	scalar	-120	-120	1	-120
R211_VENDOR_LITERAL_SPLIT_run1b	r211_vendor_literal_split	1031	PPQ_Operation_1409	QuantizeLinear	activation	PPQ_Variable_2744	int8	scalar	-110	-110	1	-110
R211_VENDOR_LITERAL_SPLIT_run1b	r211_vendor_literal_split	1032	PPQ_Operation_1410	DequantizeLinear	activation	PPQ_Variable_2747	int8	scalar	-110	-110	1	-110
R211_VENDOR_LITERAL_SPLIT_run1b	r211_vendor_literal_split	1034	PPQ_Operation_1412	QuantizeLinear	activation	PPQ_Variable_2753	int8	scalar	2	2	1	2
R211_VENDOR_LITERAL_SPLIT_run1b	r211_vendor_literal_split	1035	PPQ_Operation_1413	DequantizeLinear	activation	PPQ_Variable_2756	int8	scalar	2	2	1	2
R211_VENDOR_LITERAL_SPLIT_run1b	r211_vendor_literal_split	1037	PPQ_Operation_1414	QuantizeLinear	activation	PPQ_Variable_2759	int8	scalar	2	2	1	2
R211_VENDOR_LITERAL_SPLIT_run1b	r211_vendor_literal_split	1038	PPQ_Operation_1415	DequantizeLinear	activation	PPQ_Variable_2762	int8	scalar	2	2	1	2
R211_VENDOR_LITERAL_SPLIT_run1b	r211_vendor_literal_split	1040	PPQ_Operation_1416	QuantizeLinear	activation	PPQ_Variable_2765	int8	scalar	2	2	1	2
R211_VENDOR_LITERAL_SPLIT_run1b	r211_vendor_literal_split	1041	PPQ_Operation_1418	QuantizeLinear	activation	PPQ_Variable_2771	int8	scalar	2	2	1	2
R211_VENDOR_LITERAL_SPLIT_run1b	r211_vendor_literal_split	1042	PPQ_Operation_1420	QuantizeLinear	activation	PPQ_Variable_2777	int8	scalar	2	2	1	2
R211_VENDOR_LITERAL_SPLIT_run1b	r211_vendor_literal_split	1043	PPQ_Operation_1417	DequantizeLinear	activation	PPQ_Variable_2768	int8	scalar	2	2	1	2
R211_VENDOR_LITERAL_SPLIT_run1b	r211_vendor_literal_split	1044	PPQ_Operation_1419	DequantizeLinear	activation	PPQ_Variable_2774	int8	scalar	2	2	1	2
R211_VENDOR_LITERAL_SPLIT_run1b	r211_vendor_literal_split	1045	PPQ_Operation_1421	DequantizeLinear	activation	PPQ_Variable_2780	int8	scalar	2	2	1	2
R211_VENDOR_LITERAL_SPLIT_run1b	r211_vendor_literal_split	1050	PPQ_Operation_1422	QuantizeLinear	activation	PPQ_Variable_2783	int8	scalar	1	1	1	1
R211_VENDOR_LITERAL_SPLIT_run1b	r211_vendor_literal_split	1051	PPQ_Operation_1425	QuantizeLinear	activation	PPQ_Variable_2792	int8	scalar	4	4	1	4
R211_VENDOR_LITERAL_SPLIT_run1b	r211_vendor_literal_split	1052	PPQ_Operation_1423	DequantizeLinear	activation	PPQ_Variable_2786	int8	scalar	1	1	1	1
R211_VENDOR_LITERAL_SPLIT_run1b	r211_vendor_literal_split	1053	PPQ_Operation_1426	DequantizeLinear	activation	PPQ_Variable_2795	int8	scalar	4	4	1	4
R211_VENDOR_LITERAL_SPLIT_run1b	r211_vendor_literal_split	1055	PPQ_Operation_1428	QuantizeLinear	activation	PPQ_Variable_2801	int8	scalar	1	1	1	1
R211_VENDOR_LITERAL_SPLIT_run1b	r211_vendor_literal_split	1056	PPQ_Operation_1429	DequantizeLinear	activation	PPQ_Variable_2804	int8	scalar	1	1	1	1
R211_VENDOR_LITERAL_SPLIT_run1b	r211_vendor_literal_split	1059	PPQ_Operation_1430	QuantizeLinear	activation	PPQ_Variable_2807	int8	scalar	-128	-128	1	-128
R211_VENDOR_LITERAL_SPLIT_run1b	r211_vendor_literal_split	1060	PPQ_Operation_1431	DequantizeLinear	activation	PPQ_Variable_2810	int8	scalar	-128	-128	1	-128
R211_VENDOR_LITERAL_SPLIT_run1b	r211_vendor_literal_split	1062	PPQ_Operation_1432	QuantizeLinear	activation	PPQ_Variable_2813	int8	scalar	-1	-1	1	-1
R211_VENDOR_LITERAL_SPLIT_run1b	r211_vendor_literal_split	1063	PPQ_Operation_1433	DequantizeLinear	activation	PPQ_Variable_2816	int8	scalar	-1	-1	1	-1
R211_VENDOR_LITERAL_SPLIT_run1b	r211_vendor_literal_split	1066	PPQ_Operation_1434	QuantizeLinear	activation	PPQ_Variable_2819	int8	scalar	-1	-1	1	-1
R211_VENDOR_LITERAL_SPLIT_run1b	r211_vendor_literal_split	1067	PPQ_Operation_1435	DequantizeLinear	activation	PPQ_Variable_2822	int8	scalar	-1	-1	1	-1
R211_VENDOR_LITERAL_SPLIT_run1b	r211_vendor_literal_split	1069	PPQ_Operation_1437	QuantizeLinear	activation	PPQ_Variable_2828	int8	scalar	7	7	1	7
R211_VENDOR_LITERAL_SPLIT_run1b	r211_vendor_literal_split	1070	PPQ_Operation_1438	DequantizeLinear	activation	PPQ_Variable_2831	int8	scalar	7	7	1	7
R211_VENDOR_LITERAL_SPLIT_run1b	r211_vendor_literal_split	1072	PPQ_Operation_1439	QuantizeLinear	activation	PPQ_Variable_2834	int8	scalar	-43	-43	1	-43
R211_VENDOR_LITERAL_SPLIT_run1b	r211_vendor_literal_split	1073	PPQ_Operation_1440	DequantizeLinear	activation	PPQ_Variable_2837	int8	scalar	-43	-43	1	-43
R211_VENDOR_LITERAL_SPLIT_run1b	r211_vendor_literal_split	1075	PPQ_Operation_1442	QuantizeLinear	activation	PPQ_Variable_2843	int8	scalar	-39	-39	1	-39
R211_VENDOR_LITERAL_SPLIT_run1b	r211_vendor_literal_split	1076	PPQ_Operation_1443	DequantizeLinear	activation	PPQ_Variable_2846	int8	scalar	-39	-39	1	-39
R211_VENDOR_LITERAL_SPLIT_run1b	r211_vendor_literal_split	1078	PPQ_Operation_1444	QuantizeLinear	activation	PPQ_Variable_2849	int8	scalar	-128	-128	1	-128
R211_VENDOR_LITERAL_SPLIT_run1b	r211_vendor_literal_split	1079	PPQ_Operation_1445	DequantizeLinear	activation	PPQ_Variable_2852	int8	scalar	-128	-128	1	-128
R211_VENDOR_LITERAL_SPLIT_run1b	r211_vendor_literal_split	1081	PPQ_Operation_1446	QuantizeLinear	activation	PPQ_Variable_2855	int8	scalar	-122	-122	1	-122
R211_VENDOR_LITERAL_SPLIT_run1b	r211_vendor_literal_split	1082	PPQ_Operation_1447	DequantizeLinear	activation	PPQ_Variable_2858	int8	scalar	-122	-122	1	-122
R211_VENDOR_LITERAL_SPLIT_run1b	r211_vendor_literal_split	1084	PPQ_Operation_1449	QuantizeLinear	activation	PPQ_Variable_2864	int8	scalar	19	19	1	19
R211_VENDOR_LITERAL_SPLIT_run1b	r211_vendor_literal_split	1085	PPQ_Operation_1450	DequantizeLinear	activation	PPQ_Variable_2867	int8	scalar	19	19	1	19
R211_VENDOR_LITERAL_SPLIT_run1b	r211_vendor_literal_split	1087	PPQ_Operation_1451	QuantizeLinear	activation	PPQ_Variable_2870	int8	scalar	-12	-12	1	-12
R211_VENDOR_LITERAL_SPLIT_run1b	r211_vendor_literal_split	1088	PPQ_Operation_1452	DequantizeLinear	activation	PPQ_Variable_2873	int8	scalar	-12	-12	1	-12
R211_VENDOR_LITERAL_SPLIT_run1b	r211_vendor_literal_split	1090	PPQ_Operation_1453	QuantizeLinear	activation	PPQ_Variable_2876	int8	scalar	-22	-22	1	-22
R211_VENDOR_LITERAL_SPLIT_run1b	r211_vendor_literal_split	1091	PPQ_Operation_1454	DequantizeLinear	activation	PPQ_Variable_2879	int8	scalar	-22	-22	1	-22
R211_VENDOR_LITERAL_SPLIT_run1b	r211_vendor_literal_split	1093	PPQ_Operation_1456	QuantizeLinear	activation	PPQ_Variable_2885	int8	scalar	-60	-60	1	-60
R211_VENDOR_LITERAL_SPLIT_run1b	r211_vendor_literal_split	1094	PPQ_Operation_1457	DequantizeLinear	activation	PPQ_Variable_2888	int8	scalar	-60	-60	1	-60
R211_VENDOR_LITERAL_SPLIT_run1b	r211_vendor_literal_split	1096	PPQ_Operation_1458	QuantizeLinear	activation	PPQ_Variable_2891	int8	scalar	-128	-128	1	-128
R211_VENDOR_LITERAL_SPLIT_run1b	r211_vendor_literal_split	1097	PPQ_Operation_1459	DequantizeLinear	activation	PPQ_Variable_2894	int8	scalar	-128	-128	1	-128
R211_VENDOR_LITERAL_SPLIT_run1b	r211_vendor_literal_split	1099	PPQ_Operation_1460	QuantizeLinear	activation	PPQ_Variable_2897	int8	scalar	-122	-122	1	-122
R211_VENDOR_LITERAL_SPLIT_run1b	r211_vendor_literal_split	1100	PPQ_Operation_1461	DequantizeLinear	activation	PPQ_Variable_2900	int8	scalar	-122	-122	1	-122
R211_VENDOR_LITERAL_SPLIT_run1b	r211_vendor_literal_split	1103	PPQ_Operation_1463	QuantizeLinear	activation	PPQ_Variable_2906	int8	scalar	14	14	1	14
R211_VENDOR_LITERAL_SPLIT_run1b	r211_vendor_literal_split	1104	PPQ_Operation_1466	QuantizeLinear	activation	PPQ_Variable_2915	int8	scalar	-57	-57	1	-57
R211_VENDOR_LITERAL_SPLIT_run1b	r211_vendor_literal_split	1105	PPQ_Operation_1464	DequantizeLinear	activation	PPQ_Variable_2909	int8	scalar	14	14	1	14
R211_VENDOR_LITERAL_SPLIT_run1b	r211_vendor_literal_split	1106	PPQ_Operation_1467	DequantizeLinear	activation	PPQ_Variable_2918	int8	scalar	-57	-57	1	-57
R211_VENDOR_LITERAL_SPLIT_run1b	r211_vendor_literal_split	1109	PPQ_Operation_1468	QuantizeLinear	activation	PPQ_Variable_2921	int8	scalar	-128	-128	1	-128
R211_VENDOR_LITERAL_SPLIT_run1b	r211_vendor_literal_split	1110	PPQ_Operation_1470	QuantizeLinear	activation	PPQ_Variable_2927	int8	scalar	-128	-128	1	-128
R211_VENDOR_LITERAL_SPLIT_run1b	r211_vendor_literal_split	1111	PPQ_Operation_1469	DequantizeLinear	activation	PPQ_Variable_2924	int8	scalar	-128	-128	1	-128
R211_VENDOR_LITERAL_SPLIT_run1b	r211_vendor_literal_split	1112	PPQ_Operation_1471	DequantizeLinear	activation	PPQ_Variable_2930	int8	scalar	-128	-128	1	-128
R211_VENDOR_LITERAL_SPLIT_run1b	r211_vendor_literal_split	1115	PPQ_Operation_1472	QuantizeLinear	activation	PPQ_Variable_2933	int8	scalar	-119	-119	1	-119
R211_VENDOR_LITERAL_SPLIT_run1b	r211_vendor_literal_split	1116	PPQ_Operation_1474	QuantizeLinear	activation	PPQ_Variable_2939	int8	scalar	-123	-123	1	-123
R211_VENDOR_LITERAL_SPLIT_run1b	r211_vendor_literal_split	1117	PPQ_Operation_1473	DequantizeLinear	activation	PPQ_Variable_2936	int8	scalar	-119	-119	1	-119
R211_VENDOR_LITERAL_SPLIT_run1b	r211_vendor_literal_split	1118	PPQ_Operation_1475	DequantizeLinear	activation	PPQ_Variable_2942	int8	scalar	-123	-123	1	-123
R211_VENDOR_LITERAL_SPLIT_run1b	r211_vendor_literal_split	1121	PPQ_Operation_1477	QuantizeLinear	activation	PPQ_Variable_2948	int8	scalar	-46	-46	1	-46
R211_VENDOR_LITERAL_SPLIT_run1b	r211_vendor_literal_split	1122	PPQ_Operation_1480	QuantizeLinear	activation	PPQ_Variable_2957	int8	scalar	-26	-26	1	-26
R211_VENDOR_LITERAL_SPLIT_run1b	r211_vendor_literal_split	1123	PPQ_Operation_1478	DequantizeLinear	activation	PPQ_Variable_2951	int8	scalar	-46	-46	1	-46
R211_VENDOR_LITERAL_SPLIT_run1b	r211_vendor_literal_split	1124	PPQ_Operation_1481	DequantizeLinear	activation	PPQ_Variable_2960	int8	scalar	-26	-26	1	-26
R211_VENDOR_LITERAL_SPLIT_run1b	r211_vendor_literal_split	1127	PPQ_Operation_1482	QuantizeLinear	activation	PPQ_Variable_2963	int8	scalar	-128	-128	1	-128
R211_VENDOR_LITERAL_SPLIT_run1b	r211_vendor_literal_split	1128	PPQ_Operation_1484	QuantizeLinear	activation	PPQ_Variable_2969	int8	scalar	-128	-128	1	-128
R211_VENDOR_LITERAL_SPLIT_run1b	r211_vendor_literal_split	1129	PPQ_Operation_1483	DequantizeLinear	activation	PPQ_Variable_2966	int8	scalar	-128	-128	1	-128
R211_VENDOR_LITERAL_SPLIT_run1b	r211_vendor_literal_split	1130	PPQ_Operation_1485	DequantizeLinear	activation	PPQ_Variable_2972	int8	scalar	-128	-128	1	-128
R211_VENDOR_LITERAL_SPLIT_run1b	r211_vendor_literal_split	1133	PPQ_Operation_1486	QuantizeLinear	activation	PPQ_Variable_2975	int8	scalar	-123	-123	1	-123
R211_VENDOR_LITERAL_SPLIT_run1b	r211_vendor_literal_split	1134	PPQ_Operation_1488	QuantizeLinear	activation	PPQ_Variable_2981	int8	scalar	-122	-122	1	-122
R211_VENDOR_LITERAL_SPLIT_run1b	r211_vendor_literal_split	1135	PPQ_Operation_1487	DequantizeLinear	activation	PPQ_Variable_2978	int8	scalar	-123	-123	1	-123
R211_VENDOR_LITERAL_SPLIT_run1b	r211_vendor_literal_split	1136	PPQ_Operation_1489	DequantizeLinear	activation	PPQ_Variable_2984	int8	scalar	-122	-122	1	-122
R211_VENDOR_LITERAL_SPLIT_run1b	r211_vendor_literal_split	1139	PPQ_Operation_1491	QuantizeLinear	activation	PPQ_Variable_2990	int8	scalar	-128	-128	1	-128
R211_VENDOR_LITERAL_SPLIT_run1b	r211_vendor_literal_split	1140	PPQ_Operation_1494	QuantizeLinear	activation	PPQ_Variable_2999	int8	scalar	-109	-109	1	-109
R211_VENDOR_LITERAL_SPLIT_run1b	r211_vendor_literal_split	1141	PPQ_Operation_1492	DequantizeLinear	activation	PPQ_Variable_2993	int8	scalar	-128	-128	1	-128
R211_VENDOR_LITERAL_SPLIT_run1b	r211_vendor_literal_split	1142	PPQ_Operation_1495	DequantizeLinear	activation	PPQ_Variable_3002	int8	scalar	-109	-109	1	-109
R211_VENDOR_LITERAL_SPLIT_run1b	r211_vendor_literal_split	1144	PPQ_Operation_1496	QuantizeLinear	activation	PPQ_Variable_3005	int8	scalar	-128	-128	1	-128
R211_VENDOR_LITERAL_SPLIT_run1b	r211_vendor_literal_split	1145	PPQ_Operation_1497	DequantizeLinear	activation	PPQ_Variable_3008	int8	scalar	-128	-128	1	-128
R211_VENDOR_LITERAL_SPLIT_run1b	r211_vendor_literal_split	1147	PPQ_Operation_1498	QuantizeLinear	activation	PPQ_Variable_3011	int8	scalar	-127	-127	1	-127
R211_VENDOR_LITERAL_SPLIT_run1b	r211_vendor_literal_split	1148	PPQ_Operation_1499	DequantizeLinear	activation	PPQ_Variable_3014	int8	scalar	-127	-127	1	-127
R211_VENDOR_LITERAL_SPLIT_run1b	r211_vendor_literal_split	1150	PPQ_Operation_1501	QuantizeLinear	activation	PPQ_Variable_3020	int8	scalar	-109	-109	1	-109
R211_VENDOR_LITERAL_SPLIT_run1b	r211_vendor_literal_split	1151	PPQ_Operation_1502	DequantizeLinear	activation	PPQ_Variable_3023	int8	scalar	-109	-109	1	-109
R211_VENDOR_LITERAL_SPLIT_run1b	r211_vendor_literal_split	1153	PPQ_Operation_1503	QuantizeLinear	activation	PPQ_Variable_3026	int8	scalar	-128	-128	1	-128
R211_VENDOR_LITERAL_SPLIT_run1b	r211_vendor_literal_split	1154	PPQ_Operation_1504	DequantizeLinear	activation	PPQ_Variable_3029	int8	scalar	-128	-128	1	-128
R211_VENDOR_LITERAL_SPLIT_run1b	r211_vendor_literal_split	1156	PPQ_Operation_1505	QuantizeLinear	activation	PPQ_Variable_3032	int8	scalar	-127	-127	1	-127
R211_VENDOR_LITERAL_SPLIT_run1b	r211_vendor_literal_split	1157	PPQ_Operation_1506	DequantizeLinear	activation	PPQ_Variable_3035	int8	scalar	-127	-127	1	-127
R211_VENDOR_LITERAL_SPLIT_run1b	r211_vendor_literal_split	1159	PPQ_Operation_1508	QuantizeLinear	activation	PPQ_Variable_3041	int8	scalar	127	127	1	127
R211_VENDOR_LITERAL_SPLIT_run1b	r211_vendor_literal_split	1160	PPQ_Operation_1509	DequantizeLinear	activation	PPQ_Variable_3044	int8	scalar	127	127	1	127
V9A33_PROJECT_EXACT_SPLIT_run1	v9a33_project_exact_split	0	PPQ_Operation_698	QuantizeLinear	activation	PPQ_Variable_611	int8	scalar	-128	-128	1	-128
V9A33_PROJECT_EXACT_SPLIT_run1	v9a33_project_exact_split	1	PPQ_Operation_700	DequantizeLinear	weight	PPQ_Variable_617	int8	16	0	0	1	0
V9A33_PROJECT_EXACT_SPLIT_run1	v9a33_project_exact_split	2	PPQ_Operation_707	DequantizeLinear	weight	PPQ_Variable_638	int8	32	0	0	1	0
V9A33_PROJECT_EXACT_SPLIT_run1	v9a33_project_exact_split	3	PPQ_Operation_714	DequantizeLinear	weight	PPQ_Variable_659	int8	32	0	0	1	0
V9A33_PROJECT_EXACT_SPLIT_run1	v9a33_project_exact_split	4	PPQ_Operation_725	DequantizeLinear	weight	PPQ_Variable_692	int8	8	0	0	1	0
V9A33_PROJECT_EXACT_SPLIT_run1	v9a33_project_exact_split	5	PPQ_Operation_732	DequantizeLinear	weight	PPQ_Variable_713	int8	16	0	0	1	0
V9A33_PROJECT_EXACT_SPLIT_run1	v9a33_project_exact_split	6	PPQ_Operation_743	DequantizeLinear	weight	PPQ_Variable_746	int8	64	0	0	1	0
V9A33_PROJECT_EXACT_SPLIT_run1	v9a33_project_exact_split	7	PPQ_Operation_750	DequantizeLinear	weight	PPQ_Variable_767	int8	64	0	0	1	0
V9A33_PROJECT_EXACT_SPLIT_run1	v9a33_project_exact_split	8	PPQ_Operation_757	DequantizeLinear	weight	PPQ_Variable_788	int8	64	0	0	1	0
V9A33_PROJECT_EXACT_SPLIT_run1	v9a33_project_exact_split	9	PPQ_Operation_768	DequantizeLinear	weight	PPQ_Variable_821	int8	16	0	0	1	0
V9A33_PROJECT_EXACT_SPLIT_run1	v9a33_project_exact_split	10	PPQ_Operation_775	DequantizeLinear	weight	PPQ_Variable_842	int8	32	0	0	1	0
V9A33_PROJECT_EXACT_SPLIT_run1	v9a33_project_exact_split	11	PPQ_Operation_786	DequantizeLinear	weight	PPQ_Variable_875	int8	128	0	0	1	0
V9A33_PROJECT_EXACT_SPLIT_run1	v9a33_project_exact_split	12	PPQ_Operation_793	DequantizeLinear	weight	PPQ_Variable_896	int8	128	0	0	1	0
V9A33_PROJECT_EXACT_SPLIT_run1	v9a33_project_exact_split	13	PPQ_Operation_800	DequantizeLinear	weight	PPQ_Variable_917	int8	128	0	0	1	0
V9A33_PROJECT_EXACT_SPLIT_run1	v9a33_project_exact_split	14	PPQ_Operation_811	DequantizeLinear	weight	PPQ_Variable_950	int8	32	0	0	1	0
V9A33_PROJECT_EXACT_SPLIT_run1	v9a33_project_exact_split	15	PPQ_Operation_814	DequantizeLinear	weight	PPQ_Variable_959	int8	32	0	0	1	0
V9A33_PROJECT_EXACT_SPLIT_run1	v9a33_project_exact_split	16	PPQ_Operation_825	DequantizeLinear	weight	PPQ_Variable_992	int8	32	0	0	1	0
V9A33_PROJECT_EXACT_SPLIT_run1	v9a33_project_exact_split	17	PPQ_Operation_832	DequantizeLinear	weight	PPQ_Variable_1013	int8	32	0	0	1	0
V9A33_PROJECT_EXACT_SPLIT_run1	v9a33_project_exact_split	18	PPQ_Operation_841	DequantizeLinear	weight	PPQ_Variable_1040	int8	32	0	0	1	0
V9A33_PROJECT_EXACT_SPLIT_run1	v9a33_project_exact_split	19	PPQ_Operation_848	DequantizeLinear	weight	PPQ_Variable_1061	int8	32	0	0	1	0
V9A33_PROJECT_EXACT_SPLIT_run1	v9a33_project_exact_split	20	PPQ_Operation_859	DequantizeLinear	weight	PPQ_Variable_1094	int8	64	0	0	1	0
V9A33_PROJECT_EXACT_SPLIT_run1	v9a33_project_exact_split	21	PPQ_Operation_868	DequantizeLinear	weight	PPQ_Variable_1121	int8	128	0	0	1	0
V9A33_PROJECT_EXACT_SPLIT_run1	v9a33_project_exact_split	22	PPQ_Operation_875	DequantizeLinear	weight	PPQ_Variable_1142	int8	256	0	0	1	0
V9A33_PROJECT_EXACT_SPLIT_run1	v9a33_project_exact_split	23	PPQ_Operation_882	DequantizeLinear	weight	PPQ_Variable_1163	int8	256	0	0	1	0
V9A33_PROJECT_EXACT_SPLIT_run1	v9a33_project_exact_split	24	PPQ_Operation_893	DequantizeLinear	weight	PPQ_Variable_1196	int8	64	0	0	1	0
V9A33_PROJECT_EXACT_SPLIT_run1	v9a33_project_exact_split	25	PPQ_Operation_896	DequantizeLinear	weight	PPQ_Variable_1205	int8	64	0	0	1	0
V9A33_PROJECT_EXACT_SPLIT_run1	v9a33_project_exact_split	26	PPQ_Operation_907	DequantizeLinear	weight	PPQ_Variable_1238	int8	64	0	0	1	0
V9A33_PROJECT_EXACT_SPLIT_run1	v9a33_project_exact_split	27	PPQ_Operation_914	DequantizeLinear	weight	PPQ_Variable_1259	int8	64	0	0	1	0
V9A33_PROJECT_EXACT_SPLIT_run1	v9a33_project_exact_split	28	PPQ_Operation_923	DequantizeLinear	weight	PPQ_Variable_1286	int8	64	0	0	1	0
V9A33_PROJECT_EXACT_SPLIT_run1	v9a33_project_exact_split	29	PPQ_Operation_930	DequantizeLinear	weight	PPQ_Variable_1307	int8	64	0	0	1	0
V9A33_PROJECT_EXACT_SPLIT_run1	v9a33_project_exact_split	30	PPQ_Operation_941	DequantizeLinear	weight	PPQ_Variable_1340	int8	128	0	0	1	0
V9A33_PROJECT_EXACT_SPLIT_run1	v9a33_project_exact_split	31	PPQ_Operation_950	DequantizeLinear	weight	PPQ_Variable_1367	int8	256	0	0	1	0
V9A33_PROJECT_EXACT_SPLIT_run1	v9a33_project_exact_split	32	PPQ_Operation_957	DequantizeLinear	weight	PPQ_Variable_1388	int8	128	0	0	1	0
V9A33_PROJECT_EXACT_SPLIT_run1	v9a33_project_exact_split	33	PPQ_Operation_966	DequantizeLinear	weight	PPQ_Variable_1415	int8	256	0	0	1	0
V9A33_PROJECT_EXACT_SPLIT_run1	v9a33_project_exact_split	34	PPQ_Operation_975	DequantizeLinear	weight	PPQ_Variable_1442	int8	256	0	0	1	0
V9A33_PROJECT_EXACT_SPLIT_run1	v9a33_project_exact_split	35	PPQ_Operation_986	DequantizeLinear	weight	PPQ_Variable_1475	int8	256	0	0	1	0
V9A33_PROJECT_EXACT_SPLIT_run1	v9a33_project_exact_split	36	PPQ_Operation_999	DequantizeLinear	weight	PPQ_Variable_1514	int8	128	0	0	1	0
V9A33_PROJECT_EXACT_SPLIT_run1	v9a33_project_exact_split	37	PPQ_Operation_1002	DequantizeLinear	activation	PPQ_Variable_1523	int8	scalar	-128	-128	1	-128
V9A33_PROJECT_EXACT_SPLIT_run1	v9a33_project_exact_split	38	PPQ_Operation_1011	DequantizeLinear	weight	PPQ_Variable_1550	int8	128	0	0	1	0
V9A33_PROJECT_EXACT_SPLIT_run1	v9a33_project_exact_split	39	PPQ_Operation_1016	DequantizeLinear	weight	PPQ_Variable_1565	int8	256	0	0	1	0
V9A33_PROJECT_EXACT_SPLIT_run1	v9a33_project_exact_split	40	PPQ_Operation_1023	DequantizeLinear	weight	PPQ_Variable_1586	int8	128	0	0	1	0
V9A33_PROJECT_EXACT_SPLIT_run1	v9a33_project_exact_split	41	PPQ_Operation_1030	DequantizeLinear	weight	PPQ_Variable_1607	int8	256	0	0	1	0
V9A33_PROJECT_EXACT_SPLIT_run1	v9a33_project_exact_split	42	PPQ_Operation_1041	DequantizeLinear	weight	PPQ_Variable_1640	int8	128	0	0	1	0
V9A33_PROJECT_EXACT_SPLIT_run1	v9a33_project_exact_split	43	PPQ_Operation_1052	DequantizeLinear	weight	PPQ_Variable_1673	int8	32	0	0	1	0
V9A33_PROJECT_EXACT_SPLIT_run1	v9a33_project_exact_split	44	PPQ_Operation_1055	DequantizeLinear	weight	PPQ_Variable_1682	int8	32	0	0	1	0
V9A33_PROJECT_EXACT_SPLIT_run1	v9a33_project_exact_split	45	PPQ_Operation_1066	DequantizeLinear	weight	PPQ_Variable_1715	int8	32	0	0	1	0
V9A33_PROJECT_EXACT_SPLIT_run1	v9a33_project_exact_split	46	PPQ_Operation_1073	DequantizeLinear	weight	PPQ_Variable_1736	int8	32	0	0	1	0
V9A33_PROJECT_EXACT_SPLIT_run1	v9a33_project_exact_split	47	PPQ_Operation_1082	DequantizeLinear	weight	PPQ_Variable_1763	int8	32	0	0	1	0
V9A33_PROJECT_EXACT_SPLIT_run1	v9a33_project_exact_split	48	PPQ_Operation_1089	DequantizeLinear	weight	PPQ_Variable_1784	int8	32	0	0	1	0
V9A33_PROJECT_EXACT_SPLIT_run1	v9a33_project_exact_split	49	PPQ_Operation_1100	DequantizeLinear	weight	PPQ_Variable_1817	int8	64	0	0	1	0
V9A33_PROJECT_EXACT_SPLIT_run1	v9a33_project_exact_split	50	PPQ_Operation_1109	DequantizeLinear	weight	PPQ_Variable_1844	int8	128	0	0	1	0
V9A33_PROJECT_EXACT_SPLIT_run1	v9a33_project_exact_split	51	PPQ_Operation_1120	DequantizeLinear	weight	PPQ_Variable_1877	int8	64	0	0	1	0
V9A33_PROJECT_EXACT_SPLIT_run1	v9a33_project_exact_split	52	PPQ_Operation_1131	DequantizeLinear	weight	PPQ_Variable_1910	int8	16	0	0	1	0
V9A33_PROJECT_EXACT_SPLIT_run1	v9a33_project_exact_split	53	PPQ_Operation_1134	DequantizeLinear	weight	PPQ_Variable_1919	int8	16	0	0	1	0
V9A33_PROJECT_EXACT_SPLIT_run1	v9a33_project_exact_split	54	PPQ_Operation_1145	DequantizeLinear	weight	PPQ_Variable_1952	int8	16	0	0	1	0
V9A33_PROJECT_EXACT_SPLIT_run1	v9a33_project_exact_split	55	PPQ_Operation_1152	DequantizeLinear	weight	PPQ_Variable_1973	int8	16	0	0	1	0
V9A33_PROJECT_EXACT_SPLIT_run1	v9a33_project_exact_split	56	PPQ_Operation_1161	DequantizeLinear	weight	PPQ_Variable_2000	int8	16	0	0	1	0
V9A33_PROJECT_EXACT_SPLIT_run1	v9a33_project_exact_split	57	PPQ_Operation_1168	DequantizeLinear	weight	PPQ_Variable_2021	int8	16	0	0	1	0
V9A33_PROJECT_EXACT_SPLIT_run1	v9a33_project_exact_split	58	PPQ_Operation_1179	DequantizeLinear	weight	PPQ_Variable_2054	int8	32	0	0	1	0
V9A33_PROJECT_EXACT_SPLIT_run1	v9a33_project_exact_split	59	PPQ_Operation_1188	DequantizeLinear	weight	PPQ_Variable_2081	int8	64	0	0	1	0
V9A33_PROJECT_EXACT_SPLIT_run1	v9a33_project_exact_split	60	PPQ_Operation_1195	DequantizeLinear	weight	PPQ_Variable_2102	int8	64	0	0	1	0
V9A33_PROJECT_EXACT_SPLIT_run1	v9a33_project_exact_split	61	PPQ_Operation_1198	DequantizeLinear	weight	PPQ_Variable_2111	int8	16	0	0	1	0
V9A33_PROJECT_EXACT_SPLIT_run1	v9a33_project_exact_split	62	PPQ_Operation_1201	DequantizeLinear	weight	PPQ_Variable_2120	int8	64	0	0	1	0
V9A33_PROJECT_EXACT_SPLIT_run1	v9a33_project_exact_split	63	PPQ_Operation_1218	DequantizeLinear	weight	PPQ_Variable_2171	int8	16	0	0	1	0
V9A33_PROJECT_EXACT_SPLIT_run1	v9a33_project_exact_split	64	PPQ_Operation_1221	DequantizeLinear	weight	PPQ_Variable_2180	int8	80	0	0	1	0
V9A33_PROJECT_EXACT_SPLIT_run1	v9a33_project_exact_split	65	PPQ_Operation_1224	DequantizeLinear	weight	PPQ_Variable_2189	int8	128	0	0	1	0
V9A33_PROJECT_EXACT_SPLIT_run1	v9a33_project_exact_split	66	PPQ_Operation_1239	DequantizeLinear	weight	PPQ_Variable_2234	int8	4	0	0	1	0
V9A33_PROJECT_EXACT_SPLIT_run1	v9a33_project_exact_split	67	PPQ_Operation_1242	DequantizeLinear	weight	PPQ_Variable_2243	int8	80	0	0	1	0
V9A33_PROJECT_EXACT_SPLIT_run1	v9a33_project_exact_split	68	PPQ_Operation_1251	DequantizeLinear	weight	PPQ_Variable_2270	int8	32	0	0	1	0
V9A33_PROJECT_EXACT_SPLIT_run1	v9a33_project_exact_split	69	PPQ_Operation_1254	DequantizeLinear	weight	PPQ_Variable_2279	int8	32	0	0	1	0
V9A33_PROJECT_EXACT_SPLIT_run1	v9a33_project_exact_split	70	PPQ_Operation_1263	DequantizeLinear	weight	PPQ_Variable_2306	int8	80	0	0	1	0
V9A33_PROJECT_EXACT_SPLIT_run1	v9a33_project_exact_split	71	PPQ_Operation_1272	DequantizeLinear	weight	PPQ_Variable_2333	int8	32	0	0	1	0
V9A33_PROJECT_EXACT_SPLIT_run1	v9a33_project_exact_split	72	PPQ_Operation_1279	DequantizeLinear	weight	PPQ_Variable_2354	int8	80	0	0	1	0
V9A33_PROJECT_EXACT_SPLIT_run1	v9a33_project_exact_split	73	PPQ_Operation_1284	DequantizeLinear	weight	PPQ_Variable_2369	int8	32	0	0	1	0
V9A33_PROJECT_EXACT_SPLIT_run1	v9a33_project_exact_split	74	PPQ_Operation_1293	DequantizeLinear	weight	PPQ_Variable_2396	int8	32	0	0	1	0
V9A33_PROJECT_EXACT_SPLIT_run1	v9a33_project_exact_split	75	PPQ_Operation_1300	DequantizeLinear	weight	PPQ_Variable_2417	int8	32	0	0	1	0
V9A33_PROJECT_EXACT_SPLIT_run1	v9a33_project_exact_split	76	PPQ_Operation_1311	DequantizeLinear	weight	PPQ_Variable_2450	int8	64	0	0	1	0
V9A33_PROJECT_EXACT_SPLIT_run1	v9a33_project_exact_split	77	PPQ_Operation_1320	DequantizeLinear	weight	PPQ_Variable_2477	int8	128	0	0	1	0
V9A33_PROJECT_EXACT_SPLIT_run1	v9a33_project_exact_split	78	PPQ_Operation_1327	DequantizeLinear	weight	PPQ_Variable_2498	int8	128	0	0	1	0
V9A33_PROJECT_EXACT_SPLIT_run1	v9a33_project_exact_split	79	PPQ_Operation_1330	DequantizeLinear	weight	PPQ_Variable_2507	int8	16	0	0	1	0
V9A33_PROJECT_EXACT_SPLIT_run1	v9a33_project_exact_split	80	PPQ_Operation_1333	DequantizeLinear	weight	PPQ_Variable_2516	int8	128	0	0	1	0
V9A33_PROJECT_EXACT_SPLIT_run1	v9a33_project_exact_split	81	PPQ_Operation_1350	DequantizeLinear	weight	PPQ_Variable_2567	int8	16	0	0	1	0
V9A33_PROJECT_EXACT_SPLIT_run1	v9a33_project_exact_split	82	PPQ_Operation_1353	DequantizeLinear	weight	PPQ_Variable_2576	int8	80	0	0	1	0
V9A33_PROJECT_EXACT_SPLIT_run1	v9a33_project_exact_split	83	PPQ_Operation_1356	DequantizeLinear	weight	PPQ_Variable_2585	int8	256	0	0	1	0
V9A33_PROJECT_EXACT_SPLIT_run1	v9a33_project_exact_split	84	PPQ_Operation_1371	DequantizeLinear	weight	PPQ_Variable_2630	int8	4	0	0	1	0
V9A33_PROJECT_EXACT_SPLIT_run1	v9a33_project_exact_split	85	PPQ_Operation_1374	DequantizeLinear	weight	PPQ_Variable_2639	int8	80	0	0	1	0
V9A33_PROJECT_EXACT_SPLIT_run1	v9a33_project_exact_split	86	PPQ_Operation_1383	DequantizeLinear	weight	PPQ_Variable_2666	int8	64	0	0	1	0
V9A33_PROJECT_EXACT_SPLIT_run1	v9a33_project_exact_split	87	PPQ_Operation_1390	DequantizeLinear	weight	PPQ_Variable_2687	int8	80	0	0	1	0
V9A33_PROJECT_EXACT_SPLIT_run1	v9a33_project_exact_split	88	PPQ_Operation_1397	DequantizeLinear	weight	PPQ_Variable_2708	int8	128	0	0	1	0
V9A33_PROJECT_EXACT_SPLIT_run1	v9a33_project_exact_split	89	PPQ_Operation_1404	DequantizeLinear	weight	PPQ_Variable_2729	int8	80	0	0	1	0
V9A33_PROJECT_EXACT_SPLIT_run1	v9a33_project_exact_split	90	PPQ_Operation_1411	DequantizeLinear	weight	PPQ_Variable_2750	int8	256	0	0	1	0
V9A33_PROJECT_EXACT_SPLIT_run1	v9a33_project_exact_split	91	PPQ_Operation_1424	DequantizeLinear	weight	PPQ_Variable_2789	int8	128	0	0	1	0
V9A33_PROJECT_EXACT_SPLIT_run1	v9a33_project_exact_split	92	PPQ_Operation_1427	DequantizeLinear	activation	PPQ_Variable_2798	int8	scalar	-128	-128	1	-128
V9A33_PROJECT_EXACT_SPLIT_run1	v9a33_project_exact_split	93	PPQ_Operation_1436	DequantizeLinear	weight	PPQ_Variable_2825	int8	128	0	0	1	0
V9A33_PROJECT_EXACT_SPLIT_run1	v9a33_project_exact_split	94	PPQ_Operation_1441	DequantizeLinear	weight	PPQ_Variable_2840	int8	256	0	0	1	0
V9A33_PROJECT_EXACT_SPLIT_run1	v9a33_project_exact_split	95	PPQ_Operation_1448	DequantizeLinear	weight	PPQ_Variable_2861	int8	128	0	0	1	0
V9A33_PROJECT_EXACT_SPLIT_run1	v9a33_project_exact_split	96	PPQ_Operation_1455	DequantizeLinear	weight	PPQ_Variable_2882	int8	256	0	0	1	0
V9A33_PROJECT_EXACT_SPLIT_run1	v9a33_project_exact_split	97	PPQ_Operation_1462	DequantizeLinear	weight	PPQ_Variable_2903	int8	16	0	0	1	0
V9A33_PROJECT_EXACT_SPLIT_run1	v9a33_project_exact_split	98	PPQ_Operation_1465	DequantizeLinear	weight	PPQ_Variable_2912	int8	256	0	0	1	0
V9A33_PROJECT_EXACT_SPLIT_run1	v9a33_project_exact_split	99	PPQ_Operation_1476	DequantizeLinear	weight	PPQ_Variable_2945	int8	16	0	0	1	0
V9A33_PROJECT_EXACT_SPLIT_run1	v9a33_project_exact_split	100	PPQ_Operation_1479	DequantizeLinear	weight	PPQ_Variable_2954	int8	80	0	0	1	0
V9A33_PROJECT_EXACT_SPLIT_run1	v9a33_project_exact_split	101	PPQ_Operation_1490	DequantizeLinear	weight	PPQ_Variable_2987	int8	4	0	0	1	0
V9A33_PROJECT_EXACT_SPLIT_run1	v9a33_project_exact_split	102	PPQ_Operation_1493	DequantizeLinear	weight	PPQ_Variable_2996	int8	80	0	0	1	0
V9A33_PROJECT_EXACT_SPLIT_run1	v9a33_project_exact_split	103	PPQ_Operation_1500	DequantizeLinear	weight	PPQ_Variable_3017	int8	80	0	0	1	0
V9A33_PROJECT_EXACT_SPLIT_run1	v9a33_project_exact_split	104	PPQ_Operation_1507	DequantizeLinear	weight	PPQ_Variable_3038	int8	80	0	0	1	0
V9A33_PROJECT_EXACT_SPLIT_run1	v9a33_project_exact_split	105	PPQ_Operation_699	DequantizeLinear	activation	PPQ_Variable_614	int8	scalar	-128	-128	1	-128
V9A33_PROJECT_EXACT_SPLIT_run1	v9a33_project_exact_split	107	PPQ_Operation_701	QuantizeLinear	activation	PPQ_Variable_620	int8	scalar	-101	-101	1	-101
V9A33_PROJECT_EXACT_SPLIT_run1	v9a33_project_exact_split	108	PPQ_Operation_702	DequantizeLinear	activation	PPQ_Variable_623	int8	scalar	-101	-101	1	-101
V9A33_PROJECT_EXACT_SPLIT_run1	v9a33_project_exact_split	110	PPQ_Operation_703	QuantizeLinear	activation	PPQ_Variable_626	int8	scalar	-128	-128	1	-128
V9A33_PROJECT_EXACT_SPLIT_run1	v9a33_project_exact_split	111	PPQ_Operation_704	DequantizeLinear	activation	PPQ_Variable_629	int8	scalar	-128	-128	1	-128
V9A33_PROJECT_EXACT_SPLIT_run1	v9a33_project_exact_split	113	PPQ_Operation_705	QuantizeLinear	activation	PPQ_Variable_632	int8	scalar	-127	-127	1	-127
V9A33_PROJECT_EXACT_SPLIT_run1	v9a33_project_exact_split	114	PPQ_Operation_706	DequantizeLinear	activation	PPQ_Variable_635	int8	scalar	-127	-127	1	-127
V9A33_PROJECT_EXACT_SPLIT_run1	v9a33_project_exact_split	116	PPQ_Operation_708	QuantizeLinear	activation	PPQ_Variable_641	int8	scalar	-115	-115	1	-115
V9A33_PROJECT_EXACT_SPLIT_run1	v9a33_project_exact_split	117	PPQ_Operation_709	DequantizeLinear	activation	PPQ_Variable_644	int8	scalar	-115	-115	1	-115
V9A33_PROJECT_EXACT_SPLIT_run1	v9a33_project_exact_split	119	PPQ_Operation_710	QuantizeLinear	activation	PPQ_Variable_647	int8	scalar	-128	-128	1	-128
V9A33_PROJECT_EXACT_SPLIT_run1	v9a33_project_exact_split	120	PPQ_Operation_711	DequantizeLinear	activation	PPQ_Variable_650	int8	scalar	-128	-128	1	-128
V9A33_PROJECT_EXACT_SPLIT_run1	v9a33_project_exact_split	122	PPQ_Operation_712	QuantizeLinear	activation	PPQ_Variable_653	int8	scalar	-127	-127	1	-127
V9A33_PROJECT_EXACT_SPLIT_run1	v9a33_project_exact_split	123	PPQ_Operation_713	DequantizeLinear	activation	PPQ_Variable_656	int8	scalar	-127	-127	1	-127
V9A33_PROJECT_EXACT_SPLIT_run1	v9a33_project_exact_split	125	PPQ_Operation_715	QuantizeLinear	activation	PPQ_Variable_662	int8	scalar	-107	-107	1	-107
V9A33_PROJECT_EXACT_SPLIT_run1	v9a33_project_exact_split	126	PPQ_Operation_716	DequantizeLinear	activation	PPQ_Variable_665	int8	scalar	-107	-107	1	-107
V9A33_PROJECT_EXACT_SPLIT_run1	v9a33_project_exact_split	128	PPQ_Operation_717	QuantizeLinear	activation	PPQ_Variable_668	int8	scalar	-128	-128	1	-128
V9A33_PROJECT_EXACT_SPLIT_run1	v9a33_project_exact_split	129	PPQ_Operation_718	DequantizeLinear	activation	PPQ_Variable_671	int8	scalar	-128	-128	1	-128
V9A33_PROJECT_EXACT_SPLIT_run1	v9a33_project_exact_split	131	PPQ_Operation_719	QuantizeLinear	activation	PPQ_Variable_674	int8	scalar	-127	-127	1	-127
V9A33_PROJECT_EXACT_SPLIT_run1	v9a33_project_exact_split	132	PPQ_Operation_720	DequantizeLinear	activation	PPQ_Variable_677	int8	scalar	-127	-127	1	-127
V9A33_PROJECT_EXACT_SPLIT_run1	v9a33_project_exact_split	134	PPQ_Operation_721	QuantizeLinear	activation	PPQ_Variable_680	int8	scalar	-127	-127	1	-127
V9A33_PROJECT_EXACT_SPLIT_run1	v9a33_project_exact_split	135	PPQ_Operation_723	QuantizeLinear	activation	PPQ_Variable_686	int8	scalar	-127	-127	1	-127
V9A33_PROJECT_EXACT_SPLIT_run1	v9a33_project_exact_split	136	PPQ_Operation_722	DequantizeLinear	activation	PPQ_Variable_683	int8	scalar	-127	-127	1	-127
V9A33_PROJECT_EXACT_SPLIT_run1	v9a33_project_exact_split	137	PPQ_Operation_724	DequantizeLinear	activation	PPQ_Variable_689	int8	scalar	-127	-127	1	-127
V9A33_PROJECT_EXACT_SPLIT_run1	v9a33_project_exact_split	139	PPQ_Operation_726	QuantizeLinear	activation	PPQ_Variable_695	int8	scalar	62	62	1	62
V9A33_PROJECT_EXACT_SPLIT_run1	v9a33_project_exact_split	140	PPQ_Operation_727	DequantizeLinear	activation	PPQ_Variable_698	int8	scalar	62	62	1	62
V9A33_PROJECT_EXACT_SPLIT_run1	v9a33_project_exact_split	142	PPQ_Operation_728	QuantizeLinear	activation	PPQ_Variable_701	int8	scalar	-128	-128	1	-128
V9A33_PROJECT_EXACT_SPLIT_run1	v9a33_project_exact_split	143	PPQ_Operation_729	DequantizeLinear	activation	PPQ_Variable_704	int8	scalar	-128	-128	1	-128
V9A33_PROJECT_EXACT_SPLIT_run1	v9a33_project_exact_split	145	PPQ_Operation_730	QuantizeLinear	activation	PPQ_Variable_707	int8	scalar	-94	-94	1	-94
V9A33_PROJECT_EXACT_SPLIT_run1	v9a33_project_exact_split	146	PPQ_Operation_731	DequantizeLinear	activation	PPQ_Variable_710	int8	scalar	-94	-94	1	-94
V9A33_PROJECT_EXACT_SPLIT_run1	v9a33_project_exact_split	148	PPQ_Operation_733	QuantizeLinear	activation	PPQ_Variable_716	int8	scalar	-98	-98	1	-98
V9A33_PROJECT_EXACT_SPLIT_run1	v9a33_project_exact_split	149	PPQ_Operation_734	DequantizeLinear	activation	PPQ_Variable_719	int8	scalar	-98	-98	1	-98
V9A33_PROJECT_EXACT_SPLIT_run1	v9a33_project_exact_split	151	PPQ_Operation_735	QuantizeLinear	activation	PPQ_Variable_722	int8	scalar	-128	-128	1	-128
V9A33_PROJECT_EXACT_SPLIT_run1	v9a33_project_exact_split	152	PPQ_Operation_736	DequantizeLinear	activation	PPQ_Variable_725	int8	scalar	-128	-128	1	-128
V9A33_PROJECT_EXACT_SPLIT_run1	v9a33_project_exact_split	154	PPQ_Operation_737	QuantizeLinear	activation	PPQ_Variable_728	int8	scalar	-125	-125	1	-125
V9A33_PROJECT_EXACT_SPLIT_run1	v9a33_project_exact_split	155	PPQ_Operation_738	DequantizeLinear	activation	PPQ_Variable_731	int8	scalar	-125	-125	1	-125
V9A33_PROJECT_EXACT_SPLIT_run1	v9a33_project_exact_split	157	PPQ_Operation_739	QuantizeLinear	activation	PPQ_Variable_734	int8	scalar	-125	-125	1	-125
V9A33_PROJECT_EXACT_SPLIT_run1	v9a33_project_exact_split	158	PPQ_Operation_740	DequantizeLinear	activation	PPQ_Variable_737	int8	scalar	-125	-125	1	-125
V9A33_PROJECT_EXACT_SPLIT_run1	v9a33_project_exact_split	160	PPQ_Operation_741	QuantizeLinear	activation	PPQ_Variable_740	int8	scalar	-125	-125	1	-125
V9A33_PROJECT_EXACT_SPLIT_run1	v9a33_project_exact_split	161	PPQ_Operation_742	DequantizeLinear	activation	PPQ_Variable_743	int8	scalar	-125	-125	1	-125
V9A33_PROJECT_EXACT_SPLIT_run1	v9a33_project_exact_split	163	PPQ_Operation_744	QuantizeLinear	activation	PPQ_Variable_749	int8	scalar	-93	-93	1	-93
V9A33_PROJECT_EXACT_SPLIT_run1	v9a33_project_exact_split	164	PPQ_Operation_745	DequantizeLinear	activation	PPQ_Variable_752	int8	scalar	-93	-93	1	-93
V9A33_PROJECT_EXACT_SPLIT_run1	v9a33_project_exact_split	166	PPQ_Operation_746	QuantizeLinear	activation	PPQ_Variable_755	int8	scalar	-128	-128	1	-128
V9A33_PROJECT_EXACT_SPLIT_run1	v9a33_project_exact_split	167	PPQ_Operation_747	DequantizeLinear	activation	PPQ_Variable_758	int8	scalar	-128	-128	1	-128
V9A33_PROJECT_EXACT_SPLIT_run1	v9a33_project_exact_split	169	PPQ_Operation_748	QuantizeLinear	activation	PPQ_Variable_761	int8	scalar	-124	-124	1	-124
V9A33_PROJECT_EXACT_SPLIT_run1	v9a33_project_exact_split	170	PPQ_Operation_749	DequantizeLinear	activation	PPQ_Variable_764	int8	scalar	-124	-124	1	-124
V9A33_PROJECT_EXACT_SPLIT_run1	v9a33_project_exact_split	172	PPQ_Operation_751	QuantizeLinear	activation	PPQ_Variable_770	int8	scalar	15	15	1	15
V9A33_PROJECT_EXACT_SPLIT_run1	v9a33_project_exact_split	173	PPQ_Operation_752	DequantizeLinear	activation	PPQ_Variable_773	int8	scalar	15	15	1	15
V9A33_PROJECT_EXACT_SPLIT_run1	v9a33_project_exact_split	175	PPQ_Operation_753	QuantizeLinear	activation	PPQ_Variable_776	int8	scalar	-128	-128	1	-128
V9A33_PROJECT_EXACT_SPLIT_run1	v9a33_project_exact_split	176	PPQ_Operation_754	DequantizeLinear	activation	PPQ_Variable_779	int8	scalar	-128	-128	1	-128
V9A33_PROJECT_EXACT_SPLIT_run1	v9a33_project_exact_split	178	PPQ_Operation_755	QuantizeLinear	activation	PPQ_Variable_782	int8	scalar	-119	-119	1	-119
V9A33_PROJECT_EXACT_SPLIT_run1	v9a33_project_exact_split	179	PPQ_Operation_756	DequantizeLinear	activation	PPQ_Variable_785	int8	scalar	-119	-119	1	-119
V9A33_PROJECT_EXACT_SPLIT_run1	v9a33_project_exact_split	181	PPQ_Operation_758	QuantizeLinear	activation	PPQ_Variable_791	int8	scalar	39	39	1	39
V9A33_PROJECT_EXACT_SPLIT_run1	v9a33_project_exact_split	182	PPQ_Operation_759	DequantizeLinear	activation	PPQ_Variable_794	int8	scalar	39	39	1	39
V9A33_PROJECT_EXACT_SPLIT_run1	v9a33_project_exact_split	184	PPQ_Operation_760	QuantizeLinear	activation	PPQ_Variable_797	int8	scalar	-128	-128	1	-128
V9A33_PROJECT_EXACT_SPLIT_run1	v9a33_project_exact_split	185	PPQ_Operation_761	DequantizeLinear	activation	PPQ_Variable_800	int8	scalar	-128	-128	1	-128
V9A33_PROJECT_EXACT_SPLIT_run1	v9a33_project_exact_split	187	PPQ_Operation_762	QuantizeLinear	activation	PPQ_Variable_803	int8	scalar	-113	-113	1	-113
V9A33_PROJECT_EXACT_SPLIT_run1	v9a33_project_exact_split	188	PPQ_Operation_763	DequantizeLinear	activation	PPQ_Variable_806	int8	scalar	-113	-113	1	-113
V9A33_PROJECT_EXACT_SPLIT_run1	v9a33_project_exact_split	190	PPQ_Operation_764	QuantizeLinear	activation	PPQ_Variable_809	int8	scalar	-113	-113	1	-113
V9A33_PROJECT_EXACT_SPLIT_run1	v9a33_project_exact_split	191	PPQ_Operation_766	QuantizeLinear	activation	PPQ_Variable_815	int8	scalar	-113	-113	1	-113
V9A33_PROJECT_EXACT_SPLIT_run1	v9a33_project_exact_split	192	PPQ_Operation_765	DequantizeLinear	activation	PPQ_Variable_812	int8	scalar	-113	-113	1	-113
V9A33_PROJECT_EXACT_SPLIT_run1	v9a33_project_exact_split	193	PPQ_Operation_767	DequantizeLinear	activation	PPQ_Variable_818	int8	scalar	-113	-113	1	-113
V9A33_PROJECT_EXACT_SPLIT_run1	v9a33_project_exact_split	195	PPQ_Operation_769	QuantizeLinear	activation	PPQ_Variable_824	int8	scalar	10	10	1	10
V9A33_PROJECT_EXACT_SPLIT_run1	v9a33_project_exact_split	196	PPQ_Operation_770	DequantizeLinear	activation	PPQ_Variable_827	int8	scalar	10	10	1	10
V9A33_PROJECT_EXACT_SPLIT_run1	v9a33_project_exact_split	198	PPQ_Operation_771	QuantizeLinear	activation	PPQ_Variable_830	int8	scalar	-128	-128	1	-128
V9A33_PROJECT_EXACT_SPLIT_run1	v9a33_project_exact_split	199	PPQ_Operation_772	DequantizeLinear	activation	PPQ_Variable_833	int8	scalar	-128	-128	1	-128
V9A33_PROJECT_EXACT_SPLIT_run1	v9a33_project_exact_split	201	PPQ_Operation_773	QuantizeLinear	activation	PPQ_Variable_836	int8	scalar	-113	-113	1	-113
V9A33_PROJECT_EXACT_SPLIT_run1	v9a33_project_exact_split	202	PPQ_Operation_774	DequantizeLinear	activation	PPQ_Variable_839	int8	scalar	-113	-113	1	-113
V9A33_PROJECT_EXACT_SPLIT_run1	v9a33_project_exact_split	204	PPQ_Operation_776	QuantizeLinear	activation	PPQ_Variable_845	int8	scalar	27	27	1	27
V9A33_PROJECT_EXACT_SPLIT_run1	v9a33_project_exact_split	205	PPQ_Operation_777	DequantizeLinear	activation	PPQ_Variable_848	int8	scalar	27	27	1	27
V9A33_PROJECT_EXACT_SPLIT_run1	v9a33_project_exact_split	207	PPQ_Operation_778	QuantizeLinear	activation	PPQ_Variable_851	int8	scalar	-128	-128	1	-128
V9A33_PROJECT_EXACT_SPLIT_run1	v9a33_project_exact_split	208	PPQ_Operation_779	DequantizeLinear	activation	PPQ_Variable_854	int8	scalar	-128	-128	1	-128
V9A33_PROJECT_EXACT_SPLIT_run1	v9a33_project_exact_split	210	PPQ_Operation_780	QuantizeLinear	activation	PPQ_Variable_857	int8	scalar	-117	-117	1	-117
V9A33_PROJECT_EXACT_SPLIT_run1	v9a33_project_exact_split	211	PPQ_Operation_781	DequantizeLinear	activation	PPQ_Variable_860	int8	scalar	-117	-117	1	-117
V9A33_PROJECT_EXACT_SPLIT_run1	v9a33_project_exact_split	213	PPQ_Operation_782	QuantizeLinear	activation	PPQ_Variable_863	int8	scalar	-110	-110	1	-110
V9A33_PROJECT_EXACT_SPLIT_run1	v9a33_project_exact_split	214	PPQ_Operation_783	DequantizeLinear	activation	PPQ_Variable_866	int8	scalar	-110	-110	1	-110
V9A33_PROJECT_EXACT_SPLIT_run1	v9a33_project_exact_split	216	PPQ_Operation_784	QuantizeLinear	activation	PPQ_Variable_869	int8	scalar	-108	-108	1	-108
V9A33_PROJECT_EXACT_SPLIT_run1	v9a33_project_exact_split	217	PPQ_Operation_785	DequantizeLinear	activation	PPQ_Variable_872	int8	scalar	-108	-108	1	-108
V9A33_PROJECT_EXACT_SPLIT_run1	v9a33_project_exact_split	219	PPQ_Operation_787	QuantizeLinear	activation	PPQ_Variable_878	int8	scalar	40	40	1	40
V9A33_PROJECT_EXACT_SPLIT_run1	v9a33_project_exact_split	220	PPQ_Operation_788	DequantizeLinear	activation	PPQ_Variable_881	int8	scalar	40	40	1	40
V9A33_PROJECT_EXACT_SPLIT_run1	v9a33_project_exact_split	222	PPQ_Operation_789	QuantizeLinear	activation	PPQ_Variable_884	int8	scalar	-128	-128	1	-128
V9A33_PROJECT_EXACT_SPLIT_run1	v9a33_project_exact_split	223	PPQ_Operation_790	DequantizeLinear	activation	PPQ_Variable_887	int8	scalar	-128	-128	1	-128
V9A33_PROJECT_EXACT_SPLIT_run1	v9a33_project_exact_split	225	PPQ_Operation_791	QuantizeLinear	activation	PPQ_Variable_890	int8	scalar	-112	-112	1	-112
V9A33_PROJECT_EXACT_SPLIT_run1	v9a33_project_exact_split	226	PPQ_Operation_792	DequantizeLinear	activation	PPQ_Variable_893	int8	scalar	-112	-112	1	-112
V9A33_PROJECT_EXACT_SPLIT_run1	v9a33_project_exact_split	228	PPQ_Operation_794	QuantizeLinear	activation	PPQ_Variable_899	int8	scalar	37	37	1	37
V9A33_PROJECT_EXACT_SPLIT_run1	v9a33_project_exact_split	229	PPQ_Operation_795	DequantizeLinear	activation	PPQ_Variable_902	int8	scalar	37	37	1	37
V9A33_PROJECT_EXACT_SPLIT_run1	v9a33_project_exact_split	231	PPQ_Operation_796	QuantizeLinear	activation	PPQ_Variable_905	int8	scalar	-128	-128	1	-128
V9A33_PROJECT_EXACT_SPLIT_run1	v9a33_project_exact_split	232	PPQ_Operation_797	DequantizeLinear	activation	PPQ_Variable_908	int8	scalar	-128	-128	1	-128
V9A33_PROJECT_EXACT_SPLIT_run1	v9a33_project_exact_split	234	PPQ_Operation_798	QuantizeLinear	activation	PPQ_Variable_911	int8	scalar	-114	-114	1	-114
V9A33_PROJECT_EXACT_SPLIT_run1	v9a33_project_exact_split	235	PPQ_Operation_799	DequantizeLinear	activation	PPQ_Variable_914	int8	scalar	-114	-114	1	-114
V9A33_PROJECT_EXACT_SPLIT_run1	v9a33_project_exact_split	237	PPQ_Operation_801	QuantizeLinear	activation	PPQ_Variable_920	int8	scalar	22	22	1	22
V9A33_PROJECT_EXACT_SPLIT_run1	v9a33_project_exact_split	238	PPQ_Operation_802	DequantizeLinear	activation	PPQ_Variable_923	int8	scalar	22	22	1	22
V9A33_PROJECT_EXACT_SPLIT_run1	v9a33_project_exact_split	240	PPQ_Operation_803	QuantizeLinear	activation	PPQ_Variable_926	int8	scalar	-128	-128	1	-128
V9A33_PROJECT_EXACT_SPLIT_run1	v9a33_project_exact_split	241	PPQ_Operation_804	DequantizeLinear	activation	PPQ_Variable_929	int8	scalar	-128	-128	1	-128
V9A33_PROJECT_EXACT_SPLIT_run1	v9a33_project_exact_split	243	PPQ_Operation_805	QuantizeLinear	activation	PPQ_Variable_932	int8	scalar	-115	-115	1	-115
V9A33_PROJECT_EXACT_SPLIT_run1	v9a33_project_exact_split	244	PPQ_Operation_806	DequantizeLinear	activation	PPQ_Variable_935	int8	scalar	-115	-115	1	-115
V9A33_PROJECT_EXACT_SPLIT_run1	v9a33_project_exact_split	246	PPQ_Operation_807	QuantizeLinear	activation	PPQ_Variable_938	int8	scalar	-115	-115	1	-115
V9A33_PROJECT_EXACT_SPLIT_run1	v9a33_project_exact_split	247	PPQ_Operation_809	QuantizeLinear	activation	PPQ_Variable_944	int8	scalar	-115	-115	1	-115
V9A33_PROJECT_EXACT_SPLIT_run1	v9a33_project_exact_split	248	PPQ_Operation_808	DequantizeLinear	activation	PPQ_Variable_941	int8	scalar	-115	-115	1	-115
V9A33_PROJECT_EXACT_SPLIT_run1	v9a33_project_exact_split	249	PPQ_Operation_810	DequantizeLinear	activation	PPQ_Variable_947	int8	scalar	-115	-115	1	-115
V9A33_PROJECT_EXACT_SPLIT_run1	v9a33_project_exact_split	252	PPQ_Operation_812	QuantizeLinear	activation	PPQ_Variable_953	int8	scalar	31	31	1	31
V9A33_PROJECT_EXACT_SPLIT_run1	v9a33_project_exact_split	253	PPQ_Operation_815	QuantizeLinear	activation	PPQ_Variable_962	int8	scalar	-10	-10	1	-10
V9A33_PROJECT_EXACT_SPLIT_run1	v9a33_project_exact_split	254	PPQ_Operation_813	DequantizeLinear	activation	PPQ_Variable_956	int8	scalar	31	31	1	31
V9A33_PROJECT_EXACT_SPLIT_run1	v9a33_project_exact_split	255	PPQ_Operation_816	DequantizeLinear	activation	PPQ_Variable_965	int8	scalar	-10	-10	1	-10
V9A33_PROJECT_EXACT_SPLIT_run1	v9a33_project_exact_split	258	PPQ_Operation_817	QuantizeLinear	activation	PPQ_Variable_968	int8	scalar	-128	-128	1	-128
V9A33_PROJECT_EXACT_SPLIT_run1	v9a33_project_exact_split	259	PPQ_Operation_819	QuantizeLinear	activation	PPQ_Variable_974	int8	scalar	-128	-128	1	-128
V9A33_PROJECT_EXACT_SPLIT_run1	v9a33_project_exact_split	260	PPQ_Operation_818	DequantizeLinear	activation	PPQ_Variable_971	int8	scalar	-128	-128	1	-128
V9A33_PROJECT_EXACT_SPLIT_run1	v9a33_project_exact_split	261	PPQ_Operation_820	DequantizeLinear	activation	PPQ_Variable_977	int8	scalar	-128	-128	1	-128
V9A33_PROJECT_EXACT_SPLIT_run1	v9a33_project_exact_split	264	PPQ_Operation_821	QuantizeLinear	activation	PPQ_Variable_980	int8	scalar	-108	-108	1	-108
V9A33_PROJECT_EXACT_SPLIT_run1	v9a33_project_exact_split	265	PPQ_Operation_823	QuantizeLinear	activation	PPQ_Variable_986	int8	scalar	-120	-120	1	-120
V9A33_PROJECT_EXACT_SPLIT_run1	v9a33_project_exact_split	266	PPQ_Operation_822	DequantizeLinear	activation	PPQ_Variable_983	int8	scalar	-108	-108	1	-108
V9A33_PROJECT_EXACT_SPLIT_run1	v9a33_project_exact_split	267	PPQ_Operation_824	DequantizeLinear	activation	PPQ_Variable_989	int8	scalar	-120	-120	1	-120
V9A33_PROJECT_EXACT_SPLIT_run1	v9a33_project_exact_split	269	PPQ_Operation_826	QuantizeLinear	activation	PPQ_Variable_995	int8	scalar	26	26	1	26
V9A33_PROJECT_EXACT_SPLIT_run1	v9a33_project_exact_split	270	PPQ_Operation_827	DequantizeLinear	activation	PPQ_Variable_998	int8	scalar	26	26	1	26
V9A33_PROJECT_EXACT_SPLIT_run1	v9a33_project_exact_split	272	PPQ_Operation_828	QuantizeLinear	activation	PPQ_Variable_1001	int8	scalar	-128	-128	1	-128
V9A33_PROJECT_EXACT_SPLIT_run1	v9a33_project_exact_split	273	PPQ_Operation_829	DequantizeLinear	activation	PPQ_Variable_1004	int8	scalar	-128	-128	1	-128
V9A33_PROJECT_EXACT_SPLIT_run1	v9a33_project_exact_split	275	PPQ_Operation_830	QuantizeLinear	activation	PPQ_Variable_1007	int8	scalar	-115	-115	1	-115
V9A33_PROJECT_EXACT_SPLIT_run1	v9a33_project_exact_split	276	PPQ_Operation_831	DequantizeLinear	activation	PPQ_Variable_1010	int8	scalar	-115	-115	1	-115
V9A33_PROJECT_EXACT_SPLIT_run1	v9a33_project_exact_split	278	PPQ_Operation_833	QuantizeLinear	activation	PPQ_Variable_1016	int8	scalar	30	30	1	30
V9A33_PROJECT_EXACT_SPLIT_run1	v9a33_project_exact_split	279	PPQ_Operation_834	DequantizeLinear	activation	PPQ_Variable_1019	int8	scalar	30	30	1	30
V9A33_PROJECT_EXACT_SPLIT_run1	v9a33_project_exact_split	281	PPQ_Operation_835	QuantizeLinear	activation	PPQ_Variable_1022	int8	scalar	-128	-128	1	-128
V9A33_PROJECT_EXACT_SPLIT_run1	v9a33_project_exact_split	282	PPQ_Operation_836	DequantizeLinear	activation	PPQ_Variable_1025	int8	scalar	-128	-128	1	-128
V9A33_PROJECT_EXACT_SPLIT_run1	v9a33_project_exact_split	284	PPQ_Operation_837	QuantizeLinear	activation	PPQ_Variable_1028	int8	scalar	-109	-109	1	-109
V9A33_PROJECT_EXACT_SPLIT_run1	v9a33_project_exact_split	285	PPQ_Operation_838	DequantizeLinear	activation	PPQ_Variable_1031	int8	scalar	-109	-109	1	-109
V9A33_PROJECT_EXACT_SPLIT_run1	v9a33_project_exact_split	287	PPQ_Operation_839	QuantizeLinear	activation	PPQ_Variable_1034	int8	scalar	-97	-97	1	-97
V9A33_PROJECT_EXACT_SPLIT_run1	v9a33_project_exact_split	288	PPQ_Operation_840	DequantizeLinear	activation	PPQ_Variable_1037	int8	scalar	-97	-97	1	-97
V9A33_PROJECT_EXACT_SPLIT_run1	v9a33_project_exact_split	290	PPQ_Operation_842	QuantizeLinear	activation	PPQ_Variable_1043	int8	scalar	24	24	1	24
V9A33_PROJECT_EXACT_SPLIT_run1	v9a33_project_exact_split	291	PPQ_Operation_843	DequantizeLinear	activation	PPQ_Variable_1046	int8	scalar	24	24	1	24
V9A33_PROJECT_EXACT_SPLIT_run1	v9a33_project_exact_split	293	PPQ_Operation_844	QuantizeLinear	activation	PPQ_Variable_1049	int8	scalar	-128	-128	1	-128
V9A33_PROJECT_EXACT_SPLIT_run1	v9a33_project_exact_split	294	PPQ_Operation_845	DequantizeLinear	activation	PPQ_Variable_1052	int8	scalar	-128	-128	1	-128
V9A33_PROJECT_EXACT_SPLIT_run1	v9a33_project_exact_split	296	PPQ_Operation_846	QuantizeLinear	activation	PPQ_Variable_1055	int8	scalar	-114	-114	1	-114
V9A33_PROJECT_EXACT_SPLIT_run1	v9a33_project_exact_split	297	PPQ_Operation_847	DequantizeLinear	activation	PPQ_Variable_1058	int8	scalar	-114	-114	1	-114
V9A33_PROJECT_EXACT_SPLIT_run1	v9a33_project_exact_split	299	PPQ_Operation_849	QuantizeLinear	activation	PPQ_Variable_1064	int8	scalar	9	9	1	9
V9A33_PROJECT_EXACT_SPLIT_run1	v9a33_project_exact_split	300	PPQ_Operation_850	DequantizeLinear	activation	PPQ_Variable_1067	int8	scalar	9	9	1	9
V9A33_PROJECT_EXACT_SPLIT_run1	v9a33_project_exact_split	302	PPQ_Operation_851	QuantizeLinear	activation	PPQ_Variable_1070	int8	scalar	-128	-128	1	-128
V9A33_PROJECT_EXACT_SPLIT_run1	v9a33_project_exact_split	303	PPQ_Operation_852	DequantizeLinear	activation	PPQ_Variable_1073	int8	scalar	-128	-128	1	-128
V9A33_PROJECT_EXACT_SPLIT_run1	v9a33_project_exact_split	305	PPQ_Operation_853	QuantizeLinear	activation	PPQ_Variable_1076	int8	scalar	-120	-120	1	-120
V9A33_PROJECT_EXACT_SPLIT_run1	v9a33_project_exact_split	306	PPQ_Operation_854	DequantizeLinear	activation	PPQ_Variable_1079	int8	scalar	-120	-120	1	-120
V9A33_PROJECT_EXACT_SPLIT_run1	v9a33_project_exact_split	308	PPQ_Operation_855	QuantizeLinear	activation	PPQ_Variable_1082	int8	scalar	-108	-108	1	-108
V9A33_PROJECT_EXACT_SPLIT_run1	v9a33_project_exact_split	309	PPQ_Operation_856	DequantizeLinear	activation	PPQ_Variable_1085	int8	scalar	-108	-108	1	-108
V9A33_PROJECT_EXACT_SPLIT_run1	v9a33_project_exact_split	311	PPQ_Operation_857	QuantizeLinear	activation	PPQ_Variable_1088	int8	scalar	-107	-107	1	-107
V9A33_PROJECT_EXACT_SPLIT_run1	v9a33_project_exact_split	312	PPQ_Operation_858	DequantizeLinear	activation	PPQ_Variable_1091	int8	scalar	-107	-107	1	-107
V9A33_PROJECT_EXACT_SPLIT_run1	v9a33_project_exact_split	314	PPQ_Operation_860	QuantizeLinear	activation	PPQ_Variable_1097	int8	scalar	0	0	1	0
V9A33_PROJECT_EXACT_SPLIT_run1	v9a33_project_exact_split	315	PPQ_Operation_861	DequantizeLinear	activation	PPQ_Variable_1100	int8	scalar	0	0	1	0
V9A33_PROJECT_EXACT_SPLIT_run1	v9a33_project_exact_split	317	PPQ_Operation_862	QuantizeLinear	activation	PPQ_Variable_1103	int8	scalar	-128	-128	1	-128
V9A33_PROJECT_EXACT_SPLIT_run1	v9a33_project_exact_split	318	PPQ_Operation_863	DequantizeLinear	activation	PPQ_Variable_1106	int8	scalar	-128	-128	1	-128
V9A33_PROJECT_EXACT_SPLIT_run1	v9a33_project_exact_split	320	PPQ_Operation_864	QuantizeLinear	activation	PPQ_Variable_1109	int8	scalar	-119	-119	1	-119
V9A33_PROJECT_EXACT_SPLIT_run1	v9a33_project_exact_split	321	PPQ_Operation_865	DequantizeLinear	activation	PPQ_Variable_1112	int8	scalar	-119	-119	1	-119
V9A33_PROJECT_EXACT_SPLIT_run1	v9a33_project_exact_split	323	PPQ_Operation_866	QuantizeLinear	activation	PPQ_Variable_1115	int8	scalar	-119	-119	1	-119
V9A33_PROJECT_EXACT_SPLIT_run1	v9a33_project_exact_split	324	PPQ_Operation_867	DequantizeLinear	activation	PPQ_Variable_1118	int8	scalar	-119	-119	1	-119
V9A33_PROJECT_EXACT_SPLIT_run1	v9a33_project_exact_split	326	PPQ_Operation_869	QuantizeLinear	activation	PPQ_Variable_1124	int8	scalar	36	36	1	36
V9A33_PROJECT_EXACT_SPLIT_run1	v9a33_project_exact_split	327	PPQ_Operation_870	DequantizeLinear	activation	PPQ_Variable_1127	int8	scalar	36	36	1	36
V9A33_PROJECT_EXACT_SPLIT_run1	v9a33_project_exact_split	329	PPQ_Operation_871	QuantizeLinear	activation	PPQ_Variable_1130	int8	scalar	-128	-128	1	-128
V9A33_PROJECT_EXACT_SPLIT_run1	v9a33_project_exact_split	330	PPQ_Operation_872	DequantizeLinear	activation	PPQ_Variable_1133	int8	scalar	-128	-128	1	-128
V9A33_PROJECT_EXACT_SPLIT_run1	v9a33_project_exact_split	332	PPQ_Operation_873	QuantizeLinear	activation	PPQ_Variable_1136	int8	scalar	-115	-115	1	-115
V9A33_PROJECT_EXACT_SPLIT_run1	v9a33_project_exact_split	333	PPQ_Operation_874	DequantizeLinear	activation	PPQ_Variable_1139	int8	scalar	-115	-115	1	-115
V9A33_PROJECT_EXACT_SPLIT_run1	v9a33_project_exact_split	335	PPQ_Operation_876	QuantizeLinear	activation	PPQ_Variable_1145	int8	scalar	35	35	1	35
V9A33_PROJECT_EXACT_SPLIT_run1	v9a33_project_exact_split	336	PPQ_Operation_877	DequantizeLinear	activation	PPQ_Variable_1148	int8	scalar	35	35	1	35
V9A33_PROJECT_EXACT_SPLIT_run1	v9a33_project_exact_split	338	PPQ_Operation_878	QuantizeLinear	activation	PPQ_Variable_1151	int8	scalar	-128	-128	1	-128
V9A33_PROJECT_EXACT_SPLIT_run1	v9a33_project_exact_split	339	PPQ_Operation_879	DequantizeLinear	activation	PPQ_Variable_1154	int8	scalar	-128	-128	1	-128
V9A33_PROJECT_EXACT_SPLIT_run1	v9a33_project_exact_split	341	PPQ_Operation_880	QuantizeLinear	activation	PPQ_Variable_1157	int8	scalar	-116	-116	1	-116
V9A33_PROJECT_EXACT_SPLIT_run1	v9a33_project_exact_split	342	PPQ_Operation_881	DequantizeLinear	activation	PPQ_Variable_1160	int8	scalar	-116	-116	1	-116
V9A33_PROJECT_EXACT_SPLIT_run1	v9a33_project_exact_split	344	PPQ_Operation_883	QuantizeLinear	activation	PPQ_Variable_1166	int8	scalar	23	23	1	23
V9A33_PROJECT_EXACT_SPLIT_run1	v9a33_project_exact_split	345	PPQ_Operation_884	DequantizeLinear	activation	PPQ_Variable_1169	int8	scalar	23	23	1	23
V9A33_PROJECT_EXACT_SPLIT_run1	v9a33_project_exact_split	347	PPQ_Operation_885	QuantizeLinear	activation	PPQ_Variable_1172	int8	scalar	-128	-128	1	-128
V9A33_PROJECT_EXACT_SPLIT_run1	v9a33_project_exact_split	348	PPQ_Operation_886	DequantizeLinear	activation	PPQ_Variable_1175	int8	scalar	-128	-128	1	-128
V9A33_PROJECT_EXACT_SPLIT_run1	v9a33_project_exact_split	350	PPQ_Operation_887	QuantizeLinear	activation	PPQ_Variable_1178	int8	scalar	-118	-118	1	-118
V9A33_PROJECT_EXACT_SPLIT_run1	v9a33_project_exact_split	351	PPQ_Operation_888	DequantizeLinear	activation	PPQ_Variable_1181	int8	scalar	-118	-118	1	-118
V9A33_PROJECT_EXACT_SPLIT_run1	v9a33_project_exact_split	353	PPQ_Operation_889	QuantizeLinear	activation	PPQ_Variable_1184	int8	scalar	-118	-118	1	-118
V9A33_PROJECT_EXACT_SPLIT_run1	v9a33_project_exact_split	354	PPQ_Operation_891	QuantizeLinear	activation	PPQ_Variable_1190	int8	scalar	-118	-118	1	-118
V9A33_PROJECT_EXACT_SPLIT_run1	v9a33_project_exact_split	355	PPQ_Operation_890	DequantizeLinear	activation	PPQ_Variable_1187	int8	scalar	-118	-118	1	-118
V9A33_PROJECT_EXACT_SPLIT_run1	v9a33_project_exact_split	356	PPQ_Operation_892	DequantizeLinear	activation	PPQ_Variable_1193	int8	scalar	-118	-118	1	-118
V9A33_PROJECT_EXACT_SPLIT_run1	v9a33_project_exact_split	359	PPQ_Operation_894	QuantizeLinear	activation	PPQ_Variable_1199	int8	scalar	36	36	1	36
V9A33_PROJECT_EXACT_SPLIT_run1	v9a33_project_exact_split	360	PPQ_Operation_897	QuantizeLinear	activation	PPQ_Variable_1208	int8	scalar	0	0	1	0
V9A33_PROJECT_EXACT_SPLIT_run1	v9a33_project_exact_split	361	PPQ_Operation_895	DequantizeLinear	activation	PPQ_Variable_1202	int8	scalar	36	36	1	36
V9A33_PROJECT_EXACT_SPLIT_run1	v9a33_project_exact_split	362	PPQ_Operation_898	DequantizeLinear	activation	PPQ_Variable_1211	int8	scalar	0	0	1	0
V9A33_PROJECT_EXACT_SPLIT_run1	v9a33_project_exact_split	365	PPQ_Operation_899	QuantizeLinear	activation	PPQ_Variable_1214	int8	scalar	-128	-128	1	-128
V9A33_PROJECT_EXACT_SPLIT_run1	v9a33_project_exact_split	366	PPQ_Operation_901	QuantizeLinear	activation	PPQ_Variable_1220	int8	scalar	-128	-128	1	-128
V9A33_PROJECT_EXACT_SPLIT_run1	v9a33_project_exact_split	367	PPQ_Operation_900	DequantizeLinear	activation	PPQ_Variable_1217	int8	scalar	-128	-128	1	-128
V9A33_PROJECT_EXACT_SPLIT_run1	v9a33_project_exact_split	368	PPQ_Operation_902	DequantizeLinear	activation	PPQ_Variable_1223	int8	scalar	-128	-128	1	-128
V9A33_PROJECT_EXACT_SPLIT_run1	v9a33_project_exact_split	371	PPQ_Operation_903	QuantizeLinear	activation	PPQ_Variable_1226	int8	scalar	-116	-116	1	-116
V9A33_PROJECT_EXACT_SPLIT_run1	v9a33_project_exact_split	372	PPQ_Operation_905	QuantizeLinear	activation	PPQ_Variable_1232	int8	scalar	-121	-121	1	-121
V9A33_PROJECT_EXACT_SPLIT_run1	v9a33_project_exact_split	373	PPQ_Operation_904	DequantizeLinear	activation	PPQ_Variable_1229	int8	scalar	-116	-116	1	-116
V9A33_PROJECT_EXACT_SPLIT_run1	v9a33_project_exact_split	374	PPQ_Operation_906	DequantizeLinear	activation	PPQ_Variable_1235	int8	scalar	-121	-121	1	-121
V9A33_PROJECT_EXACT_SPLIT_run1	v9a33_project_exact_split	376	PPQ_Operation_908	QuantizeLinear	activation	PPQ_Variable_1241	int8	scalar	-13	-13	1	-13
V9A33_PROJECT_EXACT_SPLIT_run1	v9a33_project_exact_split	377	PPQ_Operation_909	DequantizeLinear	activation	PPQ_Variable_1244	int8	scalar	-13	-13	1	-13
V9A33_PROJECT_EXACT_SPLIT_run1	v9a33_project_exact_split	379	PPQ_Operation_910	QuantizeLinear	activation	PPQ_Variable_1247	int8	scalar	-128	-128	1	-128
V9A33_PROJECT_EXACT_SPLIT_run1	v9a33_project_exact_split	380	PPQ_Operation_911	DequantizeLinear	activation	PPQ_Variable_1250	int8	scalar	-128	-128	1	-128
V9A33_PROJECT_EXACT_SPLIT_run1	v9a33_project_exact_split	382	PPQ_Operation_912	QuantizeLinear	activation	PPQ_Variable_1253	int8	scalar	-121	-121	1	-121
V9A33_PROJECT_EXACT_SPLIT_run1	v9a33_project_exact_split	383	PPQ_Operation_913	DequantizeLinear	activation	PPQ_Variable_1256	int8	scalar	-121	-121	1	-121
V9A33_PROJECT_EXACT_SPLIT_run1	v9a33_project_exact_split	385	PPQ_Operation_915	QuantizeLinear	activation	PPQ_Variable_1262	int8	scalar	-3	-3	1	-3
V9A33_PROJECT_EXACT_SPLIT_run1	v9a33_project_exact_split	386	PPQ_Operation_916	DequantizeLinear	activation	PPQ_Variable_1265	int8	scalar	-3	-3	1	-3
V9A33_PROJECT_EXACT_SPLIT_run1	v9a33_project_exact_split	388	PPQ_Operation_917	QuantizeLinear	activation	PPQ_Variable_1268	int8	scalar	-128	-128	1	-128
V9A33_PROJECT_EXACT_SPLIT_run1	v9a33_project_exact_split	389	PPQ_Operation_918	DequantizeLinear	activation	PPQ_Variable_1271	int8	scalar	-128	-128	1	-128
V9A33_PROJECT_EXACT_SPLIT_run1	v9a33_project_exact_split	391	PPQ_Operation_919	QuantizeLinear	activation	PPQ_Variable_1274	int8	scalar	-121	-121	1	-121
V9A33_PROJECT_EXACT_SPLIT_run1	v9a33_project_exact_split	392	PPQ_Operation_920	DequantizeLinear	activation	PPQ_Variable_1277	int8	scalar	-121	-121	1	-121
V9A33_PROJECT_EXACT_SPLIT_run1	v9a33_project_exact_split	394	PPQ_Operation_921	QuantizeLinear	activation	PPQ_Variable_1280	int8	scalar	-115	-115	1	-115
V9A33_PROJECT_EXACT_SPLIT_run1	v9a33_project_exact_split	395	PPQ_Operation_922	DequantizeLinear	activation	PPQ_Variable_1283	int8	scalar	-115	-115	1	-115
V9A33_PROJECT_EXACT_SPLIT_run1	v9a33_project_exact_split	397	PPQ_Operation_924	QuantizeLinear	activation	PPQ_Variable_1289	int8	scalar	5	5	1	5
V9A33_PROJECT_EXACT_SPLIT_run1	v9a33_project_exact_split	398	PPQ_Operation_925	DequantizeLinear	activation	PPQ_Variable_1292	int8	scalar	5	5	1	5
V9A33_PROJECT_EXACT_SPLIT_run1	v9a33_project_exact_split	400	PPQ_Operation_926	QuantizeLinear	activation	PPQ_Variable_1295	int8	scalar	-128	-128	1	-128
V9A33_PROJECT_EXACT_SPLIT_run1	v9a33_project_exact_split	401	PPQ_Operation_927	DequantizeLinear	activation	PPQ_Variable_1298	int8	scalar	-128	-128	1	-128
V9A33_PROJECT_EXACT_SPLIT_run1	v9a33_project_exact_split	403	PPQ_Operation_928	QuantizeLinear	activation	PPQ_Variable_1301	int8	scalar	-121	-121	1	-121
V9A33_PROJECT_EXACT_SPLIT_run1	v9a33_project_exact_split	404	PPQ_Operation_929	DequantizeLinear	activation	PPQ_Variable_1304	int8	scalar	-121	-121	1	-121
V9A33_PROJECT_EXACT_SPLIT_run1	v9a33_project_exact_split	406	PPQ_Operation_931	QuantizeLinear	activation	PPQ_Variable_1310	int8	scalar	-40	-40	1	-40
V9A33_PROJECT_EXACT_SPLIT_run1	v9a33_project_exact_split	407	PPQ_Operation_932	DequantizeLinear	activation	PPQ_Variable_1313	int8	scalar	-40	-40	1	-40
V9A33_PROJECT_EXACT_SPLIT_run1	v9a33_project_exact_split	409	PPQ_Operation_933	QuantizeLinear	activation	PPQ_Variable_1316	int8	scalar	-128	-128	1	-128
V9A33_PROJECT_EXACT_SPLIT_run1	v9a33_project_exact_split	410	PPQ_Operation_934	DequantizeLinear	activation	PPQ_Variable_1319	int8	scalar	-128	-128	1	-128
V9A33_PROJECT_EXACT_SPLIT_run1	v9a33_project_exact_split	412	PPQ_Operation_935	QuantizeLinear	activation	PPQ_Variable_1322	int8	scalar	-123	-123	1	-123
V9A33_PROJECT_EXACT_SPLIT_run1	v9a33_project_exact_split	413	PPQ_Operation_936	DequantizeLinear	activation	PPQ_Variable_1325	int8	scalar	-123	-123	1	-123
V9A33_PROJECT_EXACT_SPLIT_run1	v9a33_project_exact_split	415	PPQ_Operation_937	QuantizeLinear	activation	PPQ_Variable_1328	int8	scalar	-118	-118	1	-118
V9A33_PROJECT_EXACT_SPLIT_run1	v9a33_project_exact_split	416	PPQ_Operation_938	DequantizeLinear	activation	PPQ_Variable_1331	int8	scalar	-118	-118	1	-118
V9A33_PROJECT_EXACT_SPLIT_run1	v9a33_project_exact_split	418	PPQ_Operation_939	QuantizeLinear	activation	PPQ_Variable_1334	int8	scalar	-116	-116	1	-116
V9A33_PROJECT_EXACT_SPLIT_run1	v9a33_project_exact_split	419	PPQ_Operation_940	DequantizeLinear	activation	PPQ_Variable_1337	int8	scalar	-116	-116	1	-116
V9A33_PROJECT_EXACT_SPLIT_run1	v9a33_project_exact_split	421	PPQ_Operation_942	QuantizeLinear	activation	PPQ_Variable_1343	int8	scalar	22	22	1	22
V9A33_PROJECT_EXACT_SPLIT_run1	v9a33_project_exact_split	422	PPQ_Operation_943	DequantizeLinear	activation	PPQ_Variable_1346	int8	scalar	22	22	1	22
V9A33_PROJECT_EXACT_SPLIT_run1	v9a33_project_exact_split	424	PPQ_Operation_944	QuantizeLinear	activation	PPQ_Variable_1349	int8	scalar	-128	-128	1	-128
V9A33_PROJECT_EXACT_SPLIT_run1	v9a33_project_exact_split	425	PPQ_Operation_945	DequantizeLinear	activation	PPQ_Variable_1352	int8	scalar	-128	-128	1	-128
V9A33_PROJECT_EXACT_SPLIT_run1	v9a33_project_exact_split	427	PPQ_Operation_946	QuantizeLinear	activation	PPQ_Variable_1355	int8	scalar	-119	-119	1	-119
V9A33_PROJECT_EXACT_SPLIT_run1	v9a33_project_exact_split	428	PPQ_Operation_947	DequantizeLinear	activation	PPQ_Variable_1358	int8	scalar	-119	-119	1	-119
V9A33_PROJECT_EXACT_SPLIT_run1	v9a33_project_exact_split	430	PPQ_Operation_948	QuantizeLinear	activation	PPQ_Variable_1361	int8	scalar	-119	-119	1	-119
V9A33_PROJECT_EXACT_SPLIT_run1	v9a33_project_exact_split	431	PPQ_Operation_949	DequantizeLinear	activation	PPQ_Variable_1364	int8	scalar	-119	-119	1	-119
V9A33_PROJECT_EXACT_SPLIT_run1	v9a33_project_exact_split	433	PPQ_Operation_951	QuantizeLinear	activation	PPQ_Variable_1370	int8	scalar	24	24	1	24
V9A33_PROJECT_EXACT_SPLIT_run1	v9a33_project_exact_split	434	PPQ_Operation_952	DequantizeLinear	activation	PPQ_Variable_1373	int8	scalar	24	24	1	24
V9A33_PROJECT_EXACT_SPLIT_run1	v9a33_project_exact_split	436	PPQ_Operation_953	QuantizeLinear	activation	PPQ_Variable_1376	int8	scalar	-128	-128	1	-128
V9A33_PROJECT_EXACT_SPLIT_run1	v9a33_project_exact_split	437	PPQ_Operation_954	DequantizeLinear	activation	PPQ_Variable_1379	int8	scalar	-128	-128	1	-128
V9A33_PROJECT_EXACT_SPLIT_run1	v9a33_project_exact_split	439	PPQ_Operation_955	QuantizeLinear	activation	PPQ_Variable_1382	int8	scalar	-117	-117	1	-117
V9A33_PROJECT_EXACT_SPLIT_run1	v9a33_project_exact_split	440	PPQ_Operation_956	DequantizeLinear	activation	PPQ_Variable_1385	int8	scalar	-117	-117	1	-117
V9A33_PROJECT_EXACT_SPLIT_run1	v9a33_project_exact_split	442	PPQ_Operation_958	QuantizeLinear	activation	PPQ_Variable_1391	int8	scalar	-2	-2	1	-2
V9A33_PROJECT_EXACT_SPLIT_run1	v9a33_project_exact_split	443	PPQ_Operation_959	DequantizeLinear	activation	PPQ_Variable_1394	int8	scalar	-2	-2	1	-2
V9A33_PROJECT_EXACT_SPLIT_run1	v9a33_project_exact_split	445	PPQ_Operation_960	QuantizeLinear	activation	PPQ_Variable_1397	int8	scalar	-2	-2	1	-2
V9A33_PROJECT_EXACT_SPLIT_run1	v9a33_project_exact_split	446	PPQ_Operation_961	DequantizeLinear	activation	PPQ_Variable_1400	int8	scalar	-2	-2	1	-2
V9A33_PROJECT_EXACT_SPLIT_run1	v9a33_project_exact_split	448	PPQ_Operation_962	QuantizeLinear	activation	PPQ_Variable_1403	int8	scalar	-2	-2	1	-2
V9A33_PROJECT_EXACT_SPLIT_run1	v9a33_project_exact_split	449	PPQ_Operation_963	DequantizeLinear	activation	PPQ_Variable_1406	int8	scalar	-2	-2	1	-2
V9A33_PROJECT_EXACT_SPLIT_run1	v9a33_project_exact_split	452	PPQ_Operation_964	QuantizeLinear	activation	PPQ_Variable_1409	int8	scalar	-9	-9	1	-9
V9A33_PROJECT_EXACT_SPLIT_run1	v9a33_project_exact_split	453	PPQ_Operation_965	DequantizeLinear	activation	PPQ_Variable_1412	int8	scalar	-9	-9	1	-9
V9A33_PROJECT_EXACT_SPLIT_run1	v9a33_project_exact_split	455	PPQ_Operation_967	QuantizeLinear	activation	PPQ_Variable_1418	int8	scalar	10	10	1	10
V9A33_PROJECT_EXACT_SPLIT_run1	v9a33_project_exact_split	456	PPQ_Operation_968	DequantizeLinear	activation	PPQ_Variable_1421	int8	scalar	10	10	1	10
V9A33_PROJECT_EXACT_SPLIT_run1	v9a33_project_exact_split	458	PPQ_Operation_969	QuantizeLinear	activation	PPQ_Variable_1424	int8	scalar	-128	-128	1	-128
V9A33_PROJECT_EXACT_SPLIT_run1	v9a33_project_exact_split	459	PPQ_Operation_970	DequantizeLinear	activation	PPQ_Variable_1427	int8	scalar	-128	-128	1	-128
V9A33_PROJECT_EXACT_SPLIT_run1	v9a33_project_exact_split	461	PPQ_Operation_971	QuantizeLinear	activation	PPQ_Variable_1430	int8	scalar	-119	-119	1	-119
V9A33_PROJECT_EXACT_SPLIT_run1	v9a33_project_exact_split	462	PPQ_Operation_972	DequantizeLinear	activation	PPQ_Variable_1433	int8	scalar	-119	-119	1	-119
V9A33_PROJECT_EXACT_SPLIT_run1	v9a33_project_exact_split	464	PPQ_Operation_973	QuantizeLinear	activation	PPQ_Variable_1436	int8	scalar	-113	-113	1	-113
V9A33_PROJECT_EXACT_SPLIT_run1	v9a33_project_exact_split	465	PPQ_Operation_974	DequantizeLinear	activation	PPQ_Variable_1439	int8	scalar	-113	-113	1	-113
V9A33_PROJECT_EXACT_SPLIT_run1	v9a33_project_exact_split	467	PPQ_Operation_976	QuantizeLinear	activation	PPQ_Variable_1445	int8	scalar	12	12	1	12
V9A33_PROJECT_EXACT_SPLIT_run1	v9a33_project_exact_split	468	PPQ_Operation_977	DequantizeLinear	activation	PPQ_Variable_1448	int8	scalar	12	12	1	12
V9A33_PROJECT_EXACT_SPLIT_run1	v9a33_project_exact_split	470	PPQ_Operation_978	QuantizeLinear	activation	PPQ_Variable_1451	int8	scalar	-128	-128	1	-128
V9A33_PROJECT_EXACT_SPLIT_run1	v9a33_project_exact_split	471	PPQ_Operation_979	DequantizeLinear	activation	PPQ_Variable_1454	int8	scalar	-128	-128	1	-128
V9A33_PROJECT_EXACT_SPLIT_run1	v9a33_project_exact_split	473	PPQ_Operation_980	QuantizeLinear	activation	PPQ_Variable_1457	int8	scalar	-120	-120	1	-120
V9A33_PROJECT_EXACT_SPLIT_run1	v9a33_project_exact_split	474	PPQ_Operation_981	DequantizeLinear	activation	PPQ_Variable_1460	int8	scalar	-120	-120	1	-120
V9A33_PROJECT_EXACT_SPLIT_run1	v9a33_project_exact_split	476	PPQ_Operation_982	QuantizeLinear	activation	PPQ_Variable_1463	int8	scalar	-120	-120	1	-120
V9A33_PROJECT_EXACT_SPLIT_run1	v9a33_project_exact_split	477	PPQ_Operation_984	QuantizeLinear	activation	PPQ_Variable_1469	int8	scalar	-120	-120	1	-120
V9A33_PROJECT_EXACT_SPLIT_run1	v9a33_project_exact_split	478	PPQ_Operation_983	DequantizeLinear	activation	PPQ_Variable_1466	int8	scalar	-120	-120	1	-120
V9A33_PROJECT_EXACT_SPLIT_run1	v9a33_project_exact_split	479	PPQ_Operation_985	DequantizeLinear	activation	PPQ_Variable_1472	int8	scalar	-120	-120	1	-120
V9A33_PROJECT_EXACT_SPLIT_run1	v9a33_project_exact_split	481	PPQ_Operation_987	QuantizeLinear	activation	PPQ_Variable_1478	int8	scalar	9	9	1	9
V9A33_PROJECT_EXACT_SPLIT_run1	v9a33_project_exact_split	482	PPQ_Operation_988	DequantizeLinear	activation	PPQ_Variable_1481	int8	scalar	9	9	1	9
V9A33_PROJECT_EXACT_SPLIT_run1	v9a33_project_exact_split	484	PPQ_Operation_989	QuantizeLinear	activation	PPQ_Variable_1484	int8	scalar	9	9	1	9
V9A33_PROJECT_EXACT_SPLIT_run1	v9a33_project_exact_split	485	PPQ_Operation_990	DequantizeLinear	activation	PPQ_Variable_1487	int8	scalar	9	9	1	9
V9A33_PROJECT_EXACT_SPLIT_run1	v9a33_project_exact_split	487	PPQ_Operation_991	QuantizeLinear	activation	PPQ_Variable_1490	int8	scalar	9	9	1	9
V9A33_PROJECT_EXACT_SPLIT_run1	v9a33_project_exact_split	488	PPQ_Operation_993	QuantizeLinear	activation	PPQ_Variable_1496	int8	scalar	9	9	1	9
V9A33_PROJECT_EXACT_SPLIT_run1	v9a33_project_exact_split	489	PPQ_Operation_995	QuantizeLinear	activation	PPQ_Variable_1502	int8	scalar	9	9	1	9
V9A33_PROJECT_EXACT_SPLIT_run1	v9a33_project_exact_split	490	PPQ_Operation_992	DequantizeLinear	activation	PPQ_Variable_1493	int8	scalar	9	9	1	9
V9A33_PROJECT_EXACT_SPLIT_run1	v9a33_project_exact_split	491	PPQ_Operation_994	DequantizeLinear	activation	PPQ_Variable_1499	int8	scalar	9	9	1	9
V9A33_PROJECT_EXACT_SPLIT_run1	v9a33_project_exact_split	492	PPQ_Operation_996	DequantizeLinear	activation	PPQ_Variable_1505	int8	scalar	9	9	1	9
V9A33_PROJECT_EXACT_SPLIT_run1	v9a33_project_exact_split	497	PPQ_Operation_997	QuantizeLinear	activation	PPQ_Variable_1508	int8	scalar	-3	-3	1	-3
V9A33_PROJECT_EXACT_SPLIT_run1	v9a33_project_exact_split	498	PPQ_Operation_1000	QuantizeLinear	activation	PPQ_Variable_1517	int8	scalar	0	0	1	0
V9A33_PROJECT_EXACT_SPLIT_run1	v9a33_project_exact_split	499	PPQ_Operation_998	DequantizeLinear	activation	PPQ_Variable_1511	int8	scalar	-3	-3	1	-3
V9A33_PROJECT_EXACT_SPLIT_run1	v9a33_project_exact_split	500	PPQ_Operation_1001	DequantizeLinear	activation	PPQ_Variable_1520	int8	scalar	0	0	1	0
V9A33_PROJECT_EXACT_SPLIT_run1	v9a33_project_exact_split	502	PPQ_Operation_1003	QuantizeLinear	activation	PPQ_Variable_1526	int8	scalar	-3	-3	1	-3
V9A33_PROJECT_EXACT_SPLIT_run1	v9a33_project_exact_split	503	PPQ_Operation_1004	DequantizeLinear	activation	PPQ_Variable_1529	int8	scalar	-3	-3	1	-3
V9A33_PROJECT_EXACT_SPLIT_run1	v9a33_project_exact_split	506	PPQ_Operation_1005	QuantizeLinear	activation	PPQ_Variable_1532	int8	scalar	-128	-128	1	-128
V9A33_PROJECT_EXACT_SPLIT_run1	v9a33_project_exact_split	507	PPQ_Operation_1006	DequantizeLinear	activation	PPQ_Variable_1535	int8	scalar	-128	-128	1	-128
V9A33_PROJECT_EXACT_SPLIT_run1	v9a33_project_exact_split	509	PPQ_Operation_1007	QuantizeLinear	activation	PPQ_Variable_1538	int8	scalar	12	12	1	12
V9A33_PROJECT_EXACT_SPLIT_run1	v9a33_project_exact_split	510	PPQ_Operation_1008	DequantizeLinear	activation	PPQ_Variable_1541	int8	scalar	12	12	1	12
V9A33_PROJECT_EXACT_SPLIT_run1	v9a33_project_exact_split	513	PPQ_Operation_1009	QuantizeLinear	activation	PPQ_Variable_1544	int8	scalar	8	8	1	8
V9A33_PROJECT_EXACT_SPLIT_run1	v9a33_project_exact_split	514	PPQ_Operation_1010	DequantizeLinear	activation	PPQ_Variable_1547	int8	scalar	8	8	1	8
V9A33_PROJECT_EXACT_SPLIT_run1	v9a33_project_exact_split	516	PPQ_Operation_1012	QuantizeLinear	activation	PPQ_Variable_1553	int8	scalar	12	12	1	12
V9A33_PROJECT_EXACT_SPLIT_run1	v9a33_project_exact_split	517	PPQ_Operation_1013	DequantizeLinear	activation	PPQ_Variable_1556	int8	scalar	12	12	1	12
V9A33_PROJECT_EXACT_SPLIT_run1	v9a33_project_exact_split	519	PPQ_Operation_1014	QuantizeLinear	activation	PPQ_Variable_1559	int8	scalar	-38	-38	1	-38
V9A33_PROJECT_EXACT_SPLIT_run1	v9a33_project_exact_split	520	PPQ_Operation_1015	DequantizeLinear	activation	PPQ_Variable_1562	int8	scalar	-38	-38	1	-38
V9A33_PROJECT_EXACT_SPLIT_run1	v9a33_project_exact_split	522	PPQ_Operation_1017	QuantizeLinear	activation	PPQ_Variable_1568	int8	scalar	55	55	1	55
V9A33_PROJECT_EXACT_SPLIT_run1	v9a33_project_exact_split	523	PPQ_Operation_1018	DequantizeLinear	activation	PPQ_Variable_1571	int8	scalar	55	55	1	55
V9A33_PROJECT_EXACT_SPLIT_run1	v9a33_project_exact_split	525	PPQ_Operation_1019	QuantizeLinear	activation	PPQ_Variable_1574	int8	scalar	-128	-128	1	-128
V9A33_PROJECT_EXACT_SPLIT_run1	v9a33_project_exact_split	526	PPQ_Operation_1020	DequantizeLinear	activation	PPQ_Variable_1577	int8	scalar	-128	-128	1	-128
V9A33_PROJECT_EXACT_SPLIT_run1	v9a33_project_exact_split	528	PPQ_Operation_1021	QuantizeLinear	activation	PPQ_Variable_1580	int8	scalar	-106	-106	1	-106
V9A33_PROJECT_EXACT_SPLIT_run1	v9a33_project_exact_split	529	PPQ_Operation_1022	DequantizeLinear	activation	PPQ_Variable_1583	int8	scalar	-106	-106	1	-106
V9A33_PROJECT_EXACT_SPLIT_run1	v9a33_project_exact_split	531	PPQ_Operation_1024	QuantizeLinear	activation	PPQ_Variable_1589	int8	scalar	5	5	1	5
V9A33_PROJECT_EXACT_SPLIT_run1	v9a33_project_exact_split	532	PPQ_Operation_1025	DequantizeLinear	activation	PPQ_Variable_1592	int8	scalar	5	5	1	5
V9A33_PROJECT_EXACT_SPLIT_run1	v9a33_project_exact_split	534	PPQ_Operation_1026	QuantizeLinear	activation	PPQ_Variable_1595	int8	scalar	-12	-12	1	-12
V9A33_PROJECT_EXACT_SPLIT_run1	v9a33_project_exact_split	535	PPQ_Operation_1027	DequantizeLinear	activation	PPQ_Variable_1598	int8	scalar	-12	-12	1	-12
V9A33_PROJECT_EXACT_SPLIT_run1	v9a33_project_exact_split	537	PPQ_Operation_1028	QuantizeLinear	activation	PPQ_Variable_1601	int8	scalar	-31	-31	1	-31
V9A33_PROJECT_EXACT_SPLIT_run1	v9a33_project_exact_split	538	PPQ_Operation_1029	DequantizeLinear	activation	PPQ_Variable_1604	int8	scalar	-31	-31	1	-31
V9A33_PROJECT_EXACT_SPLIT_run1	v9a33_project_exact_split	540	PPQ_Operation_1031	QuantizeLinear	activation	PPQ_Variable_1610	int8	scalar	37	37	1	37
V9A33_PROJECT_EXACT_SPLIT_run1	v9a33_project_exact_split	541	PPQ_Operation_1032	DequantizeLinear	activation	PPQ_Variable_1613	int8	scalar	37	37	1	37
V9A33_PROJECT_EXACT_SPLIT_run1	v9a33_project_exact_split	543	PPQ_Operation_1033	QuantizeLinear	activation	PPQ_Variable_1616	int8	scalar	-128	-128	1	-128
V9A33_PROJECT_EXACT_SPLIT_run1	v9a33_project_exact_split	544	PPQ_Operation_1034	DequantizeLinear	activation	PPQ_Variable_1619	int8	scalar	-128	-128	1	-128
V9A33_PROJECT_EXACT_SPLIT_run1	v9a33_project_exact_split	546	PPQ_Operation_1035	QuantizeLinear	activation	PPQ_Variable_1622	int8	scalar	-117	-117	1	-117
V9A33_PROJECT_EXACT_SPLIT_run1	v9a33_project_exact_split	547	PPQ_Operation_1036	DequantizeLinear	activation	PPQ_Variable_1625	int8	scalar	-117	-117	1	-117
V9A33_PROJECT_EXACT_SPLIT_run1	v9a33_project_exact_split	549	PPQ_Operation_1037	QuantizeLinear	activation	PPQ_Variable_1628	int8	scalar	-117	-117	1	-117
V9A33_PROJECT_EXACT_SPLIT_run1	v9a33_project_exact_split	550	PPQ_Operation_1038	DequantizeLinear	activation	PPQ_Variable_1631	int8	scalar	-117	-117	1	-117
V9A33_PROJECT_EXACT_SPLIT_run1	v9a33_project_exact_split	552	PPQ_Operation_1039	QuantizeLinear	activation	PPQ_Variable_1634	int8	scalar	-116	-116	1	-116
V9A33_PROJECT_EXACT_SPLIT_run1	v9a33_project_exact_split	553	PPQ_Operation_1040	DequantizeLinear	activation	PPQ_Variable_1637	int8	scalar	-116	-116	1	-116
V9A33_PROJECT_EXACT_SPLIT_run1	v9a33_project_exact_split	555	PPQ_Operation_1042	QuantizeLinear	activation	PPQ_Variable_1643	int8	scalar	38	38	1	38
V9A33_PROJECT_EXACT_SPLIT_run1	v9a33_project_exact_split	556	PPQ_Operation_1043	DequantizeLinear	activation	PPQ_Variable_1646	int8	scalar	38	38	1	38
V9A33_PROJECT_EXACT_SPLIT_run1	v9a33_project_exact_split	558	PPQ_Operation_1044	QuantizeLinear	activation	PPQ_Variable_1649	int8	scalar	-128	-128	1	-128
V9A33_PROJECT_EXACT_SPLIT_run1	v9a33_project_exact_split	559	PPQ_Operation_1045	DequantizeLinear	activation	PPQ_Variable_1652	int8	scalar	-128	-128	1	-128
V9A33_PROJECT_EXACT_SPLIT_run1	v9a33_project_exact_split	561	PPQ_Operation_1046	QuantizeLinear	activation	PPQ_Variable_1655	int8	scalar	-115	-115	1	-115
V9A33_PROJECT_EXACT_SPLIT_run1	v9a33_project_exact_split	562	PPQ_Operation_1047	DequantizeLinear	activation	PPQ_Variable_1658	int8	scalar	-115	-115	1	-115
V9A33_PROJECT_EXACT_SPLIT_run1	v9a33_project_exact_split	564	PPQ_Operation_1048	QuantizeLinear	activation	PPQ_Variable_1661	int8	scalar	-115	-115	1	-115
V9A33_PROJECT_EXACT_SPLIT_run1	v9a33_project_exact_split	565	PPQ_Operation_1050	QuantizeLinear	activation	PPQ_Variable_1667	int8	scalar	-115	-115	1	-115
V9A33_PROJECT_EXACT_SPLIT_run1	v9a33_project_exact_split	566	PPQ_Operation_1049	DequantizeLinear	activation	PPQ_Variable_1664	int8	scalar	-115	-115	1	-115
V9A33_PROJECT_EXACT_SPLIT_run1	v9a33_project_exact_split	567	PPQ_Operation_1051	DequantizeLinear	activation	PPQ_Variable_1670	int8	scalar	-115	-115	1	-115
V9A33_PROJECT_EXACT_SPLIT_run1	v9a33_project_exact_split	570	PPQ_Operation_1053	QuantizeLinear	activation	PPQ_Variable_1676	int8	scalar	43	43	1	43
V9A33_PROJECT_EXACT_SPLIT_run1	v9a33_project_exact_split	571	PPQ_Operation_1056	QuantizeLinear	activation	PPQ_Variable_1685	int8	scalar	5	5	1	5
V9A33_PROJECT_EXACT_SPLIT_run1	v9a33_project_exact_split	572	PPQ_Operation_1054	DequantizeLinear	activation	PPQ_Variable_1679	int8	scalar	43	43	1	43
V9A33_PROJECT_EXACT_SPLIT_run1	v9a33_project_exact_split	573	PPQ_Operation_1057	DequantizeLinear	activation	PPQ_Variable_1688	int8	scalar	5	5	1	5
V9A33_PROJECT_EXACT_SPLIT_run1	v9a33_project_exact_split	576	PPQ_Operation_1058	QuantizeLinear	activation	PPQ_Variable_1691	int8	scalar	-128	-128	1	-128
V9A33_PROJECT_EXACT_SPLIT_run1	v9a33_project_exact_split	577	PPQ_Operation_1060	QuantizeLinear	activation	PPQ_Variable_1697	int8	scalar	-128	-128	1	-128
V9A33_PROJECT_EXACT_SPLIT_run1	v9a33_project_exact_split	578	PPQ_Operation_1059	DequantizeLinear	activation	PPQ_Variable_1694	int8	scalar	-128	-128	1	-128
V9A33_PROJECT_EXACT_SPLIT_run1	v9a33_project_exact_split	579	PPQ_Operation_1061	DequantizeLinear	activation	PPQ_Variable_1700	int8	scalar	-128	-128	1	-128
V9A33_PROJECT_EXACT_SPLIT_run1	v9a33_project_exact_split	582	PPQ_Operation_1062	QuantizeLinear	activation	PPQ_Variable_1703	int8	scalar	-105	-105	1	-105
V9A33_PROJECT_EXACT_SPLIT_run1	v9a33_project_exact_split	583	PPQ_Operation_1064	QuantizeLinear	activation	PPQ_Variable_1709	int8	scalar	-119	-119	1	-119
V9A33_PROJECT_EXACT_SPLIT_run1	v9a33_project_exact_split	584	PPQ_Operation_1063	DequantizeLinear	activation	PPQ_Variable_1706	int8	scalar	-105	-105	1	-105
V9A33_PROJECT_EXACT_SPLIT_run1	v9a33_project_exact_split	585	PPQ_Operation_1065	DequantizeLinear	activation	PPQ_Variable_1712	int8	scalar	-119	-119	1	-119
V9A33_PROJECT_EXACT_SPLIT_run1	v9a33_project_exact_split	587	PPQ_Operation_1067	QuantizeLinear	activation	PPQ_Variable_1718	int8	scalar	-5	-5	1	-5
V9A33_PROJECT_EXACT_SPLIT_run1	v9a33_project_exact_split	588	PPQ_Operation_1068	DequantizeLinear	activation	PPQ_Variable_1721	int8	scalar	-5	-5	1	-5
V9A33_PROJECT_EXACT_SPLIT_run1	v9a33_project_exact_split	590	PPQ_Operation_1069	QuantizeLinear	activation	PPQ_Variable_1724	int8	scalar	-128	-128	1	-128
V9A33_PROJECT_EXACT_SPLIT_run1	v9a33_project_exact_split	591	PPQ_Operation_1070	DequantizeLinear	activation	PPQ_Variable_1727	int8	scalar	-128	-128	1	-128
V9A33_PROJECT_EXACT_SPLIT_run1	v9a33_project_exact_split	593	PPQ_Operation_1071	QuantizeLinear	activation	PPQ_Variable_1730	int8	scalar	-117	-117	1	-117
V9A33_PROJECT_EXACT_SPLIT_run1	v9a33_project_exact_split	594	PPQ_Operation_1072	DequantizeLinear	activation	PPQ_Variable_1733	int8	scalar	-117	-117	1	-117
V9A33_PROJECT_EXACT_SPLIT_run1	v9a33_project_exact_split	596	PPQ_Operation_1074	QuantizeLinear	activation	PPQ_Variable_1739	int8	scalar	1	1	1	1
V9A33_PROJECT_EXACT_SPLIT_run1	v9a33_project_exact_split	597	PPQ_Operation_1075	DequantizeLinear	activation	PPQ_Variable_1742	int8	scalar	1	1	1	1
V9A33_PROJECT_EXACT_SPLIT_run1	v9a33_project_exact_split	599	PPQ_Operation_1076	QuantizeLinear	activation	PPQ_Variable_1745	int8	scalar	-128	-128	1	-128
V9A33_PROJECT_EXACT_SPLIT_run1	v9a33_project_exact_split	600	PPQ_Operation_1077	DequantizeLinear	activation	PPQ_Variable_1748	int8	scalar	-128	-128	1	-128
V9A33_PROJECT_EXACT_SPLIT_run1	v9a33_project_exact_split	602	PPQ_Operation_1078	QuantizeLinear	activation	PPQ_Variable_1751	int8	scalar	-119	-119	1	-119
V9A33_PROJECT_EXACT_SPLIT_run1	v9a33_project_exact_split	603	PPQ_Operation_1079	DequantizeLinear	activation	PPQ_Variable_1754	int8	scalar	-119	-119	1	-119
V9A33_PROJECT_EXACT_SPLIT_run1	v9a33_project_exact_split	605	PPQ_Operation_1080	QuantizeLinear	activation	PPQ_Variable_1757	int8	scalar	-111	-111	1	-111
V9A33_PROJECT_EXACT_SPLIT_run1	v9a33_project_exact_split	606	PPQ_Operation_1081	DequantizeLinear	activation	PPQ_Variable_1760	int8	scalar	-111	-111	1	-111
V9A33_PROJECT_EXACT_SPLIT_run1	v9a33_project_exact_split	608	PPQ_Operation_1083	QuantizeLinear	activation	PPQ_Variable_1766	int8	scalar	34	34	1	34
V9A33_PROJECT_EXACT_SPLIT_run1	v9a33_project_exact_split	609	PPQ_Operation_1084	DequantizeLinear	activation	PPQ_Variable_1769	int8	scalar	34	34	1	34
V9A33_PROJECT_EXACT_SPLIT_run1	v9a33_project_exact_split	611	PPQ_Operation_1085	QuantizeLinear	activation	PPQ_Variable_1772	int8	scalar	-128	-128	1	-128
V9A33_PROJECT_EXACT_SPLIT_run1	v9a33_project_exact_split	612	PPQ_Operation_1086	DequantizeLinear	activation	PPQ_Variable_1775	int8	scalar	-128	-128	1	-128
V9A33_PROJECT_EXACT_SPLIT_run1	v9a33_project_exact_split	614	PPQ_Operation_1087	QuantizeLinear	activation	PPQ_Variable_1778	int8	scalar	-114	-114	1	-114
V9A33_PROJECT_EXACT_SPLIT_run1	v9a33_project_exact_split	615	PPQ_Operation_1088	DequantizeLinear	activation	PPQ_Variable_1781	int8	scalar	-114	-114	1	-114
V9A33_PROJECT_EXACT_SPLIT_run1	v9a33_project_exact_split	617	PPQ_Operation_1090	QuantizeLinear	activation	PPQ_Variable_1787	int8	scalar	-7	-7	1	-7
V9A33_PROJECT_EXACT_SPLIT_run1	v9a33_project_exact_split	618	PPQ_Operation_1091	DequantizeLinear	activation	PPQ_Variable_1790	int8	scalar	-7	-7	1	-7
V9A33_PROJECT_EXACT_SPLIT_run1	v9a33_project_exact_split	620	PPQ_Operation_1092	QuantizeLinear	activation	PPQ_Variable_1793	int8	scalar	-128	-128	1	-128
V9A33_PROJECT_EXACT_SPLIT_run1	v9a33_project_exact_split	621	PPQ_Operation_1093	DequantizeLinear	activation	PPQ_Variable_1796	int8	scalar	-128	-128	1	-128
V9A33_PROJECT_EXACT_SPLIT_run1	v9a33_project_exact_split	623	PPQ_Operation_1094	QuantizeLinear	activation	PPQ_Variable_1799	int8	scalar	-121	-121	1	-121
V9A33_PROJECT_EXACT_SPLIT_run1	v9a33_project_exact_split	624	PPQ_Operation_1095	DequantizeLinear	activation	PPQ_Variable_1802	int8	scalar	-121	-121	1	-121
V9A33_PROJECT_EXACT_SPLIT_run1	v9a33_project_exact_split	626	PPQ_Operation_1096	QuantizeLinear	activation	PPQ_Variable_1805	int8	scalar	-112	-112	1	-112
V9A33_PROJECT_EXACT_SPLIT_run1	v9a33_project_exact_split	627	PPQ_Operation_1097	DequantizeLinear	activation	PPQ_Variable_1808	int8	scalar	-112	-112	1	-112
V9A33_PROJECT_EXACT_SPLIT_run1	v9a33_project_exact_split	629	PPQ_Operation_1098	QuantizeLinear	activation	PPQ_Variable_1811	int8	scalar	-112	-112	1	-112
V9A33_PROJECT_EXACT_SPLIT_run1	v9a33_project_exact_split	630	PPQ_Operation_1099	DequantizeLinear	activation	PPQ_Variable_1814	int8	scalar	-112	-112	1	-112
V9A33_PROJECT_EXACT_SPLIT_run1	v9a33_project_exact_split	632	PPQ_Operation_1101	QuantizeLinear	activation	PPQ_Variable_1820	int8	scalar	-2	-2	1	-2
V9A33_PROJECT_EXACT_SPLIT_run1	v9a33_project_exact_split	633	PPQ_Operation_1102	DequantizeLinear	activation	PPQ_Variable_1823	int8	scalar	-2	-2	1	-2
V9A33_PROJECT_EXACT_SPLIT_run1	v9a33_project_exact_split	635	PPQ_Operation_1103	QuantizeLinear	activation	PPQ_Variable_1826	int8	scalar	-128	-128	1	-128
V9A33_PROJECT_EXACT_SPLIT_run1	v9a33_project_exact_split	636	PPQ_Operation_1104	DequantizeLinear	activation	PPQ_Variable_1829	int8	scalar	-128	-128	1	-128
V9A33_PROJECT_EXACT_SPLIT_run1	v9a33_project_exact_split	638	PPQ_Operation_1105	QuantizeLinear	activation	PPQ_Variable_1832	int8	scalar	-120	-120	1	-120
V9A33_PROJECT_EXACT_SPLIT_run1	v9a33_project_exact_split	639	PPQ_Operation_1106	DequantizeLinear	activation	PPQ_Variable_1835	int8	scalar	-120	-120	1	-120
V9A33_PROJECT_EXACT_SPLIT_run1	v9a33_project_exact_split	641	PPQ_Operation_1107	QuantizeLinear	activation	PPQ_Variable_1838	int8	scalar	-118	-118	1	-118
V9A33_PROJECT_EXACT_SPLIT_run1	v9a33_project_exact_split	642	PPQ_Operation_1108	DequantizeLinear	activation	PPQ_Variable_1841	int8	scalar	-118	-118	1	-118
V9A33_PROJECT_EXACT_SPLIT_run1	v9a33_project_exact_split	644	PPQ_Operation_1110	QuantizeLinear	activation	PPQ_Variable_1847	int8	scalar	41	41	1	41
V9A33_PROJECT_EXACT_SPLIT_run1	v9a33_project_exact_split	645	PPQ_Operation_1111	DequantizeLinear	activation	PPQ_Variable_1850	int8	scalar	41	41	1	41
V9A33_PROJECT_EXACT_SPLIT_run1	v9a33_project_exact_split	647	PPQ_Operation_1112	QuantizeLinear	activation	PPQ_Variable_1853	int8	scalar	-128	-128	1	-128
V9A33_PROJECT_EXACT_SPLIT_run1	v9a33_project_exact_split	648	PPQ_Operation_1113	DequantizeLinear	activation	PPQ_Variable_1856	int8	scalar	-128	-128	1	-128
V9A33_PROJECT_EXACT_SPLIT_run1	v9a33_project_exact_split	650	PPQ_Operation_1114	QuantizeLinear	activation	PPQ_Variable_1859	int8	scalar	-112	-112	1	-112
V9A33_PROJECT_EXACT_SPLIT_run1	v9a33_project_exact_split	651	PPQ_Operation_1115	DequantizeLinear	activation	PPQ_Variable_1862	int8	scalar	-112	-112	1	-112
V9A33_PROJECT_EXACT_SPLIT_run1	v9a33_project_exact_split	653	PPQ_Operation_1116	QuantizeLinear	activation	PPQ_Variable_1865	int8	scalar	-112	-112	1	-112
V9A33_PROJECT_EXACT_SPLIT_run1	v9a33_project_exact_split	654	PPQ_Operation_1117	DequantizeLinear	activation	PPQ_Variable_1868	int8	scalar	-112	-112	1	-112
V9A33_PROJECT_EXACT_SPLIT_run1	v9a33_project_exact_split	656	PPQ_Operation_1118	QuantizeLinear	activation	PPQ_Variable_1871	int8	scalar	-112	-112	1	-112
V9A33_PROJECT_EXACT_SPLIT_run1	v9a33_project_exact_split	657	PPQ_Operation_1119	DequantizeLinear	activation	PPQ_Variable_1874	int8	scalar	-112	-112	1	-112
V9A33_PROJECT_EXACT_SPLIT_run1	v9a33_project_exact_split	659	PPQ_Operation_1121	QuantizeLinear	activation	PPQ_Variable_1880	int8	scalar	6	6	1	6
V9A33_PROJECT_EXACT_SPLIT_run1	v9a33_project_exact_split	660	PPQ_Operation_1122	DequantizeLinear	activation	PPQ_Variable_1883	int8	scalar	6	6	1	6
V9A33_PROJECT_EXACT_SPLIT_run1	v9a33_project_exact_split	662	PPQ_Operation_1123	QuantizeLinear	activation	PPQ_Variable_1886	int8	scalar	-128	-128	1	-128
V9A33_PROJECT_EXACT_SPLIT_run1	v9a33_project_exact_split	663	PPQ_Operation_1124	DequantizeLinear	activation	PPQ_Variable_1889	int8	scalar	-128	-128	1	-128
V9A33_PROJECT_EXACT_SPLIT_run1	v9a33_project_exact_split	665	PPQ_Operation_1125	QuantizeLinear	activation	PPQ_Variable_1892	int8	scalar	-113	-113	1	-113
V9A33_PROJECT_EXACT_SPLIT_run1	v9a33_project_exact_split	666	PPQ_Operation_1126	DequantizeLinear	activation	PPQ_Variable_1895	int8	scalar	-113	-113	1	-113
V9A33_PROJECT_EXACT_SPLIT_run1	v9a33_project_exact_split	668	PPQ_Operation_1127	QuantizeLinear	activation	PPQ_Variable_1898	int8	scalar	-113	-113	1	-113
V9A33_PROJECT_EXACT_SPLIT_run1	v9a33_project_exact_split	669	PPQ_Operation_1129	QuantizeLinear	activation	PPQ_Variable_1904	int8	scalar	-113	-113	1	-113
V9A33_PROJECT_EXACT_SPLIT_run1	v9a33_project_exact_split	670	PPQ_Operation_1128	DequantizeLinear	activation	PPQ_Variable_1901	int8	scalar	-113	-113	1	-113
V9A33_PROJECT_EXACT_SPLIT_run1	v9a33_project_exact_split	671	PPQ_Operation_1130	DequantizeLinear	activation	PPQ_Variable_1907	int8	scalar	-113	-113	1	-113
V9A33_PROJECT_EXACT_SPLIT_run1	v9a33_project_exact_split	674	PPQ_Operation_1132	QuantizeLinear	activation	PPQ_Variable_1913	int8	scalar	25	25	1	25
V9A33_PROJECT_EXACT_SPLIT_run1	v9a33_project_exact_split	675	PPQ_Operation_1135	QuantizeLinear	activation	PPQ_Variable_1922	int8	scalar	28	28	1	28
V9A33_PROJECT_EXACT_SPLIT_run1	v9a33_project_exact_split	676	PPQ_Operation_1133	DequantizeLinear	activation	PPQ_Variable_1916	int8	scalar	25	25	1	25
V9A33_PROJECT_EXACT_SPLIT_run1	v9a33_project_exact_split	677	PPQ_Operation_1136	DequantizeLinear	activation	PPQ_Variable_1925	int8	scalar	28	28	1	28
V9A33_PROJECT_EXACT_SPLIT_run1	v9a33_project_exact_split	680	PPQ_Operation_1137	QuantizeLinear	activation	PPQ_Variable_1928	int8	scalar	-128	-128	1	-128
V9A33_PROJECT_EXACT_SPLIT_run1	v9a33_project_exact_split	681	PPQ_Operation_1139	QuantizeLinear	activation	PPQ_Variable_1934	int8	scalar	-128	-128	1	-128
V9A33_PROJECT_EXACT_SPLIT_run1	v9a33_project_exact_split	682	PPQ_Operation_1138	DequantizeLinear	activation	PPQ_Variable_1931	int8	scalar	-128	-128	1	-128
V9A33_PROJECT_EXACT_SPLIT_run1	v9a33_project_exact_split	683	PPQ_Operation_1140	DequantizeLinear	activation	PPQ_Variable_1937	int8	scalar	-128	-128	1	-128
V9A33_PROJECT_EXACT_SPLIT_run1	v9a33_project_exact_split	686	PPQ_Operation_1141	QuantizeLinear	activation	PPQ_Variable_1940	int8	scalar	-77	-77	1	-77
V9A33_PROJECT_EXACT_SPLIT_run1	v9a33_project_exact_split	687	PPQ_Operation_1143	QuantizeLinear	activation	PPQ_Variable_1946	int8	scalar	-116	-116	1	-116
V9A33_PROJECT_EXACT_SPLIT_run1	v9a33_project_exact_split	688	PPQ_Operation_1142	DequantizeLinear	activation	PPQ_Variable_1943	int8	scalar	-77	-77	1	-77
V9A33_PROJECT_EXACT_SPLIT_run1	v9a33_project_exact_split	689	PPQ_Operation_1144	DequantizeLinear	activation	PPQ_Variable_1949	int8	scalar	-116	-116	1	-116
V9A33_PROJECT_EXACT_SPLIT_run1	v9a33_project_exact_split	691	PPQ_Operation_1146	QuantizeLinear	activation	PPQ_Variable_1955	int8	scalar	12	12	1	12
V9A33_PROJECT_EXACT_SPLIT_run1	v9a33_project_exact_split	692	PPQ_Operation_1147	DequantizeLinear	activation	PPQ_Variable_1958	int8	scalar	12	12	1	12
V9A33_PROJECT_EXACT_SPLIT_run1	v9a33_project_exact_split	694	PPQ_Operation_1148	QuantizeLinear	activation	PPQ_Variable_1961	int8	scalar	-128	-128	1	-128
V9A33_PROJECT_EXACT_SPLIT_run1	v9a33_project_exact_split	695	PPQ_Operation_1149	DequantizeLinear	activation	PPQ_Variable_1964	int8	scalar	-128	-128	1	-128
V9A33_PROJECT_EXACT_SPLIT_run1	v9a33_project_exact_split	697	PPQ_Operation_1150	QuantizeLinear	activation	PPQ_Variable_1967	int8	scalar	-112	-112	1	-112
V9A33_PROJECT_EXACT_SPLIT_run1	v9a33_project_exact_split	698	PPQ_Operation_1151	DequantizeLinear	activation	PPQ_Variable_1970	int8	scalar	-112	-112	1	-112
V9A33_PROJECT_EXACT_SPLIT_run1	v9a33_project_exact_split	700	PPQ_Operation_1153	QuantizeLinear	activation	PPQ_Variable_1976	int8	scalar	13	13	1	13
V9A33_PROJECT_EXACT_SPLIT_run1	v9a33_project_exact_split	701	PPQ_Operation_1154	DequantizeLinear	activation	PPQ_Variable_1979	int8	scalar	13	13	1	13
V9A33_PROJECT_EXACT_SPLIT_run1	v9a33_project_exact_split	703	PPQ_Operation_1155	QuantizeLinear	activation	PPQ_Variable_1982	int8	scalar	-128	-128	1	-128
V9A33_PROJECT_EXACT_SPLIT_run1	v9a33_project_exact_split	704	PPQ_Operation_1156	DequantizeLinear	activation	PPQ_Variable_1985	int8	scalar	-128	-128	1	-128
V9A33_PROJECT_EXACT_SPLIT_run1	v9a33_project_exact_split	706	PPQ_Operation_1157	QuantizeLinear	activation	PPQ_Variable_1988	int8	scalar	-113	-113	1	-113
V9A33_PROJECT_EXACT_SPLIT_run1	v9a33_project_exact_split	707	PPQ_Operation_1158	DequantizeLinear	activation	PPQ_Variable_1991	int8	scalar	-113	-113	1	-113
V9A33_PROJECT_EXACT_SPLIT_run1	v9a33_project_exact_split	709	PPQ_Operation_1159	QuantizeLinear	activation	PPQ_Variable_1994	int8	scalar	-98	-98	1	-98
V9A33_PROJECT_EXACT_SPLIT_run1	v9a33_project_exact_split	710	PPQ_Operation_1160	DequantizeLinear	activation	PPQ_Variable_1997	int8	scalar	-98	-98	1	-98
V9A33_PROJECT_EXACT_SPLIT_run1	v9a33_project_exact_split	712	PPQ_Operation_1162	QuantizeLinear	activation	PPQ_Variable_2003	int8	scalar	33	33	1	33
V9A33_PROJECT_EXACT_SPLIT_run1	v9a33_project_exact_split	713	PPQ_Operation_1163	DequantizeLinear	activation	PPQ_Variable_2006	int8	scalar	33	33	1	33
V9A33_PROJECT_EXACT_SPLIT_run1	v9a33_project_exact_split	715	PPQ_Operation_1164	QuantizeLinear	activation	PPQ_Variable_2009	int8	scalar	-128	-128	1	-128
V9A33_PROJECT_EXACT_SPLIT_run1	v9a33_project_exact_split	716	PPQ_Operation_1165	DequantizeLinear	activation	PPQ_Variable_2012	int8	scalar	-128	-128	1	-128
V9A33_PROJECT_EXACT_SPLIT_run1	v9a33_project_exact_split	718	PPQ_Operation_1166	QuantizeLinear	activation	PPQ_Variable_2015	int8	scalar	-109	-109	1	-109
V9A33_PROJECT_EXACT_SPLIT_run1	v9a33_project_exact_split	719	PPQ_Operation_1167	DequantizeLinear	activation	PPQ_Variable_2018	int8	scalar	-109	-109	1	-109
V9A33_PROJECT_EXACT_SPLIT_run1	v9a33_project_exact_split	721	PPQ_Operation_1169	QuantizeLinear	activation	PPQ_Variable_2024	int8	scalar	-27	-27	1	-27
V9A33_PROJECT_EXACT_SPLIT_run1	v9a33_project_exact_split	722	PPQ_Operation_1170	DequantizeLinear	activation	PPQ_Variable_2027	int8	scalar	-27	-27	1	-27
V9A33_PROJECT_EXACT_SPLIT_run1	v9a33_project_exact_split	724	PPQ_Operation_1171	QuantizeLinear	activation	PPQ_Variable_2030	int8	scalar	-128	-128	1	-128
V9A33_PROJECT_EXACT_SPLIT_run1	v9a33_project_exact_split	725	PPQ_Operation_1172	DequantizeLinear	activation	PPQ_Variable_2033	int8	scalar	-128	-128	1	-128
V9A33_PROJECT_EXACT_SPLIT_run1	v9a33_project_exact_split	727	PPQ_Operation_1173	QuantizeLinear	activation	PPQ_Variable_2036	int8	scalar	-123	-123	1	-123
V9A33_PROJECT_EXACT_SPLIT_run1	v9a33_project_exact_split	728	PPQ_Operation_1174	DequantizeLinear	activation	PPQ_Variable_2039	int8	scalar	-123	-123	1	-123
V9A33_PROJECT_EXACT_SPLIT_run1	v9a33_project_exact_split	730	PPQ_Operation_1175	QuantizeLinear	activation	PPQ_Variable_2042	int8	scalar	-114	-114	1	-114
V9A33_PROJECT_EXACT_SPLIT_run1	v9a33_project_exact_split	731	PPQ_Operation_1176	DequantizeLinear	activation	PPQ_Variable_2045	int8	scalar	-114	-114	1	-114
V9A33_PROJECT_EXACT_SPLIT_run1	v9a33_project_exact_split	733	PPQ_Operation_1177	QuantizeLinear	activation	PPQ_Variable_2048	int8	scalar	-113	-113	1	-113
V9A33_PROJECT_EXACT_SPLIT_run1	v9a33_project_exact_split	734	PPQ_Operation_1178	DequantizeLinear	activation	PPQ_Variable_2051	int8	scalar	-113	-113	1	-113
V9A33_PROJECT_EXACT_SPLIT_run1	v9a33_project_exact_split	736	PPQ_Operation_1180	QuantizeLinear	activation	PPQ_Variable_2057	int8	scalar	2	2	1	2
V9A33_PROJECT_EXACT_SPLIT_run1	v9a33_project_exact_split	737	PPQ_Operation_1181	DequantizeLinear	activation	PPQ_Variable_2060	int8	scalar	2	2	1	2
V9A33_PROJECT_EXACT_SPLIT_run1	v9a33_project_exact_split	739	PPQ_Operation_1182	QuantizeLinear	activation	PPQ_Variable_2063	int8	scalar	-128	-128	1	-128
V9A33_PROJECT_EXACT_SPLIT_run1	v9a33_project_exact_split	740	PPQ_Operation_1183	DequantizeLinear	activation	PPQ_Variable_2066	int8	scalar	-128	-128	1	-128
V9A33_PROJECT_EXACT_SPLIT_run1	v9a33_project_exact_split	742	PPQ_Operation_1184	QuantizeLinear	activation	PPQ_Variable_2069	int8	scalar	-120	-120	1	-120
V9A33_PROJECT_EXACT_SPLIT_run1	v9a33_project_exact_split	743	PPQ_Operation_1185	DequantizeLinear	activation	PPQ_Variable_2072	int8	scalar	-120	-120	1	-120
V9A33_PROJECT_EXACT_SPLIT_run1	v9a33_project_exact_split	745	PPQ_Operation_1186	QuantizeLinear	activation	PPQ_Variable_2075	int8	scalar	-120	-120	1	-120
V9A33_PROJECT_EXACT_SPLIT_run1	v9a33_project_exact_split	746	PPQ_Operation_1187	DequantizeLinear	activation	PPQ_Variable_2078	int8	scalar	-120	-120	1	-120
V9A33_PROJECT_EXACT_SPLIT_run1	v9a33_project_exact_split	748	PPQ_Operation_1189	QuantizeLinear	activation	PPQ_Variable_2084	int8	scalar	-60	-60	1	-60
V9A33_PROJECT_EXACT_SPLIT_run1	v9a33_project_exact_split	749	PPQ_Operation_1190	DequantizeLinear	activation	PPQ_Variable_2087	int8	scalar	-60	-60	1	-60
V9A33_PROJECT_EXACT_SPLIT_run1	v9a33_project_exact_split	751	PPQ_Operation_1191	QuantizeLinear	activation	PPQ_Variable_2090	int8	scalar	-128	-128	1	-128
V9A33_PROJECT_EXACT_SPLIT_run1	v9a33_project_exact_split	752	PPQ_Operation_1192	DequantizeLinear	activation	PPQ_Variable_2093	int8	scalar	-128	-128	1	-128
V9A33_PROJECT_EXACT_SPLIT_run1	v9a33_project_exact_split	754	PPQ_Operation_1193	QuantizeLinear	activation	PPQ_Variable_2096	int8	scalar	-114	-114	1	-114
V9A33_PROJECT_EXACT_SPLIT_run1	v9a33_project_exact_split	755	PPQ_Operation_1194	DequantizeLinear	activation	PPQ_Variable_2099	int8	scalar	-114	-114	1	-114
V9A33_PROJECT_EXACT_SPLIT_run1	v9a33_project_exact_split	759	PPQ_Operation_1196	QuantizeLinear	activation	PPQ_Variable_2105	int8	scalar	28	28	1	28
V9A33_PROJECT_EXACT_SPLIT_run1	v9a33_project_exact_split	760	PPQ_Operation_1199	QuantizeLinear	activation	PPQ_Variable_2114	int8	scalar	-62	-62	1	-62
V9A33_PROJECT_EXACT_SPLIT_run1	v9a33_project_exact_split	761	PPQ_Operation_1202	QuantizeLinear	activation	PPQ_Variable_2123	int8	scalar	-57	-57	1	-57
V9A33_PROJECT_EXACT_SPLIT_run1	v9a33_project_exact_split	762	PPQ_Operation_1197	DequantizeLinear	activation	PPQ_Variable_2108	int8	scalar	28	28	1	28
V9A33_PROJECT_EXACT_SPLIT_run1	v9a33_project_exact_split	763	PPQ_Operation_1200	DequantizeLinear	activation	PPQ_Variable_2117	int8	scalar	-62	-62	1	-62
V9A33_PROJECT_EXACT_SPLIT_run1	v9a33_project_exact_split	764	PPQ_Operation_1203	DequantizeLinear	activation	PPQ_Variable_2126	int8	scalar	-57	-57	1	-57
V9A33_PROJECT_EXACT_SPLIT_run1	v9a33_project_exact_split	768	PPQ_Operation_1204	QuantizeLinear	activation	PPQ_Variable_2129	int8	scalar	-128	-128	1	-128
V9A33_PROJECT_EXACT_SPLIT_run1	v9a33_project_exact_split	769	PPQ_Operation_1206	QuantizeLinear	activation	PPQ_Variable_2135	int8	scalar	-128	-128	1	-128
V9A33_PROJECT_EXACT_SPLIT_run1	v9a33_project_exact_split	770	PPQ_Operation_1208	QuantizeLinear	activation	PPQ_Variable_2141	int8	scalar	-128	-128	1	-128
V9A33_PROJECT_EXACT_SPLIT_run1	v9a33_project_exact_split	771	PPQ_Operation_1205	DequantizeLinear	activation	PPQ_Variable_2132	int8	scalar	-128	-128	1	-128
V9A33_PROJECT_EXACT_SPLIT_run1	v9a33_project_exact_split	772	PPQ_Operation_1207	DequantizeLinear	activation	PPQ_Variable_2138	int8	scalar	-128	-128	1	-128
V9A33_PROJECT_EXACT_SPLIT_run1	v9a33_project_exact_split	773	PPQ_Operation_1209	DequantizeLinear	activation	PPQ_Variable_2144	int8	scalar	-128	-128	1	-128
V9A33_PROJECT_EXACT_SPLIT_run1	v9a33_project_exact_split	777	PPQ_Operation_1210	QuantizeLinear	activation	PPQ_Variable_2147	int8	scalar	-112	-112	1	-112
V9A33_PROJECT_EXACT_SPLIT_run1	v9a33_project_exact_split	778	PPQ_Operation_1212	QuantizeLinear	activation	PPQ_Variable_2153	int8	scalar	-123	-123	1	-123
V9A33_PROJECT_EXACT_SPLIT_run1	v9a33_project_exact_split	779	PPQ_Operation_1214	QuantizeLinear	activation	PPQ_Variable_2159	int8	scalar	-122	-122	1	-122
V9A33_PROJECT_EXACT_SPLIT_run1	v9a33_project_exact_split	780	PPQ_Operation_1211	DequantizeLinear	activation	PPQ_Variable_2150	int8	scalar	-112	-112	1	-112
V9A33_PROJECT_EXACT_SPLIT_run1	v9a33_project_exact_split	781	PPQ_Operation_1213	DequantizeLinear	activation	PPQ_Variable_2156	int8	scalar	-123	-123	1	-123
V9A33_PROJECT_EXACT_SPLIT_run1	v9a33_project_exact_split	782	PPQ_Operation_1215	DequantizeLinear	activation	PPQ_Variable_2162	int8	scalar	-122	-122	1	-122
V9A33_PROJECT_EXACT_SPLIT_run1	v9a33_project_exact_split	786	PPQ_Operation_1216	QuantizeLinear	activation	PPQ_Variable_2165	int8	scalar	-112	-112	1	-112
V9A33_PROJECT_EXACT_SPLIT_run1	v9a33_project_exact_split	787	PPQ_Operation_1219	QuantizeLinear	activation	PPQ_Variable_2174	int8	scalar	61	61	1	61
V9A33_PROJECT_EXACT_SPLIT_run1	v9a33_project_exact_split	788	PPQ_Operation_1222	QuantizeLinear	activation	PPQ_Variable_2183	int8	scalar	16	16	1	16
V9A33_PROJECT_EXACT_SPLIT_run1	v9a33_project_exact_split	789	PPQ_Operation_1217	DequantizeLinear	activation	PPQ_Variable_2168	int8	scalar	-112	-112	1	-112
V9A33_PROJECT_EXACT_SPLIT_run1	v9a33_project_exact_split	790	PPQ_Operation_1220	DequantizeLinear	activation	PPQ_Variable_2177	int8	scalar	61	61	1	61
V9A33_PROJECT_EXACT_SPLIT_run1	v9a33_project_exact_split	791	PPQ_Operation_1223	DequantizeLinear	activation	PPQ_Variable_2186	int8	scalar	16	16	1	16
V9A33_PROJECT_EXACT_SPLIT_run1	v9a33_project_exact_split	795	PPQ_Operation_1225	QuantizeLinear	activation	PPQ_Variable_2192	int8	scalar	25	25	1	25
V9A33_PROJECT_EXACT_SPLIT_run1	v9a33_project_exact_split	796	PPQ_Operation_1227	QuantizeLinear	activation	PPQ_Variable_2198	int8	scalar	-128	-128	1	-128
V9A33_PROJECT_EXACT_SPLIT_run1	v9a33_project_exact_split	797	PPQ_Operation_1229	QuantizeLinear	activation	PPQ_Variable_2204	int8	scalar	-128	-128	1	-128
V9A33_PROJECT_EXACT_SPLIT_run1	v9a33_project_exact_split	798	PPQ_Operation_1226	DequantizeLinear	activation	PPQ_Variable_2195	int8	scalar	25	25	1	25
V9A33_PROJECT_EXACT_SPLIT_run1	v9a33_project_exact_split	799	PPQ_Operation_1228	DequantizeLinear	activation	PPQ_Variable_2201	int8	scalar	-128	-128	1	-128
V9A33_PROJECT_EXACT_SPLIT_run1	v9a33_project_exact_split	800	PPQ_Operation_1230	DequantizeLinear	activation	PPQ_Variable_2207	int8	scalar	-128	-128	1	-128
V9A33_PROJECT_EXACT_SPLIT_run1	v9a33_project_exact_split	804	PPQ_Operation_1231	QuantizeLinear	activation	PPQ_Variable_2210	int8	scalar	-128	-128	1	-128
V9A33_PROJECT_EXACT_SPLIT_run1	v9a33_project_exact_split	805	PPQ_Operation_1233	QuantizeLinear	activation	PPQ_Variable_2216	int8	scalar	-111	-111	1	-111
V9A33_PROJECT_EXACT_SPLIT_run1	v9a33_project_exact_split	806	PPQ_Operation_1235	QuantizeLinear	activation	PPQ_Variable_2222	int8	scalar	-117	-117	1	-117
V9A33_PROJECT_EXACT_SPLIT_run1	v9a33_project_exact_split	807	PPQ_Operation_1232	DequantizeLinear	activation	PPQ_Variable_2213	int8	scalar	-128	-128	1	-128
V9A33_PROJECT_EXACT_SPLIT_run1	v9a33_project_exact_split	808	PPQ_Operation_1234	DequantizeLinear	activation	PPQ_Variable_2219	int8	scalar	-111	-111	1	-111
V9A33_PROJECT_EXACT_SPLIT_run1	v9a33_project_exact_split	809	PPQ_Operation_1236	DequantizeLinear	activation	PPQ_Variable_2225	int8	scalar	-117	-117	1	-117
V9A33_PROJECT_EXACT_SPLIT_run1	v9a33_project_exact_split	813	PPQ_Operation_1237	QuantizeLinear	activation	PPQ_Variable_2228	int8	scalar	-116	-116	1	-116
V9A33_PROJECT_EXACT_SPLIT_run1	v9a33_project_exact_split	814	PPQ_Operation_1240	QuantizeLinear	activation	PPQ_Variable_2237	int8	scalar	-106	-106	1	-106
V9A33_PROJECT_EXACT_SPLIT_run1	v9a33_project_exact_split	815	PPQ_Operation_1243	QuantizeLinear	activation	PPQ_Variable_2246	int8	scalar	-63	-63	1	-63
V9A33_PROJECT_EXACT_SPLIT_run1	v9a33_project_exact_split	816	PPQ_Operation_1238	DequantizeLinear	activation	PPQ_Variable_2231	int8	scalar	-116	-116	1	-116
V9A33_PROJECT_EXACT_SPLIT_run1	v9a33_project_exact_split	817	PPQ_Operation_1241	DequantizeLinear	activation	PPQ_Variable_2240	int8	scalar	-106	-106	1	-106
V9A33_PROJECT_EXACT_SPLIT_run1	v9a33_project_exact_split	818	PPQ_Operation_1244	DequantizeLinear	activation	PPQ_Variable_2249	int8	scalar	-63	-63	1	-63
V9A33_PROJECT_EXACT_SPLIT_run1	v9a33_project_exact_split	821	PPQ_Operation_1245	QuantizeLinear	activation	PPQ_Variable_2252	int8	scalar	-116	-116	1	-116
V9A33_PROJECT_EXACT_SPLIT_run1	v9a33_project_exact_split	822	PPQ_Operation_1247	QuantizeLinear	activation	PPQ_Variable_2258	int8	scalar	-116	-116	1	-116
V9A33_PROJECT_EXACT_SPLIT_run1	v9a33_project_exact_split	823	PPQ_Operation_1249	QuantizeLinear	activation	PPQ_Variable_2264	int8	scalar	-128	-128	1	-128
V9A33_PROJECT_EXACT_SPLIT_run1	v9a33_project_exact_split	824	PPQ_Operation_1246	DequantizeLinear	activation	PPQ_Variable_2255	int8	scalar	-116	-116	1	-116
V9A33_PROJECT_EXACT_SPLIT_run1	v9a33_project_exact_split	825	PPQ_Operation_1248	DequantizeLinear	activation	PPQ_Variable_2261	int8	scalar	-116	-116	1	-116
V9A33_PROJECT_EXACT_SPLIT_run1	v9a33_project_exact_split	826	PPQ_Operation_1250	DequantizeLinear	activation	PPQ_Variable_2267	int8	scalar	-128	-128	1	-128
V9A33_PROJECT_EXACT_SPLIT_run1	v9a33_project_exact_split	830	PPQ_Operation_1252	QuantizeLinear	activation	PPQ_Variable_2273	int8	scalar	50	50	1	50
V9A33_PROJECT_EXACT_SPLIT_run1	v9a33_project_exact_split	831	PPQ_Operation_1255	QuantizeLinear	activation	PPQ_Variable_2282	int8	scalar	11	11	1	11
V9A33_PROJECT_EXACT_SPLIT_run1	v9a33_project_exact_split	832	PPQ_Operation_1257	QuantizeLinear	activation	PPQ_Variable_2288	int8	scalar	-123	-123	1	-123
V9A33_PROJECT_EXACT_SPLIT_run1	v9a33_project_exact_split	833	PPQ_Operation_1253	DequantizeLinear	activation	PPQ_Variable_2276	int8	scalar	50	50	1	50
V9A33_PROJECT_EXACT_SPLIT_run1	v9a33_project_exact_split	834	PPQ_Operation_1256	DequantizeLinear	activation	PPQ_Variable_2285	int8	scalar	11	11	1	11
V9A33_PROJECT_EXACT_SPLIT_run1	v9a33_project_exact_split	835	PPQ_Operation_1258	DequantizeLinear	activation	PPQ_Variable_2291	int8	scalar	-123	-123	1	-123
V9A33_PROJECT_EXACT_SPLIT_run1	v9a33_project_exact_split	839	PPQ_Operation_1259	QuantizeLinear	activation	PPQ_Variable_2294	int8	scalar	-128	-128	1	-128
V9A33_PROJECT_EXACT_SPLIT_run1	v9a33_project_exact_split	840	PPQ_Operation_1261	QuantizeLinear	activation	PPQ_Variable_2300	int8	scalar	-128	-128	1	-128
V9A33_PROJECT_EXACT_SPLIT_run1	v9a33_project_exact_split	841	PPQ_Operation_1264	QuantizeLinear	activation	PPQ_Variable_2309	int8	scalar	-86	-86	1	-86
V9A33_PROJECT_EXACT_SPLIT_run1	v9a33_project_exact_split	842	PPQ_Operation_1260	DequantizeLinear	activation	PPQ_Variable_2297	int8	scalar	-128	-128	1	-128
V9A33_PROJECT_EXACT_SPLIT_run1	v9a33_project_exact_split	843	PPQ_Operation_1262	DequantizeLinear	activation	PPQ_Variable_2303	int8	scalar	-128	-128	1	-128
V9A33_PROJECT_EXACT_SPLIT_run1	v9a33_project_exact_split	844	PPQ_Operation_1265	DequantizeLinear	activation	PPQ_Variable_2312	int8	scalar	-86	-86	1	-86
V9A33_PROJECT_EXACT_SPLIT_run1	v9a33_project_exact_split	848	PPQ_Operation_1266	QuantizeLinear	activation	PPQ_Variable_2315	int8	scalar	-83	-83	1	-83
V9A33_PROJECT_EXACT_SPLIT_run1	v9a33_project_exact_split	849	PPQ_Operation_1268	QuantizeLinear	activation	PPQ_Variable_2321	int8	scalar	-119	-119	1	-119
V9A33_PROJECT_EXACT_SPLIT_run1	v9a33_project_exact_split	850	PPQ_Operation_1270	QuantizeLinear	activation	PPQ_Variable_2327	int8	scalar	-128	-128	1	-128
V9A33_PROJECT_EXACT_SPLIT_run1	v9a33_project_exact_split	851	PPQ_Operation_1267	DequantizeLinear	activation	PPQ_Variable_2318	int8	scalar	-83	-83	1	-83
V9A33_PROJECT_EXACT_SPLIT_run1	v9a33_project_exact_split	852	PPQ_Operation_1269	DequantizeLinear	activation	PPQ_Variable_2324	int8	scalar	-119	-119	1	-119
V9A33_PROJECT_EXACT_SPLIT_run1	v9a33_project_exact_split	853	PPQ_Operation_1271	DequantizeLinear	activation	PPQ_Variable_2330	int8	scalar	-128	-128	1	-128
V9A33_PROJECT_EXACT_SPLIT_run1	v9a33_project_exact_split	856	PPQ_Operation_1273	QuantizeLinear	activation	PPQ_Variable_2336	int8	scalar	46	46	1	46
V9A33_PROJECT_EXACT_SPLIT_run1	v9a33_project_exact_split	857	PPQ_Operation_1275	QuantizeLinear	activation	PPQ_Variable_2342	int8	scalar	-125	-125	1	-125
V9A33_PROJECT_EXACT_SPLIT_run1	v9a33_project_exact_split	858	PPQ_Operation_1274	DequantizeLinear	activation	PPQ_Variable_2339	int8	scalar	46	46	1	46
V9A33_PROJECT_EXACT_SPLIT_run1	v9a33_project_exact_split	859	PPQ_Operation_1276	DequantizeLinear	activation	PPQ_Variable_2345	int8	scalar	-125	-125	1	-125
V9A33_PROJECT_EXACT_SPLIT_run1	v9a33_project_exact_split	862	PPQ_Operation_1277	QuantizeLinear	activation	PPQ_Variable_2348	int8	scalar	-128	-128	1	-128
V9A33_PROJECT_EXACT_SPLIT_run1	v9a33_project_exact_split	863	PPQ_Operation_1280	QuantizeLinear	activation	PPQ_Variable_2357	int8	scalar	127	127	1	127
V9A33_PROJECT_EXACT_SPLIT_run1	v9a33_project_exact_split	864	PPQ_Operation_1278	DequantizeLinear	activation	PPQ_Variable_2351	int8	scalar	-128	-128	1	-128
V9A33_PROJECT_EXACT_SPLIT_run1	v9a33_project_exact_split	865	PPQ_Operation_1281	DequantizeLinear	activation	PPQ_Variable_2360	int8	scalar	127	127	1	127
V9A33_PROJECT_EXACT_SPLIT_run1	v9a33_project_exact_split	867	PPQ_Operation_1282	QuantizeLinear	activation	PPQ_Variable_2363	int8	scalar	-110	-110	1	-110
V9A33_PROJECT_EXACT_SPLIT_run1	v9a33_project_exact_split	868	PPQ_Operation_1283	DequantizeLinear	activation	PPQ_Variable_2366	int8	scalar	-110	-110	1	-110
V9A33_PROJECT_EXACT_SPLIT_run1	v9a33_project_exact_split	870	PPQ_Operation_1285	QuantizeLinear	activation	PPQ_Variable_2372	int8	scalar	30	30	1	30
V9A33_PROJECT_EXACT_SPLIT_run1	v9a33_project_exact_split	871	PPQ_Operation_1286	DequantizeLinear	activation	PPQ_Variable_2375	int8	scalar	30	30	1	30
V9A33_PROJECT_EXACT_SPLIT_run1	v9a33_project_exact_split	873	PPQ_Operation_1287	QuantizeLinear	activation	PPQ_Variable_2378	int8	scalar	-128	-128	1	-128
V9A33_PROJECT_EXACT_SPLIT_run1	v9a33_project_exact_split	874	PPQ_Operation_1288	DequantizeLinear	activation	PPQ_Variable_2381	int8	scalar	-128	-128	1	-128
V9A33_PROJECT_EXACT_SPLIT_run1	v9a33_project_exact_split	876	PPQ_Operation_1289	QuantizeLinear	activation	PPQ_Variable_2384	int8	scalar	-112	-112	1	-112
V9A33_PROJECT_EXACT_SPLIT_run1	v9a33_project_exact_split	877	PPQ_Operation_1290	DequantizeLinear	activation	PPQ_Variable_2387	int8	scalar	-112	-112	1	-112
V9A33_PROJECT_EXACT_SPLIT_run1	v9a33_project_exact_split	879	PPQ_Operation_1291	QuantizeLinear	activation	PPQ_Variable_2390	int8	scalar	-97	-97	1	-97
V9A33_PROJECT_EXACT_SPLIT_run1	v9a33_project_exact_split	880	PPQ_Operation_1292	DequantizeLinear	activation	PPQ_Variable_2393	int8	scalar	-97	-97	1	-97
V9A33_PROJECT_EXACT_SPLIT_run1	v9a33_project_exact_split	882	PPQ_Operation_1294	QuantizeLinear	activation	PPQ_Variable_2399	int8	scalar	36	36	1	36
V9A33_PROJECT_EXACT_SPLIT_run1	v9a33_project_exact_split	883	PPQ_Operation_1295	DequantizeLinear	activation	PPQ_Variable_2402	int8	scalar	36	36	1	36
V9A33_PROJECT_EXACT_SPLIT_run1	v9a33_project_exact_split	885	PPQ_Operation_1296	QuantizeLinear	activation	PPQ_Variable_2405	int8	scalar	-128	-128	1	-128
V9A33_PROJECT_EXACT_SPLIT_run1	v9a33_project_exact_split	886	PPQ_Operation_1297	DequantizeLinear	activation	PPQ_Variable_2408	int8	scalar	-128	-128	1	-128
V9A33_PROJECT_EXACT_SPLIT_run1	v9a33_project_exact_split	888	PPQ_Operation_1298	QuantizeLinear	activation	PPQ_Variable_2411	int8	scalar	-114	-114	1	-114
V9A33_PROJECT_EXACT_SPLIT_run1	v9a33_project_exact_split	889	PPQ_Operation_1299	DequantizeLinear	activation	PPQ_Variable_2414	int8	scalar	-114	-114	1	-114
V9A33_PROJECT_EXACT_SPLIT_run1	v9a33_project_exact_split	891	PPQ_Operation_1301	QuantizeLinear	activation	PPQ_Variable_2420	int8	scalar	-66	-66	1	-66
V9A33_PROJECT_EXACT_SPLIT_run1	v9a33_project_exact_split	892	PPQ_Operation_1302	DequantizeLinear	activation	PPQ_Variable_2423	int8	scalar	-66	-66	1	-66
V9A33_PROJECT_EXACT_SPLIT_run1	v9a33_project_exact_split	894	PPQ_Operation_1303	QuantizeLinear	activation	PPQ_Variable_2426	int8	scalar	-128	-128	1	-128
V9A33_PROJECT_EXACT_SPLIT_run1	v9a33_project_exact_split	895	PPQ_Operation_1304	DequantizeLinear	activation	PPQ_Variable_2429	int8	scalar	-128	-128	1	-128
V9A33_PROJECT_EXACT_SPLIT_run1	v9a33_project_exact_split	897	PPQ_Operation_1305	QuantizeLinear	activation	PPQ_Variable_2432	int8	scalar	-125	-125	1	-125
V9A33_PROJECT_EXACT_SPLIT_run1	v9a33_project_exact_split	898	PPQ_Operation_1306	DequantizeLinear	activation	PPQ_Variable_2435	int8	scalar	-125	-125	1	-125
V9A33_PROJECT_EXACT_SPLIT_run1	v9a33_project_exact_split	900	PPQ_Operation_1307	QuantizeLinear	activation	PPQ_Variable_2438	int8	scalar	-121	-121	1	-121
V9A33_PROJECT_EXACT_SPLIT_run1	v9a33_project_exact_split	901	PPQ_Operation_1308	DequantizeLinear	activation	PPQ_Variable_2441	int8	scalar	-121	-121	1	-121
V9A33_PROJECT_EXACT_SPLIT_run1	v9a33_project_exact_split	903	PPQ_Operation_1309	QuantizeLinear	activation	PPQ_Variable_2444	int8	scalar	-119	-119	1	-119
V9A33_PROJECT_EXACT_SPLIT_run1	v9a33_project_exact_split	904	PPQ_Operation_1310	DequantizeLinear	activation	PPQ_Variable_2447	int8	scalar	-119	-119	1	-119
V9A33_PROJECT_EXACT_SPLIT_run1	v9a33_project_exact_split	906	PPQ_Operation_1312	QuantizeLinear	activation	PPQ_Variable_2453	int8	scalar	-62	-62	1	-62
V9A33_PROJECT_EXACT_SPLIT_run1	v9a33_project_exact_split	907	PPQ_Operation_1313	DequantizeLinear	activation	PPQ_Variable_2456	int8	scalar	-62	-62	1	-62
V9A33_PROJECT_EXACT_SPLIT_run1	v9a33_project_exact_split	909	PPQ_Operation_1314	QuantizeLinear	activation	PPQ_Variable_2459	int8	scalar	-128	-128	1	-128
V9A33_PROJECT_EXACT_SPLIT_run1	v9a33_project_exact_split	910	PPQ_Operation_1315	DequantizeLinear	activation	PPQ_Variable_2462	int8	scalar	-128	-128	1	-128
V9A33_PROJECT_EXACT_SPLIT_run1	v9a33_project_exact_split	912	PPQ_Operation_1316	QuantizeLinear	activation	PPQ_Variable_2465	int8	scalar	-121	-121	1	-121
V9A33_PROJECT_EXACT_SPLIT_run1	v9a33_project_exact_split	913	PPQ_Operation_1317	DequantizeLinear	activation	PPQ_Variable_2468	int8	scalar	-121	-121	1	-121
V9A33_PROJECT_EXACT_SPLIT_run1	v9a33_project_exact_split	915	PPQ_Operation_1318	QuantizeLinear	activation	PPQ_Variable_2471	int8	scalar	-120	-120	1	-120
V9A33_PROJECT_EXACT_SPLIT_run1	v9a33_project_exact_split	916	PPQ_Operation_1319	DequantizeLinear	activation	PPQ_Variable_2474	int8	scalar	-120	-120	1	-120
V9A33_PROJECT_EXACT_SPLIT_run1	v9a33_project_exact_split	918	PPQ_Operation_1321	QuantizeLinear	activation	PPQ_Variable_2480	int8	scalar	49	49	1	49
V9A33_PROJECT_EXACT_SPLIT_run1	v9a33_project_exact_split	919	PPQ_Operation_1322	DequantizeLinear	activation	PPQ_Variable_2483	int8	scalar	49	49	1	49
V9A33_PROJECT_EXACT_SPLIT_run1	v9a33_project_exact_split	921	PPQ_Operation_1323	QuantizeLinear	activation	PPQ_Variable_2486	int8	scalar	-128	-128	1	-128
V9A33_PROJECT_EXACT_SPLIT_run1	v9a33_project_exact_split	922	PPQ_Operation_1324	DequantizeLinear	activation	PPQ_Variable_2489	int8	scalar	-128	-128	1	-128
V9A33_PROJECT_EXACT_SPLIT_run1	v9a33_project_exact_split	924	PPQ_Operation_1325	QuantizeLinear	activation	PPQ_Variable_2492	int8	scalar	-113	-113	1	-113
V9A33_PROJECT_EXACT_SPLIT_run1	v9a33_project_exact_split	925	PPQ_Operation_1326	DequantizeLinear	activation	PPQ_Variable_2495	int8	scalar	-113	-113	1	-113
V9A33_PROJECT_EXACT_SPLIT_run1	v9a33_project_exact_split	929	PPQ_Operation_1328	QuantizeLinear	activation	PPQ_Variable_2501	int8	scalar	44	44	1	44
V9A33_PROJECT_EXACT_SPLIT_run1	v9a33_project_exact_split	930	PPQ_Operation_1331	QuantizeLinear	activation	PPQ_Variable_2510	int8	scalar	-15	-15	1	-15
V9A33_PROJECT_EXACT_SPLIT_run1	v9a33_project_exact_split	931	PPQ_Operation_1334	QuantizeLinear	activation	PPQ_Variable_2519	int8	scalar	-48	-48	1	-48
V9A33_PROJECT_EXACT_SPLIT_run1	v9a33_project_exact_split	932	PPQ_Operation_1329	DequantizeLinear	activation	PPQ_Variable_2504	int8	scalar	44	44	1	44
V9A33_PROJECT_EXACT_SPLIT_run1	v9a33_project_exact_split	933	PPQ_Operation_1332	DequantizeLinear	activation	PPQ_Variable_2513	int8	scalar	-15	-15	1	-15
V9A33_PROJECT_EXACT_SPLIT_run1	v9a33_project_exact_split	934	PPQ_Operation_1335	DequantizeLinear	activation	PPQ_Variable_2522	int8	scalar	-48	-48	1	-48
V9A33_PROJECT_EXACT_SPLIT_run1	v9a33_project_exact_split	938	PPQ_Operation_1336	QuantizeLinear	activation	PPQ_Variable_2525	int8	scalar	-128	-128	1	-128
V9A33_PROJECT_EXACT_SPLIT_run1	v9a33_project_exact_split	939	PPQ_Operation_1338	QuantizeLinear	activation	PPQ_Variable_2531	int8	scalar	-128	-128	1	-128
V9A33_PROJECT_EXACT_SPLIT_run1	v9a33_project_exact_split	940	PPQ_Operation_1340	QuantizeLinear	activation	PPQ_Variable_2537	int8	scalar	-128	-128	1	-128
V9A33_PROJECT_EXACT_SPLIT_run1	v9a33_project_exact_split	941	PPQ_Operation_1337	DequantizeLinear	activation	PPQ_Variable_2528	int8	scalar	-128	-128	1	-128
V9A33_PROJECT_EXACT_SPLIT_run1	v9a33_project_exact_split	942	PPQ_Operation_1339	DequantizeLinear	activation	PPQ_Variable_2534	int8	scalar	-128	-128	1	-128
V9A33_PROJECT_EXACT_SPLIT_run1	v9a33_project_exact_split	943	PPQ_Operation_1341	DequantizeLinear	activation	PPQ_Variable_2540	int8	scalar	-128	-128	1	-128
V9A33_PROJECT_EXACT_SPLIT_run1	v9a33_project_exact_split	947	PPQ_Operation_1342	QuantizeLinear	activation	PPQ_Variable_2543	int8	scalar	-116	-116	1	-116
V9A33_PROJECT_EXACT_SPLIT_run1	v9a33_project_exact_split	948	PPQ_Operation_1344	QuantizeLinear	activation	PPQ_Variable_2549	int8	scalar	-122	-122	1	-122
V9A33_PROJECT_EXACT_SPLIT_run1	v9a33_project_exact_split	949	PPQ_Operation_1346	QuantizeLinear	activation	PPQ_Variable_2555	int8	scalar	-124	-124	1	-124
V9A33_PROJECT_EXACT_SPLIT_run1	v9a33_project_exact_split	950	PPQ_Operation_1343	DequantizeLinear	activation	PPQ_Variable_2546	int8	scalar	-116	-116	1	-116
V9A33_PROJECT_EXACT_SPLIT_run1	v9a33_project_exact_split	951	PPQ_Operation_1345	DequantizeLinear	activation	PPQ_Variable_2552	int8	scalar	-122	-122	1	-122
V9A33_PROJECT_EXACT_SPLIT_run1	v9a33_project_exact_split	952	PPQ_Operation_1347	DequantizeLinear	activation	PPQ_Variable_2558	int8	scalar	-124	-124	1	-124
V9A33_PROJECT_EXACT_SPLIT_run1	v9a33_project_exact_split	956	PPQ_Operation_1348	QuantizeLinear	activation	PPQ_Variable_2561	int8	scalar	-117	-117	1	-117
V9A33_PROJECT_EXACT_SPLIT_run1	v9a33_project_exact_split	957	PPQ_Operation_1351	QuantizeLinear	activation	PPQ_Variable_2570	int8	scalar	20	20	1	20
V9A33_PROJECT_EXACT_SPLIT_run1	v9a33_project_exact_split	958	PPQ_Operation_1354	QuantizeLinear	activation	PPQ_Variable_2579	int8	scalar	-35	-35	1	-35
V9A33_PROJECT_EXACT_SPLIT_run1	v9a33_project_exact_split	959	PPQ_Operation_1349	DequantizeLinear	activation	PPQ_Variable_2564	int8	scalar	-117	-117	1	-117
V9A33_PROJECT_EXACT_SPLIT_run1	v9a33_project_exact_split	960	PPQ_Operation_1352	DequantizeLinear	activation	PPQ_Variable_2573	int8	scalar	20	20	1	20
V9A33_PROJECT_EXACT_SPLIT_run1	v9a33_project_exact_split	961	PPQ_Operation_1355	DequantizeLinear	activation	PPQ_Variable_2582	int8	scalar	-35	-35	1	-35
V9A33_PROJECT_EXACT_SPLIT_run1	v9a33_project_exact_split	965	PPQ_Operation_1357	QuantizeLinear	activation	PPQ_Variable_2588	int8	scalar	10	10	1	10
V9A33_PROJECT_EXACT_SPLIT_run1	v9a33_project_exact_split	966	PPQ_Operation_1359	QuantizeLinear	activation	PPQ_Variable_2594	int8	scalar	-128	-128	1	-128
V9A33_PROJECT_EXACT_SPLIT_run1	v9a33_project_exact_split	967	PPQ_Operation_1361	QuantizeLinear	activation	PPQ_Variable_2600	int8	scalar	-128	-128	1	-128
V9A33_PROJECT_EXACT_SPLIT_run1	v9a33_project_exact_split	968	PPQ_Operation_1358	DequantizeLinear	activation	PPQ_Variable_2591	int8	scalar	10	10	1	10
V9A33_PROJECT_EXACT_SPLIT_run1	v9a33_project_exact_split	969	PPQ_Operation_1360	DequantizeLinear	activation	PPQ_Variable_2597	int8	scalar	-128	-128	1	-128
V9A33_PROJECT_EXACT_SPLIT_run1	v9a33_project_exact_split	970	PPQ_Operation_1362	DequantizeLinear	activation	PPQ_Variable_2603	int8	scalar	-128	-128	1	-128
V9A33_PROJECT_EXACT_SPLIT_run1	v9a33_project_exact_split	974	PPQ_Operation_1363	QuantizeLinear	activation	PPQ_Variable_2606	int8	scalar	-128	-128	1	-128
V9A33_PROJECT_EXACT_SPLIT_run1	v9a33_project_exact_split	975	PPQ_Operation_1365	QuantizeLinear	activation	PPQ_Variable_2612	int8	scalar	-118	-118	1	-118
V9A33_PROJECT_EXACT_SPLIT_run1	v9a33_project_exact_split	976	PPQ_Operation_1367	QuantizeLinear	activation	PPQ_Variable_2618	int8	scalar	-120	-120	1	-120
V9A33_PROJECT_EXACT_SPLIT_run1	v9a33_project_exact_split	977	PPQ_Operation_1364	DequantizeLinear	activation	PPQ_Variable_2609	int8	scalar	-128	-128	1	-128
V9A33_PROJECT_EXACT_SPLIT_run1	v9a33_project_exact_split	978	PPQ_Operation_1366	DequantizeLinear	activation	PPQ_Variable_2615	int8	scalar	-118	-118	1	-118
V9A33_PROJECT_EXACT_SPLIT_run1	v9a33_project_exact_split	979	PPQ_Operation_1368	DequantizeLinear	activation	PPQ_Variable_2621	int8	scalar	-120	-120	1	-120
V9A33_PROJECT_EXACT_SPLIT_run1	v9a33_project_exact_split	983	PPQ_Operation_1369	QuantizeLinear	activation	PPQ_Variable_2624	int8	scalar	-119	-119	1	-119
V9A33_PROJECT_EXACT_SPLIT_run1	v9a33_project_exact_split	984	PPQ_Operation_1372	QuantizeLinear	activation	PPQ_Variable_2633	int8	scalar	-125	-125	1	-125
V9A33_PROJECT_EXACT_SPLIT_run1	v9a33_project_exact_split	985	PPQ_Operation_1375	QuantizeLinear	activation	PPQ_Variable_2642	int8	scalar	-91	-91	1	-91
V9A33_PROJECT_EXACT_SPLIT_run1	v9a33_project_exact_split	986	PPQ_Operation_1370	DequantizeLinear	activation	PPQ_Variable_2627	int8	scalar	-119	-119	1	-119
V9A33_PROJECT_EXACT_SPLIT_run1	v9a33_project_exact_split	987	PPQ_Operation_1373	DequantizeLinear	activation	PPQ_Variable_2636	int8	scalar	-125	-125	1	-125
V9A33_PROJECT_EXACT_SPLIT_run1	v9a33_project_exact_split	988	PPQ_Operation_1376	DequantizeLinear	activation	PPQ_Variable_2645	int8	scalar	-91	-91	1	-91
V9A33_PROJECT_EXACT_SPLIT_run1	v9a33_project_exact_split	991	PPQ_Operation_1377	QuantizeLinear	activation	PPQ_Variable_2648	int8	scalar	-119	-119	1	-119
V9A33_PROJECT_EXACT_SPLIT_run1	v9a33_project_exact_split	992	PPQ_Operation_1379	QuantizeLinear	activation	PPQ_Variable_2654	int8	scalar	-119	-119	1	-119
V9A33_PROJECT_EXACT_SPLIT_run1	v9a33_project_exact_split	993	PPQ_Operation_1381	QuantizeLinear	activation	PPQ_Variable_2660	int8	scalar	-128	-128	1	-128
V9A33_PROJECT_EXACT_SPLIT_run1	v9a33_project_exact_split	994	PPQ_Operation_1378	DequantizeLinear	activation	PPQ_Variable_2651	int8	scalar	-119	-119	1	-119
V9A33_PROJECT_EXACT_SPLIT_run1	v9a33_project_exact_split	995	PPQ_Operation_1380	DequantizeLinear	activation	PPQ_Variable_2657	int8	scalar	-119	-119	1	-119
V9A33_PROJECT_EXACT_SPLIT_run1	v9a33_project_exact_split	996	PPQ_Operation_1382	DequantizeLinear	activation	PPQ_Variable_2663	int8	scalar	-128	-128	1	-128
V9A33_PROJECT_EXACT_SPLIT_run1	v9a33_project_exact_split	999	PPQ_Operation_1384	QuantizeLinear	activation	PPQ_Variable_2669	int8	scalar	38	38	1	38
V9A33_PROJECT_EXACT_SPLIT_run1	v9a33_project_exact_split	1000	PPQ_Operation_1386	QuantizeLinear	activation	PPQ_Variable_2675	int8	scalar	-126	-126	1	-126
V9A33_PROJECT_EXACT_SPLIT_run1	v9a33_project_exact_split	1001	PPQ_Operation_1385	DequantizeLinear	activation	PPQ_Variable_2672	int8	scalar	38	38	1	38
V9A33_PROJECT_EXACT_SPLIT_run1	v9a33_project_exact_split	1002	PPQ_Operation_1387	DequantizeLinear	activation	PPQ_Variable_2678	int8	scalar	-126	-126	1	-126
V9A33_PROJECT_EXACT_SPLIT_run1	v9a33_project_exact_split	1005	PPQ_Operation_1388	QuantizeLinear	activation	PPQ_Variable_2681	int8	scalar	-128	-128	1	-128
V9A33_PROJECT_EXACT_SPLIT_run1	v9a33_project_exact_split	1006	PPQ_Operation_1391	QuantizeLinear	activation	PPQ_Variable_2690	int8	scalar	-114	-114	1	-114
V9A33_PROJECT_EXACT_SPLIT_run1	v9a33_project_exact_split	1007	PPQ_Operation_1389	DequantizeLinear	activation	PPQ_Variable_2684	int8	scalar	-128	-128	1	-128
V9A33_PROJECT_EXACT_SPLIT_run1	v9a33_project_exact_split	1008	PPQ_Operation_1392	DequantizeLinear	activation	PPQ_Variable_2693	int8	scalar	-114	-114	1	-114
V9A33_PROJECT_EXACT_SPLIT_run1	v9a33_project_exact_split	1011	PPQ_Operation_1393	QuantizeLinear	activation	PPQ_Variable_2696	int8	scalar	-115	-115	1	-115
V9A33_PROJECT_EXACT_SPLIT_run1	v9a33_project_exact_split	1012	PPQ_Operation_1395	QuantizeLinear	activation	PPQ_Variable_2702	int8	scalar	-128	-128	1	-128
V9A33_PROJECT_EXACT_SPLIT_run1	v9a33_project_exact_split	1013	PPQ_Operation_1394	DequantizeLinear	activation	PPQ_Variable_2699	int8	scalar	-115	-115	1	-115
V9A33_PROJECT_EXACT_SPLIT_run1	v9a33_project_exact_split	1014	PPQ_Operation_1396	DequantizeLinear	activation	PPQ_Variable_2705	int8	scalar	-128	-128	1	-128
V9A33_PROJECT_EXACT_SPLIT_run1	v9a33_project_exact_split	1017	PPQ_Operation_1398	QuantizeLinear	activation	PPQ_Variable_2711	int8	scalar	11	11	1	11
V9A33_PROJECT_EXACT_SPLIT_run1	v9a33_project_exact_split	1018	PPQ_Operation_1400	QuantizeLinear	activation	PPQ_Variable_2717	int8	scalar	-128	-128	1	-128
V9A33_PROJECT_EXACT_SPLIT_run1	v9a33_project_exact_split	1019	PPQ_Operation_1399	DequantizeLinear	activation	PPQ_Variable_2714	int8	scalar	11	11	1	11
V9A33_PROJECT_EXACT_SPLIT_run1	v9a33_project_exact_split	1020	PPQ_Operation_1401	DequantizeLinear	activation	PPQ_Variable_2720	int8	scalar	-128	-128	1	-128
V9A33_PROJECT_EXACT_SPLIT_run1	v9a33_project_exact_split	1023	PPQ_Operation_1402	QuantizeLinear	activation	PPQ_Variable_2723	int8	scalar	-128	-128	1	-128
V9A33_PROJECT_EXACT_SPLIT_run1	v9a33_project_exact_split	1024	PPQ_Operation_1405	QuantizeLinear	activation	PPQ_Variable_2732	int8	scalar	127	127	1	127
V9A33_PROJECT_EXACT_SPLIT_run1	v9a33_project_exact_split	1025	PPQ_Operation_1403	DequantizeLinear	activation	PPQ_Variable_2726	int8	scalar	-128	-128	1	-128
V9A33_PROJECT_EXACT_SPLIT_run1	v9a33_project_exact_split	1026	PPQ_Operation_1406	DequantizeLinear	activation	PPQ_Variable_2735	int8	scalar	127	127	1	127
V9A33_PROJECT_EXACT_SPLIT_run1	v9a33_project_exact_split	1028	PPQ_Operation_1407	QuantizeLinear	activation	PPQ_Variable_2738	int8	scalar	-119	-119	1	-119
V9A33_PROJECT_EXACT_SPLIT_run1	v9a33_project_exact_split	1029	PPQ_Operation_1408	DequantizeLinear	activation	PPQ_Variable_2741	int8	scalar	-119	-119	1	-119
V9A33_PROJECT_EXACT_SPLIT_run1	v9a33_project_exact_split	1031	PPQ_Operation_1409	QuantizeLinear	activation	PPQ_Variable_2744	int8	scalar	-111	-111	1	-111
V9A33_PROJECT_EXACT_SPLIT_run1	v9a33_project_exact_split	1032	PPQ_Operation_1410	DequantizeLinear	activation	PPQ_Variable_2747	int8	scalar	-111	-111	1	-111
V9A33_PROJECT_EXACT_SPLIT_run1	v9a33_project_exact_split	1034	PPQ_Operation_1412	QuantizeLinear	activation	PPQ_Variable_2753	int8	scalar	11	11	1	11
V9A33_PROJECT_EXACT_SPLIT_run1	v9a33_project_exact_split	1035	PPQ_Operation_1413	DequantizeLinear	activation	PPQ_Variable_2756	int8	scalar	11	11	1	11
V9A33_PROJECT_EXACT_SPLIT_run1	v9a33_project_exact_split	1037	PPQ_Operation_1414	QuantizeLinear	activation	PPQ_Variable_2759	int8	scalar	11	11	1	11
V9A33_PROJECT_EXACT_SPLIT_run1	v9a33_project_exact_split	1038	PPQ_Operation_1415	DequantizeLinear	activation	PPQ_Variable_2762	int8	scalar	11	11	1	11
V9A33_PROJECT_EXACT_SPLIT_run1	v9a33_project_exact_split	1040	PPQ_Operation_1416	QuantizeLinear	activation	PPQ_Variable_2765	int8	scalar	11	11	1	11
V9A33_PROJECT_EXACT_SPLIT_run1	v9a33_project_exact_split	1041	PPQ_Operation_1418	QuantizeLinear	activation	PPQ_Variable_2771	int8	scalar	11	11	1	11
V9A33_PROJECT_EXACT_SPLIT_run1	v9a33_project_exact_split	1042	PPQ_Operation_1420	QuantizeLinear	activation	PPQ_Variable_2777	int8	scalar	11	11	1	11
V9A33_PROJECT_EXACT_SPLIT_run1	v9a33_project_exact_split	1043	PPQ_Operation_1417	DequantizeLinear	activation	PPQ_Variable_2768	int8	scalar	11	11	1	11
V9A33_PROJECT_EXACT_SPLIT_run1	v9a33_project_exact_split	1044	PPQ_Operation_1419	DequantizeLinear	activation	PPQ_Variable_2774	int8	scalar	11	11	1	11
V9A33_PROJECT_EXACT_SPLIT_run1	v9a33_project_exact_split	1045	PPQ_Operation_1421	DequantizeLinear	activation	PPQ_Variable_2780	int8	scalar	11	11	1	11
V9A33_PROJECT_EXACT_SPLIT_run1	v9a33_project_exact_split	1050	PPQ_Operation_1422	QuantizeLinear	activation	PPQ_Variable_2783	int8	scalar	-7	-7	1	-7
V9A33_PROJECT_EXACT_SPLIT_run1	v9a33_project_exact_split	1051	PPQ_Operation_1425	QuantizeLinear	activation	PPQ_Variable_2792	int8	scalar	-3	-3	1	-3
V9A33_PROJECT_EXACT_SPLIT_run1	v9a33_project_exact_split	1052	PPQ_Operation_1423	DequantizeLinear	activation	PPQ_Variable_2786	int8	scalar	-7	-7	1	-7
V9A33_PROJECT_EXACT_SPLIT_run1	v9a33_project_exact_split	1053	PPQ_Operation_1426	DequantizeLinear	activation	PPQ_Variable_2795	int8	scalar	-3	-3	1	-3
V9A33_PROJECT_EXACT_SPLIT_run1	v9a33_project_exact_split	1055	PPQ_Operation_1428	QuantizeLinear	activation	PPQ_Variable_2801	int8	scalar	-7	-7	1	-7
V9A33_PROJECT_EXACT_SPLIT_run1	v9a33_project_exact_split	1056	PPQ_Operation_1429	DequantizeLinear	activation	PPQ_Variable_2804	int8	scalar	-7	-7	1	-7
V9A33_PROJECT_EXACT_SPLIT_run1	v9a33_project_exact_split	1059	PPQ_Operation_1430	QuantizeLinear	activation	PPQ_Variable_2807	int8	scalar	-128	-128	1	-128
V9A33_PROJECT_EXACT_SPLIT_run1	v9a33_project_exact_split	1060	PPQ_Operation_1431	DequantizeLinear	activation	PPQ_Variable_2810	int8	scalar	-128	-128	1	-128
V9A33_PROJECT_EXACT_SPLIT_run1	v9a33_project_exact_split	1062	PPQ_Operation_1432	QuantizeLinear	activation	PPQ_Variable_2813	int8	scalar	0	0	1	0
V9A33_PROJECT_EXACT_SPLIT_run1	v9a33_project_exact_split	1063	PPQ_Operation_1433	DequantizeLinear	activation	PPQ_Variable_2816	int8	scalar	0	0	1	0
V9A33_PROJECT_EXACT_SPLIT_run1	v9a33_project_exact_split	1066	PPQ_Operation_1434	QuantizeLinear	activation	PPQ_Variable_2819	int8	scalar	0	0	1	0
V9A33_PROJECT_EXACT_SPLIT_run1	v9a33_project_exact_split	1067	PPQ_Operation_1435	DequantizeLinear	activation	PPQ_Variable_2822	int8	scalar	0	0	1	0
V9A33_PROJECT_EXACT_SPLIT_run1	v9a33_project_exact_split	1069	PPQ_Operation_1437	QuantizeLinear	activation	PPQ_Variable_2828	int8	scalar	8	8	1	8
V9A33_PROJECT_EXACT_SPLIT_run1	v9a33_project_exact_split	1070	PPQ_Operation_1438	DequantizeLinear	activation	PPQ_Variable_2831	int8	scalar	8	8	1	8
V9A33_PROJECT_EXACT_SPLIT_run1	v9a33_project_exact_split	1072	PPQ_Operation_1439	QuantizeLinear	activation	PPQ_Variable_2834	int8	scalar	-37	-37	1	-37
V9A33_PROJECT_EXACT_SPLIT_run1	v9a33_project_exact_split	1073	PPQ_Operation_1440	DequantizeLinear	activation	PPQ_Variable_2837	int8	scalar	-37	-37	1	-37
V9A33_PROJECT_EXACT_SPLIT_run1	v9a33_project_exact_split	1075	PPQ_Operation_1442	QuantizeLinear	activation	PPQ_Variable_2843	int8	scalar	-35	-35	1	-35
V9A33_PROJECT_EXACT_SPLIT_run1	v9a33_project_exact_split	1076	PPQ_Operation_1443	DequantizeLinear	activation	PPQ_Variable_2846	int8	scalar	-35	-35	1	-35
V9A33_PROJECT_EXACT_SPLIT_run1	v9a33_project_exact_split	1078	PPQ_Operation_1444	QuantizeLinear	activation	PPQ_Variable_2849	int8	scalar	-128	-128	1	-128
V9A33_PROJECT_EXACT_SPLIT_run1	v9a33_project_exact_split	1079	PPQ_Operation_1445	DequantizeLinear	activation	PPQ_Variable_2852	int8	scalar	-128	-128	1	-128
V9A33_PROJECT_EXACT_SPLIT_run1	v9a33_project_exact_split	1081	PPQ_Operation_1446	QuantizeLinear	activation	PPQ_Variable_2855	int8	scalar	-123	-123	1	-123
V9A33_PROJECT_EXACT_SPLIT_run1	v9a33_project_exact_split	1082	PPQ_Operation_1447	DequantizeLinear	activation	PPQ_Variable_2858	int8	scalar	-123	-123	1	-123
V9A33_PROJECT_EXACT_SPLIT_run1	v9a33_project_exact_split	1084	PPQ_Operation_1449	QuantizeLinear	activation	PPQ_Variable_2864	int8	scalar	-7	-7	1	-7
V9A33_PROJECT_EXACT_SPLIT_run1	v9a33_project_exact_split	1085	PPQ_Operation_1450	DequantizeLinear	activation	PPQ_Variable_2867	int8	scalar	-7	-7	1	-7
V9A33_PROJECT_EXACT_SPLIT_run1	v9a33_project_exact_split	1087	PPQ_Operation_1451	QuantizeLinear	activation	PPQ_Variable_2870	int8	scalar	-29	-29	1	-29
V9A33_PROJECT_EXACT_SPLIT_run1	v9a33_project_exact_split	1088	PPQ_Operation_1452	DequantizeLinear	activation	PPQ_Variable_2873	int8	scalar	-29	-29	1	-29
V9A33_PROJECT_EXACT_SPLIT_run1	v9a33_project_exact_split	1090	PPQ_Operation_1453	QuantizeLinear	activation	PPQ_Variable_2876	int8	scalar	-29	-29	1	-29
V9A33_PROJECT_EXACT_SPLIT_run1	v9a33_project_exact_split	1091	PPQ_Operation_1454	DequantizeLinear	activation	PPQ_Variable_2879	int8	scalar	-29	-29	1	-29
V9A33_PROJECT_EXACT_SPLIT_run1	v9a33_project_exact_split	1093	PPQ_Operation_1456	QuantizeLinear	activation	PPQ_Variable_2885	int8	scalar	-60	-60	1	-60
V9A33_PROJECT_EXACT_SPLIT_run1	v9a33_project_exact_split	1094	PPQ_Operation_1457	DequantizeLinear	activation	PPQ_Variable_2888	int8	scalar	-60	-60	1	-60
V9A33_PROJECT_EXACT_SPLIT_run1	v9a33_project_exact_split	1096	PPQ_Operation_1458	QuantizeLinear	activation	PPQ_Variable_2891	int8	scalar	-128	-128	1	-128
V9A33_PROJECT_EXACT_SPLIT_run1	v9a33_project_exact_split	1097	PPQ_Operation_1459	DequantizeLinear	activation	PPQ_Variable_2894	int8	scalar	-128	-128	1	-128
V9A33_PROJECT_EXACT_SPLIT_run1	v9a33_project_exact_split	1099	PPQ_Operation_1460	QuantizeLinear	activation	PPQ_Variable_2897	int8	scalar	-122	-122	1	-122
V9A33_PROJECT_EXACT_SPLIT_run1	v9a33_project_exact_split	1100	PPQ_Operation_1461	DequantizeLinear	activation	PPQ_Variable_2900	int8	scalar	-122	-122	1	-122
V9A33_PROJECT_EXACT_SPLIT_run1	v9a33_project_exact_split	1103	PPQ_Operation_1463	QuantizeLinear	activation	PPQ_Variable_2906	int8	scalar	3	3	1	3
V9A33_PROJECT_EXACT_SPLIT_run1	v9a33_project_exact_split	1104	PPQ_Operation_1466	QuantizeLinear	activation	PPQ_Variable_2915	int8	scalar	-52	-52	1	-52
V9A33_PROJECT_EXACT_SPLIT_run1	v9a33_project_exact_split	1105	PPQ_Operation_1464	DequantizeLinear	activation	PPQ_Variable_2909	int8	scalar	3	3	1	3
V9A33_PROJECT_EXACT_SPLIT_run1	v9a33_project_exact_split	1106	PPQ_Operation_1467	DequantizeLinear	activation	PPQ_Variable_2918	int8	scalar	-52	-52	1	-52
V9A33_PROJECT_EXACT_SPLIT_run1	v9a33_project_exact_split	1109	PPQ_Operation_1468	QuantizeLinear	activation	PPQ_Variable_2921	int8	scalar	-128	-128	1	-128
V9A33_PROJECT_EXACT_SPLIT_run1	v9a33_project_exact_split	1110	PPQ_Operation_1470	QuantizeLinear	activation	PPQ_Variable_2927	int8	scalar	-128	-128	1	-128
V9A33_PROJECT_EXACT_SPLIT_run1	v9a33_project_exact_split	1111	PPQ_Operation_1469	DequantizeLinear	activation	PPQ_Variable_2924	int8	scalar	-128	-128	1	-128
V9A33_PROJECT_EXACT_SPLIT_run1	v9a33_project_exact_split	1112	PPQ_Operation_1471	DequantizeLinear	activation	PPQ_Variable_2930	int8	scalar	-128	-128	1	-128
V9A33_PROJECT_EXACT_SPLIT_run1	v9a33_project_exact_split	1115	PPQ_Operation_1472	QuantizeLinear	activation	PPQ_Variable_2933	int8	scalar	-119	-119	1	-119
V9A33_PROJECT_EXACT_SPLIT_run1	v9a33_project_exact_split	1116	PPQ_Operation_1474	QuantizeLinear	activation	PPQ_Variable_2939	int8	scalar	-123	-123	1	-123
V9A33_PROJECT_EXACT_SPLIT_run1	v9a33_project_exact_split	1117	PPQ_Operation_1473	DequantizeLinear	activation	PPQ_Variable_2936	int8	scalar	-119	-119	1	-119
V9A33_PROJECT_EXACT_SPLIT_run1	v9a33_project_exact_split	1118	PPQ_Operation_1475	DequantizeLinear	activation	PPQ_Variable_2942	int8	scalar	-123	-123	1	-123
V9A33_PROJECT_EXACT_SPLIT_run1	v9a33_project_exact_split	1121	PPQ_Operation_1477	QuantizeLinear	activation	PPQ_Variable_2948	int8	scalar	-47	-47	1	-47
V9A33_PROJECT_EXACT_SPLIT_run1	v9a33_project_exact_split	1122	PPQ_Operation_1480	QuantizeLinear	activation	PPQ_Variable_2957	int8	scalar	-20	-20	1	-20
V9A33_PROJECT_EXACT_SPLIT_run1	v9a33_project_exact_split	1123	PPQ_Operation_1478	DequantizeLinear	activation	PPQ_Variable_2951	int8	scalar	-47	-47	1	-47
V9A33_PROJECT_EXACT_SPLIT_run1	v9a33_project_exact_split	1124	PPQ_Operation_1481	DequantizeLinear	activation	PPQ_Variable_2960	int8	scalar	-20	-20	1	-20
V9A33_PROJECT_EXACT_SPLIT_run1	v9a33_project_exact_split	1127	PPQ_Operation_1482	QuantizeLinear	activation	PPQ_Variable_2963	int8	scalar	-128	-128	1	-128
V9A33_PROJECT_EXACT_SPLIT_run1	v9a33_project_exact_split	1128	PPQ_Operation_1484	QuantizeLinear	activation	PPQ_Variable_2969	int8	scalar	-128	-128	1	-128
V9A33_PROJECT_EXACT_SPLIT_run1	v9a33_project_exact_split	1129	PPQ_Operation_1483	DequantizeLinear	activation	PPQ_Variable_2966	int8	scalar	-128	-128	1	-128
V9A33_PROJECT_EXACT_SPLIT_run1	v9a33_project_exact_split	1130	PPQ_Operation_1485	DequantizeLinear	activation	PPQ_Variable_2972	int8	scalar	-128	-128	1	-128
V9A33_PROJECT_EXACT_SPLIT_run1	v9a33_project_exact_split	1133	PPQ_Operation_1486	QuantizeLinear	activation	PPQ_Variable_2975	int8	scalar	-123	-123	1	-123
V9A33_PROJECT_EXACT_SPLIT_run1	v9a33_project_exact_split	1134	PPQ_Operation_1488	QuantizeLinear	activation	PPQ_Variable_2981	int8	scalar	-123	-123	1	-123
V9A33_PROJECT_EXACT_SPLIT_run1	v9a33_project_exact_split	1135	PPQ_Operation_1487	DequantizeLinear	activation	PPQ_Variable_2978	int8	scalar	-123	-123	1	-123
V9A33_PROJECT_EXACT_SPLIT_run1	v9a33_project_exact_split	1136	PPQ_Operation_1489	DequantizeLinear	activation	PPQ_Variable_2984	int8	scalar	-123	-123	1	-123
V9A33_PROJECT_EXACT_SPLIT_run1	v9a33_project_exact_split	1139	PPQ_Operation_1491	QuantizeLinear	activation	PPQ_Variable_2990	int8	scalar	-127	-127	1	-127
V9A33_PROJECT_EXACT_SPLIT_run1	v9a33_project_exact_split	1140	PPQ_Operation_1494	QuantizeLinear	activation	PPQ_Variable_2999	int8	scalar	-109	-109	1	-109
V9A33_PROJECT_EXACT_SPLIT_run1	v9a33_project_exact_split	1141	PPQ_Operation_1492	DequantizeLinear	activation	PPQ_Variable_2993	int8	scalar	-127	-127	1	-127
V9A33_PROJECT_EXACT_SPLIT_run1	v9a33_project_exact_split	1142	PPQ_Operation_1495	DequantizeLinear	activation	PPQ_Variable_3002	int8	scalar	-109	-109	1	-109
V9A33_PROJECT_EXACT_SPLIT_run1	v9a33_project_exact_split	1144	PPQ_Operation_1496	QuantizeLinear	activation	PPQ_Variable_3005	int8	scalar	-128	-128	1	-128
V9A33_PROJECT_EXACT_SPLIT_run1	v9a33_project_exact_split	1145	PPQ_Operation_1497	DequantizeLinear	activation	PPQ_Variable_3008	int8	scalar	-128	-128	1	-128
V9A33_PROJECT_EXACT_SPLIT_run1	v9a33_project_exact_split	1147	PPQ_Operation_1498	QuantizeLinear	activation	PPQ_Variable_3011	int8	scalar	-127	-127	1	-127
V9A33_PROJECT_EXACT_SPLIT_run1	v9a33_project_exact_split	1148	PPQ_Operation_1499	DequantizeLinear	activation	PPQ_Variable_3014	int8	scalar	-127	-127	1	-127
V9A33_PROJECT_EXACT_SPLIT_run1	v9a33_project_exact_split	1150	PPQ_Operation_1501	QuantizeLinear	activation	PPQ_Variable_3020	int8	scalar	-110	-110	1	-110
V9A33_PROJECT_EXACT_SPLIT_run1	v9a33_project_exact_split	1151	PPQ_Operation_1502	DequantizeLinear	activation	PPQ_Variable_3023	int8	scalar	-110	-110	1	-110
V9A33_PROJECT_EXACT_SPLIT_run1	v9a33_project_exact_split	1153	PPQ_Operation_1503	QuantizeLinear	activation	PPQ_Variable_3026	int8	scalar	-128	-128	1	-128
V9A33_PROJECT_EXACT_SPLIT_run1	v9a33_project_exact_split	1154	PPQ_Operation_1504	DequantizeLinear	activation	PPQ_Variable_3029	int8	scalar	-128	-128	1	-128
V9A33_PROJECT_EXACT_SPLIT_run1	v9a33_project_exact_split	1156	PPQ_Operation_1505	QuantizeLinear	activation	PPQ_Variable_3032	int8	scalar	-127	-127	1	-127
V9A33_PROJECT_EXACT_SPLIT_run1	v9a33_project_exact_split	1157	PPQ_Operation_1506	DequantizeLinear	activation	PPQ_Variable_3035	int8	scalar	-127	-127	1	-127
V9A33_PROJECT_EXACT_SPLIT_run1	v9a33_project_exact_split	1159	PPQ_Operation_1508	QuantizeLinear	activation	PPQ_Variable_3041	int8	scalar	126	126	1	126
V9A33_PROJECT_EXACT_SPLIT_run1	v9a33_project_exact_split	1160	PPQ_Operation_1509	DequantizeLinear	activation	PPQ_Variable_3044	int8	scalar	126	126	1	126
V9A33_VENDOR_LITERAL_SPLIT_run1	v9a33_vendor_literal_split	0	PPQ_Operation_698	QuantizeLinear	activation	PPQ_Variable_611	int8	scalar	-128	-128	1	-128
V9A33_VENDOR_LITERAL_SPLIT_run1	v9a33_vendor_literal_split	1	PPQ_Operation_700	DequantizeLinear	weight	PPQ_Variable_617	int8	16	0	0	1	0
V9A33_VENDOR_LITERAL_SPLIT_run1	v9a33_vendor_literal_split	2	PPQ_Operation_707	DequantizeLinear	weight	PPQ_Variable_638	int8	32	0	0	1	0
V9A33_VENDOR_LITERAL_SPLIT_run1	v9a33_vendor_literal_split	3	PPQ_Operation_714	DequantizeLinear	weight	PPQ_Variable_659	int8	32	0	0	1	0
V9A33_VENDOR_LITERAL_SPLIT_run1	v9a33_vendor_literal_split	4	PPQ_Operation_725	DequantizeLinear	weight	PPQ_Variable_692	int8	8	0	0	1	0
V9A33_VENDOR_LITERAL_SPLIT_run1	v9a33_vendor_literal_split	5	PPQ_Operation_732	DequantizeLinear	weight	PPQ_Variable_713	int8	16	0	0	1	0
V9A33_VENDOR_LITERAL_SPLIT_run1	v9a33_vendor_literal_split	6	PPQ_Operation_743	DequantizeLinear	weight	PPQ_Variable_746	int8	64	0	0	1	0
V9A33_VENDOR_LITERAL_SPLIT_run1	v9a33_vendor_literal_split	7	PPQ_Operation_750	DequantizeLinear	weight	PPQ_Variable_767	int8	64	0	0	1	0
V9A33_VENDOR_LITERAL_SPLIT_run1	v9a33_vendor_literal_split	8	PPQ_Operation_757	DequantizeLinear	weight	PPQ_Variable_788	int8	64	0	0	1	0
V9A33_VENDOR_LITERAL_SPLIT_run1	v9a33_vendor_literal_split	9	PPQ_Operation_768	DequantizeLinear	weight	PPQ_Variable_821	int8	16	0	0	1	0
V9A33_VENDOR_LITERAL_SPLIT_run1	v9a33_vendor_literal_split	10	PPQ_Operation_775	DequantizeLinear	weight	PPQ_Variable_842	int8	32	0	0	1	0
V9A33_VENDOR_LITERAL_SPLIT_run1	v9a33_vendor_literal_split	11	PPQ_Operation_786	DequantizeLinear	weight	PPQ_Variable_875	int8	128	0	0	1	0
V9A33_VENDOR_LITERAL_SPLIT_run1	v9a33_vendor_literal_split	12	PPQ_Operation_793	DequantizeLinear	weight	PPQ_Variable_896	int8	128	0	0	1	0
V9A33_VENDOR_LITERAL_SPLIT_run1	v9a33_vendor_literal_split	13	PPQ_Operation_800	DequantizeLinear	weight	PPQ_Variable_917	int8	128	0	0	1	0
V9A33_VENDOR_LITERAL_SPLIT_run1	v9a33_vendor_literal_split	14	PPQ_Operation_811	DequantizeLinear	weight	PPQ_Variable_950	int8	32	0	0	1	0
V9A33_VENDOR_LITERAL_SPLIT_run1	v9a33_vendor_literal_split	15	PPQ_Operation_814	DequantizeLinear	weight	PPQ_Variable_959	int8	32	0	0	1	0
V9A33_VENDOR_LITERAL_SPLIT_run1	v9a33_vendor_literal_split	16	PPQ_Operation_825	DequantizeLinear	weight	PPQ_Variable_992	int8	32	0	0	1	0
V9A33_VENDOR_LITERAL_SPLIT_run1	v9a33_vendor_literal_split	17	PPQ_Operation_832	DequantizeLinear	weight	PPQ_Variable_1013	int8	32	0	0	1	0
V9A33_VENDOR_LITERAL_SPLIT_run1	v9a33_vendor_literal_split	18	PPQ_Operation_841	DequantizeLinear	weight	PPQ_Variable_1040	int8	32	0	0	1	0
V9A33_VENDOR_LITERAL_SPLIT_run1	v9a33_vendor_literal_split	19	PPQ_Operation_848	DequantizeLinear	weight	PPQ_Variable_1061	int8	32	0	0	1	0
V9A33_VENDOR_LITERAL_SPLIT_run1	v9a33_vendor_literal_split	20	PPQ_Operation_859	DequantizeLinear	weight	PPQ_Variable_1094	int8	64	0	0	1	0
V9A33_VENDOR_LITERAL_SPLIT_run1	v9a33_vendor_literal_split	21	PPQ_Operation_868	DequantizeLinear	weight	PPQ_Variable_1121	int8	128	0	0	1	0
V9A33_VENDOR_LITERAL_SPLIT_run1	v9a33_vendor_literal_split	22	PPQ_Operation_875	DequantizeLinear	weight	PPQ_Variable_1142	int8	256	0	0	1	0
V9A33_VENDOR_LITERAL_SPLIT_run1	v9a33_vendor_literal_split	23	PPQ_Operation_882	DequantizeLinear	weight	PPQ_Variable_1163	int8	256	0	0	1	0
V9A33_VENDOR_LITERAL_SPLIT_run1	v9a33_vendor_literal_split	24	PPQ_Operation_893	DequantizeLinear	weight	PPQ_Variable_1196	int8	64	0	0	1	0
V9A33_VENDOR_LITERAL_SPLIT_run1	v9a33_vendor_literal_split	25	PPQ_Operation_896	DequantizeLinear	weight	PPQ_Variable_1205	int8	64	0	0	1	0
V9A33_VENDOR_LITERAL_SPLIT_run1	v9a33_vendor_literal_split	26	PPQ_Operation_907	DequantizeLinear	weight	PPQ_Variable_1238	int8	64	0	0	1	0
V9A33_VENDOR_LITERAL_SPLIT_run1	v9a33_vendor_literal_split	27	PPQ_Operation_914	DequantizeLinear	weight	PPQ_Variable_1259	int8	64	0	0	1	0
V9A33_VENDOR_LITERAL_SPLIT_run1	v9a33_vendor_literal_split	28	PPQ_Operation_923	DequantizeLinear	weight	PPQ_Variable_1286	int8	64	0	0	1	0
V9A33_VENDOR_LITERAL_SPLIT_run1	v9a33_vendor_literal_split	29	PPQ_Operation_930	DequantizeLinear	weight	PPQ_Variable_1307	int8	64	0	0	1	0
V9A33_VENDOR_LITERAL_SPLIT_run1	v9a33_vendor_literal_split	30	PPQ_Operation_941	DequantizeLinear	weight	PPQ_Variable_1340	int8	128	0	0	1	0
V9A33_VENDOR_LITERAL_SPLIT_run1	v9a33_vendor_literal_split	31	PPQ_Operation_950	DequantizeLinear	weight	PPQ_Variable_1367	int8	256	0	0	1	0
V9A33_VENDOR_LITERAL_SPLIT_run1	v9a33_vendor_literal_split	32	PPQ_Operation_957	DequantizeLinear	weight	PPQ_Variable_1388	int8	128	0	0	1	0
V9A33_VENDOR_LITERAL_SPLIT_run1	v9a33_vendor_literal_split	33	PPQ_Operation_966	DequantizeLinear	weight	PPQ_Variable_1415	int8	256	0	0	1	0
V9A33_VENDOR_LITERAL_SPLIT_run1	v9a33_vendor_literal_split	34	PPQ_Operation_975	DequantizeLinear	weight	PPQ_Variable_1442	int8	256	0	0	1	0
V9A33_VENDOR_LITERAL_SPLIT_run1	v9a33_vendor_literal_split	35	PPQ_Operation_986	DequantizeLinear	weight	PPQ_Variable_1475	int8	256	0	0	1	0
V9A33_VENDOR_LITERAL_SPLIT_run1	v9a33_vendor_literal_split	36	PPQ_Operation_999	DequantizeLinear	weight	PPQ_Variable_1514	int8	128	0	0	1	0
V9A33_VENDOR_LITERAL_SPLIT_run1	v9a33_vendor_literal_split	37	PPQ_Operation_1002	DequantizeLinear	activation	PPQ_Variable_1523	int8	scalar	-128	-128	1	-128
V9A33_VENDOR_LITERAL_SPLIT_run1	v9a33_vendor_literal_split	38	PPQ_Operation_1011	DequantizeLinear	weight	PPQ_Variable_1550	int8	128	0	0	1	0
V9A33_VENDOR_LITERAL_SPLIT_run1	v9a33_vendor_literal_split	39	PPQ_Operation_1016	DequantizeLinear	weight	PPQ_Variable_1565	int8	256	0	0	1	0
V9A33_VENDOR_LITERAL_SPLIT_run1	v9a33_vendor_literal_split	40	PPQ_Operation_1023	DequantizeLinear	weight	PPQ_Variable_1586	int8	128	0	0	1	0
V9A33_VENDOR_LITERAL_SPLIT_run1	v9a33_vendor_literal_split	41	PPQ_Operation_1030	DequantizeLinear	weight	PPQ_Variable_1607	int8	256	0	0	1	0
V9A33_VENDOR_LITERAL_SPLIT_run1	v9a33_vendor_literal_split	42	PPQ_Operation_1041	DequantizeLinear	weight	PPQ_Variable_1640	int8	128	0	0	1	0
V9A33_VENDOR_LITERAL_SPLIT_run1	v9a33_vendor_literal_split	43	PPQ_Operation_1052	DequantizeLinear	weight	PPQ_Variable_1673	int8	32	0	0	1	0
V9A33_VENDOR_LITERAL_SPLIT_run1	v9a33_vendor_literal_split	44	PPQ_Operation_1055	DequantizeLinear	weight	PPQ_Variable_1682	int8	32	0	0	1	0
V9A33_VENDOR_LITERAL_SPLIT_run1	v9a33_vendor_literal_split	45	PPQ_Operation_1066	DequantizeLinear	weight	PPQ_Variable_1715	int8	32	0	0	1	0
V9A33_VENDOR_LITERAL_SPLIT_run1	v9a33_vendor_literal_split	46	PPQ_Operation_1073	DequantizeLinear	weight	PPQ_Variable_1736	int8	32	0	0	1	0
V9A33_VENDOR_LITERAL_SPLIT_run1	v9a33_vendor_literal_split	47	PPQ_Operation_1082	DequantizeLinear	weight	PPQ_Variable_1763	int8	32	0	0	1	0
V9A33_VENDOR_LITERAL_SPLIT_run1	v9a33_vendor_literal_split	48	PPQ_Operation_1089	DequantizeLinear	weight	PPQ_Variable_1784	int8	32	0	0	1	0
V9A33_VENDOR_LITERAL_SPLIT_run1	v9a33_vendor_literal_split	49	PPQ_Operation_1100	DequantizeLinear	weight	PPQ_Variable_1817	int8	64	0	0	1	0
V9A33_VENDOR_LITERAL_SPLIT_run1	v9a33_vendor_literal_split	50	PPQ_Operation_1109	DequantizeLinear	weight	PPQ_Variable_1844	int8	128	0	0	1	0
V9A33_VENDOR_LITERAL_SPLIT_run1	v9a33_vendor_literal_split	51	PPQ_Operation_1120	DequantizeLinear	weight	PPQ_Variable_1877	int8	64	0	0	1	0
V9A33_VENDOR_LITERAL_SPLIT_run1	v9a33_vendor_literal_split	52	PPQ_Operation_1131	DequantizeLinear	weight	PPQ_Variable_1910	int8	16	0	0	1	0
V9A33_VENDOR_LITERAL_SPLIT_run1	v9a33_vendor_literal_split	53	PPQ_Operation_1134	DequantizeLinear	weight	PPQ_Variable_1919	int8	16	0	0	1	0
V9A33_VENDOR_LITERAL_SPLIT_run1	v9a33_vendor_literal_split	54	PPQ_Operation_1145	DequantizeLinear	weight	PPQ_Variable_1952	int8	16	0	0	1	0
V9A33_VENDOR_LITERAL_SPLIT_run1	v9a33_vendor_literal_split	55	PPQ_Operation_1152	DequantizeLinear	weight	PPQ_Variable_1973	int8	16	0	0	1	0
V9A33_VENDOR_LITERAL_SPLIT_run1	v9a33_vendor_literal_split	56	PPQ_Operation_1161	DequantizeLinear	weight	PPQ_Variable_2000	int8	16	0	0	1	0
V9A33_VENDOR_LITERAL_SPLIT_run1	v9a33_vendor_literal_split	57	PPQ_Operation_1168	DequantizeLinear	weight	PPQ_Variable_2021	int8	16	0	0	1	0
V9A33_VENDOR_LITERAL_SPLIT_run1	v9a33_vendor_literal_split	58	PPQ_Operation_1179	DequantizeLinear	weight	PPQ_Variable_2054	int8	32	0	0	1	0
V9A33_VENDOR_LITERAL_SPLIT_run1	v9a33_vendor_literal_split	59	PPQ_Operation_1188	DequantizeLinear	weight	PPQ_Variable_2081	int8	64	0	0	1	0
V9A33_VENDOR_LITERAL_SPLIT_run1	v9a33_vendor_literal_split	60	PPQ_Operation_1195	DequantizeLinear	weight	PPQ_Variable_2102	int8	64	0	0	1	0
V9A33_VENDOR_LITERAL_SPLIT_run1	v9a33_vendor_literal_split	61	PPQ_Operation_1198	DequantizeLinear	weight	PPQ_Variable_2111	int8	16	0	0	1	0
V9A33_VENDOR_LITERAL_SPLIT_run1	v9a33_vendor_literal_split	62	PPQ_Operation_1201	DequantizeLinear	weight	PPQ_Variable_2120	int8	64	0	0	1	0
V9A33_VENDOR_LITERAL_SPLIT_run1	v9a33_vendor_literal_split	63	PPQ_Operation_1218	DequantizeLinear	weight	PPQ_Variable_2171	int8	16	0	0	1	0
V9A33_VENDOR_LITERAL_SPLIT_run1	v9a33_vendor_literal_split	64	PPQ_Operation_1221	DequantizeLinear	weight	PPQ_Variable_2180	int8	80	0	0	1	0
V9A33_VENDOR_LITERAL_SPLIT_run1	v9a33_vendor_literal_split	65	PPQ_Operation_1224	DequantizeLinear	weight	PPQ_Variable_2189	int8	128	0	0	1	0
V9A33_VENDOR_LITERAL_SPLIT_run1	v9a33_vendor_literal_split	66	PPQ_Operation_1239	DequantizeLinear	weight	PPQ_Variable_2234	int8	4	0	0	1	0
V9A33_VENDOR_LITERAL_SPLIT_run1	v9a33_vendor_literal_split	67	PPQ_Operation_1242	DequantizeLinear	weight	PPQ_Variable_2243	int8	80	0	0	1	0
V9A33_VENDOR_LITERAL_SPLIT_run1	v9a33_vendor_literal_split	68	PPQ_Operation_1251	DequantizeLinear	weight	PPQ_Variable_2270	int8	32	0	0	1	0
V9A33_VENDOR_LITERAL_SPLIT_run1	v9a33_vendor_literal_split	69	PPQ_Operation_1254	DequantizeLinear	weight	PPQ_Variable_2279	int8	32	0	0	1	0
V9A33_VENDOR_LITERAL_SPLIT_run1	v9a33_vendor_literal_split	70	PPQ_Operation_1263	DequantizeLinear	weight	PPQ_Variable_2306	int8	80	0	0	1	0
V9A33_VENDOR_LITERAL_SPLIT_run1	v9a33_vendor_literal_split	71	PPQ_Operation_1272	DequantizeLinear	weight	PPQ_Variable_2333	int8	32	0	0	1	0
V9A33_VENDOR_LITERAL_SPLIT_run1	v9a33_vendor_literal_split	72	PPQ_Operation_1279	DequantizeLinear	weight	PPQ_Variable_2354	int8	80	0	0	1	0
V9A33_VENDOR_LITERAL_SPLIT_run1	v9a33_vendor_literal_split	73	PPQ_Operation_1284	DequantizeLinear	weight	PPQ_Variable_2369	int8	32	0	0	1	0
V9A33_VENDOR_LITERAL_SPLIT_run1	v9a33_vendor_literal_split	74	PPQ_Operation_1293	DequantizeLinear	weight	PPQ_Variable_2396	int8	32	0	0	1	0
V9A33_VENDOR_LITERAL_SPLIT_run1	v9a33_vendor_literal_split	75	PPQ_Operation_1300	DequantizeLinear	weight	PPQ_Variable_2417	int8	32	0	0	1	0
V9A33_VENDOR_LITERAL_SPLIT_run1	v9a33_vendor_literal_split	76	PPQ_Operation_1311	DequantizeLinear	weight	PPQ_Variable_2450	int8	64	0	0	1	0
V9A33_VENDOR_LITERAL_SPLIT_run1	v9a33_vendor_literal_split	77	PPQ_Operation_1320	DequantizeLinear	weight	PPQ_Variable_2477	int8	128	0	0	1	0
V9A33_VENDOR_LITERAL_SPLIT_run1	v9a33_vendor_literal_split	78	PPQ_Operation_1327	DequantizeLinear	weight	PPQ_Variable_2498	int8	128	0	0	1	0
V9A33_VENDOR_LITERAL_SPLIT_run1	v9a33_vendor_literal_split	79	PPQ_Operation_1330	DequantizeLinear	weight	PPQ_Variable_2507	int8	16	0	0	1	0
V9A33_VENDOR_LITERAL_SPLIT_run1	v9a33_vendor_literal_split	80	PPQ_Operation_1333	DequantizeLinear	weight	PPQ_Variable_2516	int8	128	0	0	1	0
V9A33_VENDOR_LITERAL_SPLIT_run1	v9a33_vendor_literal_split	81	PPQ_Operation_1350	DequantizeLinear	weight	PPQ_Variable_2567	int8	16	0	0	1	0
V9A33_VENDOR_LITERAL_SPLIT_run1	v9a33_vendor_literal_split	82	PPQ_Operation_1353	DequantizeLinear	weight	PPQ_Variable_2576	int8	80	0	0	1	0
V9A33_VENDOR_LITERAL_SPLIT_run1	v9a33_vendor_literal_split	83	PPQ_Operation_1356	DequantizeLinear	weight	PPQ_Variable_2585	int8	256	0	0	1	0
V9A33_VENDOR_LITERAL_SPLIT_run1	v9a33_vendor_literal_split	84	PPQ_Operation_1371	DequantizeLinear	weight	PPQ_Variable_2630	int8	4	0	0	1	0
V9A33_VENDOR_LITERAL_SPLIT_run1	v9a33_vendor_literal_split	85	PPQ_Operation_1374	DequantizeLinear	weight	PPQ_Variable_2639	int8	80	0	0	1	0
V9A33_VENDOR_LITERAL_SPLIT_run1	v9a33_vendor_literal_split	86	PPQ_Operation_1383	DequantizeLinear	weight	PPQ_Variable_2666	int8	64	0	0	1	0
V9A33_VENDOR_LITERAL_SPLIT_run1	v9a33_vendor_literal_split	87	PPQ_Operation_1390	DequantizeLinear	weight	PPQ_Variable_2687	int8	80	0	0	1	0
V9A33_VENDOR_LITERAL_SPLIT_run1	v9a33_vendor_literal_split	88	PPQ_Operation_1397	DequantizeLinear	weight	PPQ_Variable_2708	int8	128	0	0	1	0
V9A33_VENDOR_LITERAL_SPLIT_run1	v9a33_vendor_literal_split	89	PPQ_Operation_1404	DequantizeLinear	weight	PPQ_Variable_2729	int8	80	0	0	1	0
V9A33_VENDOR_LITERAL_SPLIT_run1	v9a33_vendor_literal_split	90	PPQ_Operation_1411	DequantizeLinear	weight	PPQ_Variable_2750	int8	256	0	0	1	0
V9A33_VENDOR_LITERAL_SPLIT_run1	v9a33_vendor_literal_split	91	PPQ_Operation_1424	DequantizeLinear	weight	PPQ_Variable_2789	int8	128	0	0	1	0
V9A33_VENDOR_LITERAL_SPLIT_run1	v9a33_vendor_literal_split	92	PPQ_Operation_1427	DequantizeLinear	activation	PPQ_Variable_2798	int8	scalar	-128	-128	1	-128
V9A33_VENDOR_LITERAL_SPLIT_run1	v9a33_vendor_literal_split	93	PPQ_Operation_1436	DequantizeLinear	weight	PPQ_Variable_2825	int8	128	0	0	1	0
V9A33_VENDOR_LITERAL_SPLIT_run1	v9a33_vendor_literal_split	94	PPQ_Operation_1441	DequantizeLinear	weight	PPQ_Variable_2840	int8	256	0	0	1	0
V9A33_VENDOR_LITERAL_SPLIT_run1	v9a33_vendor_literal_split	95	PPQ_Operation_1448	DequantizeLinear	weight	PPQ_Variable_2861	int8	128	0	0	1	0
V9A33_VENDOR_LITERAL_SPLIT_run1	v9a33_vendor_literal_split	96	PPQ_Operation_1455	DequantizeLinear	weight	PPQ_Variable_2882	int8	256	0	0	1	0
V9A33_VENDOR_LITERAL_SPLIT_run1	v9a33_vendor_literal_split	97	PPQ_Operation_1462	DequantizeLinear	weight	PPQ_Variable_2903	int8	16	0	0	1	0
V9A33_VENDOR_LITERAL_SPLIT_run1	v9a33_vendor_literal_split	98	PPQ_Operation_1465	DequantizeLinear	weight	PPQ_Variable_2912	int8	256	0	0	1	0
V9A33_VENDOR_LITERAL_SPLIT_run1	v9a33_vendor_literal_split	99	PPQ_Operation_1476	DequantizeLinear	weight	PPQ_Variable_2945	int8	16	0	0	1	0
V9A33_VENDOR_LITERAL_SPLIT_run1	v9a33_vendor_literal_split	100	PPQ_Operation_1479	DequantizeLinear	weight	PPQ_Variable_2954	int8	80	0	0	1	0
V9A33_VENDOR_LITERAL_SPLIT_run1	v9a33_vendor_literal_split	101	PPQ_Operation_1490	DequantizeLinear	weight	PPQ_Variable_2987	int8	4	0	0	1	0
V9A33_VENDOR_LITERAL_SPLIT_run1	v9a33_vendor_literal_split	102	PPQ_Operation_1493	DequantizeLinear	weight	PPQ_Variable_2996	int8	80	0	0	1	0
V9A33_VENDOR_LITERAL_SPLIT_run1	v9a33_vendor_literal_split	103	PPQ_Operation_1500	DequantizeLinear	weight	PPQ_Variable_3017	int8	80	0	0	1	0
V9A33_VENDOR_LITERAL_SPLIT_run1	v9a33_vendor_literal_split	104	PPQ_Operation_1507	DequantizeLinear	weight	PPQ_Variable_3038	int8	80	0	0	1	0
V9A33_VENDOR_LITERAL_SPLIT_run1	v9a33_vendor_literal_split	105	PPQ_Operation_699	DequantizeLinear	activation	PPQ_Variable_614	int8	scalar	-128	-128	1	-128
V9A33_VENDOR_LITERAL_SPLIT_run1	v9a33_vendor_literal_split	107	PPQ_Operation_701	QuantizeLinear	activation	PPQ_Variable_620	int8	scalar	-102	-102	1	-102
V9A33_VENDOR_LITERAL_SPLIT_run1	v9a33_vendor_literal_split	108	PPQ_Operation_702	DequantizeLinear	activation	PPQ_Variable_623	int8	scalar	-102	-102	1	-102
V9A33_VENDOR_LITERAL_SPLIT_run1	v9a33_vendor_literal_split	110	PPQ_Operation_703	QuantizeLinear	activation	PPQ_Variable_626	int8	scalar	-128	-128	1	-128
V9A33_VENDOR_LITERAL_SPLIT_run1	v9a33_vendor_literal_split	111	PPQ_Operation_704	DequantizeLinear	activation	PPQ_Variable_629	int8	scalar	-128	-128	1	-128
V9A33_VENDOR_LITERAL_SPLIT_run1	v9a33_vendor_literal_split	113	PPQ_Operation_705	QuantizeLinear	activation	PPQ_Variable_632	int8	scalar	-127	-127	1	-127
V9A33_VENDOR_LITERAL_SPLIT_run1	v9a33_vendor_literal_split	114	PPQ_Operation_706	DequantizeLinear	activation	PPQ_Variable_635	int8	scalar	-127	-127	1	-127
V9A33_VENDOR_LITERAL_SPLIT_run1	v9a33_vendor_literal_split	116	PPQ_Operation_708	QuantizeLinear	activation	PPQ_Variable_641	int8	scalar	-114	-114	1	-114
V9A33_VENDOR_LITERAL_SPLIT_run1	v9a33_vendor_literal_split	117	PPQ_Operation_709	DequantizeLinear	activation	PPQ_Variable_644	int8	scalar	-114	-114	1	-114
V9A33_VENDOR_LITERAL_SPLIT_run1	v9a33_vendor_literal_split	119	PPQ_Operation_710	QuantizeLinear	activation	PPQ_Variable_647	int8	scalar	-128	-128	1	-128
V9A33_VENDOR_LITERAL_SPLIT_run1	v9a33_vendor_literal_split	120	PPQ_Operation_711	DequantizeLinear	activation	PPQ_Variable_650	int8	scalar	-128	-128	1	-128
V9A33_VENDOR_LITERAL_SPLIT_run1	v9a33_vendor_literal_split	122	PPQ_Operation_712	QuantizeLinear	activation	PPQ_Variable_653	int8	scalar	-127	-127	1	-127
V9A33_VENDOR_LITERAL_SPLIT_run1	v9a33_vendor_literal_split	123	PPQ_Operation_713	DequantizeLinear	activation	PPQ_Variable_656	int8	scalar	-127	-127	1	-127
V9A33_VENDOR_LITERAL_SPLIT_run1	v9a33_vendor_literal_split	125	PPQ_Operation_715	QuantizeLinear	activation	PPQ_Variable_662	int8	scalar	-107	-107	1	-107
V9A33_VENDOR_LITERAL_SPLIT_run1	v9a33_vendor_literal_split	126	PPQ_Operation_716	DequantizeLinear	activation	PPQ_Variable_665	int8	scalar	-107	-107	1	-107
V9A33_VENDOR_LITERAL_SPLIT_run1	v9a33_vendor_literal_split	128	PPQ_Operation_717	QuantizeLinear	activation	PPQ_Variable_668	int8	scalar	-128	-128	1	-128
V9A33_VENDOR_LITERAL_SPLIT_run1	v9a33_vendor_literal_split	129	PPQ_Operation_718	DequantizeLinear	activation	PPQ_Variable_671	int8	scalar	-128	-128	1	-128
V9A33_VENDOR_LITERAL_SPLIT_run1	v9a33_vendor_literal_split	131	PPQ_Operation_719	QuantizeLinear	activation	PPQ_Variable_674	int8	scalar	-127	-127	1	-127
V9A33_VENDOR_LITERAL_SPLIT_run1	v9a33_vendor_literal_split	132	PPQ_Operation_720	DequantizeLinear	activation	PPQ_Variable_677	int8	scalar	-127	-127	1	-127
V9A33_VENDOR_LITERAL_SPLIT_run1	v9a33_vendor_literal_split	134	PPQ_Operation_721	QuantizeLinear	activation	PPQ_Variable_680	int8	scalar	-127	-127	1	-127
V9A33_VENDOR_LITERAL_SPLIT_run1	v9a33_vendor_literal_split	135	PPQ_Operation_723	QuantizeLinear	activation	PPQ_Variable_686	int8	scalar	-127	-127	1	-127
V9A33_VENDOR_LITERAL_SPLIT_run1	v9a33_vendor_literal_split	136	PPQ_Operation_722	DequantizeLinear	activation	PPQ_Variable_683	int8	scalar	-127	-127	1	-127
V9A33_VENDOR_LITERAL_SPLIT_run1	v9a33_vendor_literal_split	137	PPQ_Operation_724	DequantizeLinear	activation	PPQ_Variable_689	int8	scalar	-127	-127	1	-127
V9A33_VENDOR_LITERAL_SPLIT_run1	v9a33_vendor_literal_split	139	PPQ_Operation_726	QuantizeLinear	activation	PPQ_Variable_695	int8	scalar	75	75	1	75
V9A33_VENDOR_LITERAL_SPLIT_run1	v9a33_vendor_literal_split	140	PPQ_Operation_727	DequantizeLinear	activation	PPQ_Variable_698	int8	scalar	75	75	1	75
V9A33_VENDOR_LITERAL_SPLIT_run1	v9a33_vendor_literal_split	142	PPQ_Operation_728	QuantizeLinear	activation	PPQ_Variable_701	int8	scalar	-128	-128	1	-128
V9A33_VENDOR_LITERAL_SPLIT_run1	v9a33_vendor_literal_split	143	PPQ_Operation_729	DequantizeLinear	activation	PPQ_Variable_704	int8	scalar	-128	-128	1	-128
V9A33_VENDOR_LITERAL_SPLIT_run1	v9a33_vendor_literal_split	145	PPQ_Operation_730	QuantizeLinear	activation	PPQ_Variable_707	int8	scalar	-89	-89	1	-89
V9A33_VENDOR_LITERAL_SPLIT_run1	v9a33_vendor_literal_split	146	PPQ_Operation_731	DequantizeLinear	activation	PPQ_Variable_710	int8	scalar	-89	-89	1	-89
V9A33_VENDOR_LITERAL_SPLIT_run1	v9a33_vendor_literal_split	148	PPQ_Operation_733	QuantizeLinear	activation	PPQ_Variable_716	int8	scalar	-96	-96	1	-96
V9A33_VENDOR_LITERAL_SPLIT_run1	v9a33_vendor_literal_split	149	PPQ_Operation_734	DequantizeLinear	activation	PPQ_Variable_719	int8	scalar	-96	-96	1	-96
V9A33_VENDOR_LITERAL_SPLIT_run1	v9a33_vendor_literal_split	151	PPQ_Operation_735	QuantizeLinear	activation	PPQ_Variable_722	int8	scalar	-128	-128	1	-128
V9A33_VENDOR_LITERAL_SPLIT_run1	v9a33_vendor_literal_split	152	PPQ_Operation_736	DequantizeLinear	activation	PPQ_Variable_725	int8	scalar	-128	-128	1	-128
V9A33_VENDOR_LITERAL_SPLIT_run1	v9a33_vendor_literal_split	154	PPQ_Operation_737	QuantizeLinear	activation	PPQ_Variable_728	int8	scalar	-125	-125	1	-125
V9A33_VENDOR_LITERAL_SPLIT_run1	v9a33_vendor_literal_split	155	PPQ_Operation_738	DequantizeLinear	activation	PPQ_Variable_731	int8	scalar	-125	-125	1	-125
V9A33_VENDOR_LITERAL_SPLIT_run1	v9a33_vendor_literal_split	157	PPQ_Operation_739	QuantizeLinear	activation	PPQ_Variable_734	int8	scalar	-125	-125	1	-125
V9A33_VENDOR_LITERAL_SPLIT_run1	v9a33_vendor_literal_split	158	PPQ_Operation_740	DequantizeLinear	activation	PPQ_Variable_737	int8	scalar	-125	-125	1	-125
V9A33_VENDOR_LITERAL_SPLIT_run1	v9a33_vendor_literal_split	160	PPQ_Operation_741	QuantizeLinear	activation	PPQ_Variable_740	int8	scalar	-125	-125	1	-125
V9A33_VENDOR_LITERAL_SPLIT_run1	v9a33_vendor_literal_split	161	PPQ_Operation_742	DequantizeLinear	activation	PPQ_Variable_743	int8	scalar	-125	-125	1	-125
V9A33_VENDOR_LITERAL_SPLIT_run1	v9a33_vendor_literal_split	163	PPQ_Operation_744	QuantizeLinear	activation	PPQ_Variable_749	int8	scalar	-94	-94	1	-94
V9A33_VENDOR_LITERAL_SPLIT_run1	v9a33_vendor_literal_split	164	PPQ_Operation_745	DequantizeLinear	activation	PPQ_Variable_752	int8	scalar	-94	-94	1	-94
V9A33_VENDOR_LITERAL_SPLIT_run1	v9a33_vendor_literal_split	166	PPQ_Operation_746	QuantizeLinear	activation	PPQ_Variable_755	int8	scalar	-128	-128	1	-128
V9A33_VENDOR_LITERAL_SPLIT_run1	v9a33_vendor_literal_split	167	PPQ_Operation_747	DequantizeLinear	activation	PPQ_Variable_758	int8	scalar	-128	-128	1	-128
V9A33_VENDOR_LITERAL_SPLIT_run1	v9a33_vendor_literal_split	169	PPQ_Operation_748	QuantizeLinear	activation	PPQ_Variable_761	int8	scalar	-124	-124	1	-124
V9A33_VENDOR_LITERAL_SPLIT_run1	v9a33_vendor_literal_split	170	PPQ_Operation_749	DequantizeLinear	activation	PPQ_Variable_764	int8	scalar	-124	-124	1	-124
V9A33_VENDOR_LITERAL_SPLIT_run1	v9a33_vendor_literal_split	172	PPQ_Operation_751	QuantizeLinear	activation	PPQ_Variable_770	int8	scalar	21	21	1	21
V9A33_VENDOR_LITERAL_SPLIT_run1	v9a33_vendor_literal_split	173	PPQ_Operation_752	DequantizeLinear	activation	PPQ_Variable_773	int8	scalar	21	21	1	21
V9A33_VENDOR_LITERAL_SPLIT_run1	v9a33_vendor_literal_split	175	PPQ_Operation_753	QuantizeLinear	activation	PPQ_Variable_776	int8	scalar	-128	-128	1	-128
V9A33_VENDOR_LITERAL_SPLIT_run1	v9a33_vendor_literal_split	176	PPQ_Operation_754	DequantizeLinear	activation	PPQ_Variable_779	int8	scalar	-128	-128	1	-128
V9A33_VENDOR_LITERAL_SPLIT_run1	v9a33_vendor_literal_split	178	PPQ_Operation_755	QuantizeLinear	activation	PPQ_Variable_782	int8	scalar	-118	-118	1	-118
V9A33_VENDOR_LITERAL_SPLIT_run1	v9a33_vendor_literal_split	179	PPQ_Operation_756	DequantizeLinear	activation	PPQ_Variable_785	int8	scalar	-118	-118	1	-118
V9A33_VENDOR_LITERAL_SPLIT_run1	v9a33_vendor_literal_split	181	PPQ_Operation_758	QuantizeLinear	activation	PPQ_Variable_791	int8	scalar	46	46	1	46
V9A33_VENDOR_LITERAL_SPLIT_run1	v9a33_vendor_literal_split	182	PPQ_Operation_759	DequantizeLinear	activation	PPQ_Variable_794	int8	scalar	46	46	1	46
V9A33_VENDOR_LITERAL_SPLIT_run1	v9a33_vendor_literal_split	184	PPQ_Operation_760	QuantizeLinear	activation	PPQ_Variable_797	int8	scalar	-128	-128	1	-128
V9A33_VENDOR_LITERAL_SPLIT_run1	v9a33_vendor_literal_split	185	PPQ_Operation_761	DequantizeLinear	activation	PPQ_Variable_800	int8	scalar	-128	-128	1	-128
V9A33_VENDOR_LITERAL_SPLIT_run1	v9a33_vendor_literal_split	187	PPQ_Operation_762	QuantizeLinear	activation	PPQ_Variable_803	int8	scalar	-113	-113	1	-113
V9A33_VENDOR_LITERAL_SPLIT_run1	v9a33_vendor_literal_split	188	PPQ_Operation_763	DequantizeLinear	activation	PPQ_Variable_806	int8	scalar	-113	-113	1	-113
V9A33_VENDOR_LITERAL_SPLIT_run1	v9a33_vendor_literal_split	190	PPQ_Operation_764	QuantizeLinear	activation	PPQ_Variable_809	int8	scalar	-113	-113	1	-113
V9A33_VENDOR_LITERAL_SPLIT_run1	v9a33_vendor_literal_split	191	PPQ_Operation_766	QuantizeLinear	activation	PPQ_Variable_815	int8	scalar	-113	-113	1	-113
V9A33_VENDOR_LITERAL_SPLIT_run1	v9a33_vendor_literal_split	192	PPQ_Operation_765	DequantizeLinear	activation	PPQ_Variable_812	int8	scalar	-113	-113	1	-113
V9A33_VENDOR_LITERAL_SPLIT_run1	v9a33_vendor_literal_split	193	PPQ_Operation_767	DequantizeLinear	activation	PPQ_Variable_818	int8	scalar	-113	-113	1	-113
V9A33_VENDOR_LITERAL_SPLIT_run1	v9a33_vendor_literal_split	195	PPQ_Operation_769	QuantizeLinear	activation	PPQ_Variable_824	int8	scalar	10	10	1	10
V9A33_VENDOR_LITERAL_SPLIT_run1	v9a33_vendor_literal_split	196	PPQ_Operation_770	DequantizeLinear	activation	PPQ_Variable_827	int8	scalar	10	10	1	10
V9A33_VENDOR_LITERAL_SPLIT_run1	v9a33_vendor_literal_split	198	PPQ_Operation_771	QuantizeLinear	activation	PPQ_Variable_830	int8	scalar	-128	-128	1	-128
V9A33_VENDOR_LITERAL_SPLIT_run1	v9a33_vendor_literal_split	199	PPQ_Operation_772	DequantizeLinear	activation	PPQ_Variable_833	int8	scalar	-128	-128	1	-128
V9A33_VENDOR_LITERAL_SPLIT_run1	v9a33_vendor_literal_split	201	PPQ_Operation_773	QuantizeLinear	activation	PPQ_Variable_836	int8	scalar	-112	-112	1	-112
V9A33_VENDOR_LITERAL_SPLIT_run1	v9a33_vendor_literal_split	202	PPQ_Operation_774	DequantizeLinear	activation	PPQ_Variable_839	int8	scalar	-112	-112	1	-112
V9A33_VENDOR_LITERAL_SPLIT_run1	v9a33_vendor_literal_split	204	PPQ_Operation_776	QuantizeLinear	activation	PPQ_Variable_845	int8	scalar	26	26	1	26
V9A33_VENDOR_LITERAL_SPLIT_run1	v9a33_vendor_literal_split	205	PPQ_Operation_777	DequantizeLinear	activation	PPQ_Variable_848	int8	scalar	26	26	1	26
V9A33_VENDOR_LITERAL_SPLIT_run1	v9a33_vendor_literal_split	207	PPQ_Operation_778	QuantizeLinear	activation	PPQ_Variable_851	int8	scalar	-128	-128	1	-128
V9A33_VENDOR_LITERAL_SPLIT_run1	v9a33_vendor_literal_split	208	PPQ_Operation_779	DequantizeLinear	activation	PPQ_Variable_854	int8	scalar	-128	-128	1	-128
V9A33_VENDOR_LITERAL_SPLIT_run1	v9a33_vendor_literal_split	210	PPQ_Operation_780	QuantizeLinear	activation	PPQ_Variable_857	int8	scalar	-117	-117	1	-117
V9A33_VENDOR_LITERAL_SPLIT_run1	v9a33_vendor_literal_split	211	PPQ_Operation_781	DequantizeLinear	activation	PPQ_Variable_860	int8	scalar	-117	-117	1	-117
V9A33_VENDOR_LITERAL_SPLIT_run1	v9a33_vendor_literal_split	213	PPQ_Operation_782	QuantizeLinear	activation	PPQ_Variable_863	int8	scalar	-110	-110	1	-110
V9A33_VENDOR_LITERAL_SPLIT_run1	v9a33_vendor_literal_split	214	PPQ_Operation_783	DequantizeLinear	activation	PPQ_Variable_866	int8	scalar	-110	-110	1	-110
V9A33_VENDOR_LITERAL_SPLIT_run1	v9a33_vendor_literal_split	216	PPQ_Operation_784	QuantizeLinear	activation	PPQ_Variable_869	int8	scalar	-108	-108	1	-108
V9A33_VENDOR_LITERAL_SPLIT_run1	v9a33_vendor_literal_split	217	PPQ_Operation_785	DequantizeLinear	activation	PPQ_Variable_872	int8	scalar	-108	-108	1	-108
V9A33_VENDOR_LITERAL_SPLIT_run1	v9a33_vendor_literal_split	219	PPQ_Operation_787	QuantizeLinear	activation	PPQ_Variable_878	int8	scalar	40	40	1	40
V9A33_VENDOR_LITERAL_SPLIT_run1	v9a33_vendor_literal_split	220	PPQ_Operation_788	DequantizeLinear	activation	PPQ_Variable_881	int8	scalar	40	40	1	40
V9A33_VENDOR_LITERAL_SPLIT_run1	v9a33_vendor_literal_split	222	PPQ_Operation_789	QuantizeLinear	activation	PPQ_Variable_884	int8	scalar	-128	-128	1	-128
V9A33_VENDOR_LITERAL_SPLIT_run1	v9a33_vendor_literal_split	223	PPQ_Operation_790	DequantizeLinear	activation	PPQ_Variable_887	int8	scalar	-128	-128	1	-128
V9A33_VENDOR_LITERAL_SPLIT_run1	v9a33_vendor_literal_split	225	PPQ_Operation_791	QuantizeLinear	activation	PPQ_Variable_890	int8	scalar	-111	-111	1	-111
V9A33_VENDOR_LITERAL_SPLIT_run1	v9a33_vendor_literal_split	226	PPQ_Operation_792	DequantizeLinear	activation	PPQ_Variable_893	int8	scalar	-111	-111	1	-111
V9A33_VENDOR_LITERAL_SPLIT_run1	v9a33_vendor_literal_split	228	PPQ_Operation_794	QuantizeLinear	activation	PPQ_Variable_899	int8	scalar	32	32	1	32
V9A33_VENDOR_LITERAL_SPLIT_run1	v9a33_vendor_literal_split	229	PPQ_Operation_795	DequantizeLinear	activation	PPQ_Variable_902	int8	scalar	32	32	1	32
V9A33_VENDOR_LITERAL_SPLIT_run1	v9a33_vendor_literal_split	231	PPQ_Operation_796	QuantizeLinear	activation	PPQ_Variable_905	int8	scalar	-128	-128	1	-128
V9A33_VENDOR_LITERAL_SPLIT_run1	v9a33_vendor_literal_split	232	PPQ_Operation_797	DequantizeLinear	activation	PPQ_Variable_908	int8	scalar	-128	-128	1	-128
V9A33_VENDOR_LITERAL_SPLIT_run1	v9a33_vendor_literal_split	234	PPQ_Operation_798	QuantizeLinear	activation	PPQ_Variable_911	int8	scalar	-114	-114	1	-114
V9A33_VENDOR_LITERAL_SPLIT_run1	v9a33_vendor_literal_split	235	PPQ_Operation_799	DequantizeLinear	activation	PPQ_Variable_914	int8	scalar	-114	-114	1	-114
V9A33_VENDOR_LITERAL_SPLIT_run1	v9a33_vendor_literal_split	237	PPQ_Operation_801	QuantizeLinear	activation	PPQ_Variable_920	int8	scalar	22	22	1	22
V9A33_VENDOR_LITERAL_SPLIT_run1	v9a33_vendor_literal_split	238	PPQ_Operation_802	DequantizeLinear	activation	PPQ_Variable_923	int8	scalar	22	22	1	22
V9A33_VENDOR_LITERAL_SPLIT_run1	v9a33_vendor_literal_split	240	PPQ_Operation_803	QuantizeLinear	activation	PPQ_Variable_926	int8	scalar	-128	-128	1	-128
V9A33_VENDOR_LITERAL_SPLIT_run1	v9a33_vendor_literal_split	241	PPQ_Operation_804	DequantizeLinear	activation	PPQ_Variable_929	int8	scalar	-128	-128	1	-128
V9A33_VENDOR_LITERAL_SPLIT_run1	v9a33_vendor_literal_split	243	PPQ_Operation_805	QuantizeLinear	activation	PPQ_Variable_932	int8	scalar	-115	-115	1	-115
V9A33_VENDOR_LITERAL_SPLIT_run1	v9a33_vendor_literal_split	244	PPQ_Operation_806	DequantizeLinear	activation	PPQ_Variable_935	int8	scalar	-115	-115	1	-115
V9A33_VENDOR_LITERAL_SPLIT_run1	v9a33_vendor_literal_split	246	PPQ_Operation_807	QuantizeLinear	activation	PPQ_Variable_938	int8	scalar	-115	-115	1	-115
V9A33_VENDOR_LITERAL_SPLIT_run1	v9a33_vendor_literal_split	247	PPQ_Operation_809	QuantizeLinear	activation	PPQ_Variable_944	int8	scalar	-115	-115	1	-115
V9A33_VENDOR_LITERAL_SPLIT_run1	v9a33_vendor_literal_split	248	PPQ_Operation_808	DequantizeLinear	activation	PPQ_Variable_941	int8	scalar	-115	-115	1	-115
V9A33_VENDOR_LITERAL_SPLIT_run1	v9a33_vendor_literal_split	249	PPQ_Operation_810	DequantizeLinear	activation	PPQ_Variable_947	int8	scalar	-115	-115	1	-115
V9A33_VENDOR_LITERAL_SPLIT_run1	v9a33_vendor_literal_split	252	PPQ_Operation_812	QuantizeLinear	activation	PPQ_Variable_953	int8	scalar	53	53	1	53
V9A33_VENDOR_LITERAL_SPLIT_run1	v9a33_vendor_literal_split	253	PPQ_Operation_815	QuantizeLinear	activation	PPQ_Variable_962	int8	scalar	-16	-16	1	-16
V9A33_VENDOR_LITERAL_SPLIT_run1	v9a33_vendor_literal_split	254	PPQ_Operation_813	DequantizeLinear	activation	PPQ_Variable_956	int8	scalar	53	53	1	53
V9A33_VENDOR_LITERAL_SPLIT_run1	v9a33_vendor_literal_split	255	PPQ_Operation_816	DequantizeLinear	activation	PPQ_Variable_965	int8	scalar	-16	-16	1	-16
V9A33_VENDOR_LITERAL_SPLIT_run1	v9a33_vendor_literal_split	258	PPQ_Operation_817	QuantizeLinear	activation	PPQ_Variable_968	int8	scalar	-128	-128	1	-128
V9A33_VENDOR_LITERAL_SPLIT_run1	v9a33_vendor_literal_split	259	PPQ_Operation_819	QuantizeLinear	activation	PPQ_Variable_974	int8	scalar	-128	-128	1	-128
V9A33_VENDOR_LITERAL_SPLIT_run1	v9a33_vendor_literal_split	260	PPQ_Operation_818	DequantizeLinear	activation	PPQ_Variable_971	int8	scalar	-128	-128	1	-128
V9A33_VENDOR_LITERAL_SPLIT_run1	v9a33_vendor_literal_split	261	PPQ_Operation_820	DequantizeLinear	activation	PPQ_Variable_977	int8	scalar	-128	-128	1	-128
V9A33_VENDOR_LITERAL_SPLIT_run1	v9a33_vendor_literal_split	264	PPQ_Operation_821	QuantizeLinear	activation	PPQ_Variable_980	int8	scalar	-104	-104	1	-104
V9A33_VENDOR_LITERAL_SPLIT_run1	v9a33_vendor_literal_split	265	PPQ_Operation_823	QuantizeLinear	activation	PPQ_Variable_986	int8	scalar	-120	-120	1	-120
V9A33_VENDOR_LITERAL_SPLIT_run1	v9a33_vendor_literal_split	266	PPQ_Operation_822	DequantizeLinear	activation	PPQ_Variable_983	int8	scalar	-104	-104	1	-104
V9A33_VENDOR_LITERAL_SPLIT_run1	v9a33_vendor_literal_split	267	PPQ_Operation_824	DequantizeLinear	activation	PPQ_Variable_989	int8	scalar	-120	-120	1	-120
V9A33_VENDOR_LITERAL_SPLIT_run1	v9a33_vendor_literal_split	269	PPQ_Operation_826	QuantizeLinear	activation	PPQ_Variable_995	int8	scalar	29	29	1	29
V9A33_VENDOR_LITERAL_SPLIT_run1	v9a33_vendor_literal_split	270	PPQ_Operation_827	DequantizeLinear	activation	PPQ_Variable_998	int8	scalar	29	29	1	29
V9A33_VENDOR_LITERAL_SPLIT_run1	v9a33_vendor_literal_split	272	PPQ_Operation_828	QuantizeLinear	activation	PPQ_Variable_1001	int8	scalar	-128	-128	1	-128
V9A33_VENDOR_LITERAL_SPLIT_run1	v9a33_vendor_literal_split	273	PPQ_Operation_829	DequantizeLinear	activation	PPQ_Variable_1004	int8	scalar	-128	-128	1	-128
V9A33_VENDOR_LITERAL_SPLIT_run1	v9a33_vendor_literal_split	275	PPQ_Operation_830	QuantizeLinear	activation	PPQ_Variable_1007	int8	scalar	-115	-115	1	-115
V9A33_VENDOR_LITERAL_SPLIT_run1	v9a33_vendor_literal_split	276	PPQ_Operation_831	DequantizeLinear	activation	PPQ_Variable_1010	int8	scalar	-115	-115	1	-115
V9A33_VENDOR_LITERAL_SPLIT_run1	v9a33_vendor_literal_split	278	PPQ_Operation_833	QuantizeLinear	activation	PPQ_Variable_1016	int8	scalar	32	32	1	32
V9A33_VENDOR_LITERAL_SPLIT_run1	v9a33_vendor_literal_split	279	PPQ_Operation_834	DequantizeLinear	activation	PPQ_Variable_1019	int8	scalar	32	32	1	32
V9A33_VENDOR_LITERAL_SPLIT_run1	v9a33_vendor_literal_split	281	PPQ_Operation_835	QuantizeLinear	activation	PPQ_Variable_1022	int8	scalar	-128	-128	1	-128
V9A33_VENDOR_LITERAL_SPLIT_run1	v9a33_vendor_literal_split	282	PPQ_Operation_836	DequantizeLinear	activation	PPQ_Variable_1025	int8	scalar	-128	-128	1	-128
V9A33_VENDOR_LITERAL_SPLIT_run1	v9a33_vendor_literal_split	284	PPQ_Operation_837	QuantizeLinear	activation	PPQ_Variable_1028	int8	scalar	-109	-109	1	-109
V9A33_VENDOR_LITERAL_SPLIT_run1	v9a33_vendor_literal_split	285	PPQ_Operation_838	DequantizeLinear	activation	PPQ_Variable_1031	int8	scalar	-109	-109	1	-109
V9A33_VENDOR_LITERAL_SPLIT_run1	v9a33_vendor_literal_split	287	PPQ_Operation_839	QuantizeLinear	activation	PPQ_Variable_1034	int8	scalar	-100	-100	1	-100
V9A33_VENDOR_LITERAL_SPLIT_run1	v9a33_vendor_literal_split	288	PPQ_Operation_840	DequantizeLinear	activation	PPQ_Variable_1037	int8	scalar	-100	-100	1	-100
V9A33_VENDOR_LITERAL_SPLIT_run1	v9a33_vendor_literal_split	290	PPQ_Operation_842	QuantizeLinear	activation	PPQ_Variable_1043	int8	scalar	22	22	1	22
V9A33_VENDOR_LITERAL_SPLIT_run1	v9a33_vendor_literal_split	291	PPQ_Operation_843	DequantizeLinear	activation	PPQ_Variable_1046	int8	scalar	22	22	1	22
V9A33_VENDOR_LITERAL_SPLIT_run1	v9a33_vendor_literal_split	293	PPQ_Operation_844	QuantizeLinear	activation	PPQ_Variable_1049	int8	scalar	-128	-128	1	-128
V9A33_VENDOR_LITERAL_SPLIT_run1	v9a33_vendor_literal_split	294	PPQ_Operation_845	DequantizeLinear	activation	PPQ_Variable_1052	int8	scalar	-128	-128	1	-128
V9A33_VENDOR_LITERAL_SPLIT_run1	v9a33_vendor_literal_split	296	PPQ_Operation_846	QuantizeLinear	activation	PPQ_Variable_1055	int8	scalar	-113	-113	1	-113
V9A33_VENDOR_LITERAL_SPLIT_run1	v9a33_vendor_literal_split	297	PPQ_Operation_847	DequantizeLinear	activation	PPQ_Variable_1058	int8	scalar	-113	-113	1	-113
V9A33_VENDOR_LITERAL_SPLIT_run1	v9a33_vendor_literal_split	299	PPQ_Operation_849	QuantizeLinear	activation	PPQ_Variable_1064	int8	scalar	-2	-2	1	-2
V9A33_VENDOR_LITERAL_SPLIT_run1	v9a33_vendor_literal_split	300	PPQ_Operation_850	DequantizeLinear	activation	PPQ_Variable_1067	int8	scalar	-2	-2	1	-2
V9A33_VENDOR_LITERAL_SPLIT_run1	v9a33_vendor_literal_split	302	PPQ_Operation_851	QuantizeLinear	activation	PPQ_Variable_1070	int8	scalar	-128	-128	1	-128
V9A33_VENDOR_LITERAL_SPLIT_run1	v9a33_vendor_literal_split	303	PPQ_Operation_852	DequantizeLinear	activation	PPQ_Variable_1073	int8	scalar	-128	-128	1	-128
V9A33_VENDOR_LITERAL_SPLIT_run1	v9a33_vendor_literal_split	305	PPQ_Operation_853	QuantizeLinear	activation	PPQ_Variable_1076	int8	scalar	-120	-120	1	-120
V9A33_VENDOR_LITERAL_SPLIT_run1	v9a33_vendor_literal_split	306	PPQ_Operation_854	DequantizeLinear	activation	PPQ_Variable_1079	int8	scalar	-120	-120	1	-120
V9A33_VENDOR_LITERAL_SPLIT_run1	v9a33_vendor_literal_split	308	PPQ_Operation_855	QuantizeLinear	activation	PPQ_Variable_1082	int8	scalar	-106	-106	1	-106
V9A33_VENDOR_LITERAL_SPLIT_run1	v9a33_vendor_literal_split	309	PPQ_Operation_856	DequantizeLinear	activation	PPQ_Variable_1085	int8	scalar	-106	-106	1	-106
V9A33_VENDOR_LITERAL_SPLIT_run1	v9a33_vendor_literal_split	311	PPQ_Operation_857	QuantizeLinear	activation	PPQ_Variable_1088	int8	scalar	-106	-106	1	-106
V9A33_VENDOR_LITERAL_SPLIT_run1	v9a33_vendor_literal_split	312	PPQ_Operation_858	DequantizeLinear	activation	PPQ_Variable_1091	int8	scalar	-106	-106	1	-106
V9A33_VENDOR_LITERAL_SPLIT_run1	v9a33_vendor_literal_split	314	PPQ_Operation_860	QuantizeLinear	activation	PPQ_Variable_1097	int8	scalar	24	24	1	24
V9A33_VENDOR_LITERAL_SPLIT_run1	v9a33_vendor_literal_split	315	PPQ_Operation_861	DequantizeLinear	activation	PPQ_Variable_1100	int8	scalar	24	24	1	24
V9A33_VENDOR_LITERAL_SPLIT_run1	v9a33_vendor_literal_split	317	PPQ_Operation_862	QuantizeLinear	activation	PPQ_Variable_1103	int8	scalar	-128	-128	1	-128
V9A33_VENDOR_LITERAL_SPLIT_run1	v9a33_vendor_literal_split	318	PPQ_Operation_863	DequantizeLinear	activation	PPQ_Variable_1106	int8	scalar	-128	-128	1	-128
V9A33_VENDOR_LITERAL_SPLIT_run1	v9a33_vendor_literal_split	320	PPQ_Operation_864	QuantizeLinear	activation	PPQ_Variable_1109	int8	scalar	-116	-116	1	-116
V9A33_VENDOR_LITERAL_SPLIT_run1	v9a33_vendor_literal_split	321	PPQ_Operation_865	DequantizeLinear	activation	PPQ_Variable_1112	int8	scalar	-116	-116	1	-116
V9A33_VENDOR_LITERAL_SPLIT_run1	v9a33_vendor_literal_split	323	PPQ_Operation_866	QuantizeLinear	activation	PPQ_Variable_1115	int8	scalar	-115	-115	1	-115
V9A33_VENDOR_LITERAL_SPLIT_run1	v9a33_vendor_literal_split	324	PPQ_Operation_867	DequantizeLinear	activation	PPQ_Variable_1118	int8	scalar	-115	-115	1	-115
V9A33_VENDOR_LITERAL_SPLIT_run1	v9a33_vendor_literal_split	326	PPQ_Operation_869	QuantizeLinear	activation	PPQ_Variable_1124	int8	scalar	42	42	1	42
V9A33_VENDOR_LITERAL_SPLIT_run1	v9a33_vendor_literal_split	327	PPQ_Operation_870	DequantizeLinear	activation	PPQ_Variable_1127	int8	scalar	42	42	1	42
V9A33_VENDOR_LITERAL_SPLIT_run1	v9a33_vendor_literal_split	329	PPQ_Operation_871	QuantizeLinear	activation	PPQ_Variable_1130	int8	scalar	-128	-128	1	-128
V9A33_VENDOR_LITERAL_SPLIT_run1	v9a33_vendor_literal_split	330	PPQ_Operation_872	DequantizeLinear	activation	PPQ_Variable_1133	int8	scalar	-128	-128	1	-128
V9A33_VENDOR_LITERAL_SPLIT_run1	v9a33_vendor_literal_split	332	PPQ_Operation_873	QuantizeLinear	activation	PPQ_Variable_1136	int8	scalar	-114	-114	1	-114
V9A33_VENDOR_LITERAL_SPLIT_run1	v9a33_vendor_literal_split	333	PPQ_Operation_874	DequantizeLinear	activation	PPQ_Variable_1139	int8	scalar	-114	-114	1	-114
V9A33_VENDOR_LITERAL_SPLIT_run1	v9a33_vendor_literal_split	335	PPQ_Operation_876	QuantizeLinear	activation	PPQ_Variable_1145	int8	scalar	36	36	1	36
V9A33_VENDOR_LITERAL_SPLIT_run1	v9a33_vendor_literal_split	336	PPQ_Operation_877	DequantizeLinear	activation	PPQ_Variable_1148	int8	scalar	36	36	1	36
V9A33_VENDOR_LITERAL_SPLIT_run1	v9a33_vendor_literal_split	338	PPQ_Operation_878	QuantizeLinear	activation	PPQ_Variable_1151	int8	scalar	-128	-128	1	-128
V9A33_VENDOR_LITERAL_SPLIT_run1	v9a33_vendor_literal_split	339	PPQ_Operation_879	DequantizeLinear	activation	PPQ_Variable_1154	int8	scalar	-128	-128	1	-128
V9A33_VENDOR_LITERAL_SPLIT_run1	v9a33_vendor_literal_split	341	PPQ_Operation_880	QuantizeLinear	activation	PPQ_Variable_1157	int8	scalar	-116	-116	1	-116
V9A33_VENDOR_LITERAL_SPLIT_run1	v9a33_vendor_literal_split	342	PPQ_Operation_881	DequantizeLinear	activation	PPQ_Variable_1160	int8	scalar	-116	-116	1	-116
V9A33_VENDOR_LITERAL_SPLIT_run1	v9a33_vendor_literal_split	344	PPQ_Operation_883	QuantizeLinear	activation	PPQ_Variable_1166	int8	scalar	10	10	1	10
V9A33_VENDOR_LITERAL_SPLIT_run1	v9a33_vendor_literal_split	345	PPQ_Operation_884	DequantizeLinear	activation	PPQ_Variable_1169	int8	scalar	10	10	1	10
V9A33_VENDOR_LITERAL_SPLIT_run1	v9a33_vendor_literal_split	347	PPQ_Operation_885	QuantizeLinear	activation	PPQ_Variable_1172	int8	scalar	-128	-128	1	-128
V9A33_VENDOR_LITERAL_SPLIT_run1	v9a33_vendor_literal_split	348	PPQ_Operation_886	DequantizeLinear	activation	PPQ_Variable_1175	int8	scalar	-128	-128	1	-128
V9A33_VENDOR_LITERAL_SPLIT_run1	v9a33_vendor_literal_split	350	PPQ_Operation_887	QuantizeLinear	activation	PPQ_Variable_1178	int8	scalar	-119	-119	1	-119
V9A33_VENDOR_LITERAL_SPLIT_run1	v9a33_vendor_literal_split	351	PPQ_Operation_888	DequantizeLinear	activation	PPQ_Variable_1181	int8	scalar	-119	-119	1	-119
V9A33_VENDOR_LITERAL_SPLIT_run1	v9a33_vendor_literal_split	353	PPQ_Operation_889	QuantizeLinear	activation	PPQ_Variable_1184	int8	scalar	-119	-119	1	-119
V9A33_VENDOR_LITERAL_SPLIT_run1	v9a33_vendor_literal_split	354	PPQ_Operation_891	QuantizeLinear	activation	PPQ_Variable_1190	int8	scalar	-119	-119	1	-119
V9A33_VENDOR_LITERAL_SPLIT_run1	v9a33_vendor_literal_split	355	PPQ_Operation_890	DequantizeLinear	activation	PPQ_Variable_1187	int8	scalar	-119	-119	1	-119
V9A33_VENDOR_LITERAL_SPLIT_run1	v9a33_vendor_literal_split	356	PPQ_Operation_892	DequantizeLinear	activation	PPQ_Variable_1193	int8	scalar	-119	-119	1	-119
V9A33_VENDOR_LITERAL_SPLIT_run1	v9a33_vendor_literal_split	359	PPQ_Operation_894	QuantizeLinear	activation	PPQ_Variable_1199	int8	scalar	47	47	1	47
V9A33_VENDOR_LITERAL_SPLIT_run1	v9a33_vendor_literal_split	360	PPQ_Operation_897	QuantizeLinear	activation	PPQ_Variable_1208	int8	scalar	6	6	1	6
V9A33_VENDOR_LITERAL_SPLIT_run1	v9a33_vendor_literal_split	361	PPQ_Operation_895	DequantizeLinear	activation	PPQ_Variable_1202	int8	scalar	47	47	1	47
V9A33_VENDOR_LITERAL_SPLIT_run1	v9a33_vendor_literal_split	362	PPQ_Operation_898	DequantizeLinear	activation	PPQ_Variable_1211	int8	scalar	6	6	1	6
V9A33_VENDOR_LITERAL_SPLIT_run1	v9a33_vendor_literal_split	365	PPQ_Operation_899	QuantizeLinear	activation	PPQ_Variable_1214	int8	scalar	-128	-128	1	-128
V9A33_VENDOR_LITERAL_SPLIT_run1	v9a33_vendor_literal_split	366	PPQ_Operation_901	QuantizeLinear	activation	PPQ_Variable_1220	int8	scalar	-128	-128	1	-128
V9A33_VENDOR_LITERAL_SPLIT_run1	v9a33_vendor_literal_split	367	PPQ_Operation_900	DequantizeLinear	activation	PPQ_Variable_1217	int8	scalar	-128	-128	1	-128
V9A33_VENDOR_LITERAL_SPLIT_run1	v9a33_vendor_literal_split	368	PPQ_Operation_902	DequantizeLinear	activation	PPQ_Variable_1223	int8	scalar	-128	-128	1	-128
V9A33_VENDOR_LITERAL_SPLIT_run1	v9a33_vendor_literal_split	371	PPQ_Operation_903	QuantizeLinear	activation	PPQ_Variable_1226	int8	scalar	-114	-114	1	-114
V9A33_VENDOR_LITERAL_SPLIT_run1	v9a33_vendor_literal_split	372	PPQ_Operation_905	QuantizeLinear	activation	PPQ_Variable_1232	int8	scalar	-120	-120	1	-120
V9A33_VENDOR_LITERAL_SPLIT_run1	v9a33_vendor_literal_split	373	PPQ_Operation_904	DequantizeLinear	activation	PPQ_Variable_1229	int8	scalar	-114	-114	1	-114
V9A33_VENDOR_LITERAL_SPLIT_run1	v9a33_vendor_literal_split	374	PPQ_Operation_906	DequantizeLinear	activation	PPQ_Variable_1235	int8	scalar	-120	-120	1	-120
V9A33_VENDOR_LITERAL_SPLIT_run1	v9a33_vendor_literal_split	376	PPQ_Operation_908	QuantizeLinear	activation	PPQ_Variable_1241	int8	scalar	4	4	1	4
V9A33_VENDOR_LITERAL_SPLIT_run1	v9a33_vendor_literal_split	377	PPQ_Operation_909	DequantizeLinear	activation	PPQ_Variable_1244	int8	scalar	4	4	1	4
V9A33_VENDOR_LITERAL_SPLIT_run1	v9a33_vendor_literal_split	379	PPQ_Operation_910	QuantizeLinear	activation	PPQ_Variable_1247	int8	scalar	-128	-128	1	-128
V9A33_VENDOR_LITERAL_SPLIT_run1	v9a33_vendor_literal_split	380	PPQ_Operation_911	DequantizeLinear	activation	PPQ_Variable_1250	int8	scalar	-128	-128	1	-128
V9A33_VENDOR_LITERAL_SPLIT_run1	v9a33_vendor_literal_split	382	PPQ_Operation_912	QuantizeLinear	activation	PPQ_Variable_1253	int8	scalar	-120	-120	1	-120
V9A33_VENDOR_LITERAL_SPLIT_run1	v9a33_vendor_literal_split	383	PPQ_Operation_913	DequantizeLinear	activation	PPQ_Variable_1256	int8	scalar	-120	-120	1	-120
V9A33_VENDOR_LITERAL_SPLIT_run1	v9a33_vendor_literal_split	385	PPQ_Operation_915	QuantizeLinear	activation	PPQ_Variable_1262	int8	scalar	7	7	1	7
V9A33_VENDOR_LITERAL_SPLIT_run1	v9a33_vendor_literal_split	386	PPQ_Operation_916	DequantizeLinear	activation	PPQ_Variable_1265	int8	scalar	7	7	1	7
V9A33_VENDOR_LITERAL_SPLIT_run1	v9a33_vendor_literal_split	388	PPQ_Operation_917	QuantizeLinear	activation	PPQ_Variable_1268	int8	scalar	-128	-128	1	-128
V9A33_VENDOR_LITERAL_SPLIT_run1	v9a33_vendor_literal_split	389	PPQ_Operation_918	DequantizeLinear	activation	PPQ_Variable_1271	int8	scalar	-128	-128	1	-128
V9A33_VENDOR_LITERAL_SPLIT_run1	v9a33_vendor_literal_split	391	PPQ_Operation_919	QuantizeLinear	activation	PPQ_Variable_1274	int8	scalar	-120	-120	1	-120
V9A33_VENDOR_LITERAL_SPLIT_run1	v9a33_vendor_literal_split	392	PPQ_Operation_920	DequantizeLinear	activation	PPQ_Variable_1277	int8	scalar	-120	-120	1	-120
V9A33_VENDOR_LITERAL_SPLIT_run1	v9a33_vendor_literal_split	394	PPQ_Operation_921	QuantizeLinear	activation	PPQ_Variable_1280	int8	scalar	-114	-114	1	-114
V9A33_VENDOR_LITERAL_SPLIT_run1	v9a33_vendor_literal_split	395	PPQ_Operation_922	DequantizeLinear	activation	PPQ_Variable_1283	int8	scalar	-114	-114	1	-114
V9A33_VENDOR_LITERAL_SPLIT_run1	v9a33_vendor_literal_split	397	PPQ_Operation_924	QuantizeLinear	activation	PPQ_Variable_1289	int8	scalar	-12	-12	1	-12
V9A33_VENDOR_LITERAL_SPLIT_run1	v9a33_vendor_literal_split	398	PPQ_Operation_925	DequantizeLinear	activation	PPQ_Variable_1292	int8	scalar	-12	-12	1	-12
V9A33_VENDOR_LITERAL_SPLIT_run1	v9a33_vendor_literal_split	400	PPQ_Operation_926	QuantizeLinear	activation	PPQ_Variable_1295	int8	scalar	-128	-128	1	-128
V9A33_VENDOR_LITERAL_SPLIT_run1	v9a33_vendor_literal_split	401	PPQ_Operation_927	DequantizeLinear	activation	PPQ_Variable_1298	int8	scalar	-128	-128	1	-128
V9A33_VENDOR_LITERAL_SPLIT_run1	v9a33_vendor_literal_split	403	PPQ_Operation_928	QuantizeLinear	activation	PPQ_Variable_1301	int8	scalar	-121	-121	1	-121
V9A33_VENDOR_LITERAL_SPLIT_run1	v9a33_vendor_literal_split	404	PPQ_Operation_929	DequantizeLinear	activation	PPQ_Variable_1304	int8	scalar	-121	-121	1	-121
V9A33_VENDOR_LITERAL_SPLIT_run1	v9a33_vendor_literal_split	406	PPQ_Operation_931	QuantizeLinear	activation	PPQ_Variable_1310	int8	scalar	-21	-21	1	-21
V9A33_VENDOR_LITERAL_SPLIT_run1	v9a33_vendor_literal_split	407	PPQ_Operation_932	DequantizeLinear	activation	PPQ_Variable_1313	int8	scalar	-21	-21	1	-21
V9A33_VENDOR_LITERAL_SPLIT_run1	v9a33_vendor_literal_split	409	PPQ_Operation_933	QuantizeLinear	activation	PPQ_Variable_1316	int8	scalar	-128	-128	1	-128
V9A33_VENDOR_LITERAL_SPLIT_run1	v9a33_vendor_literal_split	410	PPQ_Operation_934	DequantizeLinear	activation	PPQ_Variable_1319	int8	scalar	-128	-128	1	-128
V9A33_VENDOR_LITERAL_SPLIT_run1	v9a33_vendor_literal_split	412	PPQ_Operation_935	QuantizeLinear	activation	PPQ_Variable_1322	int8	scalar	-123	-123	1	-123
V9A33_VENDOR_LITERAL_SPLIT_run1	v9a33_vendor_literal_split	413	PPQ_Operation_936	DequantizeLinear	activation	PPQ_Variable_1325	int8	scalar	-123	-123	1	-123
V9A33_VENDOR_LITERAL_SPLIT_run1	v9a33_vendor_literal_split	415	PPQ_Operation_937	QuantizeLinear	activation	PPQ_Variable_1328	int8	scalar	-116	-116	1	-116
V9A33_VENDOR_LITERAL_SPLIT_run1	v9a33_vendor_literal_split	416	PPQ_Operation_938	DequantizeLinear	activation	PPQ_Variable_1331	int8	scalar	-116	-116	1	-116
V9A33_VENDOR_LITERAL_SPLIT_run1	v9a33_vendor_literal_split	418	PPQ_Operation_939	QuantizeLinear	activation	PPQ_Variable_1334	int8	scalar	-116	-116	1	-116
V9A33_VENDOR_LITERAL_SPLIT_run1	v9a33_vendor_literal_split	419	PPQ_Operation_940	DequantizeLinear	activation	PPQ_Variable_1337	int8	scalar	-116	-116	1	-116
V9A33_VENDOR_LITERAL_SPLIT_run1	v9a33_vendor_literal_split	421	PPQ_Operation_942	QuantizeLinear	activation	PPQ_Variable_1343	int8	scalar	8	8	1	8
V9A33_VENDOR_LITERAL_SPLIT_run1	v9a33_vendor_literal_split	422	PPQ_Operation_943	DequantizeLinear	activation	PPQ_Variable_1346	int8	scalar	8	8	1	8
V9A33_VENDOR_LITERAL_SPLIT_run1	v9a33_vendor_literal_split	424	PPQ_Operation_944	QuantizeLinear	activation	PPQ_Variable_1349	int8	scalar	-128	-128	1	-128
V9A33_VENDOR_LITERAL_SPLIT_run1	v9a33_vendor_literal_split	425	PPQ_Operation_945	DequantizeLinear	activation	PPQ_Variable_1352	int8	scalar	-128	-128	1	-128
V9A33_VENDOR_LITERAL_SPLIT_run1	v9a33_vendor_literal_split	427	PPQ_Operation_946	QuantizeLinear	activation	PPQ_Variable_1355	int8	scalar	-119	-119	1	-119
V9A33_VENDOR_LITERAL_SPLIT_run1	v9a33_vendor_literal_split	428	PPQ_Operation_947	DequantizeLinear	activation	PPQ_Variable_1358	int8	scalar	-119	-119	1	-119
V9A33_VENDOR_LITERAL_SPLIT_run1	v9a33_vendor_literal_split	430	PPQ_Operation_948	QuantizeLinear	activation	PPQ_Variable_1361	int8	scalar	-119	-119	1	-119
V9A33_VENDOR_LITERAL_SPLIT_run1	v9a33_vendor_literal_split	431	PPQ_Operation_949	DequantizeLinear	activation	PPQ_Variable_1364	int8	scalar	-119	-119	1	-119
V9A33_VENDOR_LITERAL_SPLIT_run1	v9a33_vendor_literal_split	433	PPQ_Operation_951	QuantizeLinear	activation	PPQ_Variable_1370	int8	scalar	34	34	1	34
V9A33_VENDOR_LITERAL_SPLIT_run1	v9a33_vendor_literal_split	434	PPQ_Operation_952	DequantizeLinear	activation	PPQ_Variable_1373	int8	scalar	34	34	1	34
V9A33_VENDOR_LITERAL_SPLIT_run1	v9a33_vendor_literal_split	436	PPQ_Operation_953	QuantizeLinear	activation	PPQ_Variable_1376	int8	scalar	-128	-128	1	-128
V9A33_VENDOR_LITERAL_SPLIT_run1	v9a33_vendor_literal_split	437	PPQ_Operation_954	DequantizeLinear	activation	PPQ_Variable_1379	int8	scalar	-128	-128	1	-128
V9A33_VENDOR_LITERAL_SPLIT_run1	v9a33_vendor_literal_split	439	PPQ_Operation_955	QuantizeLinear	activation	PPQ_Variable_1382	int8	scalar	-116	-116	1	-116
V9A33_VENDOR_LITERAL_SPLIT_run1	v9a33_vendor_literal_split	440	PPQ_Operation_956	DequantizeLinear	activation	PPQ_Variable_1385	int8	scalar	-116	-116	1	-116
V9A33_VENDOR_LITERAL_SPLIT_run1	v9a33_vendor_literal_split	442	PPQ_Operation_958	QuantizeLinear	activation	PPQ_Variable_1391	int8	scalar	10	10	1	10
V9A33_VENDOR_LITERAL_SPLIT_run1	v9a33_vendor_literal_split	443	PPQ_Operation_959	DequantizeLinear	activation	PPQ_Variable_1394	int8	scalar	10	10	1	10
V9A33_VENDOR_LITERAL_SPLIT_run1	v9a33_vendor_literal_split	445	PPQ_Operation_960	QuantizeLinear	activation	PPQ_Variable_1397	int8	scalar	10	10	1	10
V9A33_VENDOR_LITERAL_SPLIT_run1	v9a33_vendor_literal_split	446	PPQ_Operation_961	DequantizeLinear	activation	PPQ_Variable_1400	int8	scalar	10	10	1	10
V9A33_VENDOR_LITERAL_SPLIT_run1	v9a33_vendor_literal_split	448	PPQ_Operation_962	QuantizeLinear	activation	PPQ_Variable_1403	int8	scalar	10	10	1	10
V9A33_VENDOR_LITERAL_SPLIT_run1	v9a33_vendor_literal_split	449	PPQ_Operation_963	DequantizeLinear	activation	PPQ_Variable_1406	int8	scalar	10	10	1	10
V9A33_VENDOR_LITERAL_SPLIT_run1	v9a33_vendor_literal_split	452	PPQ_Operation_964	QuantizeLinear	activation	PPQ_Variable_1409	int8	scalar	-7	-7	1	-7
V9A33_VENDOR_LITERAL_SPLIT_run1	v9a33_vendor_literal_split	453	PPQ_Operation_965	DequantizeLinear	activation	PPQ_Variable_1412	int8	scalar	-7	-7	1	-7
V9A33_VENDOR_LITERAL_SPLIT_run1	v9a33_vendor_literal_split	455	PPQ_Operation_967	QuantizeLinear	activation	PPQ_Variable_1418	int8	scalar	3	3	1	3
V9A33_VENDOR_LITERAL_SPLIT_run1	v9a33_vendor_literal_split	456	PPQ_Operation_968	DequantizeLinear	activation	PPQ_Variable_1421	int8	scalar	3	3	1	3
V9A33_VENDOR_LITERAL_SPLIT_run1	v9a33_vendor_literal_split	458	PPQ_Operation_969	QuantizeLinear	activation	PPQ_Variable_1424	int8	scalar	-128	-128	1	-128
V9A33_VENDOR_LITERAL_SPLIT_run1	v9a33_vendor_literal_split	459	PPQ_Operation_970	DequantizeLinear	activation	PPQ_Variable_1427	int8	scalar	-128	-128	1	-128
V9A33_VENDOR_LITERAL_SPLIT_run1	v9a33_vendor_literal_split	461	PPQ_Operation_971	QuantizeLinear	activation	PPQ_Variable_1430	int8	scalar	-119	-119	1	-119
V9A33_VENDOR_LITERAL_SPLIT_run1	v9a33_vendor_literal_split	462	PPQ_Operation_972	DequantizeLinear	activation	PPQ_Variable_1433	int8	scalar	-119	-119	1	-119
V9A33_VENDOR_LITERAL_SPLIT_run1	v9a33_vendor_literal_split	464	PPQ_Operation_973	QuantizeLinear	activation	PPQ_Variable_1436	int8	scalar	-112	-112	1	-112
V9A33_VENDOR_LITERAL_SPLIT_run1	v9a33_vendor_literal_split	465	PPQ_Operation_974	DequantizeLinear	activation	PPQ_Variable_1439	int8	scalar	-112	-112	1	-112
V9A33_VENDOR_LITERAL_SPLIT_run1	v9a33_vendor_literal_split	467	PPQ_Operation_976	QuantizeLinear	activation	PPQ_Variable_1445	int8	scalar	10	10	1	10
V9A33_VENDOR_LITERAL_SPLIT_run1	v9a33_vendor_literal_split	468	PPQ_Operation_977	DequantizeLinear	activation	PPQ_Variable_1448	int8	scalar	10	10	1	10
V9A33_VENDOR_LITERAL_SPLIT_run1	v9a33_vendor_literal_split	470	PPQ_Operation_978	QuantizeLinear	activation	PPQ_Variable_1451	int8	scalar	-128	-128	1	-128
V9A33_VENDOR_LITERAL_SPLIT_run1	v9a33_vendor_literal_split	471	PPQ_Operation_979	DequantizeLinear	activation	PPQ_Variable_1454	int8	scalar	-128	-128	1	-128
V9A33_VENDOR_LITERAL_SPLIT_run1	v9a33_vendor_literal_split	473	PPQ_Operation_980	QuantizeLinear	activation	PPQ_Variable_1457	int8	scalar	-120	-120	1	-120
V9A33_VENDOR_LITERAL_SPLIT_run1	v9a33_vendor_literal_split	474	PPQ_Operation_981	DequantizeLinear	activation	PPQ_Variable_1460	int8	scalar	-120	-120	1	-120
V9A33_VENDOR_LITERAL_SPLIT_run1	v9a33_vendor_literal_split	476	PPQ_Operation_982	QuantizeLinear	activation	PPQ_Variable_1463	int8	scalar	-120	-120	1	-120
V9A33_VENDOR_LITERAL_SPLIT_run1	v9a33_vendor_literal_split	477	PPQ_Operation_984	QuantizeLinear	activation	PPQ_Variable_1469	int8	scalar	-120	-120	1	-120
V9A33_VENDOR_LITERAL_SPLIT_run1	v9a33_vendor_literal_split	478	PPQ_Operation_983	DequantizeLinear	activation	PPQ_Variable_1466	int8	scalar	-120	-120	1	-120
V9A33_VENDOR_LITERAL_SPLIT_run1	v9a33_vendor_literal_split	479	PPQ_Operation_985	DequantizeLinear	activation	PPQ_Variable_1472	int8	scalar	-120	-120	1	-120
V9A33_VENDOR_LITERAL_SPLIT_run1	v9a33_vendor_literal_split	481	PPQ_Operation_987	QuantizeLinear	activation	PPQ_Variable_1478	int8	scalar	1	1	1	1
V9A33_VENDOR_LITERAL_SPLIT_run1	v9a33_vendor_literal_split	482	PPQ_Operation_988	DequantizeLinear	activation	PPQ_Variable_1481	int8	scalar	1	1	1	1
V9A33_VENDOR_LITERAL_SPLIT_run1	v9a33_vendor_literal_split	484	PPQ_Operation_989	QuantizeLinear	activation	PPQ_Variable_1484	int8	scalar	1	1	1	1
V9A33_VENDOR_LITERAL_SPLIT_run1	v9a33_vendor_literal_split	485	PPQ_Operation_990	DequantizeLinear	activation	PPQ_Variable_1487	int8	scalar	1	1	1	1
V9A33_VENDOR_LITERAL_SPLIT_run1	v9a33_vendor_literal_split	487	PPQ_Operation_991	QuantizeLinear	activation	PPQ_Variable_1490	int8	scalar	1	1	1	1
V9A33_VENDOR_LITERAL_SPLIT_run1	v9a33_vendor_literal_split	488	PPQ_Operation_993	QuantizeLinear	activation	PPQ_Variable_1496	int8	scalar	1	1	1	1
V9A33_VENDOR_LITERAL_SPLIT_run1	v9a33_vendor_literal_split	489	PPQ_Operation_995	QuantizeLinear	activation	PPQ_Variable_1502	int8	scalar	1	1	1	1
V9A33_VENDOR_LITERAL_SPLIT_run1	v9a33_vendor_literal_split	490	PPQ_Operation_992	DequantizeLinear	activation	PPQ_Variable_1493	int8	scalar	1	1	1	1
V9A33_VENDOR_LITERAL_SPLIT_run1	v9a33_vendor_literal_split	491	PPQ_Operation_994	DequantizeLinear	activation	PPQ_Variable_1499	int8	scalar	1	1	1	1
V9A33_VENDOR_LITERAL_SPLIT_run1	v9a33_vendor_literal_split	492	PPQ_Operation_996	DequantizeLinear	activation	PPQ_Variable_1505	int8	scalar	1	1	1	1
V9A33_VENDOR_LITERAL_SPLIT_run1	v9a33_vendor_literal_split	497	PPQ_Operation_997	QuantizeLinear	activation	PPQ_Variable_1508	int8	scalar	2	2	1	2
V9A33_VENDOR_LITERAL_SPLIT_run1	v9a33_vendor_literal_split	498	PPQ_Operation_1000	QuantizeLinear	activation	PPQ_Variable_1517	int8	scalar	20	20	1	20
V9A33_VENDOR_LITERAL_SPLIT_run1	v9a33_vendor_literal_split	499	PPQ_Operation_998	DequantizeLinear	activation	PPQ_Variable_1511	int8	scalar	2	2	1	2
V9A33_VENDOR_LITERAL_SPLIT_run1	v9a33_vendor_literal_split	500	PPQ_Operation_1001	DequantizeLinear	activation	PPQ_Variable_1520	int8	scalar	20	20	1	20
V9A33_VENDOR_LITERAL_SPLIT_run1	v9a33_vendor_literal_split	502	PPQ_Operation_1003	QuantizeLinear	activation	PPQ_Variable_1526	int8	scalar	2	2	1	2
V9A33_VENDOR_LITERAL_SPLIT_run1	v9a33_vendor_literal_split	503	PPQ_Operation_1004	DequantizeLinear	activation	PPQ_Variable_1529	int8	scalar	2	2	1	2
V9A33_VENDOR_LITERAL_SPLIT_run1	v9a33_vendor_literal_split	506	PPQ_Operation_1005	QuantizeLinear	activation	PPQ_Variable_1532	int8	scalar	-128	-128	1	-128
V9A33_VENDOR_LITERAL_SPLIT_run1	v9a33_vendor_literal_split	507	PPQ_Operation_1006	DequantizeLinear	activation	PPQ_Variable_1535	int8	scalar	-128	-128	1	-128
V9A33_VENDOR_LITERAL_SPLIT_run1	v9a33_vendor_literal_split	509	PPQ_Operation_1007	QuantizeLinear	activation	PPQ_Variable_1538	int8	scalar	17	17	1	17
V9A33_VENDOR_LITERAL_SPLIT_run1	v9a33_vendor_literal_split	510	PPQ_Operation_1008	DequantizeLinear	activation	PPQ_Variable_1541	int8	scalar	17	17	1	17
V9A33_VENDOR_LITERAL_SPLIT_run1	v9a33_vendor_literal_split	513	PPQ_Operation_1009	QuantizeLinear	activation	PPQ_Variable_1544	int8	scalar	5	5	1	5
V9A33_VENDOR_LITERAL_SPLIT_run1	v9a33_vendor_literal_split	514	PPQ_Operation_1010	DequantizeLinear	activation	PPQ_Variable_1547	int8	scalar	5	5	1	5
V9A33_VENDOR_LITERAL_SPLIT_run1	v9a33_vendor_literal_split	516	PPQ_Operation_1012	QuantizeLinear	activation	PPQ_Variable_1553	int8	scalar	-6	-6	1	-6
V9A33_VENDOR_LITERAL_SPLIT_run1	v9a33_vendor_literal_split	517	PPQ_Operation_1013	DequantizeLinear	activation	PPQ_Variable_1556	int8	scalar	-6	-6	1	-6
V9A33_VENDOR_LITERAL_SPLIT_run1	v9a33_vendor_literal_split	519	PPQ_Operation_1014	QuantizeLinear	activation	PPQ_Variable_1559	int8	scalar	-28	-28	1	-28
V9A33_VENDOR_LITERAL_SPLIT_run1	v9a33_vendor_literal_split	520	PPQ_Operation_1015	DequantizeLinear	activation	PPQ_Variable_1562	int8	scalar	-28	-28	1	-28
V9A33_VENDOR_LITERAL_SPLIT_run1	v9a33_vendor_literal_split	522	PPQ_Operation_1017	QuantizeLinear	activation	PPQ_Variable_1568	int8	scalar	54	54	1	54
V9A33_VENDOR_LITERAL_SPLIT_run1	v9a33_vendor_literal_split	523	PPQ_Operation_1018	DequantizeLinear	activation	PPQ_Variable_1571	int8	scalar	54	54	1	54
V9A33_VENDOR_LITERAL_SPLIT_run1	v9a33_vendor_literal_split	525	PPQ_Operation_1019	QuantizeLinear	activation	PPQ_Variable_1574	int8	scalar	-128	-128	1	-128
V9A33_VENDOR_LITERAL_SPLIT_run1	v9a33_vendor_literal_split	526	PPQ_Operation_1020	DequantizeLinear	activation	PPQ_Variable_1577	int8	scalar	-128	-128	1	-128
V9A33_VENDOR_LITERAL_SPLIT_run1	v9a33_vendor_literal_split	528	PPQ_Operation_1021	QuantizeLinear	activation	PPQ_Variable_1580	int8	scalar	-105	-105	1	-105
V9A33_VENDOR_LITERAL_SPLIT_run1	v9a33_vendor_literal_split	529	PPQ_Operation_1022	DequantizeLinear	activation	PPQ_Variable_1583	int8	scalar	-105	-105	1	-105
V9A33_VENDOR_LITERAL_SPLIT_run1	v9a33_vendor_literal_split	531	PPQ_Operation_1024	QuantizeLinear	activation	PPQ_Variable_1589	int8	scalar	3	3	1	3
V9A33_VENDOR_LITERAL_SPLIT_run1	v9a33_vendor_literal_split	532	PPQ_Operation_1025	DequantizeLinear	activation	PPQ_Variable_1592	int8	scalar	3	3	1	3
V9A33_VENDOR_LITERAL_SPLIT_run1	v9a33_vendor_literal_split	534	PPQ_Operation_1026	QuantizeLinear	activation	PPQ_Variable_1595	int8	scalar	-28	-28	1	-28
V9A33_VENDOR_LITERAL_SPLIT_run1	v9a33_vendor_literal_split	535	PPQ_Operation_1027	DequantizeLinear	activation	PPQ_Variable_1598	int8	scalar	-28	-28	1	-28
V9A33_VENDOR_LITERAL_SPLIT_run1	v9a33_vendor_literal_split	537	PPQ_Operation_1028	QuantizeLinear	activation	PPQ_Variable_1601	int8	scalar	-21	-21	1	-21
V9A33_VENDOR_LITERAL_SPLIT_run1	v9a33_vendor_literal_split	538	PPQ_Operation_1029	DequantizeLinear	activation	PPQ_Variable_1604	int8	scalar	-21	-21	1	-21
V9A33_VENDOR_LITERAL_SPLIT_run1	v9a33_vendor_literal_split	540	PPQ_Operation_1031	QuantizeLinear	activation	PPQ_Variable_1610	int8	scalar	34	34	1	34
V9A33_VENDOR_LITERAL_SPLIT_run1	v9a33_vendor_literal_split	541	PPQ_Operation_1032	DequantizeLinear	activation	PPQ_Variable_1613	int8	scalar	34	34	1	34
V9A33_VENDOR_LITERAL_SPLIT_run1	v9a33_vendor_literal_split	543	PPQ_Operation_1033	QuantizeLinear	activation	PPQ_Variable_1616	int8	scalar	-128	-128	1	-128
V9A33_VENDOR_LITERAL_SPLIT_run1	v9a33_vendor_literal_split	544	PPQ_Operation_1034	DequantizeLinear	activation	PPQ_Variable_1619	int8	scalar	-128	-128	1	-128
V9A33_VENDOR_LITERAL_SPLIT_run1	v9a33_vendor_literal_split	546	PPQ_Operation_1035	QuantizeLinear	activation	PPQ_Variable_1622	int8	scalar	-117	-117	1	-117
V9A33_VENDOR_LITERAL_SPLIT_run1	v9a33_vendor_literal_split	547	PPQ_Operation_1036	DequantizeLinear	activation	PPQ_Variable_1625	int8	scalar	-117	-117	1	-117
V9A33_VENDOR_LITERAL_SPLIT_run1	v9a33_vendor_literal_split	549	PPQ_Operation_1037	QuantizeLinear	activation	PPQ_Variable_1628	int8	scalar	-117	-117	1	-117
V9A33_VENDOR_LITERAL_SPLIT_run1	v9a33_vendor_literal_split	550	PPQ_Operation_1038	DequantizeLinear	activation	PPQ_Variable_1631	int8	scalar	-117	-117	1	-117
V9A33_VENDOR_LITERAL_SPLIT_run1	v9a33_vendor_literal_split	552	PPQ_Operation_1039	QuantizeLinear	activation	PPQ_Variable_1634	int8	scalar	-116	-116	1	-116
V9A33_VENDOR_LITERAL_SPLIT_run1	v9a33_vendor_literal_split	553	PPQ_Operation_1040	DequantizeLinear	activation	PPQ_Variable_1637	int8	scalar	-116	-116	1	-116
V9A33_VENDOR_LITERAL_SPLIT_run1	v9a33_vendor_literal_split	555	PPQ_Operation_1042	QuantizeLinear	activation	PPQ_Variable_1643	int8	scalar	31	31	1	31
V9A33_VENDOR_LITERAL_SPLIT_run1	v9a33_vendor_literal_split	556	PPQ_Operation_1043	DequantizeLinear	activation	PPQ_Variable_1646	int8	scalar	31	31	1	31
V9A33_VENDOR_LITERAL_SPLIT_run1	v9a33_vendor_literal_split	558	PPQ_Operation_1044	QuantizeLinear	activation	PPQ_Variable_1649	int8	scalar	-128	-128	1	-128
V9A33_VENDOR_LITERAL_SPLIT_run1	v9a33_vendor_literal_split	559	PPQ_Operation_1045	DequantizeLinear	activation	PPQ_Variable_1652	int8	scalar	-128	-128	1	-128
V9A33_VENDOR_LITERAL_SPLIT_run1	v9a33_vendor_literal_split	561	PPQ_Operation_1046	QuantizeLinear	activation	PPQ_Variable_1655	int8	scalar	-115	-115	1	-115
V9A33_VENDOR_LITERAL_SPLIT_run1	v9a33_vendor_literal_split	562	PPQ_Operation_1047	DequantizeLinear	activation	PPQ_Variable_1658	int8	scalar	-115	-115	1	-115
V9A33_VENDOR_LITERAL_SPLIT_run1	v9a33_vendor_literal_split	564	PPQ_Operation_1048	QuantizeLinear	activation	PPQ_Variable_1661	int8	scalar	-115	-115	1	-115
V9A33_VENDOR_LITERAL_SPLIT_run1	v9a33_vendor_literal_split	565	PPQ_Operation_1050	QuantizeLinear	activation	PPQ_Variable_1667	int8	scalar	-115	-115	1	-115
V9A33_VENDOR_LITERAL_SPLIT_run1	v9a33_vendor_literal_split	566	PPQ_Operation_1049	DequantizeLinear	activation	PPQ_Variable_1664	int8	scalar	-115	-115	1	-115
V9A33_VENDOR_LITERAL_SPLIT_run1	v9a33_vendor_literal_split	567	PPQ_Operation_1051	DequantizeLinear	activation	PPQ_Variable_1670	int8	scalar	-115	-115	1	-115
V9A33_VENDOR_LITERAL_SPLIT_run1	v9a33_vendor_literal_split	570	PPQ_Operation_1053	QuantizeLinear	activation	PPQ_Variable_1676	int8	scalar	37	37	1	37
V9A33_VENDOR_LITERAL_SPLIT_run1	v9a33_vendor_literal_split	571	PPQ_Operation_1056	QuantizeLinear	activation	PPQ_Variable_1685	int8	scalar	0	0	1	0
V9A33_VENDOR_LITERAL_SPLIT_run1	v9a33_vendor_literal_split	572	PPQ_Operation_1054	DequantizeLinear	activation	PPQ_Variable_1679	int8	scalar	37	37	1	37
V9A33_VENDOR_LITERAL_SPLIT_run1	v9a33_vendor_literal_split	573	PPQ_Operation_1057	DequantizeLinear	activation	PPQ_Variable_1688	int8	scalar	0	0	1	0
V9A33_VENDOR_LITERAL_SPLIT_run1	v9a33_vendor_literal_split	576	PPQ_Operation_1058	QuantizeLinear	activation	PPQ_Variable_1691	int8	scalar	-128	-128	1	-128
V9A33_VENDOR_LITERAL_SPLIT_run1	v9a33_vendor_literal_split	577	PPQ_Operation_1060	QuantizeLinear	activation	PPQ_Variable_1697	int8	scalar	-128	-128	1	-128
V9A33_VENDOR_LITERAL_SPLIT_run1	v9a33_vendor_literal_split	578	PPQ_Operation_1059	DequantizeLinear	activation	PPQ_Variable_1694	int8	scalar	-128	-128	1	-128
V9A33_VENDOR_LITERAL_SPLIT_run1	v9a33_vendor_literal_split	579	PPQ_Operation_1061	DequantizeLinear	activation	PPQ_Variable_1700	int8	scalar	-128	-128	1	-128
V9A33_VENDOR_LITERAL_SPLIT_run1	v9a33_vendor_literal_split	582	PPQ_Operation_1062	QuantizeLinear	activation	PPQ_Variable_1703	int8	scalar	-104	-104	1	-104
V9A33_VENDOR_LITERAL_SPLIT_run1	v9a33_vendor_literal_split	583	PPQ_Operation_1064	QuantizeLinear	activation	PPQ_Variable_1709	int8	scalar	-119	-119	1	-119
V9A33_VENDOR_LITERAL_SPLIT_run1	v9a33_vendor_literal_split	584	PPQ_Operation_1063	DequantizeLinear	activation	PPQ_Variable_1706	int8	scalar	-104	-104	1	-104
V9A33_VENDOR_LITERAL_SPLIT_run1	v9a33_vendor_literal_split	585	PPQ_Operation_1065	DequantizeLinear	activation	PPQ_Variable_1712	int8	scalar	-119	-119	1	-119
V9A33_VENDOR_LITERAL_SPLIT_run1	v9a33_vendor_literal_split	587	PPQ_Operation_1067	QuantizeLinear	activation	PPQ_Variable_1718	int8	scalar	9	9	1	9
V9A33_VENDOR_LITERAL_SPLIT_run1	v9a33_vendor_literal_split	588	PPQ_Operation_1068	DequantizeLinear	activation	PPQ_Variable_1721	int8	scalar	9	9	1	9
V9A33_VENDOR_LITERAL_SPLIT_run1	v9a33_vendor_literal_split	590	PPQ_Operation_1069	QuantizeLinear	activation	PPQ_Variable_1724	int8	scalar	-128	-128	1	-128
V9A33_VENDOR_LITERAL_SPLIT_run1	v9a33_vendor_literal_split	591	PPQ_Operation_1070	DequantizeLinear	activation	PPQ_Variable_1727	int8	scalar	-128	-128	1	-128
V9A33_VENDOR_LITERAL_SPLIT_run1	v9a33_vendor_literal_split	593	PPQ_Operation_1071	QuantizeLinear	activation	PPQ_Variable_1730	int8	scalar	-116	-116	1	-116
V9A33_VENDOR_LITERAL_SPLIT_run1	v9a33_vendor_literal_split	594	PPQ_Operation_1072	DequantizeLinear	activation	PPQ_Variable_1733	int8	scalar	-116	-116	1	-116
V9A33_VENDOR_LITERAL_SPLIT_run1	v9a33_vendor_literal_split	596	PPQ_Operation_1074	QuantizeLinear	activation	PPQ_Variable_1739	int8	scalar	0	0	1	0
V9A33_VENDOR_LITERAL_SPLIT_run1	v9a33_vendor_literal_split	597	PPQ_Operation_1075	DequantizeLinear	activation	PPQ_Variable_1742	int8	scalar	0	0	1	0
V9A33_VENDOR_LITERAL_SPLIT_run1	v9a33_vendor_literal_split	599	PPQ_Operation_1076	QuantizeLinear	activation	PPQ_Variable_1745	int8	scalar	-128	-128	1	-128
V9A33_VENDOR_LITERAL_SPLIT_run1	v9a33_vendor_literal_split	600	PPQ_Operation_1077	DequantizeLinear	activation	PPQ_Variable_1748	int8	scalar	-128	-128	1	-128
V9A33_VENDOR_LITERAL_SPLIT_run1	v9a33_vendor_literal_split	602	PPQ_Operation_1078	QuantizeLinear	activation	PPQ_Variable_1751	int8	scalar	-118	-118	1	-118
V9A33_VENDOR_LITERAL_SPLIT_run1	v9a33_vendor_literal_split	603	PPQ_Operation_1079	DequantizeLinear	activation	PPQ_Variable_1754	int8	scalar	-118	-118	1	-118
V9A33_VENDOR_LITERAL_SPLIT_run1	v9a33_vendor_literal_split	605	PPQ_Operation_1080	QuantizeLinear	activation	PPQ_Variable_1757	int8	scalar	-109	-109	1	-109
V9A33_VENDOR_LITERAL_SPLIT_run1	v9a33_vendor_literal_split	606	PPQ_Operation_1081	DequantizeLinear	activation	PPQ_Variable_1760	int8	scalar	-109	-109	1	-109
V9A33_VENDOR_LITERAL_SPLIT_run1	v9a33_vendor_literal_split	608	PPQ_Operation_1083	QuantizeLinear	activation	PPQ_Variable_1766	int8	scalar	33	33	1	33
V9A33_VENDOR_LITERAL_SPLIT_run1	v9a33_vendor_literal_split	609	PPQ_Operation_1084	DequantizeLinear	activation	PPQ_Variable_1769	int8	scalar	33	33	1	33
V9A33_VENDOR_LITERAL_SPLIT_run1	v9a33_vendor_literal_split	611	PPQ_Operation_1085	QuantizeLinear	activation	PPQ_Variable_1772	int8	scalar	-128	-128	1	-128
V9A33_VENDOR_LITERAL_SPLIT_run1	v9a33_vendor_literal_split	612	PPQ_Operation_1086	DequantizeLinear	activation	PPQ_Variable_1775	int8	scalar	-128	-128	1	-128
V9A33_VENDOR_LITERAL_SPLIT_run1	v9a33_vendor_literal_split	614	PPQ_Operation_1087	QuantizeLinear	activation	PPQ_Variable_1778	int8	scalar	-113	-113	1	-113
V9A33_VENDOR_LITERAL_SPLIT_run1	v9a33_vendor_literal_split	615	PPQ_Operation_1088	DequantizeLinear	activation	PPQ_Variable_1781	int8	scalar	-113	-113	1	-113
V9A33_VENDOR_LITERAL_SPLIT_run1	v9a33_vendor_literal_split	617	PPQ_Operation_1090	QuantizeLinear	activation	PPQ_Variable_1787	int8	scalar	-11	-11	1	-11
V9A33_VENDOR_LITERAL_SPLIT_run1	v9a33_vendor_literal_split	618	PPQ_Operation_1091	DequantizeLinear	activation	PPQ_Variable_1790	int8	scalar	-11	-11	1	-11
V9A33_VENDOR_LITERAL_SPLIT_run1	v9a33_vendor_literal_split	620	PPQ_Operation_1092	QuantizeLinear	activation	PPQ_Variable_1793	int8	scalar	-128	-128	1	-128
V9A33_VENDOR_LITERAL_SPLIT_run1	v9a33_vendor_literal_split	621	PPQ_Operation_1093	DequantizeLinear	activation	PPQ_Variable_1796	int8	scalar	-128	-128	1	-128
V9A33_VENDOR_LITERAL_SPLIT_run1	v9a33_vendor_literal_split	623	PPQ_Operation_1094	QuantizeLinear	activation	PPQ_Variable_1799	int8	scalar	-121	-121	1	-121
V9A33_VENDOR_LITERAL_SPLIT_run1	v9a33_vendor_literal_split	624	PPQ_Operation_1095	DequantizeLinear	activation	PPQ_Variable_1802	int8	scalar	-121	-121	1	-121
V9A33_VENDOR_LITERAL_SPLIT_run1	v9a33_vendor_literal_split	626	PPQ_Operation_1096	QuantizeLinear	activation	PPQ_Variable_1805	int8	scalar	-112	-112	1	-112
V9A33_VENDOR_LITERAL_SPLIT_run1	v9a33_vendor_literal_split	627	PPQ_Operation_1097	DequantizeLinear	activation	PPQ_Variable_1808	int8	scalar	-112	-112	1	-112
V9A33_VENDOR_LITERAL_SPLIT_run1	v9a33_vendor_literal_split	629	PPQ_Operation_1098	QuantizeLinear	activation	PPQ_Variable_1811	int8	scalar	-112	-112	1	-112
V9A33_VENDOR_LITERAL_SPLIT_run1	v9a33_vendor_literal_split	630	PPQ_Operation_1099	DequantizeLinear	activation	PPQ_Variable_1814	int8	scalar	-112	-112	1	-112
V9A33_VENDOR_LITERAL_SPLIT_run1	v9a33_vendor_literal_split	632	PPQ_Operation_1101	QuantizeLinear	activation	PPQ_Variable_1820	int8	scalar	1	1	1	1
V9A33_VENDOR_LITERAL_SPLIT_run1	v9a33_vendor_literal_split	633	PPQ_Operation_1102	DequantizeLinear	activation	PPQ_Variable_1823	int8	scalar	1	1	1	1
V9A33_VENDOR_LITERAL_SPLIT_run1	v9a33_vendor_literal_split	635	PPQ_Operation_1103	QuantizeLinear	activation	PPQ_Variable_1826	int8	scalar	-128	-128	1	-128
V9A33_VENDOR_LITERAL_SPLIT_run1	v9a33_vendor_literal_split	636	PPQ_Operation_1104	DequantizeLinear	activation	PPQ_Variable_1829	int8	scalar	-128	-128	1	-128
V9A33_VENDOR_LITERAL_SPLIT_run1	v9a33_vendor_literal_split	638	PPQ_Operation_1105	QuantizeLinear	activation	PPQ_Variable_1832	int8	scalar	-119	-119	1	-119
V9A33_VENDOR_LITERAL_SPLIT_run1	v9a33_vendor_literal_split	639	PPQ_Operation_1106	DequantizeLinear	activation	PPQ_Variable_1835	int8	scalar	-119	-119	1	-119
V9A33_VENDOR_LITERAL_SPLIT_run1	v9a33_vendor_literal_split	641	PPQ_Operation_1107	QuantizeLinear	activation	PPQ_Variable_1838	int8	scalar	-117	-117	1	-117
V9A33_VENDOR_LITERAL_SPLIT_run1	v9a33_vendor_literal_split	642	PPQ_Operation_1108	DequantizeLinear	activation	PPQ_Variable_1841	int8	scalar	-117	-117	1	-117
V9A33_VENDOR_LITERAL_SPLIT_run1	v9a33_vendor_literal_split	644	PPQ_Operation_1110	QuantizeLinear	activation	PPQ_Variable_1847	int8	scalar	48	48	1	48
V9A33_VENDOR_LITERAL_SPLIT_run1	v9a33_vendor_literal_split	645	PPQ_Operation_1111	DequantizeLinear	activation	PPQ_Variable_1850	int8	scalar	48	48	1	48
V9A33_VENDOR_LITERAL_SPLIT_run1	v9a33_vendor_literal_split	647	PPQ_Operation_1112	QuantizeLinear	activation	PPQ_Variable_1853	int8	scalar	-128	-128	1	-128
V9A33_VENDOR_LITERAL_SPLIT_run1	v9a33_vendor_literal_split	648	PPQ_Operation_1113	DequantizeLinear	activation	PPQ_Variable_1856	int8	scalar	-128	-128	1	-128
V9A33_VENDOR_LITERAL_SPLIT_run1	v9a33_vendor_literal_split	650	PPQ_Operation_1114	QuantizeLinear	activation	PPQ_Variable_1859	int8	scalar	-113	-113	1	-113
V9A33_VENDOR_LITERAL_SPLIT_run1	v9a33_vendor_literal_split	651	PPQ_Operation_1115	DequantizeLinear	activation	PPQ_Variable_1862	int8	scalar	-113	-113	1	-113
V9A33_VENDOR_LITERAL_SPLIT_run1	v9a33_vendor_literal_split	653	PPQ_Operation_1116	QuantizeLinear	activation	PPQ_Variable_1865	int8	scalar	-113	-113	1	-113
V9A33_VENDOR_LITERAL_SPLIT_run1	v9a33_vendor_literal_split	654	PPQ_Operation_1117	DequantizeLinear	activation	PPQ_Variable_1868	int8	scalar	-113	-113	1	-113
V9A33_VENDOR_LITERAL_SPLIT_run1	v9a33_vendor_literal_split	656	PPQ_Operation_1118	QuantizeLinear	activation	PPQ_Variable_1871	int8	scalar	-112	-112	1	-112
V9A33_VENDOR_LITERAL_SPLIT_run1	v9a33_vendor_literal_split	657	PPQ_Operation_1119	DequantizeLinear	activation	PPQ_Variable_1874	int8	scalar	-112	-112	1	-112
V9A33_VENDOR_LITERAL_SPLIT_run1	v9a33_vendor_literal_split	659	PPQ_Operation_1121	QuantizeLinear	activation	PPQ_Variable_1880	int8	scalar	1	1	1	1
V9A33_VENDOR_LITERAL_SPLIT_run1	v9a33_vendor_literal_split	660	PPQ_Operation_1122	DequantizeLinear	activation	PPQ_Variable_1883	int8	scalar	1	1	1	1
V9A33_VENDOR_LITERAL_SPLIT_run1	v9a33_vendor_literal_split	662	PPQ_Operation_1123	QuantizeLinear	activation	PPQ_Variable_1886	int8	scalar	-128	-128	1	-128
V9A33_VENDOR_LITERAL_SPLIT_run1	v9a33_vendor_literal_split	663	PPQ_Operation_1124	DequantizeLinear	activation	PPQ_Variable_1889	int8	scalar	-128	-128	1	-128
V9A33_VENDOR_LITERAL_SPLIT_run1	v9a33_vendor_literal_split	665	PPQ_Operation_1125	QuantizeLinear	activation	PPQ_Variable_1892	int8	scalar	-112	-112	1	-112
V9A33_VENDOR_LITERAL_SPLIT_run1	v9a33_vendor_literal_split	666	PPQ_Operation_1126	DequantizeLinear	activation	PPQ_Variable_1895	int8	scalar	-112	-112	1	-112
V9A33_VENDOR_LITERAL_SPLIT_run1	v9a33_vendor_literal_split	668	PPQ_Operation_1127	QuantizeLinear	activation	PPQ_Variable_1898	int8	scalar	-112	-112	1	-112
V9A33_VENDOR_LITERAL_SPLIT_run1	v9a33_vendor_literal_split	669	PPQ_Operation_1129	QuantizeLinear	activation	PPQ_Variable_1904	int8	scalar	-112	-112	1	-112
V9A33_VENDOR_LITERAL_SPLIT_run1	v9a33_vendor_literal_split	670	PPQ_Operation_1128	DequantizeLinear	activation	PPQ_Variable_1901	int8	scalar	-112	-112	1	-112
V9A33_VENDOR_LITERAL_SPLIT_run1	v9a33_vendor_literal_split	671	PPQ_Operation_1130	DequantizeLinear	activation	PPQ_Variable_1907	int8	scalar	-112	-112	1	-112
V9A33_VENDOR_LITERAL_SPLIT_run1	v9a33_vendor_literal_split	674	PPQ_Operation_1132	QuantizeLinear	activation	PPQ_Variable_1913	int8	scalar	27	27	1	27
V9A33_VENDOR_LITERAL_SPLIT_run1	v9a33_vendor_literal_split	675	PPQ_Operation_1135	QuantizeLinear	activation	PPQ_Variable_1922	int8	scalar	29	29	1	29
V9A33_VENDOR_LITERAL_SPLIT_run1	v9a33_vendor_literal_split	676	PPQ_Operation_1133	DequantizeLinear	activation	PPQ_Variable_1916	int8	scalar	27	27	1	27
V9A33_VENDOR_LITERAL_SPLIT_run1	v9a33_vendor_literal_split	677	PPQ_Operation_1136	DequantizeLinear	activation	PPQ_Variable_1925	int8	scalar	29	29	1	29
V9A33_VENDOR_LITERAL_SPLIT_run1	v9a33_vendor_literal_split	680	PPQ_Operation_1137	QuantizeLinear	activation	PPQ_Variable_1928	int8	scalar	-128	-128	1	-128
V9A33_VENDOR_LITERAL_SPLIT_run1	v9a33_vendor_literal_split	681	PPQ_Operation_1139	QuantizeLinear	activation	PPQ_Variable_1934	int8	scalar	-128	-128	1	-128
V9A33_VENDOR_LITERAL_SPLIT_run1	v9a33_vendor_literal_split	682	PPQ_Operation_1138	DequantizeLinear	activation	PPQ_Variable_1931	int8	scalar	-128	-128	1	-128
V9A33_VENDOR_LITERAL_SPLIT_run1	v9a33_vendor_literal_split	683	PPQ_Operation_1140	DequantizeLinear	activation	PPQ_Variable_1937	int8	scalar	-128	-128	1	-128
V9A33_VENDOR_LITERAL_SPLIT_run1	v9a33_vendor_literal_split	686	PPQ_Operation_1141	QuantizeLinear	activation	PPQ_Variable_1940	int8	scalar	-77	-77	1	-77
V9A33_VENDOR_LITERAL_SPLIT_run1	v9a33_vendor_literal_split	687	PPQ_Operation_1143	QuantizeLinear	activation	PPQ_Variable_1946	int8	scalar	-115	-115	1	-115
V9A33_VENDOR_LITERAL_SPLIT_run1	v9a33_vendor_literal_split	688	PPQ_Operation_1142	DequantizeLinear	activation	PPQ_Variable_1943	int8	scalar	-77	-77	1	-77
V9A33_VENDOR_LITERAL_SPLIT_run1	v9a33_vendor_literal_split	689	PPQ_Operation_1144	DequantizeLinear	activation	PPQ_Variable_1949	int8	scalar	-115	-115	1	-115
V9A33_VENDOR_LITERAL_SPLIT_run1	v9a33_vendor_literal_split	691	PPQ_Operation_1146	QuantizeLinear	activation	PPQ_Variable_1955	int8	scalar	8	8	1	8
V9A33_VENDOR_LITERAL_SPLIT_run1	v9a33_vendor_literal_split	692	PPQ_Operation_1147	DequantizeLinear	activation	PPQ_Variable_1958	int8	scalar	8	8	1	8
V9A33_VENDOR_LITERAL_SPLIT_run1	v9a33_vendor_literal_split	694	PPQ_Operation_1148	QuantizeLinear	activation	PPQ_Variable_1961	int8	scalar	-128	-128	1	-128
V9A33_VENDOR_LITERAL_SPLIT_run1	v9a33_vendor_literal_split	695	PPQ_Operation_1149	DequantizeLinear	activation	PPQ_Variable_1964	int8	scalar	-128	-128	1	-128
V9A33_VENDOR_LITERAL_SPLIT_run1	v9a33_vendor_literal_split	697	PPQ_Operation_1150	QuantizeLinear	activation	PPQ_Variable_1967	int8	scalar	-112	-112	1	-112
V9A33_VENDOR_LITERAL_SPLIT_run1	v9a33_vendor_literal_split	698	PPQ_Operation_1151	DequantizeLinear	activation	PPQ_Variable_1970	int8	scalar	-112	-112	1	-112
V9A33_VENDOR_LITERAL_SPLIT_run1	v9a33_vendor_literal_split	700	PPQ_Operation_1153	QuantizeLinear	activation	PPQ_Variable_1976	int8	scalar	10	10	1	10
V9A33_VENDOR_LITERAL_SPLIT_run1	v9a33_vendor_literal_split	701	PPQ_Operation_1154	DequantizeLinear	activation	PPQ_Variable_1979	int8	scalar	10	10	1	10
V9A33_VENDOR_LITERAL_SPLIT_run1	v9a33_vendor_literal_split	703	PPQ_Operation_1155	QuantizeLinear	activation	PPQ_Variable_1982	int8	scalar	-128	-128	1	-128
V9A33_VENDOR_LITERAL_SPLIT_run1	v9a33_vendor_literal_split	704	PPQ_Operation_1156	DequantizeLinear	activation	PPQ_Variable_1985	int8	scalar	-128	-128	1	-128
V9A33_VENDOR_LITERAL_SPLIT_run1	v9a33_vendor_literal_split	706	PPQ_Operation_1157	QuantizeLinear	activation	PPQ_Variable_1988	int8	scalar	-115	-115	1	-115
V9A33_VENDOR_LITERAL_SPLIT_run1	v9a33_vendor_literal_split	707	PPQ_Operation_1158	DequantizeLinear	activation	PPQ_Variable_1991	int8	scalar	-115	-115	1	-115
V9A33_VENDOR_LITERAL_SPLIT_run1	v9a33_vendor_literal_split	709	PPQ_Operation_1159	QuantizeLinear	activation	PPQ_Variable_1994	int8	scalar	-104	-104	1	-104
V9A33_VENDOR_LITERAL_SPLIT_run1	v9a33_vendor_literal_split	710	PPQ_Operation_1160	DequantizeLinear	activation	PPQ_Variable_1997	int8	scalar	-104	-104	1	-104
V9A33_VENDOR_LITERAL_SPLIT_run1	v9a33_vendor_literal_split	712	PPQ_Operation_1162	QuantizeLinear	activation	PPQ_Variable_2003	int8	scalar	43	43	1	43
V9A33_VENDOR_LITERAL_SPLIT_run1	v9a33_vendor_literal_split	713	PPQ_Operation_1163	DequantizeLinear	activation	PPQ_Variable_2006	int8	scalar	43	43	1	43
V9A33_VENDOR_LITERAL_SPLIT_run1	v9a33_vendor_literal_split	715	PPQ_Operation_1164	QuantizeLinear	activation	PPQ_Variable_2009	int8	scalar	-128	-128	1	-128
V9A33_VENDOR_LITERAL_SPLIT_run1	v9a33_vendor_literal_split	716	PPQ_Operation_1165	DequantizeLinear	activation	PPQ_Variable_2012	int8	scalar	-128	-128	1	-128
V9A33_VENDOR_LITERAL_SPLIT_run1	v9a33_vendor_literal_split	718	PPQ_Operation_1166	QuantizeLinear	activation	PPQ_Variable_2015	int8	scalar	-109	-109	1	-109
V9A33_VENDOR_LITERAL_SPLIT_run1	v9a33_vendor_literal_split	719	PPQ_Operation_1167	DequantizeLinear	activation	PPQ_Variable_2018	int8	scalar	-109	-109	1	-109
V9A33_VENDOR_LITERAL_SPLIT_run1	v9a33_vendor_literal_split	721	PPQ_Operation_1169	QuantizeLinear	activation	PPQ_Variable_2024	int8	scalar	-35	-35	1	-35
V9A33_VENDOR_LITERAL_SPLIT_run1	v9a33_vendor_literal_split	722	PPQ_Operation_1170	DequantizeLinear	activation	PPQ_Variable_2027	int8	scalar	-35	-35	1	-35
V9A33_VENDOR_LITERAL_SPLIT_run1	v9a33_vendor_literal_split	724	PPQ_Operation_1171	QuantizeLinear	activation	PPQ_Variable_2030	int8	scalar	-128	-128	1	-128
V9A33_VENDOR_LITERAL_SPLIT_run1	v9a33_vendor_literal_split	725	PPQ_Operation_1172	DequantizeLinear	activation	PPQ_Variable_2033	int8	scalar	-128	-128	1	-128
V9A33_VENDOR_LITERAL_SPLIT_run1	v9a33_vendor_literal_split	727	PPQ_Operation_1173	QuantizeLinear	activation	PPQ_Variable_2036	int8	scalar	-123	-123	1	-123
V9A33_VENDOR_LITERAL_SPLIT_run1	v9a33_vendor_literal_split	728	PPQ_Operation_1174	DequantizeLinear	activation	PPQ_Variable_2039	int8	scalar	-123	-123	1	-123
V9A33_VENDOR_LITERAL_SPLIT_run1	v9a33_vendor_literal_split	730	PPQ_Operation_1175	QuantizeLinear	activation	PPQ_Variable_2042	int8	scalar	-115	-115	1	-115
V9A33_VENDOR_LITERAL_SPLIT_run1	v9a33_vendor_literal_split	731	PPQ_Operation_1176	DequantizeLinear	activation	PPQ_Variable_2045	int8	scalar	-115	-115	1	-115
V9A33_VENDOR_LITERAL_SPLIT_run1	v9a33_vendor_literal_split	733	PPQ_Operation_1177	QuantizeLinear	activation	PPQ_Variable_2048	int8	scalar	-115	-115	1	-115
V9A33_VENDOR_LITERAL_SPLIT_run1	v9a33_vendor_literal_split	734	PPQ_Operation_1178	DequantizeLinear	activation	PPQ_Variable_2051	int8	scalar	-115	-115	1	-115
V9A33_VENDOR_LITERAL_SPLIT_run1	v9a33_vendor_literal_split	736	PPQ_Operation_1180	QuantizeLinear	activation	PPQ_Variable_2057	int8	scalar	0	0	1	0
V9A33_VENDOR_LITERAL_SPLIT_run1	v9a33_vendor_literal_split	737	PPQ_Operation_1181	DequantizeLinear	activation	PPQ_Variable_2060	int8	scalar	0	0	1	0
V9A33_VENDOR_LITERAL_SPLIT_run1	v9a33_vendor_literal_split	739	PPQ_Operation_1182	QuantizeLinear	activation	PPQ_Variable_2063	int8	scalar	-128	-128	1	-128
V9A33_VENDOR_LITERAL_SPLIT_run1	v9a33_vendor_literal_split	740	PPQ_Operation_1183	DequantizeLinear	activation	PPQ_Variable_2066	int8	scalar	-128	-128	1	-128
V9A33_VENDOR_LITERAL_SPLIT_run1	v9a33_vendor_literal_split	742	PPQ_Operation_1184	QuantizeLinear	activation	PPQ_Variable_2069	int8	scalar	-120	-120	1	-120
V9A33_VENDOR_LITERAL_SPLIT_run1	v9a33_vendor_literal_split	743	PPQ_Operation_1185	DequantizeLinear	activation	PPQ_Variable_2072	int8	scalar	-120	-120	1	-120
V9A33_VENDOR_LITERAL_SPLIT_run1	v9a33_vendor_literal_split	745	PPQ_Operation_1186	QuantizeLinear	activation	PPQ_Variable_2075	int8	scalar	-119	-119	1	-119
V9A33_VENDOR_LITERAL_SPLIT_run1	v9a33_vendor_literal_split	746	PPQ_Operation_1187	DequantizeLinear	activation	PPQ_Variable_2078	int8	scalar	-119	-119	1	-119
V9A33_VENDOR_LITERAL_SPLIT_run1	v9a33_vendor_literal_split	748	PPQ_Operation_1189	QuantizeLinear	activation	PPQ_Variable_2084	int8	scalar	-63	-63	1	-63
V9A33_VENDOR_LITERAL_SPLIT_run1	v9a33_vendor_literal_split	749	PPQ_Operation_1190	DequantizeLinear	activation	PPQ_Variable_2087	int8	scalar	-63	-63	1	-63
V9A33_VENDOR_LITERAL_SPLIT_run1	v9a33_vendor_literal_split	751	PPQ_Operation_1191	QuantizeLinear	activation	PPQ_Variable_2090	int8	scalar	-128	-128	1	-128
V9A33_VENDOR_LITERAL_SPLIT_run1	v9a33_vendor_literal_split	752	PPQ_Operation_1192	DequantizeLinear	activation	PPQ_Variable_2093	int8	scalar	-128	-128	1	-128
V9A33_VENDOR_LITERAL_SPLIT_run1	v9a33_vendor_literal_split	754	PPQ_Operation_1193	QuantizeLinear	activation	PPQ_Variable_2096	int8	scalar	-114	-114	1	-114
V9A33_VENDOR_LITERAL_SPLIT_run1	v9a33_vendor_literal_split	755	PPQ_Operation_1194	DequantizeLinear	activation	PPQ_Variable_2099	int8	scalar	-114	-114	1	-114
V9A33_VENDOR_LITERAL_SPLIT_run1	v9a33_vendor_literal_split	759	PPQ_Operation_1196	QuantizeLinear	activation	PPQ_Variable_2105	int8	scalar	27	27	1	27
V9A33_VENDOR_LITERAL_SPLIT_run1	v9a33_vendor_literal_split	760	PPQ_Operation_1199	QuantizeLinear	activation	PPQ_Variable_2114	int8	scalar	-62	-62	1	-62
V9A33_VENDOR_LITERAL_SPLIT_run1	v9a33_vendor_literal_split	761	PPQ_Operation_1202	QuantizeLinear	activation	PPQ_Variable_2123	int8	scalar	-49	-49	1	-49
V9A33_VENDOR_LITERAL_SPLIT_run1	v9a33_vendor_literal_split	762	PPQ_Operation_1197	DequantizeLinear	activation	PPQ_Variable_2108	int8	scalar	27	27	1	27
V9A33_VENDOR_LITERAL_SPLIT_run1	v9a33_vendor_literal_split	763	PPQ_Operation_1200	DequantizeLinear	activation	PPQ_Variable_2117	int8	scalar	-62	-62	1	-62
V9A33_VENDOR_LITERAL_SPLIT_run1	v9a33_vendor_literal_split	764	PPQ_Operation_1203	DequantizeLinear	activation	PPQ_Variable_2126	int8	scalar	-49	-49	1	-49
V9A33_VENDOR_LITERAL_SPLIT_run1	v9a33_vendor_literal_split	768	PPQ_Operation_1204	QuantizeLinear	activation	PPQ_Variable_2129	int8	scalar	-128	-128	1	-128
V9A33_VENDOR_LITERAL_SPLIT_run1	v9a33_vendor_literal_split	769	PPQ_Operation_1206	QuantizeLinear	activation	PPQ_Variable_2135	int8	scalar	-128	-128	1	-128
V9A33_VENDOR_LITERAL_SPLIT_run1	v9a33_vendor_literal_split	770	PPQ_Operation_1208	QuantizeLinear	activation	PPQ_Variable_2141	int8	scalar	-128	-128	1	-128
V9A33_VENDOR_LITERAL_SPLIT_run1	v9a33_vendor_literal_split	771	PPQ_Operation_1205	DequantizeLinear	activation	PPQ_Variable_2132	int8	scalar	-128	-128	1	-128
V9A33_VENDOR_LITERAL_SPLIT_run1	v9a33_vendor_literal_split	772	PPQ_Operation_1207	DequantizeLinear	activation	PPQ_Variable_2138	int8	scalar	-128	-128	1	-128
V9A33_VENDOR_LITERAL_SPLIT_run1	v9a33_vendor_literal_split	773	PPQ_Operation_1209	DequantizeLinear	activation	PPQ_Variable_2144	int8	scalar	-128	-128	1	-128
V9A33_VENDOR_LITERAL_SPLIT_run1	v9a33_vendor_literal_split	777	PPQ_Operation_1210	QuantizeLinear	activation	PPQ_Variable_2147	int8	scalar	-112	-112	1	-112
V9A33_VENDOR_LITERAL_SPLIT_run1	v9a33_vendor_literal_split	778	PPQ_Operation_1212	QuantizeLinear	activation	PPQ_Variable_2153	int8	scalar	-123	-123	1	-123
V9A33_VENDOR_LITERAL_SPLIT_run1	v9a33_vendor_literal_split	779	PPQ_Operation_1214	QuantizeLinear	activation	PPQ_Variable_2159	int8	scalar	-121	-121	1	-121
V9A33_VENDOR_LITERAL_SPLIT_run1	v9a33_vendor_literal_split	780	PPQ_Operation_1211	DequantizeLinear	activation	PPQ_Variable_2150	int8	scalar	-112	-112	1	-112
V9A33_VENDOR_LITERAL_SPLIT_run1	v9a33_vendor_literal_split	781	PPQ_Operation_1213	DequantizeLinear	activation	PPQ_Variable_2156	int8	scalar	-123	-123	1	-123
V9A33_VENDOR_LITERAL_SPLIT_run1	v9a33_vendor_literal_split	782	PPQ_Operation_1215	DequantizeLinear	activation	PPQ_Variable_2162	int8	scalar	-121	-121	1	-121
V9A33_VENDOR_LITERAL_SPLIT_run1	v9a33_vendor_literal_split	786	PPQ_Operation_1216	QuantizeLinear	activation	PPQ_Variable_2165	int8	scalar	-113	-113	1	-113
V9A33_VENDOR_LITERAL_SPLIT_run1	v9a33_vendor_literal_split	787	PPQ_Operation_1219	QuantizeLinear	activation	PPQ_Variable_2174	int8	scalar	5	5	1	5
V9A33_VENDOR_LITERAL_SPLIT_run1	v9a33_vendor_literal_split	788	PPQ_Operation_1222	QuantizeLinear	activation	PPQ_Variable_2183	int8	scalar	23	23	1	23
V9A33_VENDOR_LITERAL_SPLIT_run1	v9a33_vendor_literal_split	789	PPQ_Operation_1217	DequantizeLinear	activation	PPQ_Variable_2168	int8	scalar	-113	-113	1	-113
V9A33_VENDOR_LITERAL_SPLIT_run1	v9a33_vendor_literal_split	790	PPQ_Operation_1220	DequantizeLinear	activation	PPQ_Variable_2177	int8	scalar	5	5	1	5
V9A33_VENDOR_LITERAL_SPLIT_run1	v9a33_vendor_literal_split	791	PPQ_Operation_1223	DequantizeLinear	activation	PPQ_Variable_2186	int8	scalar	23	23	1	23
V9A33_VENDOR_LITERAL_SPLIT_run1	v9a33_vendor_literal_split	795	PPQ_Operation_1225	QuantizeLinear	activation	PPQ_Variable_2192	int8	scalar	13	13	1	13
V9A33_VENDOR_LITERAL_SPLIT_run1	v9a33_vendor_literal_split	796	PPQ_Operation_1227	QuantizeLinear	activation	PPQ_Variable_2198	int8	scalar	-128	-128	1	-128
V9A33_VENDOR_LITERAL_SPLIT_run1	v9a33_vendor_literal_split	797	PPQ_Operation_1229	QuantizeLinear	activation	PPQ_Variable_2204	int8	scalar	-128	-128	1	-128
V9A33_VENDOR_LITERAL_SPLIT_run1	v9a33_vendor_literal_split	798	PPQ_Operation_1226	DequantizeLinear	activation	PPQ_Variable_2195	int8	scalar	13	13	1	13
V9A33_VENDOR_LITERAL_SPLIT_run1	v9a33_vendor_literal_split	799	PPQ_Operation_1228	DequantizeLinear	activation	PPQ_Variable_2201	int8	scalar	-128	-128	1	-128
V9A33_VENDOR_LITERAL_SPLIT_run1	v9a33_vendor_literal_split	800	PPQ_Operation_1230	DequantizeLinear	activation	PPQ_Variable_2207	int8	scalar	-128	-128	1	-128
V9A33_VENDOR_LITERAL_SPLIT_run1	v9a33_vendor_literal_split	804	PPQ_Operation_1231	QuantizeLinear	activation	PPQ_Variable_2210	int8	scalar	-128	-128	1	-128
V9A33_VENDOR_LITERAL_SPLIT_run1	v9a33_vendor_literal_split	805	PPQ_Operation_1233	QuantizeLinear	activation	PPQ_Variable_2216	int8	scalar	-111	-111	1	-111
V9A33_VENDOR_LITERAL_SPLIT_run1	v9a33_vendor_literal_split	806	PPQ_Operation_1235	QuantizeLinear	activation	PPQ_Variable_2222	int8	scalar	-118	-118	1	-118
V9A33_VENDOR_LITERAL_SPLIT_run1	v9a33_vendor_literal_split	807	PPQ_Operation_1232	DequantizeLinear	activation	PPQ_Variable_2213	int8	scalar	-128	-128	1	-128
V9A33_VENDOR_LITERAL_SPLIT_run1	v9a33_vendor_literal_split	808	PPQ_Operation_1234	DequantizeLinear	activation	PPQ_Variable_2219	int8	scalar	-111	-111	1	-111
V9A33_VENDOR_LITERAL_SPLIT_run1	v9a33_vendor_literal_split	809	PPQ_Operation_1236	DequantizeLinear	activation	PPQ_Variable_2225	int8	scalar	-118	-118	1	-118
V9A33_VENDOR_LITERAL_SPLIT_run1	v9a33_vendor_literal_split	813	PPQ_Operation_1237	QuantizeLinear	activation	PPQ_Variable_2228	int8	scalar	-117	-117	1	-117
V9A33_VENDOR_LITERAL_SPLIT_run1	v9a33_vendor_literal_split	814	PPQ_Operation_1240	QuantizeLinear	activation	PPQ_Variable_2237	int8	scalar	-106	-106	1	-106
V9A33_VENDOR_LITERAL_SPLIT_run1	v9a33_vendor_literal_split	815	PPQ_Operation_1243	QuantizeLinear	activation	PPQ_Variable_2246	int8	scalar	-63	-63	1	-63
V9A33_VENDOR_LITERAL_SPLIT_run1	v9a33_vendor_literal_split	816	PPQ_Operation_1238	DequantizeLinear	activation	PPQ_Variable_2231	int8	scalar	-117	-117	1	-117
V9A33_VENDOR_LITERAL_SPLIT_run1	v9a33_vendor_literal_split	817	PPQ_Operation_1241	DequantizeLinear	activation	PPQ_Variable_2240	int8	scalar	-106	-106	1	-106
V9A33_VENDOR_LITERAL_SPLIT_run1	v9a33_vendor_literal_split	818	PPQ_Operation_1244	DequantizeLinear	activation	PPQ_Variable_2249	int8	scalar	-63	-63	1	-63
V9A33_VENDOR_LITERAL_SPLIT_run1	v9a33_vendor_literal_split	821	PPQ_Operation_1245	QuantizeLinear	activation	PPQ_Variable_2252	int8	scalar	-117	-117	1	-117
V9A33_VENDOR_LITERAL_SPLIT_run1	v9a33_vendor_literal_split	822	PPQ_Operation_1247	QuantizeLinear	activation	PPQ_Variable_2258	int8	scalar	-117	-117	1	-117
V9A33_VENDOR_LITERAL_SPLIT_run1	v9a33_vendor_literal_split	823	PPQ_Operation_1249	QuantizeLinear	activation	PPQ_Variable_2264	int8	scalar	-128	-128	1	-128
V9A33_VENDOR_LITERAL_SPLIT_run1	v9a33_vendor_literal_split	824	PPQ_Operation_1246	DequantizeLinear	activation	PPQ_Variable_2255	int8	scalar	-117	-117	1	-117
V9A33_VENDOR_LITERAL_SPLIT_run1	v9a33_vendor_literal_split	825	PPQ_Operation_1248	DequantizeLinear	activation	PPQ_Variable_2261	int8	scalar	-117	-117	1	-117
V9A33_VENDOR_LITERAL_SPLIT_run1	v9a33_vendor_literal_split	826	PPQ_Operation_1250	DequantizeLinear	activation	PPQ_Variable_2267	int8	scalar	-128	-128	1	-128
V9A33_VENDOR_LITERAL_SPLIT_run1	v9a33_vendor_literal_split	830	PPQ_Operation_1252	QuantizeLinear	activation	PPQ_Variable_2273	int8	scalar	64	64	1	64
V9A33_VENDOR_LITERAL_SPLIT_run1	v9a33_vendor_literal_split	831	PPQ_Operation_1255	QuantizeLinear	activation	PPQ_Variable_2282	int8	scalar	8	8	1	8
V9A33_VENDOR_LITERAL_SPLIT_run1	v9a33_vendor_literal_split	832	PPQ_Operation_1257	QuantizeLinear	activation	PPQ_Variable_2288	int8	scalar	-124	-124	1	-124
V9A33_VENDOR_LITERAL_SPLIT_run1	v9a33_vendor_literal_split	833	PPQ_Operation_1253	DequantizeLinear	activation	PPQ_Variable_2276	int8	scalar	64	64	1	64
V9A33_VENDOR_LITERAL_SPLIT_run1	v9a33_vendor_literal_split	834	PPQ_Operation_1256	DequantizeLinear	activation	PPQ_Variable_2285	int8	scalar	8	8	1	8
V9A33_VENDOR_LITERAL_SPLIT_run1	v9a33_vendor_literal_split	835	PPQ_Operation_1258	DequantizeLinear	activation	PPQ_Variable_2291	int8	scalar	-124	-124	1	-124
V9A33_VENDOR_LITERAL_SPLIT_run1	v9a33_vendor_literal_split	839	PPQ_Operation_1259	QuantizeLinear	activation	PPQ_Variable_2294	int8	scalar	-128	-128	1	-128
V9A33_VENDOR_LITERAL_SPLIT_run1	v9a33_vendor_literal_split	840	PPQ_Operation_1261	QuantizeLinear	activation	PPQ_Variable_2300	int8	scalar	-128	-128	1	-128
V9A33_VENDOR_LITERAL_SPLIT_run1	v9a33_vendor_literal_split	841	PPQ_Operation_1264	QuantizeLinear	activation	PPQ_Variable_2309	int8	scalar	-81	-81	1	-81
V9A33_VENDOR_LITERAL_SPLIT_run1	v9a33_vendor_literal_split	842	PPQ_Operation_1260	DequantizeLinear	activation	PPQ_Variable_2297	int8	scalar	-128	-128	1	-128
V9A33_VENDOR_LITERAL_SPLIT_run1	v9a33_vendor_literal_split	843	PPQ_Operation_1262	DequantizeLinear	activation	PPQ_Variable_2303	int8	scalar	-128	-128	1	-128
V9A33_VENDOR_LITERAL_SPLIT_run1	v9a33_vendor_literal_split	844	PPQ_Operation_1265	DequantizeLinear	activation	PPQ_Variable_2312	int8	scalar	-81	-81	1	-81
V9A33_VENDOR_LITERAL_SPLIT_run1	v9a33_vendor_literal_split	848	PPQ_Operation_1266	QuantizeLinear	activation	PPQ_Variable_2315	int8	scalar	-81	-81	1	-81
V9A33_VENDOR_LITERAL_SPLIT_run1	v9a33_vendor_literal_split	849	PPQ_Operation_1268	QuantizeLinear	activation	PPQ_Variable_2321	int8	scalar	-118	-118	1	-118
V9A33_VENDOR_LITERAL_SPLIT_run1	v9a33_vendor_literal_split	850	PPQ_Operation_1270	QuantizeLinear	activation	PPQ_Variable_2327	int8	scalar	-128	-128	1	-128
V9A33_VENDOR_LITERAL_SPLIT_run1	v9a33_vendor_literal_split	851	PPQ_Operation_1267	DequantizeLinear	activation	PPQ_Variable_2318	int8	scalar	-81	-81	1	-81
V9A33_VENDOR_LITERAL_SPLIT_run1	v9a33_vendor_literal_split	852	PPQ_Operation_1269	DequantizeLinear	activation	PPQ_Variable_2324	int8	scalar	-118	-118	1	-118
V9A33_VENDOR_LITERAL_SPLIT_run1	v9a33_vendor_literal_split	853	PPQ_Operation_1271	DequantizeLinear	activation	PPQ_Variable_2330	int8	scalar	-128	-128	1	-128
V9A33_VENDOR_LITERAL_SPLIT_run1	v9a33_vendor_literal_split	856	PPQ_Operation_1273	QuantizeLinear	activation	PPQ_Variable_2336	int8	scalar	43	43	1	43
V9A33_VENDOR_LITERAL_SPLIT_run1	v9a33_vendor_literal_split	857	PPQ_Operation_1275	QuantizeLinear	activation	PPQ_Variable_2342	int8	scalar	-126	-126	1	-126
V9A33_VENDOR_LITERAL_SPLIT_run1	v9a33_vendor_literal_split	858	PPQ_Operation_1274	DequantizeLinear	activation	PPQ_Variable_2339	int8	scalar	43	43	1	43
V9A33_VENDOR_LITERAL_SPLIT_run1	v9a33_vendor_literal_split	859	PPQ_Operation_1276	DequantizeLinear	activation	PPQ_Variable_2345	int8	scalar	-126	-126	1	-126
V9A33_VENDOR_LITERAL_SPLIT_run1	v9a33_vendor_literal_split	862	PPQ_Operation_1277	QuantizeLinear	activation	PPQ_Variable_2348	int8	scalar	-128	-128	1	-128
V9A33_VENDOR_LITERAL_SPLIT_run1	v9a33_vendor_literal_split	863	PPQ_Operation_1280	QuantizeLinear	activation	PPQ_Variable_2357	int8	scalar	127	127	1	127
V9A33_VENDOR_LITERAL_SPLIT_run1	v9a33_vendor_literal_split	864	PPQ_Operation_1278	DequantizeLinear	activation	PPQ_Variable_2351	int8	scalar	-128	-128	1	-128
V9A33_VENDOR_LITERAL_SPLIT_run1	v9a33_vendor_literal_split	865	PPQ_Operation_1281	DequantizeLinear	activation	PPQ_Variable_2360	int8	scalar	127	127	1	127
V9A33_VENDOR_LITERAL_SPLIT_run1	v9a33_vendor_literal_split	867	PPQ_Operation_1282	QuantizeLinear	activation	PPQ_Variable_2363	int8	scalar	-110	-110	1	-110
V9A33_VENDOR_LITERAL_SPLIT_run1	v9a33_vendor_literal_split	868	PPQ_Operation_1283	DequantizeLinear	activation	PPQ_Variable_2366	int8	scalar	-110	-110	1	-110
V9A33_VENDOR_LITERAL_SPLIT_run1	v9a33_vendor_literal_split	870	PPQ_Operation_1285	QuantizeLinear	activation	PPQ_Variable_2372	int8	scalar	45	45	1	45
V9A33_VENDOR_LITERAL_SPLIT_run1	v9a33_vendor_literal_split	871	PPQ_Operation_1286	DequantizeLinear	activation	PPQ_Variable_2375	int8	scalar	45	45	1	45
V9A33_VENDOR_LITERAL_SPLIT_run1	v9a33_vendor_literal_split	873	PPQ_Operation_1287	QuantizeLinear	activation	PPQ_Variable_2378	int8	scalar	-128	-128	1	-128
V9A33_VENDOR_LITERAL_SPLIT_run1	v9a33_vendor_literal_split	874	PPQ_Operation_1288	DequantizeLinear	activation	PPQ_Variable_2381	int8	scalar	-128	-128	1	-128
V9A33_VENDOR_LITERAL_SPLIT_run1	v9a33_vendor_literal_split	876	PPQ_Operation_1289	QuantizeLinear	activation	PPQ_Variable_2384	int8	scalar	-113	-113	1	-113
V9A33_VENDOR_LITERAL_SPLIT_run1	v9a33_vendor_literal_split	877	PPQ_Operation_1290	DequantizeLinear	activation	PPQ_Variable_2387	int8	scalar	-113	-113	1	-113
V9A33_VENDOR_LITERAL_SPLIT_run1	v9a33_vendor_literal_split	879	PPQ_Operation_1291	QuantizeLinear	activation	PPQ_Variable_2390	int8	scalar	-99	-99	1	-99
V9A33_VENDOR_LITERAL_SPLIT_run1	v9a33_vendor_literal_split	880	PPQ_Operation_1292	DequantizeLinear	activation	PPQ_Variable_2393	int8	scalar	-99	-99	1	-99
V9A33_VENDOR_LITERAL_SPLIT_run1	v9a33_vendor_literal_split	882	PPQ_Operation_1294	QuantizeLinear	activation	PPQ_Variable_2399	int8	scalar	29	29	1	29
V9A33_VENDOR_LITERAL_SPLIT_run1	v9a33_vendor_literal_split	883	PPQ_Operation_1295	DequantizeLinear	activation	PPQ_Variable_2402	int8	scalar	29	29	1	29
V9A33_VENDOR_LITERAL_SPLIT_run1	v9a33_vendor_literal_split	885	PPQ_Operation_1296	QuantizeLinear	activation	PPQ_Variable_2405	int8	scalar	-128	-128	1	-128
V9A33_VENDOR_LITERAL_SPLIT_run1	v9a33_vendor_literal_split	886	PPQ_Operation_1297	DequantizeLinear	activation	PPQ_Variable_2408	int8	scalar	-128	-128	1	-128
V9A33_VENDOR_LITERAL_SPLIT_run1	v9a33_vendor_literal_split	888	PPQ_Operation_1298	QuantizeLinear	activation	PPQ_Variable_2411	int8	scalar	-115	-115	1	-115
V9A33_VENDOR_LITERAL_SPLIT_run1	v9a33_vendor_literal_split	889	PPQ_Operation_1299	DequantizeLinear	activation	PPQ_Variable_2414	int8	scalar	-115	-115	1	-115
V9A33_VENDOR_LITERAL_SPLIT_run1	v9a33_vendor_literal_split	891	PPQ_Operation_1301	QuantizeLinear	activation	PPQ_Variable_2420	int8	scalar	-64	-64	1	-64
V9A33_VENDOR_LITERAL_SPLIT_run1	v9a33_vendor_literal_split	892	PPQ_Operation_1302	DequantizeLinear	activation	PPQ_Variable_2423	int8	scalar	-64	-64	1	-64
V9A33_VENDOR_LITERAL_SPLIT_run1	v9a33_vendor_literal_split	894	PPQ_Operation_1303	QuantizeLinear	activation	PPQ_Variable_2426	int8	scalar	-128	-128	1	-128
V9A33_VENDOR_LITERAL_SPLIT_run1	v9a33_vendor_literal_split	895	PPQ_Operation_1304	DequantizeLinear	activation	PPQ_Variable_2429	int8	scalar	-128	-128	1	-128
V9A33_VENDOR_LITERAL_SPLIT_run1	v9a33_vendor_literal_split	897	PPQ_Operation_1305	QuantizeLinear	activation	PPQ_Variable_2432	int8	scalar	-125	-125	1	-125
V9A33_VENDOR_LITERAL_SPLIT_run1	v9a33_vendor_literal_split	898	PPQ_Operation_1306	DequantizeLinear	activation	PPQ_Variable_2435	int8	scalar	-125	-125	1	-125
V9A33_VENDOR_LITERAL_SPLIT_run1	v9a33_vendor_literal_split	900	PPQ_Operation_1307	QuantizeLinear	activation	PPQ_Variable_2438	int8	scalar	-119	-119	1	-119
V9A33_VENDOR_LITERAL_SPLIT_run1	v9a33_vendor_literal_split	901	PPQ_Operation_1308	DequantizeLinear	activation	PPQ_Variable_2441	int8	scalar	-119	-119	1	-119
V9A33_VENDOR_LITERAL_SPLIT_run1	v9a33_vendor_literal_split	903	PPQ_Operation_1309	QuantizeLinear	activation	PPQ_Variable_2444	int8	scalar	-119	-119	1	-119
V9A33_VENDOR_LITERAL_SPLIT_run1	v9a33_vendor_literal_split	904	PPQ_Operation_1310	DequantizeLinear	activation	PPQ_Variable_2447	int8	scalar	-119	-119	1	-119
V9A33_VENDOR_LITERAL_SPLIT_run1	v9a33_vendor_literal_split	906	PPQ_Operation_1312	QuantizeLinear	activation	PPQ_Variable_2453	int8	scalar	-60	-60	1	-60
V9A33_VENDOR_LITERAL_SPLIT_run1	v9a33_vendor_literal_split	907	PPQ_Operation_1313	DequantizeLinear	activation	PPQ_Variable_2456	int8	scalar	-60	-60	1	-60
V9A33_VENDOR_LITERAL_SPLIT_run1	v9a33_vendor_literal_split	909	PPQ_Operation_1314	QuantizeLinear	activation	PPQ_Variable_2459	int8	scalar	-128	-128	1	-128
V9A33_VENDOR_LITERAL_SPLIT_run1	v9a33_vendor_literal_split	910	PPQ_Operation_1315	DequantizeLinear	activation	PPQ_Variable_2462	int8	scalar	-128	-128	1	-128
V9A33_VENDOR_LITERAL_SPLIT_run1	v9a33_vendor_literal_split	912	PPQ_Operation_1316	QuantizeLinear	activation	PPQ_Variable_2465	int8	scalar	-121	-121	1	-121
V9A33_VENDOR_LITERAL_SPLIT_run1	v9a33_vendor_literal_split	913	PPQ_Operation_1317	DequantizeLinear	activation	PPQ_Variable_2468	int8	scalar	-121	-121	1	-121
V9A33_VENDOR_LITERAL_SPLIT_run1	v9a33_vendor_literal_split	915	PPQ_Operation_1318	QuantizeLinear	activation	PPQ_Variable_2471	int8	scalar	-120	-120	1	-120
V9A33_VENDOR_LITERAL_SPLIT_run1	v9a33_vendor_literal_split	916	PPQ_Operation_1319	DequantizeLinear	activation	PPQ_Variable_2474	int8	scalar	-120	-120	1	-120
V9A33_VENDOR_LITERAL_SPLIT_run1	v9a33_vendor_literal_split	918	PPQ_Operation_1321	QuantizeLinear	activation	PPQ_Variable_2480	int8	scalar	-35	-35	1	-35
V9A33_VENDOR_LITERAL_SPLIT_run1	v9a33_vendor_literal_split	919	PPQ_Operation_1322	DequantizeLinear	activation	PPQ_Variable_2483	int8	scalar	-35	-35	1	-35
V9A33_VENDOR_LITERAL_SPLIT_run1	v9a33_vendor_literal_split	921	PPQ_Operation_1323	QuantizeLinear	activation	PPQ_Variable_2486	int8	scalar	-128	-128	1	-128
V9A33_VENDOR_LITERAL_SPLIT_run1	v9a33_vendor_literal_split	922	PPQ_Operation_1324	DequantizeLinear	activation	PPQ_Variable_2489	int8	scalar	-128	-128	1	-128
V9A33_VENDOR_LITERAL_SPLIT_run1	v9a33_vendor_literal_split	924	PPQ_Operation_1325	QuantizeLinear	activation	PPQ_Variable_2492	int8	scalar	-113	-113	1	-113
V9A33_VENDOR_LITERAL_SPLIT_run1	v9a33_vendor_literal_split	925	PPQ_Operation_1326	DequantizeLinear	activation	PPQ_Variable_2495	int8	scalar	-113	-113	1	-113
V9A33_VENDOR_LITERAL_SPLIT_run1	v9a33_vendor_literal_split	929	PPQ_Operation_1328	QuantizeLinear	activation	PPQ_Variable_2501	int8	scalar	36	36	1	36
V9A33_VENDOR_LITERAL_SPLIT_run1	v9a33_vendor_literal_split	930	PPQ_Operation_1331	QuantizeLinear	activation	PPQ_Variable_2510	int8	scalar	-17	-17	1	-17
V9A33_VENDOR_LITERAL_SPLIT_run1	v9a33_vendor_literal_split	931	PPQ_Operation_1334	QuantizeLinear	activation	PPQ_Variable_2519	int8	scalar	-46	-46	1	-46
V9A33_VENDOR_LITERAL_SPLIT_run1	v9a33_vendor_literal_split	932	PPQ_Operation_1329	DequantizeLinear	activation	PPQ_Variable_2504	int8	scalar	36	36	1	36
V9A33_VENDOR_LITERAL_SPLIT_run1	v9a33_vendor_literal_split	933	PPQ_Operation_1332	DequantizeLinear	activation	PPQ_Variable_2513	int8	scalar	-17	-17	1	-17
V9A33_VENDOR_LITERAL_SPLIT_run1	v9a33_vendor_literal_split	934	PPQ_Operation_1335	DequantizeLinear	activation	PPQ_Variable_2522	int8	scalar	-46	-46	1	-46
V9A33_VENDOR_LITERAL_SPLIT_run1	v9a33_vendor_literal_split	938	PPQ_Operation_1336	QuantizeLinear	activation	PPQ_Variable_2525	int8	scalar	-128	-128	1	-128
V9A33_VENDOR_LITERAL_SPLIT_run1	v9a33_vendor_literal_split	939	PPQ_Operation_1338	QuantizeLinear	activation	PPQ_Variable_2531	int8	scalar	-128	-128	1	-128
V9A33_VENDOR_LITERAL_SPLIT_run1	v9a33_vendor_literal_split	940	PPQ_Operation_1340	QuantizeLinear	activation	PPQ_Variable_2537	int8	scalar	-128	-128	1	-128
V9A33_VENDOR_LITERAL_SPLIT_run1	v9a33_vendor_literal_split	941	PPQ_Operation_1337	DequantizeLinear	activation	PPQ_Variable_2528	int8	scalar	-128	-128	1	-128
V9A33_VENDOR_LITERAL_SPLIT_run1	v9a33_vendor_literal_split	942	PPQ_Operation_1339	DequantizeLinear	activation	PPQ_Variable_2534	int8	scalar	-128	-128	1	-128
V9A33_VENDOR_LITERAL_SPLIT_run1	v9a33_vendor_literal_split	943	PPQ_Operation_1341	DequantizeLinear	activation	PPQ_Variable_2540	int8	scalar	-128	-128	1	-128
V9A33_VENDOR_LITERAL_SPLIT_run1	v9a33_vendor_literal_split	947	PPQ_Operation_1342	QuantizeLinear	activation	PPQ_Variable_2543	int8	scalar	-115	-115	1	-115
V9A33_VENDOR_LITERAL_SPLIT_run1	v9a33_vendor_literal_split	948	PPQ_Operation_1344	QuantizeLinear	activation	PPQ_Variable_2549	int8	scalar	-122	-122	1	-122
V9A33_VENDOR_LITERAL_SPLIT_run1	v9a33_vendor_literal_split	949	PPQ_Operation_1346	QuantizeLinear	activation	PPQ_Variable_2555	int8	scalar	-124	-124	1	-124
V9A33_VENDOR_LITERAL_SPLIT_run1	v9a33_vendor_literal_split	950	PPQ_Operation_1343	DequantizeLinear	activation	PPQ_Variable_2546	int8	scalar	-115	-115	1	-115
V9A33_VENDOR_LITERAL_SPLIT_run1	v9a33_vendor_literal_split	951	PPQ_Operation_1345	DequantizeLinear	activation	PPQ_Variable_2552	int8	scalar	-122	-122	1	-122
V9A33_VENDOR_LITERAL_SPLIT_run1	v9a33_vendor_literal_split	952	PPQ_Operation_1347	DequantizeLinear	activation	PPQ_Variable_2558	int8	scalar	-124	-124	1	-124
V9A33_VENDOR_LITERAL_SPLIT_run1	v9a33_vendor_literal_split	956	PPQ_Operation_1348	QuantizeLinear	activation	PPQ_Variable_2561	int8	scalar	-116	-116	1	-116
V9A33_VENDOR_LITERAL_SPLIT_run1	v9a33_vendor_literal_split	957	PPQ_Operation_1351	QuantizeLinear	activation	PPQ_Variable_2570	int8	scalar	9	9	1	9
V9A33_VENDOR_LITERAL_SPLIT_run1	v9a33_vendor_literal_split	958	PPQ_Operation_1354	QuantizeLinear	activation	PPQ_Variable_2579	int8	scalar	-33	-33	1	-33
V9A33_VENDOR_LITERAL_SPLIT_run1	v9a33_vendor_literal_split	959	PPQ_Operation_1349	DequantizeLinear	activation	PPQ_Variable_2564	int8	scalar	-116	-116	1	-116
V9A33_VENDOR_LITERAL_SPLIT_run1	v9a33_vendor_literal_split	960	PPQ_Operation_1352	DequantizeLinear	activation	PPQ_Variable_2573	int8	scalar	9	9	1	9
V9A33_VENDOR_LITERAL_SPLIT_run1	v9a33_vendor_literal_split	961	PPQ_Operation_1355	DequantizeLinear	activation	PPQ_Variable_2582	int8	scalar	-33	-33	1	-33
V9A33_VENDOR_LITERAL_SPLIT_run1	v9a33_vendor_literal_split	965	PPQ_Operation_1357	QuantizeLinear	activation	PPQ_Variable_2588	int8	scalar	11	11	1	11
V9A33_VENDOR_LITERAL_SPLIT_run1	v9a33_vendor_literal_split	966	PPQ_Operation_1359	QuantizeLinear	activation	PPQ_Variable_2594	int8	scalar	-128	-128	1	-128
V9A33_VENDOR_LITERAL_SPLIT_run1	v9a33_vendor_literal_split	967	PPQ_Operation_1361	QuantizeLinear	activation	PPQ_Variable_2600	int8	scalar	-128	-128	1	-128
V9A33_VENDOR_LITERAL_SPLIT_run1	v9a33_vendor_literal_split	968	PPQ_Operation_1358	DequantizeLinear	activation	PPQ_Variable_2591	int8	scalar	11	11	1	11
V9A33_VENDOR_LITERAL_SPLIT_run1	v9a33_vendor_literal_split	969	PPQ_Operation_1360	DequantizeLinear	activation	PPQ_Variable_2597	int8	scalar	-128	-128	1	-128
V9A33_VENDOR_LITERAL_SPLIT_run1	v9a33_vendor_literal_split	970	PPQ_Operation_1362	DequantizeLinear	activation	PPQ_Variable_2603	int8	scalar	-128	-128	1	-128
V9A33_VENDOR_LITERAL_SPLIT_run1	v9a33_vendor_literal_split	974	PPQ_Operation_1363	QuantizeLinear	activation	PPQ_Variable_2606	int8	scalar	-128	-128	1	-128
V9A33_VENDOR_LITERAL_SPLIT_run1	v9a33_vendor_literal_split	975	PPQ_Operation_1365	QuantizeLinear	activation	PPQ_Variable_2612	int8	scalar	-119	-119	1	-119
V9A33_VENDOR_LITERAL_SPLIT_run1	v9a33_vendor_literal_split	976	PPQ_Operation_1367	QuantizeLinear	activation	PPQ_Variable_2618	int8	scalar	-120	-120	1	-120
V9A33_VENDOR_LITERAL_SPLIT_run1	v9a33_vendor_literal_split	977	PPQ_Operation_1364	DequantizeLinear	activation	PPQ_Variable_2609	int8	scalar	-128	-128	1	-128
V9A33_VENDOR_LITERAL_SPLIT_run1	v9a33_vendor_literal_split	978	PPQ_Operation_1366	DequantizeLinear	activation	PPQ_Variable_2615	int8	scalar	-119	-119	1	-119
V9A33_VENDOR_LITERAL_SPLIT_run1	v9a33_vendor_literal_split	979	PPQ_Operation_1368	DequantizeLinear	activation	PPQ_Variable_2621	int8	scalar	-120	-120	1	-120
V9A33_VENDOR_LITERAL_SPLIT_run1	v9a33_vendor_literal_split	983	PPQ_Operation_1369	QuantizeLinear	activation	PPQ_Variable_2624	int8	scalar	-119	-119	1	-119
V9A33_VENDOR_LITERAL_SPLIT_run1	v9a33_vendor_literal_split	984	PPQ_Operation_1372	QuantizeLinear	activation	PPQ_Variable_2633	int8	scalar	-126	-126	1	-126
V9A33_VENDOR_LITERAL_SPLIT_run1	v9a33_vendor_literal_split	985	PPQ_Operation_1375	QuantizeLinear	activation	PPQ_Variable_2642	int8	scalar	-86	-86	1	-86
V9A33_VENDOR_LITERAL_SPLIT_run1	v9a33_vendor_literal_split	986	PPQ_Operation_1370	DequantizeLinear	activation	PPQ_Variable_2627	int8	scalar	-119	-119	1	-119
V9A33_VENDOR_LITERAL_SPLIT_run1	v9a33_vendor_literal_split	987	PPQ_Operation_1373	DequantizeLinear	activation	PPQ_Variable_2636	int8	scalar	-126	-126	1	-126
V9A33_VENDOR_LITERAL_SPLIT_run1	v9a33_vendor_literal_split	988	PPQ_Operation_1376	DequantizeLinear	activation	PPQ_Variable_2645	int8	scalar	-86	-86	1	-86
V9A33_VENDOR_LITERAL_SPLIT_run1	v9a33_vendor_literal_split	991	PPQ_Operation_1377	QuantizeLinear	activation	PPQ_Variable_2648	int8	scalar	-119	-119	1	-119
V9A33_VENDOR_LITERAL_SPLIT_run1	v9a33_vendor_literal_split	992	PPQ_Operation_1379	QuantizeLinear	activation	PPQ_Variable_2654	int8	scalar	-119	-119	1	-119
V9A33_VENDOR_LITERAL_SPLIT_run1	v9a33_vendor_literal_split	993	PPQ_Operation_1381	QuantizeLinear	activation	PPQ_Variable_2660	int8	scalar	-128	-128	1	-128
V9A33_VENDOR_LITERAL_SPLIT_run1	v9a33_vendor_literal_split	994	PPQ_Operation_1378	DequantizeLinear	activation	PPQ_Variable_2651	int8	scalar	-119	-119	1	-119
V9A33_VENDOR_LITERAL_SPLIT_run1	v9a33_vendor_literal_split	995	PPQ_Operation_1380	DequantizeLinear	activation	PPQ_Variable_2657	int8	scalar	-119	-119	1	-119
V9A33_VENDOR_LITERAL_SPLIT_run1	v9a33_vendor_literal_split	996	PPQ_Operation_1382	DequantizeLinear	activation	PPQ_Variable_2663	int8	scalar	-128	-128	1	-128
V9A33_VENDOR_LITERAL_SPLIT_run1	v9a33_vendor_literal_split	999	PPQ_Operation_1384	QuantizeLinear	activation	PPQ_Variable_2669	int8	scalar	29	29	1	29
V9A33_VENDOR_LITERAL_SPLIT_run1	v9a33_vendor_literal_split	1000	PPQ_Operation_1386	QuantizeLinear	activation	PPQ_Variable_2675	int8	scalar	-125	-125	1	-125
V9A33_VENDOR_LITERAL_SPLIT_run1	v9a33_vendor_literal_split	1001	PPQ_Operation_1385	DequantizeLinear	activation	PPQ_Variable_2672	int8	scalar	29	29	1	29
V9A33_VENDOR_LITERAL_SPLIT_run1	v9a33_vendor_literal_split	1002	PPQ_Operation_1387	DequantizeLinear	activation	PPQ_Variable_2678	int8	scalar	-125	-125	1	-125
V9A33_VENDOR_LITERAL_SPLIT_run1	v9a33_vendor_literal_split	1005	PPQ_Operation_1388	QuantizeLinear	activation	PPQ_Variable_2681	int8	scalar	-128	-128	1	-128
V9A33_VENDOR_LITERAL_SPLIT_run1	v9a33_vendor_literal_split	1006	PPQ_Operation_1391	QuantizeLinear	activation	PPQ_Variable_2690	int8	scalar	-113	-113	1	-113
V9A33_VENDOR_LITERAL_SPLIT_run1	v9a33_vendor_literal_split	1007	PPQ_Operation_1389	DequantizeLinear	activation	PPQ_Variable_2684	int8	scalar	-128	-128	1	-128
V9A33_VENDOR_LITERAL_SPLIT_run1	v9a33_vendor_literal_split	1008	PPQ_Operation_1392	DequantizeLinear	activation	PPQ_Variable_2693	int8	scalar	-113	-113	1	-113
V9A33_VENDOR_LITERAL_SPLIT_run1	v9a33_vendor_literal_split	1011	PPQ_Operation_1393	QuantizeLinear	activation	PPQ_Variable_2696	int8	scalar	-116	-116	1	-116
V9A33_VENDOR_LITERAL_SPLIT_run1	v9a33_vendor_literal_split	1012	PPQ_Operation_1395	QuantizeLinear	activation	PPQ_Variable_2702	int8	scalar	-128	-128	1	-128
V9A33_VENDOR_LITERAL_SPLIT_run1	v9a33_vendor_literal_split	1013	PPQ_Operation_1394	DequantizeLinear	activation	PPQ_Variable_2699	int8	scalar	-116	-116	1	-116
V9A33_VENDOR_LITERAL_SPLIT_run1	v9a33_vendor_literal_split	1014	PPQ_Operation_1396	DequantizeLinear	activation	PPQ_Variable_2705	int8	scalar	-128	-128	1	-128
V9A33_VENDOR_LITERAL_SPLIT_run1	v9a33_vendor_literal_split	1017	PPQ_Operation_1398	QuantizeLinear	activation	PPQ_Variable_2711	int8	scalar	14	14	1	14
V9A33_VENDOR_LITERAL_SPLIT_run1	v9a33_vendor_literal_split	1018	PPQ_Operation_1400	QuantizeLinear	activation	PPQ_Variable_2717	int8	scalar	-128	-128	1	-128
V9A33_VENDOR_LITERAL_SPLIT_run1	v9a33_vendor_literal_split	1019	PPQ_Operation_1399	DequantizeLinear	activation	PPQ_Variable_2714	int8	scalar	14	14	1	14
V9A33_VENDOR_LITERAL_SPLIT_run1	v9a33_vendor_literal_split	1020	PPQ_Operation_1401	DequantizeLinear	activation	PPQ_Variable_2720	int8	scalar	-128	-128	1	-128
V9A33_VENDOR_LITERAL_SPLIT_run1	v9a33_vendor_literal_split	1023	PPQ_Operation_1402	QuantizeLinear	activation	PPQ_Variable_2723	int8	scalar	-128	-128	1	-128
V9A33_VENDOR_LITERAL_SPLIT_run1	v9a33_vendor_literal_split	1024	PPQ_Operation_1405	QuantizeLinear	activation	PPQ_Variable_2732	int8	scalar	127	127	1	127
V9A33_VENDOR_LITERAL_SPLIT_run1	v9a33_vendor_literal_split	1025	PPQ_Operation_1403	DequantizeLinear	activation	PPQ_Variable_2726	int8	scalar	-128	-128	1	-128
V9A33_VENDOR_LITERAL_SPLIT_run1	v9a33_vendor_literal_split	1026	PPQ_Operation_1406	DequantizeLinear	activation	PPQ_Variable_2735	int8	scalar	127	127	1	127
V9A33_VENDOR_LITERAL_SPLIT_run1	v9a33_vendor_literal_split	1028	PPQ_Operation_1407	QuantizeLinear	activation	PPQ_Variable_2738	int8	scalar	-120	-120	1	-120
V9A33_VENDOR_LITERAL_SPLIT_run1	v9a33_vendor_literal_split	1029	PPQ_Operation_1408	DequantizeLinear	activation	PPQ_Variable_2741	int8	scalar	-120	-120	1	-120
V9A33_VENDOR_LITERAL_SPLIT_run1	v9a33_vendor_literal_split	1031	PPQ_Operation_1409	QuantizeLinear	activation	PPQ_Variable_2744	int8	scalar	-110	-110	1	-110
V9A33_VENDOR_LITERAL_SPLIT_run1	v9a33_vendor_literal_split	1032	PPQ_Operation_1410	DequantizeLinear	activation	PPQ_Variable_2747	int8	scalar	-110	-110	1	-110
V9A33_VENDOR_LITERAL_SPLIT_run1	v9a33_vendor_literal_split	1034	PPQ_Operation_1412	QuantizeLinear	activation	PPQ_Variable_2753	int8	scalar	2	2	1	2
V9A33_VENDOR_LITERAL_SPLIT_run1	v9a33_vendor_literal_split	1035	PPQ_Operation_1413	DequantizeLinear	activation	PPQ_Variable_2756	int8	scalar	2	2	1	2
V9A33_VENDOR_LITERAL_SPLIT_run1	v9a33_vendor_literal_split	1037	PPQ_Operation_1414	QuantizeLinear	activation	PPQ_Variable_2759	int8	scalar	2	2	1	2
V9A33_VENDOR_LITERAL_SPLIT_run1	v9a33_vendor_literal_split	1038	PPQ_Operation_1415	DequantizeLinear	activation	PPQ_Variable_2762	int8	scalar	2	2	1	2
V9A33_VENDOR_LITERAL_SPLIT_run1	v9a33_vendor_literal_split	1040	PPQ_Operation_1416	QuantizeLinear	activation	PPQ_Variable_2765	int8	scalar	2	2	1	2
V9A33_VENDOR_LITERAL_SPLIT_run1	v9a33_vendor_literal_split	1041	PPQ_Operation_1418	QuantizeLinear	activation	PPQ_Variable_2771	int8	scalar	2	2	1	2
V9A33_VENDOR_LITERAL_SPLIT_run1	v9a33_vendor_literal_split	1042	PPQ_Operation_1420	QuantizeLinear	activation	PPQ_Variable_2777	int8	scalar	2	2	1	2
V9A33_VENDOR_LITERAL_SPLIT_run1	v9a33_vendor_literal_split	1043	PPQ_Operation_1417	DequantizeLinear	activation	PPQ_Variable_2768	int8	scalar	2	2	1	2
V9A33_VENDOR_LITERAL_SPLIT_run1	v9a33_vendor_literal_split	1044	PPQ_Operation_1419	DequantizeLinear	activation	PPQ_Variable_2774	int8	scalar	2	2	1	2
V9A33_VENDOR_LITERAL_SPLIT_run1	v9a33_vendor_literal_split	1045	PPQ_Operation_1421	DequantizeLinear	activation	PPQ_Variable_2780	int8	scalar	2	2	1	2
V9A33_VENDOR_LITERAL_SPLIT_run1	v9a33_vendor_literal_split	1050	PPQ_Operation_1422	QuantizeLinear	activation	PPQ_Variable_2783	int8	scalar	1	1	1	1
V9A33_VENDOR_LITERAL_SPLIT_run1	v9a33_vendor_literal_split	1051	PPQ_Operation_1425	QuantizeLinear	activation	PPQ_Variable_2792	int8	scalar	4	4	1	4
V9A33_VENDOR_LITERAL_SPLIT_run1	v9a33_vendor_literal_split	1052	PPQ_Operation_1423	DequantizeLinear	activation	PPQ_Variable_2786	int8	scalar	1	1	1	1
V9A33_VENDOR_LITERAL_SPLIT_run1	v9a33_vendor_literal_split	1053	PPQ_Operation_1426	DequantizeLinear	activation	PPQ_Variable_2795	int8	scalar	4	4	1	4
V9A33_VENDOR_LITERAL_SPLIT_run1	v9a33_vendor_literal_split	1055	PPQ_Operation_1428	QuantizeLinear	activation	PPQ_Variable_2801	int8	scalar	1	1	1	1
V9A33_VENDOR_LITERAL_SPLIT_run1	v9a33_vendor_literal_split	1056	PPQ_Operation_1429	DequantizeLinear	activation	PPQ_Variable_2804	int8	scalar	1	1	1	1
V9A33_VENDOR_LITERAL_SPLIT_run1	v9a33_vendor_literal_split	1059	PPQ_Operation_1430	QuantizeLinear	activation	PPQ_Variable_2807	int8	scalar	-128	-128	1	-128
V9A33_VENDOR_LITERAL_SPLIT_run1	v9a33_vendor_literal_split	1060	PPQ_Operation_1431	DequantizeLinear	activation	PPQ_Variable_2810	int8	scalar	-128	-128	1	-128
V9A33_VENDOR_LITERAL_SPLIT_run1	v9a33_vendor_literal_split	1062	PPQ_Operation_1432	QuantizeLinear	activation	PPQ_Variable_2813	int8	scalar	-1	-1	1	-1
V9A33_VENDOR_LITERAL_SPLIT_run1	v9a33_vendor_literal_split	1063	PPQ_Operation_1433	DequantizeLinear	activation	PPQ_Variable_2816	int8	scalar	-1	-1	1	-1
V9A33_VENDOR_LITERAL_SPLIT_run1	v9a33_vendor_literal_split	1066	PPQ_Operation_1434	QuantizeLinear	activation	PPQ_Variable_2819	int8	scalar	-1	-1	1	-1
V9A33_VENDOR_LITERAL_SPLIT_run1	v9a33_vendor_literal_split	1067	PPQ_Operation_1435	DequantizeLinear	activation	PPQ_Variable_2822	int8	scalar	-1	-1	1	-1
V9A33_VENDOR_LITERAL_SPLIT_run1	v9a33_vendor_literal_split	1069	PPQ_Operation_1437	QuantizeLinear	activation	PPQ_Variable_2828	int8	scalar	7	7	1	7
V9A33_VENDOR_LITERAL_SPLIT_run1	v9a33_vendor_literal_split	1070	PPQ_Operation_1438	DequantizeLinear	activation	PPQ_Variable_2831	int8	scalar	7	7	1	7
V9A33_VENDOR_LITERAL_SPLIT_run1	v9a33_vendor_literal_split	1072	PPQ_Operation_1439	QuantizeLinear	activation	PPQ_Variable_2834	int8	scalar	-43	-43	1	-43
V9A33_VENDOR_LITERAL_SPLIT_run1	v9a33_vendor_literal_split	1073	PPQ_Operation_1440	DequantizeLinear	activation	PPQ_Variable_2837	int8	scalar	-43	-43	1	-43
V9A33_VENDOR_LITERAL_SPLIT_run1	v9a33_vendor_literal_split	1075	PPQ_Operation_1442	QuantizeLinear	activation	PPQ_Variable_2843	int8	scalar	-39	-39	1	-39
V9A33_VENDOR_LITERAL_SPLIT_run1	v9a33_vendor_literal_split	1076	PPQ_Operation_1443	DequantizeLinear	activation	PPQ_Variable_2846	int8	scalar	-39	-39	1	-39
V9A33_VENDOR_LITERAL_SPLIT_run1	v9a33_vendor_literal_split	1078	PPQ_Operation_1444	QuantizeLinear	activation	PPQ_Variable_2849	int8	scalar	-128	-128	1	-128
V9A33_VENDOR_LITERAL_SPLIT_run1	v9a33_vendor_literal_split	1079	PPQ_Operation_1445	DequantizeLinear	activation	PPQ_Variable_2852	int8	scalar	-128	-128	1	-128
V9A33_VENDOR_LITERAL_SPLIT_run1	v9a33_vendor_literal_split	1081	PPQ_Operation_1446	QuantizeLinear	activation	PPQ_Variable_2855	int8	scalar	-122	-122	1	-122
V9A33_VENDOR_LITERAL_SPLIT_run1	v9a33_vendor_literal_split	1082	PPQ_Operation_1447	DequantizeLinear	activation	PPQ_Variable_2858	int8	scalar	-122	-122	1	-122
V9A33_VENDOR_LITERAL_SPLIT_run1	v9a33_vendor_literal_split	1084	PPQ_Operation_1449	QuantizeLinear	activation	PPQ_Variable_2864	int8	scalar	19	19	1	19
V9A33_VENDOR_LITERAL_SPLIT_run1	v9a33_vendor_literal_split	1085	PPQ_Operation_1450	DequantizeLinear	activation	PPQ_Variable_2867	int8	scalar	19	19	1	19
V9A33_VENDOR_LITERAL_SPLIT_run1	v9a33_vendor_literal_split	1087	PPQ_Operation_1451	QuantizeLinear	activation	PPQ_Variable_2870	int8	scalar	-12	-12	1	-12
V9A33_VENDOR_LITERAL_SPLIT_run1	v9a33_vendor_literal_split	1088	PPQ_Operation_1452	DequantizeLinear	activation	PPQ_Variable_2873	int8	scalar	-12	-12	1	-12
V9A33_VENDOR_LITERAL_SPLIT_run1	v9a33_vendor_literal_split	1090	PPQ_Operation_1453	QuantizeLinear	activation	PPQ_Variable_2876	int8	scalar	-22	-22	1	-22
V9A33_VENDOR_LITERAL_SPLIT_run1	v9a33_vendor_literal_split	1091	PPQ_Operation_1454	DequantizeLinear	activation	PPQ_Variable_2879	int8	scalar	-22	-22	1	-22
V9A33_VENDOR_LITERAL_SPLIT_run1	v9a33_vendor_literal_split	1093	PPQ_Operation_1456	QuantizeLinear	activation	PPQ_Variable_2885	int8	scalar	-60	-60	1	-60
V9A33_VENDOR_LITERAL_SPLIT_run1	v9a33_vendor_literal_split	1094	PPQ_Operation_1457	DequantizeLinear	activation	PPQ_Variable_2888	int8	scalar	-60	-60	1	-60
V9A33_VENDOR_LITERAL_SPLIT_run1	v9a33_vendor_literal_split	1096	PPQ_Operation_1458	QuantizeLinear	activation	PPQ_Variable_2891	int8	scalar	-128	-128	1	-128
V9A33_VENDOR_LITERAL_SPLIT_run1	v9a33_vendor_literal_split	1097	PPQ_Operation_1459	DequantizeLinear	activation	PPQ_Variable_2894	int8	scalar	-128	-128	1	-128
V9A33_VENDOR_LITERAL_SPLIT_run1	v9a33_vendor_literal_split	1099	PPQ_Operation_1460	QuantizeLinear	activation	PPQ_Variable_2897	int8	scalar	-122	-122	1	-122
V9A33_VENDOR_LITERAL_SPLIT_run1	v9a33_vendor_literal_split	1100	PPQ_Operation_1461	DequantizeLinear	activation	PPQ_Variable_2900	int8	scalar	-122	-122	1	-122
V9A33_VENDOR_LITERAL_SPLIT_run1	v9a33_vendor_literal_split	1103	PPQ_Operation_1463	QuantizeLinear	activation	PPQ_Variable_2906	int8	scalar	14	14	1	14
V9A33_VENDOR_LITERAL_SPLIT_run1	v9a33_vendor_literal_split	1104	PPQ_Operation_1466	QuantizeLinear	activation	PPQ_Variable_2915	int8	scalar	-57	-57	1	-57
V9A33_VENDOR_LITERAL_SPLIT_run1	v9a33_vendor_literal_split	1105	PPQ_Operation_1464	DequantizeLinear	activation	PPQ_Variable_2909	int8	scalar	14	14	1	14
V9A33_VENDOR_LITERAL_SPLIT_run1	v9a33_vendor_literal_split	1106	PPQ_Operation_1467	DequantizeLinear	activation	PPQ_Variable_2918	int8	scalar	-57	-57	1	-57
V9A33_VENDOR_LITERAL_SPLIT_run1	v9a33_vendor_literal_split	1109	PPQ_Operation_1468	QuantizeLinear	activation	PPQ_Variable_2921	int8	scalar	-128	-128	1	-128
V9A33_VENDOR_LITERAL_SPLIT_run1	v9a33_vendor_literal_split	1110	PPQ_Operation_1470	QuantizeLinear	activation	PPQ_Variable_2927	int8	scalar	-128	-128	1	-128
V9A33_VENDOR_LITERAL_SPLIT_run1	v9a33_vendor_literal_split	1111	PPQ_Operation_1469	DequantizeLinear	activation	PPQ_Variable_2924	int8	scalar	-128	-128	1	-128
V9A33_VENDOR_LITERAL_SPLIT_run1	v9a33_vendor_literal_split	1112	PPQ_Operation_1471	DequantizeLinear	activation	PPQ_Variable_2930	int8	scalar	-128	-128	1	-128
V9A33_VENDOR_LITERAL_SPLIT_run1	v9a33_vendor_literal_split	1115	PPQ_Operation_1472	QuantizeLinear	activation	PPQ_Variable_2933	int8	scalar	-119	-119	1	-119
V9A33_VENDOR_LITERAL_SPLIT_run1	v9a33_vendor_literal_split	1116	PPQ_Operation_1474	QuantizeLinear	activation	PPQ_Variable_2939	int8	scalar	-123	-123	1	-123
V9A33_VENDOR_LITERAL_SPLIT_run1	v9a33_vendor_literal_split	1117	PPQ_Operation_1473	DequantizeLinear	activation	PPQ_Variable_2936	int8	scalar	-119	-119	1	-119
V9A33_VENDOR_LITERAL_SPLIT_run1	v9a33_vendor_literal_split	1118	PPQ_Operation_1475	DequantizeLinear	activation	PPQ_Variable_2942	int8	scalar	-123	-123	1	-123
V9A33_VENDOR_LITERAL_SPLIT_run1	v9a33_vendor_literal_split	1121	PPQ_Operation_1477	QuantizeLinear	activation	PPQ_Variable_2948	int8	scalar	-46	-46	1	-46
V9A33_VENDOR_LITERAL_SPLIT_run1	v9a33_vendor_literal_split	1122	PPQ_Operation_1480	QuantizeLinear	activation	PPQ_Variable_2957	int8	scalar	-26	-26	1	-26
V9A33_VENDOR_LITERAL_SPLIT_run1	v9a33_vendor_literal_split	1123	PPQ_Operation_1478	DequantizeLinear	activation	PPQ_Variable_2951	int8	scalar	-46	-46	1	-46
V9A33_VENDOR_LITERAL_SPLIT_run1	v9a33_vendor_literal_split	1124	PPQ_Operation_1481	DequantizeLinear	activation	PPQ_Variable_2960	int8	scalar	-26	-26	1	-26
V9A33_VENDOR_LITERAL_SPLIT_run1	v9a33_vendor_literal_split	1127	PPQ_Operation_1482	QuantizeLinear	activation	PPQ_Variable_2963	int8	scalar	-128	-128	1	-128
V9A33_VENDOR_LITERAL_SPLIT_run1	v9a33_vendor_literal_split	1128	PPQ_Operation_1484	QuantizeLinear	activation	PPQ_Variable_2969	int8	scalar	-128	-128	1	-128
V9A33_VENDOR_LITERAL_SPLIT_run1	v9a33_vendor_literal_split	1129	PPQ_Operation_1483	DequantizeLinear	activation	PPQ_Variable_2966	int8	scalar	-128	-128	1	-128
V9A33_VENDOR_LITERAL_SPLIT_run1	v9a33_vendor_literal_split	1130	PPQ_Operation_1485	DequantizeLinear	activation	PPQ_Variable_2972	int8	scalar	-128	-128	1	-128
V9A33_VENDOR_LITERAL_SPLIT_run1	v9a33_vendor_literal_split	1133	PPQ_Operation_1486	QuantizeLinear	activation	PPQ_Variable_2975	int8	scalar	-123	-123	1	-123
V9A33_VENDOR_LITERAL_SPLIT_run1	v9a33_vendor_literal_split	1134	PPQ_Operation_1488	QuantizeLinear	activation	PPQ_Variable_2981	int8	scalar	-122	-122	1	-122
V9A33_VENDOR_LITERAL_SPLIT_run1	v9a33_vendor_literal_split	1135	PPQ_Operation_1487	DequantizeLinear	activation	PPQ_Variable_2978	int8	scalar	-123	-123	1	-123
V9A33_VENDOR_LITERAL_SPLIT_run1	v9a33_vendor_literal_split	1136	PPQ_Operation_1489	DequantizeLinear	activation	PPQ_Variable_2984	int8	scalar	-122	-122	1	-122
V9A33_VENDOR_LITERAL_SPLIT_run1	v9a33_vendor_literal_split	1139	PPQ_Operation_1491	QuantizeLinear	activation	PPQ_Variable_2990	int8	scalar	-128	-128	1	-128
V9A33_VENDOR_LITERAL_SPLIT_run1	v9a33_vendor_literal_split	1140	PPQ_Operation_1494	QuantizeLinear	activation	PPQ_Variable_2999	int8	scalar	-109	-109	1	-109
V9A33_VENDOR_LITERAL_SPLIT_run1	v9a33_vendor_literal_split	1141	PPQ_Operation_1492	DequantizeLinear	activation	PPQ_Variable_2993	int8	scalar	-128	-128	1	-128
V9A33_VENDOR_LITERAL_SPLIT_run1	v9a33_vendor_literal_split	1142	PPQ_Operation_1495	DequantizeLinear	activation	PPQ_Variable_3002	int8	scalar	-109	-109	1	-109
V9A33_VENDOR_LITERAL_SPLIT_run1	v9a33_vendor_literal_split	1144	PPQ_Operation_1496	QuantizeLinear	activation	PPQ_Variable_3005	int8	scalar	-128	-128	1	-128
V9A33_VENDOR_LITERAL_SPLIT_run1	v9a33_vendor_literal_split	1145	PPQ_Operation_1497	DequantizeLinear	activation	PPQ_Variable_3008	int8	scalar	-128	-128	1	-128
V9A33_VENDOR_LITERAL_SPLIT_run1	v9a33_vendor_literal_split	1147	PPQ_Operation_1498	QuantizeLinear	activation	PPQ_Variable_3011	int8	scalar	-127	-127	1	-127
V9A33_VENDOR_LITERAL_SPLIT_run1	v9a33_vendor_literal_split	1148	PPQ_Operation_1499	DequantizeLinear	activation	PPQ_Variable_3014	int8	scalar	-127	-127	1	-127
V9A33_VENDOR_LITERAL_SPLIT_run1	v9a33_vendor_literal_split	1150	PPQ_Operation_1501	QuantizeLinear	activation	PPQ_Variable_3020	int8	scalar	-109	-109	1	-109
V9A33_VENDOR_LITERAL_SPLIT_run1	v9a33_vendor_literal_split	1151	PPQ_Operation_1502	DequantizeLinear	activation	PPQ_Variable_3023	int8	scalar	-109	-109	1	-109
V9A33_VENDOR_LITERAL_SPLIT_run1	v9a33_vendor_literal_split	1153	PPQ_Operation_1503	QuantizeLinear	activation	PPQ_Variable_3026	int8	scalar	-128	-128	1	-128
V9A33_VENDOR_LITERAL_SPLIT_run1	v9a33_vendor_literal_split	1154	PPQ_Operation_1504	DequantizeLinear	activation	PPQ_Variable_3029	int8	scalar	-128	-128	1	-128
V9A33_VENDOR_LITERAL_SPLIT_run1	v9a33_vendor_literal_split	1156	PPQ_Operation_1505	QuantizeLinear	activation	PPQ_Variable_3032	int8	scalar	-127	-127	1	-127
V9A33_VENDOR_LITERAL_SPLIT_run1	v9a33_vendor_literal_split	1157	PPQ_Operation_1506	DequantizeLinear	activation	PPQ_Variable_3035	int8	scalar	-127	-127	1	-127
V9A33_VENDOR_LITERAL_SPLIT_run1	v9a33_vendor_literal_split	1159	PPQ_Operation_1508	QuantizeLinear	activation	PPQ_Variable_3041	int8	scalar	127	127	1	127
V9A33_VENDOR_LITERAL_SPLIT_run1	v9a33_vendor_literal_split	1160	PPQ_Operation_1509	DequantizeLinear	activation	PPQ_Variable_3044	int8	scalar	127	127	1	127
